R,cik,ticker,yahoo,price_flag,cur_ticker,reason_not_applicable
2021-06-30,815094.0,ABMD,,no_price,,ไม่อยู่ใน universe (ข้อมูลราคา/market cap: no_price)
2021-06-30,4977.0,AFL,AFL,ok,AFL,กลุ่มการเงิน (SIC 6000–6799) — กฎนี้ไม่ครอบคลุม
2021-06-30,5272.0,AIG,AIG,ok,AIG,กลุ่มการเงิน (SIC 6000–6799) — กฎนี้ไม่ครอบคลุม
2021-06-30,1267238.0,AIZ,AIZ,ok,AIZ,กลุ่มการเงิน (SIC 6000–6799) — กฎนี้ไม่ครอบคลุม
2021-06-30,354190.0,AJG,AJG,ok,AJG,กลุ่มการเงิน (SIC 6000–6799) — กฎนี้ไม่ครอบคลุม
2021-06-30,899051.0,ALL,ALL,ok,ALL,กลุ่มการเงิน (SIC 6000–6799) — กฎนี้ไม่ครอบคลุม
2021-06-30,899866.0,ALXN,,no_price,,ไม่อยู่ใน universe (ข้อมูลราคา/market cap: no_price)
2021-06-30,820027.0,AMP,AMP,ok,AMP,กลุ่มการเงิน (SIC 6000–6799) — กฎนี้ไม่ครอบคลุม
2021-06-30,1053507.0,AMT,AMT,ok,AMT,กลุ่มการเงิน (SIC 6000–6799) — กฎนี้ไม่ครอบคลุม
2021-06-30,1013462.0,ANSS,,no_price,,ไม่อยู่ใน universe (ข้อมูลราคา/market cap: no_price)
2021-06-30,1156039.0,ANTM,ELV,ok,ELV,กลุ่มการเงิน (SIC 6000–6799) — กฎนี้ไม่ครอบคลุม
2021-06-30,315293.0,AON,AON,ok,AON,กลุ่มการเงิน (SIC 6000–6799) — กฎนี้ไม่ครอบคลุม
2021-06-30,1035443.0,ARE,ARE,ok,ARE,กลุ่มการเงิน (SIC 6000–6799) — กฎนี้ไม่ครอบคลุม
2021-06-30,718877.0,ATVI,,no_price,,ไม่อยู่ใน universe (ข้อมูลราคา/market cap: no_price)
2021-06-30,915912.0,AVB,,no_price,,กลุ่มการเงิน (SIC 6000–6799) — กฎนี้ไม่ครอบคลุม
2021-06-30,4962.0,AXP,AXP,ok,AXP,กลุ่มการเงิน (SIC 6000–6799) — กฎนี้ไม่ครอบคลุม
2021-06-30,70858.0,BAC,BAC,ok,BAC,กลุ่มการเงิน (SIC 6000–6799) — กฎนี้ไม่ครอบคลุม
2021-06-30,38777.0,BEN,BEN,ok,BEN,กลุ่มการเงิน (SIC 6000–6799) — กฎนี้ไม่ครอบคลุม
2021-06-30,1390777.0,BK,BNY,ok,BNY,กลุ่มการเงิน (SIC 6000–6799) — กฎนี้ไม่ครอบคลุม
2021-06-30,1701605.0,BKR,BKR,ok_no_shares,BKR,ไม่อยู่ใน universe (ข้อมูลราคา/market cap: ok_no_shares)
2021-06-30,1364742.0,BLK,BLK,ok,,กลุ่มการเงิน (SIC 6000–6799) — กฎนี้ไม่ครอบคลุม
2021-06-30,1067983.0,BRK.B,BRK-B,ok_no_shares,BRK-B,กลุ่มการเงิน (SIC 6000–6799) — กฎนี้ไม่ครอบคลุม
2021-06-30,1037540.0,BXP,BXP,ok,BXP,กลุ่มการเงิน (SIC 6000–6799) — กฎนี้ไม่ครอบคลุม
2021-06-30,831001.0,C,C,ok,C,กลุ่มการเงิน (SIC 6000–6799) — กฎนี้ไม่ครอบคลุม
2021-06-30,896159.0,CB,CB,ok,CB,กลุ่มการเงิน (SIC 6000–6799) — กฎนี้ไม่ครอบคลุม
2021-06-30,1374310.0,CBOE,CBOE,ok,CBOE,กลุ่มการเงิน (SIC 6000–6799) — กฎนี้ไม่ครอบคลุม
2021-06-30,1138118.0,CBRE,CBRE,ok,CBRE,กลุ่มการเงิน (SIC 6000–6799) — กฎนี้ไม่ครอบคลุม
2021-06-30,1051470.0,CCI,CCI,ok,CCI,กลุ่มการเงิน (SIC 6000–6799) — กฎนี้ไม่ครอบคลุม
2021-06-30,804753.0,CERN,,no_price,,ไม่อยู่ใน universe (ข้อมูลราคา/market cap: no_price)
2021-06-30,759944.0,CFG,CFG,ok,CFG,กลุ่มการเงิน (SIC 6000–6799) — กฎนี้ไม่ครอบคลุม
2021-06-30,1739940.0,CI,CI,ok,CI,กลุ่มการเงิน (SIC 6000–6799) — กฎนี้ไม่ครอบคลุม
2021-06-30,20286.0,CINF,CINF,ok,CINF,กลุ่มการเงิน (SIC 6000–6799) — กฎนี้ไม่ครอบคลุม
2021-06-30,28412.0,CMA,,no_price,,กลุ่มการเงิน (SIC 6000–6799) — กฎนี้ไม่ครอบคลุม
2021-06-30,1156375.0,CME,CME,ok,CME,กลุ่มการเงิน (SIC 6000–6799) — กฎนี้ไม่ครอบคลุม
2021-06-30,1071739.0,CNC,CNC,ok,CNC,กลุ่มการเงิน (SIC 6000–6799) — กฎนี้ไม่ครอบคลุม
2021-06-30,927628.0,COF,COF,ok,COF,กลุ่มการเงิน (SIC 6000–6799) — กฎนี้ไม่ครอบคลุม
2021-06-30,858470.0,COG,,no_price,,ไม่อยู่ใน universe (ข้อมูลราคา/market cap: no_price)
2021-06-30,1596783.0,CTLT,,no_price,,ไม่อยู่ใน universe (ข้อมูลราคา/market cap: no_price)
2021-06-30,877890.0,CTXS,,no_price,,ไม่อยู่ใน universe (ข้อมูลราคา/market cap: no_price)
2021-06-30,1393612.0,DFS,,no_price,,กลุ่มการเงิน (SIC 6000–6799) — กฎนี้ไม่ครอบคลุม
2021-06-30,1437107.0,DISCA,WBD,ok_no_shares,WBD,ไม่อยู่ใน universe (ข้อมูลราคา/market cap: ok_no_shares)
2021-06-30,,DISCK,,,,ไม่อยู่ใน universe (ข้อมูลราคา/market cap: None)
2021-06-30,1001082.0,DISH,,no_price,,ไม่อยู่ใน universe (ข้อมูลราคา/market cap: no_price)
2021-06-30,1297996.0,DLR,DLR,ok,DLR,กลุ่มการเงิน (SIC 6000–6799) — กฎนี้ไม่ครอบคลุม
2021-06-30,783280.0,DRE,,no_price,,กลุ่มการเงิน (SIC 6000–6799) — กฎนี้ไม่ครอบคลุม
2021-06-30,712515.0,EA,,no_price,,ไม่อยู่ใน universe (ข้อมูลราคา/market cap: no_price)
2021-06-30,1101239.0,EQIX,EQIX,ok,EQIX,กลุ่มการเงิน (SIC 6000–6799) — กฎนี้ไม่ครอบคลุม
2021-06-30,906107.0,EQR,VMRK,ok,VMRK,กลุ่มการเงิน (SIC 6000–6799) — กฎนี้ไม่ครอบคลุม
2021-06-30,920522.0,ESS,ESS,ok,ESS,กลุ่มการเงิน (SIC 6000–6799) — กฎนี้ไม่ครอบคลุม
2021-06-30,1289490.0,EXR,EXR,ok,EXR,กลุ่มการเงิน (SIC 6000–6799) — กฎนี้ไม่ครอบคลุม
2021-06-30,35527.0,FITB,FITB,ok,FITB,กลุ่มการเงิน (SIC 6000–6799) — กฎนี้ไม่ครอบคลุม
2021-06-30,1754301.0,FOX,FOXA,ok_no_shares,FOXA,ไม่อยู่ใน universe (ข้อมูลราคา/market cap: ok_no_shares)
2021-06-30,1754301.0,FOXA,FOXA,ok_no_shares,FOXA,ไม่อยู่ใน universe (ข้อมูลราคา/market cap: ok_no_shares)
2021-06-30,,FRC,,,,ไม่อยู่ใน universe (ข้อมูลราคา/market cap: None)
2021-06-30,34903.0,FRT,FRT,ok,FRT,กลุ่มการเงิน (SIC 6000–6799) — กฎนี้ไม่ครอบคลุม
2021-06-30,320335.0,GL,GL,ok,GL,กลุ่มการเงิน (SIC 6000–6799) — กฎนี้ไม่ครอบคลุม
2021-06-30,886982.0,GS,GS,ok,GS,กลุ่มการเงิน (SIC 6000–6799) — กฎนี้ไม่ครอบคลุม
2021-06-30,49196.0,HBAN,HBAN,ok,HBAN,กลุ่มการเงิน (SIC 6000–6799) — กฎนี้ไม่ครอบคลุม
2021-06-30,1359841.0,HBI,,no_price,,ไม่อยู่ใน universe (ข้อมูลราคา/market cap: no_price)
2021-06-30,4447.0,HES,,no_price,,ไม่อยู่ใน universe (ข้อมูลราคา/market cap: no_price)
2021-06-30,874766.0,HIG,HIG,ok,HIG,กลุ่มการเงิน (SIC 6000–6799) — กฎนี้ไม่ครอบคลุม
2021-06-30,859737.0,HOLX,,no_price,,ไม่อยู่ใน universe (ข้อมูลราคา/market cap: no_price)
2021-06-30,49071.0,HUM,HUM,ok,HUM,กลุ่มการเงิน (SIC 6000–6799) — กฎนี้ไม่ครอบคลุม
2021-06-30,1571949.0,ICE,ICE,ok,ICE,กลุ่มการเงิน (SIC 6000–6799) — กฎนี้ไม่ครอบคลุม
2021-06-30,51253.0,IFF,IFF,ok_shares_suspect,IFF,ไม่อยู่ใน universe (ข้อมูลราคา/market cap: ok_shares_suspect)
2021-06-30,1598014.0,INFO,,no_price,,ไม่อยู่ใน universe (ข้อมูลราคา/market cap: no_price)
2021-06-30,51644.0,IPG,,no_price,,ไม่อยู่ใน universe (ข้อมูลราคา/market cap: no_price)
2021-06-30,1020569.0,IRM,IRM,ok,IRM,กลุ่มการเงิน (SIC 6000–6799) — กฎนี้ไม่ครอบคลุม
2021-06-30,914208.0,IVZ,IVZ,ok,IVZ,กลุ่มการเงิน (SIC 6000–6799) — กฎนี้ไม่ครอบคลุม
2021-06-30,1043604.0,JNPR,,no_price,,ไม่อยู่ใน universe (ข้อมูลราคา/market cap: no_price)
2021-06-30,19617.0,JPM,JPM,ok,JPM,กลุ่มการเงิน (SIC 6000–6799) — กฎนี้ไม่ครอบคลุม
2021-06-30,55067.0,K,,no_price,,ไม่อยู่ใน universe (ข้อมูลราคา/market cap: no_price)
2021-06-30,91576.0,KEY,KEY,ok,KEY,กลุ่มการเงิน (SIC 6000–6799) — กฎนี้ไม่ครอบคลุม
2021-06-30,879101.0,KIM,KIM,ok,KIM,กลุ่มการเงิน (SIC 6000–6799) — กฎนี้ไม่ครอบคลุม
2021-06-30,54480.0,KSU,,no_price,,ไม่อยู่ใน universe (ข้อมูลราคา/market cap: no_price)
2021-06-30,60086.0,L,L,ok,L,กลุ่มการเงิน (SIC 6000–6799) — กฎนี้ไม่ครอบคลุม
2021-06-30,58492.0,LEG,,no_price,,ไม่อยู่ใน universe (ข้อมูลราคา/market cap: no_price)
2021-06-30,59558.0,LNC,LNC,ok,LNC,กลุ่มการเงิน (SIC 6000–6799) — กฎนี้ไม่ครอบคลุม
2021-06-30,912595.0,MAA,MAA,ok,MAA,กลุ่มการเงิน (SIC 6000–6799) — กฎนี้ไม่ครอบคลุม
2021-06-30,1099219.0,MET,MET,ok,MET,กลุ่มการเงิน (SIC 6000–6799) — กฎนี้ไม่ครอบคลุม
2021-06-30,1278021.0,MKTX,MKTX,ok,MKTX,กลุ่มการเงิน (SIC 6000–6799) — กฎนี้ไม่ครอบคลุม
2021-06-30,62709.0,MMC,MRSH,ok,MRSH,กลุ่มการเงิน (SIC 6000–6799) — กฎนี้ไม่ครอบคลุม
2021-06-30,101778.0,MRO,,no_price,,ไม่อยู่ใน universe (ข้อมูลราคา/market cap: no_price)
2021-06-30,895421.0,MS,MS,ok,MS,กลุ่มการเงิน (SIC 6000–6799) — กฎนี้ไม่ครอบคลุม
2021-06-30,36270.0,MTB,MTB,ok,MTB,กลุ่มการเงิน (SIC 6000–6799) — กฎนี้ไม่ครอบคลุม
2021-06-30,743316.0,MXIM,,no_price,,ไม่อยู่ใน universe (ข้อมูลราคา/market cap: no_price)
2021-06-30,1120193.0,NDAQ,NDAQ,ok,NDAQ,กลุ่มการเงิน (SIC 6000–6799) — กฎนี้ไม่ครอบคลุม
2021-06-30,1492633.0,NLSN,,no_price,,ไม่อยู่ใน universe (ข้อมูลราคา/market cap: no_price)
2021-06-30,73124.0,NTRS,NTRS,ok,NTRS,กลุ่มการเงิน (SIC 6000–6799) — กฎนี้ไม่ครอบคลุม
2021-06-30,726728.0,O,O,ok,O,กลุ่มการเงิน (SIC 6000–6799) — กฎนี้ไม่ครอบคลุม
2021-06-30,1821825.0,OGN,OGN,ok_no_shares,OGN,ไม่อยู่ใน universe (ข้อมูลราคา/market cap: ok_no_shares)
2021-06-30,1378946.0,PBCT,,no_price,,กลุ่มการเงิน (SIC 6000–6799) — กฎนี้ไม่ครอบคลุม
2021-06-30,765880.0,PEAK,DOC,ok,DOC,กลุ่มการเงิน (SIC 6000–6799) — กฎนี้ไม่ครอบคลุม
2021-06-30,1126328.0,PFG,PFG,ok,PFG,กลุ่มการเงิน (SIC 6000–6799) — กฎนี้ไม่ครอบคลุม
2021-06-30,80661.0,PGR,PGR,ok,PGR,กลุ่มการเงิน (SIC 6000–6799) — กฎนี้ไม่ครอบคลุม
2021-06-30,1045609.0,PLD,PLD,ok,PLD,กลุ่มการเงิน (SIC 6000–6799) — กฎนี้ไม่ครอบคลุม
2021-06-30,713676.0,PNC,PNC,ok,PNC,กลุ่มการเงิน (SIC 6000–6799) — กฎนี้ไม่ครอบคลุม
2021-06-30,1137774.0,PRU,PRU,ok,PRU,กลุ่มการเงิน (SIC 6000–6799) — กฎนี้ไม่ครอบคลุม
2021-06-30,1393311.0,PSA,PSA,ok,PSA,กลุ่มการเงิน (SIC 6000–6799) — กฎนี้ไม่ครอบคลุม
2021-06-30,1038357.0,PXD,,no_price,,ไม่อยู่ใน universe (ข้อมูลราคา/market cap: no_price)
2021-06-30,1095073.0,RE,EG,ok,EG,กลุ่มการเงิน (SIC 6000–6799) — กฎนี้ไม่ครอบคลุม
2021-06-30,910606.0,REG,REG,ok,REG,กลุ่มการเงิน (SIC 6000–6799) — กฎนี้ไม่ครอบคลุม
2021-06-30,1281761.0,RF,RF,ok,RF,กลุ่มการเงิน (SIC 6000–6799) — กฎนี้ไม่ครอบคลุม
2021-06-30,720005.0,RJF,RJF,ok,RJF,กลุ่มการเงิน (SIC 6000–6799) — กฎนี้ไม่ครอบคลุม
2021-06-30,1034054.0,SBAC,SBAC,ok,SBAC,กลุ่มการเงิน (SIC 6000–6799) — กฎนี้ไม่ครอบคลุม
2021-06-30,316709.0,SCHW,SCHW,ok,SCHW,กลุ่มการเงิน (SIC 6000–6799) — กฎนี้ไม่ครอบคลุม
2021-06-30,1012100.0,SEE,,no_price,,ไม่อยู่ใน universe (ข้อมูลราคา/market cap: no_price)
2021-06-30,719739.0,SIVB,,no_price,,กลุ่มการเงิน (SIC 6000–6799) — กฎนี้ไม่ครอบคลุม
2021-06-30,1063761.0,SPG,SPG,ok_no_shares,SPG,กลุ่มการเงิน (SIC 6000–6799) — กฎนี้ไม่ครอบคลุม
2021-06-30,93751.0,STT,STT,ok,STT,กลุ่มการเงิน (SIC 6000–6799) — กฎนี้ไม่ครอบคลุม
2021-06-30,16918.0,STZ,STZ,ok_no_shares,STZ,ไม่อยู่ใน universe (ข้อมูลราคา/market cap: ok_no_shares)
2021-06-30,1601712.0,SYF,SYF,ok,SYF,กลุ่มการเงิน (SIC 6000–6799) — กฎนี้ไม่ครอบคลุม
2021-06-30,92230.0,TFC,TFC,ok,TFC,กลุ่มการเงิน (SIC 6000–6799) — กฎนี้ไม่ครอบคลุม
2021-06-30,1113169.0,TROW,TROW,ok,TROW,กลุ่มการเงิน (SIC 6000–6799) — กฎนี้ไม่ครอบคลุม
2021-06-30,86312.0,TRV,TRV,ok,TRV,กลุ่มการเงิน (SIC 6000–6799) — กฎนี้ไม่ครอบคลุม
2021-06-30,100493.0,TSN,TSN,ok_no_shares,TSN,ไม่อยู่ใน universe (ข้อมูลราคา/market cap: ok_no_shares)
2021-06-30,1418091.0,TWTR,,no_price,,ไม่อยู่ใน universe (ข้อมูลราคา/market cap: no_price)
2021-06-30,74208.0,UDR,UDR,ok,UDR,กลุ่มการเงิน (SIC 6000–6799) — กฎนี้ไม่ครอบคลุม
2021-06-30,731766.0,UNH,UNH,ok,UNH,กลุ่มการเงิน (SIC 6000–6799) — กฎนี้ไม่ครอบคลุม
2021-06-30,5513.0,UNM,UNM,ok,UNM,กลุ่มการเงิน (SIC 6000–6799) — กฎนี้ไม่ครอบคลุม
2021-06-30,36104.0,USB,USB,ok,USB,กลุ่มการเงิน (SIC 6000–6799) — กฎนี้ไม่ครอบคลุม
2021-06-30,1403161.0,V,V,ok_no_shares,V,ไม่อยู่ใน universe (ข้อมูลราคา/market cap: ok_no_shares)
2021-06-30,813828.0,VIAC,,no_price,,ไม่อยู่ใน universe (ข้อมูลราคา/market cap: no_price)
2021-06-30,899689.0,VNO,VNO,ok,VNO,กลุ่มการเงิน (SIC 6000–6799) — กฎนี้ไม่ครอบคลุม
2021-06-30,740260.0,VTR,VTR,ok,VTR,กลุ่มการเงิน (SIC 6000–6799) — กฎนี้ไม่ครอบคลุม
2021-06-30,1618921.0,WBA,,no_price,,ไม่อยู่ใน universe (ข้อมูลราคา/market cap: no_price)
2021-06-30,766704.0,WELL,WELL,ok,WELL,กลุ่มการเงิน (SIC 6000–6799) — กฎนี้ไม่ครอบคลุม
2021-06-30,72971.0,WFC,WFC,ok,WFC,กลุ่มการเงิน (SIC 6000–6799) — กฎนี้ไม่ครอบคลุม
2021-06-30,1140536.0,WLTW,WTW,ok,WTW,กลุ่มการเงิน (SIC 6000–6799) — กฎนี้ไม่ครอบคลุม
2021-06-30,11544.0,WRB,WRB,ok,WRB,กลุ่มการเงิน (SIC 6000–6799) — กฎนี้ไม่ครอบคลุม
2021-06-30,1732845.0,WRK,,no_price,,ไม่อยู่ใน universe (ข้อมูลราคา/market cap: no_price)
2021-06-30,106535.0,WY,WY,ok,WY,กลุ่มการเงิน (SIC 6000–6799) — กฎนี้ไม่ครอบคลุม
2021-06-30,743988.0,XLNX,,no_price,,ไม่อยู่ใน universe (ข้อมูลราคา/market cap: no_price)
2021-06-30,109380.0,ZION,ZION,ok,ZION,กลุ่มการเงิน (SIC 6000–6799) — กฎนี้ไม่ครอบคลุม
2021-07-30,815094.0,ABMD,,no_price,,ไม่อยู่ใน universe (ข้อมูลราคา/market cap: no_price)
2021-07-30,4977.0,AFL,AFL,ok,AFL,กลุ่มการเงิน (SIC 6000–6799) — กฎนี้ไม่ครอบคลุม
2021-07-30,5272.0,AIG,AIG,ok,AIG,กลุ่มการเงิน (SIC 6000–6799) — กฎนี้ไม่ครอบคลุม
2021-07-30,1267238.0,AIZ,AIZ,ok,AIZ,กลุ่มการเงิน (SIC 6000–6799) — กฎนี้ไม่ครอบคลุม
2021-07-30,354190.0,AJG,AJG,ok,AJG,กลุ่มการเงิน (SIC 6000–6799) — กฎนี้ไม่ครอบคลุม
2021-07-30,899051.0,ALL,ALL,ok,ALL,กลุ่มการเงิน (SIC 6000–6799) — กฎนี้ไม่ครอบคลุม
2021-07-30,820027.0,AMP,AMP,ok,AMP,กลุ่มการเงิน (SIC 6000–6799) — กฎนี้ไม่ครอบคลุม
2021-07-30,1053507.0,AMT,AMT,ok,AMT,กลุ่มการเงิน (SIC 6000–6799) — กฎนี้ไม่ครอบคลุม
2021-07-30,1013462.0,ANSS,,no_price,,ไม่อยู่ใน universe (ข้อมูลราคา/market cap: no_price)
2021-07-30,1156039.0,ANTM,ELV,ok,ELV,กลุ่มการเงิน (SIC 6000–6799) — กฎนี้ไม่ครอบคลุม
2021-07-30,315293.0,AON,AON,ok,AON,กลุ่มการเงิน (SIC 6000–6799) — กฎนี้ไม่ครอบคลุม
2021-07-30,1035443.0,ARE,ARE,ok,ARE,กลุ่มการเงิน (SIC 6000–6799) — กฎนี้ไม่ครอบคลุม
2021-07-30,718877.0,ATVI,,no_price,,ไม่อยู่ใน universe (ข้อมูลราคา/market cap: no_price)
2021-07-30,915912.0,AVB,,no_price,,กลุ่มการเงิน (SIC 6000–6799) — กฎนี้ไม่ครอบคลุม
2021-07-30,4962.0,AXP,AXP,ok,AXP,กลุ่มการเงิน (SIC 6000–6799) — กฎนี้ไม่ครอบคลุม
2021-07-30,70858.0,BAC,BAC,ok,BAC,กลุ่มการเงิน (SIC 6000–6799) — กฎนี้ไม่ครอบคลุม
2021-07-30,38777.0,BEN,BEN,ok,BEN,กลุ่มการเงิน (SIC 6000–6799) — กฎนี้ไม่ครอบคลุม
2021-07-30,1390777.0,BK,BNY,ok,BNY,กลุ่มการเงิน (SIC 6000–6799) — กฎนี้ไม่ครอบคลุม
2021-07-30,1701605.0,BKR,BKR,ok_no_shares,BKR,ไม่อยู่ใน universe (ข้อมูลราคา/market cap: ok_no_shares)
2021-07-30,1364742.0,BLK,BLK,ok,,กลุ่มการเงิน (SIC 6000–6799) — กฎนี้ไม่ครอบคลุม
2021-07-30,1067983.0,BRK.B,BRK-B,ok_no_shares,BRK-B,กลุ่มการเงิน (SIC 6000–6799) — กฎนี้ไม่ครอบคลุม
2021-07-30,1037540.0,BXP,BXP,ok,BXP,กลุ่มการเงิน (SIC 6000–6799) — กฎนี้ไม่ครอบคลุม
2021-07-30,831001.0,C,C,ok,C,กลุ่มการเงิน (SIC 6000–6799) — กฎนี้ไม่ครอบคลุม
2021-07-30,896159.0,CB,CB,ok,CB,กลุ่มการเงิน (SIC 6000–6799) — กฎนี้ไม่ครอบคลุม
2021-07-30,1374310.0,CBOE,CBOE,ok,CBOE,กลุ่มการเงิน (SIC 6000–6799) — กฎนี้ไม่ครอบคลุม
2021-07-30,1138118.0,CBRE,CBRE,ok,CBRE,กลุ่มการเงิน (SIC 6000–6799) — กฎนี้ไม่ครอบคลุม
2021-07-30,1051470.0,CCI,CCI,ok,CCI,กลุ่มการเงิน (SIC 6000–6799) — กฎนี้ไม่ครอบคลุม
2021-07-30,804753.0,CERN,,no_price,,ไม่อยู่ใน universe (ข้อมูลราคา/market cap: no_price)
2021-07-30,759944.0,CFG,CFG,ok,CFG,กลุ่มการเงิน (SIC 6000–6799) — กฎนี้ไม่ครอบคลุม
2021-07-30,1739940.0,CI,CI,ok,CI,กลุ่มการเงิน (SIC 6000–6799) — กฎนี้ไม่ครอบคลุม
2021-07-30,20286.0,CINF,CINF,ok,CINF,กลุ่มการเงิน (SIC 6000–6799) — กฎนี้ไม่ครอบคลุม
2021-07-30,28412.0,CMA,,no_price,,กลุ่มการเงิน (SIC 6000–6799) — กฎนี้ไม่ครอบคลุม
2021-07-30,1156375.0,CME,CME,ok,CME,กลุ่มการเงิน (SIC 6000–6799) — กฎนี้ไม่ครอบคลุม
2021-07-30,1071739.0,CNC,CNC,ok,CNC,กลุ่มการเงิน (SIC 6000–6799) — กฎนี้ไม่ครอบคลุม
2021-07-30,927628.0,COF,COF,ok,COF,กลุ่มการเงิน (SIC 6000–6799) — กฎนี้ไม่ครอบคลุม
2021-07-30,858470.0,COG,,no_price,,ไม่อยู่ใน universe (ข้อมูลราคา/market cap: no_price)
2021-07-30,1596783.0,CTLT,,no_price,,ไม่อยู่ใน universe (ข้อมูลราคา/market cap: no_price)
2021-07-30,877890.0,CTXS,,no_price,,ไม่อยู่ใน universe (ข้อมูลราคา/market cap: no_price)
2021-07-30,1393612.0,DFS,,no_price,,กลุ่มการเงิน (SIC 6000–6799) — กฎนี้ไม่ครอบคลุม
2021-07-30,1437107.0,DISCA,WBD,ok_no_shares,WBD,ไม่อยู่ใน universe (ข้อมูลราคา/market cap: ok_no_shares)
2021-07-30,,DISCK,,,,ไม่อยู่ใน universe (ข้อมูลราคา/market cap: None)
2021-07-30,1001082.0,DISH,,no_price,,ไม่อยู่ใน universe (ข้อมูลราคา/market cap: no_price)
2021-07-30,1297996.0,DLR,DLR,ok,DLR,กลุ่มการเงิน (SIC 6000–6799) — กฎนี้ไม่ครอบคลุม
2021-07-30,783280.0,DRE,,no_price,,กลุ่มการเงิน (SIC 6000–6799) — กฎนี้ไม่ครอบคลุม
2021-07-30,712515.0,EA,,no_price,,ไม่อยู่ใน universe (ข้อมูลราคา/market cap: no_price)
2021-07-30,1101239.0,EQIX,EQIX,ok,EQIX,กลุ่มการเงิน (SIC 6000–6799) — กฎนี้ไม่ครอบคลุม
2021-07-30,906107.0,EQR,VMRK,ok,VMRK,กลุ่มการเงิน (SIC 6000–6799) — กฎนี้ไม่ครอบคลุม
2021-07-30,920522.0,ESS,ESS,ok,ESS,กลุ่มการเงิน (SIC 6000–6799) — กฎนี้ไม่ครอบคลุม
2021-07-30,1289490.0,EXR,EXR,ok,EXR,กลุ่มการเงิน (SIC 6000–6799) — กฎนี้ไม่ครอบคลุม
2021-07-30,35527.0,FITB,FITB,ok,FITB,กลุ่มการเงิน (SIC 6000–6799) — กฎนี้ไม่ครอบคลุม
2021-07-30,1754301.0,FOX,FOXA,ok_no_shares,FOXA,ไม่อยู่ใน universe (ข้อมูลราคา/market cap: ok_no_shares)
2021-07-30,1754301.0,FOXA,FOXA,ok_no_shares,FOXA,ไม่อยู่ใน universe (ข้อมูลราคา/market cap: ok_no_shares)
2021-07-30,,FRC,,,,ไม่อยู่ใน universe (ข้อมูลราคา/market cap: None)
2021-07-30,34903.0,FRT,FRT,ok,FRT,กลุ่มการเงิน (SIC 6000–6799) — กฎนี้ไม่ครอบคลุม
2021-07-30,320335.0,GL,GL,ok,GL,กลุ่มการเงิน (SIC 6000–6799) — กฎนี้ไม่ครอบคลุม
2021-07-30,886982.0,GS,GS,ok,GS,กลุ่มการเงิน (SIC 6000–6799) — กฎนี้ไม่ครอบคลุม
2021-07-30,49196.0,HBAN,HBAN,ok,HBAN,กลุ่มการเงิน (SIC 6000–6799) — กฎนี้ไม่ครอบคลุม
2021-07-30,1359841.0,HBI,,no_price,,ไม่อยู่ใน universe (ข้อมูลราคา/market cap: no_price)
2021-07-30,4447.0,HES,,no_price,,ไม่อยู่ใน universe (ข้อมูลราคา/market cap: no_price)
2021-07-30,874766.0,HIG,HIG,ok,HIG,กลุ่มการเงิน (SIC 6000–6799) — กฎนี้ไม่ครอบคลุม
2021-07-30,859737.0,HOLX,,no_price,,ไม่อยู่ใน universe (ข้อมูลราคา/market cap: no_price)
2021-07-30,49071.0,HUM,HUM,ok,HUM,กลุ่มการเงิน (SIC 6000–6799) — กฎนี้ไม่ครอบคลุม
2021-07-30,1571949.0,ICE,ICE,ok,ICE,กลุ่มการเงิน (SIC 6000–6799) — กฎนี้ไม่ครอบคลุม
2021-07-30,51253.0,IFF,IFF,ok_shares_suspect,IFF,ไม่อยู่ใน universe (ข้อมูลราคา/market cap: ok_shares_suspect)
2021-07-30,1598014.0,INFO,,no_price,,ไม่อยู่ใน universe (ข้อมูลราคา/market cap: no_price)
2021-07-30,51644.0,IPG,,no_price,,ไม่อยู่ใน universe (ข้อมูลราคา/market cap: no_price)
2021-07-30,1020569.0,IRM,IRM,ok,IRM,กลุ่มการเงิน (SIC 6000–6799) — กฎนี้ไม่ครอบคลุม
2021-07-30,914208.0,IVZ,IVZ,ok,IVZ,กลุ่มการเงิน (SIC 6000–6799) — กฎนี้ไม่ครอบคลุม
2021-07-30,1043604.0,JNPR,,no_price,,ไม่อยู่ใน universe (ข้อมูลราคา/market cap: no_price)
2021-07-30,19617.0,JPM,JPM,ok,JPM,กลุ่มการเงิน (SIC 6000–6799) — กฎนี้ไม่ครอบคลุม
2021-07-30,55067.0,K,,no_price,,ไม่อยู่ใน universe (ข้อมูลราคา/market cap: no_price)
2021-07-30,91576.0,KEY,KEY,ok,KEY,กลุ่มการเงิน (SIC 6000–6799) — กฎนี้ไม่ครอบคลุม
2021-07-30,879101.0,KIM,KIM,ok,KIM,กลุ่มการเงิน (SIC 6000–6799) — กฎนี้ไม่ครอบคลุม
2021-07-30,54480.0,KSU,,no_price,,ไม่อยู่ใน universe (ข้อมูลราคา/market cap: no_price)
2021-07-30,60086.0,L,L,ok,L,กลุ่มการเงิน (SIC 6000–6799) — กฎนี้ไม่ครอบคลุม
2021-07-30,58492.0,LEG,,no_price,,ไม่อยู่ใน universe (ข้อมูลราคา/market cap: no_price)
2021-07-30,59558.0,LNC,LNC,ok,LNC,กลุ่มการเงิน (SIC 6000–6799) — กฎนี้ไม่ครอบคลุม
2021-07-30,912595.0,MAA,MAA,ok,MAA,กลุ่มการเงิน (SIC 6000–6799) — กฎนี้ไม่ครอบคลุม
2021-07-30,1099219.0,MET,MET,ok,MET,กลุ่มการเงิน (SIC 6000–6799) — กฎนี้ไม่ครอบคลุม
2021-07-30,1278021.0,MKTX,MKTX,ok,MKTX,กลุ่มการเงิน (SIC 6000–6799) — กฎนี้ไม่ครอบคลุม
2021-07-30,62709.0,MMC,MRSH,ok,MRSH,กลุ่มการเงิน (SIC 6000–6799) — กฎนี้ไม่ครอบคลุม
2021-07-30,101778.0,MRO,,no_price,,ไม่อยู่ใน universe (ข้อมูลราคา/market cap: no_price)
2021-07-30,895421.0,MS,MS,ok,MS,กลุ่มการเงิน (SIC 6000–6799) — กฎนี้ไม่ครอบคลุม
2021-07-30,36270.0,MTB,MTB,ok,MTB,กลุ่มการเงิน (SIC 6000–6799) — กฎนี้ไม่ครอบคลุม
2021-07-30,743316.0,MXIM,,no_price,,ไม่อยู่ใน universe (ข้อมูลราคา/market cap: no_price)
2021-07-30,1120193.0,NDAQ,NDAQ,ok,NDAQ,กลุ่มการเงิน (SIC 6000–6799) — กฎนี้ไม่ครอบคลุม
2021-07-30,1492633.0,NLSN,,no_price,,ไม่อยู่ใน universe (ข้อมูลราคา/market cap: no_price)
2021-07-30,73124.0,NTRS,NTRS,ok,NTRS,กลุ่มการเงิน (SIC 6000–6799) — กฎนี้ไม่ครอบคลุม
2021-07-30,726728.0,O,O,ok,O,กลุ่มการเงิน (SIC 6000–6799) — กฎนี้ไม่ครอบคลุม
2021-07-30,1821825.0,OGN,OGN,ok_no_shares,OGN,ไม่อยู่ใน universe (ข้อมูลราคา/market cap: ok_no_shares)
2021-07-30,1378946.0,PBCT,,no_price,,กลุ่มการเงิน (SIC 6000–6799) — กฎนี้ไม่ครอบคลุม
2021-07-30,765880.0,PEAK,DOC,ok,DOC,กลุ่มการเงิน (SIC 6000–6799) — กฎนี้ไม่ครอบคลุม
2021-07-30,1126328.0,PFG,PFG,ok,PFG,กลุ่มการเงิน (SIC 6000–6799) — กฎนี้ไม่ครอบคลุม
2021-07-30,80661.0,PGR,PGR,ok,PGR,กลุ่มการเงิน (SIC 6000–6799) — กฎนี้ไม่ครอบคลุม
2021-07-30,1045609.0,PLD,PLD,ok,PLD,กลุ่มการเงิน (SIC 6000–6799) — กฎนี้ไม่ครอบคลุม
2021-07-30,713676.0,PNC,PNC,ok,PNC,กลุ่มการเงิน (SIC 6000–6799) — กฎนี้ไม่ครอบคลุม
2021-07-30,1137774.0,PRU,PRU,ok,PRU,กลุ่มการเงิน (SIC 6000–6799) — กฎนี้ไม่ครอบคลุม
2021-07-30,1393311.0,PSA,PSA,ok,PSA,กลุ่มการเงิน (SIC 6000–6799) — กฎนี้ไม่ครอบคลุม
2021-07-30,1038357.0,PXD,,no_price,,ไม่อยู่ใน universe (ข้อมูลราคา/market cap: no_price)
2021-07-30,1095073.0,RE,EG,ok,EG,กลุ่มการเงิน (SIC 6000–6799) — กฎนี้ไม่ครอบคลุม
2021-07-30,910606.0,REG,REG,ok,REG,กลุ่มการเงิน (SIC 6000–6799) — กฎนี้ไม่ครอบคลุม
2021-07-30,1281761.0,RF,RF,ok,RF,กลุ่มการเงิน (SIC 6000–6799) — กฎนี้ไม่ครอบคลุม
2021-07-30,720005.0,RJF,RJF,ok,RJF,กลุ่มการเงิน (SIC 6000–6799) — กฎนี้ไม่ครอบคลุม
2021-07-30,1034054.0,SBAC,SBAC,ok,SBAC,กลุ่มการเงิน (SIC 6000–6799) — กฎนี้ไม่ครอบคลุม
2021-07-30,316709.0,SCHW,SCHW,ok,SCHW,กลุ่มการเงิน (SIC 6000–6799) — กฎนี้ไม่ครอบคลุม
2021-07-30,1012100.0,SEE,,no_price,,ไม่อยู่ใน universe (ข้อมูลราคา/market cap: no_price)
2021-07-30,719739.0,SIVB,,no_price,,กลุ่มการเงิน (SIC 6000–6799) — กฎนี้ไม่ครอบคลุม
2021-07-30,1063761.0,SPG,SPG,ok_no_shares,SPG,กลุ่มการเงิน (SIC 6000–6799) — กฎนี้ไม่ครอบคลุม
2021-07-30,93751.0,STT,STT,ok,STT,กลุ่มการเงิน (SIC 6000–6799) — กฎนี้ไม่ครอบคลุม
2021-07-30,16918.0,STZ,STZ,ok_no_shares,STZ,ไม่อยู่ใน universe (ข้อมูลราคา/market cap: ok_no_shares)
2021-07-30,1601712.0,SYF,SYF,ok,SYF,กลุ่มการเงิน (SIC 6000–6799) — กฎนี้ไม่ครอบคลุม
2021-07-30,92230.0,TFC,TFC,ok,TFC,กลุ่มการเงิน (SIC 6000–6799) — กฎนี้ไม่ครอบคลุม
2021-07-30,1113169.0,TROW,TROW,ok,TROW,กลุ่มการเงิน (SIC 6000–6799) — กฎนี้ไม่ครอบคลุม
2021-07-30,86312.0,TRV,TRV,ok,TRV,กลุ่มการเงิน (SIC 6000–6799) — กฎนี้ไม่ครอบคลุม
2021-07-30,100493.0,TSN,TSN,ok_no_shares,TSN,ไม่อยู่ใน universe (ข้อมูลราคา/market cap: ok_no_shares)
2021-07-30,1418091.0,TWTR,,no_price,,ไม่อยู่ใน universe (ข้อมูลราคา/market cap: no_price)
2021-07-30,74208.0,UDR,UDR,ok,UDR,กลุ่มการเงิน (SIC 6000–6799) — กฎนี้ไม่ครอบคลุม
2021-07-30,731766.0,UNH,UNH,ok,UNH,กลุ่มการเงิน (SIC 6000–6799) — กฎนี้ไม่ครอบคลุม
2021-07-30,5513.0,UNM,UNM,ok,UNM,กลุ่มการเงิน (SIC 6000–6799) — กฎนี้ไม่ครอบคลุม
2021-07-30,36104.0,USB,USB,ok,USB,กลุ่มการเงิน (SIC 6000–6799) — กฎนี้ไม่ครอบคลุม
2021-07-30,1403161.0,V,V,ok_no_shares,V,ไม่อยู่ใน universe (ข้อมูลราคา/market cap: ok_no_shares)
2021-07-30,813828.0,VIAC,,no_price,,ไม่อยู่ใน universe (ข้อมูลราคา/market cap: no_price)
2021-07-30,899689.0,VNO,VNO,ok,VNO,กลุ่มการเงิน (SIC 6000–6799) — กฎนี้ไม่ครอบคลุม
2021-07-30,740260.0,VTR,VTR,ok,VTR,กลุ่มการเงิน (SIC 6000–6799) — กฎนี้ไม่ครอบคลุม
2021-07-30,1618921.0,WBA,,no_price,,ไม่อยู่ใน universe (ข้อมูลราคา/market cap: no_price)
2021-07-30,766704.0,WELL,WELL,ok,WELL,กลุ่มการเงิน (SIC 6000–6799) — กฎนี้ไม่ครอบคลุม
2021-07-30,72971.0,WFC,WFC,ok,WFC,กลุ่มการเงิน (SIC 6000–6799) — กฎนี้ไม่ครอบคลุม
2021-07-30,1140536.0,WLTW,WTW,ok,WTW,กลุ่มการเงิน (SIC 6000–6799) — กฎนี้ไม่ครอบคลุม
2021-07-30,11544.0,WRB,WRB,ok,WRB,กลุ่มการเงิน (SIC 6000–6799) — กฎนี้ไม่ครอบคลุม
2021-07-30,1732845.0,WRK,,no_price,,ไม่อยู่ใน universe (ข้อมูลราคา/market cap: no_price)
2021-07-30,106535.0,WY,WY,ok,WY,กลุ่มการเงิน (SIC 6000–6799) — กฎนี้ไม่ครอบคลุม
2021-07-30,743988.0,XLNX,,no_price,,ไม่อยู่ใน universe (ข้อมูลราคา/market cap: no_price)
2021-07-30,109380.0,ZION,ZION,ok,ZION,กลุ่มการเงิน (SIC 6000–6799) — กฎนี้ไม่ครอบคลุม
2021-08-31,815094.0,ABMD,,no_price,,ไม่อยู่ใน universe (ข้อมูลราคา/market cap: no_price)
2021-08-31,4977.0,AFL,AFL,ok,AFL,กลุ่มการเงิน (SIC 6000–6799) — กฎนี้ไม่ครอบคลุม
2021-08-31,5272.0,AIG,AIG,ok,AIG,กลุ่มการเงิน (SIC 6000–6799) — กฎนี้ไม่ครอบคลุม
2021-08-31,1267238.0,AIZ,AIZ,ok,AIZ,กลุ่มการเงิน (SIC 6000–6799) — กฎนี้ไม่ครอบคลุม
2021-08-31,354190.0,AJG,AJG,ok,AJG,กลุ่มการเงิน (SIC 6000–6799) — กฎนี้ไม่ครอบคลุม
2021-08-31,899051.0,ALL,ALL,ok,ALL,กลุ่มการเงิน (SIC 6000–6799) — กฎนี้ไม่ครอบคลุม
2021-08-31,820027.0,AMP,AMP,ok,AMP,กลุ่มการเงิน (SIC 6000–6799) — กฎนี้ไม่ครอบคลุม
2021-08-31,1053507.0,AMT,AMT,ok,AMT,กลุ่มการเงิน (SIC 6000–6799) — กฎนี้ไม่ครอบคลุม
2021-08-31,1013462.0,ANSS,,no_price,,ไม่อยู่ใน universe (ข้อมูลราคา/market cap: no_price)
2021-08-31,1156039.0,ANTM,ELV,ok,ELV,กลุ่มการเงิน (SIC 6000–6799) — กฎนี้ไม่ครอบคลุม
2021-08-31,315293.0,AON,AON,ok,AON,กลุ่มการเงิน (SIC 6000–6799) — กฎนี้ไม่ครอบคลุม
2021-08-31,1035443.0,ARE,ARE,ok,ARE,กลุ่มการเงิน (SIC 6000–6799) — กฎนี้ไม่ครอบคลุม
2021-08-31,718877.0,ATVI,,no_price,,ไม่อยู่ใน universe (ข้อมูลราคา/market cap: no_price)
2021-08-31,915912.0,AVB,,no_price,,กลุ่มการเงิน (SIC 6000–6799) — กฎนี้ไม่ครอบคลุม
2021-08-31,4962.0,AXP,AXP,ok,AXP,กลุ่มการเงิน (SIC 6000–6799) — กฎนี้ไม่ครอบคลุม
2021-08-31,70858.0,BAC,BAC,ok,BAC,กลุ่มการเงิน (SIC 6000–6799) — กฎนี้ไม่ครอบคลุม
2021-08-31,38777.0,BEN,BEN,ok,BEN,กลุ่มการเงิน (SIC 6000–6799) — กฎนี้ไม่ครอบคลุม
2021-08-31,1390777.0,BK,BNY,ok,BNY,กลุ่มการเงิน (SIC 6000–6799) — กฎนี้ไม่ครอบคลุม
2021-08-31,1701605.0,BKR,BKR,ok_no_shares,BKR,ไม่อยู่ใน universe (ข้อมูลราคา/market cap: ok_no_shares)
2021-08-31,1364742.0,BLK,BLK,ok,,กลุ่มการเงิน (SIC 6000–6799) — กฎนี้ไม่ครอบคลุม
2021-08-31,1067983.0,BRK.B,BRK-B,ok_no_shares,BRK-B,กลุ่มการเงิน (SIC 6000–6799) — กฎนี้ไม่ครอบคลุม
2021-08-31,1037540.0,BXP,BXP,ok,BXP,กลุ่มการเงิน (SIC 6000–6799) — กฎนี้ไม่ครอบคลุม
2021-08-31,831001.0,C,C,ok,C,กลุ่มการเงิน (SIC 6000–6799) — กฎนี้ไม่ครอบคลุม
2021-08-31,896159.0,CB,CB,ok,CB,กลุ่มการเงิน (SIC 6000–6799) — กฎนี้ไม่ครอบคลุม
2021-08-31,1374310.0,CBOE,CBOE,ok,CBOE,กลุ่มการเงิน (SIC 6000–6799) — กฎนี้ไม่ครอบคลุม
2021-08-31,1138118.0,CBRE,CBRE,ok,CBRE,กลุ่มการเงิน (SIC 6000–6799) — กฎนี้ไม่ครอบคลุม
2021-08-31,1051470.0,CCI,CCI,ok,CCI,กลุ่มการเงิน (SIC 6000–6799) — กฎนี้ไม่ครอบคลุม
2021-08-31,804753.0,CERN,,no_price,,ไม่อยู่ใน universe (ข้อมูลราคา/market cap: no_price)
2021-08-31,759944.0,CFG,CFG,ok,CFG,กลุ่มการเงิน (SIC 6000–6799) — กฎนี้ไม่ครอบคลุม
2021-08-31,1739940.0,CI,CI,ok,CI,กลุ่มการเงิน (SIC 6000–6799) — กฎนี้ไม่ครอบคลุม
2021-08-31,20286.0,CINF,CINF,ok,CINF,กลุ่มการเงิน (SIC 6000–6799) — กฎนี้ไม่ครอบคลุม
2021-08-31,28412.0,CMA,,no_price,,กลุ่มการเงิน (SIC 6000–6799) — กฎนี้ไม่ครอบคลุม
2021-08-31,1156375.0,CME,CME,ok,CME,กลุ่มการเงิน (SIC 6000–6799) — กฎนี้ไม่ครอบคลุม
2021-08-31,1071739.0,CNC,CNC,ok,CNC,กลุ่มการเงิน (SIC 6000–6799) — กฎนี้ไม่ครอบคลุม
2021-08-31,927628.0,COF,COF,ok,COF,กลุ่มการเงิน (SIC 6000–6799) — กฎนี้ไม่ครอบคลุม
2021-08-31,858470.0,COG,,no_price,,ไม่อยู่ใน universe (ข้อมูลราคา/market cap: no_price)
2021-08-31,1596783.0,CTLT,,no_price,,ไม่อยู่ใน universe (ข้อมูลราคา/market cap: no_price)
2021-08-31,877890.0,CTXS,,no_price,,ไม่อยู่ใน universe (ข้อมูลราคา/market cap: no_price)
2021-08-31,1393612.0,DFS,,no_price,,กลุ่มการเงิน (SIC 6000–6799) — กฎนี้ไม่ครอบคลุม
2021-08-31,1437107.0,DISCA,WBD,ok_no_shares,WBD,ไม่อยู่ใน universe (ข้อมูลราคา/market cap: ok_no_shares)
2021-08-31,,DISCK,,,,ไม่อยู่ใน universe (ข้อมูลราคา/market cap: None)
2021-08-31,1001082.0,DISH,,no_price,,ไม่อยู่ใน universe (ข้อมูลราคา/market cap: no_price)
2021-08-31,1297996.0,DLR,DLR,ok,DLR,กลุ่มการเงิน (SIC 6000–6799) — กฎนี้ไม่ครอบคลุม
2021-08-31,783280.0,DRE,,no_price,,กลุ่มการเงิน (SIC 6000–6799) — กฎนี้ไม่ครอบคลุม
2021-08-31,712515.0,EA,,no_price,,ไม่อยู่ใน universe (ข้อมูลราคา/market cap: no_price)
2021-08-31,1101239.0,EQIX,EQIX,ok,EQIX,กลุ่มการเงิน (SIC 6000–6799) — กฎนี้ไม่ครอบคลุม
2021-08-31,906107.0,EQR,VMRK,ok,VMRK,กลุ่มการเงิน (SIC 6000–6799) — กฎนี้ไม่ครอบคลุม
2021-08-31,920522.0,ESS,ESS,ok,ESS,กลุ่มการเงิน (SIC 6000–6799) — กฎนี้ไม่ครอบคลุม
2021-08-31,1289490.0,EXR,EXR,ok,EXR,กลุ่มการเงิน (SIC 6000–6799) — กฎนี้ไม่ครอบคลุม
2021-08-31,35527.0,FITB,FITB,ok,FITB,กลุ่มการเงิน (SIC 6000–6799) — กฎนี้ไม่ครอบคลุม
2021-08-31,1754301.0,FOX,FOXA,ok_no_shares,FOXA,ไม่อยู่ใน universe (ข้อมูลราคา/market cap: ok_no_shares)
2021-08-31,1754301.0,FOXA,FOXA,ok_no_shares,FOXA,ไม่อยู่ใน universe (ข้อมูลราคา/market cap: ok_no_shares)
2021-08-31,,FRC,,,,ไม่อยู่ใน universe (ข้อมูลราคา/market cap: None)
2021-08-31,34903.0,FRT,FRT,ok,FRT,กลุ่มการเงิน (SIC 6000–6799) — กฎนี้ไม่ครอบคลุม
2021-08-31,320335.0,GL,GL,ok,GL,กลุ่มการเงิน (SIC 6000–6799) — กฎนี้ไม่ครอบคลุม
2021-08-31,886982.0,GS,GS,ok,GS,กลุ่มการเงิน (SIC 6000–6799) — กฎนี้ไม่ครอบคลุม
2021-08-31,49196.0,HBAN,HBAN,ok,HBAN,กลุ่มการเงิน (SIC 6000–6799) — กฎนี้ไม่ครอบคลุม
2021-08-31,1359841.0,HBI,,no_price,,ไม่อยู่ใน universe (ข้อมูลราคา/market cap: no_price)
2021-08-31,4447.0,HES,,no_price,,ไม่อยู่ใน universe (ข้อมูลราคา/market cap: no_price)
2021-08-31,874766.0,HIG,HIG,ok,HIG,กลุ่มการเงิน (SIC 6000–6799) — กฎนี้ไม่ครอบคลุม
2021-08-31,859737.0,HOLX,,no_price,,ไม่อยู่ใน universe (ข้อมูลราคา/market cap: no_price)
2021-08-31,49071.0,HUM,HUM,ok,HUM,กลุ่มการเงิน (SIC 6000–6799) — กฎนี้ไม่ครอบคลุม
2021-08-31,1571949.0,ICE,ICE,ok,ICE,กลุ่มการเงิน (SIC 6000–6799) — กฎนี้ไม่ครอบคลุม
2021-08-31,51253.0,IFF,IFF,ok_shares_suspect,IFF,ไม่อยู่ใน universe (ข้อมูลราคา/market cap: ok_shares_suspect)
2021-08-31,1598014.0,INFO,,no_price,,ไม่อยู่ใน universe (ข้อมูลราคา/market cap: no_price)
2021-08-31,51644.0,IPG,,no_price,,ไม่อยู่ใน universe (ข้อมูลราคา/market cap: no_price)
2021-08-31,1020569.0,IRM,IRM,ok,IRM,กลุ่มการเงิน (SIC 6000–6799) — กฎนี้ไม่ครอบคลุม
2021-08-31,914208.0,IVZ,IVZ,ok,IVZ,กลุ่มการเงิน (SIC 6000–6799) — กฎนี้ไม่ครอบคลุม
2021-08-31,1043604.0,JNPR,,no_price,,ไม่อยู่ใน universe (ข้อมูลราคา/market cap: no_price)
2021-08-31,19617.0,JPM,JPM,ok,JPM,กลุ่มการเงิน (SIC 6000–6799) — กฎนี้ไม่ครอบคลุม
2021-08-31,55067.0,K,,no_price,,ไม่อยู่ใน universe (ข้อมูลราคา/market cap: no_price)
2021-08-31,91576.0,KEY,KEY,ok,KEY,กลุ่มการเงิน (SIC 6000–6799) — กฎนี้ไม่ครอบคลุม
2021-08-31,879101.0,KIM,KIM,ok,KIM,กลุ่มการเงิน (SIC 6000–6799) — กฎนี้ไม่ครอบคลุม
2021-08-31,54480.0,KSU,,no_price,,ไม่อยู่ใน universe (ข้อมูลราคา/market cap: no_price)
2021-08-31,60086.0,L,L,ok,L,กลุ่มการเงิน (SIC 6000–6799) — กฎนี้ไม่ครอบคลุม
2021-08-31,58492.0,LEG,,no_price,,ไม่อยู่ใน universe (ข้อมูลราคา/market cap: no_price)
2021-08-31,59558.0,LNC,LNC,ok,LNC,กลุ่มการเงิน (SIC 6000–6799) — กฎนี้ไม่ครอบคลุม
2021-08-31,912595.0,MAA,MAA,ok,MAA,กลุ่มการเงิน (SIC 6000–6799) — กฎนี้ไม่ครอบคลุม
2021-08-31,1099219.0,MET,MET,ok,MET,กลุ่มการเงิน (SIC 6000–6799) — กฎนี้ไม่ครอบคลุม
2021-08-31,1278021.0,MKTX,MKTX,ok,MKTX,กลุ่มการเงิน (SIC 6000–6799) — กฎนี้ไม่ครอบคลุม
2021-08-31,62709.0,MMC,MRSH,ok,MRSH,กลุ่มการเงิน (SIC 6000–6799) — กฎนี้ไม่ครอบคลุม
2021-08-31,101778.0,MRO,,no_price,,ไม่อยู่ใน universe (ข้อมูลราคา/market cap: no_price)
2021-08-31,895421.0,MS,MS,ok,MS,กลุ่มการเงิน (SIC 6000–6799) — กฎนี้ไม่ครอบคลุม
2021-08-31,36270.0,MTB,MTB,ok,MTB,กลุ่มการเงิน (SIC 6000–6799) — กฎนี้ไม่ครอบคลุม
2021-08-31,1120193.0,NDAQ,NDAQ,ok,NDAQ,กลุ่มการเงิน (SIC 6000–6799) — กฎนี้ไม่ครอบคลุม
2021-08-31,1492633.0,NLSN,,no_price,,ไม่อยู่ใน universe (ข้อมูลราคา/market cap: no_price)
2021-08-31,73124.0,NTRS,NTRS,ok,NTRS,กลุ่มการเงิน (SIC 6000–6799) — กฎนี้ไม่ครอบคลุม
2021-08-31,726728.0,O,O,ok,O,กลุ่มการเงิน (SIC 6000–6799) — กฎนี้ไม่ครอบคลุม
2021-08-31,1821825.0,OGN,OGN,ok_no_shares,OGN,ไม่อยู่ใน universe (ข้อมูลราคา/market cap: ok_no_shares)
2021-08-31,1378946.0,PBCT,,no_price,,กลุ่มการเงิน (SIC 6000–6799) — กฎนี้ไม่ครอบคลุม
2021-08-31,765880.0,PEAK,DOC,ok,DOC,กลุ่มการเงิน (SIC 6000–6799) — กฎนี้ไม่ครอบคลุม
2021-08-31,1126328.0,PFG,PFG,ok,PFG,กลุ่มการเงิน (SIC 6000–6799) — กฎนี้ไม่ครอบคลุม
2021-08-31,80661.0,PGR,PGR,ok,PGR,กลุ่มการเงิน (SIC 6000–6799) — กฎนี้ไม่ครอบคลุม
2021-08-31,1045609.0,PLD,PLD,ok,PLD,กลุ่มการเงิน (SIC 6000–6799) — กฎนี้ไม่ครอบคลุม
2021-08-31,713676.0,PNC,PNC,ok,PNC,กลุ่มการเงิน (SIC 6000–6799) — กฎนี้ไม่ครอบคลุม
2021-08-31,1137774.0,PRU,PRU,ok,PRU,กลุ่มการเงิน (SIC 6000–6799) — กฎนี้ไม่ครอบคลุม
2021-08-31,1393311.0,PSA,PSA,ok,PSA,กลุ่มการเงิน (SIC 6000–6799) — กฎนี้ไม่ครอบคลุม
2021-08-31,1038357.0,PXD,,no_price,,ไม่อยู่ใน universe (ข้อมูลราคา/market cap: no_price)
2021-08-31,1095073.0,RE,EG,ok,EG,กลุ่มการเงิน (SIC 6000–6799) — กฎนี้ไม่ครอบคลุม
2021-08-31,910606.0,REG,REG,ok,REG,กลุ่มการเงิน (SIC 6000–6799) — กฎนี้ไม่ครอบคลุม
2021-08-31,1281761.0,RF,RF,ok,RF,กลุ่มการเงิน (SIC 6000–6799) — กฎนี้ไม่ครอบคลุม
2021-08-31,720005.0,RJF,RJF,ok,RJF,กลุ่มการเงิน (SIC 6000–6799) — กฎนี้ไม่ครอบคลุม
2021-08-31,1034054.0,SBAC,SBAC,ok,SBAC,กลุ่มการเงิน (SIC 6000–6799) — กฎนี้ไม่ครอบคลุม
2021-08-31,316709.0,SCHW,SCHW,ok,SCHW,กลุ่มการเงิน (SIC 6000–6799) — กฎนี้ไม่ครอบคลุม
2021-08-31,1012100.0,SEE,,no_price,,ไม่อยู่ใน universe (ข้อมูลราคา/market cap: no_price)
2021-08-31,719739.0,SIVB,,no_price,,กลุ่มการเงิน (SIC 6000–6799) — กฎนี้ไม่ครอบคลุม
2021-08-31,1063761.0,SPG,SPG,ok_no_shares,SPG,กลุ่มการเงิน (SIC 6000–6799) — กฎนี้ไม่ครอบคลุม
2021-08-31,93751.0,STT,STT,ok,STT,กลุ่มการเงิน (SIC 6000–6799) — กฎนี้ไม่ครอบคลุม
2021-08-31,16918.0,STZ,STZ,ok_no_shares,STZ,ไม่อยู่ใน universe (ข้อมูลราคา/market cap: ok_no_shares)
2021-08-31,1601712.0,SYF,SYF,ok,SYF,กลุ่มการเงิน (SIC 6000–6799) — กฎนี้ไม่ครอบคลุม
2021-08-31,92230.0,TFC,TFC,ok,TFC,กลุ่มการเงิน (SIC 6000–6799) — กฎนี้ไม่ครอบคลุม
2021-08-31,1113169.0,TROW,TROW,ok,TROW,กลุ่มการเงิน (SIC 6000–6799) — กฎนี้ไม่ครอบคลุม
2021-08-31,86312.0,TRV,TRV,ok,TRV,กลุ่มการเงิน (SIC 6000–6799) — กฎนี้ไม่ครอบคลุม
2021-08-31,100493.0,TSN,TSN,ok_no_shares,TSN,ไม่อยู่ใน universe (ข้อมูลราคา/market cap: ok_no_shares)
2021-08-31,1418091.0,TWTR,,no_price,,ไม่อยู่ใน universe (ข้อมูลราคา/market cap: no_price)
2021-08-31,74208.0,UDR,UDR,ok,UDR,กลุ่มการเงิน (SIC 6000–6799) — กฎนี้ไม่ครอบคลุม
2021-08-31,731766.0,UNH,UNH,ok,UNH,กลุ่มการเงิน (SIC 6000–6799) — กฎนี้ไม่ครอบคลุม
2021-08-31,5513.0,UNM,UNM,ok,UNM,กลุ่มการเงิน (SIC 6000–6799) — กฎนี้ไม่ครอบคลุม
2021-08-31,36104.0,USB,USB,ok,USB,กลุ่มการเงิน (SIC 6000–6799) — กฎนี้ไม่ครอบคลุม
2021-08-31,1403161.0,V,V,ok_no_shares,V,ไม่อยู่ใน universe (ข้อมูลราคา/market cap: ok_no_shares)
2021-08-31,813828.0,VIAC,,no_price,,ไม่อยู่ใน universe (ข้อมูลราคา/market cap: no_price)
2021-08-31,899689.0,VNO,VNO,ok,VNO,กลุ่มการเงิน (SIC 6000–6799) — กฎนี้ไม่ครอบคลุม
2021-08-31,740260.0,VTR,VTR,ok,VTR,กลุ่มการเงิน (SIC 6000–6799) — กฎนี้ไม่ครอบคลุม
2021-08-31,1618921.0,WBA,,no_price,,ไม่อยู่ใน universe (ข้อมูลราคา/market cap: no_price)
2021-08-31,766704.0,WELL,WELL,ok,WELL,กลุ่มการเงิน (SIC 6000–6799) — กฎนี้ไม่ครอบคลุม
2021-08-31,72971.0,WFC,WFC,ok,WFC,กลุ่มการเงิน (SIC 6000–6799) — กฎนี้ไม่ครอบคลุม
2021-08-31,1140536.0,WLTW,WTW,ok,WTW,กลุ่มการเงิน (SIC 6000–6799) — กฎนี้ไม่ครอบคลุม
2021-08-31,11544.0,WRB,WRB,ok,WRB,กลุ่มการเงิน (SIC 6000–6799) — กฎนี้ไม่ครอบคลุม
2021-08-31,1732845.0,WRK,,no_price,,ไม่อยู่ใน universe (ข้อมูลราคา/market cap: no_price)
2021-08-31,106535.0,WY,WY,ok,WY,กลุ่มการเงิน (SIC 6000–6799) — กฎนี้ไม่ครอบคลุม
2021-08-31,743988.0,XLNX,,no_price,,ไม่อยู่ใน universe (ข้อมูลราคา/market cap: no_price)
2021-08-31,109380.0,ZION,ZION,ok,ZION,กลุ่มการเงิน (SIC 6000–6799) — กฎนี้ไม่ครอบคลุม
2021-09-30,815094.0,ABMD,,no_price,,ไม่อยู่ใน universe (ข้อมูลราคา/market cap: no_price)
2021-09-30,4977.0,AFL,AFL,ok,AFL,กลุ่มการเงิน (SIC 6000–6799) — กฎนี้ไม่ครอบคลุม
2021-09-30,5272.0,AIG,AIG,ok,AIG,กลุ่มการเงิน (SIC 6000–6799) — กฎนี้ไม่ครอบคลุม
2021-09-30,1267238.0,AIZ,AIZ,ok,AIZ,กลุ่มการเงิน (SIC 6000–6799) — กฎนี้ไม่ครอบคลุม
2021-09-30,354190.0,AJG,AJG,ok,AJG,กลุ่มการเงิน (SIC 6000–6799) — กฎนี้ไม่ครอบคลุม
2021-09-30,899051.0,ALL,ALL,ok,ALL,กลุ่มการเงิน (SIC 6000–6799) — กฎนี้ไม่ครอบคลุม
2021-09-30,820027.0,AMP,AMP,ok,AMP,กลุ่มการเงิน (SIC 6000–6799) — กฎนี้ไม่ครอบคลุม
2021-09-30,1053507.0,AMT,AMT,ok,AMT,กลุ่มการเงิน (SIC 6000–6799) — กฎนี้ไม่ครอบคลุม
2021-09-30,1013462.0,ANSS,,no_price,,ไม่อยู่ใน universe (ข้อมูลราคา/market cap: no_price)
2021-09-30,1156039.0,ANTM,ELV,ok,ELV,กลุ่มการเงิน (SIC 6000–6799) — กฎนี้ไม่ครอบคลุม
2021-09-30,315293.0,AON,AON,ok,AON,กลุ่มการเงิน (SIC 6000–6799) — กฎนี้ไม่ครอบคลุม
2021-09-30,1035443.0,ARE,ARE,ok,ARE,กลุ่มการเงิน (SIC 6000–6799) — กฎนี้ไม่ครอบคลุม
2021-09-30,718877.0,ATVI,,no_price,,ไม่อยู่ใน universe (ข้อมูลราคา/market cap: no_price)
2021-09-30,915912.0,AVB,,no_price,,กลุ่มการเงิน (SIC 6000–6799) — กฎนี้ไม่ครอบคลุม
2021-09-30,4962.0,AXP,AXP,ok,AXP,กลุ่มการเงิน (SIC 6000–6799) — กฎนี้ไม่ครอบคลุม
2021-09-30,70858.0,BAC,BAC,ok,BAC,กลุ่มการเงิน (SIC 6000–6799) — กฎนี้ไม่ครอบคลุม
2021-09-30,38777.0,BEN,BEN,ok,BEN,กลุ่มการเงิน (SIC 6000–6799) — กฎนี้ไม่ครอบคลุม
2021-09-30,1390777.0,BK,BNY,ok,BNY,กลุ่มการเงิน (SIC 6000–6799) — กฎนี้ไม่ครอบคลุม
2021-09-30,1701605.0,BKR,BKR,ok_no_shares,BKR,ไม่อยู่ใน universe (ข้อมูลราคา/market cap: ok_no_shares)
2021-09-30,1364742.0,BLK,BLK,ok,,กลุ่มการเงิน (SIC 6000–6799) — กฎนี้ไม่ครอบคลุม
2021-09-30,1067983.0,BRK.B,BRK-B,ok_no_shares,BRK-B,กลุ่มการเงิน (SIC 6000–6799) — กฎนี้ไม่ครอบคลุม
2021-09-30,79282.0,BRO,BRO,ok,BRO,กลุ่มการเงิน (SIC 6000–6799) — กฎนี้ไม่ครอบคลุม
2021-09-30,1037540.0,BXP,BXP,ok,BXP,กลุ่มการเงิน (SIC 6000–6799) — กฎนี้ไม่ครอบคลุม
2021-09-30,831001.0,C,C,ok,C,กลุ่มการเงิน (SIC 6000–6799) — กฎนี้ไม่ครอบคลุม
2021-09-30,896159.0,CB,CB,ok,CB,กลุ่มการเงิน (SIC 6000–6799) — กฎนี้ไม่ครอบคลุม
2021-09-30,1374310.0,CBOE,CBOE,ok,CBOE,กลุ่มการเงิน (SIC 6000–6799) — กฎนี้ไม่ครอบคลุม
2021-09-30,1138118.0,CBRE,CBRE,ok,CBRE,กลุ่มการเงิน (SIC 6000–6799) — กฎนี้ไม่ครอบคลุม
2021-09-30,1051470.0,CCI,CCI,ok,CCI,กลุ่มการเงิน (SIC 6000–6799) — กฎนี้ไม่ครอบคลุม
2021-09-30,1725057.0,CDAY,,no_price,,ไม่อยู่ใน universe (ข้อมูลราคา/market cap: no_price)
2021-09-30,804753.0,CERN,,no_price,,ไม่อยู่ใน universe (ข้อมูลราคา/market cap: no_price)
2021-09-30,759944.0,CFG,CFG,ok,CFG,กลุ่มการเงิน (SIC 6000–6799) — กฎนี้ไม่ครอบคลุม
2021-09-30,1739940.0,CI,CI,ok,CI,กลุ่มการเงิน (SIC 6000–6799) — กฎนี้ไม่ครอบคลุม
2021-09-30,20286.0,CINF,CINF,ok,CINF,กลุ่มการเงิน (SIC 6000–6799) — กฎนี้ไม่ครอบคลุม
2021-09-30,28412.0,CMA,,no_price,,กลุ่มการเงิน (SIC 6000–6799) — กฎนี้ไม่ครอบคลุม
2021-09-30,1156375.0,CME,CME,ok,CME,กลุ่มการเงิน (SIC 6000–6799) — กฎนี้ไม่ครอบคลุม
2021-09-30,1071739.0,CNC,CNC,ok,CNC,กลุ่มการเงิน (SIC 6000–6799) — กฎนี้ไม่ครอบคลุม
2021-09-30,927628.0,COF,COF,ok,COF,กลุ่มการเงิน (SIC 6000–6799) — กฎนี้ไม่ครอบคลุม
2021-09-30,858470.0,COG,,no_price,,ไม่อยู่ใน universe (ข้อมูลราคา/market cap: no_price)
2021-09-30,1596783.0,CTLT,,no_price,,ไม่อยู่ใน universe (ข้อมูลราคา/market cap: no_price)
2021-09-30,877890.0,CTXS,,no_price,,ไม่อยู่ใน universe (ข้อมูลราคา/market cap: no_price)
2021-09-30,1393612.0,DFS,,no_price,,กลุ่มการเงิน (SIC 6000–6799) — กฎนี้ไม่ครอบคลุม
2021-09-30,1437107.0,DISCA,WBD,ok_no_shares,WBD,ไม่อยู่ใน universe (ข้อมูลราคา/market cap: ok_no_shares)
2021-09-30,,DISCK,,,,ไม่อยู่ใน universe (ข้อมูลราคา/market cap: None)
2021-09-30,1001082.0,DISH,,no_price,,ไม่อยู่ใน universe (ข้อมูลราคา/market cap: no_price)
2021-09-30,1297996.0,DLR,DLR,ok,DLR,กลุ่มการเงิน (SIC 6000–6799) — กฎนี้ไม่ครอบคลุม
2021-09-30,783280.0,DRE,,no_price,,กลุ่มการเงิน (SIC 6000–6799) — กฎนี้ไม่ครอบคลุม
2021-09-30,712515.0,EA,,no_price,,ไม่อยู่ใน universe (ข้อมูลราคา/market cap: no_price)
2021-09-30,1101239.0,EQIX,EQIX,ok,EQIX,กลุ่มการเงิน (SIC 6000–6799) — กฎนี้ไม่ครอบคลุม
2021-09-30,906107.0,EQR,VMRK,ok,VMRK,กลุ่มการเงิน (SIC 6000–6799) — กฎนี้ไม่ครอบคลุม
2021-09-30,920522.0,ESS,ESS,ok,ESS,กลุ่มการเงิน (SIC 6000–6799) — กฎนี้ไม่ครอบคลุม
2021-09-30,1289490.0,EXR,EXR,ok,EXR,กลุ่มการเงิน (SIC 6000–6799) — กฎนี้ไม่ครอบคลุม
2021-09-30,35527.0,FITB,FITB,ok,FITB,กลุ่มการเงิน (SIC 6000–6799) — กฎนี้ไม่ครอบคลุม
2021-09-30,1754301.0,FOX,FOXA,ok_no_shares,FOXA,ไม่อยู่ใน universe (ข้อมูลราคา/market cap: ok_no_shares)
2021-09-30,1754301.0,FOXA,FOXA,ok_no_shares,FOXA,ไม่อยู่ใน universe (ข้อมูลราคา/market cap: ok_no_shares)
2021-09-30,,FRC,,,,ไม่อยู่ใน universe (ข้อมูลราคา/market cap: None)
2021-09-30,34903.0,FRT,FRT,ok,FRT,กลุ่มการเงิน (SIC 6000–6799) — กฎนี้ไม่ครอบคลุม
2021-09-30,320335.0,GL,GL,ok,GL,กลุ่มการเงิน (SIC 6000–6799) — กฎนี้ไม่ครอบคลุม
2021-09-30,886982.0,GS,GS,ok,GS,กลุ่มการเงิน (SIC 6000–6799) — กฎนี้ไม่ครอบคลุม
2021-09-30,49196.0,HBAN,HBAN,ok,HBAN,กลุ่มการเงิน (SIC 6000–6799) — กฎนี้ไม่ครอบคลุม
2021-09-30,1359841.0,HBI,,no_price,,ไม่อยู่ใน universe (ข้อมูลราคา/market cap: no_price)
2021-09-30,4447.0,HES,,no_price,,ไม่อยู่ใน universe (ข้อมูลราคา/market cap: no_price)
2021-09-30,874766.0,HIG,HIG,ok,HIG,กลุ่มการเงิน (SIC 6000–6799) — กฎนี้ไม่ครอบคลุม
2021-09-30,859737.0,HOLX,,no_price,,ไม่อยู่ใน universe (ข้อมูลราคา/market cap: no_price)
2021-09-30,49071.0,HUM,HUM,ok,HUM,กลุ่มการเงิน (SIC 6000–6799) — กฎนี้ไม่ครอบคลุม
2021-09-30,1571949.0,ICE,ICE,ok,ICE,กลุ่มการเงิน (SIC 6000–6799) — กฎนี้ไม่ครอบคลุม
2021-09-30,51253.0,IFF,IFF,ok_shares_suspect,IFF,ไม่อยู่ใน universe (ข้อมูลราคา/market cap: ok_shares_suspect)
2021-09-30,1598014.0,INFO,,no_price,,ไม่อยู่ใน universe (ข้อมูลราคา/market cap: no_price)
2021-09-30,51644.0,IPG,,no_price,,ไม่อยู่ใน universe (ข้อมูลราคา/market cap: no_price)
2021-09-30,1020569.0,IRM,IRM,ok,IRM,กลุ่มการเงิน (SIC 6000–6799) — กฎนี้ไม่ครอบคลุม
2021-09-30,914208.0,IVZ,IVZ,ok,IVZ,กลุ่มการเงิน (SIC 6000–6799) — กฎนี้ไม่ครอบคลุม
2021-09-30,1043604.0,JNPR,,no_price,,ไม่อยู่ใน universe (ข้อมูลราคา/market cap: no_price)
2021-09-30,19617.0,JPM,JPM,ok,JPM,กลุ่มการเงิน (SIC 6000–6799) — กฎนี้ไม่ครอบคลุม
2021-09-30,55067.0,K,,no_price,,ไม่อยู่ใน universe (ข้อมูลราคา/market cap: no_price)
2021-09-30,91576.0,KEY,KEY,ok,KEY,กลุ่มการเงิน (SIC 6000–6799) — กฎนี้ไม่ครอบคลุม
2021-09-30,879101.0,KIM,KIM,ok,KIM,กลุ่มการเงิน (SIC 6000–6799) — กฎนี้ไม่ครอบคลุม
2021-09-30,54480.0,KSU,,no_price,,ไม่อยู่ใน universe (ข้อมูลราคา/market cap: no_price)
2021-09-30,60086.0,L,L,ok,L,กลุ่มการเงิน (SIC 6000–6799) — กฎนี้ไม่ครอบคลุม
2021-09-30,58492.0,LEG,,no_price,,ไม่อยู่ใน universe (ข้อมูลราคา/market cap: no_price)
2021-09-30,59558.0,LNC,LNC,ok,LNC,กลุ่มการเงิน (SIC 6000–6799) — กฎนี้ไม่ครอบคลุม
2021-09-30,912595.0,MAA,MAA,ok,MAA,กลุ่มการเงิน (SIC 6000–6799) — กฎนี้ไม่ครอบคลุม
2021-09-30,1099219.0,MET,MET,ok,MET,กลุ่มการเงิน (SIC 6000–6799) — กฎนี้ไม่ครอบคลุม
2021-09-30,1278021.0,MKTX,MKTX,ok,MKTX,กลุ่มการเงิน (SIC 6000–6799) — กฎนี้ไม่ครอบคลุม
2021-09-30,62709.0,MMC,MRSH,ok,MRSH,กลุ่มการเงิน (SIC 6000–6799) — กฎนี้ไม่ครอบคลุม
2021-09-30,101778.0,MRO,,no_price,,ไม่อยู่ใน universe (ข้อมูลราคา/market cap: no_price)
2021-09-30,895421.0,MS,MS,ok,MS,กลุ่มการเงิน (SIC 6000–6799) — กฎนี้ไม่ครอบคลุม
2021-09-30,36270.0,MTB,MTB,ok,MTB,กลุ่มการเงิน (SIC 6000–6799) — กฎนี้ไม่ครอบคลุม
2021-09-30,1120193.0,NDAQ,NDAQ,ok,NDAQ,กลุ่มการเงิน (SIC 6000–6799) — กฎนี้ไม่ครอบคลุม
2021-09-30,1492633.0,NLSN,,no_price,,ไม่อยู่ใน universe (ข้อมูลราคา/market cap: no_price)
2021-09-30,73124.0,NTRS,NTRS,ok,NTRS,กลุ่มการเงิน (SIC 6000–6799) — กฎนี้ไม่ครอบคลุม
2021-09-30,726728.0,O,O,ok,O,กลุ่มการเงิน (SIC 6000–6799) — กฎนี้ไม่ครอบคลุม
2021-09-30,1821825.0,OGN,OGN,ok_no_shares,OGN,ไม่อยู่ใน universe (ข้อมูลราคา/market cap: ok_no_shares)
2021-09-30,1378946.0,PBCT,,no_price,,กลุ่มการเงิน (SIC 6000–6799) — กฎนี้ไม่ครอบคลุม
2021-09-30,765880.0,PEAK,DOC,ok,DOC,กลุ่มการเงิน (SIC 6000–6799) — กฎนี้ไม่ครอบคลุม
2021-09-30,1126328.0,PFG,PFG,ok,PFG,กลุ่มการเงิน (SIC 6000–6799) — กฎนี้ไม่ครอบคลุม
2021-09-30,80661.0,PGR,PGR,ok,PGR,กลุ่มการเงิน (SIC 6000–6799) — กฎนี้ไม่ครอบคลุม
2021-09-30,1045609.0,PLD,PLD,ok,PLD,กลุ่มการเงิน (SIC 6000–6799) — กฎนี้ไม่ครอบคลุม
2021-09-30,713676.0,PNC,PNC,ok,PNC,กลุ่มการเงิน (SIC 6000–6799) — กฎนี้ไม่ครอบคลุม
2021-09-30,1137774.0,PRU,PRU,ok,PRU,กลุ่มการเงิน (SIC 6000–6799) — กฎนี้ไม่ครอบคลุม
2021-09-30,1393311.0,PSA,PSA,ok,PSA,กลุ่มการเงิน (SIC 6000–6799) — กฎนี้ไม่ครอบคลุม
2021-09-30,1038357.0,PXD,,no_price,,ไม่อยู่ใน universe (ข้อมูลราคา/market cap: no_price)
2021-09-30,1095073.0,RE,EG,ok,EG,กลุ่มการเงิน (SIC 6000–6799) — กฎนี้ไม่ครอบคลุม
2021-09-30,910606.0,REG,REG,ok,REG,กลุ่มการเงิน (SIC 6000–6799) — กฎนี้ไม่ครอบคลุม
2021-09-30,1281761.0,RF,RF,ok,RF,กลุ่มการเงิน (SIC 6000–6799) — กฎนี้ไม่ครอบคลุม
2021-09-30,720005.0,RJF,RJF,ok,RJF,กลุ่มการเงิน (SIC 6000–6799) — กฎนี้ไม่ครอบคลุม
2021-09-30,1034054.0,SBAC,SBAC,ok,SBAC,กลุ่มการเงิน (SIC 6000–6799) — กฎนี้ไม่ครอบคลุม
2021-09-30,316709.0,SCHW,SCHW,ok,SCHW,กลุ่มการเงิน (SIC 6000–6799) — กฎนี้ไม่ครอบคลุม
2021-09-30,1012100.0,SEE,,no_price,,ไม่อยู่ใน universe (ข้อมูลราคา/market cap: no_price)
2021-09-30,719739.0,SIVB,,no_price,,กลุ่มการเงิน (SIC 6000–6799) — กฎนี้ไม่ครอบคลุม
2021-09-30,1063761.0,SPG,SPG,ok_no_shares,SPG,กลุ่มการเงิน (SIC 6000–6799) — กฎนี้ไม่ครอบคลุม
2021-09-30,93751.0,STT,STT,ok,STT,กลุ่มการเงิน (SIC 6000–6799) — กฎนี้ไม่ครอบคลุม
2021-09-30,16918.0,STZ,STZ,ok_no_shares,STZ,ไม่อยู่ใน universe (ข้อมูลราคา/market cap: ok_no_shares)
2021-09-30,1601712.0,SYF,SYF,ok,SYF,กลุ่มการเงิน (SIC 6000–6799) — กฎนี้ไม่ครอบคลุม
2021-09-30,92230.0,TFC,TFC,ok,TFC,กลุ่มการเงิน (SIC 6000–6799) — กฎนี้ไม่ครอบคลุม
2021-09-30,1113169.0,TROW,TROW,ok,TROW,กลุ่มการเงิน (SIC 6000–6799) — กฎนี้ไม่ครอบคลุม
2021-09-30,86312.0,TRV,TRV,ok,TRV,กลุ่มการเงิน (SIC 6000–6799) — กฎนี้ไม่ครอบคลุม
2021-09-30,100493.0,TSN,TSN,ok_no_shares,TSN,ไม่อยู่ใน universe (ข้อมูลราคา/market cap: ok_no_shares)
2021-09-30,1418091.0,TWTR,,no_price,,ไม่อยู่ใน universe (ข้อมูลราคา/market cap: no_price)
2021-09-30,74208.0,UDR,UDR,ok,UDR,กลุ่มการเงิน (SIC 6000–6799) — กฎนี้ไม่ครอบคลุม
2021-09-30,731766.0,UNH,UNH,ok,UNH,กลุ่มการเงิน (SIC 6000–6799) — กฎนี้ไม่ครอบคลุม
2021-09-30,36104.0,USB,USB,ok,USB,กลุ่มการเงิน (SIC 6000–6799) — กฎนี้ไม่ครอบคลุม
2021-09-30,1403161.0,V,V,ok_no_shares,V,ไม่อยู่ใน universe (ข้อมูลราคา/market cap: ok_no_shares)
2021-09-30,813828.0,VIAC,,no_price,,ไม่อยู่ใน universe (ข้อมูลราคา/market cap: no_price)
2021-09-30,899689.0,VNO,VNO,ok,VNO,กลุ่มการเงิน (SIC 6000–6799) — กฎนี้ไม่ครอบคลุม
2021-09-30,740260.0,VTR,VTR,ok,VTR,กลุ่มการเงิน (SIC 6000–6799) — กฎนี้ไม่ครอบคลุม
2021-09-30,1618921.0,WBA,,no_price,,ไม่อยู่ใน universe (ข้อมูลราคา/market cap: no_price)
2021-09-30,766704.0,WELL,WELL,ok,WELL,กลุ่มการเงิน (SIC 6000–6799) — กฎนี้ไม่ครอบคลุม
2021-09-30,72971.0,WFC,WFC,ok,WFC,กลุ่มการเงิน (SIC 6000–6799) — กฎนี้ไม่ครอบคลุม
2021-09-30,1140536.0,WLTW,WTW,ok,WTW,กลุ่มการเงิน (SIC 6000–6799) — กฎนี้ไม่ครอบคลุม
2021-09-30,11544.0,WRB,WRB,ok,WRB,กลุ่มการเงิน (SIC 6000–6799) — กฎนี้ไม่ครอบคลุม
2021-09-30,1732845.0,WRK,,no_price,,ไม่อยู่ใน universe (ข้อมูลราคา/market cap: no_price)
2021-09-30,106535.0,WY,WY,ok,WY,กลุ่มการเงิน (SIC 6000–6799) — กฎนี้ไม่ครอบคลุม
2021-09-30,743988.0,XLNX,,no_price,,ไม่อยู่ใน universe (ข้อมูลราคา/market cap: no_price)
2021-09-30,109380.0,ZION,ZION,ok,ZION,กลุ่มการเงิน (SIC 6000–6799) — กฎนี้ไม่ครอบคลุม
2021-10-29,815094.0,ABMD,,no_price,,ไม่อยู่ใน universe (ข้อมูลราคา/market cap: no_price)
2021-10-29,4977.0,AFL,AFL,ok,AFL,กลุ่มการเงิน (SIC 6000–6799) — กฎนี้ไม่ครอบคลุม
2021-10-29,5272.0,AIG,AIG,ok,AIG,กลุ่มการเงิน (SIC 6000–6799) — กฎนี้ไม่ครอบคลุม
2021-10-29,1267238.0,AIZ,AIZ,ok,AIZ,กลุ่มการเงิน (SIC 6000–6799) — กฎนี้ไม่ครอบคลุม
2021-10-29,354190.0,AJG,AJG,ok,AJG,กลุ่มการเงิน (SIC 6000–6799) — กฎนี้ไม่ครอบคลุม
2021-10-29,899051.0,ALL,ALL,ok,ALL,กลุ่มการเงิน (SIC 6000–6799) — กฎนี้ไม่ครอบคลุม
2021-10-29,820027.0,AMP,AMP,ok,AMP,กลุ่มการเงิน (SIC 6000–6799) — กฎนี้ไม่ครอบคลุม
2021-10-29,1053507.0,AMT,AMT,ok,AMT,กลุ่มการเงิน (SIC 6000–6799) — กฎนี้ไม่ครอบคลุม
2021-10-29,1013462.0,ANSS,,no_price,,ไม่อยู่ใน universe (ข้อมูลราคา/market cap: no_price)
2021-10-29,1156039.0,ANTM,ELV,ok,ELV,กลุ่มการเงิน (SIC 6000–6799) — กฎนี้ไม่ครอบคลุม
2021-10-29,315293.0,AON,AON,ok,AON,กลุ่มการเงิน (SIC 6000–6799) — กฎนี้ไม่ครอบคลุม
2021-10-29,1035443.0,ARE,ARE,ok,ARE,กลุ่มการเงิน (SIC 6000–6799) — กฎนี้ไม่ครอบคลุม
2021-10-29,718877.0,ATVI,,no_price,,ไม่อยู่ใน universe (ข้อมูลราคา/market cap: no_price)
2021-10-29,915912.0,AVB,,no_price,,กลุ่มการเงิน (SIC 6000–6799) — กฎนี้ไม่ครอบคลุม
2021-10-29,4962.0,AXP,AXP,ok,AXP,กลุ่มการเงิน (SIC 6000–6799) — กฎนี้ไม่ครอบคลุม
2021-10-29,70858.0,BAC,BAC,ok,BAC,กลุ่มการเงิน (SIC 6000–6799) — กฎนี้ไม่ครอบคลุม
2021-10-29,38777.0,BEN,BEN,ok,BEN,กลุ่มการเงิน (SIC 6000–6799) — กฎนี้ไม่ครอบคลุม
2021-10-29,1390777.0,BK,BNY,ok,BNY,กลุ่มการเงิน (SIC 6000–6799) — กฎนี้ไม่ครอบคลุม
2021-10-29,1701605.0,BKR,BKR,ok_no_shares,BKR,ไม่อยู่ใน universe (ข้อมูลราคา/market cap: ok_no_shares)
2021-10-29,1364742.0,BLK,BLK,ok,,กลุ่มการเงิน (SIC 6000–6799) — กฎนี้ไม่ครอบคลุม
2021-10-29,1067983.0,BRK.B,BRK-B,ok_no_shares,BRK-B,กลุ่มการเงิน (SIC 6000–6799) — กฎนี้ไม่ครอบคลุม
2021-10-29,79282.0,BRO,BRO,ok,BRO,กลุ่มการเงิน (SIC 6000–6799) — กฎนี้ไม่ครอบคลุม
2021-10-29,1037540.0,BXP,BXP,ok,BXP,กลุ่มการเงิน (SIC 6000–6799) — กฎนี้ไม่ครอบคลุม
2021-10-29,831001.0,C,C,ok,C,กลุ่มการเงิน (SIC 6000–6799) — กฎนี้ไม่ครอบคลุม
2021-10-29,896159.0,CB,CB,ok,CB,กลุ่มการเงิน (SIC 6000–6799) — กฎนี้ไม่ครอบคลุม
2021-10-29,1374310.0,CBOE,CBOE,ok,CBOE,กลุ่มการเงิน (SIC 6000–6799) — กฎนี้ไม่ครอบคลุม
2021-10-29,1138118.0,CBRE,CBRE,ok,CBRE,กลุ่มการเงิน (SIC 6000–6799) — กฎนี้ไม่ครอบคลุม
2021-10-29,1051470.0,CCI,CCI,ok,CCI,กลุ่มการเงิน (SIC 6000–6799) — กฎนี้ไม่ครอบคลุม
2021-10-29,1725057.0,CDAY,,no_price,,ไม่อยู่ใน universe (ข้อมูลราคา/market cap: no_price)
2021-10-29,804753.0,CERN,,no_price,,ไม่อยู่ใน universe (ข้อมูลราคา/market cap: no_price)
2021-10-29,759944.0,CFG,CFG,ok,CFG,กลุ่มการเงิน (SIC 6000–6799) — กฎนี้ไม่ครอบคลุม
2021-10-29,1739940.0,CI,CI,ok,CI,กลุ่มการเงิน (SIC 6000–6799) — กฎนี้ไม่ครอบคลุม
2021-10-29,20286.0,CINF,CINF,ok,CINF,กลุ่มการเงิน (SIC 6000–6799) — กฎนี้ไม่ครอบคลุม
2021-10-29,28412.0,CMA,,no_price,,กลุ่มการเงิน (SIC 6000–6799) — กฎนี้ไม่ครอบคลุม
2021-10-29,1156375.0,CME,CME,ok,CME,กลุ่มการเงิน (SIC 6000–6799) — กฎนี้ไม่ครอบคลุม
2021-10-29,1071739.0,CNC,CNC,ok,CNC,กลุ่มการเงิน (SIC 6000–6799) — กฎนี้ไม่ครอบคลุม
2021-10-29,927628.0,COF,COF,ok,COF,กลุ่มการเงิน (SIC 6000–6799) — กฎนี้ไม่ครอบคลุม
2021-10-29,1596783.0,CTLT,,no_price,,ไม่อยู่ใน universe (ข้อมูลราคา/market cap: no_price)
2021-10-29,,CTRA,,,,ไม่อยู่ใน universe (ข้อมูลราคา/market cap: None)
2021-10-29,877890.0,CTXS,,no_price,,ไม่อยู่ใน universe (ข้อมูลราคา/market cap: no_price)
2021-10-29,1393612.0,DFS,,no_price,,กลุ่มการเงิน (SIC 6000–6799) — กฎนี้ไม่ครอบคลุม
2021-10-29,1437107.0,DISCA,WBD,ok_no_shares,WBD,ไม่อยู่ใน universe (ข้อมูลราคา/market cap: ok_no_shares)
2021-10-29,,DISCK,,,,ไม่อยู่ใน universe (ข้อมูลราคา/market cap: None)
2021-10-29,1001082.0,DISH,,no_price,,ไม่อยู่ใน universe (ข้อมูลราคา/market cap: no_price)
2021-10-29,1297996.0,DLR,DLR,ok,DLR,กลุ่มการเงิน (SIC 6000–6799) — กฎนี้ไม่ครอบคลุม
2021-10-29,783280.0,DRE,,no_price,,กลุ่มการเงิน (SIC 6000–6799) — กฎนี้ไม่ครอบคลุม
2021-10-29,712515.0,EA,,no_price,,ไม่อยู่ใน universe (ข้อมูลราคา/market cap: no_price)
2021-10-29,1101239.0,EQIX,EQIX,ok,EQIX,กลุ่มการเงิน (SIC 6000–6799) — กฎนี้ไม่ครอบคลุม
2021-10-29,906107.0,EQR,VMRK,ok,VMRK,กลุ่มการเงิน (SIC 6000–6799) — กฎนี้ไม่ครอบคลุม
2021-10-29,920522.0,ESS,ESS,ok,ESS,กลุ่มการเงิน (SIC 6000–6799) — กฎนี้ไม่ครอบคลุม
2021-10-29,1289490.0,EXR,EXR,ok,EXR,กลุ่มการเงิน (SIC 6000–6799) — กฎนี้ไม่ครอบคลุม
2021-10-29,35527.0,FITB,FITB,ok,FITB,กลุ่มการเงิน (SIC 6000–6799) — กฎนี้ไม่ครอบคลุม
2021-10-29,1754301.0,FOX,FOXA,ok_no_shares,FOXA,ไม่อยู่ใน universe (ข้อมูลราคา/market cap: ok_no_shares)
2021-10-29,1754301.0,FOXA,FOXA,ok_no_shares,FOXA,ไม่อยู่ใน universe (ข้อมูลราคา/market cap: ok_no_shares)
2021-10-29,,FRC,,,,ไม่อยู่ใน universe (ข้อมูลราคา/market cap: None)
2021-10-29,34903.0,FRT,FRT,ok,FRT,กลุ่มการเงิน (SIC 6000–6799) — กฎนี้ไม่ครอบคลุม
2021-10-29,320335.0,GL,GL,ok,GL,กลุ่มการเงิน (SIC 6000–6799) — กฎนี้ไม่ครอบคลุม
2021-10-29,886982.0,GS,GS,ok,GS,กลุ่มการเงิน (SIC 6000–6799) — กฎนี้ไม่ครอบคลุม
2021-10-29,49196.0,HBAN,HBAN,ok,HBAN,กลุ่มการเงิน (SIC 6000–6799) — กฎนี้ไม่ครอบคลุม
2021-10-29,1359841.0,HBI,,no_price,,ไม่อยู่ใน universe (ข้อมูลราคา/market cap: no_price)
2021-10-29,4447.0,HES,,no_price,,ไม่อยู่ใน universe (ข้อมูลราคา/market cap: no_price)
2021-10-29,874766.0,HIG,HIG,ok,HIG,กลุ่มการเงิน (SIC 6000–6799) — กฎนี้ไม่ครอบคลุม
2021-10-29,859737.0,HOLX,,no_price,,ไม่อยู่ใน universe (ข้อมูลราคา/market cap: no_price)
2021-10-29,49071.0,HUM,HUM,ok,HUM,กลุ่มการเงิน (SIC 6000–6799) — กฎนี้ไม่ครอบคลุม
2021-10-29,1571949.0,ICE,ICE,ok,ICE,กลุ่มการเงิน (SIC 6000–6799) — กฎนี้ไม่ครอบคลุม
2021-10-29,51253.0,IFF,IFF,ok_shares_suspect,IFF,ไม่อยู่ใน universe (ข้อมูลราคา/market cap: ok_shares_suspect)
2021-10-29,1598014.0,INFO,,no_price,,ไม่อยู่ใน universe (ข้อมูลราคา/market cap: no_price)
2021-10-29,51644.0,IPG,,no_price,,ไม่อยู่ใน universe (ข้อมูลราคา/market cap: no_price)
2021-10-29,1020569.0,IRM,IRM,ok,IRM,กลุ่มการเงิน (SIC 6000–6799) — กฎนี้ไม่ครอบคลุม
2021-10-29,914208.0,IVZ,IVZ,ok,IVZ,กลุ่มการเงิน (SIC 6000–6799) — กฎนี้ไม่ครอบคลุม
2021-10-29,1043604.0,JNPR,,no_price,,ไม่อยู่ใน universe (ข้อมูลราคา/market cap: no_price)
2021-10-29,19617.0,JPM,JPM,ok,JPM,กลุ่มการเงิน (SIC 6000–6799) — กฎนี้ไม่ครอบคลุม
2021-10-29,55067.0,K,,no_price,,ไม่อยู่ใน universe (ข้อมูลราคา/market cap: no_price)
2021-10-29,91576.0,KEY,KEY,ok,KEY,กลุ่มการเงิน (SIC 6000–6799) — กฎนี้ไม่ครอบคลุม
2021-10-29,879101.0,KIM,KIM,ok,KIM,กลุ่มการเงิน (SIC 6000–6799) — กฎนี้ไม่ครอบคลุม
2021-10-29,54480.0,KSU,,no_price,,ไม่อยู่ใน universe (ข้อมูลราคา/market cap: no_price)
2021-10-29,60086.0,L,L,ok,L,กลุ่มการเงิน (SIC 6000–6799) — กฎนี้ไม่ครอบคลุม
2021-10-29,58492.0,LEG,,no_price,,ไม่อยู่ใน universe (ข้อมูลราคา/market cap: no_price)
2021-10-29,59558.0,LNC,LNC,ok,LNC,กลุ่มการเงิน (SIC 6000–6799) — กฎนี้ไม่ครอบคลุม
2021-10-29,912595.0,MAA,MAA,ok,MAA,กลุ่มการเงิน (SIC 6000–6799) — กฎนี้ไม่ครอบคลุม
2021-10-29,1099219.0,MET,MET,ok,MET,กลุ่มการเงิน (SIC 6000–6799) — กฎนี้ไม่ครอบคลุม
2021-10-29,1278021.0,MKTX,MKTX,ok,MKTX,กลุ่มการเงิน (SIC 6000–6799) — กฎนี้ไม่ครอบคลุม
2021-10-29,62709.0,MMC,MRSH,ok,MRSH,กลุ่มการเงิน (SIC 6000–6799) — กฎนี้ไม่ครอบคลุม
2021-10-29,101778.0,MRO,,no_price,,ไม่อยู่ใน universe (ข้อมูลราคา/market cap: no_price)
2021-10-29,895421.0,MS,MS,ok,MS,กลุ่มการเงิน (SIC 6000–6799) — กฎนี้ไม่ครอบคลุม
2021-10-29,36270.0,MTB,MTB,ok,MTB,กลุ่มการเงิน (SIC 6000–6799) — กฎนี้ไม่ครอบคลุม
2021-10-29,1120193.0,NDAQ,NDAQ,ok,NDAQ,กลุ่มการเงิน (SIC 6000–6799) — กฎนี้ไม่ครอบคลุม
2021-10-29,1492633.0,NLSN,,no_price,,ไม่อยู่ใน universe (ข้อมูลราคา/market cap: no_price)
2021-10-29,73124.0,NTRS,NTRS,ok,NTRS,กลุ่มการเงิน (SIC 6000–6799) — กฎนี้ไม่ครอบคลุม
2021-10-29,726728.0,O,O,ok,O,กลุ่มการเงิน (SIC 6000–6799) — กฎนี้ไม่ครอบคลุม
2021-10-29,1821825.0,OGN,OGN,ok_no_shares,OGN,ไม่อยู่ใน universe (ข้อมูลราคา/market cap: ok_no_shares)
2021-10-29,1378946.0,PBCT,,no_price,,กลุ่มการเงิน (SIC 6000–6799) — กฎนี้ไม่ครอบคลุม
2021-10-29,765880.0,PEAK,DOC,ok,DOC,กลุ่มการเงิน (SIC 6000–6799) — กฎนี้ไม่ครอบคลุม
2021-10-29,1126328.0,PFG,PFG,ok,PFG,กลุ่มการเงิน (SIC 6000–6799) — กฎนี้ไม่ครอบคลุม
2021-10-29,80661.0,PGR,PGR,ok,PGR,กลุ่มการเงิน (SIC 6000–6799) — กฎนี้ไม่ครอบคลุม
2021-10-29,1045609.0,PLD,PLD,ok,PLD,กลุ่มการเงิน (SIC 6000–6799) — กฎนี้ไม่ครอบคลุม
2021-10-29,713676.0,PNC,PNC,ok,PNC,กลุ่มการเงิน (SIC 6000–6799) — กฎนี้ไม่ครอบคลุม
2021-10-29,1137774.0,PRU,PRU,ok,PRU,กลุ่มการเงิน (SIC 6000–6799) — กฎนี้ไม่ครอบคลุม
2021-10-29,1393311.0,PSA,PSA,ok,PSA,กลุ่มการเงิน (SIC 6000–6799) — กฎนี้ไม่ครอบคลุม
2021-10-29,1038357.0,PXD,,no_price,,ไม่อยู่ใน universe (ข้อมูลราคา/market cap: no_price)
2021-10-29,1095073.0,RE,EG,ok,EG,กลุ่มการเงิน (SIC 6000–6799) — กฎนี้ไม่ครอบคลุม
2021-10-29,910606.0,REG,REG,ok,REG,กลุ่มการเงิน (SIC 6000–6799) — กฎนี้ไม่ครอบคลุม
2021-10-29,1281761.0,RF,RF,ok,RF,กลุ่มการเงิน (SIC 6000–6799) — กฎนี้ไม่ครอบคลุม
2021-10-29,720005.0,RJF,RJF,ok,RJF,กลุ่มการเงิน (SIC 6000–6799) — กฎนี้ไม่ครอบคลุม
2021-10-29,1034054.0,SBAC,SBAC,ok,SBAC,กลุ่มการเงิน (SIC 6000–6799) — กฎนี้ไม่ครอบคลุม
2021-10-29,316709.0,SCHW,SCHW,ok,SCHW,กลุ่มการเงิน (SIC 6000–6799) — กฎนี้ไม่ครอบคลุม
2021-10-29,1012100.0,SEE,,no_price,,ไม่อยู่ใน universe (ข้อมูลราคา/market cap: no_price)
2021-10-29,719739.0,SIVB,,no_price,,กลุ่มการเงิน (SIC 6000–6799) — กฎนี้ไม่ครอบคลุม
2021-10-29,1063761.0,SPG,SPG,ok_no_shares,SPG,กลุ่มการเงิน (SIC 6000–6799) — กฎนี้ไม่ครอบคลุม
2021-10-29,93751.0,STT,STT,ok,STT,กลุ่มการเงิน (SIC 6000–6799) — กฎนี้ไม่ครอบคลุม
2021-10-29,16918.0,STZ,STZ,ok_no_shares,STZ,ไม่อยู่ใน universe (ข้อมูลราคา/market cap: ok_no_shares)
2021-10-29,1601712.0,SYF,SYF,ok,SYF,กลุ่มการเงิน (SIC 6000–6799) — กฎนี้ไม่ครอบคลุม
2021-10-29,92230.0,TFC,TFC,ok,TFC,กลุ่มการเงิน (SIC 6000–6799) — กฎนี้ไม่ครอบคลุม
2021-10-29,1113169.0,TROW,TROW,ok,TROW,กลุ่มการเงิน (SIC 6000–6799) — กฎนี้ไม่ครอบคลุม
2021-10-29,86312.0,TRV,TRV,ok,TRV,กลุ่มการเงิน (SIC 6000–6799) — กฎนี้ไม่ครอบคลุม
2021-10-29,100493.0,TSN,TSN,ok_no_shares,TSN,ไม่อยู่ใน universe (ข้อมูลราคา/market cap: ok_no_shares)
2021-10-29,1418091.0,TWTR,,no_price,,ไม่อยู่ใน universe (ข้อมูลราคา/market cap: no_price)
2021-10-29,74208.0,UDR,UDR,ok,UDR,กลุ่มการเงิน (SIC 6000–6799) — กฎนี้ไม่ครอบคลุม
2021-10-29,731766.0,UNH,UNH,ok,UNH,กลุ่มการเงิน (SIC 6000–6799) — กฎนี้ไม่ครอบคลุม
2021-10-29,36104.0,USB,USB,ok,USB,กลุ่มการเงิน (SIC 6000–6799) — กฎนี้ไม่ครอบคลุม
2021-10-29,1403161.0,V,V,ok_no_shares,V,ไม่อยู่ใน universe (ข้อมูลราคา/market cap: ok_no_shares)
2021-10-29,813828.0,VIAC,,no_price,,ไม่อยู่ใน universe (ข้อมูลราคา/market cap: no_price)
2021-10-29,899689.0,VNO,VNO,ok,VNO,กลุ่มการเงิน (SIC 6000–6799) — กฎนี้ไม่ครอบคลุม
2021-10-29,740260.0,VTR,VTR,ok,VTR,กลุ่มการเงิน (SIC 6000–6799) — กฎนี้ไม่ครอบคลุม
2021-10-29,1618921.0,WBA,,no_price,,ไม่อยู่ใน universe (ข้อมูลราคา/market cap: no_price)
2021-10-29,766704.0,WELL,WELL,ok,WELL,กลุ่มการเงิน (SIC 6000–6799) — กฎนี้ไม่ครอบคลุม
2021-10-29,72971.0,WFC,WFC,ok,WFC,กลุ่มการเงิน (SIC 6000–6799) — กฎนี้ไม่ครอบคลุม
2021-10-29,1140536.0,WLTW,WTW,ok,WTW,กลุ่มการเงิน (SIC 6000–6799) — กฎนี้ไม่ครอบคลุม
2021-10-29,11544.0,WRB,WRB,ok,WRB,กลุ่มการเงิน (SIC 6000–6799) — กฎนี้ไม่ครอบคลุม
2021-10-29,1732845.0,WRK,,no_price,,ไม่อยู่ใน universe (ข้อมูลราคา/market cap: no_price)
2021-10-29,106535.0,WY,WY,ok,WY,กลุ่มการเงิน (SIC 6000–6799) — กฎนี้ไม่ครอบคลุม
2021-10-29,743988.0,XLNX,,no_price,,ไม่อยู่ใน universe (ข้อมูลราคา/market cap: no_price)
2021-10-29,109380.0,ZION,ZION,ok,ZION,กลุ่มการเงิน (SIC 6000–6799) — กฎนี้ไม่ครอบคลุม
2021-11-30,815094.0,ABMD,,no_price,,ไม่อยู่ใน universe (ข้อมูลราคา/market cap: no_price)
2021-11-30,4977.0,AFL,AFL,ok,AFL,กลุ่มการเงิน (SIC 6000–6799) — กฎนี้ไม่ครอบคลุม
2021-11-30,5272.0,AIG,AIG,ok,AIG,กลุ่มการเงิน (SIC 6000–6799) — กฎนี้ไม่ครอบคลุม
2021-11-30,1267238.0,AIZ,AIZ,ok,AIZ,กลุ่มการเงิน (SIC 6000–6799) — กฎนี้ไม่ครอบคลุม
2021-11-30,354190.0,AJG,AJG,ok,AJG,กลุ่มการเงิน (SIC 6000–6799) — กฎนี้ไม่ครอบคลุม
2021-11-30,899051.0,ALL,ALL,ok,ALL,กลุ่มการเงิน (SIC 6000–6799) — กฎนี้ไม่ครอบคลุม
2021-11-30,820027.0,AMP,AMP,ok,AMP,กลุ่มการเงิน (SIC 6000–6799) — กฎนี้ไม่ครอบคลุม
2021-11-30,1053507.0,AMT,AMT,ok,AMT,กลุ่มการเงิน (SIC 6000–6799) — กฎนี้ไม่ครอบคลุม
2021-11-30,1013462.0,ANSS,,no_price,,ไม่อยู่ใน universe (ข้อมูลราคา/market cap: no_price)
2021-11-30,1156039.0,ANTM,ELV,ok,ELV,กลุ่มการเงิน (SIC 6000–6799) — กฎนี้ไม่ครอบคลุม
2021-11-30,315293.0,AON,AON,ok,AON,กลุ่มการเงิน (SIC 6000–6799) — กฎนี้ไม่ครอบคลุม
2021-11-30,1035443.0,ARE,ARE,ok,ARE,กลุ่มการเงิน (SIC 6000–6799) — กฎนี้ไม่ครอบคลุม
2021-11-30,718877.0,ATVI,,no_price,,ไม่อยู่ใน universe (ข้อมูลราคา/market cap: no_price)
2021-11-30,915912.0,AVB,,no_price,,กลุ่มการเงิน (SIC 6000–6799) — กฎนี้ไม่ครอบคลุม
2021-11-30,4962.0,AXP,AXP,ok,AXP,กลุ่มการเงิน (SIC 6000–6799) — กฎนี้ไม่ครอบคลุม
2021-11-30,70858.0,BAC,BAC,ok,BAC,กลุ่มการเงิน (SIC 6000–6799) — กฎนี้ไม่ครอบคลุม
2021-11-30,38777.0,BEN,BEN,ok,BEN,กลุ่มการเงิน (SIC 6000–6799) — กฎนี้ไม่ครอบคลุม
2021-11-30,1390777.0,BK,BNY,ok,BNY,กลุ่มการเงิน (SIC 6000–6799) — กฎนี้ไม่ครอบคลุม
2021-11-30,1701605.0,BKR,BKR,ok_no_shares,BKR,ไม่อยู่ใน universe (ข้อมูลราคา/market cap: ok_no_shares)
2021-11-30,1364742.0,BLK,BLK,ok,,กลุ่มการเงิน (SIC 6000–6799) — กฎนี้ไม่ครอบคลุม
2021-11-30,1067983.0,BRK.B,BRK-B,ok_no_shares,BRK-B,กลุ่มการเงิน (SIC 6000–6799) — กฎนี้ไม่ครอบคลุม
2021-11-30,79282.0,BRO,BRO,ok,BRO,กลุ่มการเงิน (SIC 6000–6799) — กฎนี้ไม่ครอบคลุม
2021-11-30,1037540.0,BXP,BXP,ok,BXP,กลุ่มการเงิน (SIC 6000–6799) — กฎนี้ไม่ครอบคลุม
2021-11-30,831001.0,C,C,ok,C,กลุ่มการเงิน (SIC 6000–6799) — กฎนี้ไม่ครอบคลุม
2021-11-30,896159.0,CB,CB,ok,CB,กลุ่มการเงิน (SIC 6000–6799) — กฎนี้ไม่ครอบคลุม
2021-11-30,1374310.0,CBOE,CBOE,ok,CBOE,กลุ่มการเงิน (SIC 6000–6799) — กฎนี้ไม่ครอบคลุม
2021-11-30,1138118.0,CBRE,CBRE,ok,CBRE,กลุ่มการเงิน (SIC 6000–6799) — กฎนี้ไม่ครอบคลุม
2021-11-30,1051470.0,CCI,CCI,ok,CCI,กลุ่มการเงิน (SIC 6000–6799) — กฎนี้ไม่ครอบคลุม
2021-11-30,1725057.0,CDAY,,no_price,,ไม่อยู่ใน universe (ข้อมูลราคา/market cap: no_price)
2021-11-30,804753.0,CERN,,no_price,,ไม่อยู่ใน universe (ข้อมูลราคา/market cap: no_price)
2021-11-30,759944.0,CFG,CFG,ok,CFG,กลุ่มการเงิน (SIC 6000–6799) — กฎนี้ไม่ครอบคลุม
2021-11-30,1739940.0,CI,CI,ok,CI,กลุ่มการเงิน (SIC 6000–6799) — กฎนี้ไม่ครอบคลุม
2021-11-30,20286.0,CINF,CINF,ok,CINF,กลุ่มการเงิน (SIC 6000–6799) — กฎนี้ไม่ครอบคลุม
2021-11-30,28412.0,CMA,,no_price,,กลุ่มการเงิน (SIC 6000–6799) — กฎนี้ไม่ครอบคลุม
2021-11-30,1156375.0,CME,CME,ok,CME,กลุ่มการเงิน (SIC 6000–6799) — กฎนี้ไม่ครอบคลุม
2021-11-30,1071739.0,CNC,CNC,ok,CNC,กลุ่มการเงิน (SIC 6000–6799) — กฎนี้ไม่ครอบคลุม
2021-11-30,927628.0,COF,COF,ok,COF,กลุ่มการเงิน (SIC 6000–6799) — กฎนี้ไม่ครอบคลุม
2021-11-30,1596783.0,CTLT,,no_price,,ไม่อยู่ใน universe (ข้อมูลราคา/market cap: no_price)
2021-11-30,,CTRA,,,,ไม่อยู่ใน universe (ข้อมูลราคา/market cap: None)
2021-11-30,877890.0,CTXS,,no_price,,ไม่อยู่ใน universe (ข้อมูลราคา/market cap: no_price)
2021-11-30,1393612.0,DFS,,no_price,,กลุ่มการเงิน (SIC 6000–6799) — กฎนี้ไม่ครอบคลุม
2021-11-30,1437107.0,DISCA,WBD,ok_no_shares,WBD,ไม่อยู่ใน universe (ข้อมูลราคา/market cap: ok_no_shares)
2021-11-30,,DISCK,,,,ไม่อยู่ใน universe (ข้อมูลราคา/market cap: None)
2021-11-30,1001082.0,DISH,,no_price,,ไม่อยู่ใน universe (ข้อมูลราคา/market cap: no_price)
2021-11-30,1297996.0,DLR,DLR,ok,DLR,กลุ่มการเงิน (SIC 6000–6799) — กฎนี้ไม่ครอบคลุม
2021-11-30,783280.0,DRE,,no_price,,กลุ่มการเงิน (SIC 6000–6799) — กฎนี้ไม่ครอบคลุม
2021-11-30,712515.0,EA,,no_price,,ไม่อยู่ใน universe (ข้อมูลราคา/market cap: no_price)
2021-11-30,1101239.0,EQIX,EQIX,ok,EQIX,กลุ่มการเงิน (SIC 6000–6799) — กฎนี้ไม่ครอบคลุม
2021-11-30,906107.0,EQR,VMRK,ok,VMRK,กลุ่มการเงิน (SIC 6000–6799) — กฎนี้ไม่ครอบคลุม
2021-11-30,920522.0,ESS,ESS,ok,ESS,กลุ่มการเงิน (SIC 6000–6799) — กฎนี้ไม่ครอบคลุม
2021-11-30,1289490.0,EXR,EXR,ok,EXR,กลุ่มการเงิน (SIC 6000–6799) — กฎนี้ไม่ครอบคลุม
2021-11-30,35527.0,FITB,FITB,ok,FITB,กลุ่มการเงิน (SIC 6000–6799) — กฎนี้ไม่ครอบคลุม
2021-11-30,1754301.0,FOX,FOXA,ok_no_shares,FOXA,ไม่อยู่ใน universe (ข้อมูลราคา/market cap: ok_no_shares)
2021-11-30,1754301.0,FOXA,FOXA,ok_no_shares,FOXA,ไม่อยู่ใน universe (ข้อมูลราคา/market cap: ok_no_shares)
2021-11-30,,FRC,,,,ไม่อยู่ใน universe (ข้อมูลราคา/market cap: None)
2021-11-30,34903.0,FRT,FRT,ok,FRT,กลุ่มการเงิน (SIC 6000–6799) — กฎนี้ไม่ครอบคลุม
2021-11-30,320335.0,GL,GL,ok,GL,กลุ่มการเงิน (SIC 6000–6799) — กฎนี้ไม่ครอบคลุม
2021-11-30,886982.0,GS,GS,ok,GS,กลุ่มการเงิน (SIC 6000–6799) — กฎนี้ไม่ครอบคลุม
2021-11-30,49196.0,HBAN,HBAN,ok,HBAN,กลุ่มการเงิน (SIC 6000–6799) — กฎนี้ไม่ครอบคลุม
2021-11-30,1359841.0,HBI,,no_price,,ไม่อยู่ใน universe (ข้อมูลราคา/market cap: no_price)
2021-11-30,4447.0,HES,,no_price,,ไม่อยู่ใน universe (ข้อมูลราคา/market cap: no_price)
2021-11-30,874766.0,HIG,HIG,ok,HIG,กลุ่มการเงิน (SIC 6000–6799) — กฎนี้ไม่ครอบคลุม
2021-11-30,859737.0,HOLX,,no_price,,ไม่อยู่ใน universe (ข้อมูลราคา/market cap: no_price)
2021-11-30,49071.0,HUM,HUM,ok,HUM,กลุ่มการเงิน (SIC 6000–6799) — กฎนี้ไม่ครอบคลุม
2021-11-30,1571949.0,ICE,ICE,ok,ICE,กลุ่มการเงิน (SIC 6000–6799) — กฎนี้ไม่ครอบคลุม
2021-11-30,51253.0,IFF,IFF,ok_shares_suspect,IFF,ไม่อยู่ใน universe (ข้อมูลราคา/market cap: ok_shares_suspect)
2021-11-30,1598014.0,INFO,,no_price,,ไม่อยู่ใน universe (ข้อมูลราคา/market cap: no_price)
2021-11-30,51644.0,IPG,,no_price,,ไม่อยู่ใน universe (ข้อมูลราคา/market cap: no_price)
2021-11-30,1020569.0,IRM,IRM,ok,IRM,กลุ่มการเงิน (SIC 6000–6799) — กฎนี้ไม่ครอบคลุม
2021-11-30,914208.0,IVZ,IVZ,ok,IVZ,กลุ่มการเงิน (SIC 6000–6799) — กฎนี้ไม่ครอบคลุม
2021-11-30,1043604.0,JNPR,,no_price,,ไม่อยู่ใน universe (ข้อมูลราคา/market cap: no_price)
2021-11-30,19617.0,JPM,JPM,ok,JPM,กลุ่มการเงิน (SIC 6000–6799) — กฎนี้ไม่ครอบคลุม
2021-11-30,55067.0,K,,no_price,,ไม่อยู่ใน universe (ข้อมูลราคา/market cap: no_price)
2021-11-30,91576.0,KEY,KEY,ok,KEY,กลุ่มการเงิน (SIC 6000–6799) — กฎนี้ไม่ครอบคลุม
2021-11-30,879101.0,KIM,KIM,ok,KIM,กลุ่มการเงิน (SIC 6000–6799) — กฎนี้ไม่ครอบคลุม
2021-11-30,54480.0,KSU,,no_price,,ไม่อยู่ใน universe (ข้อมูลราคา/market cap: no_price)
2021-11-30,60086.0,L,L,ok,L,กลุ่มการเงิน (SIC 6000–6799) — กฎนี้ไม่ครอบคลุม
2021-11-30,58492.0,LEG,,no_price,,ไม่อยู่ใน universe (ข้อมูลราคา/market cap: no_price)
2021-11-30,59558.0,LNC,LNC,ok,LNC,กลุ่มการเงิน (SIC 6000–6799) — กฎนี้ไม่ครอบคลุม
2021-11-30,912595.0,MAA,MAA,ok,MAA,กลุ่มการเงิน (SIC 6000–6799) — กฎนี้ไม่ครอบคลุม
2021-11-30,1099219.0,MET,MET,ok,MET,กลุ่มการเงิน (SIC 6000–6799) — กฎนี้ไม่ครอบคลุม
2021-11-30,1278021.0,MKTX,MKTX,ok,MKTX,กลุ่มการเงิน (SIC 6000–6799) — กฎนี้ไม่ครอบคลุม
2021-11-30,62709.0,MMC,MRSH,ok,MRSH,กลุ่มการเงิน (SIC 6000–6799) — กฎนี้ไม่ครอบคลุม
2021-11-30,101778.0,MRO,,no_price,,ไม่อยู่ใน universe (ข้อมูลราคา/market cap: no_price)
2021-11-30,895421.0,MS,MS,ok,MS,กลุ่มการเงิน (SIC 6000–6799) — กฎนี้ไม่ครอบคลุม
2021-11-30,36270.0,MTB,MTB,ok,MTB,กลุ่มการเงิน (SIC 6000–6799) — กฎนี้ไม่ครอบคลุม
2021-11-30,1120193.0,NDAQ,NDAQ,ok,NDAQ,กลุ่มการเงิน (SIC 6000–6799) — กฎนี้ไม่ครอบคลุม
2021-11-30,1492633.0,NLSN,,no_price,,ไม่อยู่ใน universe (ข้อมูลราคา/market cap: no_price)
2021-11-30,73124.0,NTRS,NTRS,ok,NTRS,กลุ่มการเงิน (SIC 6000–6799) — กฎนี้ไม่ครอบคลุม
2021-11-30,726728.0,O,O,ok,O,กลุ่มการเงิน (SIC 6000–6799) — กฎนี้ไม่ครอบคลุม
2021-11-30,1821825.0,OGN,OGN,ok_no_shares,OGN,ไม่อยู่ใน universe (ข้อมูลราคา/market cap: ok_no_shares)
2021-11-30,1378946.0,PBCT,,no_price,,กลุ่มการเงิน (SIC 6000–6799) — กฎนี้ไม่ครอบคลุม
2021-11-30,765880.0,PEAK,DOC,ok,DOC,กลุ่มการเงิน (SIC 6000–6799) — กฎนี้ไม่ครอบคลุม
2021-11-30,1126328.0,PFG,PFG,ok,PFG,กลุ่มการเงิน (SIC 6000–6799) — กฎนี้ไม่ครอบคลุม
2021-11-30,80661.0,PGR,PGR,ok,PGR,กลุ่มการเงิน (SIC 6000–6799) — กฎนี้ไม่ครอบคลุม
2021-11-30,1045609.0,PLD,PLD,ok,PLD,กลุ่มการเงิน (SIC 6000–6799) — กฎนี้ไม่ครอบคลุม
2021-11-30,713676.0,PNC,PNC,ok,PNC,กลุ่มการเงิน (SIC 6000–6799) — กฎนี้ไม่ครอบคลุม
2021-11-30,1137774.0,PRU,PRU,ok,PRU,กลุ่มการเงิน (SIC 6000–6799) — กฎนี้ไม่ครอบคลุม
2021-11-30,1393311.0,PSA,PSA,ok,PSA,กลุ่มการเงิน (SIC 6000–6799) — กฎนี้ไม่ครอบคลุม
2021-11-30,1038357.0,PXD,,no_price,,ไม่อยู่ใน universe (ข้อมูลราคา/market cap: no_price)
2021-11-30,1095073.0,RE,EG,ok,EG,กลุ่มการเงิน (SIC 6000–6799) — กฎนี้ไม่ครอบคลุม
2021-11-30,910606.0,REG,REG,ok,REG,กลุ่มการเงิน (SIC 6000–6799) — กฎนี้ไม่ครอบคลุม
2021-11-30,1281761.0,RF,RF,ok,RF,กลุ่มการเงิน (SIC 6000–6799) — กฎนี้ไม่ครอบคลุม
2021-11-30,720005.0,RJF,RJF,ok,RJF,กลุ่มการเงิน (SIC 6000–6799) — กฎนี้ไม่ครอบคลุม
2021-11-30,1034054.0,SBAC,SBAC,ok,SBAC,กลุ่มการเงิน (SIC 6000–6799) — กฎนี้ไม่ครอบคลุม
2021-11-30,316709.0,SCHW,SCHW,ok,SCHW,กลุ่มการเงิน (SIC 6000–6799) — กฎนี้ไม่ครอบคลุม
2021-11-30,1012100.0,SEE,,no_price,,ไม่อยู่ใน universe (ข้อมูลราคา/market cap: no_price)
2021-11-30,719739.0,SIVB,,no_price,,กลุ่มการเงิน (SIC 6000–6799) — กฎนี้ไม่ครอบคลุม
2021-11-30,1063761.0,SPG,SPG,ok_no_shares,SPG,กลุ่มการเงิน (SIC 6000–6799) — กฎนี้ไม่ครอบคลุม
2021-11-30,93751.0,STT,STT,ok,STT,กลุ่มการเงิน (SIC 6000–6799) — กฎนี้ไม่ครอบคลุม
2021-11-30,16918.0,STZ,STZ,ok_no_shares,STZ,ไม่อยู่ใน universe (ข้อมูลราคา/market cap: ok_no_shares)
2021-11-30,1601712.0,SYF,SYF,ok,SYF,กลุ่มการเงิน (SIC 6000–6799) — กฎนี้ไม่ครอบคลุม
2021-11-30,92230.0,TFC,TFC,ok,TFC,กลุ่มการเงิน (SIC 6000–6799) — กฎนี้ไม่ครอบคลุม
2021-11-30,1113169.0,TROW,TROW,ok,TROW,กลุ่มการเงิน (SIC 6000–6799) — กฎนี้ไม่ครอบคลุม
2021-11-30,86312.0,TRV,TRV,ok,TRV,กลุ่มการเงิน (SIC 6000–6799) — กฎนี้ไม่ครอบคลุม
2021-11-30,100493.0,TSN,TSN,ok_no_shares,TSN,ไม่อยู่ใน universe (ข้อมูลราคา/market cap: ok_no_shares)
2021-11-30,1418091.0,TWTR,,no_price,,ไม่อยู่ใน universe (ข้อมูลราคา/market cap: no_price)
2021-11-30,74208.0,UDR,UDR,ok,UDR,กลุ่มการเงิน (SIC 6000–6799) — กฎนี้ไม่ครอบคลุม
2021-11-30,731766.0,UNH,UNH,ok,UNH,กลุ่มการเงิน (SIC 6000–6799) — กฎนี้ไม่ครอบคลุม
2021-11-30,36104.0,USB,USB,ok,USB,กลุ่มการเงิน (SIC 6000–6799) — กฎนี้ไม่ครอบคลุม
2021-11-30,1403161.0,V,V,ok_no_shares,V,ไม่อยู่ใน universe (ข้อมูลราคา/market cap: ok_no_shares)
2021-11-30,813828.0,VIAC,,no_price,,ไม่อยู่ใน universe (ข้อมูลราคา/market cap: no_price)
2021-11-30,899689.0,VNO,VNO,ok,VNO,กลุ่มการเงิน (SIC 6000–6799) — กฎนี้ไม่ครอบคลุม
2021-11-30,740260.0,VTR,VTR,ok,VTR,กลุ่มการเงิน (SIC 6000–6799) — กฎนี้ไม่ครอบคลุม
2021-11-30,1618921.0,WBA,,no_price,,ไม่อยู่ใน universe (ข้อมูลราคา/market cap: no_price)
2021-11-30,766704.0,WELL,WELL,ok,WELL,กลุ่มการเงิน (SIC 6000–6799) — กฎนี้ไม่ครอบคลุม
2021-11-30,72971.0,WFC,WFC,ok,WFC,กลุ่มการเงิน (SIC 6000–6799) — กฎนี้ไม่ครอบคลุม
2021-11-30,1140536.0,WLTW,WTW,ok,WTW,กลุ่มการเงิน (SIC 6000–6799) — กฎนี้ไม่ครอบคลุม
2021-11-30,11544.0,WRB,WRB,ok,WRB,กลุ่มการเงิน (SIC 6000–6799) — กฎนี้ไม่ครอบคลุม
2021-11-30,1732845.0,WRK,,no_price,,ไม่อยู่ใน universe (ข้อมูลราคา/market cap: no_price)
2021-11-30,106535.0,WY,WY,ok,WY,กลุ่มการเงิน (SIC 6000–6799) — กฎนี้ไม่ครอบคลุม
2021-11-30,743988.0,XLNX,,no_price,,ไม่อยู่ใน universe (ข้อมูลราคา/market cap: no_price)
2021-11-30,109380.0,ZION,ZION,ok,ZION,กลุ่มการเงิน (SIC 6000–6799) — กฎนี้ไม่ครอบคลุม
2021-12-31,815094.0,ABMD,,no_price,,ไม่อยู่ใน universe (ข้อมูลราคา/market cap: no_price)
2021-12-31,4977.0,AFL,AFL,ok,AFL,กลุ่มการเงิน (SIC 6000–6799) — กฎนี้ไม่ครอบคลุม
2021-12-31,5272.0,AIG,AIG,ok,AIG,กลุ่มการเงิน (SIC 6000–6799) — กฎนี้ไม่ครอบคลุม
2021-12-31,1267238.0,AIZ,AIZ,ok,AIZ,กลุ่มการเงิน (SIC 6000–6799) — กฎนี้ไม่ครอบคลุม
2021-12-31,354190.0,AJG,AJG,ok,AJG,กลุ่มการเงิน (SIC 6000–6799) — กฎนี้ไม่ครอบคลุม
2021-12-31,899051.0,ALL,ALL,ok,ALL,กลุ่มการเงิน (SIC 6000–6799) — กฎนี้ไม่ครอบคลุม
2021-12-31,820027.0,AMP,AMP,ok,AMP,กลุ่มการเงิน (SIC 6000–6799) — กฎนี้ไม่ครอบคลุม
2021-12-31,1053507.0,AMT,AMT,ok,AMT,กลุ่มการเงิน (SIC 6000–6799) — กฎนี้ไม่ครอบคลุม
2021-12-31,1013462.0,ANSS,,no_price,,ไม่อยู่ใน universe (ข้อมูลราคา/market cap: no_price)
2021-12-31,1156039.0,ANTM,ELV,ok,ELV,กลุ่มการเงิน (SIC 6000–6799) — กฎนี้ไม่ครอบคลุม
2021-12-31,315293.0,AON,AON,ok,AON,กลุ่มการเงิน (SIC 6000–6799) — กฎนี้ไม่ครอบคลุม
2021-12-31,1035443.0,ARE,ARE,ok,ARE,กลุ่มการเงิน (SIC 6000–6799) — กฎนี้ไม่ครอบคลุม
2021-12-31,718877.0,ATVI,,no_price,,ไม่อยู่ใน universe (ข้อมูลราคา/market cap: no_price)
2021-12-31,915912.0,AVB,,no_price,,กลุ่มการเงิน (SIC 6000–6799) — กฎนี้ไม่ครอบคลุม
2021-12-31,4962.0,AXP,AXP,ok,AXP,กลุ่มการเงิน (SIC 6000–6799) — กฎนี้ไม่ครอบคลุม
2021-12-31,70858.0,BAC,BAC,ok,BAC,กลุ่มการเงิน (SIC 6000–6799) — กฎนี้ไม่ครอบคลุม
2021-12-31,38777.0,BEN,BEN,ok,BEN,กลุ่มการเงิน (SIC 6000–6799) — กฎนี้ไม่ครอบคลุม
2021-12-31,1390777.0,BK,BNY,ok,BNY,กลุ่มการเงิน (SIC 6000–6799) — กฎนี้ไม่ครอบคลุม
2021-12-31,1701605.0,BKR,BKR,ok_no_shares,BKR,ไม่อยู่ใน universe (ข้อมูลราคา/market cap: ok_no_shares)
2021-12-31,1364742.0,BLK,BLK,ok,,กลุ่มการเงิน (SIC 6000–6799) — กฎนี้ไม่ครอบคลุม
2021-12-31,1067983.0,BRK.B,BRK-B,ok_no_shares,BRK-B,กลุ่มการเงิน (SIC 6000–6799) — กฎนี้ไม่ครอบคลุม
2021-12-31,79282.0,BRO,BRO,ok,BRO,กลุ่มการเงิน (SIC 6000–6799) — กฎนี้ไม่ครอบคลุม
2021-12-31,1037540.0,BXP,BXP,ok,BXP,กลุ่มการเงิน (SIC 6000–6799) — กฎนี้ไม่ครอบคลุม
2021-12-31,831001.0,C,C,ok,C,กลุ่มการเงิน (SIC 6000–6799) — กฎนี้ไม่ครอบคลุม
2021-12-31,896159.0,CB,CB,ok,CB,กลุ่มการเงิน (SIC 6000–6799) — กฎนี้ไม่ครอบคลุม
2021-12-31,1374310.0,CBOE,CBOE,ok,CBOE,กลุ่มการเงิน (SIC 6000–6799) — กฎนี้ไม่ครอบคลุม
2021-12-31,1138118.0,CBRE,CBRE,ok,CBRE,กลุ่มการเงิน (SIC 6000–6799) — กฎนี้ไม่ครอบคลุม
2021-12-31,1051470.0,CCI,CCI,ok,CCI,กลุ่มการเงิน (SIC 6000–6799) — กฎนี้ไม่ครอบคลุม
2021-12-31,1725057.0,CDAY,,no_price,,ไม่อยู่ใน universe (ข้อมูลราคา/market cap: no_price)
2021-12-31,804753.0,CERN,,no_price,,ไม่อยู่ใน universe (ข้อมูลราคา/market cap: no_price)
2021-12-31,759944.0,CFG,CFG,ok,CFG,กลุ่มการเงิน (SIC 6000–6799) — กฎนี้ไม่ครอบคลุม
2021-12-31,1739940.0,CI,CI,ok,CI,กลุ่มการเงิน (SIC 6000–6799) — กฎนี้ไม่ครอบคลุม
2021-12-31,20286.0,CINF,CINF,ok,CINF,กลุ่มการเงิน (SIC 6000–6799) — กฎนี้ไม่ครอบคลุม
2021-12-31,28412.0,CMA,,no_price,,กลุ่มการเงิน (SIC 6000–6799) — กฎนี้ไม่ครอบคลุม
2021-12-31,1156375.0,CME,CME,ok,CME,กลุ่มการเงิน (SIC 6000–6799) — กฎนี้ไม่ครอบคลุม
2021-12-31,1071739.0,CNC,CNC,ok,CNC,กลุ่มการเงิน (SIC 6000–6799) — กฎนี้ไม่ครอบคลุม
2021-12-31,927628.0,COF,COF,ok,COF,กลุ่มการเงิน (SIC 6000–6799) — กฎนี้ไม่ครอบคลุม
2021-12-31,1596783.0,CTLT,,no_price,,ไม่อยู่ใน universe (ข้อมูลราคา/market cap: no_price)
2021-12-31,,CTRA,,,,ไม่อยู่ใน universe (ข้อมูลราคา/market cap: None)
2021-12-31,877890.0,CTXS,,no_price,,ไม่อยู่ใน universe (ข้อมูลราคา/market cap: no_price)
2021-12-31,1393612.0,DFS,,no_price,,กลุ่มการเงิน (SIC 6000–6799) — กฎนี้ไม่ครอบคลุม
2021-12-31,1437107.0,DISCA,WBD,ok_no_shares,WBD,ไม่อยู่ใน universe (ข้อมูลราคา/market cap: ok_no_shares)
2021-12-31,,DISCK,,,,ไม่อยู่ใน universe (ข้อมูลราคา/market cap: None)
2021-12-31,1001082.0,DISH,,no_price,,ไม่อยู่ใน universe (ข้อมูลราคา/market cap: no_price)
2021-12-31,1297996.0,DLR,DLR,ok,DLR,กลุ่มการเงิน (SIC 6000–6799) — กฎนี้ไม่ครอบคลุม
2021-12-31,783280.0,DRE,,no_price,,กลุ่มการเงิน (SIC 6000–6799) — กฎนี้ไม่ครอบคลุม
2021-12-31,712515.0,EA,,no_price,,ไม่อยู่ใน universe (ข้อมูลราคา/market cap: no_price)
2021-12-31,1101239.0,EQIX,EQIX,ok,EQIX,กลุ่มการเงิน (SIC 6000–6799) — กฎนี้ไม่ครอบคลุม
2021-12-31,906107.0,EQR,VMRK,ok,VMRK,กลุ่มการเงิน (SIC 6000–6799) — กฎนี้ไม่ครอบคลุม
2021-12-31,920522.0,ESS,ESS,ok,ESS,กลุ่มการเงิน (SIC 6000–6799) — กฎนี้ไม่ครอบคลุม
2021-12-31,1289490.0,EXR,EXR,ok,EXR,กลุ่มการเงิน (SIC 6000–6799) — กฎนี้ไม่ครอบคลุม
2021-12-31,35527.0,FITB,FITB,ok,FITB,กลุ่มการเงิน (SIC 6000–6799) — กฎนี้ไม่ครอบคลุม
2021-12-31,1754301.0,FOX,FOXA,ok_no_shares,FOXA,ไม่อยู่ใน universe (ข้อมูลราคา/market cap: ok_no_shares)
2021-12-31,1754301.0,FOXA,FOXA,ok_no_shares,FOXA,ไม่อยู่ใน universe (ข้อมูลราคา/market cap: ok_no_shares)
2021-12-31,,FRC,,,,ไม่อยู่ใน universe (ข้อมูลราคา/market cap: None)
2021-12-31,34903.0,FRT,FRT,ok,FRT,กลุ่มการเงิน (SIC 6000–6799) — กฎนี้ไม่ครอบคลุม
2021-12-31,320335.0,GL,GL,ok,GL,กลุ่มการเงิน (SIC 6000–6799) — กฎนี้ไม่ครอบคลุม
2021-12-31,886982.0,GS,GS,ok,GS,กลุ่มการเงิน (SIC 6000–6799) — กฎนี้ไม่ครอบคลุม
2021-12-31,49196.0,HBAN,HBAN,ok,HBAN,กลุ่มการเงิน (SIC 6000–6799) — กฎนี้ไม่ครอบคลุม
2021-12-31,4447.0,HES,,no_price,,ไม่อยู่ใน universe (ข้อมูลราคา/market cap: no_price)
2021-12-31,874766.0,HIG,HIG,ok,HIG,กลุ่มการเงิน (SIC 6000–6799) — กฎนี้ไม่ครอบคลุม
2021-12-31,859737.0,HOLX,,no_price,,ไม่อยู่ใน universe (ข้อมูลราคา/market cap: no_price)
2021-12-31,49071.0,HUM,HUM,ok,HUM,กลุ่มการเงิน (SIC 6000–6799) — กฎนี้ไม่ครอบคลุม
2021-12-31,1571949.0,ICE,ICE,ok,ICE,กลุ่มการเงิน (SIC 6000–6799) — กฎนี้ไม่ครอบคลุม
2021-12-31,51253.0,IFF,IFF,ok_shares_suspect,IFF,ไม่อยู่ใน universe (ข้อมูลราคา/market cap: ok_shares_suspect)
2021-12-31,1598014.0,INFO,,no_price,,ไม่อยู่ใน universe (ข้อมูลราคา/market cap: no_price)
2021-12-31,51644.0,IPG,,no_price,,ไม่อยู่ใน universe (ข้อมูลราคา/market cap: no_price)
2021-12-31,1020569.0,IRM,IRM,ok,IRM,กลุ่มการเงิน (SIC 6000–6799) — กฎนี้ไม่ครอบคลุม
2021-12-31,914208.0,IVZ,IVZ,ok,IVZ,กลุ่มการเงิน (SIC 6000–6799) — กฎนี้ไม่ครอบคลุม
2021-12-31,1043604.0,JNPR,,no_price,,ไม่อยู่ใน universe (ข้อมูลราคา/market cap: no_price)
2021-12-31,19617.0,JPM,JPM,ok,JPM,กลุ่มการเงิน (SIC 6000–6799) — กฎนี้ไม่ครอบคลุม
2021-12-31,55067.0,K,,no_price,,ไม่อยู่ใน universe (ข้อมูลราคา/market cap: no_price)
2021-12-31,91576.0,KEY,KEY,ok,KEY,กลุ่มการเงิน (SIC 6000–6799) — กฎนี้ไม่ครอบคลุม
2021-12-31,879101.0,KIM,KIM,ok,KIM,กลุ่มการเงิน (SIC 6000–6799) — กฎนี้ไม่ครอบคลุม
2021-12-31,60086.0,L,L,ok,L,กลุ่มการเงิน (SIC 6000–6799) — กฎนี้ไม่ครอบคลุม
2021-12-31,59558.0,LNC,LNC,ok,LNC,กลุ่มการเงิน (SIC 6000–6799) — กฎนี้ไม่ครอบคลุม
2021-12-31,912595.0,MAA,MAA,ok,MAA,กลุ่มการเงิน (SIC 6000–6799) — กฎนี้ไม่ครอบคลุม
2021-12-31,1099219.0,MET,MET,ok,MET,กลุ่มการเงิน (SIC 6000–6799) — กฎนี้ไม่ครอบคลุม
2021-12-31,1278021.0,MKTX,MKTX,ok,MKTX,กลุ่มการเงิน (SIC 6000–6799) — กฎนี้ไม่ครอบคลุม
2021-12-31,62709.0,MMC,MRSH,ok,MRSH,กลุ่มการเงิน (SIC 6000–6799) — กฎนี้ไม่ครอบคลุม
2021-12-31,101778.0,MRO,,no_price,,ไม่อยู่ใน universe (ข้อมูลราคา/market cap: no_price)
2021-12-31,895421.0,MS,MS,ok,MS,กลุ่มการเงิน (SIC 6000–6799) — กฎนี้ไม่ครอบคลุม
2021-12-31,36270.0,MTB,MTB,ok,MTB,กลุ่มการเงิน (SIC 6000–6799) — กฎนี้ไม่ครอบคลุม
2021-12-31,1120193.0,NDAQ,NDAQ,ok,NDAQ,กลุ่มการเงิน (SIC 6000–6799) — กฎนี้ไม่ครอบคลุม
2021-12-31,1492633.0,NLSN,,no_price,,ไม่อยู่ใน universe (ข้อมูลราคา/market cap: no_price)
2021-12-31,73124.0,NTRS,NTRS,ok,NTRS,กลุ่มการเงิน (SIC 6000–6799) — กฎนี้ไม่ครอบคลุม
2021-12-31,726728.0,O,O,ok,O,กลุ่มการเงิน (SIC 6000–6799) — กฎนี้ไม่ครอบคลุม
2021-12-31,1821825.0,OGN,OGN,ok_no_shares,OGN,ไม่อยู่ใน universe (ข้อมูลราคา/market cap: ok_no_shares)
2021-12-31,1378946.0,PBCT,,no_price,,กลุ่มการเงิน (SIC 6000–6799) — กฎนี้ไม่ครอบคลุม
2021-12-31,765880.0,PEAK,DOC,ok,DOC,กลุ่มการเงิน (SIC 6000–6799) — กฎนี้ไม่ครอบคลุม
2021-12-31,1126328.0,PFG,PFG,ok,PFG,กลุ่มการเงิน (SIC 6000–6799) — กฎนี้ไม่ครอบคลุม
2021-12-31,80661.0,PGR,PGR,ok,PGR,กลุ่มการเงิน (SIC 6000–6799) — กฎนี้ไม่ครอบคลุม
2021-12-31,1045609.0,PLD,PLD,ok,PLD,กลุ่มการเงิน (SIC 6000–6799) — กฎนี้ไม่ครอบคลุม
2021-12-31,713676.0,PNC,PNC,ok,PNC,กลุ่มการเงิน (SIC 6000–6799) — กฎนี้ไม่ครอบคลุม
2021-12-31,1137774.0,PRU,PRU,ok,PRU,กลุ่มการเงิน (SIC 6000–6799) — กฎนี้ไม่ครอบคลุม
2021-12-31,1393311.0,PSA,PSA,ok,PSA,กลุ่มการเงิน (SIC 6000–6799) — กฎนี้ไม่ครอบคลุม
2021-12-31,1038357.0,PXD,,no_price,,ไม่อยู่ใน universe (ข้อมูลราคา/market cap: no_price)
2021-12-31,1095073.0,RE,EG,ok,EG,กลุ่มการเงิน (SIC 6000–6799) — กฎนี้ไม่ครอบคลุม
2021-12-31,910606.0,REG,REG,ok,REG,กลุ่มการเงิน (SIC 6000–6799) — กฎนี้ไม่ครอบคลุม
2021-12-31,1281761.0,RF,RF,ok,RF,กลุ่มการเงิน (SIC 6000–6799) — กฎนี้ไม่ครอบคลุม
2021-12-31,720005.0,RJF,RJF,ok,RJF,กลุ่มการเงิน (SIC 6000–6799) — กฎนี้ไม่ครอบคลุม
2021-12-31,1034054.0,SBAC,SBAC,ok,SBAC,กลุ่มการเงิน (SIC 6000–6799) — กฎนี้ไม่ครอบคลุม
2021-12-31,,SBNY,,,,ไม่อยู่ใน universe (ข้อมูลราคา/market cap: None)
2021-12-31,316709.0,SCHW,SCHW,ok,SCHW,กลุ่มการเงิน (SIC 6000–6799) — กฎนี้ไม่ครอบคลุม
2021-12-31,1012100.0,SEE,,no_price,,ไม่อยู่ใน universe (ข้อมูลราคา/market cap: no_price)
2021-12-31,719739.0,SIVB,,no_price,,กลุ่มการเงิน (SIC 6000–6799) — กฎนี้ไม่ครอบคลุม
2021-12-31,1063761.0,SPG,SPG,ok_no_shares,SPG,กลุ่มการเงิน (SIC 6000–6799) — กฎนี้ไม่ครอบคลุม
2021-12-31,93751.0,STT,STT,ok,STT,กลุ่มการเงิน (SIC 6000–6799) — กฎนี้ไม่ครอบคลุม
2021-12-31,16918.0,STZ,STZ,ok_no_shares,STZ,ไม่อยู่ใน universe (ข้อมูลราคา/market cap: ok_no_shares)
2021-12-31,1601712.0,SYF,SYF,ok,SYF,กลุ่มการเงิน (SIC 6000–6799) — กฎนี้ไม่ครอบคลุม
2021-12-31,92230.0,TFC,TFC,ok,TFC,กลุ่มการเงิน (SIC 6000–6799) — กฎนี้ไม่ครอบคลุม
2021-12-31,1113169.0,TROW,TROW,ok,TROW,กลุ่มการเงิน (SIC 6000–6799) — กฎนี้ไม่ครอบคลุม
2021-12-31,86312.0,TRV,TRV,ok,TRV,กลุ่มการเงิน (SIC 6000–6799) — กฎนี้ไม่ครอบคลุม
2021-12-31,100493.0,TSN,TSN,ok_no_shares,TSN,ไม่อยู่ใน universe (ข้อมูลราคา/market cap: ok_no_shares)
2021-12-31,1418091.0,TWTR,,no_price,,ไม่อยู่ใน universe (ข้อมูลราคา/market cap: no_price)
2021-12-31,74208.0,UDR,UDR,ok,UDR,กลุ่มการเงิน (SIC 6000–6799) — กฎนี้ไม่ครอบคลุม
2021-12-31,731766.0,UNH,UNH,ok,UNH,กลุ่มการเงิน (SIC 6000–6799) — กฎนี้ไม่ครอบคลุม
2021-12-31,36104.0,USB,USB,ok,USB,กลุ่มการเงิน (SIC 6000–6799) — กฎนี้ไม่ครอบคลุม
2021-12-31,1403161.0,V,V,ok_no_shares,V,ไม่อยู่ใน universe (ข้อมูลราคา/market cap: ok_no_shares)
2021-12-31,813828.0,VIAC,,no_price,,ไม่อยู่ใน universe (ข้อมูลราคา/market cap: no_price)
2021-12-31,899689.0,VNO,VNO,ok,VNO,กลุ่มการเงิน (SIC 6000–6799) — กฎนี้ไม่ครอบคลุม
2021-12-31,740260.0,VTR,VTR,ok,VTR,กลุ่มการเงิน (SIC 6000–6799) — กฎนี้ไม่ครอบคลุม
2021-12-31,1618921.0,WBA,,no_price,,ไม่อยู่ใน universe (ข้อมูลราคา/market cap: no_price)
2021-12-31,766704.0,WELL,WELL,ok,WELL,กลุ่มการเงิน (SIC 6000–6799) — กฎนี้ไม่ครอบคลุม
2021-12-31,72971.0,WFC,WFC,ok,WFC,กลุ่มการเงิน (SIC 6000–6799) — กฎนี้ไม่ครอบคลุม
2021-12-31,1140536.0,WLTW,WTW,ok,WTW,กลุ่มการเงิน (SIC 6000–6799) — กฎนี้ไม่ครอบคลุม
2021-12-31,11544.0,WRB,WRB,ok,WRB,กลุ่มการเงิน (SIC 6000–6799) — กฎนี้ไม่ครอบคลุม
2021-12-31,1732845.0,WRK,,no_price,,ไม่อยู่ใน universe (ข้อมูลราคา/market cap: no_price)
2021-12-31,106535.0,WY,WY,ok,WY,กลุ่มการเงิน (SIC 6000–6799) — กฎนี้ไม่ครอบคลุม
2021-12-31,743988.0,XLNX,,no_price,,ไม่อยู่ใน universe (ข้อมูลราคา/market cap: no_price)
2021-12-31,109380.0,ZION,ZION,ok,ZION,กลุ่มการเงิน (SIC 6000–6799) — กฎนี้ไม่ครอบคลุม
2022-01-31,815094.0,ABMD,,no_price,,ไม่อยู่ใน universe (ข้อมูลราคา/market cap: no_price)
2022-01-31,4977.0,AFL,AFL,ok,AFL,กลุ่มการเงิน (SIC 6000–6799) — กฎนี้ไม่ครอบคลุม
2022-01-31,5272.0,AIG,AIG,ok,AIG,กลุ่มการเงิน (SIC 6000–6799) — กฎนี้ไม่ครอบคลุม
2022-01-31,1267238.0,AIZ,AIZ,ok,AIZ,กลุ่มการเงิน (SIC 6000–6799) — กฎนี้ไม่ครอบคลุม
2022-01-31,354190.0,AJG,AJG,ok,AJG,กลุ่มการเงิน (SIC 6000–6799) — กฎนี้ไม่ครอบคลุม
2022-01-31,899051.0,ALL,ALL,ok,ALL,กลุ่มการเงิน (SIC 6000–6799) — กฎนี้ไม่ครอบคลุม
2022-01-31,820027.0,AMP,AMP,ok,AMP,กลุ่มการเงิน (SIC 6000–6799) — กฎนี้ไม่ครอบคลุม
2022-01-31,1053507.0,AMT,AMT,ok,AMT,กลุ่มการเงิน (SIC 6000–6799) — กฎนี้ไม่ครอบคลุม
2022-01-31,1013462.0,ANSS,,no_price,,ไม่อยู่ใน universe (ข้อมูลราคา/market cap: no_price)
2022-01-31,1156039.0,ANTM,ELV,ok,ELV,กลุ่มการเงิน (SIC 6000–6799) — กฎนี้ไม่ครอบคลุม
2022-01-31,315293.0,AON,AON,ok,AON,กลุ่มการเงิน (SIC 6000–6799) — กฎนี้ไม่ครอบคลุม
2022-01-31,1035443.0,ARE,ARE,ok,ARE,กลุ่มการเงิน (SIC 6000–6799) — กฎนี้ไม่ครอบคลุม
2022-01-31,718877.0,ATVI,,no_price,,ไม่อยู่ใน universe (ข้อมูลราคา/market cap: no_price)
2022-01-31,915912.0,AVB,,no_price,,กลุ่มการเงิน (SIC 6000–6799) — กฎนี้ไม่ครอบคลุม
2022-01-31,4962.0,AXP,AXP,ok,AXP,กลุ่มการเงิน (SIC 6000–6799) — กฎนี้ไม่ครอบคลุม
2022-01-31,70858.0,BAC,BAC,ok,BAC,กลุ่มการเงิน (SIC 6000–6799) — กฎนี้ไม่ครอบคลุม
2022-01-31,38777.0,BEN,BEN,ok,BEN,กลุ่มการเงิน (SIC 6000–6799) — กฎนี้ไม่ครอบคลุม
2022-01-31,1390777.0,BK,BNY,ok,BNY,กลุ่มการเงิน (SIC 6000–6799) — กฎนี้ไม่ครอบคลุม
2022-01-31,1701605.0,BKR,BKR,ok_no_shares,BKR,ไม่อยู่ใน universe (ข้อมูลราคา/market cap: ok_no_shares)
2022-01-31,1364742.0,BLK,BLK,ok,,กลุ่มการเงิน (SIC 6000–6799) — กฎนี้ไม่ครอบคลุม
2022-01-31,1067983.0,BRK.B,BRK-B,ok_no_shares,BRK-B,กลุ่มการเงิน (SIC 6000–6799) — กฎนี้ไม่ครอบคลุม
2022-01-31,79282.0,BRO,BRO,ok,BRO,กลุ่มการเงิน (SIC 6000–6799) — กฎนี้ไม่ครอบคลุม
2022-01-31,1037540.0,BXP,BXP,ok,BXP,กลุ่มการเงิน (SIC 6000–6799) — กฎนี้ไม่ครอบคลุม
2022-01-31,831001.0,C,C,ok,C,กลุ่มการเงิน (SIC 6000–6799) — กฎนี้ไม่ครอบคลุม
2022-01-31,896159.0,CB,CB,ok,CB,กลุ่มการเงิน (SIC 6000–6799) — กฎนี้ไม่ครอบคลุม
2022-01-31,1374310.0,CBOE,CBOE,ok,CBOE,กลุ่มการเงิน (SIC 6000–6799) — กฎนี้ไม่ครอบคลุม
2022-01-31,1138118.0,CBRE,CBRE,ok,CBRE,กลุ่มการเงิน (SIC 6000–6799) — กฎนี้ไม่ครอบคลุม
2022-01-31,1051470.0,CCI,CCI,ok,CCI,กลุ่มการเงิน (SIC 6000–6799) — กฎนี้ไม่ครอบคลุม
2022-01-31,1725057.0,CDAY,,no_price,,ไม่อยู่ใน universe (ข้อมูลราคา/market cap: no_price)
2022-01-31,804753.0,CERN,,no_price,,ไม่อยู่ใน universe (ข้อมูลราคา/market cap: no_price)
2022-01-31,759944.0,CFG,CFG,ok,CFG,กลุ่มการเงิน (SIC 6000–6799) — กฎนี้ไม่ครอบคลุม
2022-01-31,1739940.0,CI,CI,ok,CI,กลุ่มการเงิน (SIC 6000–6799) — กฎนี้ไม่ครอบคลุม
2022-01-31,20286.0,CINF,CINF,ok,CINF,กลุ่มการเงิน (SIC 6000–6799) — กฎนี้ไม่ครอบคลุม
2022-01-31,28412.0,CMA,,no_price,,กลุ่มการเงิน (SIC 6000–6799) — กฎนี้ไม่ครอบคลุม
2022-01-31,1156375.0,CME,CME,ok,CME,กลุ่มการเงิน (SIC 6000–6799) — กฎนี้ไม่ครอบคลุม
2022-01-31,1071739.0,CNC,CNC,ok,CNC,กลุ่มการเงิน (SIC 6000–6799) — กฎนี้ไม่ครอบคลุม
2022-01-31,927628.0,COF,COF,ok,COF,กลุ่มการเงิน (SIC 6000–6799) — กฎนี้ไม่ครอบคลุม
2022-01-31,1596783.0,CTLT,,no_price,,ไม่อยู่ใน universe (ข้อมูลราคา/market cap: no_price)
2022-01-31,,CTRA,,,,ไม่อยู่ใน universe (ข้อมูลราคา/market cap: None)
2022-01-31,877890.0,CTXS,,no_price,,ไม่อยู่ใน universe (ข้อมูลราคา/market cap: no_price)
2022-01-31,1393612.0,DFS,,no_price,,กลุ่มการเงิน (SIC 6000–6799) — กฎนี้ไม่ครอบคลุม
2022-01-31,1437107.0,DISCA,WBD,ok_no_shares,WBD,ไม่อยู่ใน universe (ข้อมูลราคา/market cap: ok_no_shares)
2022-01-31,,DISCK,,,,ไม่อยู่ใน universe (ข้อมูลราคา/market cap: None)
2022-01-31,1001082.0,DISH,,no_price,,ไม่อยู่ใน universe (ข้อมูลราคา/market cap: no_price)
2022-01-31,1297996.0,DLR,DLR,ok,DLR,กลุ่มการเงิน (SIC 6000–6799) — กฎนี้ไม่ครอบคลุม
2022-01-31,783280.0,DRE,,no_price,,กลุ่มการเงิน (SIC 6000–6799) — กฎนี้ไม่ครอบคลุม
2022-01-31,712515.0,EA,,no_price,,ไม่อยู่ใน universe (ข้อมูลราคา/market cap: no_price)
2022-01-31,1101239.0,EQIX,EQIX,ok,EQIX,กลุ่มการเงิน (SIC 6000–6799) — กฎนี้ไม่ครอบคลุม
2022-01-31,906107.0,EQR,VMRK,ok,VMRK,กลุ่มการเงิน (SIC 6000–6799) — กฎนี้ไม่ครอบคลุม
2022-01-31,920522.0,ESS,ESS,ok,ESS,กลุ่มการเงิน (SIC 6000–6799) — กฎนี้ไม่ครอบคลุม
2022-01-31,1289490.0,EXR,EXR,ok,EXR,กลุ่มการเงิน (SIC 6000–6799) — กฎนี้ไม่ครอบคลุม
2022-01-31,35527.0,FITB,FITB,ok,FITB,กลุ่มการเงิน (SIC 6000–6799) — กฎนี้ไม่ครอบคลุม
2022-01-31,1754301.0,FOX,FOXA,ok_no_shares,FOXA,ไม่อยู่ใน universe (ข้อมูลราคา/market cap: ok_no_shares)
2022-01-31,1754301.0,FOXA,FOXA,ok_no_shares,FOXA,ไม่อยู่ใน universe (ข้อมูลราคา/market cap: ok_no_shares)
2022-01-31,,FRC,,,,ไม่อยู่ใน universe (ข้อมูลราคา/market cap: None)
2022-01-31,34903.0,FRT,FRT,ok,FRT,กลุ่มการเงิน (SIC 6000–6799) — กฎนี้ไม่ครอบคลุม
2022-01-31,320335.0,GL,GL,ok,GL,กลุ่มการเงิน (SIC 6000–6799) — กฎนี้ไม่ครอบคลุม
2022-01-31,886982.0,GS,GS,ok,GS,กลุ่มการเงิน (SIC 6000–6799) — กฎนี้ไม่ครอบคลุม
2022-01-31,49196.0,HBAN,HBAN,ok,HBAN,กลุ่มการเงิน (SIC 6000–6799) — กฎนี้ไม่ครอบคลุม
2022-01-31,4447.0,HES,,no_price,,ไม่อยู่ใน universe (ข้อมูลราคา/market cap: no_price)
2022-01-31,874766.0,HIG,HIG,ok,HIG,กลุ่มการเงิน (SIC 6000–6799) — กฎนี้ไม่ครอบคลุม
2022-01-31,859737.0,HOLX,,no_price,,ไม่อยู่ใน universe (ข้อมูลราคา/market cap: no_price)
2022-01-31,49071.0,HUM,HUM,ok,HUM,กลุ่มการเงิน (SIC 6000–6799) — กฎนี้ไม่ครอบคลุม
2022-01-31,1571949.0,ICE,ICE,ok,ICE,กลุ่มการเงิน (SIC 6000–6799) — กฎนี้ไม่ครอบคลุม
2022-01-31,51253.0,IFF,IFF,ok_shares_suspect,IFF,ไม่อยู่ใน universe (ข้อมูลราคา/market cap: ok_shares_suspect)
2022-01-31,1598014.0,INFO,,no_price,,ไม่อยู่ใน universe (ข้อมูลราคา/market cap: no_price)
2022-01-31,51644.0,IPG,,no_price,,ไม่อยู่ใน universe (ข้อมูลราคา/market cap: no_price)
2022-01-31,1020569.0,IRM,IRM,ok,IRM,กลุ่มการเงิน (SIC 6000–6799) — กฎนี้ไม่ครอบคลุม
2022-01-31,914208.0,IVZ,IVZ,ok,IVZ,กลุ่มการเงิน (SIC 6000–6799) — กฎนี้ไม่ครอบคลุม
2022-01-31,1043604.0,JNPR,,no_price,,ไม่อยู่ใน universe (ข้อมูลราคา/market cap: no_price)
2022-01-31,19617.0,JPM,JPM,ok,JPM,กลุ่มการเงิน (SIC 6000–6799) — กฎนี้ไม่ครอบคลุม
2022-01-31,55067.0,K,,no_price,,ไม่อยู่ใน universe (ข้อมูลราคา/market cap: no_price)
2022-01-31,91576.0,KEY,KEY,ok,KEY,กลุ่มการเงิน (SIC 6000–6799) — กฎนี้ไม่ครอบคลุม
2022-01-31,879101.0,KIM,KIM,ok,KIM,กลุ่มการเงิน (SIC 6000–6799) — กฎนี้ไม่ครอบคลุม
2022-01-31,60086.0,L,L,ok,L,กลุ่มการเงิน (SIC 6000–6799) — กฎนี้ไม่ครอบคลุม
2022-01-31,59558.0,LNC,LNC,ok,LNC,กลุ่มการเงิน (SIC 6000–6799) — กฎนี้ไม่ครอบคลุม
2022-01-31,912595.0,MAA,MAA,ok,MAA,กลุ่มการเงิน (SIC 6000–6799) — กฎนี้ไม่ครอบคลุม
2022-01-31,1099219.0,MET,MET,ok,MET,กลุ่มการเงิน (SIC 6000–6799) — กฎนี้ไม่ครอบคลุม
2022-01-31,1278021.0,MKTX,MKTX,ok,MKTX,กลุ่มการเงิน (SIC 6000–6799) — กฎนี้ไม่ครอบคลุม
2022-01-31,62709.0,MMC,MRSH,ok,MRSH,กลุ่มการเงิน (SIC 6000–6799) — กฎนี้ไม่ครอบคลุม
2022-01-31,101778.0,MRO,,no_price,,ไม่อยู่ใน universe (ข้อมูลราคา/market cap: no_price)
2022-01-31,895421.0,MS,MS,ok,MS,กลุ่มการเงิน (SIC 6000–6799) — กฎนี้ไม่ครอบคลุม
2022-01-31,36270.0,MTB,MTB,ok,MTB,กลุ่มการเงิน (SIC 6000–6799) — กฎนี้ไม่ครอบคลุม
2022-01-31,1120193.0,NDAQ,NDAQ,ok,NDAQ,กลุ่มการเงิน (SIC 6000–6799) — กฎนี้ไม่ครอบคลุม
2022-01-31,1492633.0,NLSN,,no_price,,ไม่อยู่ใน universe (ข้อมูลราคา/market cap: no_price)
2022-01-31,73124.0,NTRS,NTRS,ok,NTRS,กลุ่มการเงิน (SIC 6000–6799) — กฎนี้ไม่ครอบคลุม
2022-01-31,726728.0,O,O,ok,O,กลุ่มการเงิน (SIC 6000–6799) — กฎนี้ไม่ครอบคลุม
2022-01-31,1821825.0,OGN,OGN,ok_no_shares,OGN,ไม่อยู่ใน universe (ข้อมูลราคา/market cap: ok_no_shares)
2022-01-31,1378946.0,PBCT,,no_price,,กลุ่มการเงิน (SIC 6000–6799) — กฎนี้ไม่ครอบคลุม
2022-01-31,765880.0,PEAK,DOC,ok,DOC,กลุ่มการเงิน (SIC 6000–6799) — กฎนี้ไม่ครอบคลุม
2022-01-31,1126328.0,PFG,PFG,ok,PFG,กลุ่มการเงิน (SIC 6000–6799) — กฎนี้ไม่ครอบคลุม
2022-01-31,80661.0,PGR,PGR,ok,PGR,กลุ่มการเงิน (SIC 6000–6799) — กฎนี้ไม่ครอบคลุม
2022-01-31,1045609.0,PLD,PLD,ok,PLD,กลุ่มการเงิน (SIC 6000–6799) — กฎนี้ไม่ครอบคลุม
2022-01-31,713676.0,PNC,PNC,ok,PNC,กลุ่มการเงิน (SIC 6000–6799) — กฎนี้ไม่ครอบคลุม
2022-01-31,1137774.0,PRU,PRU,ok,PRU,กลุ่มการเงิน (SIC 6000–6799) — กฎนี้ไม่ครอบคลุม
2022-01-31,1393311.0,PSA,PSA,ok,PSA,กลุ่มการเงิน (SIC 6000–6799) — กฎนี้ไม่ครอบคลุม
2022-01-31,1038357.0,PXD,,no_price,,ไม่อยู่ใน universe (ข้อมูลราคา/market cap: no_price)
2022-01-31,1095073.0,RE,EG,ok,EG,กลุ่มการเงิน (SIC 6000–6799) — กฎนี้ไม่ครอบคลุม
2022-01-31,910606.0,REG,REG,ok,REG,กลุ่มการเงิน (SIC 6000–6799) — กฎนี้ไม่ครอบคลุม
2022-01-31,1281761.0,RF,RF,ok,RF,กลุ่มการเงิน (SIC 6000–6799) — กฎนี้ไม่ครอบคลุม
2022-01-31,720005.0,RJF,RJF,ok,RJF,กลุ่มการเงิน (SIC 6000–6799) — กฎนี้ไม่ครอบคลุม
2022-01-31,1034054.0,SBAC,SBAC,ok,SBAC,กลุ่มการเงิน (SIC 6000–6799) — กฎนี้ไม่ครอบคลุม
2022-01-31,,SBNY,,,,ไม่อยู่ใน universe (ข้อมูลราคา/market cap: None)
2022-01-31,316709.0,SCHW,SCHW,ok,SCHW,กลุ่มการเงิน (SIC 6000–6799) — กฎนี้ไม่ครอบคลุม
2022-01-31,1012100.0,SEE,,no_price,,ไม่อยู่ใน universe (ข้อมูลราคา/market cap: no_price)
2022-01-31,719739.0,SIVB,,no_price,,กลุ่มการเงิน (SIC 6000–6799) — กฎนี้ไม่ครอบคลุม
2022-01-31,1063761.0,SPG,SPG,ok_no_shares,SPG,กลุ่มการเงิน (SIC 6000–6799) — กฎนี้ไม่ครอบคลุม
2022-01-31,93751.0,STT,STT,ok,STT,กลุ่มการเงิน (SIC 6000–6799) — กฎนี้ไม่ครอบคลุม
2022-01-31,16918.0,STZ,STZ,ok_no_shares,STZ,ไม่อยู่ใน universe (ข้อมูลราคา/market cap: ok_no_shares)
2022-01-31,1601712.0,SYF,SYF,ok,SYF,กลุ่มการเงิน (SIC 6000–6799) — กฎนี้ไม่ครอบคลุม
2022-01-31,92230.0,TFC,TFC,ok,TFC,กลุ่มการเงิน (SIC 6000–6799) — กฎนี้ไม่ครอบคลุม
2022-01-31,1113169.0,TROW,TROW,ok,TROW,กลุ่มการเงิน (SIC 6000–6799) — กฎนี้ไม่ครอบคลุม
2022-01-31,86312.0,TRV,TRV,ok,TRV,กลุ่มการเงิน (SIC 6000–6799) — กฎนี้ไม่ครอบคลุม
2022-01-31,100493.0,TSN,TSN,ok_no_shares,TSN,ไม่อยู่ใน universe (ข้อมูลราคา/market cap: ok_no_shares)
2022-01-31,1418091.0,TWTR,,no_price,,ไม่อยู่ใน universe (ข้อมูลราคา/market cap: no_price)
2022-01-31,74208.0,UDR,UDR,ok,UDR,กลุ่มการเงิน (SIC 6000–6799) — กฎนี้ไม่ครอบคลุม
2022-01-31,731766.0,UNH,UNH,ok,UNH,กลุ่มการเงิน (SIC 6000–6799) — กฎนี้ไม่ครอบคลุม
2022-01-31,36104.0,USB,USB,ok,USB,กลุ่มการเงิน (SIC 6000–6799) — กฎนี้ไม่ครอบคลุม
2022-01-31,1403161.0,V,V,ok_no_shares,V,ไม่อยู่ใน universe (ข้อมูลราคา/market cap: ok_no_shares)
2022-01-31,813828.0,VIAC,,no_price,,ไม่อยู่ใน universe (ข้อมูลราคา/market cap: no_price)
2022-01-31,899689.0,VNO,VNO,ok,VNO,กลุ่มการเงิน (SIC 6000–6799) — กฎนี้ไม่ครอบคลุม
2022-01-31,740260.0,VTR,VTR,ok,VTR,กลุ่มการเงิน (SIC 6000–6799) — กฎนี้ไม่ครอบคลุม
2022-01-31,1618921.0,WBA,,no_price,,ไม่อยู่ใน universe (ข้อมูลราคา/market cap: no_price)
2022-01-31,766704.0,WELL,WELL,ok,WELL,กลุ่มการเงิน (SIC 6000–6799) — กฎนี้ไม่ครอบคลุม
2022-01-31,72971.0,WFC,WFC,ok,WFC,กลุ่มการเงิน (SIC 6000–6799) — กฎนี้ไม่ครอบคลุม
2022-01-31,11544.0,WRB,WRB,ok,WRB,กลุ่มการเงิน (SIC 6000–6799) — กฎนี้ไม่ครอบคลุม
2022-01-31,1732845.0,WRK,,no_price,,ไม่อยู่ใน universe (ข้อมูลราคา/market cap: no_price)
2022-01-31,1140536.0,WTW,WTW,ok,WTW,กลุ่มการเงิน (SIC 6000–6799) — กฎนี้ไม่ครอบคลุม
2022-01-31,106535.0,WY,WY,ok,WY,กลุ่มการเงิน (SIC 6000–6799) — กฎนี้ไม่ครอบคลุม
2022-01-31,743988.0,XLNX,,no_price,,ไม่อยู่ใน universe (ข้อมูลราคา/market cap: no_price)
2022-01-31,109380.0,ZION,ZION,ok,ZION,กลุ่มการเงิน (SIC 6000–6799) — กฎนี้ไม่ครอบคลุม
2022-02-28,815094.0,ABMD,,no_price,,ไม่อยู่ใน universe (ข้อมูลราคา/market cap: no_price)
2022-02-28,4977.0,AFL,AFL,ok,AFL,กลุ่มการเงิน (SIC 6000–6799) — กฎนี้ไม่ครอบคลุม
2022-02-28,5272.0,AIG,AIG,ok,AIG,กลุ่มการเงิน (SIC 6000–6799) — กฎนี้ไม่ครอบคลุม
2022-02-28,1267238.0,AIZ,AIZ,ok,AIZ,กลุ่มการเงิน (SIC 6000–6799) — กฎนี้ไม่ครอบคลุม
2022-02-28,354190.0,AJG,AJG,ok,AJG,กลุ่มการเงิน (SIC 6000–6799) — กฎนี้ไม่ครอบคลุม
2022-02-28,899051.0,ALL,ALL,ok,ALL,กลุ่มการเงิน (SIC 6000–6799) — กฎนี้ไม่ครอบคลุม
2022-02-28,820027.0,AMP,AMP,ok,AMP,กลุ่มการเงิน (SIC 6000–6799) — กฎนี้ไม่ครอบคลุม
2022-02-28,1053507.0,AMT,AMT,ok,AMT,กลุ่มการเงิน (SIC 6000–6799) — กฎนี้ไม่ครอบคลุม
2022-02-28,1013462.0,ANSS,,no_price,,ไม่อยู่ใน universe (ข้อมูลราคา/market cap: no_price)
2022-02-28,1156039.0,ANTM,ELV,ok,ELV,กลุ่มการเงิน (SIC 6000–6799) — กฎนี้ไม่ครอบคลุม
2022-02-28,315293.0,AON,AON,ok,AON,กลุ่มการเงิน (SIC 6000–6799) — กฎนี้ไม่ครอบคลุม
2022-02-28,1035443.0,ARE,ARE,ok,ARE,กลุ่มการเงิน (SIC 6000–6799) — กฎนี้ไม่ครอบคลุม
2022-02-28,718877.0,ATVI,,no_price,,ไม่อยู่ใน universe (ข้อมูลราคา/market cap: no_price)
2022-02-28,915912.0,AVB,,no_price,,กลุ่มการเงิน (SIC 6000–6799) — กฎนี้ไม่ครอบคลุม
2022-02-28,4962.0,AXP,AXP,ok,AXP,กลุ่มการเงิน (SIC 6000–6799) — กฎนี้ไม่ครอบคลุม
2022-02-28,70858.0,BAC,BAC,ok,BAC,กลุ่มการเงิน (SIC 6000–6799) — กฎนี้ไม่ครอบคลุม
2022-02-28,38777.0,BEN,BEN,ok,BEN,กลุ่มการเงิน (SIC 6000–6799) — กฎนี้ไม่ครอบคลุม
2022-02-28,1390777.0,BK,BNY,ok,BNY,กลุ่มการเงิน (SIC 6000–6799) — กฎนี้ไม่ครอบคลุม
2022-02-28,1701605.0,BKR,BKR,ok_no_shares,BKR,ไม่อยู่ใน universe (ข้อมูลราคา/market cap: ok_no_shares)
2022-02-28,1364742.0,BLK,BLK,ok,,กลุ่มการเงิน (SIC 6000–6799) — กฎนี้ไม่ครอบคลุม
2022-02-28,1067983.0,BRK.B,BRK-B,ok_no_shares,BRK-B,กลุ่มการเงิน (SIC 6000–6799) — กฎนี้ไม่ครอบคลุม
2022-02-28,79282.0,BRO,BRO,ok,BRO,กลุ่มการเงิน (SIC 6000–6799) — กฎนี้ไม่ครอบคลุม
2022-02-28,1037540.0,BXP,BXP,ok,BXP,กลุ่มการเงิน (SIC 6000–6799) — กฎนี้ไม่ครอบคลุม
2022-02-28,831001.0,C,C,ok,C,กลุ่มการเงิน (SIC 6000–6799) — กฎนี้ไม่ครอบคลุม
2022-02-28,896159.0,CB,CB,ok,CB,กลุ่มการเงิน (SIC 6000–6799) — กฎนี้ไม่ครอบคลุม
2022-02-28,1374310.0,CBOE,CBOE,ok,CBOE,กลุ่มการเงิน (SIC 6000–6799) — กฎนี้ไม่ครอบคลุม
2022-02-28,1138118.0,CBRE,CBRE,ok,CBRE,กลุ่มการเงิน (SIC 6000–6799) — กฎนี้ไม่ครอบคลุม
2022-02-28,1051470.0,CCI,CCI,ok,CCI,กลุ่มการเงิน (SIC 6000–6799) — กฎนี้ไม่ครอบคลุม
2022-02-28,1725057.0,CDAY,,no_price,,ไม่อยู่ใน universe (ข้อมูลราคา/market cap: no_price)
2022-02-28,1868275.0,CEG,CEG,ok_no_shares,CEG,ไม่อยู่ใน universe (ข้อมูลราคา/market cap: ok_no_shares)
2022-02-28,804753.0,CERN,,no_price,,ไม่อยู่ใน universe (ข้อมูลราคา/market cap: no_price)
2022-02-28,759944.0,CFG,CFG,ok,CFG,กลุ่มการเงิน (SIC 6000–6799) — กฎนี้ไม่ครอบคลุม
2022-02-28,1739940.0,CI,CI,ok,CI,กลุ่มการเงิน (SIC 6000–6799) — กฎนี้ไม่ครอบคลุม
2022-02-28,20286.0,CINF,CINF,ok,CINF,กลุ่มการเงิน (SIC 6000–6799) — กฎนี้ไม่ครอบคลุม
2022-02-28,28412.0,CMA,,no_price,,กลุ่มการเงิน (SIC 6000–6799) — กฎนี้ไม่ครอบคลุม
2022-02-28,1156375.0,CME,CME,ok,CME,กลุ่มการเงิน (SIC 6000–6799) — กฎนี้ไม่ครอบคลุม
2022-02-28,1071739.0,CNC,CNC,ok,CNC,กลุ่มการเงิน (SIC 6000–6799) — กฎนี้ไม่ครอบคลุม
2022-02-28,927628.0,COF,COF,ok,COF,กลุ่มการเงิน (SIC 6000–6799) — กฎนี้ไม่ครอบคลุม
2022-02-28,1596783.0,CTLT,,no_price,,ไม่อยู่ใน universe (ข้อมูลราคา/market cap: no_price)
2022-02-28,,CTRA,,,,ไม่อยู่ใน universe (ข้อมูลราคา/market cap: None)
2022-02-28,877890.0,CTXS,,no_price,,ไม่อยู่ใน universe (ข้อมูลราคา/market cap: no_price)
2022-02-28,1393612.0,DFS,,no_price,,กลุ่มการเงิน (SIC 6000–6799) — กฎนี้ไม่ครอบคลุม
2022-02-28,1437107.0,DISCA,WBD,ok_no_shares,WBD,ไม่อยู่ใน universe (ข้อมูลราคา/market cap: ok_no_shares)
2022-02-28,,DISCK,,,,ไม่อยู่ใน universe (ข้อมูลราคา/market cap: None)
2022-02-28,1001082.0,DISH,,no_price,,ไม่อยู่ใน universe (ข้อมูลราคา/market cap: no_price)
2022-02-28,1297996.0,DLR,DLR,ok,DLR,กลุ่มการเงิน (SIC 6000–6799) — กฎนี้ไม่ครอบคลุม
2022-02-28,783280.0,DRE,,no_price,,กลุ่มการเงิน (SIC 6000–6799) — กฎนี้ไม่ครอบคลุม
2022-02-28,712515.0,EA,,no_price,,ไม่อยู่ใน universe (ข้อมูลราคา/market cap: no_price)
2022-02-28,1101239.0,EQIX,EQIX,ok,EQIX,กลุ่มการเงิน (SIC 6000–6799) — กฎนี้ไม่ครอบคลุม
2022-02-28,906107.0,EQR,VMRK,ok,VMRK,กลุ่มการเงิน (SIC 6000–6799) — กฎนี้ไม่ครอบคลุม
2022-02-28,920522.0,ESS,ESS,ok,ESS,กลุ่มการเงิน (SIC 6000–6799) — กฎนี้ไม่ครอบคลุม
2022-02-28,1289490.0,EXR,EXR,ok,EXR,กลุ่มการเงิน (SIC 6000–6799) — กฎนี้ไม่ครอบคลุม
2022-02-28,35527.0,FITB,FITB,ok,FITB,กลุ่มการเงิน (SIC 6000–6799) — กฎนี้ไม่ครอบคลุม
2022-02-28,1754301.0,FOX,FOXA,ok_no_shares,FOXA,ไม่อยู่ใน universe (ข้อมูลราคา/market cap: ok_no_shares)
2022-02-28,1754301.0,FOXA,FOXA,ok_no_shares,FOXA,ไม่อยู่ใน universe (ข้อมูลราคา/market cap: ok_no_shares)
2022-02-28,,FRC,,,,ไม่อยู่ใน universe (ข้อมูลราคา/market cap: None)
2022-02-28,34903.0,FRT,FRT,ok,FRT,กลุ่มการเงิน (SIC 6000–6799) — กฎนี้ไม่ครอบคลุม
2022-02-28,320335.0,GL,GL,ok,GL,กลุ่มการเงิน (SIC 6000–6799) — กฎนี้ไม่ครอบคลุม
2022-02-28,886982.0,GS,GS,ok,GS,กลุ่มการเงิน (SIC 6000–6799) — กฎนี้ไม่ครอบคลุม
2022-02-28,49196.0,HBAN,HBAN,ok,HBAN,กลุ่มการเงิน (SIC 6000–6799) — กฎนี้ไม่ครอบคลุม
2022-02-28,4447.0,HES,,no_price,,ไม่อยู่ใน universe (ข้อมูลราคา/market cap: no_price)
2022-02-28,874766.0,HIG,HIG,ok,HIG,กลุ่มการเงิน (SIC 6000–6799) — กฎนี้ไม่ครอบคลุม
2022-02-28,859737.0,HOLX,,no_price,,ไม่อยู่ใน universe (ข้อมูลราคา/market cap: no_price)
2022-02-28,49071.0,HUM,HUM,ok,HUM,กลุ่มการเงิน (SIC 6000–6799) — กฎนี้ไม่ครอบคลุม
2022-02-28,1571949.0,ICE,ICE,ok,ICE,กลุ่มการเงิน (SIC 6000–6799) — กฎนี้ไม่ครอบคลุม
2022-02-28,51253.0,IFF,IFF,ok_shares_suspect,IFF,ไม่อยู่ใน universe (ข้อมูลราคา/market cap: ok_shares_suspect)
2022-02-28,1598014.0,INFO,,no_price,,ไม่อยู่ใน universe (ข้อมูลราคา/market cap: no_price)
2022-02-28,51644.0,IPG,,no_price,,ไม่อยู่ใน universe (ข้อมูลราคา/market cap: no_price)
2022-02-28,1020569.0,IRM,IRM,ok,IRM,กลุ่มการเงิน (SIC 6000–6799) — กฎนี้ไม่ครอบคลุม
2022-02-28,914208.0,IVZ,IVZ,ok,IVZ,กลุ่มการเงิน (SIC 6000–6799) — กฎนี้ไม่ครอบคลุม
2022-02-28,1043604.0,JNPR,,no_price,,ไม่อยู่ใน universe (ข้อมูลราคา/market cap: no_price)
2022-02-28,19617.0,JPM,JPM,ok,JPM,กลุ่มการเงิน (SIC 6000–6799) — กฎนี้ไม่ครอบคลุม
2022-02-28,55067.0,K,,no_price,,ไม่อยู่ใน universe (ข้อมูลราคา/market cap: no_price)
2022-02-28,91576.0,KEY,KEY,ok,KEY,กลุ่มการเงิน (SIC 6000–6799) — กฎนี้ไม่ครอบคลุม
2022-02-28,879101.0,KIM,KIM,ok,KIM,กลุ่มการเงิน (SIC 6000–6799) — กฎนี้ไม่ครอบคลุม
2022-02-28,60086.0,L,L,ok,L,กลุ่มการเงิน (SIC 6000–6799) — กฎนี้ไม่ครอบคลุม
2022-02-28,59558.0,LNC,LNC,ok,LNC,กลุ่มการเงิน (SIC 6000–6799) — กฎนี้ไม่ครอบคลุม
2022-02-28,912595.0,MAA,MAA,ok,MAA,กลุ่มการเงิน (SIC 6000–6799) — กฎนี้ไม่ครอบคลุม
2022-02-28,1099219.0,MET,MET,ok,MET,กลุ่มการเงิน (SIC 6000–6799) — กฎนี้ไม่ครอบคลุม
2022-02-28,1278021.0,MKTX,MKTX,ok,MKTX,กลุ่มการเงิน (SIC 6000–6799) — กฎนี้ไม่ครอบคลุม
2022-02-28,62709.0,MMC,MRSH,ok,MRSH,กลุ่มการเงิน (SIC 6000–6799) — กฎนี้ไม่ครอบคลุม
2022-02-28,101778.0,MRO,,no_price,,ไม่อยู่ใน universe (ข้อมูลราคา/market cap: no_price)
2022-02-28,895421.0,MS,MS,ok,MS,กลุ่มการเงิน (SIC 6000–6799) — กฎนี้ไม่ครอบคลุม
2022-02-28,36270.0,MTB,MTB,ok,MTB,กลุ่มการเงิน (SIC 6000–6799) — กฎนี้ไม่ครอบคลุม
2022-02-28,1120193.0,NDAQ,NDAQ,ok,NDAQ,กลุ่มการเงิน (SIC 6000–6799) — กฎนี้ไม่ครอบคลุม
2022-02-28,1492633.0,NLSN,,no_price,,ไม่อยู่ใน universe (ข้อมูลราคา/market cap: no_price)
2022-02-28,73124.0,NTRS,NTRS,ok,NTRS,กลุ่มการเงิน (SIC 6000–6799) — กฎนี้ไม่ครอบคลุม
2022-02-28,726728.0,O,O,ok,O,กลุ่มการเงิน (SIC 6000–6799) — กฎนี้ไม่ครอบคลุม
2022-02-28,1821825.0,OGN,OGN,ok_no_shares,OGN,ไม่อยู่ใน universe (ข้อมูลราคา/market cap: ok_no_shares)
2022-02-28,1378946.0,PBCT,,no_price,,กลุ่มการเงิน (SIC 6000–6799) — กฎนี้ไม่ครอบคลุม
2022-02-28,765880.0,PEAK,DOC,ok,DOC,กลุ่มการเงิน (SIC 6000–6799) — กฎนี้ไม่ครอบคลุม
2022-02-28,1126328.0,PFG,PFG,ok,PFG,กลุ่มการเงิน (SIC 6000–6799) — กฎนี้ไม่ครอบคลุม
2022-02-28,80661.0,PGR,PGR,ok,PGR,กลุ่มการเงิน (SIC 6000–6799) — กฎนี้ไม่ครอบคลุม
2022-02-28,1045609.0,PLD,PLD,ok,PLD,กลุ่มการเงิน (SIC 6000–6799) — กฎนี้ไม่ครอบคลุม
2022-02-28,713676.0,PNC,PNC,ok,PNC,กลุ่มการเงิน (SIC 6000–6799) — กฎนี้ไม่ครอบคลุม
2022-02-28,1137774.0,PRU,PRU,ok,PRU,กลุ่มการเงิน (SIC 6000–6799) — กฎนี้ไม่ครอบคลุม
2022-02-28,1393311.0,PSA,PSA,ok,PSA,กลุ่มการเงิน (SIC 6000–6799) — กฎนี้ไม่ครอบคลุม
2022-02-28,1038357.0,PXD,,no_price,,ไม่อยู่ใน universe (ข้อมูลราคา/market cap: no_price)
2022-02-28,1095073.0,RE,EG,ok,EG,กลุ่มการเงิน (SIC 6000–6799) — กฎนี้ไม่ครอบคลุม
2022-02-28,910606.0,REG,REG,ok,REG,กลุ่มการเงิน (SIC 6000–6799) — กฎนี้ไม่ครอบคลุม
2022-02-28,1281761.0,RF,RF,ok,RF,กลุ่มการเงิน (SIC 6000–6799) — กฎนี้ไม่ครอบคลุม
2022-02-28,720005.0,RJF,RJF,ok,RJF,กลุ่มการเงิน (SIC 6000–6799) — กฎนี้ไม่ครอบคลุม
2022-02-28,1034054.0,SBAC,SBAC,ok,SBAC,กลุ่มการเงิน (SIC 6000–6799) — กฎนี้ไม่ครอบคลุม
2022-02-28,,SBNY,,,,ไม่อยู่ใน universe (ข้อมูลราคา/market cap: None)
2022-02-28,316709.0,SCHW,SCHW,ok,SCHW,กลุ่มการเงิน (SIC 6000–6799) — กฎนี้ไม่ครอบคลุม
2022-02-28,1012100.0,SEE,,no_price,,ไม่อยู่ใน universe (ข้อมูลราคา/market cap: no_price)
2022-02-28,719739.0,SIVB,,no_price,,กลุ่มการเงิน (SIC 6000–6799) — กฎนี้ไม่ครอบคลุม
2022-02-28,1063761.0,SPG,SPG,ok,SPG,กลุ่มการเงิน (SIC 6000–6799) — กฎนี้ไม่ครอบคลุม
2022-02-28,93751.0,STT,STT,ok,STT,กลุ่มการเงิน (SIC 6000–6799) — กฎนี้ไม่ครอบคลุม
2022-02-28,16918.0,STZ,STZ,ok_no_shares,STZ,ไม่อยู่ใน universe (ข้อมูลราคา/market cap: ok_no_shares)
2022-02-28,1601712.0,SYF,SYF,ok,SYF,กลุ่มการเงิน (SIC 6000–6799) — กฎนี้ไม่ครอบคลุม
2022-02-28,92230.0,TFC,TFC,ok,TFC,กลุ่มการเงิน (SIC 6000–6799) — กฎนี้ไม่ครอบคลุม
2022-02-28,1113169.0,TROW,TROW,ok,TROW,กลุ่มการเงิน (SIC 6000–6799) — กฎนี้ไม่ครอบคลุม
2022-02-28,86312.0,TRV,TRV,ok,TRV,กลุ่มการเงิน (SIC 6000–6799) — กฎนี้ไม่ครอบคลุม
2022-02-28,100493.0,TSN,TSN,ok_no_shares,TSN,ไม่อยู่ใน universe (ข้อมูลราคา/market cap: ok_no_shares)
2022-02-28,1418091.0,TWTR,,no_price,,ไม่อยู่ใน universe (ข้อมูลราคา/market cap: no_price)
2022-02-28,74208.0,UDR,UDR,ok,UDR,กลุ่มการเงิน (SIC 6000–6799) — กฎนี้ไม่ครอบคลุม
2022-02-28,731766.0,UNH,UNH,ok,UNH,กลุ่มการเงิน (SIC 6000–6799) — กฎนี้ไม่ครอบคลุม
2022-02-28,36104.0,USB,USB,ok,USB,กลุ่มการเงิน (SIC 6000–6799) — กฎนี้ไม่ครอบคลุม
2022-02-28,1403161.0,V,V,ok_no_shares,V,ไม่อยู่ใน universe (ข้อมูลราคา/market cap: ok_no_shares)
2022-02-28,899689.0,VNO,VNO,ok,VNO,กลุ่มการเงิน (SIC 6000–6799) — กฎนี้ไม่ครอบคลุม
2022-02-28,740260.0,VTR,VTR,ok,VTR,กลุ่มการเงิน (SIC 6000–6799) — กฎนี้ไม่ครอบคลุม
2022-02-28,1618921.0,WBA,,no_price,,ไม่อยู่ใน universe (ข้อมูลราคา/market cap: no_price)
2022-02-28,766704.0,WELL,WELL,ok,WELL,กลุ่มการเงิน (SIC 6000–6799) — กฎนี้ไม่ครอบคลุม
2022-02-28,72971.0,WFC,WFC,ok,WFC,กลุ่มการเงิน (SIC 6000–6799) — กฎนี้ไม่ครอบคลุม
2022-02-28,11544.0,WRB,WRB,ok,WRB,กลุ่มการเงิน (SIC 6000–6799) — กฎนี้ไม่ครอบคลุม
2022-02-28,1732845.0,WRK,,no_price,,ไม่อยู่ใน universe (ข้อมูลราคา/market cap: no_price)
2022-02-28,1140536.0,WTW,WTW,ok,WTW,กลุ่มการเงิน (SIC 6000–6799) — กฎนี้ไม่ครอบคลุม
2022-02-28,106535.0,WY,WY,ok,WY,กลุ่มการเงิน (SIC 6000–6799) — กฎนี้ไม่ครอบคลุม
2022-02-28,109380.0,ZION,ZION,ok,ZION,กลุ่มการเงิน (SIC 6000–6799) — กฎนี้ไม่ครอบคลุม
2022-03-31,815094.0,ABMD,,no_price,,ไม่อยู่ใน universe (ข้อมูลราคา/market cap: no_price)
2022-03-31,4977.0,AFL,AFL,ok,AFL,กลุ่มการเงิน (SIC 6000–6799) — กฎนี้ไม่ครอบคลุม
2022-03-31,5272.0,AIG,AIG,ok,AIG,กลุ่มการเงิน (SIC 6000–6799) — กฎนี้ไม่ครอบคลุม
2022-03-31,1267238.0,AIZ,AIZ,ok,AIZ,กลุ่มการเงิน (SIC 6000–6799) — กฎนี้ไม่ครอบคลุม
2022-03-31,354190.0,AJG,AJG,ok,AJG,กลุ่มการเงิน (SIC 6000–6799) — กฎนี้ไม่ครอบคลุม
2022-03-31,899051.0,ALL,ALL,ok,ALL,กลุ่มการเงิน (SIC 6000–6799) — กฎนี้ไม่ครอบคลุม
2022-03-31,820027.0,AMP,AMP,ok,AMP,กลุ่มการเงิน (SIC 6000–6799) — กฎนี้ไม่ครอบคลุม
2022-03-31,1053507.0,AMT,AMT,ok,AMT,กลุ่มการเงิน (SIC 6000–6799) — กฎนี้ไม่ครอบคลุม
2022-03-31,1013462.0,ANSS,,no_price,,ไม่อยู่ใน universe (ข้อมูลราคา/market cap: no_price)
2022-03-31,1156039.0,ANTM,ELV,ok,ELV,กลุ่มการเงิน (SIC 6000–6799) — กฎนี้ไม่ครอบคลุม
2022-03-31,315293.0,AON,AON,ok,AON,กลุ่มการเงิน (SIC 6000–6799) — กฎนี้ไม่ครอบคลุม
2022-03-31,1035443.0,ARE,ARE,ok,ARE,กลุ่มการเงิน (SIC 6000–6799) — กฎนี้ไม่ครอบคลุม
2022-03-31,718877.0,ATVI,,no_price,,ไม่อยู่ใน universe (ข้อมูลราคา/market cap: no_price)
2022-03-31,915912.0,AVB,,no_price,,กลุ่มการเงิน (SIC 6000–6799) — กฎนี้ไม่ครอบคลุม
2022-03-31,4962.0,AXP,AXP,ok,AXP,กลุ่มการเงิน (SIC 6000–6799) — กฎนี้ไม่ครอบคลุม
2022-03-31,70858.0,BAC,BAC,ok,BAC,กลุ่มการเงิน (SIC 6000–6799) — กฎนี้ไม่ครอบคลุม
2022-03-31,38777.0,BEN,BEN,ok,BEN,กลุ่มการเงิน (SIC 6000–6799) — กฎนี้ไม่ครอบคลุม
2022-03-31,1390777.0,BK,BNY,ok,BNY,กลุ่มการเงิน (SIC 6000–6799) — กฎนี้ไม่ครอบคลุม
2022-03-31,1701605.0,BKR,BKR,ok_no_shares,BKR,ไม่อยู่ใน universe (ข้อมูลราคา/market cap: ok_no_shares)
2022-03-31,1364742.0,BLK,BLK,ok,,กลุ่มการเงิน (SIC 6000–6799) — กฎนี้ไม่ครอบคลุม
2022-03-31,1067983.0,BRK.B,BRK-B,ok_no_shares,BRK-B,กลุ่มการเงิน (SIC 6000–6799) — กฎนี้ไม่ครอบคลุม
2022-03-31,79282.0,BRO,BRO,ok,BRO,กลุ่มการเงิน (SIC 6000–6799) — กฎนี้ไม่ครอบคลุม
2022-03-31,1037540.0,BXP,BXP,ok,BXP,กลุ่มการเงิน (SIC 6000–6799) — กฎนี้ไม่ครอบคลุม
2022-03-31,831001.0,C,C,ok,C,กลุ่มการเงิน (SIC 6000–6799) — กฎนี้ไม่ครอบคลุม
2022-03-31,896159.0,CB,CB,ok,CB,กลุ่มการเงิน (SIC 6000–6799) — กฎนี้ไม่ครอบคลุม
2022-03-31,1374310.0,CBOE,CBOE,ok,CBOE,กลุ่มการเงิน (SIC 6000–6799) — กฎนี้ไม่ครอบคลุม
2022-03-31,1138118.0,CBRE,CBRE,ok,CBRE,กลุ่มการเงิน (SIC 6000–6799) — กฎนี้ไม่ครอบคลุม
2022-03-31,1051470.0,CCI,CCI,ok,CCI,กลุ่มการเงิน (SIC 6000–6799) — กฎนี้ไม่ครอบคลุม
2022-03-31,1725057.0,CDAY,,no_price,,ไม่อยู่ใน universe (ข้อมูลราคา/market cap: no_price)
2022-03-31,1868275.0,CEG,CEG,ok_no_shares,CEG,ไม่อยู่ใน universe (ข้อมูลราคา/market cap: ok_no_shares)
2022-03-31,804753.0,CERN,,no_price,,ไม่อยู่ใน universe (ข้อมูลราคา/market cap: no_price)
2022-03-31,759944.0,CFG,CFG,ok,CFG,กลุ่มการเงิน (SIC 6000–6799) — กฎนี้ไม่ครอบคลุม
2022-03-31,1739940.0,CI,CI,ok,CI,กลุ่มการเงิน (SIC 6000–6799) — กฎนี้ไม่ครอบคลุม
2022-03-31,20286.0,CINF,CINF,ok,CINF,กลุ่มการเงิน (SIC 6000–6799) — กฎนี้ไม่ครอบคลุม
2022-03-31,28412.0,CMA,,no_price,,กลุ่มการเงิน (SIC 6000–6799) — กฎนี้ไม่ครอบคลุม
2022-03-31,1156375.0,CME,CME,ok,CME,กลุ่มการเงิน (SIC 6000–6799) — กฎนี้ไม่ครอบคลุม
2022-03-31,1071739.0,CNC,CNC,ok,CNC,กลุ่มการเงิน (SIC 6000–6799) — กฎนี้ไม่ครอบคลุม
2022-03-31,927628.0,COF,COF,ok,COF,กลุ่มการเงิน (SIC 6000–6799) — กฎนี้ไม่ครอบคลุม
2022-03-31,1596783.0,CTLT,,no_price,,ไม่อยู่ใน universe (ข้อมูลราคา/market cap: no_price)
2022-03-31,,CTRA,,,,ไม่อยู่ใน universe (ข้อมูลราคา/market cap: None)
2022-03-31,877890.0,CTXS,,no_price,,ไม่อยู่ใน universe (ข้อมูลราคา/market cap: no_price)
2022-03-31,1393612.0,DFS,,no_price,,กลุ่มการเงิน (SIC 6000–6799) — กฎนี้ไม่ครอบคลุม
2022-03-31,1437107.0,DISCA,WBD,ok_no_shares,WBD,ไม่อยู่ใน universe (ข้อมูลราคา/market cap: ok_no_shares)
2022-03-31,,DISCK,,,,ไม่อยู่ใน universe (ข้อมูลราคา/market cap: None)
2022-03-31,1001082.0,DISH,,no_price,,ไม่อยู่ใน universe (ข้อมูลราคา/market cap: no_price)
2022-03-31,1297996.0,DLR,DLR,ok,DLR,กลุ่มการเงิน (SIC 6000–6799) — กฎนี้ไม่ครอบคลุม
2022-03-31,783280.0,DRE,,no_price,,กลุ่มการเงิน (SIC 6000–6799) — กฎนี้ไม่ครอบคลุม
2022-03-31,712515.0,EA,,no_price,,ไม่อยู่ใน universe (ข้อมูลราคา/market cap: no_price)
2022-03-31,1101239.0,EQIX,EQIX,ok,EQIX,กลุ่มการเงิน (SIC 6000–6799) — กฎนี้ไม่ครอบคลุม
2022-03-31,906107.0,EQR,VMRK,ok,VMRK,กลุ่มการเงิน (SIC 6000–6799) — กฎนี้ไม่ครอบคลุม
2022-03-31,920522.0,ESS,ESS,ok,ESS,กลุ่มการเงิน (SIC 6000–6799) — กฎนี้ไม่ครอบคลุม
2022-03-31,1289490.0,EXR,EXR,ok,EXR,กลุ่มการเงิน (SIC 6000–6799) — กฎนี้ไม่ครอบคลุม
2022-03-31,35527.0,FITB,FITB,ok,FITB,กลุ่มการเงิน (SIC 6000–6799) — กฎนี้ไม่ครอบคลุม
2022-03-31,1754301.0,FOX,FOXA,ok_no_shares,FOXA,ไม่อยู่ใน universe (ข้อมูลราคา/market cap: ok_no_shares)
2022-03-31,1754301.0,FOXA,FOXA,ok_no_shares,FOXA,ไม่อยู่ใน universe (ข้อมูลราคา/market cap: ok_no_shares)
2022-03-31,,FRC,,,,ไม่อยู่ใน universe (ข้อมูลราคา/market cap: None)
2022-03-31,34903.0,FRT,FRT,ok,FRT,กลุ่มการเงิน (SIC 6000–6799) — กฎนี้ไม่ครอบคลุม
2022-03-31,320335.0,GL,GL,ok,GL,กลุ่มการเงิน (SIC 6000–6799) — กฎนี้ไม่ครอบคลุม
2022-03-31,886982.0,GS,GS,ok,GS,กลุ่มการเงิน (SIC 6000–6799) — กฎนี้ไม่ครอบคลุม
2022-03-31,49196.0,HBAN,HBAN,ok,HBAN,กลุ่มการเงิน (SIC 6000–6799) — กฎนี้ไม่ครอบคลุม
2022-03-31,4447.0,HES,,no_price,,ไม่อยู่ใน universe (ข้อมูลราคา/market cap: no_price)
2022-03-31,874766.0,HIG,HIG,ok,HIG,กลุ่มการเงิน (SIC 6000–6799) — กฎนี้ไม่ครอบคลุม
2022-03-31,859737.0,HOLX,,no_price,,ไม่อยู่ใน universe (ข้อมูลราคา/market cap: no_price)
2022-03-31,49071.0,HUM,HUM,ok,HUM,กลุ่มการเงิน (SIC 6000–6799) — กฎนี้ไม่ครอบคลุม
2022-03-31,1571949.0,ICE,ICE,ok,ICE,กลุ่มการเงิน (SIC 6000–6799) — กฎนี้ไม่ครอบคลุม
2022-03-31,51644.0,IPG,,no_price,,ไม่อยู่ใน universe (ข้อมูลราคา/market cap: no_price)
2022-03-31,1020569.0,IRM,IRM,ok,IRM,กลุ่มการเงิน (SIC 6000–6799) — กฎนี้ไม่ครอบคลุม
2022-03-31,914208.0,IVZ,IVZ,ok,IVZ,กลุ่มการเงิน (SIC 6000–6799) — กฎนี้ไม่ครอบคลุม
2022-03-31,1043604.0,JNPR,,no_price,,ไม่อยู่ใน universe (ข้อมูลราคา/market cap: no_price)
2022-03-31,19617.0,JPM,JPM,ok,JPM,กลุ่มการเงิน (SIC 6000–6799) — กฎนี้ไม่ครอบคลุม
2022-03-31,55067.0,K,,no_price,,ไม่อยู่ใน universe (ข้อมูลราคา/market cap: no_price)
2022-03-31,91576.0,KEY,KEY,ok,KEY,กลุ่มการเงิน (SIC 6000–6799) — กฎนี้ไม่ครอบคลุม
2022-03-31,879101.0,KIM,KIM,ok,KIM,กลุ่มการเงิน (SIC 6000–6799) — กฎนี้ไม่ครอบคลุม
2022-03-31,60086.0,L,L,ok,L,กลุ่มการเงิน (SIC 6000–6799) — กฎนี้ไม่ครอบคลุม
2022-03-31,59558.0,LNC,LNC,ok,LNC,กลุ่มการเงิน (SIC 6000–6799) — กฎนี้ไม่ครอบคลุม
2022-03-31,912595.0,MAA,MAA,ok,MAA,กลุ่มการเงิน (SIC 6000–6799) — กฎนี้ไม่ครอบคลุม
2022-03-31,1099219.0,MET,MET,ok,MET,กลุ่มการเงิน (SIC 6000–6799) — กฎนี้ไม่ครอบคลุม
2022-03-31,1278021.0,MKTX,MKTX,ok,MKTX,กลุ่มการเงิน (SIC 6000–6799) — กฎนี้ไม่ครอบคลุม
2022-03-31,62709.0,MMC,MRSH,ok,MRSH,กลุ่มการเงิน (SIC 6000–6799) — กฎนี้ไม่ครอบคลุม
2022-03-31,1179929.0,MOH,MOH,ok,MOH,กลุ่มการเงิน (SIC 6000–6799) — กฎนี้ไม่ครอบคลุม
2022-03-31,101778.0,MRO,,no_price,,ไม่อยู่ใน universe (ข้อมูลราคา/market cap: no_price)
2022-03-31,895421.0,MS,MS,ok,MS,กลุ่มการเงิน (SIC 6000–6799) — กฎนี้ไม่ครอบคลุม
2022-03-31,36270.0,MTB,MTB,ok,MTB,กลุ่มการเงิน (SIC 6000–6799) — กฎนี้ไม่ครอบคลุม
2022-03-31,1120193.0,NDAQ,NDAQ,ok,NDAQ,กลุ่มการเงิน (SIC 6000–6799) — กฎนี้ไม่ครอบคลุม
2022-03-31,1492633.0,NLSN,,no_price,,ไม่อยู่ใน universe (ข้อมูลราคา/market cap: no_price)
2022-03-31,73124.0,NTRS,NTRS,ok,NTRS,กลุ่มการเงิน (SIC 6000–6799) — กฎนี้ไม่ครอบคลุม
2022-03-31,726728.0,O,O,ok,O,กลุ่มการเงิน (SIC 6000–6799) — กฎนี้ไม่ครอบคลุม
2022-03-31,1378946.0,PBCT,,no_price,,กลุ่มการเงิน (SIC 6000–6799) — กฎนี้ไม่ครอบคลุม
2022-03-31,765880.0,PEAK,DOC,ok,DOC,กลุ่มการเงิน (SIC 6000–6799) — กฎนี้ไม่ครอบคลุม
2022-03-31,1126328.0,PFG,PFG,ok,PFG,กลุ่มการเงิน (SIC 6000–6799) — กฎนี้ไม่ครอบคลุม
2022-03-31,80661.0,PGR,PGR,ok,PGR,กลุ่มการเงิน (SIC 6000–6799) — กฎนี้ไม่ครอบคลุม
2022-03-31,1045609.0,PLD,PLD,ok,PLD,กลุ่มการเงิน (SIC 6000–6799) — กฎนี้ไม่ครอบคลุม
2022-03-31,713676.0,PNC,PNC,ok,PNC,กลุ่มการเงิน (SIC 6000–6799) — กฎนี้ไม่ครอบคลุม
2022-03-31,1137774.0,PRU,PRU,ok,PRU,กลุ่มการเงิน (SIC 6000–6799) — กฎนี้ไม่ครอบคลุม
2022-03-31,1393311.0,PSA,PSA,ok,PSA,กลุ่มการเงิน (SIC 6000–6799) — กฎนี้ไม่ครอบคลุม
2022-03-31,1038357.0,PXD,,no_price,,ไม่อยู่ใน universe (ข้อมูลราคา/market cap: no_price)
2022-03-31,1095073.0,RE,EG,ok,EG,กลุ่มการเงิน (SIC 6000–6799) — กฎนี้ไม่ครอบคลุม
2022-03-31,910606.0,REG,REG,ok,REG,กลุ่มการเงิน (SIC 6000–6799) — กฎนี้ไม่ครอบคลุม
2022-03-31,1281761.0,RF,RF,ok,RF,กลุ่มการเงิน (SIC 6000–6799) — กฎนี้ไม่ครอบคลุม
2022-03-31,720005.0,RJF,RJF,ok,RJF,กลุ่มการเงิน (SIC 6000–6799) — กฎนี้ไม่ครอบคลุม
2022-03-31,1034054.0,SBAC,SBAC,ok,SBAC,กลุ่มการเงิน (SIC 6000–6799) — กฎนี้ไม่ครอบคลุม
2022-03-31,,SBNY,,,,ไม่อยู่ใน universe (ข้อมูลราคา/market cap: None)
2022-03-31,316709.0,SCHW,SCHW,ok,SCHW,กลุ่มการเงิน (SIC 6000–6799) — กฎนี้ไม่ครอบคลุม
2022-03-31,1012100.0,SEE,,no_price,,ไม่อยู่ใน universe (ข้อมูลราคา/market cap: no_price)
2022-03-31,719739.0,SIVB,,no_price,,กลุ่มการเงิน (SIC 6000–6799) — กฎนี้ไม่ครอบคลุม
2022-03-31,1063761.0,SPG,SPG,ok,SPG,กลุ่มการเงิน (SIC 6000–6799) — กฎนี้ไม่ครอบคลุม
2022-03-31,93751.0,STT,STT,ok,STT,กลุ่มการเงิน (SIC 6000–6799) — กฎนี้ไม่ครอบคลุม
2022-03-31,16918.0,STZ,STZ,ok_no_shares,STZ,ไม่อยู่ใน universe (ข้อมูลราคา/market cap: ok_no_shares)
2022-03-31,1601712.0,SYF,SYF,ok,SYF,กลุ่มการเงิน (SIC 6000–6799) — กฎนี้ไม่ครอบคลุม
2022-03-31,92230.0,TFC,TFC,ok,TFC,กลุ่มการเงิน (SIC 6000–6799) — กฎนี้ไม่ครอบคลุม
2022-03-31,1113169.0,TROW,TROW,ok,TROW,กลุ่มการเงิน (SIC 6000–6799) — กฎนี้ไม่ครอบคลุม
2022-03-31,86312.0,TRV,TRV,ok,TRV,กลุ่มการเงิน (SIC 6000–6799) — กฎนี้ไม่ครอบคลุม
2022-03-31,100493.0,TSN,TSN,ok_no_shares,TSN,ไม่อยู่ใน universe (ข้อมูลราคา/market cap: ok_no_shares)
2022-03-31,1418091.0,TWTR,,no_price,,ไม่อยู่ใน universe (ข้อมูลราคา/market cap: no_price)
2022-03-31,74208.0,UDR,UDR,ok,UDR,กลุ่มการเงิน (SIC 6000–6799) — กฎนี้ไม่ครอบคลุม
2022-03-31,731766.0,UNH,UNH,ok,UNH,กลุ่มการเงิน (SIC 6000–6799) — กฎนี้ไม่ครอบคลุม
2022-03-31,36104.0,USB,USB,ok,USB,กลุ่มการเงิน (SIC 6000–6799) — กฎนี้ไม่ครอบคลุม
2022-03-31,1403161.0,V,V,ok_no_shares,V,ไม่อยู่ใน universe (ข้อมูลราคา/market cap: ok_no_shares)
2022-03-31,899689.0,VNO,VNO,ok,VNO,กลุ่มการเงิน (SIC 6000–6799) — กฎนี้ไม่ครอบคลุม
2022-03-31,740260.0,VTR,VTR,ok,VTR,กลุ่มการเงิน (SIC 6000–6799) — กฎนี้ไม่ครอบคลุม
2022-03-31,1618921.0,WBA,,no_price,,ไม่อยู่ใน universe (ข้อมูลราคา/market cap: no_price)
2022-03-31,766704.0,WELL,WELL,ok,WELL,กลุ่มการเงิน (SIC 6000–6799) — กฎนี้ไม่ครอบคลุม
2022-03-31,72971.0,WFC,WFC,ok,WFC,กลุ่มการเงิน (SIC 6000–6799) — กฎนี้ไม่ครอบคลุม
2022-03-31,11544.0,WRB,WRB,ok,WRB,กลุ่มการเงิน (SIC 6000–6799) — กฎนี้ไม่ครอบคลุม
2022-03-31,1732845.0,WRK,,no_price,,ไม่อยู่ใน universe (ข้อมูลราคา/market cap: no_price)
2022-03-31,1140536.0,WTW,WTW,ok,WTW,กลุ่มการเงิน (SIC 6000–6799) — กฎนี้ไม่ครอบคลุม
2022-03-31,106535.0,WY,WY,ok,WY,กลุ่มการเงิน (SIC 6000–6799) — กฎนี้ไม่ครอบคลุม
2022-03-31,109380.0,ZION,ZION,ok,ZION,กลุ่มการเงิน (SIC 6000–6799) — กฎนี้ไม่ครอบคลุม
2022-04-29,815094.0,ABMD,,no_price,,ไม่อยู่ใน universe (ข้อมูลราคา/market cap: no_price)
2022-04-29,4977.0,AFL,AFL,ok,AFL,กลุ่มการเงิน (SIC 6000–6799) — กฎนี้ไม่ครอบคลุม
2022-04-29,5272.0,AIG,AIG,ok,AIG,กลุ่มการเงิน (SIC 6000–6799) — กฎนี้ไม่ครอบคลุม
2022-04-29,1267238.0,AIZ,AIZ,ok,AIZ,กลุ่มการเงิน (SIC 6000–6799) — กฎนี้ไม่ครอบคลุม
2022-04-29,354190.0,AJG,AJG,ok,AJG,กลุ่มการเงิน (SIC 6000–6799) — กฎนี้ไม่ครอบคลุม
2022-04-29,899051.0,ALL,ALL,ok,ALL,กลุ่มการเงิน (SIC 6000–6799) — กฎนี้ไม่ครอบคลุม
2022-04-29,820027.0,AMP,AMP,ok,AMP,กลุ่มการเงิน (SIC 6000–6799) — กฎนี้ไม่ครอบคลุม
2022-04-29,1053507.0,AMT,AMT,ok,AMT,กลุ่มการเงิน (SIC 6000–6799) — กฎนี้ไม่ครอบคลุม
2022-04-29,1013462.0,ANSS,,no_price,,ไม่อยู่ใน universe (ข้อมูลราคา/market cap: no_price)
2022-04-29,1156039.0,ANTM,ELV,ok,ELV,กลุ่มการเงิน (SIC 6000–6799) — กฎนี้ไม่ครอบคลุม
2022-04-29,315293.0,AON,AON,ok,AON,กลุ่มการเงิน (SIC 6000–6799) — กฎนี้ไม่ครอบคลุม
2022-04-29,1035443.0,ARE,ARE,ok,ARE,กลุ่มการเงิน (SIC 6000–6799) — กฎนี้ไม่ครอบคลุม
2022-04-29,718877.0,ATVI,,no_price,,ไม่อยู่ใน universe (ข้อมูลราคา/market cap: no_price)
2022-04-29,915912.0,AVB,,no_price,,กลุ่มการเงิน (SIC 6000–6799) — กฎนี้ไม่ครอบคลุม
2022-04-29,4962.0,AXP,AXP,ok,AXP,กลุ่มการเงิน (SIC 6000–6799) — กฎนี้ไม่ครอบคลุม
2022-04-29,70858.0,BAC,BAC,ok,BAC,กลุ่มการเงิน (SIC 6000–6799) — กฎนี้ไม่ครอบคลุม
2022-04-29,38777.0,BEN,BEN,ok,BEN,กลุ่มการเงิน (SIC 6000–6799) — กฎนี้ไม่ครอบคลุม
2022-04-29,1390777.0,BK,BNY,ok,BNY,กลุ่มการเงิน (SIC 6000–6799) — กฎนี้ไม่ครอบคลุม
2022-04-29,1701605.0,BKR,BKR,ok_no_shares,BKR,ไม่อยู่ใน universe (ข้อมูลราคา/market cap: ok_no_shares)
2022-04-29,1364742.0,BLK,BLK,ok,,กลุ่มการเงิน (SIC 6000–6799) — กฎนี้ไม่ครอบคลุม
2022-04-29,1067983.0,BRK.B,BRK-B,ok_no_shares,BRK-B,กลุ่มการเงิน (SIC 6000–6799) — กฎนี้ไม่ครอบคลุม
2022-04-29,79282.0,BRO,BRO,ok,BRO,กลุ่มการเงิน (SIC 6000–6799) — กฎนี้ไม่ครอบคลุม
2022-04-29,1037540.0,BXP,BXP,ok,BXP,กลุ่มการเงิน (SIC 6000–6799) — กฎนี้ไม่ครอบคลุม
2022-04-29,831001.0,C,C,ok,C,กลุ่มการเงิน (SIC 6000–6799) — กฎนี้ไม่ครอบคลุม
2022-04-29,896159.0,CB,CB,ok,CB,กลุ่มการเงิน (SIC 6000–6799) — กฎนี้ไม่ครอบคลุม
2022-04-29,1374310.0,CBOE,CBOE,ok,CBOE,กลุ่มการเงิน (SIC 6000–6799) — กฎนี้ไม่ครอบคลุม
2022-04-29,1138118.0,CBRE,CBRE,ok,CBRE,กลุ่มการเงิน (SIC 6000–6799) — กฎนี้ไม่ครอบคลุม
2022-04-29,1051470.0,CCI,CCI,ok,CCI,กลุ่มการเงิน (SIC 6000–6799) — กฎนี้ไม่ครอบคลุม
2022-04-29,1725057.0,CDAY,,no_price,,ไม่อยู่ใน universe (ข้อมูลราคา/market cap: no_price)
2022-04-29,1868275.0,CEG,CEG,ok_no_shares,CEG,ไม่อยู่ใน universe (ข้อมูลราคา/market cap: ok_no_shares)
2022-04-29,804753.0,CERN,,no_price,,ไม่อยู่ใน universe (ข้อมูลราคา/market cap: no_price)
2022-04-29,759944.0,CFG,CFG,ok,CFG,กลุ่มการเงิน (SIC 6000–6799) — กฎนี้ไม่ครอบคลุม
2022-04-29,1739940.0,CI,CI,ok,CI,กลุ่มการเงิน (SIC 6000–6799) — กฎนี้ไม่ครอบคลุม
2022-04-29,20286.0,CINF,CINF,ok,CINF,กลุ่มการเงิน (SIC 6000–6799) — กฎนี้ไม่ครอบคลุม
2022-04-29,28412.0,CMA,,no_price,,กลุ่มการเงิน (SIC 6000–6799) — กฎนี้ไม่ครอบคลุม
2022-04-29,1156375.0,CME,CME,ok,CME,กลุ่มการเงิน (SIC 6000–6799) — กฎนี้ไม่ครอบคลุม
2022-04-29,1071739.0,CNC,CNC,ok,CNC,กลุ่มการเงิน (SIC 6000–6799) — กฎนี้ไม่ครอบคลุม
2022-04-29,927628.0,COF,COF,ok,COF,กลุ่มการเงิน (SIC 6000–6799) — กฎนี้ไม่ครอบคลุม
2022-04-29,906345.0,CPT,CPT,ok,CPT,กลุ่มการเงิน (SIC 6000–6799) — กฎนี้ไม่ครอบคลุม
2022-04-29,1596783.0,CTLT,,no_price,,ไม่อยู่ใน universe (ข้อมูลราคา/market cap: no_price)
2022-04-29,,CTRA,,,,ไม่อยู่ใน universe (ข้อมูลราคา/market cap: None)
2022-04-29,877890.0,CTXS,,no_price,,ไม่อยู่ใน universe (ข้อมูลราคา/market cap: no_price)
2022-04-29,1393612.0,DFS,,no_price,,กลุ่มการเงิน (SIC 6000–6799) — กฎนี้ไม่ครอบคลุม
2022-04-29,1001082.0,DISH,,no_price,,ไม่อยู่ใน universe (ข้อมูลราคา/market cap: no_price)
2022-04-29,1297996.0,DLR,DLR,ok,DLR,กลุ่มการเงิน (SIC 6000–6799) — กฎนี้ไม่ครอบคลุม
2022-04-29,783280.0,DRE,,no_price,,กลุ่มการเงิน (SIC 6000–6799) — กฎนี้ไม่ครอบคลุม
2022-04-29,712515.0,EA,,no_price,,ไม่อยู่ใน universe (ข้อมูลราคา/market cap: no_price)
2022-04-29,1101239.0,EQIX,EQIX,ok,EQIX,กลุ่มการเงิน (SIC 6000–6799) — กฎนี้ไม่ครอบคลุม
2022-04-29,906107.0,EQR,VMRK,ok,VMRK,กลุ่มการเงิน (SIC 6000–6799) — กฎนี้ไม่ครอบคลุม
2022-04-29,920522.0,ESS,ESS,ok,ESS,กลุ่มการเงิน (SIC 6000–6799) — กฎนี้ไม่ครอบคลุม
2022-04-29,1289490.0,EXR,EXR,ok,EXR,กลุ่มการเงิน (SIC 6000–6799) — กฎนี้ไม่ครอบคลุม
2022-04-29,35527.0,FITB,FITB,ok,FITB,กลุ่มการเงิน (SIC 6000–6799) — กฎนี้ไม่ครอบคลุม
2022-04-29,1754301.0,FOX,FOXA,ok_no_shares,FOXA,ไม่อยู่ใน universe (ข้อมูลราคา/market cap: ok_no_shares)
2022-04-29,1754301.0,FOXA,FOXA,ok_no_shares,FOXA,ไม่อยู่ใน universe (ข้อมูลราคา/market cap: ok_no_shares)
2022-04-29,,FRC,,,,ไม่อยู่ใน universe (ข้อมูลราคา/market cap: None)
2022-04-29,34903.0,FRT,FRT,ok,FRT,กลุ่มการเงิน (SIC 6000–6799) — กฎนี้ไม่ครอบคลุม
2022-04-29,320335.0,GL,GL,ok,GL,กลุ่มการเงิน (SIC 6000–6799) — กฎนี้ไม่ครอบคลุม
2022-04-29,886982.0,GS,GS,ok,GS,กลุ่มการเงิน (SIC 6000–6799) — กฎนี้ไม่ครอบคลุม
2022-04-29,49196.0,HBAN,HBAN,ok,HBAN,กลุ่มการเงิน (SIC 6000–6799) — กฎนี้ไม่ครอบคลุม
2022-04-29,4447.0,HES,,no_price,,ไม่อยู่ใน universe (ข้อมูลราคา/market cap: no_price)
2022-04-29,874766.0,HIG,HIG,ok,HIG,กลุ่มการเงิน (SIC 6000–6799) — กฎนี้ไม่ครอบคลุม
2022-04-29,859737.0,HOLX,,no_price,,ไม่อยู่ใน universe (ข้อมูลราคา/market cap: no_price)
2022-04-29,49071.0,HUM,HUM,ok,HUM,กลุ่มการเงิน (SIC 6000–6799) — กฎนี้ไม่ครอบคลุม
2022-04-29,1571949.0,ICE,ICE,ok,ICE,กลุ่มการเงิน (SIC 6000–6799) — กฎนี้ไม่ครอบคลุม
2022-04-29,51644.0,IPG,,no_price,,ไม่อยู่ใน universe (ข้อมูลราคา/market cap: no_price)
2022-04-29,1020569.0,IRM,IRM,ok,IRM,กลุ่มการเงิน (SIC 6000–6799) — กฎนี้ไม่ครอบคลุม
2022-04-29,914208.0,IVZ,IVZ,ok,IVZ,กลุ่มการเงิน (SIC 6000–6799) — กฎนี้ไม่ครอบคลุม
2022-04-29,1043604.0,JNPR,,no_price,,ไม่อยู่ใน universe (ข้อมูลราคา/market cap: no_price)
2022-04-29,19617.0,JPM,JPM,ok,JPM,กลุ่มการเงิน (SIC 6000–6799) — กฎนี้ไม่ครอบคลุม
2022-04-29,55067.0,K,,no_price,,ไม่อยู่ใน universe (ข้อมูลราคา/market cap: no_price)
2022-04-29,91576.0,KEY,KEY,ok,KEY,กลุ่มการเงิน (SIC 6000–6799) — กฎนี้ไม่ครอบคลุม
2022-04-29,879101.0,KIM,KIM,ok,KIM,กลุ่มการเงิน (SIC 6000–6799) — กฎนี้ไม่ครอบคลุม
2022-04-29,60086.0,L,L,ok,L,กลุ่มการเงิน (SIC 6000–6799) — กฎนี้ไม่ครอบคลุม
2022-04-29,59558.0,LNC,LNC,ok,LNC,กลุ่มการเงิน (SIC 6000–6799) — กฎนี้ไม่ครอบคลุม
2022-04-29,912595.0,MAA,MAA,ok,MAA,กลุ่มการเงิน (SIC 6000–6799) — กฎนี้ไม่ครอบคลุม
2022-04-29,1099219.0,MET,MET,ok,MET,กลุ่มการเงิน (SIC 6000–6799) — กฎนี้ไม่ครอบคลุม
2022-04-29,1278021.0,MKTX,MKTX,ok,MKTX,กลุ่มการเงิน (SIC 6000–6799) — กฎนี้ไม่ครอบคลุม
2022-04-29,62709.0,MMC,MRSH,ok,MRSH,กลุ่มการเงิน (SIC 6000–6799) — กฎนี้ไม่ครอบคลุม
2022-04-29,1179929.0,MOH,MOH,ok,MOH,กลุ่มการเงิน (SIC 6000–6799) — กฎนี้ไม่ครอบคลุม
2022-04-29,101778.0,MRO,,no_price,,ไม่อยู่ใน universe (ข้อมูลราคา/market cap: no_price)
2022-04-29,895421.0,MS,MS,ok,MS,กลุ่มการเงิน (SIC 6000–6799) — กฎนี้ไม่ครอบคลุม
2022-04-29,36270.0,MTB,MTB,ok,MTB,กลุ่มการเงิน (SIC 6000–6799) — กฎนี้ไม่ครอบคลุม
2022-04-29,1120193.0,NDAQ,NDAQ,ok,NDAQ,กลุ่มการเงิน (SIC 6000–6799) — กฎนี้ไม่ครอบคลุม
2022-04-29,1492633.0,NLSN,,no_price,,ไม่อยู่ใน universe (ข้อมูลราคา/market cap: no_price)
2022-04-29,73124.0,NTRS,NTRS,ok,NTRS,กลุ่มการเงิน (SIC 6000–6799) — กฎนี้ไม่ครอบคลุม
2022-04-29,726728.0,O,O,ok,O,กลุ่มการเงิน (SIC 6000–6799) — กฎนี้ไม่ครอบคลุม
2022-04-29,765880.0,PEAK,DOC,ok,DOC,กลุ่มการเงิน (SIC 6000–6799) — กฎนี้ไม่ครอบคลุม
2022-04-29,1126328.0,PFG,PFG,ok,PFG,กลุ่มการเงิน (SIC 6000–6799) — กฎนี้ไม่ครอบคลุม
2022-04-29,80661.0,PGR,PGR,ok,PGR,กลุ่มการเงิน (SIC 6000–6799) — กฎนี้ไม่ครอบคลุม
2022-04-29,1045609.0,PLD,PLD,ok,PLD,กลุ่มการเงิน (SIC 6000–6799) — กฎนี้ไม่ครอบคลุม
2022-04-29,713676.0,PNC,PNC,ok,PNC,กลุ่มการเงิน (SIC 6000–6799) — กฎนี้ไม่ครอบคลุม
2022-04-29,1137774.0,PRU,PRU,ok,PRU,กลุ่มการเงิน (SIC 6000–6799) — กฎนี้ไม่ครอบคลุม
2022-04-29,1393311.0,PSA,PSA,ok,PSA,กลุ่มการเงิน (SIC 6000–6799) — กฎนี้ไม่ครอบคลุม
2022-04-29,1038357.0,PXD,,no_price,,ไม่อยู่ใน universe (ข้อมูลราคา/market cap: no_price)
2022-04-29,1095073.0,RE,EG,ok,EG,กลุ่มการเงิน (SIC 6000–6799) — กฎนี้ไม่ครอบคลุม
2022-04-29,910606.0,REG,REG,ok,REG,กลุ่มการเงิน (SIC 6000–6799) — กฎนี้ไม่ครอบคลุม
2022-04-29,1281761.0,RF,RF,ok,RF,กลุ่มการเงิน (SIC 6000–6799) — กฎนี้ไม่ครอบคลุม
2022-04-29,720005.0,RJF,RJF,ok,RJF,กลุ่มการเงิน (SIC 6000–6799) — กฎนี้ไม่ครอบคลุม
2022-04-29,1034054.0,SBAC,SBAC,ok,SBAC,กลุ่มการเงิน (SIC 6000–6799) — กฎนี้ไม่ครอบคลุม
2022-04-29,,SBNY,,,,ไม่อยู่ใน universe (ข้อมูลราคา/market cap: None)
2022-04-29,316709.0,SCHW,SCHW,ok,SCHW,กลุ่มการเงิน (SIC 6000–6799) — กฎนี้ไม่ครอบคลุม
2022-04-29,1012100.0,SEE,,no_price,,ไม่อยู่ใน universe (ข้อมูลราคา/market cap: no_price)
2022-04-29,719739.0,SIVB,,no_price,,กลุ่มการเงิน (SIC 6000–6799) — กฎนี้ไม่ครอบคลุม
2022-04-29,1063761.0,SPG,SPG,ok,SPG,กลุ่มการเงิน (SIC 6000–6799) — กฎนี้ไม่ครอบคลุม
2022-04-29,93751.0,STT,STT,ok,STT,กลุ่มการเงิน (SIC 6000–6799) — กฎนี้ไม่ครอบคลุม
2022-04-29,16918.0,STZ,STZ,ok_no_shares,STZ,ไม่อยู่ใน universe (ข้อมูลราคา/market cap: ok_no_shares)
2022-04-29,1601712.0,SYF,SYF,ok,SYF,กลุ่มการเงิน (SIC 6000–6799) — กฎนี้ไม่ครอบคลุม
2022-04-29,92230.0,TFC,TFC,ok,TFC,กลุ่มการเงิน (SIC 6000–6799) — กฎนี้ไม่ครอบคลุม
2022-04-29,1113169.0,TROW,TROW,ok,TROW,กลุ่มการเงิน (SIC 6000–6799) — กฎนี้ไม่ครอบคลุม
2022-04-29,86312.0,TRV,TRV,ok,TRV,กลุ่มการเงิน (SIC 6000–6799) — กฎนี้ไม่ครอบคลุม
2022-04-29,100493.0,TSN,TSN,ok_no_shares,TSN,ไม่อยู่ใน universe (ข้อมูลราคา/market cap: ok_no_shares)
2022-04-29,1418091.0,TWTR,,no_price,,ไม่อยู่ใน universe (ข้อมูลราคา/market cap: no_price)
2022-04-29,74208.0,UDR,UDR,ok,UDR,กลุ่มการเงิน (SIC 6000–6799) — กฎนี้ไม่ครอบคลุม
2022-04-29,731766.0,UNH,UNH,ok,UNH,กลุ่มการเงิน (SIC 6000–6799) — กฎนี้ไม่ครอบคลุม
2022-04-29,36104.0,USB,USB,ok,USB,กลุ่มการเงิน (SIC 6000–6799) — กฎนี้ไม่ครอบคลุม
2022-04-29,1403161.0,V,V,ok_no_shares,V,ไม่อยู่ใน universe (ข้อมูลราคา/market cap: ok_no_shares)
2022-04-29,899689.0,VNO,VNO,ok,VNO,กลุ่มการเงิน (SIC 6000–6799) — กฎนี้ไม่ครอบคลุม
2022-04-29,740260.0,VTR,VTR,ok,VTR,กลุ่มการเงิน (SIC 6000–6799) — กฎนี้ไม่ครอบคลุม
2022-04-29,1618921.0,WBA,,no_price,,ไม่อยู่ใน universe (ข้อมูลราคา/market cap: no_price)
2022-04-29,1437107.0,WBD,WBD,ok_no_shares,WBD,ไม่อยู่ใน universe (ข้อมูลราคา/market cap: ok_no_shares)
2022-04-29,766704.0,WELL,WELL,ok,WELL,กลุ่มการเงิน (SIC 6000–6799) — กฎนี้ไม่ครอบคลุม
2022-04-29,72971.0,WFC,WFC,ok,WFC,กลุ่มการเงิน (SIC 6000–6799) — กฎนี้ไม่ครอบคลุม
2022-04-29,11544.0,WRB,WRB,ok,WRB,กลุ่มการเงิน (SIC 6000–6799) — กฎนี้ไม่ครอบคลุม
2022-04-29,1732845.0,WRK,,no_price,,ไม่อยู่ใน universe (ข้อมูลราคา/market cap: no_price)
2022-04-29,1140536.0,WTW,WTW,ok,WTW,กลุ่มการเงิน (SIC 6000–6799) — กฎนี้ไม่ครอบคลุม
2022-04-29,106535.0,WY,WY,ok,WY,กลุ่มการเงิน (SIC 6000–6799) — กฎนี้ไม่ครอบคลุม
2022-04-29,109380.0,ZION,ZION,ok,ZION,กลุ่มการเงิน (SIC 6000–6799) — กฎนี้ไม่ครอบคลุม
2022-05-31,815094.0,ABMD,,no_price,,ไม่อยู่ใน universe (ข้อมูลราคา/market cap: no_price)
2022-05-31,4977.0,AFL,AFL,ok,AFL,กลุ่มการเงิน (SIC 6000–6799) — กฎนี้ไม่ครอบคลุม
2022-05-31,5272.0,AIG,AIG,ok,AIG,กลุ่มการเงิน (SIC 6000–6799) — กฎนี้ไม่ครอบคลุม
2022-05-31,1267238.0,AIZ,AIZ,ok,AIZ,กลุ่มการเงิน (SIC 6000–6799) — กฎนี้ไม่ครอบคลุม
2022-05-31,354190.0,AJG,AJG,ok,AJG,กลุ่มการเงิน (SIC 6000–6799) — กฎนี้ไม่ครอบคลุม
2022-05-31,899051.0,ALL,ALL,ok,ALL,กลุ่มการเงิน (SIC 6000–6799) — กฎนี้ไม่ครอบคลุม
2022-05-31,820027.0,AMP,AMP,ok,AMP,กลุ่มการเงิน (SIC 6000–6799) — กฎนี้ไม่ครอบคลุม
2022-05-31,1053507.0,AMT,AMT,ok,AMT,กลุ่มการเงิน (SIC 6000–6799) — กฎนี้ไม่ครอบคลุม
2022-05-31,1013462.0,ANSS,,no_price,,ไม่อยู่ใน universe (ข้อมูลราคา/market cap: no_price)
2022-05-31,1156039.0,ANTM,ELV,ok,ELV,กลุ่มการเงิน (SIC 6000–6799) — กฎนี้ไม่ครอบคลุม
2022-05-31,315293.0,AON,AON,ok,AON,กลุ่มการเงิน (SIC 6000–6799) — กฎนี้ไม่ครอบคลุม
2022-05-31,1035443.0,ARE,ARE,ok,ARE,กลุ่มการเงิน (SIC 6000–6799) — กฎนี้ไม่ครอบคลุม
2022-05-31,718877.0,ATVI,,no_price,,ไม่อยู่ใน universe (ข้อมูลราคา/market cap: no_price)
2022-05-31,915912.0,AVB,,no_price,,กลุ่มการเงิน (SIC 6000–6799) — กฎนี้ไม่ครอบคลุม
2022-05-31,4962.0,AXP,AXP,ok,AXP,กลุ่มการเงิน (SIC 6000–6799) — กฎนี้ไม่ครอบคลุม
2022-05-31,70858.0,BAC,BAC,ok,BAC,กลุ่มการเงิน (SIC 6000–6799) — กฎนี้ไม่ครอบคลุม
2022-05-31,38777.0,BEN,BEN,ok,BEN,กลุ่มการเงิน (SIC 6000–6799) — กฎนี้ไม่ครอบคลุม
2022-05-31,1390777.0,BK,BNY,ok,BNY,กลุ่มการเงิน (SIC 6000–6799) — กฎนี้ไม่ครอบคลุม
2022-05-31,1701605.0,BKR,BKR,ok_no_shares,BKR,ไม่อยู่ใน universe (ข้อมูลราคา/market cap: ok_no_shares)
2022-05-31,1364742.0,BLK,BLK,ok,,กลุ่มการเงิน (SIC 6000–6799) — กฎนี้ไม่ครอบคลุม
2022-05-31,1067983.0,BRK.B,BRK-B,ok_no_shares,BRK-B,กลุ่มการเงิน (SIC 6000–6799) — กฎนี้ไม่ครอบคลุม
2022-05-31,79282.0,BRO,BRO,ok,BRO,กลุ่มการเงิน (SIC 6000–6799) — กฎนี้ไม่ครอบคลุม
2022-05-31,1037540.0,BXP,BXP,ok,BXP,กลุ่มการเงิน (SIC 6000–6799) — กฎนี้ไม่ครอบคลุม
2022-05-31,831001.0,C,C,ok,C,กลุ่มการเงิน (SIC 6000–6799) — กฎนี้ไม่ครอบคลุม
2022-05-31,896159.0,CB,CB,ok,CB,กลุ่มการเงิน (SIC 6000–6799) — กฎนี้ไม่ครอบคลุม
2022-05-31,1374310.0,CBOE,CBOE,ok,CBOE,กลุ่มการเงิน (SIC 6000–6799) — กฎนี้ไม่ครอบคลุม
2022-05-31,1138118.0,CBRE,CBRE,ok,CBRE,กลุ่มการเงิน (SIC 6000–6799) — กฎนี้ไม่ครอบคลุม
2022-05-31,1051470.0,CCI,CCI,ok,CCI,กลุ่มการเงิน (SIC 6000–6799) — กฎนี้ไม่ครอบคลุม
2022-05-31,1725057.0,CDAY,,no_price,,ไม่อยู่ใน universe (ข้อมูลราคา/market cap: no_price)
2022-05-31,1868275.0,CEG,CEG,ok_no_shares,CEG,ไม่อยู่ใน universe (ข้อมูลราคา/market cap: ok_no_shares)
2022-05-31,804753.0,CERN,,no_price,,ไม่อยู่ใน universe (ข้อมูลราคา/market cap: no_price)
2022-05-31,759944.0,CFG,CFG,ok,CFG,กลุ่มการเงิน (SIC 6000–6799) — กฎนี้ไม่ครอบคลุม
2022-05-31,1739940.0,CI,CI,ok,CI,กลุ่มการเงิน (SIC 6000–6799) — กฎนี้ไม่ครอบคลุม
2022-05-31,20286.0,CINF,CINF,ok,CINF,กลุ่มการเงิน (SIC 6000–6799) — กฎนี้ไม่ครอบคลุม
2022-05-31,28412.0,CMA,,no_price,,กลุ่มการเงิน (SIC 6000–6799) — กฎนี้ไม่ครอบคลุม
2022-05-31,1156375.0,CME,CME,ok,CME,กลุ่มการเงิน (SIC 6000–6799) — กฎนี้ไม่ครอบคลุม
2022-05-31,1071739.0,CNC,CNC,ok,CNC,กลุ่มการเงิน (SIC 6000–6799) — กฎนี้ไม่ครอบคลุม
2022-05-31,927628.0,COF,COF,ok,COF,กลุ่มการเงิน (SIC 6000–6799) — กฎนี้ไม่ครอบคลุม
2022-05-31,906345.0,CPT,CPT,ok,CPT,กลุ่มการเงิน (SIC 6000–6799) — กฎนี้ไม่ครอบคลุม
2022-05-31,1596783.0,CTLT,,no_price,,ไม่อยู่ใน universe (ข้อมูลราคา/market cap: no_price)
2022-05-31,,CTRA,,,,ไม่อยู่ใน universe (ข้อมูลราคา/market cap: None)
2022-05-31,877890.0,CTXS,,no_price,,ไม่อยู่ใน universe (ข้อมูลราคา/market cap: no_price)
2022-05-31,1393612.0,DFS,,no_price,,กลุ่มการเงิน (SIC 6000–6799) — กฎนี้ไม่ครอบคลุม
2022-05-31,1001082.0,DISH,,no_price,,ไม่อยู่ใน universe (ข้อมูลราคา/market cap: no_price)
2022-05-31,1297996.0,DLR,DLR,ok,DLR,กลุ่มการเงิน (SIC 6000–6799) — กฎนี้ไม่ครอบคลุม
2022-05-31,783280.0,DRE,,no_price,,กลุ่มการเงิน (SIC 6000–6799) — กฎนี้ไม่ครอบคลุม
2022-05-31,712515.0,EA,,no_price,,ไม่อยู่ใน universe (ข้อมูลราคา/market cap: no_price)
2022-05-31,1101239.0,EQIX,EQIX,ok,EQIX,กลุ่มการเงิน (SIC 6000–6799) — กฎนี้ไม่ครอบคลุม
2022-05-31,906107.0,EQR,VMRK,ok,VMRK,กลุ่มการเงิน (SIC 6000–6799) — กฎนี้ไม่ครอบคลุม
2022-05-31,920522.0,ESS,ESS,ok,ESS,กลุ่มการเงิน (SIC 6000–6799) — กฎนี้ไม่ครอบคลุม
2022-05-31,1289490.0,EXR,EXR,ok,EXR,กลุ่มการเงิน (SIC 6000–6799) — กฎนี้ไม่ครอบคลุม
2022-05-31,35527.0,FITB,FITB,ok,FITB,กลุ่มการเงิน (SIC 6000–6799) — กฎนี้ไม่ครอบคลุม
2022-05-31,1754301.0,FOX,FOXA,ok_no_shares,FOXA,ไม่อยู่ใน universe (ข้อมูลราคา/market cap: ok_no_shares)
2022-05-31,1754301.0,FOXA,FOXA,ok_no_shares,FOXA,ไม่อยู่ใน universe (ข้อมูลราคา/market cap: ok_no_shares)
2022-05-31,,FRC,,,,ไม่อยู่ใน universe (ข้อมูลราคา/market cap: None)
2022-05-31,34903.0,FRT,FRT,ok,FRT,กลุ่มการเงิน (SIC 6000–6799) — กฎนี้ไม่ครอบคลุม
2022-05-31,320335.0,GL,GL,ok,GL,กลุ่มการเงิน (SIC 6000–6799) — กฎนี้ไม่ครอบคลุม
2022-05-31,886982.0,GS,GS,ok,GS,กลุ่มการเงิน (SIC 6000–6799) — กฎนี้ไม่ครอบคลุม
2022-05-31,49196.0,HBAN,HBAN,ok,HBAN,กลุ่มการเงิน (SIC 6000–6799) — กฎนี้ไม่ครอบคลุม
2022-05-31,4447.0,HES,,no_price,,ไม่อยู่ใน universe (ข้อมูลราคา/market cap: no_price)
2022-05-31,874766.0,HIG,HIG,ok,HIG,กลุ่มการเงิน (SIC 6000–6799) — กฎนี้ไม่ครอบคลุม
2022-05-31,859737.0,HOLX,,no_price,,ไม่อยู่ใน universe (ข้อมูลราคา/market cap: no_price)
2022-05-31,49071.0,HUM,HUM,ok,HUM,กลุ่มการเงิน (SIC 6000–6799) — กฎนี้ไม่ครอบคลุม
2022-05-31,1571949.0,ICE,ICE,ok,ICE,กลุ่มการเงิน (SIC 6000–6799) — กฎนี้ไม่ครอบคลุม
2022-05-31,51644.0,IPG,,no_price,,ไม่อยู่ใน universe (ข้อมูลราคา/market cap: no_price)
2022-05-31,1020569.0,IRM,IRM,ok,IRM,กลุ่มการเงิน (SIC 6000–6799) — กฎนี้ไม่ครอบคลุม
2022-05-31,914208.0,IVZ,IVZ,ok,IVZ,กลุ่มการเงิน (SIC 6000–6799) — กฎนี้ไม่ครอบคลุม
2022-05-31,1043604.0,JNPR,,no_price,,ไม่อยู่ใน universe (ข้อมูลราคา/market cap: no_price)
2022-05-31,19617.0,JPM,JPM,ok,JPM,กลุ่มการเงิน (SIC 6000–6799) — กฎนี้ไม่ครอบคลุม
2022-05-31,55067.0,K,,no_price,,ไม่อยู่ใน universe (ข้อมูลราคา/market cap: no_price)
2022-05-31,91576.0,KEY,KEY,ok,KEY,กลุ่มการเงิน (SIC 6000–6799) — กฎนี้ไม่ครอบคลุม
2022-05-31,879101.0,KIM,KIM,ok,KIM,กลุ่มการเงิน (SIC 6000–6799) — กฎนี้ไม่ครอบคลุม
2022-05-31,60086.0,L,L,ok,L,กลุ่มการเงิน (SIC 6000–6799) — กฎนี้ไม่ครอบคลุม
2022-05-31,59558.0,LNC,LNC,ok,LNC,กลุ่มการเงิน (SIC 6000–6799) — กฎนี้ไม่ครอบคลุม
2022-05-31,912595.0,MAA,MAA,ok,MAA,กลุ่มการเงิน (SIC 6000–6799) — กฎนี้ไม่ครอบคลุม
2022-05-31,1099219.0,MET,MET,ok,MET,กลุ่มการเงิน (SIC 6000–6799) — กฎนี้ไม่ครอบคลุม
2022-05-31,1278021.0,MKTX,MKTX,ok,MKTX,กลุ่มการเงิน (SIC 6000–6799) — กฎนี้ไม่ครอบคลุม
2022-05-31,62709.0,MMC,MRSH,ok,MRSH,กลุ่มการเงิน (SIC 6000–6799) — กฎนี้ไม่ครอบคลุม
2022-05-31,1179929.0,MOH,MOH,ok,MOH,กลุ่มการเงิน (SIC 6000–6799) — กฎนี้ไม่ครอบคลุม
2022-05-31,101778.0,MRO,,no_price,,ไม่อยู่ใน universe (ข้อมูลราคา/market cap: no_price)
2022-05-31,895421.0,MS,MS,ok,MS,กลุ่มการเงิน (SIC 6000–6799) — กฎนี้ไม่ครอบคลุม
2022-05-31,36270.0,MTB,MTB,ok,MTB,กลุ่มการเงิน (SIC 6000–6799) — กฎนี้ไม่ครอบคลุม
2022-05-31,1120193.0,NDAQ,NDAQ,ok,NDAQ,กลุ่มการเงิน (SIC 6000–6799) — กฎนี้ไม่ครอบคลุม
2022-05-31,1492633.0,NLSN,,no_price,,ไม่อยู่ใน universe (ข้อมูลราคา/market cap: no_price)
2022-05-31,73124.0,NTRS,NTRS,ok,NTRS,กลุ่มการเงิน (SIC 6000–6799) — กฎนี้ไม่ครอบคลุม
2022-05-31,726728.0,O,O,ok,O,กลุ่มการเงิน (SIC 6000–6799) — กฎนี้ไม่ครอบคลุม
2022-05-31,765880.0,PEAK,DOC,ok,DOC,กลุ่มการเงิน (SIC 6000–6799) — กฎนี้ไม่ครอบคลุม
2022-05-31,1126328.0,PFG,PFG,ok,PFG,กลุ่มการเงิน (SIC 6000–6799) — กฎนี้ไม่ครอบคลุม
2022-05-31,80661.0,PGR,PGR,ok,PGR,กลุ่มการเงิน (SIC 6000–6799) — กฎนี้ไม่ครอบคลุม
2022-05-31,1045609.0,PLD,PLD,ok,PLD,กลุ่มการเงิน (SIC 6000–6799) — กฎนี้ไม่ครอบคลุม
2022-05-31,713676.0,PNC,PNC,ok,PNC,กลุ่มการเงิน (SIC 6000–6799) — กฎนี้ไม่ครอบคลุม
2022-05-31,1137774.0,PRU,PRU,ok,PRU,กลุ่มการเงิน (SIC 6000–6799) — กฎนี้ไม่ครอบคลุม
2022-05-31,1393311.0,PSA,PSA,ok,PSA,กลุ่มการเงิน (SIC 6000–6799) — กฎนี้ไม่ครอบคลุม
2022-05-31,1038357.0,PXD,,no_price,,ไม่อยู่ใน universe (ข้อมูลราคา/market cap: no_price)
2022-05-31,1095073.0,RE,EG,ok,EG,กลุ่มการเงิน (SIC 6000–6799) — กฎนี้ไม่ครอบคลุม
2022-05-31,910606.0,REG,REG,ok,REG,กลุ่มการเงิน (SIC 6000–6799) — กฎนี้ไม่ครอบคลุม
2022-05-31,1281761.0,RF,RF,ok,RF,กลุ่มการเงิน (SIC 6000–6799) — กฎนี้ไม่ครอบคลุม
2022-05-31,720005.0,RJF,RJF,ok,RJF,กลุ่มการเงิน (SIC 6000–6799) — กฎนี้ไม่ครอบคลุม
2022-05-31,1034054.0,SBAC,SBAC,ok,SBAC,กลุ่มการเงิน (SIC 6000–6799) — กฎนี้ไม่ครอบคลุม
2022-05-31,,SBNY,,,,ไม่อยู่ใน universe (ข้อมูลราคา/market cap: None)
2022-05-31,316709.0,SCHW,SCHW,ok,SCHW,กลุ่มการเงิน (SIC 6000–6799) — กฎนี้ไม่ครอบคลุม
2022-05-31,1012100.0,SEE,,no_price,,ไม่อยู่ใน universe (ข้อมูลราคา/market cap: no_price)
2022-05-31,719739.0,SIVB,,no_price,,กลุ่มการเงิน (SIC 6000–6799) — กฎนี้ไม่ครอบคลุม
2022-05-31,1063761.0,SPG,SPG,ok,SPG,กลุ่มการเงิน (SIC 6000–6799) — กฎนี้ไม่ครอบคลุม
2022-05-31,93751.0,STT,STT,ok,STT,กลุ่มการเงิน (SIC 6000–6799) — กฎนี้ไม่ครอบคลุม
2022-05-31,16918.0,STZ,STZ,ok_no_shares,STZ,ไม่อยู่ใน universe (ข้อมูลราคา/market cap: ok_no_shares)
2022-05-31,1601712.0,SYF,SYF,ok,SYF,กลุ่มการเงิน (SIC 6000–6799) — กฎนี้ไม่ครอบคลุม
2022-05-31,92230.0,TFC,TFC,ok,TFC,กลุ่มการเงิน (SIC 6000–6799) — กฎนี้ไม่ครอบคลุม
2022-05-31,1113169.0,TROW,TROW,ok,TROW,กลุ่มการเงิน (SIC 6000–6799) — กฎนี้ไม่ครอบคลุม
2022-05-31,86312.0,TRV,TRV,ok,TRV,กลุ่มการเงิน (SIC 6000–6799) — กฎนี้ไม่ครอบคลุม
2022-05-31,100493.0,TSN,TSN,ok_no_shares,TSN,ไม่อยู่ใน universe (ข้อมูลราคา/market cap: ok_no_shares)
2022-05-31,1418091.0,TWTR,,no_price,,ไม่อยู่ใน universe (ข้อมูลราคา/market cap: no_price)
2022-05-31,74208.0,UDR,UDR,ok,UDR,กลุ่มการเงิน (SIC 6000–6799) — กฎนี้ไม่ครอบคลุม
2022-05-31,731766.0,UNH,UNH,ok,UNH,กลุ่มการเงิน (SIC 6000–6799) — กฎนี้ไม่ครอบคลุม
2022-05-31,36104.0,USB,USB,ok,USB,กลุ่มการเงิน (SIC 6000–6799) — กฎนี้ไม่ครอบคลุม
2022-05-31,1403161.0,V,V,ok_no_shares,V,ไม่อยู่ใน universe (ข้อมูลราคา/market cap: ok_no_shares)
2022-05-31,899689.0,VNO,VNO,ok,VNO,กลุ่มการเงิน (SIC 6000–6799) — กฎนี้ไม่ครอบคลุม
2022-05-31,740260.0,VTR,VTR,ok,VTR,กลุ่มการเงิน (SIC 6000–6799) — กฎนี้ไม่ครอบคลุม
2022-05-31,1618921.0,WBA,,no_price,,ไม่อยู่ใน universe (ข้อมูลราคา/market cap: no_price)
2022-05-31,1437107.0,WBD,WBD,ok_no_shares,WBD,ไม่อยู่ใน universe (ข้อมูลราคา/market cap: ok_no_shares)
2022-05-31,766704.0,WELL,WELL,ok,WELL,กลุ่มการเงิน (SIC 6000–6799) — กฎนี้ไม่ครอบคลุม
2022-05-31,72971.0,WFC,WFC,ok,WFC,กลุ่มการเงิน (SIC 6000–6799) — กฎนี้ไม่ครอบคลุม
2022-05-31,11544.0,WRB,WRB,ok,WRB,กลุ่มการเงิน (SIC 6000–6799) — กฎนี้ไม่ครอบคลุม
2022-05-31,1732845.0,WRK,,no_price,,ไม่อยู่ใน universe (ข้อมูลราคา/market cap: no_price)
2022-05-31,1140536.0,WTW,WTW,ok,WTW,กลุ่มการเงิน (SIC 6000–6799) — กฎนี้ไม่ครอบคลุม
2022-05-31,106535.0,WY,WY,ok,WY,กลุ่มการเงิน (SIC 6000–6799) — กฎนี้ไม่ครอบคลุม
2022-05-31,109380.0,ZION,ZION,ok,ZION,กลุ่มการเงิน (SIC 6000–6799) — กฎนี้ไม่ครอบคลุม
2022-06-30,815094.0,ABMD,,no_price,,ไม่อยู่ใน universe (ข้อมูลราคา/market cap: no_price)
2022-06-30,4977.0,AFL,AFL,ok,AFL,กลุ่มการเงิน (SIC 6000–6799) — กฎนี้ไม่ครอบคลุม
2022-06-30,5272.0,AIG,AIG,ok,AIG,กลุ่มการเงิน (SIC 6000–6799) — กฎนี้ไม่ครอบคลุม
2022-06-30,1267238.0,AIZ,AIZ,ok,AIZ,กลุ่มการเงิน (SIC 6000–6799) — กฎนี้ไม่ครอบคลุม
2022-06-30,354190.0,AJG,AJG,ok,AJG,กลุ่มการเงิน (SIC 6000–6799) — กฎนี้ไม่ครอบคลุม
2022-06-30,899051.0,ALL,ALL,ok,ALL,กลุ่มการเงิน (SIC 6000–6799) — กฎนี้ไม่ครอบคลุม
2022-06-30,820027.0,AMP,AMP,ok,AMP,กลุ่มการเงิน (SIC 6000–6799) — กฎนี้ไม่ครอบคลุม
2022-06-30,1053507.0,AMT,AMT,ok,AMT,กลุ่มการเงิน (SIC 6000–6799) — กฎนี้ไม่ครอบคลุม
2022-06-30,1013462.0,ANSS,,no_price,,ไม่อยู่ใน universe (ข้อมูลราคา/market cap: no_price)
2022-06-30,315293.0,AON,AON,ok,AON,กลุ่มการเงิน (SIC 6000–6799) — กฎนี้ไม่ครอบคลุม
2022-06-30,1035443.0,ARE,ARE,ok,ARE,กลุ่มการเงิน (SIC 6000–6799) — กฎนี้ไม่ครอบคลุม
2022-06-30,718877.0,ATVI,,no_price,,ไม่อยู่ใน universe (ข้อมูลราคา/market cap: no_price)
2022-06-30,915912.0,AVB,,no_price,,กลุ่มการเงิน (SIC 6000–6799) — กฎนี้ไม่ครอบคลุม
2022-06-30,4962.0,AXP,AXP,ok,AXP,กลุ่มการเงิน (SIC 6000–6799) — กฎนี้ไม่ครอบคลุม
2022-06-30,70858.0,BAC,BAC,ok,BAC,กลุ่มการเงิน (SIC 6000–6799) — กฎนี้ไม่ครอบคลุม
2022-06-30,38777.0,BEN,BEN,ok,BEN,กลุ่มการเงิน (SIC 6000–6799) — กฎนี้ไม่ครอบคลุม
2022-06-30,1390777.0,BK,BNY,ok,BNY,กลุ่มการเงิน (SIC 6000–6799) — กฎนี้ไม่ครอบคลุม
2022-06-30,1701605.0,BKR,BKR,ok_no_shares,BKR,ไม่อยู่ใน universe (ข้อมูลราคา/market cap: ok_no_shares)
2022-06-30,1364742.0,BLK,BLK,ok,,กลุ่มการเงิน (SIC 6000–6799) — กฎนี้ไม่ครอบคลุม
2022-06-30,1067983.0,BRK.B,BRK-B,ok_no_shares,BRK-B,กลุ่มการเงิน (SIC 6000–6799) — กฎนี้ไม่ครอบคลุม
2022-06-30,79282.0,BRO,BRO,ok,BRO,กลุ่มการเงิน (SIC 6000–6799) — กฎนี้ไม่ครอบคลุม
2022-06-30,1037540.0,BXP,BXP,ok,BXP,กลุ่มการเงิน (SIC 6000–6799) — กฎนี้ไม่ครอบคลุม
2022-06-30,831001.0,C,C,ok,C,กลุ่มการเงิน (SIC 6000–6799) — กฎนี้ไม่ครอบคลุม
2022-06-30,896159.0,CB,CB,ok,CB,กลุ่มการเงิน (SIC 6000–6799) — กฎนี้ไม่ครอบคลุม
2022-06-30,1374310.0,CBOE,CBOE,ok,CBOE,กลุ่มการเงิน (SIC 6000–6799) — กฎนี้ไม่ครอบคลุม
2022-06-30,1138118.0,CBRE,CBRE,ok,CBRE,กลุ่มการเงิน (SIC 6000–6799) — กฎนี้ไม่ครอบคลุม
2022-06-30,1051470.0,CCI,CCI,ok,CCI,กลุ่มการเงิน (SIC 6000–6799) — กฎนี้ไม่ครอบคลุม
2022-06-30,1725057.0,CDAY,,no_price,,ไม่อยู่ใน universe (ข้อมูลราคา/market cap: no_price)
2022-06-30,1868275.0,CEG,CEG,ok_no_shares,CEG,ไม่อยู่ใน universe (ข้อมูลราคา/market cap: ok_no_shares)
2022-06-30,759944.0,CFG,CFG,ok,CFG,กลุ่มการเงิน (SIC 6000–6799) — กฎนี้ไม่ครอบคลุม
2022-06-30,1739940.0,CI,CI,ok,CI,กลุ่มการเงิน (SIC 6000–6799) — กฎนี้ไม่ครอบคลุม
2022-06-30,20286.0,CINF,CINF,ok,CINF,กลุ่มการเงิน (SIC 6000–6799) — กฎนี้ไม่ครอบคลุม
2022-06-30,28412.0,CMA,,no_price,,กลุ่มการเงิน (SIC 6000–6799) — กฎนี้ไม่ครอบคลุม
2022-06-30,1156375.0,CME,CME,ok,CME,กลุ่มการเงิน (SIC 6000–6799) — กฎนี้ไม่ครอบคลุม
2022-06-30,1071739.0,CNC,CNC,ok,CNC,กลุ่มการเงิน (SIC 6000–6799) — กฎนี้ไม่ครอบคลุม
2022-06-30,927628.0,COF,COF,ok,COF,กลุ่มการเงิน (SIC 6000–6799) — กฎนี้ไม่ครอบคลุม
2022-06-30,906345.0,CPT,CPT,ok,CPT,กลุ่มการเงิน (SIC 6000–6799) — กฎนี้ไม่ครอบคลุม
2022-06-30,1596783.0,CTLT,,no_price,,ไม่อยู่ใน universe (ข้อมูลราคา/market cap: no_price)
2022-06-30,,CTRA,,,,ไม่อยู่ใน universe (ข้อมูลราคา/market cap: None)
2022-06-30,877890.0,CTXS,,no_price,,ไม่อยู่ใน universe (ข้อมูลราคา/market cap: no_price)
2022-06-30,1393612.0,DFS,,no_price,,กลุ่มการเงิน (SIC 6000–6799) — กฎนี้ไม่ครอบคลุม
2022-06-30,1001082.0,DISH,,no_price,,ไม่อยู่ใน universe (ข้อมูลราคา/market cap: no_price)
2022-06-30,1297996.0,DLR,DLR,ok,DLR,กลุ่มการเงิน (SIC 6000–6799) — กฎนี้ไม่ครอบคลุม
2022-06-30,783280.0,DRE,,no_price,,กลุ่มการเงิน (SIC 6000–6799) — กฎนี้ไม่ครอบคลุม
2022-06-30,712515.0,EA,,no_price,,ไม่อยู่ใน universe (ข้อมูลราคา/market cap: no_price)
2022-06-30,1156039.0,ELV,ELV,ok,ELV,กลุ่มการเงิน (SIC 6000–6799) — กฎนี้ไม่ครอบคลุม
2022-06-30,1101239.0,EQIX,EQIX,ok,EQIX,กลุ่มการเงิน (SIC 6000–6799) — กฎนี้ไม่ครอบคลุม
2022-06-30,906107.0,EQR,VMRK,ok,VMRK,กลุ่มการเงิน (SIC 6000–6799) — กฎนี้ไม่ครอบคลุม
2022-06-30,920522.0,ESS,ESS,ok,ESS,กลุ่มการเงิน (SIC 6000–6799) — กฎนี้ไม่ครอบคลุม
2022-06-30,1289490.0,EXR,EXR,ok,EXR,กลุ่มการเงิน (SIC 6000–6799) — กฎนี้ไม่ครอบคลุม
2022-06-30,35527.0,FITB,FITB,ok,FITB,กลุ่มการเงิน (SIC 6000–6799) — กฎนี้ไม่ครอบคลุม
2022-06-30,1754301.0,FOX,FOXA,ok_no_shares,FOXA,ไม่อยู่ใน universe (ข้อมูลราคา/market cap: ok_no_shares)
2022-06-30,1754301.0,FOXA,FOXA,ok_no_shares,FOXA,ไม่อยู่ใน universe (ข้อมูลราคา/market cap: ok_no_shares)
2022-06-30,,FRC,,,,ไม่อยู่ใน universe (ข้อมูลราคา/market cap: None)
2022-06-30,34903.0,FRT,FRT,ok,FRT,กลุ่มการเงิน (SIC 6000–6799) — กฎนี้ไม่ครอบคลุม
2022-06-30,320335.0,GL,GL,ok,GL,กลุ่มการเงิน (SIC 6000–6799) — กฎนี้ไม่ครอบคลุม
2022-06-30,886982.0,GS,GS,ok,GS,กลุ่มการเงิน (SIC 6000–6799) — กฎนี้ไม่ครอบคลุม
2022-06-30,49196.0,HBAN,HBAN,ok,HBAN,กลุ่มการเงิน (SIC 6000–6799) — กฎนี้ไม่ครอบคลุม
2022-06-30,4447.0,HES,,no_price,,ไม่อยู่ใน universe (ข้อมูลราคา/market cap: no_price)
2022-06-30,874766.0,HIG,HIG,ok,HIG,กลุ่มการเงิน (SIC 6000–6799) — กฎนี้ไม่ครอบคลุม
2022-06-30,859737.0,HOLX,,no_price,,ไม่อยู่ใน universe (ข้อมูลราคา/market cap: no_price)
2022-06-30,49071.0,HUM,HUM,ok,HUM,กลุ่มการเงิน (SIC 6000–6799) — กฎนี้ไม่ครอบคลุม
2022-06-30,1571949.0,ICE,ICE,ok,ICE,กลุ่มการเงิน (SIC 6000–6799) — กฎนี้ไม่ครอบคลุม
2022-06-30,51644.0,IPG,,no_price,,ไม่อยู่ใน universe (ข้อมูลราคา/market cap: no_price)
2022-06-30,1020569.0,IRM,IRM,ok,IRM,กลุ่มการเงิน (SIC 6000–6799) — กฎนี้ไม่ครอบคลุม
2022-06-30,914208.0,IVZ,IVZ,ok,IVZ,กลุ่มการเงิน (SIC 6000–6799) — กฎนี้ไม่ครอบคลุม
2022-06-30,1043604.0,JNPR,,no_price,,ไม่อยู่ใน universe (ข้อมูลราคา/market cap: no_price)
2022-06-30,19617.0,JPM,JPM,ok,JPM,กลุ่มการเงิน (SIC 6000–6799) — กฎนี้ไม่ครอบคลุม
2022-06-30,55067.0,K,,no_price,,ไม่อยู่ใน universe (ข้อมูลราคา/market cap: no_price)
2022-06-30,91576.0,KEY,KEY,ok,KEY,กลุ่มการเงิน (SIC 6000–6799) — กฎนี้ไม่ครอบคลุม
2022-06-30,879101.0,KIM,KIM,ok,KIM,กลุ่มการเงิน (SIC 6000–6799) — กฎนี้ไม่ครอบคลุม
2022-06-30,60086.0,L,L,ok,L,กลุ่มการเงิน (SIC 6000–6799) — กฎนี้ไม่ครอบคลุม
2022-06-30,59558.0,LNC,LNC,ok,LNC,กลุ่มการเงิน (SIC 6000–6799) — กฎนี้ไม่ครอบคลุม
2022-06-30,912595.0,MAA,MAA,ok,MAA,กลุ่มการเงิน (SIC 6000–6799) — กฎนี้ไม่ครอบคลุม
2022-06-30,1099219.0,MET,MET,ok,MET,กลุ่มการเงิน (SIC 6000–6799) — กฎนี้ไม่ครอบคลุม
2022-06-30,1278021.0,MKTX,MKTX,ok,MKTX,กลุ่มการเงิน (SIC 6000–6799) — กฎนี้ไม่ครอบคลุม
2022-06-30,62709.0,MMC,MRSH,ok,MRSH,กลุ่มการเงิน (SIC 6000–6799) — กฎนี้ไม่ครอบคลุม
2022-06-30,1179929.0,MOH,MOH,ok,MOH,กลุ่มการเงิน (SIC 6000–6799) — กฎนี้ไม่ครอบคลุม
2022-06-30,101778.0,MRO,,no_price,,ไม่อยู่ใน universe (ข้อมูลราคา/market cap: no_price)
2022-06-30,895421.0,MS,MS,ok,MS,กลุ่มการเงิน (SIC 6000–6799) — กฎนี้ไม่ครอบคลุม
2022-06-30,36270.0,MTB,MTB,ok,MTB,กลุ่มการเงิน (SIC 6000–6799) — กฎนี้ไม่ครอบคลุม
2022-06-30,1120193.0,NDAQ,NDAQ,ok,NDAQ,กลุ่มการเงิน (SIC 6000–6799) — กฎนี้ไม่ครอบคลุม
2022-06-30,1492633.0,NLSN,,no_price,,ไม่อยู่ใน universe (ข้อมูลราคา/market cap: no_price)
2022-06-30,73124.0,NTRS,NTRS,ok,NTRS,กลุ่มการเงิน (SIC 6000–6799) — กฎนี้ไม่ครอบคลุม
2022-06-30,726728.0,O,O,ok,O,กลุ่มการเงิน (SIC 6000–6799) — กฎนี้ไม่ครอบคลุม
2022-06-30,765880.0,PEAK,DOC,ok,DOC,กลุ่มการเงิน (SIC 6000–6799) — กฎนี้ไม่ครอบคลุม
2022-06-30,1126328.0,PFG,PFG,ok,PFG,กลุ่มการเงิน (SIC 6000–6799) — กฎนี้ไม่ครอบคลุม
2022-06-30,80661.0,PGR,PGR,ok,PGR,กลุ่มการเงิน (SIC 6000–6799) — กฎนี้ไม่ครอบคลุม
2022-06-30,1045609.0,PLD,PLD,ok,PLD,กลุ่มการเงิน (SIC 6000–6799) — กฎนี้ไม่ครอบคลุม
2022-06-30,713676.0,PNC,PNC,ok,PNC,กลุ่มการเงิน (SIC 6000–6799) — กฎนี้ไม่ครอบคลุม
2022-06-30,1137774.0,PRU,PRU,ok,PRU,กลุ่มการเงิน (SIC 6000–6799) — กฎนี้ไม่ครอบคลุม
2022-06-30,1393311.0,PSA,PSA,ok,PSA,กลุ่มการเงิน (SIC 6000–6799) — กฎนี้ไม่ครอบคลุม
2022-06-30,1038357.0,PXD,,no_price,,ไม่อยู่ใน universe (ข้อมูลราคา/market cap: no_price)
2022-06-30,1095073.0,RE,EG,ok,EG,กลุ่มการเงิน (SIC 6000–6799) — กฎนี้ไม่ครอบคลุม
2022-06-30,910606.0,REG,REG,ok,REG,กลุ่มการเงิน (SIC 6000–6799) — กฎนี้ไม่ครอบคลุม
2022-06-30,1281761.0,RF,RF,ok,RF,กลุ่มการเงิน (SIC 6000–6799) — กฎนี้ไม่ครอบคลุม
2022-06-30,720005.0,RJF,RJF,ok,RJF,กลุ่มการเงิน (SIC 6000–6799) — กฎนี้ไม่ครอบคลุม
2022-06-30,1034054.0,SBAC,SBAC,ok,SBAC,กลุ่มการเงิน (SIC 6000–6799) — กฎนี้ไม่ครอบคลุม
2022-06-30,,SBNY,,,,ไม่อยู่ใน universe (ข้อมูลราคา/market cap: None)
2022-06-30,316709.0,SCHW,SCHW,ok,SCHW,กลุ่มการเงิน (SIC 6000–6799) — กฎนี้ไม่ครอบคลุม
2022-06-30,1012100.0,SEE,,no_price,,ไม่อยู่ใน universe (ข้อมูลราคา/market cap: no_price)
2022-06-30,719739.0,SIVB,,no_price,,กลุ่มการเงิน (SIC 6000–6799) — กฎนี้ไม่ครอบคลุม
2022-06-30,1063761.0,SPG,SPG,ok,SPG,กลุ่มการเงิน (SIC 6000–6799) — กฎนี้ไม่ครอบคลุม
2022-06-30,93751.0,STT,STT,ok,STT,กลุ่มการเงิน (SIC 6000–6799) — กฎนี้ไม่ครอบคลุม
2022-06-30,16918.0,STZ,STZ,ok_no_shares,STZ,ไม่อยู่ใน universe (ข้อมูลราคา/market cap: ok_no_shares)
2022-06-30,1601712.0,SYF,SYF,ok,SYF,กลุ่มการเงิน (SIC 6000–6799) — กฎนี้ไม่ครอบคลุม
2022-06-30,92230.0,TFC,TFC,ok,TFC,กลุ่มการเงิน (SIC 6000–6799) — กฎนี้ไม่ครอบคลุม
2022-06-30,1113169.0,TROW,TROW,ok,TROW,กลุ่มการเงิน (SIC 6000–6799) — กฎนี้ไม่ครอบคลุม
2022-06-30,86312.0,TRV,TRV,ok,TRV,กลุ่มการเงิน (SIC 6000–6799) — กฎนี้ไม่ครอบคลุม
2022-06-30,100493.0,TSN,TSN,ok_no_shares,TSN,ไม่อยู่ใน universe (ข้อมูลราคา/market cap: ok_no_shares)
2022-06-30,1418091.0,TWTR,,no_price,,ไม่อยู่ใน universe (ข้อมูลราคา/market cap: no_price)
2022-06-30,74208.0,UDR,UDR,ok,UDR,กลุ่มการเงิน (SIC 6000–6799) — กฎนี้ไม่ครอบคลุม
2022-06-30,731766.0,UNH,UNH,ok,UNH,กลุ่มการเงิน (SIC 6000–6799) — กฎนี้ไม่ครอบคลุม
2022-06-30,36104.0,USB,USB,ok,USB,กลุ่มการเงิน (SIC 6000–6799) — กฎนี้ไม่ครอบคลุม
2022-06-30,1403161.0,V,V,ok_no_shares,V,ไม่อยู่ใน universe (ข้อมูลราคา/market cap: ok_no_shares)
2022-06-30,1705696.0,VICI,VICI,ok,VICI,กลุ่มการเงิน (SIC 6000–6799) — กฎนี้ไม่ครอบคลุม
2022-06-30,899689.0,VNO,VNO,ok,VNO,กลุ่มการเงิน (SIC 6000–6799) — กฎนี้ไม่ครอบคลุม
2022-06-30,740260.0,VTR,VTR,ok,VTR,กลุ่มการเงิน (SIC 6000–6799) — กฎนี้ไม่ครอบคลุม
2022-06-30,1618921.0,WBA,,no_price,,ไม่อยู่ใน universe (ข้อมูลราคา/market cap: no_price)
2022-06-30,1437107.0,WBD,WBD,ok_no_shares,WBD,ไม่อยู่ใน universe (ข้อมูลราคา/market cap: ok_no_shares)
2022-06-30,766704.0,WELL,WELL,ok,WELL,กลุ่มการเงิน (SIC 6000–6799) — กฎนี้ไม่ครอบคลุม
2022-06-30,72971.0,WFC,WFC,ok,WFC,กลุ่มการเงิน (SIC 6000–6799) — กฎนี้ไม่ครอบคลุม
2022-06-30,11544.0,WRB,WRB,ok,WRB,กลุ่มการเงิน (SIC 6000–6799) — กฎนี้ไม่ครอบคลุม
2022-06-30,1732845.0,WRK,,no_price,,ไม่อยู่ใน universe (ข้อมูลราคา/market cap: no_price)
2022-06-30,1140536.0,WTW,WTW,ok,WTW,กลุ่มการเงิน (SIC 6000–6799) — กฎนี้ไม่ครอบคลุม
2022-06-30,106535.0,WY,WY,ok,WY,กลุ่มการเงิน (SIC 6000–6799) — กฎนี้ไม่ครอบคลุม
2022-06-30,109380.0,ZION,ZION,ok,ZION,กลุ่มการเงิน (SIC 6000–6799) — กฎนี้ไม่ครอบคลุม
2022-07-29,815094.0,ABMD,,no_price,,ไม่อยู่ใน universe (ข้อมูลราคา/market cap: no_price)
2022-07-29,4977.0,AFL,AFL,ok,AFL,กลุ่มการเงิน (SIC 6000–6799) — กฎนี้ไม่ครอบคลุม
2022-07-29,5272.0,AIG,AIG,ok,AIG,กลุ่มการเงิน (SIC 6000–6799) — กฎนี้ไม่ครอบคลุม
2022-07-29,1267238.0,AIZ,AIZ,ok,AIZ,กลุ่มการเงิน (SIC 6000–6799) — กฎนี้ไม่ครอบคลุม
2022-07-29,354190.0,AJG,AJG,ok,AJG,กลุ่มการเงิน (SIC 6000–6799) — กฎนี้ไม่ครอบคลุม
2022-07-29,899051.0,ALL,ALL,ok,ALL,กลุ่มการเงิน (SIC 6000–6799) — กฎนี้ไม่ครอบคลุม
2022-07-29,820027.0,AMP,AMP,ok,AMP,กลุ่มการเงิน (SIC 6000–6799) — กฎนี้ไม่ครอบคลุม
2022-07-29,1053507.0,AMT,AMT,ok,AMT,กลุ่มการเงิน (SIC 6000–6799) — กฎนี้ไม่ครอบคลุม
2022-07-29,1013462.0,ANSS,,no_price,,ไม่อยู่ใน universe (ข้อมูลราคา/market cap: no_price)
2022-07-29,315293.0,AON,AON,ok,AON,กลุ่มการเงิน (SIC 6000–6799) — กฎนี้ไม่ครอบคลุม
2022-07-29,1035443.0,ARE,ARE,ok,ARE,กลุ่มการเงิน (SIC 6000–6799) — กฎนี้ไม่ครอบคลุม
2022-07-29,718877.0,ATVI,,no_price,,ไม่อยู่ใน universe (ข้อมูลราคา/market cap: no_price)
2022-07-29,915912.0,AVB,,no_price,,กลุ่มการเงิน (SIC 6000–6799) — กฎนี้ไม่ครอบคลุม
2022-07-29,4962.0,AXP,AXP,ok,AXP,กลุ่มการเงิน (SIC 6000–6799) — กฎนี้ไม่ครอบคลุม
2022-07-29,70858.0,BAC,BAC,ok,BAC,กลุ่มการเงิน (SIC 6000–6799) — กฎนี้ไม่ครอบคลุม
2022-07-29,38777.0,BEN,BEN,ok,BEN,กลุ่มการเงิน (SIC 6000–6799) — กฎนี้ไม่ครอบคลุม
2022-07-29,1390777.0,BK,BNY,ok,BNY,กลุ่มการเงิน (SIC 6000–6799) — กฎนี้ไม่ครอบคลุม
2022-07-29,1701605.0,BKR,BKR,ok_no_shares,BKR,ไม่อยู่ใน universe (ข้อมูลราคา/market cap: ok_no_shares)
2022-07-29,1364742.0,BLK,BLK,ok,,กลุ่มการเงิน (SIC 6000–6799) — กฎนี้ไม่ครอบคลุม
2022-07-29,1067983.0,BRK.B,BRK-B,ok_no_shares,BRK-B,กลุ่มการเงิน (SIC 6000–6799) — กฎนี้ไม่ครอบคลุม
2022-07-29,79282.0,BRO,BRO,ok,BRO,กลุ่มการเงิน (SIC 6000–6799) — กฎนี้ไม่ครอบคลุม
2022-07-29,1037540.0,BXP,BXP,ok,BXP,กลุ่มการเงิน (SIC 6000–6799) — กฎนี้ไม่ครอบคลุม
2022-07-29,831001.0,C,C,ok,C,กลุ่มการเงิน (SIC 6000–6799) — กฎนี้ไม่ครอบคลุม
2022-07-29,896159.0,CB,CB,ok,CB,กลุ่มการเงิน (SIC 6000–6799) — กฎนี้ไม่ครอบคลุม
2022-07-29,1374310.0,CBOE,CBOE,ok,CBOE,กลุ่มการเงิน (SIC 6000–6799) — กฎนี้ไม่ครอบคลุม
2022-07-29,1138118.0,CBRE,CBRE,ok,CBRE,กลุ่มการเงิน (SIC 6000–6799) — กฎนี้ไม่ครอบคลุม
2022-07-29,1051470.0,CCI,CCI,ok,CCI,กลุ่มการเงิน (SIC 6000–6799) — กฎนี้ไม่ครอบคลุม
2022-07-29,1725057.0,CDAY,,no_price,,ไม่อยู่ใน universe (ข้อมูลราคา/market cap: no_price)
2022-07-29,1868275.0,CEG,CEG,ok_no_shares,CEG,ไม่อยู่ใน universe (ข้อมูลราคา/market cap: ok_no_shares)
2022-07-29,759944.0,CFG,CFG,ok,CFG,กลุ่มการเงิน (SIC 6000–6799) — กฎนี้ไม่ครอบคลุม
2022-07-29,1739940.0,CI,CI,ok,CI,กลุ่มการเงิน (SIC 6000–6799) — กฎนี้ไม่ครอบคลุม
2022-07-29,20286.0,CINF,CINF,ok,CINF,กลุ่มการเงิน (SIC 6000–6799) — กฎนี้ไม่ครอบคลุม
2022-07-29,28412.0,CMA,,no_price,,กลุ่มการเงิน (SIC 6000–6799) — กฎนี้ไม่ครอบคลุม
2022-07-29,1156375.0,CME,CME,ok,CME,กลุ่มการเงิน (SIC 6000–6799) — กฎนี้ไม่ครอบคลุม
2022-07-29,1071739.0,CNC,CNC,ok,CNC,กลุ่มการเงิน (SIC 6000–6799) — กฎนี้ไม่ครอบคลุม
2022-07-29,927628.0,COF,COF,ok,COF,กลุ่มการเงิน (SIC 6000–6799) — กฎนี้ไม่ครอบคลุม
2022-07-29,906345.0,CPT,CPT,ok,CPT,กลุ่มการเงิน (SIC 6000–6799) — กฎนี้ไม่ครอบคลุม
2022-07-29,1596783.0,CTLT,,no_price,,ไม่อยู่ใน universe (ข้อมูลราคา/market cap: no_price)
2022-07-29,,CTRA,,,,ไม่อยู่ใน universe (ข้อมูลราคา/market cap: None)
2022-07-29,877890.0,CTXS,,no_price,,ไม่อยู่ใน universe (ข้อมูลราคา/market cap: no_price)
2022-07-29,1393612.0,DFS,,no_price,,กลุ่มการเงิน (SIC 6000–6799) — กฎนี้ไม่ครอบคลุม
2022-07-29,1001082.0,DISH,,no_price,,ไม่อยู่ใน universe (ข้อมูลราคา/market cap: no_price)
2022-07-29,1297996.0,DLR,DLR,ok,DLR,กลุ่มการเงิน (SIC 6000–6799) — กฎนี้ไม่ครอบคลุม
2022-07-29,783280.0,DRE,,no_price,,กลุ่มการเงิน (SIC 6000–6799) — กฎนี้ไม่ครอบคลุม
2022-07-29,712515.0,EA,,no_price,,ไม่อยู่ใน universe (ข้อมูลราคา/market cap: no_price)
2022-07-29,1156039.0,ELV,ELV,ok,ELV,กลุ่มการเงิน (SIC 6000–6799) — กฎนี้ไม่ครอบคลุม
2022-07-29,1101239.0,EQIX,EQIX,ok,EQIX,กลุ่มการเงิน (SIC 6000–6799) — กฎนี้ไม่ครอบคลุม
2022-07-29,906107.0,EQR,VMRK,ok,VMRK,กลุ่มการเงิน (SIC 6000–6799) — กฎนี้ไม่ครอบคลุม
2022-07-29,920522.0,ESS,ESS,ok,ESS,กลุ่มการเงิน (SIC 6000–6799) — กฎนี้ไม่ครอบคลุม
2022-07-29,1289490.0,EXR,EXR,ok,EXR,กลุ่มการเงิน (SIC 6000–6799) — กฎนี้ไม่ครอบคลุม
2022-07-29,35527.0,FITB,FITB,ok,FITB,กลุ่มการเงิน (SIC 6000–6799) — กฎนี้ไม่ครอบคลุม
2022-07-29,1754301.0,FOX,FOXA,ok_no_shares,FOXA,ไม่อยู่ใน universe (ข้อมูลราคา/market cap: ok_no_shares)
2022-07-29,1754301.0,FOXA,FOXA,ok_no_shares,FOXA,ไม่อยู่ใน universe (ข้อมูลราคา/market cap: ok_no_shares)
2022-07-29,,FRC,,,,ไม่อยู่ใน universe (ข้อมูลราคา/market cap: None)
2022-07-29,34903.0,FRT,FRT,ok,FRT,กลุ่มการเงิน (SIC 6000–6799) — กฎนี้ไม่ครอบคลุม
2022-07-29,320335.0,GL,GL,ok,GL,กลุ่มการเงิน (SIC 6000–6799) — กฎนี้ไม่ครอบคลุม
2022-07-29,886982.0,GS,GS,ok,GS,กลุ่มการเงิน (SIC 6000–6799) — กฎนี้ไม่ครอบคลุม
2022-07-29,49196.0,HBAN,HBAN,ok,HBAN,กลุ่มการเงิน (SIC 6000–6799) — กฎนี้ไม่ครอบคลุม
2022-07-29,4447.0,HES,,no_price,,ไม่อยู่ใน universe (ข้อมูลราคา/market cap: no_price)
2022-07-29,874766.0,HIG,HIG,ok,HIG,กลุ่มการเงิน (SIC 6000–6799) — กฎนี้ไม่ครอบคลุม
2022-07-29,859737.0,HOLX,,no_price,,ไม่อยู่ใน universe (ข้อมูลราคา/market cap: no_price)
2022-07-29,49071.0,HUM,HUM,ok,HUM,กลุ่มการเงิน (SIC 6000–6799) — กฎนี้ไม่ครอบคลุม
2022-07-29,1571949.0,ICE,ICE,ok,ICE,กลุ่มการเงิน (SIC 6000–6799) — กฎนี้ไม่ครอบคลุม
2022-07-29,51644.0,IPG,,no_price,,ไม่อยู่ใน universe (ข้อมูลราคา/market cap: no_price)
2022-07-29,1020569.0,IRM,IRM,ok,IRM,กลุ่มการเงิน (SIC 6000–6799) — กฎนี้ไม่ครอบคลุม
2022-07-29,914208.0,IVZ,IVZ,ok,IVZ,กลุ่มการเงิน (SIC 6000–6799) — กฎนี้ไม่ครอบคลุม
2022-07-29,1043604.0,JNPR,,no_price,,ไม่อยู่ใน universe (ข้อมูลราคา/market cap: no_price)
2022-07-29,19617.0,JPM,JPM,ok,JPM,กลุ่มการเงิน (SIC 6000–6799) — กฎนี้ไม่ครอบคลุม
2022-07-29,55067.0,K,,no_price,,ไม่อยู่ใน universe (ข้อมูลราคา/market cap: no_price)
2022-07-29,91576.0,KEY,KEY,ok,KEY,กลุ่มการเงิน (SIC 6000–6799) — กฎนี้ไม่ครอบคลุม
2022-07-29,879101.0,KIM,KIM,ok,KIM,กลุ่มการเงิน (SIC 6000–6799) — กฎนี้ไม่ครอบคลุม
2022-07-29,60086.0,L,L,ok,L,กลุ่มการเงิน (SIC 6000–6799) — กฎนี้ไม่ครอบคลุม
2022-07-29,59558.0,LNC,LNC,ok,LNC,กลุ่มการเงิน (SIC 6000–6799) — กฎนี้ไม่ครอบคลุม
2022-07-29,912595.0,MAA,MAA,ok,MAA,กลุ่มการเงิน (SIC 6000–6799) — กฎนี้ไม่ครอบคลุม
2022-07-29,1099219.0,MET,MET,ok,MET,กลุ่มการเงิน (SIC 6000–6799) — กฎนี้ไม่ครอบคลุม
2022-07-29,1278021.0,MKTX,MKTX,ok,MKTX,กลุ่มการเงิน (SIC 6000–6799) — กฎนี้ไม่ครอบคลุม
2022-07-29,62709.0,MMC,MRSH,ok,MRSH,กลุ่มการเงิน (SIC 6000–6799) — กฎนี้ไม่ครอบคลุม
2022-07-29,1179929.0,MOH,MOH,ok,MOH,กลุ่มการเงิน (SIC 6000–6799) — กฎนี้ไม่ครอบคลุม
2022-07-29,101778.0,MRO,,no_price,,ไม่อยู่ใน universe (ข้อมูลราคา/market cap: no_price)
2022-07-29,895421.0,MS,MS,ok,MS,กลุ่มการเงิน (SIC 6000–6799) — กฎนี้ไม่ครอบคลุม
2022-07-29,36270.0,MTB,MTB,ok,MTB,กลุ่มการเงิน (SIC 6000–6799) — กฎนี้ไม่ครอบคลุม
2022-07-29,1120193.0,NDAQ,NDAQ,ok,NDAQ,กลุ่มการเงิน (SIC 6000–6799) — กฎนี้ไม่ครอบคลุม
2022-07-29,1492633.0,NLSN,,no_price,,ไม่อยู่ใน universe (ข้อมูลราคา/market cap: no_price)
2022-07-29,73124.0,NTRS,NTRS,ok,NTRS,กลุ่มการเงิน (SIC 6000–6799) — กฎนี้ไม่ครอบคลุม
2022-07-29,726728.0,O,O,ok,O,กลุ่มการเงิน (SIC 6000–6799) — กฎนี้ไม่ครอบคลุม
2022-07-29,765880.0,PEAK,DOC,ok,DOC,กลุ่มการเงิน (SIC 6000–6799) — กฎนี้ไม่ครอบคลุม
2022-07-29,1126328.0,PFG,PFG,ok,PFG,กลุ่มการเงิน (SIC 6000–6799) — กฎนี้ไม่ครอบคลุม
2022-07-29,80661.0,PGR,PGR,ok,PGR,กลุ่มการเงิน (SIC 6000–6799) — กฎนี้ไม่ครอบคลุม
2022-07-29,1045609.0,PLD,PLD,ok,PLD,กลุ่มการเงิน (SIC 6000–6799) — กฎนี้ไม่ครอบคลุม
2022-07-29,713676.0,PNC,PNC,ok,PNC,กลุ่มการเงิน (SIC 6000–6799) — กฎนี้ไม่ครอบคลุม
2022-07-29,1137774.0,PRU,PRU,ok,PRU,กลุ่มการเงิน (SIC 6000–6799) — กฎนี้ไม่ครอบคลุม
2022-07-29,1393311.0,PSA,PSA,ok,PSA,กลุ่มการเงิน (SIC 6000–6799) — กฎนี้ไม่ครอบคลุม
2022-07-29,1038357.0,PXD,,no_price,,ไม่อยู่ใน universe (ข้อมูลราคา/market cap: no_price)
2022-07-29,1095073.0,RE,EG,ok,EG,กลุ่มการเงิน (SIC 6000–6799) — กฎนี้ไม่ครอบคลุม
2022-07-29,910606.0,REG,REG,ok,REG,กลุ่มการเงิน (SIC 6000–6799) — กฎนี้ไม่ครอบคลุม
2022-07-29,1281761.0,RF,RF,ok,RF,กลุ่มการเงิน (SIC 6000–6799) — กฎนี้ไม่ครอบคลุม
2022-07-29,720005.0,RJF,RJF,ok,RJF,กลุ่มการเงิน (SIC 6000–6799) — กฎนี้ไม่ครอบคลุม
2022-07-29,1034054.0,SBAC,SBAC,ok,SBAC,กลุ่มการเงิน (SIC 6000–6799) — กฎนี้ไม่ครอบคลุม
2022-07-29,,SBNY,,,,ไม่อยู่ใน universe (ข้อมูลราคา/market cap: None)
2022-07-29,316709.0,SCHW,SCHW,ok,SCHW,กลุ่มการเงิน (SIC 6000–6799) — กฎนี้ไม่ครอบคลุม
2022-07-29,1012100.0,SEE,,no_price,,ไม่อยู่ใน universe (ข้อมูลราคา/market cap: no_price)
2022-07-29,719739.0,SIVB,,no_price,,กลุ่มการเงิน (SIC 6000–6799) — กฎนี้ไม่ครอบคลุม
2022-07-29,1063761.0,SPG,SPG,ok,SPG,กลุ่มการเงิน (SIC 6000–6799) — กฎนี้ไม่ครอบคลุม
2022-07-29,93751.0,STT,STT,ok,STT,กลุ่มการเงิน (SIC 6000–6799) — กฎนี้ไม่ครอบคลุม
2022-07-29,16918.0,STZ,STZ,ok_no_shares,STZ,ไม่อยู่ใน universe (ข้อมูลราคา/market cap: ok_no_shares)
2022-07-29,1601712.0,SYF,SYF,ok,SYF,กลุ่มการเงิน (SIC 6000–6799) — กฎนี้ไม่ครอบคลุม
2022-07-29,92230.0,TFC,TFC,ok,TFC,กลุ่มการเงิน (SIC 6000–6799) — กฎนี้ไม่ครอบคลุม
2022-07-29,1113169.0,TROW,TROW,ok,TROW,กลุ่มการเงิน (SIC 6000–6799) — กฎนี้ไม่ครอบคลุม
2022-07-29,86312.0,TRV,TRV,ok,TRV,กลุ่มการเงิน (SIC 6000–6799) — กฎนี้ไม่ครอบคลุม
2022-07-29,100493.0,TSN,TSN,ok_no_shares,TSN,ไม่อยู่ใน universe (ข้อมูลราคา/market cap: ok_no_shares)
2022-07-29,1418091.0,TWTR,,no_price,,ไม่อยู่ใน universe (ข้อมูลราคา/market cap: no_price)
2022-07-29,74208.0,UDR,UDR,ok,UDR,กลุ่มการเงิน (SIC 6000–6799) — กฎนี้ไม่ครอบคลุม
2022-07-29,731766.0,UNH,UNH,ok,UNH,กลุ่มการเงิน (SIC 6000–6799) — กฎนี้ไม่ครอบคลุม
2022-07-29,36104.0,USB,USB,ok,USB,กลุ่มการเงิน (SIC 6000–6799) — กฎนี้ไม่ครอบคลุม
2022-07-29,1403161.0,V,V,ok_no_shares,V,ไม่อยู่ใน universe (ข้อมูลราคา/market cap: ok_no_shares)
2022-07-29,1705696.0,VICI,VICI,ok,VICI,กลุ่มการเงิน (SIC 6000–6799) — กฎนี้ไม่ครอบคลุม
2022-07-29,899689.0,VNO,VNO,ok,VNO,กลุ่มการเงิน (SIC 6000–6799) — กฎนี้ไม่ครอบคลุม
2022-07-29,740260.0,VTR,VTR,ok,VTR,กลุ่มการเงิน (SIC 6000–6799) — กฎนี้ไม่ครอบคลุม
2022-07-29,1618921.0,WBA,,no_price,,ไม่อยู่ใน universe (ข้อมูลราคา/market cap: no_price)
2022-07-29,1437107.0,WBD,WBD,ok_no_shares,WBD,ไม่อยู่ใน universe (ข้อมูลราคา/market cap: ok_no_shares)
2022-07-29,766704.0,WELL,WELL,ok,WELL,กลุ่มการเงิน (SIC 6000–6799) — กฎนี้ไม่ครอบคลุม
2022-07-29,72971.0,WFC,WFC,ok,WFC,กลุ่มการเงิน (SIC 6000–6799) — กฎนี้ไม่ครอบคลุม
2022-07-29,11544.0,WRB,WRB,ok,WRB,กลุ่มการเงิน (SIC 6000–6799) — กฎนี้ไม่ครอบคลุม
2022-07-29,1732845.0,WRK,,no_price,,ไม่อยู่ใน universe (ข้อมูลราคา/market cap: no_price)
2022-07-29,1140536.0,WTW,WTW,ok,WTW,กลุ่มการเงิน (SIC 6000–6799) — กฎนี้ไม่ครอบคลุม
2022-07-29,106535.0,WY,WY,ok,WY,กลุ่มการเงิน (SIC 6000–6799) — กฎนี้ไม่ครอบคลุม
2022-07-29,109380.0,ZION,ZION,ok,ZION,กลุ่มการเงิน (SIC 6000–6799) — กฎนี้ไม่ครอบคลุม
2022-08-31,815094.0,ABMD,,no_price,,ไม่อยู่ใน universe (ข้อมูลราคา/market cap: no_price)
2022-08-31,4977.0,AFL,AFL,ok,AFL,กลุ่มการเงิน (SIC 6000–6799) — กฎนี้ไม่ครอบคลุม
2022-08-31,5272.0,AIG,AIG,ok,AIG,กลุ่มการเงิน (SIC 6000–6799) — กฎนี้ไม่ครอบคลุม
2022-08-31,1267238.0,AIZ,AIZ,ok,AIZ,กลุ่มการเงิน (SIC 6000–6799) — กฎนี้ไม่ครอบคลุม
2022-08-31,354190.0,AJG,AJG,ok,AJG,กลุ่มการเงิน (SIC 6000–6799) — กฎนี้ไม่ครอบคลุม
2022-08-31,899051.0,ALL,ALL,ok,ALL,กลุ่มการเงิน (SIC 6000–6799) — กฎนี้ไม่ครอบคลุม
2022-08-31,820027.0,AMP,AMP,ok,AMP,กลุ่มการเงิน (SIC 6000–6799) — กฎนี้ไม่ครอบคลุม
2022-08-31,1053507.0,AMT,AMT,ok,AMT,กลุ่มการเงิน (SIC 6000–6799) — กฎนี้ไม่ครอบคลุม
2022-08-31,1013462.0,ANSS,,no_price,,ไม่อยู่ใน universe (ข้อมูลราคา/market cap: no_price)
2022-08-31,315293.0,AON,AON,ok,AON,กลุ่มการเงิน (SIC 6000–6799) — กฎนี้ไม่ครอบคลุม
2022-08-31,1035443.0,ARE,ARE,ok,ARE,กลุ่มการเงิน (SIC 6000–6799) — กฎนี้ไม่ครอบคลุม
2022-08-31,718877.0,ATVI,,no_price,,ไม่อยู่ใน universe (ข้อมูลราคา/market cap: no_price)
2022-08-31,915912.0,AVB,,no_price,,กลุ่มการเงิน (SIC 6000–6799) — กฎนี้ไม่ครอบคลุม
2022-08-31,4962.0,AXP,AXP,ok,AXP,กลุ่มการเงิน (SIC 6000–6799) — กฎนี้ไม่ครอบคลุม
2022-08-31,70858.0,BAC,BAC,ok,BAC,กลุ่มการเงิน (SIC 6000–6799) — กฎนี้ไม่ครอบคลุม
2022-08-31,38777.0,BEN,BEN,ok,BEN,กลุ่มการเงิน (SIC 6000–6799) — กฎนี้ไม่ครอบคลุม
2022-08-31,1390777.0,BK,BNY,ok,BNY,กลุ่มการเงิน (SIC 6000–6799) — กฎนี้ไม่ครอบคลุม
2022-08-31,1701605.0,BKR,BKR,ok_no_shares,BKR,ไม่อยู่ใน universe (ข้อมูลราคา/market cap: ok_no_shares)
2022-08-31,1364742.0,BLK,BLK,ok,,กลุ่มการเงิน (SIC 6000–6799) — กฎนี้ไม่ครอบคลุม
2022-08-31,1067983.0,BRK.B,BRK-B,ok_no_shares,BRK-B,กลุ่มการเงิน (SIC 6000–6799) — กฎนี้ไม่ครอบคลุม
2022-08-31,79282.0,BRO,BRO,ok,BRO,กลุ่มการเงิน (SIC 6000–6799) — กฎนี้ไม่ครอบคลุม
2022-08-31,1037540.0,BXP,BXP,ok,BXP,กลุ่มการเงิน (SIC 6000–6799) — กฎนี้ไม่ครอบคลุม
2022-08-31,831001.0,C,C,ok,C,กลุ่มการเงิน (SIC 6000–6799) — กฎนี้ไม่ครอบคลุม
2022-08-31,896159.0,CB,CB,ok,CB,กลุ่มการเงิน (SIC 6000–6799) — กฎนี้ไม่ครอบคลุม
2022-08-31,1374310.0,CBOE,CBOE,ok,CBOE,กลุ่มการเงิน (SIC 6000–6799) — กฎนี้ไม่ครอบคลุม
2022-08-31,1138118.0,CBRE,CBRE,ok,CBRE,กลุ่มการเงิน (SIC 6000–6799) — กฎนี้ไม่ครอบคลุม
2022-08-31,1051470.0,CCI,CCI,ok,CCI,กลุ่มการเงิน (SIC 6000–6799) — กฎนี้ไม่ครอบคลุม
2022-08-31,1725057.0,CDAY,,no_price,,ไม่อยู่ใน universe (ข้อมูลราคา/market cap: no_price)
2022-08-31,1868275.0,CEG,CEG,ok_no_shares,CEG,ไม่อยู่ใน universe (ข้อมูลราคา/market cap: ok_no_shares)
2022-08-31,759944.0,CFG,CFG,ok,CFG,กลุ่มการเงิน (SIC 6000–6799) — กฎนี้ไม่ครอบคลุม
2022-08-31,1739940.0,CI,CI,ok,CI,กลุ่มการเงิน (SIC 6000–6799) — กฎนี้ไม่ครอบคลุม
2022-08-31,20286.0,CINF,CINF,ok,CINF,กลุ่มการเงิน (SIC 6000–6799) — กฎนี้ไม่ครอบคลุม
2022-08-31,28412.0,CMA,,no_price,,กลุ่มการเงิน (SIC 6000–6799) — กฎนี้ไม่ครอบคลุม
2022-08-31,1156375.0,CME,CME,ok,CME,กลุ่มการเงิน (SIC 6000–6799) — กฎนี้ไม่ครอบคลุม
2022-08-31,1071739.0,CNC,CNC,ok,CNC,กลุ่มการเงิน (SIC 6000–6799) — กฎนี้ไม่ครอบคลุม
2022-08-31,927628.0,COF,COF,ok,COF,กลุ่มการเงิน (SIC 6000–6799) — กฎนี้ไม่ครอบคลุม
2022-08-31,906345.0,CPT,CPT,ok,CPT,กลุ่มการเงิน (SIC 6000–6799) — กฎนี้ไม่ครอบคลุม
2022-08-31,1596783.0,CTLT,,no_price,,ไม่อยู่ใน universe (ข้อมูลราคา/market cap: no_price)
2022-08-31,,CTRA,,,,ไม่อยู่ใน universe (ข้อมูลราคา/market cap: None)
2022-08-31,877890.0,CTXS,,no_price,,ไม่อยู่ใน universe (ข้อมูลราคา/market cap: no_price)
2022-08-31,1393612.0,DFS,,no_price,,กลุ่มการเงิน (SIC 6000–6799) — กฎนี้ไม่ครอบคลุม
2022-08-31,1001082.0,DISH,,no_price,,ไม่อยู่ใน universe (ข้อมูลราคา/market cap: no_price)
2022-08-31,1297996.0,DLR,DLR,ok,DLR,กลุ่มการเงิน (SIC 6000–6799) — กฎนี้ไม่ครอบคลุม
2022-08-31,783280.0,DRE,,no_price,,กลุ่มการเงิน (SIC 6000–6799) — กฎนี้ไม่ครอบคลุม
2022-08-31,712515.0,EA,,no_price,,ไม่อยู่ใน universe (ข้อมูลราคา/market cap: no_price)
2022-08-31,1156039.0,ELV,ELV,ok,ELV,กลุ่มการเงิน (SIC 6000–6799) — กฎนี้ไม่ครอบคลุม
2022-08-31,1101239.0,EQIX,EQIX,ok,EQIX,กลุ่มการเงิน (SIC 6000–6799) — กฎนี้ไม่ครอบคลุม
2022-08-31,906107.0,EQR,VMRK,ok,VMRK,กลุ่มการเงิน (SIC 6000–6799) — กฎนี้ไม่ครอบคลุม
2022-08-31,920522.0,ESS,ESS,ok,ESS,กลุ่มการเงิน (SIC 6000–6799) — กฎนี้ไม่ครอบคลุม
2022-08-31,1289490.0,EXR,EXR,ok,EXR,กลุ่มการเงิน (SIC 6000–6799) — กฎนี้ไม่ครอบคลุม
2022-08-31,35527.0,FITB,FITB,ok,FITB,กลุ่มการเงิน (SIC 6000–6799) — กฎนี้ไม่ครอบคลุม
2022-08-31,1754301.0,FOX,FOXA,ok_no_shares,FOXA,ไม่อยู่ใน universe (ข้อมูลราคา/market cap: ok_no_shares)
2022-08-31,1754301.0,FOXA,FOXA,ok_no_shares,FOXA,ไม่อยู่ใน universe (ข้อมูลราคา/market cap: ok_no_shares)
2022-08-31,,FRC,,,,ไม่อยู่ใน universe (ข้อมูลราคา/market cap: None)
2022-08-31,34903.0,FRT,FRT,ok,FRT,กลุ่มการเงิน (SIC 6000–6799) — กฎนี้ไม่ครอบคลุม
2022-08-31,320335.0,GL,GL,ok,GL,กลุ่มการเงิน (SIC 6000–6799) — กฎนี้ไม่ครอบคลุม
2022-08-31,886982.0,GS,GS,ok,GS,กลุ่มการเงิน (SIC 6000–6799) — กฎนี้ไม่ครอบคลุม
2022-08-31,49196.0,HBAN,HBAN,ok,HBAN,กลุ่มการเงิน (SIC 6000–6799) — กฎนี้ไม่ครอบคลุม
2022-08-31,4447.0,HES,,no_price,,ไม่อยู่ใน universe (ข้อมูลราคา/market cap: no_price)
2022-08-31,874766.0,HIG,HIG,ok,HIG,กลุ่มการเงิน (SIC 6000–6799) — กฎนี้ไม่ครอบคลุม
2022-08-31,859737.0,HOLX,,no_price,,ไม่อยู่ใน universe (ข้อมูลราคา/market cap: no_price)
2022-08-31,49071.0,HUM,HUM,ok,HUM,กลุ่มการเงิน (SIC 6000–6799) — กฎนี้ไม่ครอบคลุม
2022-08-31,1571949.0,ICE,ICE,ok,ICE,กลุ่มการเงิน (SIC 6000–6799) — กฎนี้ไม่ครอบคลุม
2022-08-31,51644.0,IPG,,no_price,,ไม่อยู่ใน universe (ข้อมูลราคา/market cap: no_price)
2022-08-31,1020569.0,IRM,IRM,ok,IRM,กลุ่มการเงิน (SIC 6000–6799) — กฎนี้ไม่ครอบคลุม
2022-08-31,914208.0,IVZ,IVZ,ok,IVZ,กลุ่มการเงิน (SIC 6000–6799) — กฎนี้ไม่ครอบคลุม
2022-08-31,1043604.0,JNPR,,no_price,,ไม่อยู่ใน universe (ข้อมูลราคา/market cap: no_price)
2022-08-31,19617.0,JPM,JPM,ok,JPM,กลุ่มการเงิน (SIC 6000–6799) — กฎนี้ไม่ครอบคลุม
2022-08-31,55067.0,K,,no_price,,ไม่อยู่ใน universe (ข้อมูลราคา/market cap: no_price)
2022-08-31,91576.0,KEY,KEY,ok,KEY,กลุ่มการเงิน (SIC 6000–6799) — กฎนี้ไม่ครอบคลุม
2022-08-31,879101.0,KIM,KIM,ok,KIM,กลุ่มการเงิน (SIC 6000–6799) — กฎนี้ไม่ครอบคลุม
2022-08-31,60086.0,L,L,ok,L,กลุ่มการเงิน (SIC 6000–6799) — กฎนี้ไม่ครอบคลุม
2022-08-31,59558.0,LNC,LNC,ok,LNC,กลุ่มการเงิน (SIC 6000–6799) — กฎนี้ไม่ครอบคลุม
2022-08-31,912595.0,MAA,MAA,ok,MAA,กลุ่มการเงิน (SIC 6000–6799) — กฎนี้ไม่ครอบคลุม
2022-08-31,1099219.0,MET,MET,ok,MET,กลุ่มการเงิน (SIC 6000–6799) — กฎนี้ไม่ครอบคลุม
2022-08-31,1278021.0,MKTX,MKTX,ok,MKTX,กลุ่มการเงิน (SIC 6000–6799) — กฎนี้ไม่ครอบคลุม
2022-08-31,62709.0,MMC,MRSH,ok,MRSH,กลุ่มการเงิน (SIC 6000–6799) — กฎนี้ไม่ครอบคลุม
2022-08-31,1179929.0,MOH,MOH,ok,MOH,กลุ่มการเงิน (SIC 6000–6799) — กฎนี้ไม่ครอบคลุม
2022-08-31,101778.0,MRO,,no_price,,ไม่อยู่ใน universe (ข้อมูลราคา/market cap: no_price)
2022-08-31,895421.0,MS,MS,ok,MS,กลุ่มการเงิน (SIC 6000–6799) — กฎนี้ไม่ครอบคลุม
2022-08-31,36270.0,MTB,MTB,ok,MTB,กลุ่มการเงิน (SIC 6000–6799) — กฎนี้ไม่ครอบคลุม
2022-08-31,1120193.0,NDAQ,NDAQ,ok,NDAQ,กลุ่มการเงิน (SIC 6000–6799) — กฎนี้ไม่ครอบคลุม
2022-08-31,1492633.0,NLSN,,no_price,,ไม่อยู่ใน universe (ข้อมูลราคา/market cap: no_price)
2022-08-31,73124.0,NTRS,NTRS,ok,NTRS,กลุ่มการเงิน (SIC 6000–6799) — กฎนี้ไม่ครอบคลุม
2022-08-31,726728.0,O,O,ok,O,กลุ่มการเงิน (SIC 6000–6799) — กฎนี้ไม่ครอบคลุม
2022-08-31,765880.0,PEAK,DOC,ok,DOC,กลุ่มการเงิน (SIC 6000–6799) — กฎนี้ไม่ครอบคลุม
2022-08-31,1126328.0,PFG,PFG,ok,PFG,กลุ่มการเงิน (SIC 6000–6799) — กฎนี้ไม่ครอบคลุม
2022-08-31,80661.0,PGR,PGR,ok,PGR,กลุ่มการเงิน (SIC 6000–6799) — กฎนี้ไม่ครอบคลุม
2022-08-31,1045609.0,PLD,PLD,ok,PLD,กลุ่มการเงิน (SIC 6000–6799) — กฎนี้ไม่ครอบคลุม
2022-08-31,713676.0,PNC,PNC,ok,PNC,กลุ่มการเงิน (SIC 6000–6799) — กฎนี้ไม่ครอบคลุม
2022-08-31,1137774.0,PRU,PRU,ok,PRU,กลุ่มการเงิน (SIC 6000–6799) — กฎนี้ไม่ครอบคลุม
2022-08-31,1393311.0,PSA,PSA,ok,PSA,กลุ่มการเงิน (SIC 6000–6799) — กฎนี้ไม่ครอบคลุม
2022-08-31,1038357.0,PXD,,no_price,,ไม่อยู่ใน universe (ข้อมูลราคา/market cap: no_price)
2022-08-31,1095073.0,RE,EG,ok,EG,กลุ่มการเงิน (SIC 6000–6799) — กฎนี้ไม่ครอบคลุม
2022-08-31,910606.0,REG,REG,ok,REG,กลุ่มการเงิน (SIC 6000–6799) — กฎนี้ไม่ครอบคลุม
2022-08-31,1281761.0,RF,RF,ok,RF,กลุ่มการเงิน (SIC 6000–6799) — กฎนี้ไม่ครอบคลุม
2022-08-31,720005.0,RJF,RJF,ok,RJF,กลุ่มการเงิน (SIC 6000–6799) — กฎนี้ไม่ครอบคลุม
2022-08-31,1034054.0,SBAC,SBAC,ok,SBAC,กลุ่มการเงิน (SIC 6000–6799) — กฎนี้ไม่ครอบคลุม
2022-08-31,,SBNY,,,,ไม่อยู่ใน universe (ข้อมูลราคา/market cap: None)
2022-08-31,316709.0,SCHW,SCHW,ok,SCHW,กลุ่มการเงิน (SIC 6000–6799) — กฎนี้ไม่ครอบคลุม
2022-08-31,1012100.0,SEE,,no_price,,ไม่อยู่ใน universe (ข้อมูลราคา/market cap: no_price)
2022-08-31,719739.0,SIVB,,no_price,,กลุ่มการเงิน (SIC 6000–6799) — กฎนี้ไม่ครอบคลุม
2022-08-31,1063761.0,SPG,SPG,ok,SPG,กลุ่มการเงิน (SIC 6000–6799) — กฎนี้ไม่ครอบคลุม
2022-08-31,93751.0,STT,STT,ok,STT,กลุ่มการเงิน (SIC 6000–6799) — กฎนี้ไม่ครอบคลุม
2022-08-31,16918.0,STZ,STZ,ok_no_shares,STZ,ไม่อยู่ใน universe (ข้อมูลราคา/market cap: ok_no_shares)
2022-08-31,1601712.0,SYF,SYF,ok,SYF,กลุ่มการเงิน (SIC 6000–6799) — กฎนี้ไม่ครอบคลุม
2022-08-31,92230.0,TFC,TFC,ok,TFC,กลุ่มการเงิน (SIC 6000–6799) — กฎนี้ไม่ครอบคลุม
2022-08-31,1113169.0,TROW,TROW,ok,TROW,กลุ่มการเงิน (SIC 6000–6799) — กฎนี้ไม่ครอบคลุม
2022-08-31,86312.0,TRV,TRV,ok,TRV,กลุ่มการเงิน (SIC 6000–6799) — กฎนี้ไม่ครอบคลุม
2022-08-31,100493.0,TSN,TSN,ok_no_shares,TSN,ไม่อยู่ใน universe (ข้อมูลราคา/market cap: ok_no_shares)
2022-08-31,1418091.0,TWTR,,no_price,,ไม่อยู่ใน universe (ข้อมูลราคา/market cap: no_price)
2022-08-31,74208.0,UDR,UDR,ok,UDR,กลุ่มการเงิน (SIC 6000–6799) — กฎนี้ไม่ครอบคลุม
2022-08-31,731766.0,UNH,UNH,ok,UNH,กลุ่มการเงิน (SIC 6000–6799) — กฎนี้ไม่ครอบคลุม
2022-08-31,36104.0,USB,USB,ok,USB,กลุ่มการเงิน (SIC 6000–6799) — กฎนี้ไม่ครอบคลุม
2022-08-31,1403161.0,V,V,ok_no_shares,V,ไม่อยู่ใน universe (ข้อมูลราคา/market cap: ok_no_shares)
2022-08-31,1705696.0,VICI,VICI,ok,VICI,กลุ่มการเงิน (SIC 6000–6799) — กฎนี้ไม่ครอบคลุม
2022-08-31,899689.0,VNO,VNO,ok,VNO,กลุ่มการเงิน (SIC 6000–6799) — กฎนี้ไม่ครอบคลุม
2022-08-31,740260.0,VTR,VTR,ok,VTR,กลุ่มการเงิน (SIC 6000–6799) — กฎนี้ไม่ครอบคลุม
2022-08-31,1618921.0,WBA,,no_price,,ไม่อยู่ใน universe (ข้อมูลราคา/market cap: no_price)
2022-08-31,1437107.0,WBD,WBD,ok_no_shares,WBD,ไม่อยู่ใน universe (ข้อมูลราคา/market cap: ok_no_shares)
2022-08-31,766704.0,WELL,WELL,ok,WELL,กลุ่มการเงิน (SIC 6000–6799) — กฎนี้ไม่ครอบคลุม
2022-08-31,72971.0,WFC,WFC,ok,WFC,กลุ่มการเงิน (SIC 6000–6799) — กฎนี้ไม่ครอบคลุม
2022-08-31,11544.0,WRB,WRB,ok,WRB,กลุ่มการเงิน (SIC 6000–6799) — กฎนี้ไม่ครอบคลุม
2022-08-31,1732845.0,WRK,,no_price,,ไม่อยู่ใน universe (ข้อมูลราคา/market cap: no_price)
2022-08-31,1140536.0,WTW,WTW,ok,WTW,กลุ่มการเงิน (SIC 6000–6799) — กฎนี้ไม่ครอบคลุม
2022-08-31,106535.0,WY,WY,ok,WY,กลุ่มการเงิน (SIC 6000–6799) — กฎนี้ไม่ครอบคลุม
2022-08-31,109380.0,ZION,ZION,ok,ZION,กลุ่มการเงิน (SIC 6000–6799) — กฎนี้ไม่ครอบคลุม
2022-09-30,815094.0,ABMD,,no_price,,ไม่อยู่ใน universe (ข้อมูลราคา/market cap: no_price)
2022-09-30,4977.0,AFL,AFL,ok,AFL,กลุ่มการเงิน (SIC 6000–6799) — กฎนี้ไม่ครอบคลุม
2022-09-30,5272.0,AIG,AIG,ok,AIG,กลุ่มการเงิน (SIC 6000–6799) — กฎนี้ไม่ครอบคลุม
2022-09-30,1267238.0,AIZ,AIZ,ok,AIZ,กลุ่มการเงิน (SIC 6000–6799) — กฎนี้ไม่ครอบคลุม
2022-09-30,354190.0,AJG,AJG,ok,AJG,กลุ่มการเงิน (SIC 6000–6799) — กฎนี้ไม่ครอบคลุม
2022-09-30,899051.0,ALL,ALL,ok,ALL,กลุ่มการเงิน (SIC 6000–6799) — กฎนี้ไม่ครอบคลุม
2022-09-30,820027.0,AMP,AMP,ok,AMP,กลุ่มการเงิน (SIC 6000–6799) — กฎนี้ไม่ครอบคลุม
2022-09-30,1053507.0,AMT,AMT,ok,AMT,กลุ่มการเงิน (SIC 6000–6799) — กฎนี้ไม่ครอบคลุม
2022-09-30,1013462.0,ANSS,,no_price,,ไม่อยู่ใน universe (ข้อมูลราคา/market cap: no_price)
2022-09-30,315293.0,AON,AON,ok,AON,กลุ่มการเงิน (SIC 6000–6799) — กฎนี้ไม่ครอบคลุม
2022-09-30,1035443.0,ARE,ARE,ok,ARE,กลุ่มการเงิน (SIC 6000–6799) — กฎนี้ไม่ครอบคลุม
2022-09-30,718877.0,ATVI,,no_price,,ไม่อยู่ใน universe (ข้อมูลราคา/market cap: no_price)
2022-09-30,915912.0,AVB,,no_price,,กลุ่มการเงิน (SIC 6000–6799) — กฎนี้ไม่ครอบคลุม
2022-09-30,4962.0,AXP,AXP,ok,AXP,กลุ่มการเงิน (SIC 6000–6799) — กฎนี้ไม่ครอบคลุม
2022-09-30,70858.0,BAC,BAC,ok,BAC,กลุ่มการเงิน (SIC 6000–6799) — กฎนี้ไม่ครอบคลุม
2022-09-30,38777.0,BEN,BEN,ok,BEN,กลุ่มการเงิน (SIC 6000–6799) — กฎนี้ไม่ครอบคลุม
2022-09-30,1390777.0,BK,BNY,ok,BNY,กลุ่มการเงิน (SIC 6000–6799) — กฎนี้ไม่ครอบคลุม
2022-09-30,1701605.0,BKR,BKR,ok_no_shares,BKR,ไม่อยู่ใน universe (ข้อมูลราคา/market cap: ok_no_shares)
2022-09-30,1364742.0,BLK,BLK,ok,,กลุ่มการเงิน (SIC 6000–6799) — กฎนี้ไม่ครอบคลุม
2022-09-30,1067983.0,BRK.B,BRK-B,ok_no_shares,BRK-B,กลุ่มการเงิน (SIC 6000–6799) — กฎนี้ไม่ครอบคลุม
2022-09-30,79282.0,BRO,BRO,ok,BRO,กลุ่มการเงิน (SIC 6000–6799) — กฎนี้ไม่ครอบคลุม
2022-09-30,1037540.0,BXP,BXP,ok,BXP,กลุ่มการเงิน (SIC 6000–6799) — กฎนี้ไม่ครอบคลุม
2022-09-30,831001.0,C,C,ok,C,กลุ่มการเงิน (SIC 6000–6799) — กฎนี้ไม่ครอบคลุม
2022-09-30,896159.0,CB,CB,ok,CB,กลุ่มการเงิน (SIC 6000–6799) — กฎนี้ไม่ครอบคลุม
2022-09-30,1374310.0,CBOE,CBOE,ok,CBOE,กลุ่มการเงิน (SIC 6000–6799) — กฎนี้ไม่ครอบคลุม
2022-09-30,1138118.0,CBRE,CBRE,ok,CBRE,กลุ่มการเงิน (SIC 6000–6799) — กฎนี้ไม่ครอบคลุม
2022-09-30,1051470.0,CCI,CCI,ok,CCI,กลุ่มการเงิน (SIC 6000–6799) — กฎนี้ไม่ครอบคลุม
2022-09-30,1725057.0,CDAY,,no_price,,ไม่อยู่ใน universe (ข้อมูลราคา/market cap: no_price)
2022-09-30,1868275.0,CEG,CEG,ok_no_shares,CEG,ไม่อยู่ใน universe (ข้อมูลราคา/market cap: ok_no_shares)
2022-09-30,759944.0,CFG,CFG,ok,CFG,กลุ่มการเงิน (SIC 6000–6799) — กฎนี้ไม่ครอบคลุม
2022-09-30,1739940.0,CI,CI,ok,CI,กลุ่มการเงิน (SIC 6000–6799) — กฎนี้ไม่ครอบคลุม
2022-09-30,20286.0,CINF,CINF,ok,CINF,กลุ่มการเงิน (SIC 6000–6799) — กฎนี้ไม่ครอบคลุม
2022-09-30,28412.0,CMA,,no_price,,กลุ่มการเงิน (SIC 6000–6799) — กฎนี้ไม่ครอบคลุม
2022-09-30,1156375.0,CME,CME,ok,CME,กลุ่มการเงิน (SIC 6000–6799) — กฎนี้ไม่ครอบคลุม
2022-09-30,1071739.0,CNC,CNC,ok,CNC,กลุ่มการเงิน (SIC 6000–6799) — กฎนี้ไม่ครอบคลุม
2022-09-30,927628.0,COF,COF,ok,COF,กลุ่มการเงิน (SIC 6000–6799) — กฎนี้ไม่ครอบคลุม
2022-09-30,906345.0,CPT,CPT,ok,CPT,กลุ่มการเงิน (SIC 6000–6799) — กฎนี้ไม่ครอบคลุม
2022-09-30,1596783.0,CTLT,,no_price,,ไม่อยู่ใน universe (ข้อมูลราคา/market cap: no_price)
2022-09-30,,CTRA,,,,ไม่อยู่ใน universe (ข้อมูลราคา/market cap: None)
2022-09-30,877890.0,CTXS,,no_price,,ไม่อยู่ใน universe (ข้อมูลราคา/market cap: no_price)
2022-09-30,1393612.0,DFS,,no_price,,กลุ่มการเงิน (SIC 6000–6799) — กฎนี้ไม่ครอบคลุม
2022-09-30,1001082.0,DISH,,no_price,,ไม่อยู่ใน universe (ข้อมูลราคา/market cap: no_price)
2022-09-30,1297996.0,DLR,DLR,ok,DLR,กลุ่มการเงิน (SIC 6000–6799) — กฎนี้ไม่ครอบคลุม
2022-09-30,783280.0,DRE,,no_price,,กลุ่มการเงิน (SIC 6000–6799) — กฎนี้ไม่ครอบคลุม
2022-09-30,712515.0,EA,,no_price,,ไม่อยู่ใน universe (ข้อมูลราคา/market cap: no_price)
2022-09-30,1156039.0,ELV,ELV,ok,ELV,กลุ่มการเงิน (SIC 6000–6799) — กฎนี้ไม่ครอบคลุม
2022-09-30,1101239.0,EQIX,EQIX,ok,EQIX,กลุ่มการเงิน (SIC 6000–6799) — กฎนี้ไม่ครอบคลุม
2022-09-30,906107.0,EQR,VMRK,ok,VMRK,กลุ่มการเงิน (SIC 6000–6799) — กฎนี้ไม่ครอบคลุม
2022-09-30,920522.0,ESS,ESS,ok,ESS,กลุ่มการเงิน (SIC 6000–6799) — กฎนี้ไม่ครอบคลุม
2022-09-30,1289490.0,EXR,EXR,ok,EXR,กลุ่มการเงิน (SIC 6000–6799) — กฎนี้ไม่ครอบคลุม
2022-09-30,35527.0,FITB,FITB,ok,FITB,กลุ่มการเงิน (SIC 6000–6799) — กฎนี้ไม่ครอบคลุม
2022-09-30,1754301.0,FOX,FOXA,ok_no_shares,FOXA,ไม่อยู่ใน universe (ข้อมูลราคา/market cap: ok_no_shares)
2022-09-30,1754301.0,FOXA,FOXA,ok_no_shares,FOXA,ไม่อยู่ใน universe (ข้อมูลราคา/market cap: ok_no_shares)
2022-09-30,,FRC,,,,ไม่อยู่ใน universe (ข้อมูลราคา/market cap: None)
2022-09-30,34903.0,FRT,FRT,ok,FRT,กลุ่มการเงิน (SIC 6000–6799) — กฎนี้ไม่ครอบคลุม
2022-09-30,320335.0,GL,GL,ok,GL,กลุ่มการเงิน (SIC 6000–6799) — กฎนี้ไม่ครอบคลุม
2022-09-30,886982.0,GS,GS,ok,GS,กลุ่มการเงิน (SIC 6000–6799) — กฎนี้ไม่ครอบคลุม
2022-09-30,49196.0,HBAN,HBAN,ok,HBAN,กลุ่มการเงิน (SIC 6000–6799) — กฎนี้ไม่ครอบคลุม
2022-09-30,4447.0,HES,,no_price,,ไม่อยู่ใน universe (ข้อมูลราคา/market cap: no_price)
2022-09-30,874766.0,HIG,HIG,ok,HIG,กลุ่มการเงิน (SIC 6000–6799) — กฎนี้ไม่ครอบคลุม
2022-09-30,859737.0,HOLX,,no_price,,ไม่อยู่ใน universe (ข้อมูลราคา/market cap: no_price)
2022-09-30,49071.0,HUM,HUM,ok,HUM,กลุ่มการเงิน (SIC 6000–6799) — กฎนี้ไม่ครอบคลุม
2022-09-30,1571949.0,ICE,ICE,ok,ICE,กลุ่มการเงิน (SIC 6000–6799) — กฎนี้ไม่ครอบคลุม
2022-09-30,1687229.0,INVH,INVH,ok,INVH,กลุ่มการเงิน (SIC 6000–6799) — กฎนี้ไม่ครอบคลุม
2022-09-30,51644.0,IPG,,no_price,,ไม่อยู่ใน universe (ข้อมูลราคา/market cap: no_price)
2022-09-30,1020569.0,IRM,IRM,ok,IRM,กลุ่มการเงิน (SIC 6000–6799) — กฎนี้ไม่ครอบคลุม
2022-09-30,914208.0,IVZ,IVZ,ok,IVZ,กลุ่มการเงิน (SIC 6000–6799) — กฎนี้ไม่ครอบคลุม
2022-09-30,1043604.0,JNPR,,no_price,,ไม่อยู่ใน universe (ข้อมูลราคา/market cap: no_price)
2022-09-30,19617.0,JPM,JPM,ok,JPM,กลุ่มการเงิน (SIC 6000–6799) — กฎนี้ไม่ครอบคลุม
2022-09-30,55067.0,K,,no_price,,ไม่อยู่ใน universe (ข้อมูลราคา/market cap: no_price)
2022-09-30,91576.0,KEY,KEY,ok,KEY,กลุ่มการเงิน (SIC 6000–6799) — กฎนี้ไม่ครอบคลุม
2022-09-30,879101.0,KIM,KIM,ok,KIM,กลุ่มการเงิน (SIC 6000–6799) — กฎนี้ไม่ครอบคลุม
2022-09-30,60086.0,L,L,ok,L,กลุ่มการเงิน (SIC 6000–6799) — กฎนี้ไม่ครอบคลุม
2022-09-30,59558.0,LNC,LNC,ok,LNC,กลุ่มการเงิน (SIC 6000–6799) — กฎนี้ไม่ครอบคลุม
2022-09-30,912595.0,MAA,MAA,ok,MAA,กลุ่มการเงิน (SIC 6000–6799) — กฎนี้ไม่ครอบคลุม
2022-09-30,1099219.0,MET,MET,ok,MET,กลุ่มการเงิน (SIC 6000–6799) — กฎนี้ไม่ครอบคลุม
2022-09-30,1278021.0,MKTX,MKTX,ok,MKTX,กลุ่มการเงิน (SIC 6000–6799) — กฎนี้ไม่ครอบคลุม
2022-09-30,62709.0,MMC,MRSH,ok,MRSH,กลุ่มการเงิน (SIC 6000–6799) — กฎนี้ไม่ครอบคลุม
2022-09-30,1179929.0,MOH,MOH,ok,MOH,กลุ่มการเงิน (SIC 6000–6799) — กฎนี้ไม่ครอบคลุม
2022-09-30,101778.0,MRO,,no_price,,ไม่อยู่ใน universe (ข้อมูลราคา/market cap: no_price)
2022-09-30,895421.0,MS,MS,ok,MS,กลุ่มการเงิน (SIC 6000–6799) — กฎนี้ไม่ครอบคลุม
2022-09-30,36270.0,MTB,MTB,ok,MTB,กลุ่มการเงิน (SIC 6000–6799) — กฎนี้ไม่ครอบคลุม
2022-09-30,1120193.0,NDAQ,NDAQ,ok,NDAQ,กลุ่มการเงิน (SIC 6000–6799) — กฎนี้ไม่ครอบคลุม
2022-09-30,1492633.0,NLSN,,no_price,,ไม่อยู่ใน universe (ข้อมูลราคา/market cap: no_price)
2022-09-30,73124.0,NTRS,NTRS,ok,NTRS,กลุ่มการเงิน (SIC 6000–6799) — กฎนี้ไม่ครอบคลุม
2022-09-30,726728.0,O,O,ok,O,กลุ่มการเงิน (SIC 6000–6799) — กฎนี้ไม่ครอบคลุม
2022-09-30,765880.0,PEAK,DOC,ok,DOC,กลุ่มการเงิน (SIC 6000–6799) — กฎนี้ไม่ครอบคลุม
2022-09-30,1126328.0,PFG,PFG,ok,PFG,กลุ่มการเงิน (SIC 6000–6799) — กฎนี้ไม่ครอบคลุม
2022-09-30,80661.0,PGR,PGR,ok,PGR,กลุ่มการเงิน (SIC 6000–6799) — กฎนี้ไม่ครอบคลุม
2022-09-30,1045609.0,PLD,PLD,ok,PLD,กลุ่มการเงิน (SIC 6000–6799) — กฎนี้ไม่ครอบคลุม
2022-09-30,713676.0,PNC,PNC,ok,PNC,กลุ่มการเงิน (SIC 6000–6799) — กฎนี้ไม่ครอบคลุม
2022-09-30,1137774.0,PRU,PRU,ok,PRU,กลุ่มการเงิน (SIC 6000–6799) — กฎนี้ไม่ครอบคลุม
2022-09-30,1393311.0,PSA,PSA,ok,PSA,กลุ่มการเงิน (SIC 6000–6799) — กฎนี้ไม่ครอบคลุม
2022-09-30,1038357.0,PXD,,no_price,,ไม่อยู่ใน universe (ข้อมูลราคา/market cap: no_price)
2022-09-30,1095073.0,RE,EG,ok,EG,กลุ่มการเงิน (SIC 6000–6799) — กฎนี้ไม่ครอบคลุม
2022-09-30,910606.0,REG,REG,ok,REG,กลุ่มการเงิน (SIC 6000–6799) — กฎนี้ไม่ครอบคลุม
2022-09-30,1281761.0,RF,RF,ok,RF,กลุ่มการเงิน (SIC 6000–6799) — กฎนี้ไม่ครอบคลุม
2022-09-30,720005.0,RJF,RJF,ok,RJF,กลุ่มการเงิน (SIC 6000–6799) — กฎนี้ไม่ครอบคลุม
2022-09-30,1034054.0,SBAC,SBAC,ok,SBAC,กลุ่มการเงิน (SIC 6000–6799) — กฎนี้ไม่ครอบคลุม
2022-09-30,,SBNY,,,,ไม่อยู่ใน universe (ข้อมูลราคา/market cap: None)
2022-09-30,316709.0,SCHW,SCHW,ok,SCHW,กลุ่มการเงิน (SIC 6000–6799) — กฎนี้ไม่ครอบคลุม
2022-09-30,1012100.0,SEE,,no_price,,ไม่อยู่ใน universe (ข้อมูลราคา/market cap: no_price)
2022-09-30,719739.0,SIVB,,no_price,,กลุ่มการเงิน (SIC 6000–6799) — กฎนี้ไม่ครอบคลุม
2022-09-30,1063761.0,SPG,SPG,ok,SPG,กลุ่มการเงิน (SIC 6000–6799) — กฎนี้ไม่ครอบคลุม
2022-09-30,93751.0,STT,STT,ok,STT,กลุ่มการเงิน (SIC 6000–6799) — กฎนี้ไม่ครอบคลุม
2022-09-30,16918.0,STZ,STZ,ok_no_shares,STZ,ไม่อยู่ใน universe (ข้อมูลราคา/market cap: ok_no_shares)
2022-09-30,1601712.0,SYF,SYF,ok,SYF,กลุ่มการเงิน (SIC 6000–6799) — กฎนี้ไม่ครอบคลุม
2022-09-30,92230.0,TFC,TFC,ok,TFC,กลุ่มการเงิน (SIC 6000–6799) — กฎนี้ไม่ครอบคลุม
2022-09-30,1113169.0,TROW,TROW,ok,TROW,กลุ่มการเงิน (SIC 6000–6799) — กฎนี้ไม่ครอบคลุม
2022-09-30,86312.0,TRV,TRV,ok,TRV,กลุ่มการเงิน (SIC 6000–6799) — กฎนี้ไม่ครอบคลุม
2022-09-30,100493.0,TSN,TSN,ok_no_shares,TSN,ไม่อยู่ใน universe (ข้อมูลราคา/market cap: ok_no_shares)
2022-09-30,1418091.0,TWTR,,no_price,,ไม่อยู่ใน universe (ข้อมูลราคา/market cap: no_price)
2022-09-30,74208.0,UDR,UDR,ok,UDR,กลุ่มการเงิน (SIC 6000–6799) — กฎนี้ไม่ครอบคลุม
2022-09-30,731766.0,UNH,UNH,ok,UNH,กลุ่มการเงิน (SIC 6000–6799) — กฎนี้ไม่ครอบคลุม
2022-09-30,36104.0,USB,USB,ok,USB,กลุ่มการเงิน (SIC 6000–6799) — กฎนี้ไม่ครอบคลุม
2022-09-30,1403161.0,V,V,ok_no_shares,V,ไม่อยู่ใน universe (ข้อมูลราคา/market cap: ok_no_shares)
2022-09-30,1705696.0,VICI,VICI,ok,VICI,กลุ่มการเงิน (SIC 6000–6799) — กฎนี้ไม่ครอบคลุม
2022-09-30,899689.0,VNO,VNO,ok,VNO,กลุ่มการเงิน (SIC 6000–6799) — กฎนี้ไม่ครอบคลุม
2022-09-30,740260.0,VTR,VTR,ok,VTR,กลุ่มการเงิน (SIC 6000–6799) — กฎนี้ไม่ครอบคลุม
2022-09-30,1618921.0,WBA,,no_price,,ไม่อยู่ใน universe (ข้อมูลราคา/market cap: no_price)
2022-09-30,1437107.0,WBD,WBD,ok_no_shares,WBD,ไม่อยู่ใน universe (ข้อมูลราคา/market cap: ok_no_shares)
2022-09-30,766704.0,WELL,WELL,ok,WELL,กลุ่มการเงิน (SIC 6000–6799) — กฎนี้ไม่ครอบคลุม
2022-09-30,72971.0,WFC,WFC,ok,WFC,กลุ่มการเงิน (SIC 6000–6799) — กฎนี้ไม่ครอบคลุม
2022-09-30,11544.0,WRB,WRB,ok,WRB,กลุ่มการเงิน (SIC 6000–6799) — กฎนี้ไม่ครอบคลุม
2022-09-30,1732845.0,WRK,,no_price,,ไม่อยู่ใน universe (ข้อมูลราคา/market cap: no_price)
2022-09-30,1140536.0,WTW,WTW,ok,WTW,กลุ่มการเงิน (SIC 6000–6799) — กฎนี้ไม่ครอบคลุม
2022-09-30,106535.0,WY,WY,ok,WY,กลุ่มการเงิน (SIC 6000–6799) — กฎนี้ไม่ครอบคลุม
2022-09-30,109380.0,ZION,ZION,ok,ZION,กลุ่มการเงิน (SIC 6000–6799) — กฎนี้ไม่ครอบคลุม
2022-10-31,815094.0,ABMD,,no_price,,ไม่อยู่ใน universe (ข้อมูลราคา/market cap: no_price)
2022-10-31,4977.0,AFL,AFL,ok,AFL,กลุ่มการเงิน (SIC 6000–6799) — กฎนี้ไม่ครอบคลุม
2022-10-31,5272.0,AIG,AIG,ok,AIG,กลุ่มการเงิน (SIC 6000–6799) — กฎนี้ไม่ครอบคลุม
2022-10-31,1267238.0,AIZ,AIZ,ok,AIZ,กลุ่มการเงิน (SIC 6000–6799) — กฎนี้ไม่ครอบคลุม
2022-10-31,354190.0,AJG,AJG,ok,AJG,กลุ่มการเงิน (SIC 6000–6799) — กฎนี้ไม่ครอบคลุม
2022-10-31,899051.0,ALL,ALL,ok,ALL,กลุ่มการเงิน (SIC 6000–6799) — กฎนี้ไม่ครอบคลุม
2022-10-31,820027.0,AMP,AMP,ok,AMP,กลุ่มการเงิน (SIC 6000–6799) — กฎนี้ไม่ครอบคลุม
2022-10-31,1053507.0,AMT,AMT,ok,AMT,กลุ่มการเงิน (SIC 6000–6799) — กฎนี้ไม่ครอบคลุม
2022-10-31,1013462.0,ANSS,,no_price,,ไม่อยู่ใน universe (ข้อมูลราคา/market cap: no_price)
2022-10-31,315293.0,AON,AON,ok,AON,กลุ่มการเงิน (SIC 6000–6799) — กฎนี้ไม่ครอบคลุม
2022-10-31,1035443.0,ARE,ARE,ok,ARE,กลุ่มการเงิน (SIC 6000–6799) — กฎนี้ไม่ครอบคลุม
2022-10-31,718877.0,ATVI,,no_price,,ไม่อยู่ใน universe (ข้อมูลราคา/market cap: no_price)
2022-10-31,915912.0,AVB,,no_price,,กลุ่มการเงิน (SIC 6000–6799) — กฎนี้ไม่ครอบคลุม
2022-10-31,4962.0,AXP,AXP,ok,AXP,กลุ่มการเงิน (SIC 6000–6799) — กฎนี้ไม่ครอบคลุม
2022-10-31,70858.0,BAC,BAC,ok,BAC,กลุ่มการเงิน (SIC 6000–6799) — กฎนี้ไม่ครอบคลุม
2022-10-31,38777.0,BEN,BEN,ok,BEN,กลุ่มการเงิน (SIC 6000–6799) — กฎนี้ไม่ครอบคลุม
2022-10-31,1390777.0,BK,BNY,ok,BNY,กลุ่มการเงิน (SIC 6000–6799) — กฎนี้ไม่ครอบคลุม
2022-10-31,1701605.0,BKR,BKR,ok_no_shares,BKR,ไม่อยู่ใน universe (ข้อมูลราคา/market cap: ok_no_shares)
2022-10-31,1364742.0,BLK,BLK,ok,,กลุ่มการเงิน (SIC 6000–6799) — กฎนี้ไม่ครอบคลุม
2022-10-31,1067983.0,BRK.B,BRK-B,ok_no_shares,BRK-B,กลุ่มการเงิน (SIC 6000–6799) — กฎนี้ไม่ครอบคลุม
2022-10-31,79282.0,BRO,BRO,ok,BRO,กลุ่มการเงิน (SIC 6000–6799) — กฎนี้ไม่ครอบคลุม
2022-10-31,1037540.0,BXP,BXP,ok,BXP,กลุ่มการเงิน (SIC 6000–6799) — กฎนี้ไม่ครอบคลุม
2022-10-31,831001.0,C,C,ok,C,กลุ่มการเงิน (SIC 6000–6799) — กฎนี้ไม่ครอบคลุม
2022-10-31,896159.0,CB,CB,ok,CB,กลุ่มการเงิน (SIC 6000–6799) — กฎนี้ไม่ครอบคลุม
2022-10-31,1374310.0,CBOE,CBOE,ok,CBOE,กลุ่มการเงิน (SIC 6000–6799) — กฎนี้ไม่ครอบคลุม
2022-10-31,1138118.0,CBRE,CBRE,ok,CBRE,กลุ่มการเงิน (SIC 6000–6799) — กฎนี้ไม่ครอบคลุม
2022-10-31,1051470.0,CCI,CCI,ok,CCI,กลุ่มการเงิน (SIC 6000–6799) — กฎนี้ไม่ครอบคลุม
2022-10-31,1725057.0,CDAY,,no_price,,ไม่อยู่ใน universe (ข้อมูลราคา/market cap: no_price)
2022-10-31,1868275.0,CEG,CEG,ok_no_shares,CEG,ไม่อยู่ใน universe (ข้อมูลราคา/market cap: ok_no_shares)
2022-10-31,759944.0,CFG,CFG,ok,CFG,กลุ่มการเงิน (SIC 6000–6799) — กฎนี้ไม่ครอบคลุม
2022-10-31,1739940.0,CI,CI,ok,CI,กลุ่มการเงิน (SIC 6000–6799) — กฎนี้ไม่ครอบคลุม
2022-10-31,20286.0,CINF,CINF,ok,CINF,กลุ่มการเงิน (SIC 6000–6799) — กฎนี้ไม่ครอบคลุม
2022-10-31,28412.0,CMA,,no_price,,กลุ่มการเงิน (SIC 6000–6799) — กฎนี้ไม่ครอบคลุม
2022-10-31,1156375.0,CME,CME,ok,CME,กลุ่มการเงิน (SIC 6000–6799) — กฎนี้ไม่ครอบคลุม
2022-10-31,1071739.0,CNC,CNC,ok,CNC,กลุ่มการเงิน (SIC 6000–6799) — กฎนี้ไม่ครอบคลุม
2022-10-31,927628.0,COF,COF,ok,COF,กลุ่มการเงิน (SIC 6000–6799) — กฎนี้ไม่ครอบคลุม
2022-10-31,906345.0,CPT,CPT,ok,CPT,กลุ่มการเงิน (SIC 6000–6799) — กฎนี้ไม่ครอบคลุม
2022-10-31,1596783.0,CTLT,,no_price,,ไม่อยู่ใน universe (ข้อมูลราคา/market cap: no_price)
2022-10-31,,CTRA,,,,ไม่อยู่ใน universe (ข้อมูลราคา/market cap: None)
2022-10-31,1393612.0,DFS,,no_price,,กลุ่มการเงิน (SIC 6000–6799) — กฎนี้ไม่ครอบคลุม
2022-10-31,1001082.0,DISH,,no_price,,ไม่อยู่ใน universe (ข้อมูลราคา/market cap: no_price)
2022-10-31,1297996.0,DLR,DLR,ok,DLR,กลุ่มการเงิน (SIC 6000–6799) — กฎนี้ไม่ครอบคลุม
2022-10-31,712515.0,EA,,no_price,,ไม่อยู่ใน universe (ข้อมูลราคา/market cap: no_price)
2022-10-31,1156039.0,ELV,ELV,ok,ELV,กลุ่มการเงิน (SIC 6000–6799) — กฎนี้ไม่ครอบคลุม
2022-10-31,1101239.0,EQIX,EQIX,ok,EQIX,กลุ่มการเงิน (SIC 6000–6799) — กฎนี้ไม่ครอบคลุม
2022-10-31,906107.0,EQR,VMRK,ok,VMRK,กลุ่มการเงิน (SIC 6000–6799) — กฎนี้ไม่ครอบคลุม
2022-10-31,920522.0,ESS,ESS,ok,ESS,กลุ่มการเงิน (SIC 6000–6799) — กฎนี้ไม่ครอบคลุม
2022-10-31,1289490.0,EXR,EXR,ok,EXR,กลุ่มการเงิน (SIC 6000–6799) — กฎนี้ไม่ครอบคลุม
2022-10-31,35527.0,FITB,FITB,ok,FITB,กลุ่มการเงิน (SIC 6000–6799) — กฎนี้ไม่ครอบคลุม
2022-10-31,1754301.0,FOX,FOXA,ok_no_shares,FOXA,ไม่อยู่ใน universe (ข้อมูลราคา/market cap: ok_no_shares)
2022-10-31,1754301.0,FOXA,FOXA,ok_no_shares,FOXA,ไม่อยู่ใน universe (ข้อมูลราคา/market cap: ok_no_shares)
2022-10-31,,FRC,,,,ไม่อยู่ใน universe (ข้อมูลราคา/market cap: None)
2022-10-31,34903.0,FRT,FRT,ok,FRT,กลุ่มการเงิน (SIC 6000–6799) — กฎนี้ไม่ครอบคลุม
2022-10-31,320335.0,GL,GL,ok,GL,กลุ่มการเงิน (SIC 6000–6799) — กฎนี้ไม่ครอบคลุม
2022-10-31,886982.0,GS,GS,ok,GS,กลุ่มการเงิน (SIC 6000–6799) — กฎนี้ไม่ครอบคลุม
2022-10-31,49196.0,HBAN,HBAN,ok,HBAN,กลุ่มการเงิน (SIC 6000–6799) — กฎนี้ไม่ครอบคลุม
2022-10-31,4447.0,HES,,no_price,,ไม่อยู่ใน universe (ข้อมูลราคา/market cap: no_price)
2022-10-31,874766.0,HIG,HIG,ok,HIG,กลุ่มการเงิน (SIC 6000–6799) — กฎนี้ไม่ครอบคลุม
2022-10-31,859737.0,HOLX,,no_price,,ไม่อยู่ใน universe (ข้อมูลราคา/market cap: no_price)
2022-10-31,49071.0,HUM,HUM,ok,HUM,กลุ่มการเงิน (SIC 6000–6799) — กฎนี้ไม่ครอบคลุม
2022-10-31,1571949.0,ICE,ICE,ok,ICE,กลุ่มการเงิน (SIC 6000–6799) — กฎนี้ไม่ครอบคลุม
2022-10-31,1687229.0,INVH,INVH,ok,INVH,กลุ่มการเงิน (SIC 6000–6799) — กฎนี้ไม่ครอบคลุม
2022-10-31,51644.0,IPG,,no_price,,ไม่อยู่ใน universe (ข้อมูลราคา/market cap: no_price)
2022-10-31,1020569.0,IRM,IRM,ok,IRM,กลุ่มการเงิน (SIC 6000–6799) — กฎนี้ไม่ครอบคลุม
2022-10-31,914208.0,IVZ,IVZ,ok,IVZ,กลุ่มการเงิน (SIC 6000–6799) — กฎนี้ไม่ครอบคลุม
2022-10-31,1043604.0,JNPR,,no_price,,ไม่อยู่ใน universe (ข้อมูลราคา/market cap: no_price)
2022-10-31,19617.0,JPM,JPM,ok,JPM,กลุ่มการเงิน (SIC 6000–6799) — กฎนี้ไม่ครอบคลุม
2022-10-31,55067.0,K,,no_price,,ไม่อยู่ใน universe (ข้อมูลราคา/market cap: no_price)
2022-10-31,91576.0,KEY,KEY,ok,KEY,กลุ่มการเงิน (SIC 6000–6799) — กฎนี้ไม่ครอบคลุม
2022-10-31,879101.0,KIM,KIM,ok,KIM,กลุ่มการเงิน (SIC 6000–6799) — กฎนี้ไม่ครอบคลุม
2022-10-31,60086.0,L,L,ok,L,กลุ่มการเงิน (SIC 6000–6799) — กฎนี้ไม่ครอบคลุม
2022-10-31,59558.0,LNC,LNC,ok,LNC,กลุ่มการเงิน (SIC 6000–6799) — กฎนี้ไม่ครอบคลุม
2022-10-31,912595.0,MAA,MAA,ok,MAA,กลุ่มการเงิน (SIC 6000–6799) — กฎนี้ไม่ครอบคลุม
2022-10-31,1099219.0,MET,MET,ok,MET,กลุ่มการเงิน (SIC 6000–6799) — กฎนี้ไม่ครอบคลุม
2022-10-31,1278021.0,MKTX,MKTX,ok,MKTX,กลุ่มการเงิน (SIC 6000–6799) — กฎนี้ไม่ครอบคลุม
2022-10-31,62709.0,MMC,MRSH,ok,MRSH,กลุ่มการเงิน (SIC 6000–6799) — กฎนี้ไม่ครอบคลุม
2022-10-31,1179929.0,MOH,MOH,ok,MOH,กลุ่มการเงิน (SIC 6000–6799) — กฎนี้ไม่ครอบคลุม
2022-10-31,101778.0,MRO,,no_price,,ไม่อยู่ใน universe (ข้อมูลราคา/market cap: no_price)
2022-10-31,895421.0,MS,MS,ok,MS,กลุ่มการเงิน (SIC 6000–6799) — กฎนี้ไม่ครอบคลุม
2022-10-31,36270.0,MTB,MTB,ok,MTB,กลุ่มการเงิน (SIC 6000–6799) — กฎนี้ไม่ครอบคลุม
2022-10-31,1120193.0,NDAQ,NDAQ,ok,NDAQ,กลุ่มการเงิน (SIC 6000–6799) — กฎนี้ไม่ครอบคลุม
2022-10-31,73124.0,NTRS,NTRS,ok,NTRS,กลุ่มการเงิน (SIC 6000–6799) — กฎนี้ไม่ครอบคลุม
2022-10-31,726728.0,O,O,ok,O,กลุ่มการเงิน (SIC 6000–6799) — กฎนี้ไม่ครอบคลุม
2022-10-31,765880.0,PEAK,DOC,ok,DOC,กลุ่มการเงิน (SIC 6000–6799) — กฎนี้ไม่ครอบคลุม
2022-10-31,1126328.0,PFG,PFG,ok,PFG,กลุ่มการเงิน (SIC 6000–6799) — กฎนี้ไม่ครอบคลุม
2022-10-31,80661.0,PGR,PGR,ok,PGR,กลุ่มการเงิน (SIC 6000–6799) — กฎนี้ไม่ครอบคลุม
2022-10-31,1045609.0,PLD,PLD,ok,PLD,กลุ่มการเงิน (SIC 6000–6799) — กฎนี้ไม่ครอบคลุม
2022-10-31,713676.0,PNC,PNC,ok,PNC,กลุ่มการเงิน (SIC 6000–6799) — กฎนี้ไม่ครอบคลุม
2022-10-31,1137774.0,PRU,PRU,ok,PRU,กลุ่มการเงิน (SIC 6000–6799) — กฎนี้ไม่ครอบคลุม
2022-10-31,1393311.0,PSA,PSA,ok,PSA,กลุ่มการเงิน (SIC 6000–6799) — กฎนี้ไม่ครอบคลุม
2022-10-31,1038357.0,PXD,,no_price,,ไม่อยู่ใน universe (ข้อมูลราคา/market cap: no_price)
2022-10-31,1095073.0,RE,EG,ok,EG,กลุ่มการเงิน (SIC 6000–6799) — กฎนี้ไม่ครอบคลุม
2022-10-31,910606.0,REG,REG,ok,REG,กลุ่มการเงิน (SIC 6000–6799) — กฎนี้ไม่ครอบคลุม
2022-10-31,1281761.0,RF,RF,ok,RF,กลุ่มการเงิน (SIC 6000–6799) — กฎนี้ไม่ครอบคลุม
2022-10-31,720005.0,RJF,RJF,ok,RJF,กลุ่มการเงิน (SIC 6000–6799) — กฎนี้ไม่ครอบคลุม
2022-10-31,1034054.0,SBAC,SBAC,ok,SBAC,กลุ่มการเงิน (SIC 6000–6799) — กฎนี้ไม่ครอบคลุม
2022-10-31,,SBNY,,,,ไม่อยู่ใน universe (ข้อมูลราคา/market cap: None)
2022-10-31,316709.0,SCHW,SCHW,ok,SCHW,กลุ่มการเงิน (SIC 6000–6799) — กฎนี้ไม่ครอบคลุม
2022-10-31,1012100.0,SEE,,no_price,,ไม่อยู่ใน universe (ข้อมูลราคา/market cap: no_price)
2022-10-31,719739.0,SIVB,,no_price,,กลุ่มการเงิน (SIC 6000–6799) — กฎนี้ไม่ครอบคลุม
2022-10-31,1063761.0,SPG,SPG,ok,SPG,กลุ่มการเงิน (SIC 6000–6799) — กฎนี้ไม่ครอบคลุม
2022-10-31,93751.0,STT,STT,ok,STT,กลุ่มการเงิน (SIC 6000–6799) — กฎนี้ไม่ครอบคลุม
2022-10-31,16918.0,STZ,STZ,ok_no_shares,STZ,ไม่อยู่ใน universe (ข้อมูลราคา/market cap: ok_no_shares)
2022-10-31,1601712.0,SYF,SYF,ok,SYF,กลุ่มการเงิน (SIC 6000–6799) — กฎนี้ไม่ครอบคลุม
2022-10-31,92230.0,TFC,TFC,ok,TFC,กลุ่มการเงิน (SIC 6000–6799) — กฎนี้ไม่ครอบคลุม
2022-10-31,1113169.0,TROW,TROW,ok,TROW,กลุ่มการเงิน (SIC 6000–6799) — กฎนี้ไม่ครอบคลุม
2022-10-31,86312.0,TRV,TRV,ok,TRV,กลุ่มการเงิน (SIC 6000–6799) — กฎนี้ไม่ครอบคลุม
2022-10-31,100493.0,TSN,TSN,ok_no_shares,TSN,ไม่อยู่ใน universe (ข้อมูลราคา/market cap: ok_no_shares)
2022-10-31,1418091.0,TWTR,,no_price,,ไม่อยู่ใน universe (ข้อมูลราคา/market cap: no_price)
2022-10-31,74208.0,UDR,UDR,ok,UDR,กลุ่มการเงิน (SIC 6000–6799) — กฎนี้ไม่ครอบคลุม
2022-10-31,731766.0,UNH,UNH,ok,UNH,กลุ่มการเงิน (SIC 6000–6799) — กฎนี้ไม่ครอบคลุม
2022-10-31,36104.0,USB,USB,ok,USB,กลุ่มการเงิน (SIC 6000–6799) — กฎนี้ไม่ครอบคลุม
2022-10-31,1403161.0,V,V,ok_no_shares,V,ไม่อยู่ใน universe (ข้อมูลราคา/market cap: ok_no_shares)
2022-10-31,1705696.0,VICI,VICI,ok,VICI,กลุ่มการเงิน (SIC 6000–6799) — กฎนี้ไม่ครอบคลุม
2022-10-31,899689.0,VNO,VNO,ok,VNO,กลุ่มการเงิน (SIC 6000–6799) — กฎนี้ไม่ครอบคลุม
2022-10-31,740260.0,VTR,VTR,ok,VTR,กลุ่มการเงิน (SIC 6000–6799) — กฎนี้ไม่ครอบคลุม
2022-10-31,1618921.0,WBA,,no_price,,ไม่อยู่ใน universe (ข้อมูลราคา/market cap: no_price)
2022-10-31,1437107.0,WBD,WBD,ok_no_shares,WBD,ไม่อยู่ใน universe (ข้อมูลราคา/market cap: ok_no_shares)
2022-10-31,766704.0,WELL,WELL,ok,WELL,กลุ่มการเงิน (SIC 6000–6799) — กฎนี้ไม่ครอบคลุม
2022-10-31,72971.0,WFC,WFC,ok,WFC,กลุ่มการเงิน (SIC 6000–6799) — กฎนี้ไม่ครอบคลุม
2022-10-31,11544.0,WRB,WRB,ok,WRB,กลุ่มการเงิน (SIC 6000–6799) — กฎนี้ไม่ครอบคลุม
2022-10-31,1732845.0,WRK,,no_price,,ไม่อยู่ใน universe (ข้อมูลราคา/market cap: no_price)
2022-10-31,1140536.0,WTW,WTW,ok,WTW,กลุ่มการเงิน (SIC 6000–6799) — กฎนี้ไม่ครอบคลุม
2022-10-31,106535.0,WY,WY,ok,WY,กลุ่มการเงิน (SIC 6000–6799) — กฎนี้ไม่ครอบคลุม
2022-10-31,109380.0,ZION,ZION,ok,ZION,กลุ่มการเงิน (SIC 6000–6799) — กฎนี้ไม่ครอบคลุม
2022-11-30,815094.0,ABMD,,no_price,,ไม่อยู่ใน universe (ข้อมูลราคา/market cap: no_price)
2022-11-30,947484.0,ACGL,ACGL,ok,ACGL,กลุ่มการเงิน (SIC 6000–6799) — กฎนี้ไม่ครอบคลุม
2022-11-30,4977.0,AFL,AFL,ok,AFL,กลุ่มการเงิน (SIC 6000–6799) — กฎนี้ไม่ครอบคลุม
2022-11-30,5272.0,AIG,AIG,ok,AIG,กลุ่มการเงิน (SIC 6000–6799) — กฎนี้ไม่ครอบคลุม
2022-11-30,1267238.0,AIZ,AIZ,ok,AIZ,กลุ่มการเงิน (SIC 6000–6799) — กฎนี้ไม่ครอบคลุม
2022-11-30,354190.0,AJG,AJG,ok,AJG,กลุ่มการเงิน (SIC 6000–6799) — กฎนี้ไม่ครอบคลุม
2022-11-30,899051.0,ALL,ALL,ok,ALL,กลุ่มการเงิน (SIC 6000–6799) — กฎนี้ไม่ครอบคลุม
2022-11-30,820027.0,AMP,AMP,ok,AMP,กลุ่มการเงิน (SIC 6000–6799) — กฎนี้ไม่ครอบคลุม
2022-11-30,1053507.0,AMT,AMT,ok,AMT,กลุ่มการเงิน (SIC 6000–6799) — กฎนี้ไม่ครอบคลุม
2022-11-30,1013462.0,ANSS,,no_price,,ไม่อยู่ใน universe (ข้อมูลราคา/market cap: no_price)
2022-11-30,315293.0,AON,AON,ok,AON,กลุ่มการเงิน (SIC 6000–6799) — กฎนี้ไม่ครอบคลุม
2022-11-30,1035443.0,ARE,ARE,ok,ARE,กลุ่มการเงิน (SIC 6000–6799) — กฎนี้ไม่ครอบคลุม
2022-11-30,718877.0,ATVI,,no_price,,ไม่อยู่ใน universe (ข้อมูลราคา/market cap: no_price)
2022-11-30,915912.0,AVB,,no_price,,กลุ่มการเงิน (SIC 6000–6799) — กฎนี้ไม่ครอบคลุม
2022-11-30,4962.0,AXP,AXP,ok,AXP,กลุ่มการเงิน (SIC 6000–6799) — กฎนี้ไม่ครอบคลุม
2022-11-30,70858.0,BAC,BAC,ok,BAC,กลุ่มการเงิน (SIC 6000–6799) — กฎนี้ไม่ครอบคลุม
2022-11-30,38777.0,BEN,BEN,ok,BEN,กลุ่มการเงิน (SIC 6000–6799) — กฎนี้ไม่ครอบคลุม
2022-11-30,1390777.0,BK,BNY,ok,BNY,กลุ่มการเงิน (SIC 6000–6799) — กฎนี้ไม่ครอบคลุม
2022-11-30,1701605.0,BKR,BKR,ok_no_shares,BKR,ไม่อยู่ใน universe (ข้อมูลราคา/market cap: ok_no_shares)
2022-11-30,1364742.0,BLK,BLK,ok,,กลุ่มการเงิน (SIC 6000–6799) — กฎนี้ไม่ครอบคลุม
2022-11-30,1067983.0,BRK.B,BRK-B,ok_no_shares,BRK-B,กลุ่มการเงิน (SIC 6000–6799) — กฎนี้ไม่ครอบคลุม
2022-11-30,79282.0,BRO,BRO,ok,BRO,กลุ่มการเงิน (SIC 6000–6799) — กฎนี้ไม่ครอบคลุม
2022-11-30,1037540.0,BXP,BXP,ok,BXP,กลุ่มการเงิน (SIC 6000–6799) — กฎนี้ไม่ครอบคลุม
2022-11-30,831001.0,C,C,ok,C,กลุ่มการเงิน (SIC 6000–6799) — กฎนี้ไม่ครอบคลุม
2022-11-30,896159.0,CB,CB,ok,CB,กลุ่มการเงิน (SIC 6000–6799) — กฎนี้ไม่ครอบคลุม
2022-11-30,1374310.0,CBOE,CBOE,ok,CBOE,กลุ่มการเงิน (SIC 6000–6799) — กฎนี้ไม่ครอบคลุม
2022-11-30,1138118.0,CBRE,CBRE,ok,CBRE,กลุ่มการเงิน (SIC 6000–6799) — กฎนี้ไม่ครอบคลุม
2022-11-30,1051470.0,CCI,CCI,ok,CCI,กลุ่มการเงิน (SIC 6000–6799) — กฎนี้ไม่ครอบคลุม
2022-11-30,1725057.0,CDAY,,no_price,,ไม่อยู่ใน universe (ข้อมูลราคา/market cap: no_price)
2022-11-30,1868275.0,CEG,CEG,ok_no_shares,CEG,ไม่อยู่ใน universe (ข้อมูลราคา/market cap: ok_no_shares)
2022-11-30,759944.0,CFG,CFG,ok,CFG,กลุ่มการเงิน (SIC 6000–6799) — กฎนี้ไม่ครอบคลุม
2022-11-30,1739940.0,CI,CI,ok,CI,กลุ่มการเงิน (SIC 6000–6799) — กฎนี้ไม่ครอบคลุม
2022-11-30,20286.0,CINF,CINF,ok,CINF,กลุ่มการเงิน (SIC 6000–6799) — กฎนี้ไม่ครอบคลุม
2022-11-30,28412.0,CMA,,no_price,,กลุ่มการเงิน (SIC 6000–6799) — กฎนี้ไม่ครอบคลุม
2022-11-30,1156375.0,CME,CME,ok,CME,กลุ่มการเงิน (SIC 6000–6799) — กฎนี้ไม่ครอบคลุม
2022-11-30,1071739.0,CNC,CNC,ok,CNC,กลุ่มการเงิน (SIC 6000–6799) — กฎนี้ไม่ครอบคลุม
2022-11-30,927628.0,COF,COF,ok,COF,กลุ่มการเงิน (SIC 6000–6799) — กฎนี้ไม่ครอบคลุม
2022-11-30,906345.0,CPT,CPT,ok,CPT,กลุ่มการเงิน (SIC 6000–6799) — กฎนี้ไม่ครอบคลุม
2022-11-30,1596783.0,CTLT,,no_price,,ไม่อยู่ใน universe (ข้อมูลราคา/market cap: no_price)
2022-11-30,,CTRA,,,,ไม่อยู่ใน universe (ข้อมูลราคา/market cap: None)
2022-11-30,1393612.0,DFS,,no_price,,กลุ่มการเงิน (SIC 6000–6799) — กฎนี้ไม่ครอบคลุม
2022-11-30,1001082.0,DISH,,no_price,,ไม่อยู่ใน universe (ข้อมูลราคา/market cap: no_price)
2022-11-30,1297996.0,DLR,DLR,ok,DLR,กลุ่มการเงิน (SIC 6000–6799) — กฎนี้ไม่ครอบคลุม
2022-11-30,712515.0,EA,,no_price,,ไม่อยู่ใน universe (ข้อมูลราคา/market cap: no_price)
2022-11-30,1156039.0,ELV,ELV,ok,ELV,กลุ่มการเงิน (SIC 6000–6799) — กฎนี้ไม่ครอบคลุม
2022-11-30,1101239.0,EQIX,EQIX,ok,EQIX,กลุ่มการเงิน (SIC 6000–6799) — กฎนี้ไม่ครอบคลุม
2022-11-30,906107.0,EQR,VMRK,ok,VMRK,กลุ่มการเงิน (SIC 6000–6799) — กฎนี้ไม่ครอบคลุม
2022-11-30,920522.0,ESS,ESS,ok,ESS,กลุ่มการเงิน (SIC 6000–6799) — กฎนี้ไม่ครอบคลุม
2022-11-30,1289490.0,EXR,EXR,ok,EXR,กลุ่มการเงิน (SIC 6000–6799) — กฎนี้ไม่ครอบคลุม
2022-11-30,35527.0,FITB,FITB,ok,FITB,กลุ่มการเงิน (SIC 6000–6799) — กฎนี้ไม่ครอบคลุม
2022-11-30,1754301.0,FOX,FOXA,ok_no_shares,FOXA,ไม่อยู่ใน universe (ข้อมูลราคา/market cap: ok_no_shares)
2022-11-30,1754301.0,FOXA,FOXA,ok_no_shares,FOXA,ไม่อยู่ใน universe (ข้อมูลราคา/market cap: ok_no_shares)
2022-11-30,,FRC,,,,ไม่อยู่ใน universe (ข้อมูลราคา/market cap: None)
2022-11-30,34903.0,FRT,FRT,ok,FRT,กลุ่มการเงิน (SIC 6000–6799) — กฎนี้ไม่ครอบคลุม
2022-11-30,320335.0,GL,GL,ok,GL,กลุ่มการเงิน (SIC 6000–6799) — กฎนี้ไม่ครอบคลุม
2022-11-30,886982.0,GS,GS,ok,GS,กลุ่มการเงิน (SIC 6000–6799) — กฎนี้ไม่ครอบคลุม
2022-11-30,49196.0,HBAN,HBAN,ok,HBAN,กลุ่มการเงิน (SIC 6000–6799) — กฎนี้ไม่ครอบคลุม
2022-11-30,4447.0,HES,,no_price,,ไม่อยู่ใน universe (ข้อมูลราคา/market cap: no_price)
2022-11-30,874766.0,HIG,HIG,ok,HIG,กลุ่มการเงิน (SIC 6000–6799) — กฎนี้ไม่ครอบคลุม
2022-11-30,859737.0,HOLX,,no_price,,ไม่อยู่ใน universe (ข้อมูลราคา/market cap: no_price)
2022-11-30,49071.0,HUM,HUM,ok,HUM,กลุ่มการเงิน (SIC 6000–6799) — กฎนี้ไม่ครอบคลุม
2022-11-30,1571949.0,ICE,ICE,ok,ICE,กลุ่มการเงิน (SIC 6000–6799) — กฎนี้ไม่ครอบคลุม
2022-11-30,1687229.0,INVH,INVH,ok,INVH,กลุ่มการเงิน (SIC 6000–6799) — กฎนี้ไม่ครอบคลุม
2022-11-30,51644.0,IPG,,no_price,,ไม่อยู่ใน universe (ข้อมูลราคา/market cap: no_price)
2022-11-30,1020569.0,IRM,IRM,ok,IRM,กลุ่มการเงิน (SIC 6000–6799) — กฎนี้ไม่ครอบคลุม
2022-11-30,914208.0,IVZ,IVZ,ok,IVZ,กลุ่มการเงิน (SIC 6000–6799) — กฎนี้ไม่ครอบคลุม
2022-11-30,1043604.0,JNPR,,no_price,,ไม่อยู่ใน universe (ข้อมูลราคา/market cap: no_price)
2022-11-30,19617.0,JPM,JPM,ok,JPM,กลุ่มการเงิน (SIC 6000–6799) — กฎนี้ไม่ครอบคลุม
2022-11-30,55067.0,K,,no_price,,ไม่อยู่ใน universe (ข้อมูลราคา/market cap: no_price)
2022-11-30,91576.0,KEY,KEY,ok,KEY,กลุ่มการเงิน (SIC 6000–6799) — กฎนี้ไม่ครอบคลุม
2022-11-30,879101.0,KIM,KIM,ok,KIM,กลุ่มการเงิน (SIC 6000–6799) — กฎนี้ไม่ครอบคลุม
2022-11-30,60086.0,L,L,ok,L,กลุ่มการเงิน (SIC 6000–6799) — กฎนี้ไม่ครอบคลุม
2022-11-30,59558.0,LNC,LNC,ok,LNC,กลุ่มการเงิน (SIC 6000–6799) — กฎนี้ไม่ครอบคลุม
2022-11-30,912595.0,MAA,MAA,ok,MAA,กลุ่มการเงิน (SIC 6000–6799) — กฎนี้ไม่ครอบคลุม
2022-11-30,1099219.0,MET,MET,ok,MET,กลุ่มการเงิน (SIC 6000–6799) — กฎนี้ไม่ครอบคลุม
2022-11-30,1278021.0,MKTX,MKTX,ok,MKTX,กลุ่มการเงิน (SIC 6000–6799) — กฎนี้ไม่ครอบคลุม
2022-11-30,62709.0,MMC,MRSH,ok,MRSH,กลุ่มการเงิน (SIC 6000–6799) — กฎนี้ไม่ครอบคลุม
2022-11-30,1179929.0,MOH,MOH,ok,MOH,กลุ่มการเงิน (SIC 6000–6799) — กฎนี้ไม่ครอบคลุม
2022-11-30,101778.0,MRO,,no_price,,ไม่อยู่ใน universe (ข้อมูลราคา/market cap: no_price)
2022-11-30,895421.0,MS,MS,ok,MS,กลุ่มการเงิน (SIC 6000–6799) — กฎนี้ไม่ครอบคลุม
2022-11-30,36270.0,MTB,MTB,ok,MTB,กลุ่มการเงิน (SIC 6000–6799) — กฎนี้ไม่ครอบคลุม
2022-11-30,1120193.0,NDAQ,NDAQ,ok,NDAQ,กลุ่มการเงิน (SIC 6000–6799) — กฎนี้ไม่ครอบคลุม
2022-11-30,73124.0,NTRS,NTRS,ok,NTRS,กลุ่มการเงิน (SIC 6000–6799) — กฎนี้ไม่ครอบคลุม
2022-11-30,726728.0,O,O,ok,O,กลุ่มการเงิน (SIC 6000–6799) — กฎนี้ไม่ครอบคลุม
2022-11-30,765880.0,PEAK,DOC,ok,DOC,กลุ่มการเงิน (SIC 6000–6799) — กฎนี้ไม่ครอบคลุม
2022-11-30,1126328.0,PFG,PFG,ok,PFG,กลุ่มการเงิน (SIC 6000–6799) — กฎนี้ไม่ครอบคลุม
2022-11-30,80661.0,PGR,PGR,ok,PGR,กลุ่มการเงิน (SIC 6000–6799) — กฎนี้ไม่ครอบคลุม
2022-11-30,1045609.0,PLD,PLD,ok,PLD,กลุ่มการเงิน (SIC 6000–6799) — กฎนี้ไม่ครอบคลุม
2022-11-30,713676.0,PNC,PNC,ok,PNC,กลุ่มการเงิน (SIC 6000–6799) — กฎนี้ไม่ครอบคลุม
2022-11-30,1137774.0,PRU,PRU,ok,PRU,กลุ่มการเงิน (SIC 6000–6799) — กฎนี้ไม่ครอบคลุม
2022-11-30,1393311.0,PSA,PSA,ok,PSA,กลุ่มการเงิน (SIC 6000–6799) — กฎนี้ไม่ครอบคลุม
2022-11-30,1038357.0,PXD,,no_price,,ไม่อยู่ใน universe (ข้อมูลราคา/market cap: no_price)
2022-11-30,1095073.0,RE,EG,ok,EG,กลุ่มการเงิน (SIC 6000–6799) — กฎนี้ไม่ครอบคลุม
2022-11-30,910606.0,REG,REG,ok,REG,กลุ่มการเงิน (SIC 6000–6799) — กฎนี้ไม่ครอบคลุม
2022-11-30,1281761.0,RF,RF,ok,RF,กลุ่มการเงิน (SIC 6000–6799) — กฎนี้ไม่ครอบคลุม
2022-11-30,720005.0,RJF,RJF,ok,RJF,กลุ่มการเงิน (SIC 6000–6799) — กฎนี้ไม่ครอบคลุม
2022-11-30,1034054.0,SBAC,SBAC,ok,SBAC,กลุ่มการเงิน (SIC 6000–6799) — กฎนี้ไม่ครอบคลุม
2022-11-30,,SBNY,,,,ไม่อยู่ใน universe (ข้อมูลราคา/market cap: None)
2022-11-30,316709.0,SCHW,SCHW,ok,SCHW,กลุ่มการเงิน (SIC 6000–6799) — กฎนี้ไม่ครอบคลุม
2022-11-30,1012100.0,SEE,,no_price,,ไม่อยู่ใน universe (ข้อมูลราคา/market cap: no_price)
2022-11-30,719739.0,SIVB,,no_price,,กลุ่มการเงิน (SIC 6000–6799) — กฎนี้ไม่ครอบคลุม
2022-11-30,1063761.0,SPG,SPG,ok,SPG,กลุ่มการเงิน (SIC 6000–6799) — กฎนี้ไม่ครอบคลุม
2022-11-30,93751.0,STT,STT,ok,STT,กลุ่มการเงิน (SIC 6000–6799) — กฎนี้ไม่ครอบคลุม
2022-11-30,16918.0,STZ,STZ,ok_no_shares,STZ,ไม่อยู่ใน universe (ข้อมูลราคา/market cap: ok_no_shares)
2022-11-30,1601712.0,SYF,SYF,ok,SYF,กลุ่มการเงิน (SIC 6000–6799) — กฎนี้ไม่ครอบคลุม
2022-11-30,92230.0,TFC,TFC,ok,TFC,กลุ่มการเงิน (SIC 6000–6799) — กฎนี้ไม่ครอบคลุม
2022-11-30,1113169.0,TROW,TROW,ok,TROW,กลุ่มการเงิน (SIC 6000–6799) — กฎนี้ไม่ครอบคลุม
2022-11-30,86312.0,TRV,TRV,ok,TRV,กลุ่มการเงิน (SIC 6000–6799) — กฎนี้ไม่ครอบคลุม
2022-11-30,100493.0,TSN,TSN,ok_no_shares,TSN,ไม่อยู่ใน universe (ข้อมูลราคา/market cap: ok_no_shares)
2022-11-30,74208.0,UDR,UDR,ok,UDR,กลุ่มการเงิน (SIC 6000–6799) — กฎนี้ไม่ครอบคลุม
2022-11-30,731766.0,UNH,UNH,ok,UNH,กลุ่มการเงิน (SIC 6000–6799) — กฎนี้ไม่ครอบคลุม
2022-11-30,36104.0,USB,USB,ok,USB,กลุ่มการเงิน (SIC 6000–6799) — กฎนี้ไม่ครอบคลุม
2022-11-30,1403161.0,V,V,ok_no_shares,V,ไม่อยู่ใน universe (ข้อมูลราคา/market cap: ok_no_shares)
2022-11-30,1705696.0,VICI,VICI,ok,VICI,กลุ่มการเงิน (SIC 6000–6799) — กฎนี้ไม่ครอบคลุม
2022-11-30,899689.0,VNO,VNO,ok,VNO,กลุ่มการเงิน (SIC 6000–6799) — กฎนี้ไม่ครอบคลุม
2022-11-30,740260.0,VTR,VTR,ok,VTR,กลุ่มการเงิน (SIC 6000–6799) — กฎนี้ไม่ครอบคลุม
2022-11-30,1618921.0,WBA,,no_price,,ไม่อยู่ใน universe (ข้อมูลราคา/market cap: no_price)
2022-11-30,1437107.0,WBD,WBD,ok_no_shares,WBD,ไม่อยู่ใน universe (ข้อมูลราคา/market cap: ok_no_shares)
2022-11-30,766704.0,WELL,WELL,ok,WELL,กลุ่มการเงิน (SIC 6000–6799) — กฎนี้ไม่ครอบคลุม
2022-11-30,72971.0,WFC,WFC,ok,WFC,กลุ่มการเงิน (SIC 6000–6799) — กฎนี้ไม่ครอบคลุม
2022-11-30,11544.0,WRB,WRB,ok,WRB,กลุ่มการเงิน (SIC 6000–6799) — กฎนี้ไม่ครอบคลุม
2022-11-30,1732845.0,WRK,,no_price,,ไม่อยู่ใน universe (ข้อมูลราคา/market cap: no_price)
2022-11-30,1140536.0,WTW,WTW,ok,WTW,กลุ่มการเงิน (SIC 6000–6799) — กฎนี้ไม่ครอบคลุม
2022-11-30,106535.0,WY,WY,ok,WY,กลุ่มการเงิน (SIC 6000–6799) — กฎนี้ไม่ครอบคลุม
2022-11-30,109380.0,ZION,ZION,ok,ZION,กลุ่มการเงิน (SIC 6000–6799) — กฎนี้ไม่ครอบคลุม
2022-12-30,947484.0,ACGL,ACGL,ok,ACGL,กลุ่มการเงิน (SIC 6000–6799) — กฎนี้ไม่ครอบคลุม
2022-12-30,4977.0,AFL,AFL,ok,AFL,กลุ่มการเงิน (SIC 6000–6799) — กฎนี้ไม่ครอบคลุม
2022-12-30,5272.0,AIG,AIG,ok,AIG,กลุ่มการเงิน (SIC 6000–6799) — กฎนี้ไม่ครอบคลุม
2022-12-30,1267238.0,AIZ,AIZ,ok,AIZ,กลุ่มการเงิน (SIC 6000–6799) — กฎนี้ไม่ครอบคลุม
2022-12-30,354190.0,AJG,AJG,ok,AJG,กลุ่มการเงิน (SIC 6000–6799) — กฎนี้ไม่ครอบคลุม
2022-12-30,899051.0,ALL,ALL,ok,ALL,กลุ่มการเงิน (SIC 6000–6799) — กฎนี้ไม่ครอบคลุม
2022-12-30,820027.0,AMP,AMP,ok,AMP,กลุ่มการเงิน (SIC 6000–6799) — กฎนี้ไม่ครอบคลุม
2022-12-30,1053507.0,AMT,AMT,ok,AMT,กลุ่มการเงิน (SIC 6000–6799) — กฎนี้ไม่ครอบคลุม
2022-12-30,1013462.0,ANSS,,no_price,,ไม่อยู่ใน universe (ข้อมูลราคา/market cap: no_price)
2022-12-30,315293.0,AON,AON,ok,AON,กลุ่มการเงิน (SIC 6000–6799) — กฎนี้ไม่ครอบคลุม
2022-12-30,1035443.0,ARE,ARE,ok,ARE,กลุ่มการเงิน (SIC 6000–6799) — กฎนี้ไม่ครอบคลุม
2022-12-30,718877.0,ATVI,,no_price,,ไม่อยู่ใน universe (ข้อมูลราคา/market cap: no_price)
2022-12-30,915912.0,AVB,,no_price,,กลุ่มการเงิน (SIC 6000–6799) — กฎนี้ไม่ครอบคลุม
2022-12-30,4962.0,AXP,AXP,ok,AXP,กลุ่มการเงิน (SIC 6000–6799) — กฎนี้ไม่ครอบคลุม
2022-12-30,70858.0,BAC,BAC,ok,BAC,กลุ่มการเงิน (SIC 6000–6799) — กฎนี้ไม่ครอบคลุม
2022-12-30,38777.0,BEN,BEN,ok,BEN,กลุ่มการเงิน (SIC 6000–6799) — กฎนี้ไม่ครอบคลุม
2022-12-30,1390777.0,BK,BNY,ok,BNY,กลุ่มการเงิน (SIC 6000–6799) — กฎนี้ไม่ครอบคลุม
2022-12-30,1701605.0,BKR,BKR,ok_no_shares,BKR,ไม่อยู่ใน universe (ข้อมูลราคา/market cap: ok_no_shares)
2022-12-30,1364742.0,BLK,BLK,ok,,กลุ่มการเงิน (SIC 6000–6799) — กฎนี้ไม่ครอบคลุม
2022-12-30,1067983.0,BRK.B,BRK-B,ok_no_shares,BRK-B,กลุ่มการเงิน (SIC 6000–6799) — กฎนี้ไม่ครอบคลุม
2022-12-30,79282.0,BRO,BRO,ok,BRO,กลุ่มการเงิน (SIC 6000–6799) — กฎนี้ไม่ครอบคลุม
2022-12-30,1037540.0,BXP,BXP,ok,BXP,กลุ่มการเงิน (SIC 6000–6799) — กฎนี้ไม่ครอบคลุม
2022-12-30,831001.0,C,C,ok,C,กลุ่มการเงิน (SIC 6000–6799) — กฎนี้ไม่ครอบคลุม
2022-12-30,896159.0,CB,CB,ok,CB,กลุ่มการเงิน (SIC 6000–6799) — กฎนี้ไม่ครอบคลุม
2022-12-30,1374310.0,CBOE,CBOE,ok,CBOE,กลุ่มการเงิน (SIC 6000–6799) — กฎนี้ไม่ครอบคลุม
2022-12-30,1138118.0,CBRE,CBRE,ok,CBRE,กลุ่มการเงิน (SIC 6000–6799) — กฎนี้ไม่ครอบคลุม
2022-12-30,1051470.0,CCI,CCI,ok,CCI,กลุ่มการเงิน (SIC 6000–6799) — กฎนี้ไม่ครอบคลุม
2022-12-30,1725057.0,CDAY,,no_price,,ไม่อยู่ใน universe (ข้อมูลราคา/market cap: no_price)
2022-12-30,1868275.0,CEG,CEG,ok_no_shares,CEG,ไม่อยู่ใน universe (ข้อมูลราคา/market cap: ok_no_shares)
2022-12-30,759944.0,CFG,CFG,ok,CFG,กลุ่มการเงิน (SIC 6000–6799) — กฎนี้ไม่ครอบคลุม
2022-12-30,1739940.0,CI,CI,ok,CI,กลุ่มการเงิน (SIC 6000–6799) — กฎนี้ไม่ครอบคลุม
2022-12-30,20286.0,CINF,CINF,ok,CINF,กลุ่มการเงิน (SIC 6000–6799) — กฎนี้ไม่ครอบคลุม
2022-12-30,28412.0,CMA,,no_price,,กลุ่มการเงิน (SIC 6000–6799) — กฎนี้ไม่ครอบคลุม
2022-12-30,1156375.0,CME,CME,ok,CME,กลุ่มการเงิน (SIC 6000–6799) — กฎนี้ไม่ครอบคลุม
2022-12-30,1071739.0,CNC,CNC,ok,CNC,กลุ่มการเงิน (SIC 6000–6799) — กฎนี้ไม่ครอบคลุม
2022-12-30,927628.0,COF,COF,ok,COF,กลุ่มการเงิน (SIC 6000–6799) — กฎนี้ไม่ครอบคลุม
2022-12-30,906345.0,CPT,CPT,ok,CPT,กลุ่มการเงิน (SIC 6000–6799) — กฎนี้ไม่ครอบคลุม
2022-12-30,1596783.0,CTLT,,no_price,,ไม่อยู่ใน universe (ข้อมูลราคา/market cap: no_price)
2022-12-30,,CTRA,,,,ไม่อยู่ใน universe (ข้อมูลราคา/market cap: None)
2022-12-30,1393612.0,DFS,,no_price,,กลุ่มการเงิน (SIC 6000–6799) — กฎนี้ไม่ครอบคลุม
2022-12-30,1001082.0,DISH,,no_price,,ไม่อยู่ใน universe (ข้อมูลราคา/market cap: no_price)
2022-12-30,1297996.0,DLR,DLR,ok,DLR,กลุ่มการเงิน (SIC 6000–6799) — กฎนี้ไม่ครอบคลุม
2022-12-30,712515.0,EA,,no_price,,ไม่อยู่ใน universe (ข้อมูลราคา/market cap: no_price)
2022-12-30,1156039.0,ELV,ELV,ok,ELV,กลุ่มการเงิน (SIC 6000–6799) — กฎนี้ไม่ครอบคลุม
2022-12-30,1101239.0,EQIX,EQIX,ok,EQIX,กลุ่มการเงิน (SIC 6000–6799) — กฎนี้ไม่ครอบคลุม
2022-12-30,906107.0,EQR,VMRK,ok,VMRK,กลุ่มการเงิน (SIC 6000–6799) — กฎนี้ไม่ครอบคลุม
2022-12-30,920522.0,ESS,ESS,ok,ESS,กลุ่มการเงิน (SIC 6000–6799) — กฎนี้ไม่ครอบคลุม
2022-12-30,1289490.0,EXR,EXR,ok,EXR,กลุ่มการเงิน (SIC 6000–6799) — กฎนี้ไม่ครอบคลุม
2022-12-30,35527.0,FITB,FITB,ok,FITB,กลุ่มการเงิน (SIC 6000–6799) — กฎนี้ไม่ครอบคลุม
2022-12-30,1754301.0,FOX,FOXA,ok_no_shares,FOXA,ไม่อยู่ใน universe (ข้อมูลราคา/market cap: ok_no_shares)
2022-12-30,1754301.0,FOXA,FOXA,ok_no_shares,FOXA,ไม่อยู่ใน universe (ข้อมูลราคา/market cap: ok_no_shares)
2022-12-30,,FRC,,,,ไม่อยู่ใน universe (ข้อมูลราคา/market cap: None)
2022-12-30,34903.0,FRT,FRT,ok,FRT,กลุ่มการเงิน (SIC 6000–6799) — กฎนี้ไม่ครอบคลุม
2022-12-30,320335.0,GL,GL,ok,GL,กลุ่มการเงิน (SIC 6000–6799) — กฎนี้ไม่ครอบคลุม
2022-12-30,886982.0,GS,GS,ok,GS,กลุ่มการเงิน (SIC 6000–6799) — กฎนี้ไม่ครอบคลุม
2022-12-30,49196.0,HBAN,HBAN,ok,HBAN,กลุ่มการเงิน (SIC 6000–6799) — กฎนี้ไม่ครอบคลุม
2022-12-30,4447.0,HES,,no_price,,ไม่อยู่ใน universe (ข้อมูลราคา/market cap: no_price)
2022-12-30,874766.0,HIG,HIG,ok,HIG,กลุ่มการเงิน (SIC 6000–6799) — กฎนี้ไม่ครอบคลุม
2022-12-30,859737.0,HOLX,,no_price,,ไม่อยู่ใน universe (ข้อมูลราคา/market cap: no_price)
2022-12-30,49071.0,HUM,HUM,ok,HUM,กลุ่มการเงิน (SIC 6000–6799) — กฎนี้ไม่ครอบคลุม
2022-12-30,1571949.0,ICE,ICE,ok,ICE,กลุ่มการเงิน (SIC 6000–6799) — กฎนี้ไม่ครอบคลุม
2022-12-30,1687229.0,INVH,INVH,ok,INVH,กลุ่มการเงิน (SIC 6000–6799) — กฎนี้ไม่ครอบคลุม
2022-12-30,51644.0,IPG,,no_price,,ไม่อยู่ใน universe (ข้อมูลราคา/market cap: no_price)
2022-12-30,1020569.0,IRM,IRM,ok,IRM,กลุ่มการเงิน (SIC 6000–6799) — กฎนี้ไม่ครอบคลุม
2022-12-30,914208.0,IVZ,IVZ,ok,IVZ,กลุ่มการเงิน (SIC 6000–6799) — กฎนี้ไม่ครอบคลุม
2022-12-30,1043604.0,JNPR,,no_price,,ไม่อยู่ใน universe (ข้อมูลราคา/market cap: no_price)
2022-12-30,19617.0,JPM,JPM,ok,JPM,กลุ่มการเงิน (SIC 6000–6799) — กฎนี้ไม่ครอบคลุม
2022-12-30,55067.0,K,,no_price,,ไม่อยู่ใน universe (ข้อมูลราคา/market cap: no_price)
2022-12-30,91576.0,KEY,KEY,ok,KEY,กลุ่มการเงิน (SIC 6000–6799) — กฎนี้ไม่ครอบคลุม
2022-12-30,879101.0,KIM,KIM,ok,KIM,กลุ่มการเงิน (SIC 6000–6799) — กฎนี้ไม่ครอบคลุม
2022-12-30,60086.0,L,L,ok,L,กลุ่มการเงิน (SIC 6000–6799) — กฎนี้ไม่ครอบคลุม
2022-12-30,59558.0,LNC,LNC,ok,LNC,กลุ่มการเงิน (SIC 6000–6799) — กฎนี้ไม่ครอบคลุม
2022-12-30,912595.0,MAA,MAA,ok,MAA,กลุ่มการเงิน (SIC 6000–6799) — กฎนี้ไม่ครอบคลุม
2022-12-30,1099219.0,MET,MET,ok,MET,กลุ่มการเงิน (SIC 6000–6799) — กฎนี้ไม่ครอบคลุม
2022-12-30,1278021.0,MKTX,MKTX,ok,MKTX,กลุ่มการเงิน (SIC 6000–6799) — กฎนี้ไม่ครอบคลุม
2022-12-30,62709.0,MMC,MRSH,ok,MRSH,กลุ่มการเงิน (SIC 6000–6799) — กฎนี้ไม่ครอบคลุม
2022-12-30,1179929.0,MOH,MOH,ok,MOH,กลุ่มการเงิน (SIC 6000–6799) — กฎนี้ไม่ครอบคลุม
2022-12-30,101778.0,MRO,,no_price,,ไม่อยู่ใน universe (ข้อมูลราคา/market cap: no_price)
2022-12-30,895421.0,MS,MS,ok,MS,กลุ่มการเงิน (SIC 6000–6799) — กฎนี้ไม่ครอบคลุม
2022-12-30,36270.0,MTB,MTB,ok,MTB,กลุ่มการเงิน (SIC 6000–6799) — กฎนี้ไม่ครอบคลุม
2022-12-30,1120193.0,NDAQ,NDAQ,ok,NDAQ,กลุ่มการเงิน (SIC 6000–6799) — กฎนี้ไม่ครอบคลุม
2022-12-30,73124.0,NTRS,NTRS,ok,NTRS,กลุ่มการเงิน (SIC 6000–6799) — กฎนี้ไม่ครอบคลุม
2022-12-30,726728.0,O,O,ok,O,กลุ่มการเงิน (SIC 6000–6799) — กฎนี้ไม่ครอบคลุม
2022-12-30,765880.0,PEAK,DOC,ok,DOC,กลุ่มการเงิน (SIC 6000–6799) — กฎนี้ไม่ครอบคลุม
2022-12-30,1126328.0,PFG,PFG,ok,PFG,กลุ่มการเงิน (SIC 6000–6799) — กฎนี้ไม่ครอบคลุม
2022-12-30,80661.0,PGR,PGR,ok,PGR,กลุ่มการเงิน (SIC 6000–6799) — กฎนี้ไม่ครอบคลุม
2022-12-30,1045609.0,PLD,PLD,ok,PLD,กลุ่มการเงิน (SIC 6000–6799) — กฎนี้ไม่ครอบคลุม
2022-12-30,713676.0,PNC,PNC,ok,PNC,กลุ่มการเงิน (SIC 6000–6799) — กฎนี้ไม่ครอบคลุม
2022-12-30,1137774.0,PRU,PRU,ok,PRU,กลุ่มการเงิน (SIC 6000–6799) — กฎนี้ไม่ครอบคลุม
2022-12-30,1393311.0,PSA,PSA,ok,PSA,กลุ่มการเงิน (SIC 6000–6799) — กฎนี้ไม่ครอบคลุม
2022-12-30,1038357.0,PXD,,no_price,,ไม่อยู่ใน universe (ข้อมูลราคา/market cap: no_price)
2022-12-30,1095073.0,RE,EG,ok,EG,กลุ่มการเงิน (SIC 6000–6799) — กฎนี้ไม่ครอบคลุม
2022-12-30,910606.0,REG,REG,ok,REG,กลุ่มการเงิน (SIC 6000–6799) — กฎนี้ไม่ครอบคลุม
2022-12-30,1281761.0,RF,RF,ok,RF,กลุ่มการเงิน (SIC 6000–6799) — กฎนี้ไม่ครอบคลุม
2022-12-30,720005.0,RJF,RJF,ok,RJF,กลุ่มการเงิน (SIC 6000–6799) — กฎนี้ไม่ครอบคลุม
2022-12-30,1034054.0,SBAC,SBAC,ok,SBAC,กลุ่มการเงิน (SIC 6000–6799) — กฎนี้ไม่ครอบคลุม
2022-12-30,,SBNY,,,,ไม่อยู่ใน universe (ข้อมูลราคา/market cap: None)
2022-12-30,316709.0,SCHW,SCHW,ok,SCHW,กลุ่มการเงิน (SIC 6000–6799) — กฎนี้ไม่ครอบคลุม
2022-12-30,1012100.0,SEE,,no_price,,ไม่อยู่ใน universe (ข้อมูลราคา/market cap: no_price)
2022-12-30,719739.0,SIVB,,no_price,,กลุ่มการเงิน (SIC 6000–6799) — กฎนี้ไม่ครอบคลุม
2022-12-30,1063761.0,SPG,SPG,ok,SPG,กลุ่มการเงิน (SIC 6000–6799) — กฎนี้ไม่ครอบคลุม
2022-12-30,93751.0,STT,STT,ok,STT,กลุ่มการเงิน (SIC 6000–6799) — กฎนี้ไม่ครอบคลุม
2022-12-30,16918.0,STZ,STZ,ok_no_shares,STZ,ไม่อยู่ใน universe (ข้อมูลราคา/market cap: ok_no_shares)
2022-12-30,1601712.0,SYF,SYF,ok,SYF,กลุ่มการเงิน (SIC 6000–6799) — กฎนี้ไม่ครอบคลุม
2022-12-30,92230.0,TFC,TFC,ok,TFC,กลุ่มการเงิน (SIC 6000–6799) — กฎนี้ไม่ครอบคลุม
2022-12-30,1113169.0,TROW,TROW,ok,TROW,กลุ่มการเงิน (SIC 6000–6799) — กฎนี้ไม่ครอบคลุม
2022-12-30,86312.0,TRV,TRV,ok,TRV,กลุ่มการเงิน (SIC 6000–6799) — กฎนี้ไม่ครอบคลุม
2022-12-30,100493.0,TSN,TSN,ok_no_shares,TSN,ไม่อยู่ใน universe (ข้อมูลราคา/market cap: ok_no_shares)
2022-12-30,74208.0,UDR,UDR,ok,UDR,กลุ่มการเงิน (SIC 6000–6799) — กฎนี้ไม่ครอบคลุม
2022-12-30,731766.0,UNH,UNH,ok,UNH,กลุ่มการเงิน (SIC 6000–6799) — กฎนี้ไม่ครอบคลุม
2022-12-30,36104.0,USB,USB,ok,USB,กลุ่มการเงิน (SIC 6000–6799) — กฎนี้ไม่ครอบคลุม
2022-12-30,1403161.0,V,V,ok_no_shares,V,ไม่อยู่ใน universe (ข้อมูลราคา/market cap: ok_no_shares)
2022-12-30,1705696.0,VICI,VICI,ok,VICI,กลุ่มการเงิน (SIC 6000–6799) — กฎนี้ไม่ครอบคลุม
2022-12-30,899689.0,VNO,VNO,ok,VNO,กลุ่มการเงิน (SIC 6000–6799) — กฎนี้ไม่ครอบคลุม
2022-12-30,740260.0,VTR,VTR,ok,VTR,กลุ่มการเงิน (SIC 6000–6799) — กฎนี้ไม่ครอบคลุม
2022-12-30,1618921.0,WBA,,no_price,,ไม่อยู่ใน universe (ข้อมูลราคา/market cap: no_price)
2022-12-30,1437107.0,WBD,WBD,ok_no_shares,WBD,ไม่อยู่ใน universe (ข้อมูลราคา/market cap: ok_no_shares)
2022-12-30,766704.0,WELL,WELL,ok,WELL,กลุ่มการเงิน (SIC 6000–6799) — กฎนี้ไม่ครอบคลุม
2022-12-30,72971.0,WFC,WFC,ok,WFC,กลุ่มการเงิน (SIC 6000–6799) — กฎนี้ไม่ครอบคลุม
2022-12-30,11544.0,WRB,WRB,ok,WRB,กลุ่มการเงิน (SIC 6000–6799) — กฎนี้ไม่ครอบคลุม
2022-12-30,1732845.0,WRK,,no_price,,ไม่อยู่ใน universe (ข้อมูลราคา/market cap: no_price)
2022-12-30,1140536.0,WTW,WTW,ok,WTW,กลุ่มการเงิน (SIC 6000–6799) — กฎนี้ไม่ครอบคลุม
2022-12-30,106535.0,WY,WY,ok,WY,กลุ่มการเงิน (SIC 6000–6799) — กฎนี้ไม่ครอบคลุม
2022-12-30,109380.0,ZION,ZION,ok,ZION,กลุ่มการเงิน (SIC 6000–6799) — กฎนี้ไม่ครอบคลุม
2023-01-31,947484.0,ACGL,ACGL,ok,ACGL,กลุ่มการเงิน (SIC 6000–6799) — กฎนี้ไม่ครอบคลุม
2023-01-31,4977.0,AFL,AFL,ok,AFL,กลุ่มการเงิน (SIC 6000–6799) — กฎนี้ไม่ครอบคลุม
2023-01-31,5272.0,AIG,AIG,ok,AIG,กลุ่มการเงิน (SIC 6000–6799) — กฎนี้ไม่ครอบคลุม
2023-01-31,1267238.0,AIZ,AIZ,ok,AIZ,กลุ่มการเงิน (SIC 6000–6799) — กฎนี้ไม่ครอบคลุม
2023-01-31,354190.0,AJG,AJG,ok,AJG,กลุ่มการเงิน (SIC 6000–6799) — กฎนี้ไม่ครอบคลุม
2023-01-31,899051.0,ALL,ALL,ok,ALL,กลุ่มการเงิน (SIC 6000–6799) — กฎนี้ไม่ครอบคลุม
2023-01-31,820027.0,AMP,AMP,ok,AMP,กลุ่มการเงิน (SIC 6000–6799) — กฎนี้ไม่ครอบคลุม
2023-01-31,1053507.0,AMT,AMT,ok,AMT,กลุ่มการเงิน (SIC 6000–6799) — กฎนี้ไม่ครอบคลุม
2023-01-31,1013462.0,ANSS,,no_price,,ไม่อยู่ใน universe (ข้อมูลราคา/market cap: no_price)
2023-01-31,315293.0,AON,AON,ok,AON,กลุ่มการเงิน (SIC 6000–6799) — กฎนี้ไม่ครอบคลุม
2023-01-31,1035443.0,ARE,ARE,ok,ARE,กลุ่มการเงิน (SIC 6000–6799) — กฎนี้ไม่ครอบคลุม
2023-01-31,718877.0,ATVI,,no_price,,ไม่อยู่ใน universe (ข้อมูลราคา/market cap: no_price)
2023-01-31,915912.0,AVB,,no_price,,กลุ่มการเงิน (SIC 6000–6799) — กฎนี้ไม่ครอบคลุม
2023-01-31,4962.0,AXP,AXP,ok,AXP,กลุ่มการเงิน (SIC 6000–6799) — กฎนี้ไม่ครอบคลุม
2023-01-31,70858.0,BAC,BAC,ok,BAC,กลุ่มการเงิน (SIC 6000–6799) — กฎนี้ไม่ครอบคลุม
2023-01-31,38777.0,BEN,BEN,ok,BEN,กลุ่มการเงิน (SIC 6000–6799) — กฎนี้ไม่ครอบคลุม
2023-01-31,1390777.0,BK,BNY,ok,BNY,กลุ่มการเงิน (SIC 6000–6799) — กฎนี้ไม่ครอบคลุม
2023-01-31,1701605.0,BKR,BKR,ok_no_shares,BKR,ไม่อยู่ใน universe (ข้อมูลราคา/market cap: ok_no_shares)
2023-01-31,1364742.0,BLK,BLK,ok,,กลุ่มการเงิน (SIC 6000–6799) — กฎนี้ไม่ครอบคลุม
2023-01-31,1067983.0,BRK.B,BRK-B,ok_no_shares,BRK-B,กลุ่มการเงิน (SIC 6000–6799) — กฎนี้ไม่ครอบคลุม
2023-01-31,79282.0,BRO,BRO,ok,BRO,กลุ่มการเงิน (SIC 6000–6799) — กฎนี้ไม่ครอบคลุม
2023-01-31,1037540.0,BXP,BXP,ok,BXP,กลุ่มการเงิน (SIC 6000–6799) — กฎนี้ไม่ครอบคลุม
2023-01-31,831001.0,C,C,ok,C,กลุ่มการเงิน (SIC 6000–6799) — กฎนี้ไม่ครอบคลุม
2023-01-31,896159.0,CB,CB,ok,CB,กลุ่มการเงิน (SIC 6000–6799) — กฎนี้ไม่ครอบคลุม
2023-01-31,1374310.0,CBOE,CBOE,ok,CBOE,กลุ่มการเงิน (SIC 6000–6799) — กฎนี้ไม่ครอบคลุม
2023-01-31,1138118.0,CBRE,CBRE,ok,CBRE,กลุ่มการเงิน (SIC 6000–6799) — กฎนี้ไม่ครอบคลุม
2023-01-31,1051470.0,CCI,CCI,ok,CCI,กลุ่มการเงิน (SIC 6000–6799) — กฎนี้ไม่ครอบคลุม
2023-01-31,1725057.0,CDAY,,no_price,,ไม่อยู่ใน universe (ข้อมูลราคา/market cap: no_price)
2023-01-31,1868275.0,CEG,CEG,ok_no_shares,CEG,ไม่อยู่ใน universe (ข้อมูลราคา/market cap: ok_no_shares)
2023-01-31,759944.0,CFG,CFG,ok,CFG,กลุ่มการเงิน (SIC 6000–6799) — กฎนี้ไม่ครอบคลุม
2023-01-31,1739940.0,CI,CI,ok,CI,กลุ่มการเงิน (SIC 6000–6799) — กฎนี้ไม่ครอบคลุม
2023-01-31,20286.0,CINF,CINF,ok,CINF,กลุ่มการเงิน (SIC 6000–6799) — กฎนี้ไม่ครอบคลุม
2023-01-31,28412.0,CMA,,no_price,,กลุ่มการเงิน (SIC 6000–6799) — กฎนี้ไม่ครอบคลุม
2023-01-31,1156375.0,CME,CME,ok,CME,กลุ่มการเงิน (SIC 6000–6799) — กฎนี้ไม่ครอบคลุม
2023-01-31,1071739.0,CNC,CNC,ok,CNC,กลุ่มการเงิน (SIC 6000–6799) — กฎนี้ไม่ครอบคลุม
2023-01-31,927628.0,COF,COF,ok,COF,กลุ่มการเงิน (SIC 6000–6799) — กฎนี้ไม่ครอบคลุม
2023-01-31,906345.0,CPT,CPT,ok,CPT,กลุ่มการเงิน (SIC 6000–6799) — กฎนี้ไม่ครอบคลุม
2023-01-31,1596783.0,CTLT,,no_price,,ไม่อยู่ใน universe (ข้อมูลราคา/market cap: no_price)
2023-01-31,,CTRA,,,,ไม่อยู่ใน universe (ข้อมูลราคา/market cap: None)
2023-01-31,1393612.0,DFS,,no_price,,กลุ่มการเงิน (SIC 6000–6799) — กฎนี้ไม่ครอบคลุม
2023-01-31,1001082.0,DISH,,no_price,,ไม่อยู่ใน universe (ข้อมูลราคา/market cap: no_price)
2023-01-31,1297996.0,DLR,DLR,ok,DLR,กลุ่มการเงิน (SIC 6000–6799) — กฎนี้ไม่ครอบคลุม
2023-01-31,712515.0,EA,,no_price,,ไม่อยู่ใน universe (ข้อมูลราคา/market cap: no_price)
2023-01-31,1156039.0,ELV,ELV,ok,ELV,กลุ่มการเงิน (SIC 6000–6799) — กฎนี้ไม่ครอบคลุม
2023-01-31,1101239.0,EQIX,EQIX,ok,EQIX,กลุ่มการเงิน (SIC 6000–6799) — กฎนี้ไม่ครอบคลุม
2023-01-31,906107.0,EQR,VMRK,ok,VMRK,กลุ่มการเงิน (SIC 6000–6799) — กฎนี้ไม่ครอบคลุม
2023-01-31,920522.0,ESS,ESS,ok,ESS,กลุ่มการเงิน (SIC 6000–6799) — กฎนี้ไม่ครอบคลุม
2023-01-31,1289490.0,EXR,EXR,ok,EXR,กลุ่มการเงิน (SIC 6000–6799) — กฎนี้ไม่ครอบคลุม
2023-01-31,35527.0,FITB,FITB,ok,FITB,กลุ่มการเงิน (SIC 6000–6799) — กฎนี้ไม่ครอบคลุม
2023-01-31,1754301.0,FOX,FOXA,ok_no_shares,FOXA,ไม่อยู่ใน universe (ข้อมูลราคา/market cap: ok_no_shares)
2023-01-31,1754301.0,FOXA,FOXA,ok_no_shares,FOXA,ไม่อยู่ใน universe (ข้อมูลราคา/market cap: ok_no_shares)
2023-01-31,,FRC,,,,ไม่อยู่ใน universe (ข้อมูลราคา/market cap: None)
2023-01-31,34903.0,FRT,FRT,ok,FRT,กลุ่มการเงิน (SIC 6000–6799) — กฎนี้ไม่ครอบคลุม
2023-01-31,1932393.0,GEHC,GEHC,ok_no_shares,GEHC,ไม่อยู่ใน universe (ข้อมูลราคา/market cap: ok_no_shares)
2023-01-31,320335.0,GL,GL,ok,GL,กลุ่มการเงิน (SIC 6000–6799) — กฎนี้ไม่ครอบคลุม
2023-01-31,886982.0,GS,GS,ok,GS,กลุ่มการเงิน (SIC 6000–6799) — กฎนี้ไม่ครอบคลุม
2023-01-31,49196.0,HBAN,HBAN,ok,HBAN,กลุ่มการเงิน (SIC 6000–6799) — กฎนี้ไม่ครอบคลุม
2023-01-31,4447.0,HES,,no_price,,ไม่อยู่ใน universe (ข้อมูลราคา/market cap: no_price)
2023-01-31,874766.0,HIG,HIG,ok,HIG,กลุ่มการเงิน (SIC 6000–6799) — กฎนี้ไม่ครอบคลุม
2023-01-31,859737.0,HOLX,,no_price,,ไม่อยู่ใน universe (ข้อมูลราคา/market cap: no_price)
2023-01-31,49071.0,HUM,HUM,ok,HUM,กลุ่มการเงิน (SIC 6000–6799) — กฎนี้ไม่ครอบคลุม
2023-01-31,1571949.0,ICE,ICE,ok,ICE,กลุ่มการเงิน (SIC 6000–6799) — กฎนี้ไม่ครอบคลุม
2023-01-31,1687229.0,INVH,INVH,ok,INVH,กลุ่มการเงิน (SIC 6000–6799) — กฎนี้ไม่ครอบคลุม
2023-01-31,51644.0,IPG,,no_price,,ไม่อยู่ใน universe (ข้อมูลราคา/market cap: no_price)
2023-01-31,1020569.0,IRM,IRM,ok,IRM,กลุ่มการเงิน (SIC 6000–6799) — กฎนี้ไม่ครอบคลุม
2023-01-31,914208.0,IVZ,IVZ,ok,IVZ,กลุ่มการเงิน (SIC 6000–6799) — กฎนี้ไม่ครอบคลุม
2023-01-31,1043604.0,JNPR,,no_price,,ไม่อยู่ใน universe (ข้อมูลราคา/market cap: no_price)
2023-01-31,19617.0,JPM,JPM,ok,JPM,กลุ่มการเงิน (SIC 6000–6799) — กฎนี้ไม่ครอบคลุม
2023-01-31,55067.0,K,,no_price,,ไม่อยู่ใน universe (ข้อมูลราคา/market cap: no_price)
2023-01-31,91576.0,KEY,KEY,ok,KEY,กลุ่มการเงิน (SIC 6000–6799) — กฎนี้ไม่ครอบคลุม
2023-01-31,879101.0,KIM,KIM,ok,KIM,กลุ่มการเงิน (SIC 6000–6799) — กฎนี้ไม่ครอบคลุม
2023-01-31,60086.0,L,L,ok,L,กลุ่มการเงิน (SIC 6000–6799) — กฎนี้ไม่ครอบคลุม
2023-01-31,59558.0,LNC,LNC,ok,LNC,กลุ่มการเงิน (SIC 6000–6799) — กฎนี้ไม่ครอบคลุม
2023-01-31,912595.0,MAA,MAA,ok,MAA,กลุ่มการเงิน (SIC 6000–6799) — กฎนี้ไม่ครอบคลุม
2023-01-31,1099219.0,MET,MET,ok,MET,กลุ่มการเงิน (SIC 6000–6799) — กฎนี้ไม่ครอบคลุม
2023-01-31,1278021.0,MKTX,MKTX,ok,MKTX,กลุ่มการเงิน (SIC 6000–6799) — กฎนี้ไม่ครอบคลุม
2023-01-31,62709.0,MMC,MRSH,ok,MRSH,กลุ่มการเงิน (SIC 6000–6799) — กฎนี้ไม่ครอบคลุม
2023-01-31,1179929.0,MOH,MOH,ok,MOH,กลุ่มการเงิน (SIC 6000–6799) — กฎนี้ไม่ครอบคลุม
2023-01-31,101778.0,MRO,,no_price,,ไม่อยู่ใน universe (ข้อมูลราคา/market cap: no_price)
2023-01-31,895421.0,MS,MS,ok,MS,กลุ่มการเงิน (SIC 6000–6799) — กฎนี้ไม่ครอบคลุม
2023-01-31,36270.0,MTB,MTB,ok,MTB,กลุ่มการเงิน (SIC 6000–6799) — กฎนี้ไม่ครอบคลุม
2023-01-31,1120193.0,NDAQ,NDAQ,ok,NDAQ,กลุ่มการเงิน (SIC 6000–6799) — กฎนี้ไม่ครอบคลุม
2023-01-31,73124.0,NTRS,NTRS,ok,NTRS,กลุ่มการเงิน (SIC 6000–6799) — กฎนี้ไม่ครอบคลุม
2023-01-31,726728.0,O,O,ok,O,กลุ่มการเงิน (SIC 6000–6799) — กฎนี้ไม่ครอบคลุม
2023-01-31,765880.0,PEAK,DOC,ok,DOC,กลุ่มการเงิน (SIC 6000–6799) — กฎนี้ไม่ครอบคลุม
2023-01-31,1126328.0,PFG,PFG,ok,PFG,กลุ่มการเงิน (SIC 6000–6799) — กฎนี้ไม่ครอบคลุม
2023-01-31,80661.0,PGR,PGR,ok,PGR,กลุ่มการเงิน (SIC 6000–6799) — กฎนี้ไม่ครอบคลุม
2023-01-31,1045609.0,PLD,PLD,ok,PLD,กลุ่มการเงิน (SIC 6000–6799) — กฎนี้ไม่ครอบคลุม
2023-01-31,713676.0,PNC,PNC,ok,PNC,กลุ่มการเงิน (SIC 6000–6799) — กฎนี้ไม่ครอบคลุม
2023-01-31,1137774.0,PRU,PRU,ok,PRU,กลุ่มการเงิน (SIC 6000–6799) — กฎนี้ไม่ครอบคลุม
2023-01-31,1393311.0,PSA,PSA,ok,PSA,กลุ่มการเงิน (SIC 6000–6799) — กฎนี้ไม่ครอบคลุม
2023-01-31,1038357.0,PXD,,no_price,,ไม่อยู่ใน universe (ข้อมูลราคา/market cap: no_price)
2023-01-31,1095073.0,RE,EG,ok,EG,กลุ่มการเงิน (SIC 6000–6799) — กฎนี้ไม่ครอบคลุม
2023-01-31,910606.0,REG,REG,ok,REG,กลุ่มการเงิน (SIC 6000–6799) — กฎนี้ไม่ครอบคลุม
2023-01-31,1281761.0,RF,RF,ok,RF,กลุ่มการเงิน (SIC 6000–6799) — กฎนี้ไม่ครอบคลุม
2023-01-31,720005.0,RJF,RJF,ok,RJF,กลุ่มการเงิน (SIC 6000–6799) — กฎนี้ไม่ครอบคลุม
2023-01-31,1034054.0,SBAC,SBAC,ok,SBAC,กลุ่มการเงิน (SIC 6000–6799) — กฎนี้ไม่ครอบคลุม
2023-01-31,,SBNY,,,,ไม่อยู่ใน universe (ข้อมูลราคา/market cap: None)
2023-01-31,316709.0,SCHW,SCHW,ok,SCHW,กลุ่มการเงิน (SIC 6000–6799) — กฎนี้ไม่ครอบคลุม
2023-01-31,1012100.0,SEE,,no_price,,ไม่อยู่ใน universe (ข้อมูลราคา/market cap: no_price)
2023-01-31,719739.0,SIVB,,no_price,,กลุ่มการเงิน (SIC 6000–6799) — กฎนี้ไม่ครอบคลุม
2023-01-31,1063761.0,SPG,SPG,ok,SPG,กลุ่มการเงิน (SIC 6000–6799) — กฎนี้ไม่ครอบคลุม
2023-01-31,93751.0,STT,STT,ok,STT,กลุ่มการเงิน (SIC 6000–6799) — กฎนี้ไม่ครอบคลุม
2023-01-31,16918.0,STZ,STZ,ok_no_shares,STZ,ไม่อยู่ใน universe (ข้อมูลราคา/market cap: ok_no_shares)
2023-01-31,1601712.0,SYF,SYF,ok,SYF,กลุ่มการเงิน (SIC 6000–6799) — กฎนี้ไม่ครอบคลุม
2023-01-31,92230.0,TFC,TFC,ok,TFC,กลุ่มการเงิน (SIC 6000–6799) — กฎนี้ไม่ครอบคลุม
2023-01-31,1113169.0,TROW,TROW,ok,TROW,กลุ่มการเงิน (SIC 6000–6799) — กฎนี้ไม่ครอบคลุม
2023-01-31,86312.0,TRV,TRV,ok,TRV,กลุ่มการเงิน (SIC 6000–6799) — กฎนี้ไม่ครอบคลุม
2023-01-31,100493.0,TSN,TSN,ok_no_shares,TSN,ไม่อยู่ใน universe (ข้อมูลราคา/market cap: ok_no_shares)
2023-01-31,74208.0,UDR,UDR,ok,UDR,กลุ่มการเงิน (SIC 6000–6799) — กฎนี้ไม่ครอบคลุม
2023-01-31,731766.0,UNH,UNH,ok,UNH,กลุ่มการเงิน (SIC 6000–6799) — กฎนี้ไม่ครอบคลุม
2023-01-31,36104.0,USB,USB,ok,USB,กลุ่มการเงิน (SIC 6000–6799) — กฎนี้ไม่ครอบคลุม
2023-01-31,1403161.0,V,V,ok_no_shares,V,ไม่อยู่ใน universe (ข้อมูลราคา/market cap: ok_no_shares)
2023-01-31,1705696.0,VICI,VICI,ok,VICI,กลุ่มการเงิน (SIC 6000–6799) — กฎนี้ไม่ครอบคลุม
2023-01-31,740260.0,VTR,VTR,ok,VTR,กลุ่มการเงิน (SIC 6000–6799) — กฎนี้ไม่ครอบคลุม
2023-01-31,1618921.0,WBA,,no_price,,ไม่อยู่ใน universe (ข้อมูลราคา/market cap: no_price)
2023-01-31,1437107.0,WBD,WBD,ok_no_shares,WBD,ไม่อยู่ใน universe (ข้อมูลราคา/market cap: ok_no_shares)
2023-01-31,766704.0,WELL,WELL,ok,WELL,กลุ่มการเงิน (SIC 6000–6799) — กฎนี้ไม่ครอบคลุม
2023-01-31,72971.0,WFC,WFC,ok,WFC,กลุ่มการเงิน (SIC 6000–6799) — กฎนี้ไม่ครอบคลุม
2023-01-31,11544.0,WRB,WRB,ok,WRB,กลุ่มการเงิน (SIC 6000–6799) — กฎนี้ไม่ครอบคลุม
2023-01-31,1732845.0,WRK,,no_price,,ไม่อยู่ใน universe (ข้อมูลราคา/market cap: no_price)
2023-01-31,1140536.0,WTW,WTW,ok,WTW,กลุ่มการเงิน (SIC 6000–6799) — กฎนี้ไม่ครอบคลุม
2023-01-31,106535.0,WY,WY,ok,WY,กลุ่มการเงิน (SIC 6000–6799) — กฎนี้ไม่ครอบคลุม
2023-01-31,109380.0,ZION,ZION,ok,ZION,กลุ่มการเงิน (SIC 6000–6799) — กฎนี้ไม่ครอบคลุม
2023-02-28,947484.0,ACGL,ACGL,ok,ACGL,กลุ่มการเงิน (SIC 6000–6799) — กฎนี้ไม่ครอบคลุม
2023-02-28,4977.0,AFL,AFL,ok,AFL,กลุ่มการเงิน (SIC 6000–6799) — กฎนี้ไม่ครอบคลุม
2023-02-28,5272.0,AIG,AIG,ok,AIG,กลุ่มการเงิน (SIC 6000–6799) — กฎนี้ไม่ครอบคลุม
2023-02-28,1267238.0,AIZ,AIZ,ok,AIZ,กลุ่มการเงิน (SIC 6000–6799) — กฎนี้ไม่ครอบคลุม
2023-02-28,354190.0,AJG,AJG,ok,AJG,กลุ่มการเงิน (SIC 6000–6799) — กฎนี้ไม่ครอบคลุม
2023-02-28,899051.0,ALL,ALL,ok,ALL,กลุ่มการเงิน (SIC 6000–6799) — กฎนี้ไม่ครอบคลุม
2023-02-28,820027.0,AMP,AMP,ok,AMP,กลุ่มการเงิน (SIC 6000–6799) — กฎนี้ไม่ครอบคลุม
2023-02-28,1053507.0,AMT,AMT,ok,AMT,กลุ่มการเงิน (SIC 6000–6799) — กฎนี้ไม่ครอบคลุม
2023-02-28,1013462.0,ANSS,,no_price,,ไม่อยู่ใน universe (ข้อมูลราคา/market cap: no_price)
2023-02-28,315293.0,AON,AON,ok,AON,กลุ่มการเงิน (SIC 6000–6799) — กฎนี้ไม่ครอบคลุม
2023-02-28,1035443.0,ARE,ARE,ok,ARE,กลุ่มการเงิน (SIC 6000–6799) — กฎนี้ไม่ครอบคลุม
2023-02-28,718877.0,ATVI,,no_price,,ไม่อยู่ใน universe (ข้อมูลราคา/market cap: no_price)
2023-02-28,915912.0,AVB,,no_price,,กลุ่มการเงิน (SIC 6000–6799) — กฎนี้ไม่ครอบคลุม
2023-02-28,4962.0,AXP,AXP,ok,AXP,กลุ่มการเงิน (SIC 6000–6799) — กฎนี้ไม่ครอบคลุม
2023-02-28,70858.0,BAC,BAC,ok,BAC,กลุ่มการเงิน (SIC 6000–6799) — กฎนี้ไม่ครอบคลุม
2023-02-28,38777.0,BEN,BEN,ok,BEN,กลุ่มการเงิน (SIC 6000–6799) — กฎนี้ไม่ครอบคลุม
2023-02-28,1390777.0,BK,BNY,ok,BNY,กลุ่มการเงิน (SIC 6000–6799) — กฎนี้ไม่ครอบคลุม
2023-02-28,1364742.0,BLK,BLK,ok,,กลุ่มการเงิน (SIC 6000–6799) — กฎนี้ไม่ครอบคลุม
2023-02-28,1067983.0,BRK.B,BRK-B,ok_no_shares,BRK-B,กลุ่มการเงิน (SIC 6000–6799) — กฎนี้ไม่ครอบคลุม
2023-02-28,79282.0,BRO,BRO,ok,BRO,กลุ่มการเงิน (SIC 6000–6799) — กฎนี้ไม่ครอบคลุม
2023-02-28,1037540.0,BXP,BXP,ok,BXP,กลุ่มการเงิน (SIC 6000–6799) — กฎนี้ไม่ครอบคลุม
2023-02-28,831001.0,C,C,ok,C,กลุ่มการเงิน (SIC 6000–6799) — กฎนี้ไม่ครอบคลุม
2023-02-28,896159.0,CB,CB,ok,CB,กลุ่มการเงิน (SIC 6000–6799) — กฎนี้ไม่ครอบคลุม
2023-02-28,1374310.0,CBOE,CBOE,ok,CBOE,กลุ่มการเงิน (SIC 6000–6799) — กฎนี้ไม่ครอบคลุม
2023-02-28,1138118.0,CBRE,CBRE,ok,CBRE,กลุ่มการเงิน (SIC 6000–6799) — กฎนี้ไม่ครอบคลุม
2023-02-28,1051470.0,CCI,CCI,ok,CCI,กลุ่มการเงิน (SIC 6000–6799) — กฎนี้ไม่ครอบคลุม
2023-02-28,1725057.0,CDAY,,no_price,,ไม่อยู่ใน universe (ข้อมูลราคา/market cap: no_price)
2023-02-28,759944.0,CFG,CFG,ok,CFG,กลุ่มการเงิน (SIC 6000–6799) — กฎนี้ไม่ครอบคลุม
2023-02-28,1739940.0,CI,CI,ok,CI,กลุ่มการเงิน (SIC 6000–6799) — กฎนี้ไม่ครอบคลุม
2023-02-28,20286.0,CINF,CINF,ok,CINF,กลุ่มการเงิน (SIC 6000–6799) — กฎนี้ไม่ครอบคลุม
2023-02-28,28412.0,CMA,,no_price,,กลุ่มการเงิน (SIC 6000–6799) — กฎนี้ไม่ครอบคลุม
2023-02-28,1156375.0,CME,CME,ok,CME,กลุ่มการเงิน (SIC 6000–6799) — กฎนี้ไม่ครอบคลุม
2023-02-28,1071739.0,CNC,CNC,ok,CNC,กลุ่มการเงิน (SIC 6000–6799) — กฎนี้ไม่ครอบคลุม
2023-02-28,927628.0,COF,COF,ok,COF,กลุ่มการเงิน (SIC 6000–6799) — กฎนี้ไม่ครอบคลุม
2023-02-28,906345.0,CPT,CPT,ok,CPT,กลุ่มการเงิน (SIC 6000–6799) — กฎนี้ไม่ครอบคลุม
2023-02-28,1596783.0,CTLT,,no_price,,ไม่อยู่ใน universe (ข้อมูลราคา/market cap: no_price)
2023-02-28,,CTRA,,,,ไม่อยู่ใน universe (ข้อมูลราคา/market cap: None)
2023-02-28,1393612.0,DFS,,no_price,,กลุ่มการเงิน (SIC 6000–6799) — กฎนี้ไม่ครอบคลุม
2023-02-28,1001082.0,DISH,,no_price,,ไม่อยู่ใน universe (ข้อมูลราคา/market cap: no_price)
2023-02-28,1297996.0,DLR,DLR,ok,DLR,กลุ่มการเงิน (SIC 6000–6799) — กฎนี้ไม่ครอบคลุม
2023-02-28,712515.0,EA,,no_price,,ไม่อยู่ใน universe (ข้อมูลราคา/market cap: no_price)
2023-02-28,1156039.0,ELV,ELV,ok,ELV,กลุ่มการเงิน (SIC 6000–6799) — กฎนี้ไม่ครอบคลุม
2023-02-28,1101239.0,EQIX,EQIX,ok,EQIX,กลุ่มการเงิน (SIC 6000–6799) — กฎนี้ไม่ครอบคลุม
2023-02-28,906107.0,EQR,VMRK,ok,VMRK,กลุ่มการเงิน (SIC 6000–6799) — กฎนี้ไม่ครอบคลุม
2023-02-28,920522.0,ESS,ESS,ok,ESS,กลุ่มการเงิน (SIC 6000–6799) — กฎนี้ไม่ครอบคลุม
2023-02-28,1289490.0,EXR,EXR,ok,EXR,กลุ่มการเงิน (SIC 6000–6799) — กฎนี้ไม่ครอบคลุม
2023-02-28,35527.0,FITB,FITB,ok,FITB,กลุ่มการเงิน (SIC 6000–6799) — กฎนี้ไม่ครอบคลุม
2023-02-28,1754301.0,FOX,FOXA,ok_no_shares,FOXA,ไม่อยู่ใน universe (ข้อมูลราคา/market cap: ok_no_shares)
2023-02-28,1754301.0,FOXA,FOXA,ok_no_shares,FOXA,ไม่อยู่ใน universe (ข้อมูลราคา/market cap: ok_no_shares)
2023-02-28,,FRC,,,,ไม่อยู่ใน universe (ข้อมูลราคา/market cap: None)
2023-02-28,34903.0,FRT,FRT,ok,FRT,กลุ่มการเงิน (SIC 6000–6799) — กฎนี้ไม่ครอบคลุม
2023-02-28,1932393.0,GEHC,GEHC,ok_no_shares,GEHC,ไม่อยู่ใน universe (ข้อมูลราคา/market cap: ok_no_shares)
2023-02-28,320335.0,GL,GL,ok,GL,กลุ่มการเงิน (SIC 6000–6799) — กฎนี้ไม่ครอบคลุม
2023-02-28,886982.0,GS,GS,ok,GS,กลุ่มการเงิน (SIC 6000–6799) — กฎนี้ไม่ครอบคลุม
2023-02-28,49196.0,HBAN,HBAN,ok,HBAN,กลุ่มการเงิน (SIC 6000–6799) — กฎนี้ไม่ครอบคลุม
2023-02-28,4447.0,HES,,no_price,,ไม่อยู่ใน universe (ข้อมูลราคา/market cap: no_price)
2023-02-28,874766.0,HIG,HIG,ok,HIG,กลุ่มการเงิน (SIC 6000–6799) — กฎนี้ไม่ครอบคลุม
2023-02-28,859737.0,HOLX,,no_price,,ไม่อยู่ใน universe (ข้อมูลราคา/market cap: no_price)
2023-02-28,49071.0,HUM,HUM,ok,HUM,กลุ่มการเงิน (SIC 6000–6799) — กฎนี้ไม่ครอบคลุม
2023-02-28,1571949.0,ICE,ICE,ok,ICE,กลุ่มการเงิน (SIC 6000–6799) — กฎนี้ไม่ครอบคลุม
2023-02-28,1687229.0,INVH,INVH,ok,INVH,กลุ่มการเงิน (SIC 6000–6799) — กฎนี้ไม่ครอบคลุม
2023-02-28,51644.0,IPG,,no_price,,ไม่อยู่ใน universe (ข้อมูลราคา/market cap: no_price)
2023-02-28,1020569.0,IRM,IRM,ok,IRM,กลุ่มการเงิน (SIC 6000–6799) — กฎนี้ไม่ครอบคลุม
2023-02-28,914208.0,IVZ,IVZ,ok,IVZ,กลุ่มการเงิน (SIC 6000–6799) — กฎนี้ไม่ครอบคลุม
2023-02-28,1043604.0,JNPR,,no_price,,ไม่อยู่ใน universe (ข้อมูลราคา/market cap: no_price)
2023-02-28,19617.0,JPM,JPM,ok,JPM,กลุ่มการเงิน (SIC 6000–6799) — กฎนี้ไม่ครอบคลุม
2023-02-28,55067.0,K,,no_price,,ไม่อยู่ใน universe (ข้อมูลราคา/market cap: no_price)
2023-02-28,91576.0,KEY,KEY,ok,KEY,กลุ่มการเงิน (SIC 6000–6799) — กฎนี้ไม่ครอบคลุม
2023-02-28,879101.0,KIM,KIM,ok,KIM,กลุ่มการเงิน (SIC 6000–6799) — กฎนี้ไม่ครอบคลุม
2023-02-28,60086.0,L,L,ok,L,กลุ่มการเงิน (SIC 6000–6799) — กฎนี้ไม่ครอบคลุม
2023-02-28,59558.0,LNC,LNC,ok,LNC,กลุ่มการเงิน (SIC 6000–6799) — กฎนี้ไม่ครอบคลุม
2023-02-28,912595.0,MAA,MAA,ok,MAA,กลุ่มการเงิน (SIC 6000–6799) — กฎนี้ไม่ครอบคลุม
2023-02-28,1099219.0,MET,MET,ok,MET,กลุ่มการเงิน (SIC 6000–6799) — กฎนี้ไม่ครอบคลุม
2023-02-28,1278021.0,MKTX,MKTX,ok,MKTX,กลุ่มการเงิน (SIC 6000–6799) — กฎนี้ไม่ครอบคลุม
2023-02-28,62709.0,MMC,MRSH,ok,MRSH,กลุ่มการเงิน (SIC 6000–6799) — กฎนี้ไม่ครอบคลุม
2023-02-28,1179929.0,MOH,MOH,ok,MOH,กลุ่มการเงิน (SIC 6000–6799) — กฎนี้ไม่ครอบคลุม
2023-02-28,101778.0,MRO,,no_price,,ไม่อยู่ใน universe (ข้อมูลราคา/market cap: no_price)
2023-02-28,895421.0,MS,MS,ok,MS,กลุ่มการเงิน (SIC 6000–6799) — กฎนี้ไม่ครอบคลุม
2023-02-28,36270.0,MTB,MTB,ok,MTB,กลุ่มการเงิน (SIC 6000–6799) — กฎนี้ไม่ครอบคลุม
2023-02-28,1120193.0,NDAQ,NDAQ,ok,NDAQ,กลุ่มการเงิน (SIC 6000–6799) — กฎนี้ไม่ครอบคลุม
2023-02-28,73124.0,NTRS,NTRS,ok,NTRS,กลุ่มการเงิน (SIC 6000–6799) — กฎนี้ไม่ครอบคลุม
2023-02-28,726728.0,O,O,ok,O,กลุ่มการเงิน (SIC 6000–6799) — กฎนี้ไม่ครอบคลุม
2023-02-28,765880.0,PEAK,DOC,ok,DOC,กลุ่มการเงิน (SIC 6000–6799) — กฎนี้ไม่ครอบคลุม
2023-02-28,1126328.0,PFG,PFG,ok,PFG,กลุ่มการเงิน (SIC 6000–6799) — กฎนี้ไม่ครอบคลุม
2023-02-28,80661.0,PGR,PGR,ok,PGR,กลุ่มการเงิน (SIC 6000–6799) — กฎนี้ไม่ครอบคลุม
2023-02-28,1045609.0,PLD,PLD,ok,PLD,กลุ่มการเงิน (SIC 6000–6799) — กฎนี้ไม่ครอบคลุม
2023-02-28,713676.0,PNC,PNC,ok,PNC,กลุ่มการเงิน (SIC 6000–6799) — กฎนี้ไม่ครอบคลุม
2023-02-28,1137774.0,PRU,PRU,ok,PRU,กลุ่มการเงิน (SIC 6000–6799) — กฎนี้ไม่ครอบคลุม
2023-02-28,1393311.0,PSA,PSA,ok,PSA,กลุ่มการเงิน (SIC 6000–6799) — กฎนี้ไม่ครอบคลุม
2023-02-28,1038357.0,PXD,,no_price,,ไม่อยู่ใน universe (ข้อมูลราคา/market cap: no_price)
2023-02-28,1095073.0,RE,EG,ok,EG,กลุ่มการเงิน (SIC 6000–6799) — กฎนี้ไม่ครอบคลุม
2023-02-28,910606.0,REG,REG,ok,REG,กลุ่มการเงิน (SIC 6000–6799) — กฎนี้ไม่ครอบคลุม
2023-02-28,1281761.0,RF,RF,ok,RF,กลุ่มการเงิน (SIC 6000–6799) — กฎนี้ไม่ครอบคลุม
2023-02-28,720005.0,RJF,RJF,ok,RJF,กลุ่มการเงิน (SIC 6000–6799) — กฎนี้ไม่ครอบคลุม
2023-02-28,1034054.0,SBAC,SBAC,ok,SBAC,กลุ่มการเงิน (SIC 6000–6799) — กฎนี้ไม่ครอบคลุม
2023-02-28,,SBNY,,,,ไม่อยู่ใน universe (ข้อมูลราคา/market cap: None)
2023-02-28,316709.0,SCHW,SCHW,ok,SCHW,กลุ่มการเงิน (SIC 6000–6799) — กฎนี้ไม่ครอบคลุม
2023-02-28,1012100.0,SEE,,no_price,,ไม่อยู่ใน universe (ข้อมูลราคา/market cap: no_price)
2023-02-28,719739.0,SIVB,,no_price,,กลุ่มการเงิน (SIC 6000–6799) — กฎนี้ไม่ครอบคลุม
2023-02-28,1063761.0,SPG,SPG,ok,SPG,กลุ่มการเงิน (SIC 6000–6799) — กฎนี้ไม่ครอบคลุม
2023-02-28,93751.0,STT,STT,ok,STT,กลุ่มการเงิน (SIC 6000–6799) — กฎนี้ไม่ครอบคลุม
2023-02-28,16918.0,STZ,STZ,ok_no_shares,STZ,ไม่อยู่ใน universe (ข้อมูลราคา/market cap: ok_no_shares)
2023-02-28,1601712.0,SYF,SYF,ok,SYF,กลุ่มการเงิน (SIC 6000–6799) — กฎนี้ไม่ครอบคลุม
2023-02-28,92230.0,TFC,TFC,ok,TFC,กลุ่มการเงิน (SIC 6000–6799) — กฎนี้ไม่ครอบคลุม
2023-02-28,1113169.0,TROW,TROW,ok,TROW,กลุ่มการเงิน (SIC 6000–6799) — กฎนี้ไม่ครอบคลุม
2023-02-28,86312.0,TRV,TRV,ok,TRV,กลุ่มการเงิน (SIC 6000–6799) — กฎนี้ไม่ครอบคลุม
2023-02-28,100493.0,TSN,TSN,ok_no_shares,TSN,ไม่อยู่ใน universe (ข้อมูลราคา/market cap: ok_no_shares)
2023-02-28,74208.0,UDR,UDR,ok,UDR,กลุ่มการเงิน (SIC 6000–6799) — กฎนี้ไม่ครอบคลุม
2023-02-28,731766.0,UNH,UNH,ok,UNH,กลุ่มการเงิน (SIC 6000–6799) — กฎนี้ไม่ครอบคลุม
2023-02-28,36104.0,USB,USB,ok,USB,กลุ่มการเงิน (SIC 6000–6799) — กฎนี้ไม่ครอบคลุม
2023-02-28,1403161.0,V,V,ok_no_shares,V,ไม่อยู่ใน universe (ข้อมูลราคา/market cap: ok_no_shares)
2023-02-28,1705696.0,VICI,VICI,ok,VICI,กลุ่มการเงิน (SIC 6000–6799) — กฎนี้ไม่ครอบคลุม
2023-02-28,740260.0,VTR,VTR,ok,VTR,กลุ่มการเงิน (SIC 6000–6799) — กฎนี้ไม่ครอบคลุม
2023-02-28,1618921.0,WBA,,no_price,,ไม่อยู่ใน universe (ข้อมูลราคา/market cap: no_price)
2023-02-28,766704.0,WELL,WELL,ok,WELL,กลุ่มการเงิน (SIC 6000–6799) — กฎนี้ไม่ครอบคลุม
2023-02-28,72971.0,WFC,WFC,ok,WFC,กลุ่มการเงิน (SIC 6000–6799) — กฎนี้ไม่ครอบคลุม
2023-02-28,11544.0,WRB,WRB,ok,WRB,กลุ่มการเงิน (SIC 6000–6799) — กฎนี้ไม่ครอบคลุม
2023-02-28,1732845.0,WRK,,no_price,,ไม่อยู่ใน universe (ข้อมูลราคา/market cap: no_price)
2023-02-28,1140536.0,WTW,WTW,ok,WTW,กลุ่มการเงิน (SIC 6000–6799) — กฎนี้ไม่ครอบคลุม
2023-02-28,106535.0,WY,WY,ok,WY,กลุ่มการเงิน (SIC 6000–6799) — กฎนี้ไม่ครอบคลุม
2023-02-28,109380.0,ZION,ZION,ok,ZION,กลุ่มการเงิน (SIC 6000–6799) — กฎนี้ไม่ครอบคลุม
2023-03-31,947484.0,ACGL,ACGL,ok,ACGL,กลุ่มการเงิน (SIC 6000–6799) — กฎนี้ไม่ครอบคลุม
2023-03-31,4977.0,AFL,AFL,ok,AFL,กลุ่มการเงิน (SIC 6000–6799) — กฎนี้ไม่ครอบคลุม
2023-03-31,5272.0,AIG,AIG,ok,AIG,กลุ่มการเงิน (SIC 6000–6799) — กฎนี้ไม่ครอบคลุม
2023-03-31,1267238.0,AIZ,AIZ,ok,AIZ,กลุ่มการเงิน (SIC 6000–6799) — กฎนี้ไม่ครอบคลุม
2023-03-31,354190.0,AJG,AJG,ok,AJG,กลุ่มการเงิน (SIC 6000–6799) — กฎนี้ไม่ครอบคลุม
2023-03-31,899051.0,ALL,ALL,ok,ALL,กลุ่มการเงิน (SIC 6000–6799) — กฎนี้ไม่ครอบคลุม
2023-03-31,820027.0,AMP,AMP,ok,AMP,กลุ่มการเงิน (SIC 6000–6799) — กฎนี้ไม่ครอบคลุม
2023-03-31,1053507.0,AMT,AMT,ok,AMT,กลุ่มการเงิน (SIC 6000–6799) — กฎนี้ไม่ครอบคลุม
2023-03-31,1013462.0,ANSS,,no_price,,ไม่อยู่ใน universe (ข้อมูลราคา/market cap: no_price)
2023-03-31,315293.0,AON,AON,ok,AON,กลุ่มการเงิน (SIC 6000–6799) — กฎนี้ไม่ครอบคลุม
2023-03-31,1035443.0,ARE,ARE,ok,ARE,กลุ่มการเงิน (SIC 6000–6799) — กฎนี้ไม่ครอบคลุม
2023-03-31,718877.0,ATVI,,no_price,,ไม่อยู่ใน universe (ข้อมูลราคา/market cap: no_price)
2023-03-31,915912.0,AVB,,no_price,,กลุ่มการเงิน (SIC 6000–6799) — กฎนี้ไม่ครอบคลุม
2023-03-31,4962.0,AXP,AXP,ok,AXP,กลุ่มการเงิน (SIC 6000–6799) — กฎนี้ไม่ครอบคลุม
2023-03-31,70858.0,BAC,BAC,ok,BAC,กลุ่มการเงิน (SIC 6000–6799) — กฎนี้ไม่ครอบคลุม
2023-03-31,38777.0,BEN,BEN,ok,BEN,กลุ่มการเงิน (SIC 6000–6799) — กฎนี้ไม่ครอบคลุม
2023-03-31,1390777.0,BK,BNY,ok,BNY,กลุ่มการเงิน (SIC 6000–6799) — กฎนี้ไม่ครอบคลุม
2023-03-31,1364742.0,BLK,BLK,ok,,กลุ่มการเงิน (SIC 6000–6799) — กฎนี้ไม่ครอบคลุม
2023-03-31,1067983.0,BRK.B,BRK-B,ok_no_shares,BRK-B,กลุ่มการเงิน (SIC 6000–6799) — กฎนี้ไม่ครอบคลุม
2023-03-31,79282.0,BRO,BRO,ok,BRO,กลุ่มการเงิน (SIC 6000–6799) — กฎนี้ไม่ครอบคลุม
2023-03-31,1037540.0,BXP,BXP,ok,BXP,กลุ่มการเงิน (SIC 6000–6799) — กฎนี้ไม่ครอบคลุม
2023-03-31,831001.0,C,C,ok,C,กลุ่มการเงิน (SIC 6000–6799) — กฎนี้ไม่ครอบคลุม
2023-03-31,896159.0,CB,CB,ok,CB,กลุ่มการเงิน (SIC 6000–6799) — กฎนี้ไม่ครอบคลุม
2023-03-31,1374310.0,CBOE,CBOE,ok,CBOE,กลุ่มการเงิน (SIC 6000–6799) — กฎนี้ไม่ครอบคลุม
2023-03-31,1138118.0,CBRE,CBRE,ok,CBRE,กลุ่มการเงิน (SIC 6000–6799) — กฎนี้ไม่ครอบคลุม
2023-03-31,1051470.0,CCI,CCI,ok,CCI,กลุ่มการเงิน (SIC 6000–6799) — กฎนี้ไม่ครอบคลุม
2023-03-31,1725057.0,CDAY,,no_price,,ไม่อยู่ใน universe (ข้อมูลราคา/market cap: no_price)
2023-03-31,759944.0,CFG,CFG,ok,CFG,กลุ่มการเงิน (SIC 6000–6799) — กฎนี้ไม่ครอบคลุม
2023-03-31,1739940.0,CI,CI,ok,CI,กลุ่มการเงิน (SIC 6000–6799) — กฎนี้ไม่ครอบคลุม
2023-03-31,20286.0,CINF,CINF,ok,CINF,กลุ่มการเงิน (SIC 6000–6799) — กฎนี้ไม่ครอบคลุม
2023-03-31,28412.0,CMA,,no_price,,กลุ่มการเงิน (SIC 6000–6799) — กฎนี้ไม่ครอบคลุม
2023-03-31,1156375.0,CME,CME,ok,CME,กลุ่มการเงิน (SIC 6000–6799) — กฎนี้ไม่ครอบคลุม
2023-03-31,1071739.0,CNC,CNC,ok,CNC,กลุ่มการเงิน (SIC 6000–6799) — กฎนี้ไม่ครอบคลุม
2023-03-31,927628.0,COF,COF,ok,COF,กลุ่มการเงิน (SIC 6000–6799) — กฎนี้ไม่ครอบคลุม
2023-03-31,906345.0,CPT,CPT,ok,CPT,กลุ่มการเงิน (SIC 6000–6799) — กฎนี้ไม่ครอบคลุม
2023-03-31,1596783.0,CTLT,,no_price,,ไม่อยู่ใน universe (ข้อมูลราคา/market cap: no_price)
2023-03-31,,CTRA,,,,ไม่อยู่ใน universe (ข้อมูลราคา/market cap: None)
2023-03-31,1393612.0,DFS,,no_price,,กลุ่มการเงิน (SIC 6000–6799) — กฎนี้ไม่ครอบคลุม
2023-03-31,1001082.0,DISH,,no_price,,ไม่อยู่ใน universe (ข้อมูลราคา/market cap: no_price)
2023-03-31,1297996.0,DLR,DLR,ok,DLR,กลุ่มการเงิน (SIC 6000–6799) — กฎนี้ไม่ครอบคลุม
2023-03-31,712515.0,EA,,no_price,,ไม่อยู่ใน universe (ข้อมูลราคา/market cap: no_price)
2023-03-31,1156039.0,ELV,ELV,ok,ELV,กลุ่มการเงิน (SIC 6000–6799) — กฎนี้ไม่ครอบคลุม
2023-03-31,1101239.0,EQIX,EQIX,ok,EQIX,กลุ่มการเงิน (SIC 6000–6799) — กฎนี้ไม่ครอบคลุม
2023-03-31,906107.0,EQR,VMRK,ok,VMRK,กลุ่มการเงิน (SIC 6000–6799) — กฎนี้ไม่ครอบคลุม
2023-03-31,920522.0,ESS,ESS,ok,ESS,กลุ่มการเงิน (SIC 6000–6799) — กฎนี้ไม่ครอบคลุม
2023-03-31,1289490.0,EXR,EXR,ok,EXR,กลุ่มการเงิน (SIC 6000–6799) — กฎนี้ไม่ครอบคลุม
2023-03-31,35527.0,FITB,FITB,ok,FITB,กลุ่มการเงิน (SIC 6000–6799) — กฎนี้ไม่ครอบคลุม
2023-03-31,1754301.0,FOX,FOXA,ok_no_shares,FOXA,ไม่อยู่ใน universe (ข้อมูลราคา/market cap: ok_no_shares)
2023-03-31,1754301.0,FOXA,FOXA,ok_no_shares,FOXA,ไม่อยู่ใน universe (ข้อมูลราคา/market cap: ok_no_shares)
2023-03-31,,FRC,,,,ไม่อยู่ใน universe (ข้อมูลราคา/market cap: None)
2023-03-31,34903.0,FRT,FRT,ok,FRT,กลุ่มการเงิน (SIC 6000–6799) — กฎนี้ไม่ครอบคลุม
2023-03-31,1932393.0,GEHC,GEHC,ok_no_shares,GEHC,ไม่อยู่ใน universe (ข้อมูลราคา/market cap: ok_no_shares)
2023-03-31,320335.0,GL,GL,ok,GL,กลุ่มการเงิน (SIC 6000–6799) — กฎนี้ไม่ครอบคลุม
2023-03-31,886982.0,GS,GS,ok,GS,กลุ่มการเงิน (SIC 6000–6799) — กฎนี้ไม่ครอบคลุม
2023-03-31,49196.0,HBAN,HBAN,ok,HBAN,กลุ่มการเงิน (SIC 6000–6799) — กฎนี้ไม่ครอบคลุม
2023-03-31,4447.0,HES,,no_price,,ไม่อยู่ใน universe (ข้อมูลราคา/market cap: no_price)
2023-03-31,874766.0,HIG,HIG,ok,HIG,กลุ่มการเงิน (SIC 6000–6799) — กฎนี้ไม่ครอบคลุม
2023-03-31,859737.0,HOLX,,no_price,,ไม่อยู่ใน universe (ข้อมูลราคา/market cap: no_price)
2023-03-31,49071.0,HUM,HUM,ok,HUM,กลุ่มการเงิน (SIC 6000–6799) — กฎนี้ไม่ครอบคลุม
2023-03-31,1571949.0,ICE,ICE,ok,ICE,กลุ่มการเงิน (SIC 6000–6799) — กฎนี้ไม่ครอบคลุม
2023-03-31,1687229.0,INVH,INVH,ok,INVH,กลุ่มการเงิน (SIC 6000–6799) — กฎนี้ไม่ครอบคลุม
2023-03-31,51644.0,IPG,,no_price,,ไม่อยู่ใน universe (ข้อมูลราคา/market cap: no_price)
2023-03-31,1020569.0,IRM,IRM,ok,IRM,กลุ่มการเงิน (SIC 6000–6799) — กฎนี้ไม่ครอบคลุม
2023-03-31,914208.0,IVZ,IVZ,ok,IVZ,กลุ่มการเงิน (SIC 6000–6799) — กฎนี้ไม่ครอบคลุม
2023-03-31,1043604.0,JNPR,,no_price,,ไม่อยู่ใน universe (ข้อมูลราคา/market cap: no_price)
2023-03-31,19617.0,JPM,JPM,ok,JPM,กลุ่มการเงิน (SIC 6000–6799) — กฎนี้ไม่ครอบคลุม
2023-03-31,55067.0,K,,no_price,,ไม่อยู่ใน universe (ข้อมูลราคา/market cap: no_price)
2023-03-31,91576.0,KEY,KEY,ok,KEY,กลุ่มการเงิน (SIC 6000–6799) — กฎนี้ไม่ครอบคลุม
2023-03-31,879101.0,KIM,KIM,ok,KIM,กลุ่มการเงิน (SIC 6000–6799) — กฎนี้ไม่ครอบคลุม
2023-03-31,60086.0,L,L,ok,L,กลุ่มการเงิน (SIC 6000–6799) — กฎนี้ไม่ครอบคลุม
2023-03-31,59558.0,LNC,LNC,ok,LNC,กลุ่มการเงิน (SIC 6000–6799) — กฎนี้ไม่ครอบคลุม
2023-03-31,912595.0,MAA,MAA,ok,MAA,กลุ่มการเงิน (SIC 6000–6799) — กฎนี้ไม่ครอบคลุม
2023-03-31,1099219.0,MET,MET,ok,MET,กลุ่มการเงิน (SIC 6000–6799) — กฎนี้ไม่ครอบคลุม
2023-03-31,1278021.0,MKTX,MKTX,ok,MKTX,กลุ่มการเงิน (SIC 6000–6799) — กฎนี้ไม่ครอบคลุม
2023-03-31,62709.0,MMC,MRSH,ok,MRSH,กลุ่มการเงิน (SIC 6000–6799) — กฎนี้ไม่ครอบคลุม
2023-03-31,1179929.0,MOH,MOH,ok,MOH,กลุ่มการเงิน (SIC 6000–6799) — กฎนี้ไม่ครอบคลุม
2023-03-31,101778.0,MRO,,no_price,,ไม่อยู่ใน universe (ข้อมูลราคา/market cap: no_price)
2023-03-31,895421.0,MS,MS,ok,MS,กลุ่มการเงิน (SIC 6000–6799) — กฎนี้ไม่ครอบคลุม
2023-03-31,36270.0,MTB,MTB,ok,MTB,กลุ่มการเงิน (SIC 6000–6799) — กฎนี้ไม่ครอบคลุม
2023-03-31,1120193.0,NDAQ,NDAQ,ok,NDAQ,กลุ่มการเงิน (SIC 6000–6799) — กฎนี้ไม่ครอบคลุม
2023-03-31,73124.0,NTRS,NTRS,ok,NTRS,กลุ่มการเงิน (SIC 6000–6799) — กฎนี้ไม่ครอบคลุม
2023-03-31,726728.0,O,O,ok,O,กลุ่มการเงิน (SIC 6000–6799) — กฎนี้ไม่ครอบคลุม
2023-03-31,765880.0,PEAK,DOC,ok,DOC,กลุ่มการเงิน (SIC 6000–6799) — กฎนี้ไม่ครอบคลุม
2023-03-31,1126328.0,PFG,PFG,ok,PFG,กลุ่มการเงิน (SIC 6000–6799) — กฎนี้ไม่ครอบคลุม
2023-03-31,80661.0,PGR,PGR,ok,PGR,กลุ่มการเงิน (SIC 6000–6799) — กฎนี้ไม่ครอบคลุม
2023-03-31,1045609.0,PLD,PLD,ok,PLD,กลุ่มการเงิน (SIC 6000–6799) — กฎนี้ไม่ครอบคลุม
2023-03-31,713676.0,PNC,PNC,ok,PNC,กลุ่มการเงิน (SIC 6000–6799) — กฎนี้ไม่ครอบคลุม
2023-03-31,1137774.0,PRU,PRU,ok,PRU,กลุ่มการเงิน (SIC 6000–6799) — กฎนี้ไม่ครอบคลุม
2023-03-31,1393311.0,PSA,PSA,ok,PSA,กลุ่มการเงิน (SIC 6000–6799) — กฎนี้ไม่ครอบคลุม
2023-03-31,1038357.0,PXD,,no_price,,ไม่อยู่ใน universe (ข้อมูลราคา/market cap: no_price)
2023-03-31,1095073.0,RE,EG,ok,EG,กลุ่มการเงิน (SIC 6000–6799) — กฎนี้ไม่ครอบคลุม
2023-03-31,910606.0,REG,REG,ok,REG,กลุ่มการเงิน (SIC 6000–6799) — กฎนี้ไม่ครอบคลุม
2023-03-31,1281761.0,RF,RF,ok,RF,กลุ่มการเงิน (SIC 6000–6799) — กฎนี้ไม่ครอบคลุม
2023-03-31,720005.0,RJF,RJF,ok,RJF,กลุ่มการเงิน (SIC 6000–6799) — กฎนี้ไม่ครอบคลุม
2023-03-31,1034054.0,SBAC,SBAC,ok,SBAC,กลุ่มการเงิน (SIC 6000–6799) — กฎนี้ไม่ครอบคลุม
2023-03-31,316709.0,SCHW,SCHW,ok,SCHW,กลุ่มการเงิน (SIC 6000–6799) — กฎนี้ไม่ครอบคลุม
2023-03-31,1012100.0,SEE,,no_price,,ไม่อยู่ใน universe (ข้อมูลราคา/market cap: no_price)
2023-03-31,1063761.0,SPG,SPG,ok,SPG,กลุ่มการเงิน (SIC 6000–6799) — กฎนี้ไม่ครอบคลุม
2023-03-31,93751.0,STT,STT,ok,STT,กลุ่มการเงิน (SIC 6000–6799) — กฎนี้ไม่ครอบคลุม
2023-03-31,16918.0,STZ,STZ,ok_no_shares,STZ,ไม่อยู่ใน universe (ข้อมูลราคา/market cap: ok_no_shares)
2023-03-31,1601712.0,SYF,SYF,ok,SYF,กลุ่มการเงิน (SIC 6000–6799) — กฎนี้ไม่ครอบคลุม
2023-03-31,92230.0,TFC,TFC,ok,TFC,กลุ่มการเงิน (SIC 6000–6799) — กฎนี้ไม่ครอบคลุม
2023-03-31,1113169.0,TROW,TROW,ok,TROW,กลุ่มการเงิน (SIC 6000–6799) — กฎนี้ไม่ครอบคลุม
2023-03-31,86312.0,TRV,TRV,ok,TRV,กลุ่มการเงิน (SIC 6000–6799) — กฎนี้ไม่ครอบคลุม
2023-03-31,100493.0,TSN,TSN,ok_no_shares,TSN,ไม่อยู่ใน universe (ข้อมูลราคา/market cap: ok_no_shares)
2023-03-31,74208.0,UDR,UDR,ok,UDR,กลุ่มการเงิน (SIC 6000–6799) — กฎนี้ไม่ครอบคลุม
2023-03-31,731766.0,UNH,UNH,ok,UNH,กลุ่มการเงิน (SIC 6000–6799) — กฎนี้ไม่ครอบคลุม
2023-03-31,36104.0,USB,USB,ok,USB,กลุ่มการเงิน (SIC 6000–6799) — กฎนี้ไม่ครอบคลุม
2023-03-31,1403161.0,V,V,ok_no_shares,V,ไม่อยู่ใน universe (ข้อมูลราคา/market cap: ok_no_shares)
2023-03-31,1705696.0,VICI,VICI,ok,VICI,กลุ่มการเงิน (SIC 6000–6799) — กฎนี้ไม่ครอบคลุม
2023-03-31,740260.0,VTR,VTR,ok,VTR,กลุ่มการเงิน (SIC 6000–6799) — กฎนี้ไม่ครอบคลุม
2023-03-31,1618921.0,WBA,,no_price,,ไม่อยู่ใน universe (ข้อมูลราคา/market cap: no_price)
2023-03-31,766704.0,WELL,WELL,ok,WELL,กลุ่มการเงิน (SIC 6000–6799) — กฎนี้ไม่ครอบคลุม
2023-03-31,72971.0,WFC,WFC,ok,WFC,กลุ่มการเงิน (SIC 6000–6799) — กฎนี้ไม่ครอบคลุม
2023-03-31,11544.0,WRB,WRB,ok,WRB,กลุ่มการเงิน (SIC 6000–6799) — กฎนี้ไม่ครอบคลุม
2023-03-31,1732845.0,WRK,,no_price,,ไม่อยู่ใน universe (ข้อมูลราคา/market cap: no_price)
2023-03-31,1140536.0,WTW,WTW,ok,WTW,กลุ่มการเงิน (SIC 6000–6799) — กฎนี้ไม่ครอบคลุม
2023-03-31,106535.0,WY,WY,ok,WY,กลุ่มการเงิน (SIC 6000–6799) — กฎนี้ไม่ครอบคลุม
2023-03-31,109380.0,ZION,ZION,ok,ZION,กลุ่มการเงิน (SIC 6000–6799) — กฎนี้ไม่ครอบคลุม
2023-04-28,947484.0,ACGL,ACGL,ok,ACGL,กลุ่มการเงิน (SIC 6000–6799) — กฎนี้ไม่ครอบคลุม
2023-04-28,4977.0,AFL,AFL,ok,AFL,กลุ่มการเงิน (SIC 6000–6799) — กฎนี้ไม่ครอบคลุม
2023-04-28,5272.0,AIG,AIG,ok,AIG,กลุ่มการเงิน (SIC 6000–6799) — กฎนี้ไม่ครอบคลุม
2023-04-28,1267238.0,AIZ,AIZ,ok,AIZ,กลุ่มการเงิน (SIC 6000–6799) — กฎนี้ไม่ครอบคลุม
2023-04-28,354190.0,AJG,AJG,ok,AJG,กลุ่มการเงิน (SIC 6000–6799) — กฎนี้ไม่ครอบคลุม
2023-04-28,899051.0,ALL,ALL,ok,ALL,กลุ่มการเงิน (SIC 6000–6799) — กฎนี้ไม่ครอบคลุม
2023-04-28,820027.0,AMP,AMP,ok,AMP,กลุ่มการเงิน (SIC 6000–6799) — กฎนี้ไม่ครอบคลุม
2023-04-28,1053507.0,AMT,AMT,ok,AMT,กลุ่มการเงิน (SIC 6000–6799) — กฎนี้ไม่ครอบคลุม
2023-04-28,1013462.0,ANSS,,no_price,,ไม่อยู่ใน universe (ข้อมูลราคา/market cap: no_price)
2023-04-28,315293.0,AON,AON,ok,AON,กลุ่มการเงิน (SIC 6000–6799) — กฎนี้ไม่ครอบคลุม
2023-04-28,1035443.0,ARE,ARE,ok,ARE,กลุ่มการเงิน (SIC 6000–6799) — กฎนี้ไม่ครอบคลุม
2023-04-28,718877.0,ATVI,,no_price,,ไม่อยู่ใน universe (ข้อมูลราคา/market cap: no_price)
2023-04-28,915912.0,AVB,,no_price,,กลุ่มการเงิน (SIC 6000–6799) — กฎนี้ไม่ครอบคลุม
2023-04-28,4962.0,AXP,AXP,ok,AXP,กลุ่มการเงิน (SIC 6000–6799) — กฎนี้ไม่ครอบคลุม
2023-04-28,70858.0,BAC,BAC,ok,BAC,กลุ่มการเงิน (SIC 6000–6799) — กฎนี้ไม่ครอบคลุม
2023-04-28,38777.0,BEN,BEN,ok,BEN,กลุ่มการเงิน (SIC 6000–6799) — กฎนี้ไม่ครอบคลุม
2023-04-28,1390777.0,BK,BNY,ok,BNY,กลุ่มการเงิน (SIC 6000–6799) — กฎนี้ไม่ครอบคลุม
2023-04-28,1364742.0,BLK,BLK,ok,,กลุ่มการเงิน (SIC 6000–6799) — กฎนี้ไม่ครอบคลุม
2023-04-28,1067983.0,BRK.B,BRK-B,ok_no_shares,BRK-B,กลุ่มการเงิน (SIC 6000–6799) — กฎนี้ไม่ครอบคลุม
2023-04-28,79282.0,BRO,BRO,ok,BRO,กลุ่มการเงิน (SIC 6000–6799) — กฎนี้ไม่ครอบคลุม
2023-04-28,1037540.0,BXP,BXP,ok,BXP,กลุ่มการเงิน (SIC 6000–6799) — กฎนี้ไม่ครอบคลุม
2023-04-28,831001.0,C,C,ok,C,กลุ่มการเงิน (SIC 6000–6799) — กฎนี้ไม่ครอบคลุม
2023-04-28,896159.0,CB,CB,ok,CB,กลุ่มการเงิน (SIC 6000–6799) — กฎนี้ไม่ครอบคลุม
2023-04-28,1374310.0,CBOE,CBOE,ok,CBOE,กลุ่มการเงิน (SIC 6000–6799) — กฎนี้ไม่ครอบคลุม
2023-04-28,1138118.0,CBRE,CBRE,ok,CBRE,กลุ่มการเงิน (SIC 6000–6799) — กฎนี้ไม่ครอบคลุม
2023-04-28,1051470.0,CCI,CCI,ok,CCI,กลุ่มการเงิน (SIC 6000–6799) — กฎนี้ไม่ครอบคลุม
2023-04-28,1725057.0,CDAY,,no_price,,ไม่อยู่ใน universe (ข้อมูลราคา/market cap: no_price)
2023-04-28,759944.0,CFG,CFG,ok,CFG,กลุ่มการเงิน (SIC 6000–6799) — กฎนี้ไม่ครอบคลุม
2023-04-28,1739940.0,CI,CI,ok,CI,กลุ่มการเงิน (SIC 6000–6799) — กฎนี้ไม่ครอบคลุม
2023-04-28,20286.0,CINF,CINF,ok,CINF,กลุ่มการเงิน (SIC 6000–6799) — กฎนี้ไม่ครอบคลุม
2023-04-28,28412.0,CMA,,no_price,,กลุ่มการเงิน (SIC 6000–6799) — กฎนี้ไม่ครอบคลุม
2023-04-28,1156375.0,CME,CME,ok,CME,กลุ่มการเงิน (SIC 6000–6799) — กฎนี้ไม่ครอบคลุม
2023-04-28,1071739.0,CNC,CNC,ok,CNC,กลุ่มการเงิน (SIC 6000–6799) — กฎนี้ไม่ครอบคลุม
2023-04-28,927628.0,COF,COF,ok,COF,กลุ่มการเงิน (SIC 6000–6799) — กฎนี้ไม่ครอบคลุม
2023-04-28,906345.0,CPT,CPT,ok,CPT,กลุ่มการเงิน (SIC 6000–6799) — กฎนี้ไม่ครอบคลุม
2023-04-28,1596783.0,CTLT,,no_price,,ไม่อยู่ใน universe (ข้อมูลราคา/market cap: no_price)
2023-04-28,,CTRA,,,,ไม่อยู่ใน universe (ข้อมูลราคา/market cap: None)
2023-04-28,1393612.0,DFS,,no_price,,กลุ่มการเงิน (SIC 6000–6799) — กฎนี้ไม่ครอบคลุม
2023-04-28,1001082.0,DISH,,no_price,,ไม่อยู่ใน universe (ข้อมูลราคา/market cap: no_price)
2023-04-28,1297996.0,DLR,DLR,ok,DLR,กลุ่มการเงิน (SIC 6000–6799) — กฎนี้ไม่ครอบคลุม
2023-04-28,712515.0,EA,,no_price,,ไม่อยู่ใน universe (ข้อมูลราคา/market cap: no_price)
2023-04-28,1156039.0,ELV,ELV,ok,ELV,กลุ่มการเงิน (SIC 6000–6799) — กฎนี้ไม่ครอบคลุม
2023-04-28,1101239.0,EQIX,EQIX,ok,EQIX,กลุ่มการเงิน (SIC 6000–6799) — กฎนี้ไม่ครอบคลุม
2023-04-28,906107.0,EQR,VMRK,ok,VMRK,กลุ่มการเงิน (SIC 6000–6799) — กฎนี้ไม่ครอบคลุม
2023-04-28,920522.0,ESS,ESS,ok,ESS,กลุ่มการเงิน (SIC 6000–6799) — กฎนี้ไม่ครอบคลุม
2023-04-28,1289490.0,EXR,EXR,ok,EXR,กลุ่มการเงิน (SIC 6000–6799) — กฎนี้ไม่ครอบคลุม
2023-04-28,35527.0,FITB,FITB,ok,FITB,กลุ่มการเงิน (SIC 6000–6799) — กฎนี้ไม่ครอบคลุม
2023-04-28,1754301.0,FOX,FOXA,ok_no_shares,FOXA,ไม่อยู่ใน universe (ข้อมูลราคา/market cap: ok_no_shares)
2023-04-28,1754301.0,FOXA,FOXA,ok_no_shares,FOXA,ไม่อยู่ใน universe (ข้อมูลราคา/market cap: ok_no_shares)
2023-04-28,,FRC,,,,ไม่อยู่ใน universe (ข้อมูลราคา/market cap: None)
2023-04-28,34903.0,FRT,FRT,ok,FRT,กลุ่มการเงิน (SIC 6000–6799) — กฎนี้ไม่ครอบคลุม
2023-04-28,1932393.0,GEHC,GEHC,ok_no_shares,GEHC,ไม่อยู่ใน universe (ข้อมูลราคา/market cap: ok_no_shares)
2023-04-28,320335.0,GL,GL,ok,GL,กลุ่มการเงิน (SIC 6000–6799) — กฎนี้ไม่ครอบคลุม
2023-04-28,886982.0,GS,GS,ok,GS,กลุ่มการเงิน (SIC 6000–6799) — กฎนี้ไม่ครอบคลุม
2023-04-28,49196.0,HBAN,HBAN,ok,HBAN,กลุ่มการเงิน (SIC 6000–6799) — กฎนี้ไม่ครอบคลุม
2023-04-28,4447.0,HES,,no_price,,ไม่อยู่ใน universe (ข้อมูลราคา/market cap: no_price)
2023-04-28,874766.0,HIG,HIG,ok,HIG,กลุ่มการเงิน (SIC 6000–6799) — กฎนี้ไม่ครอบคลุม
2023-04-28,859737.0,HOLX,,no_price,,ไม่อยู่ใน universe (ข้อมูลราคา/market cap: no_price)
2023-04-28,49071.0,HUM,HUM,ok,HUM,กลุ่มการเงิน (SIC 6000–6799) — กฎนี้ไม่ครอบคลุม
2023-04-28,1571949.0,ICE,ICE,ok,ICE,กลุ่มการเงิน (SIC 6000–6799) — กฎนี้ไม่ครอบคลุม
2023-04-28,1687229.0,INVH,INVH,ok,INVH,กลุ่มการเงิน (SIC 6000–6799) — กฎนี้ไม่ครอบคลุม
2023-04-28,51644.0,IPG,,no_price,,ไม่อยู่ใน universe (ข้อมูลราคา/market cap: no_price)
2023-04-28,1020569.0,IRM,IRM,ok,IRM,กลุ่มการเงิน (SIC 6000–6799) — กฎนี้ไม่ครอบคลุม
2023-04-28,914208.0,IVZ,IVZ,ok,IVZ,กลุ่มการเงิน (SIC 6000–6799) — กฎนี้ไม่ครอบคลุม
2023-04-28,1043604.0,JNPR,,no_price,,ไม่อยู่ใน universe (ข้อมูลราคา/market cap: no_price)
2023-04-28,19617.0,JPM,JPM,ok,JPM,กลุ่มการเงิน (SIC 6000–6799) — กฎนี้ไม่ครอบคลุม
2023-04-28,55067.0,K,,no_price,,ไม่อยู่ใน universe (ข้อมูลราคา/market cap: no_price)
2023-04-28,91576.0,KEY,KEY,ok,KEY,กลุ่มการเงิน (SIC 6000–6799) — กฎนี้ไม่ครอบคลุม
2023-04-28,879101.0,KIM,KIM,ok,KIM,กลุ่มการเงิน (SIC 6000–6799) — กฎนี้ไม่ครอบคลุม
2023-04-28,60086.0,L,L,ok,L,กลุ่มการเงิน (SIC 6000–6799) — กฎนี้ไม่ครอบคลุม
2023-04-28,59558.0,LNC,LNC,ok,LNC,กลุ่มการเงิน (SIC 6000–6799) — กฎนี้ไม่ครอบคลุม
2023-04-28,912595.0,MAA,MAA,ok,MAA,กลุ่มการเงิน (SIC 6000–6799) — กฎนี้ไม่ครอบคลุม
2023-04-28,1099219.0,MET,MET,ok,MET,กลุ่มการเงิน (SIC 6000–6799) — กฎนี้ไม่ครอบคลุม
2023-04-28,1278021.0,MKTX,MKTX,ok,MKTX,กลุ่มการเงิน (SIC 6000–6799) — กฎนี้ไม่ครอบคลุม
2023-04-28,62709.0,MMC,MRSH,ok,MRSH,กลุ่มการเงิน (SIC 6000–6799) — กฎนี้ไม่ครอบคลุม
2023-04-28,1179929.0,MOH,MOH,ok,MOH,กลุ่มการเงิน (SIC 6000–6799) — กฎนี้ไม่ครอบคลุม
2023-04-28,101778.0,MRO,,no_price,,ไม่อยู่ใน universe (ข้อมูลราคา/market cap: no_price)
2023-04-28,895421.0,MS,MS,ok,MS,กลุ่มการเงิน (SIC 6000–6799) — กฎนี้ไม่ครอบคลุม
2023-04-28,36270.0,MTB,MTB,ok,MTB,กลุ่มการเงิน (SIC 6000–6799) — กฎนี้ไม่ครอบคลุม
2023-04-28,1120193.0,NDAQ,NDAQ,ok,NDAQ,กลุ่มการเงิน (SIC 6000–6799) — กฎนี้ไม่ครอบคลุม
2023-04-28,73124.0,NTRS,NTRS,ok,NTRS,กลุ่มการเงิน (SIC 6000–6799) — กฎนี้ไม่ครอบคลุม
2023-04-28,726728.0,O,O,ok,O,กลุ่มการเงิน (SIC 6000–6799) — กฎนี้ไม่ครอบคลุม
2023-04-28,765880.0,PEAK,DOC,ok,DOC,กลุ่มการเงิน (SIC 6000–6799) — กฎนี้ไม่ครอบคลุม
2023-04-28,1126328.0,PFG,PFG,ok,PFG,กลุ่มการเงิน (SIC 6000–6799) — กฎนี้ไม่ครอบคลุม
2023-04-28,80661.0,PGR,PGR,ok,PGR,กลุ่มการเงิน (SIC 6000–6799) — กฎนี้ไม่ครอบคลุม
2023-04-28,1045609.0,PLD,PLD,ok,PLD,กลุ่มการเงิน (SIC 6000–6799) — กฎนี้ไม่ครอบคลุม
2023-04-28,713676.0,PNC,PNC,ok,PNC,กลุ่มการเงิน (SIC 6000–6799) — กฎนี้ไม่ครอบคลุม
2023-04-28,1137774.0,PRU,PRU,ok,PRU,กลุ่มการเงิน (SIC 6000–6799) — กฎนี้ไม่ครอบคลุม
2023-04-28,1393311.0,PSA,PSA,ok,PSA,กลุ่มการเงิน (SIC 6000–6799) — กฎนี้ไม่ครอบคลุม
2023-04-28,1038357.0,PXD,,no_price,,ไม่อยู่ใน universe (ข้อมูลราคา/market cap: no_price)
2023-04-28,1095073.0,RE,EG,ok,EG,กลุ่มการเงิน (SIC 6000–6799) — กฎนี้ไม่ครอบคลุม
2023-04-28,910606.0,REG,REG,ok,REG,กลุ่มการเงิน (SIC 6000–6799) — กฎนี้ไม่ครอบคลุม
2023-04-28,1281761.0,RF,RF,ok,RF,กลุ่มการเงิน (SIC 6000–6799) — กฎนี้ไม่ครอบคลุม
2023-04-28,720005.0,RJF,RJF,ok,RJF,กลุ่มการเงิน (SIC 6000–6799) — กฎนี้ไม่ครอบคลุม
2023-04-28,1034054.0,SBAC,SBAC,ok,SBAC,กลุ่มการเงิน (SIC 6000–6799) — กฎนี้ไม่ครอบคลุม
2023-04-28,316709.0,SCHW,SCHW,ok,SCHW,กลุ่มการเงิน (SIC 6000–6799) — กฎนี้ไม่ครอบคลุม
2023-04-28,1012100.0,SEE,,no_price,,ไม่อยู่ใน universe (ข้อมูลราคา/market cap: no_price)
2023-04-28,1063761.0,SPG,SPG,ok,SPG,กลุ่มการเงิน (SIC 6000–6799) — กฎนี้ไม่ครอบคลุม
2023-04-28,93751.0,STT,STT,ok,STT,กลุ่มการเงิน (SIC 6000–6799) — กฎนี้ไม่ครอบคลุม
2023-04-28,16918.0,STZ,STZ,ok_no_shares,STZ,ไม่อยู่ใน universe (ข้อมูลราคา/market cap: ok_no_shares)
2023-04-28,1601712.0,SYF,SYF,ok,SYF,กลุ่มการเงิน (SIC 6000–6799) — กฎนี้ไม่ครอบคลุม
2023-04-28,92230.0,TFC,TFC,ok,TFC,กลุ่มการเงิน (SIC 6000–6799) — กฎนี้ไม่ครอบคลุม
2023-04-28,1113169.0,TROW,TROW,ok,TROW,กลุ่มการเงิน (SIC 6000–6799) — กฎนี้ไม่ครอบคลุม
2023-04-28,86312.0,TRV,TRV,ok,TRV,กลุ่มการเงิน (SIC 6000–6799) — กฎนี้ไม่ครอบคลุม
2023-04-28,100493.0,TSN,TSN,ok_no_shares,TSN,ไม่อยู่ใน universe (ข้อมูลราคา/market cap: ok_no_shares)
2023-04-28,74208.0,UDR,UDR,ok,UDR,กลุ่มการเงิน (SIC 6000–6799) — กฎนี้ไม่ครอบคลุม
2023-04-28,731766.0,UNH,UNH,ok,UNH,กลุ่มการเงิน (SIC 6000–6799) — กฎนี้ไม่ครอบคลุม
2023-04-28,36104.0,USB,USB,ok,USB,กลุ่มการเงิน (SIC 6000–6799) — กฎนี้ไม่ครอบคลุม
2023-04-28,1403161.0,V,V,ok_no_shares,V,ไม่อยู่ใน universe (ข้อมูลราคา/market cap: ok_no_shares)
2023-04-28,1705696.0,VICI,VICI,ok,VICI,กลุ่มการเงิน (SIC 6000–6799) — กฎนี้ไม่ครอบคลุม
2023-04-28,740260.0,VTR,VTR,ok,VTR,กลุ่มการเงิน (SIC 6000–6799) — กฎนี้ไม่ครอบคลุม
2023-04-28,1618921.0,WBA,,no_price,,ไม่อยู่ใน universe (ข้อมูลราคา/market cap: no_price)
2023-04-28,766704.0,WELL,WELL,ok,WELL,กลุ่มการเงิน (SIC 6000–6799) — กฎนี้ไม่ครอบคลุม
2023-04-28,72971.0,WFC,WFC,ok,WFC,กลุ่มการเงิน (SIC 6000–6799) — กฎนี้ไม่ครอบคลุม
2023-04-28,11544.0,WRB,WRB,ok,WRB,กลุ่มการเงิน (SIC 6000–6799) — กฎนี้ไม่ครอบคลุม
2023-04-28,1732845.0,WRK,,no_price,,ไม่อยู่ใน universe (ข้อมูลราคา/market cap: no_price)
2023-04-28,1140536.0,WTW,WTW,ok,WTW,กลุ่มการเงิน (SIC 6000–6799) — กฎนี้ไม่ครอบคลุม
2023-04-28,106535.0,WY,WY,ok,WY,กลุ่มการเงิน (SIC 6000–6799) — กฎนี้ไม่ครอบคลุม
2023-04-28,109380.0,ZION,ZION,ok,ZION,กลุ่มการเงิน (SIC 6000–6799) — กฎนี้ไม่ครอบคลุม
2023-05-31,947484.0,ACGL,ACGL,ok,ACGL,กลุ่มการเงิน (SIC 6000–6799) — กฎนี้ไม่ครอบคลุม
2023-05-31,4977.0,AFL,AFL,ok,AFL,กลุ่มการเงิน (SIC 6000–6799) — กฎนี้ไม่ครอบคลุม
2023-05-31,5272.0,AIG,AIG,ok,AIG,กลุ่มการเงิน (SIC 6000–6799) — กฎนี้ไม่ครอบคลุม
2023-05-31,1267238.0,AIZ,AIZ,ok,AIZ,กลุ่มการเงิน (SIC 6000–6799) — กฎนี้ไม่ครอบคลุม
2023-05-31,354190.0,AJG,AJG,ok,AJG,กลุ่มการเงิน (SIC 6000–6799) — กฎนี้ไม่ครอบคลุม
2023-05-31,899051.0,ALL,ALL,ok,ALL,กลุ่มการเงิน (SIC 6000–6799) — กฎนี้ไม่ครอบคลุม
2023-05-31,820027.0,AMP,AMP,ok,AMP,กลุ่มการเงิน (SIC 6000–6799) — กฎนี้ไม่ครอบคลุม
2023-05-31,1053507.0,AMT,AMT,ok,AMT,กลุ่มการเงิน (SIC 6000–6799) — กฎนี้ไม่ครอบคลุม
2023-05-31,1013462.0,ANSS,,no_price,,ไม่อยู่ใน universe (ข้อมูลราคา/market cap: no_price)
2023-05-31,315293.0,AON,AON,ok,AON,กลุ่มการเงิน (SIC 6000–6799) — กฎนี้ไม่ครอบคลุม
2023-05-31,1035443.0,ARE,ARE,ok,ARE,กลุ่มการเงิน (SIC 6000–6799) — กฎนี้ไม่ครอบคลุม
2023-05-31,718877.0,ATVI,,no_price,,ไม่อยู่ใน universe (ข้อมูลราคา/market cap: no_price)
2023-05-31,915912.0,AVB,,no_price,,กลุ่มการเงิน (SIC 6000–6799) — กฎนี้ไม่ครอบคลุม
2023-05-31,4962.0,AXP,AXP,ok,AXP,กลุ่มการเงิน (SIC 6000–6799) — กฎนี้ไม่ครอบคลุม
2023-05-31,70858.0,BAC,BAC,ok,BAC,กลุ่มการเงิน (SIC 6000–6799) — กฎนี้ไม่ครอบคลุม
2023-05-31,38777.0,BEN,BEN,ok,BEN,กลุ่มการเงิน (SIC 6000–6799) — กฎนี้ไม่ครอบคลุม
2023-05-31,1390777.0,BK,BNY,ok,BNY,กลุ่มการเงิน (SIC 6000–6799) — กฎนี้ไม่ครอบคลุม
2023-05-31,1364742.0,BLK,BLK,ok,,กลุ่มการเงิน (SIC 6000–6799) — กฎนี้ไม่ครอบคลุม
2023-05-31,1067983.0,BRK.B,BRK-B,ok_no_shares,BRK-B,กลุ่มการเงิน (SIC 6000–6799) — กฎนี้ไม่ครอบคลุม
2023-05-31,79282.0,BRO,BRO,ok,BRO,กลุ่มการเงิน (SIC 6000–6799) — กฎนี้ไม่ครอบคลุม
2023-05-31,1037540.0,BXP,BXP,ok,BXP,กลุ่มการเงิน (SIC 6000–6799) — กฎนี้ไม่ครอบคลุม
2023-05-31,831001.0,C,C,ok,C,กลุ่มการเงิน (SIC 6000–6799) — กฎนี้ไม่ครอบคลุม
2023-05-31,896159.0,CB,CB,ok,CB,กลุ่มการเงิน (SIC 6000–6799) — กฎนี้ไม่ครอบคลุม
2023-05-31,1374310.0,CBOE,CBOE,ok,CBOE,กลุ่มการเงิน (SIC 6000–6799) — กฎนี้ไม่ครอบคลุม
2023-05-31,1138118.0,CBRE,CBRE,ok,CBRE,กลุ่มการเงิน (SIC 6000–6799) — กฎนี้ไม่ครอบคลุม
2023-05-31,1051470.0,CCI,CCI,ok,CCI,กลุ่มการเงิน (SIC 6000–6799) — กฎนี้ไม่ครอบคลุม
2023-05-31,1725057.0,CDAY,,no_price,,ไม่อยู่ใน universe (ข้อมูลราคา/market cap: no_price)
2023-05-31,759944.0,CFG,CFG,ok,CFG,กลุ่มการเงิน (SIC 6000–6799) — กฎนี้ไม่ครอบคลุม
2023-05-31,1739940.0,CI,CI,ok,CI,กลุ่มการเงิน (SIC 6000–6799) — กฎนี้ไม่ครอบคลุม
2023-05-31,20286.0,CINF,CINF,ok,CINF,กลุ่มการเงิน (SIC 6000–6799) — กฎนี้ไม่ครอบคลุม
2023-05-31,28412.0,CMA,,no_price,,กลุ่มการเงิน (SIC 6000–6799) — กฎนี้ไม่ครอบคลุม
2023-05-31,1156375.0,CME,CME,ok,CME,กลุ่มการเงิน (SIC 6000–6799) — กฎนี้ไม่ครอบคลุม
2023-05-31,1071739.0,CNC,CNC,ok,CNC,กลุ่มการเงิน (SIC 6000–6799) — กฎนี้ไม่ครอบคลุม
2023-05-31,927628.0,COF,COF,ok,COF,กลุ่มการเงิน (SIC 6000–6799) — กฎนี้ไม่ครอบคลุม
2023-05-31,906345.0,CPT,CPT,ok,CPT,กลุ่มการเงิน (SIC 6000–6799) — กฎนี้ไม่ครอบคลุม
2023-05-31,1596783.0,CTLT,,no_price,,ไม่อยู่ใน universe (ข้อมูลราคา/market cap: no_price)
2023-05-31,,CTRA,,,,ไม่อยู่ใน universe (ข้อมูลราคา/market cap: None)
2023-05-31,1393612.0,DFS,,no_price,,กลุ่มการเงิน (SIC 6000–6799) — กฎนี้ไม่ครอบคลุม
2023-05-31,1001082.0,DISH,,no_price,,ไม่อยู่ใน universe (ข้อมูลราคา/market cap: no_price)
2023-05-31,1297996.0,DLR,DLR,ok,DLR,กลุ่มการเงิน (SIC 6000–6799) — กฎนี้ไม่ครอบคลุม
2023-05-31,712515.0,EA,,no_price,,ไม่อยู่ใน universe (ข้อมูลราคา/market cap: no_price)
2023-05-31,1156039.0,ELV,ELV,ok,ELV,กลุ่มการเงิน (SIC 6000–6799) — กฎนี้ไม่ครอบคลุม
2023-05-31,1101239.0,EQIX,EQIX,ok,EQIX,กลุ่มการเงิน (SIC 6000–6799) — กฎนี้ไม่ครอบคลุม
2023-05-31,906107.0,EQR,VMRK,ok,VMRK,กลุ่มการเงิน (SIC 6000–6799) — กฎนี้ไม่ครอบคลุม
2023-05-31,920522.0,ESS,ESS,ok,ESS,กลุ่มการเงิน (SIC 6000–6799) — กฎนี้ไม่ครอบคลุม
2023-05-31,1289490.0,EXR,EXR,ok,EXR,กลุ่มการเงิน (SIC 6000–6799) — กฎนี้ไม่ครอบคลุม
2023-05-31,35527.0,FITB,FITB,ok,FITB,กลุ่มการเงิน (SIC 6000–6799) — กฎนี้ไม่ครอบคลุม
2023-05-31,1754301.0,FOX,FOXA,ok_no_shares,FOXA,ไม่อยู่ใน universe (ข้อมูลราคา/market cap: ok_no_shares)
2023-05-31,1754301.0,FOXA,FOXA,ok_no_shares,FOXA,ไม่อยู่ใน universe (ข้อมูลราคา/market cap: ok_no_shares)
2023-05-31,34903.0,FRT,FRT,ok,FRT,กลุ่มการเงิน (SIC 6000–6799) — กฎนี้ไม่ครอบคลุม
2023-05-31,1932393.0,GEHC,GEHC,ok_no_shares,GEHC,ไม่อยู่ใน universe (ข้อมูลราคา/market cap: ok_no_shares)
2023-05-31,320335.0,GL,GL,ok,GL,กลุ่มการเงิน (SIC 6000–6799) — กฎนี้ไม่ครอบคลุม
2023-05-31,886982.0,GS,GS,ok,GS,กลุ่มการเงิน (SIC 6000–6799) — กฎนี้ไม่ครอบคลุม
2023-05-31,49196.0,HBAN,HBAN,ok,HBAN,กลุ่มการเงิน (SIC 6000–6799) — กฎนี้ไม่ครอบคลุม
2023-05-31,4447.0,HES,,no_price,,ไม่อยู่ใน universe (ข้อมูลราคา/market cap: no_price)
2023-05-31,874766.0,HIG,HIG,ok,HIG,กลุ่มการเงิน (SIC 6000–6799) — กฎนี้ไม่ครอบคลุม
2023-05-31,859737.0,HOLX,,no_price,,ไม่อยู่ใน universe (ข้อมูลราคา/market cap: no_price)
2023-05-31,49071.0,HUM,HUM,ok,HUM,กลุ่มการเงิน (SIC 6000–6799) — กฎนี้ไม่ครอบคลุม
2023-05-31,1571949.0,ICE,ICE,ok,ICE,กลุ่มการเงิน (SIC 6000–6799) — กฎนี้ไม่ครอบคลุม
2023-05-31,1687229.0,INVH,INVH,ok,INVH,กลุ่มการเงิน (SIC 6000–6799) — กฎนี้ไม่ครอบคลุม
2023-05-31,51644.0,IPG,,no_price,,ไม่อยู่ใน universe (ข้อมูลราคา/market cap: no_price)
2023-05-31,1020569.0,IRM,IRM,ok,IRM,กลุ่มการเงิน (SIC 6000–6799) — กฎนี้ไม่ครอบคลุม
2023-05-31,914208.0,IVZ,IVZ,ok,IVZ,กลุ่มการเงิน (SIC 6000–6799) — กฎนี้ไม่ครอบคลุม
2023-05-31,1043604.0,JNPR,,no_price,,ไม่อยู่ใน universe (ข้อมูลราคา/market cap: no_price)
2023-05-31,19617.0,JPM,JPM,ok,JPM,กลุ่มการเงิน (SIC 6000–6799) — กฎนี้ไม่ครอบคลุม
2023-05-31,55067.0,K,,no_price,,ไม่อยู่ใน universe (ข้อมูลราคา/market cap: no_price)
2023-05-31,91576.0,KEY,KEY,ok,KEY,กลุ่มการเงิน (SIC 6000–6799) — กฎนี้ไม่ครอบคลุม
2023-05-31,879101.0,KIM,KIM,ok,KIM,กลุ่มการเงิน (SIC 6000–6799) — กฎนี้ไม่ครอบคลุม
2023-05-31,60086.0,L,L,ok,L,กลุ่มการเงิน (SIC 6000–6799) — กฎนี้ไม่ครอบคลุม
2023-05-31,59558.0,LNC,LNC,ok,LNC,กลุ่มการเงิน (SIC 6000–6799) — กฎนี้ไม่ครอบคลุม
2023-05-31,912595.0,MAA,MAA,ok,MAA,กลุ่มการเงิน (SIC 6000–6799) — กฎนี้ไม่ครอบคลุม
2023-05-31,1099219.0,MET,MET,ok,MET,กลุ่มการเงิน (SIC 6000–6799) — กฎนี้ไม่ครอบคลุม
2023-05-31,1278021.0,MKTX,MKTX,ok,MKTX,กลุ่มการเงิน (SIC 6000–6799) — กฎนี้ไม่ครอบคลุม
2023-05-31,62709.0,MMC,MRSH,ok,MRSH,กลุ่มการเงิน (SIC 6000–6799) — กฎนี้ไม่ครอบคลุม
2023-05-31,1179929.0,MOH,MOH,ok,MOH,กลุ่มการเงิน (SIC 6000–6799) — กฎนี้ไม่ครอบคลุม
2023-05-31,101778.0,MRO,,no_price,,ไม่อยู่ใน universe (ข้อมูลราคา/market cap: no_price)
2023-05-31,895421.0,MS,MS,ok,MS,กลุ่มการเงิน (SIC 6000–6799) — กฎนี้ไม่ครอบคลุม
2023-05-31,36270.0,MTB,MTB,ok,MTB,กลุ่มการเงิน (SIC 6000–6799) — กฎนี้ไม่ครอบคลุม
2023-05-31,1120193.0,NDAQ,NDAQ,ok,NDAQ,กลุ่มการเงิน (SIC 6000–6799) — กฎนี้ไม่ครอบคลุม
2023-05-31,73124.0,NTRS,NTRS,ok,NTRS,กลุ่มการเงิน (SIC 6000–6799) — กฎนี้ไม่ครอบคลุม
2023-05-31,726728.0,O,O,ok,O,กลุ่มการเงิน (SIC 6000–6799) — กฎนี้ไม่ครอบคลุม
2023-05-31,765880.0,PEAK,DOC,ok,DOC,กลุ่มการเงิน (SIC 6000–6799) — กฎนี้ไม่ครอบคลุม
2023-05-31,1126328.0,PFG,PFG,ok,PFG,กลุ่มการเงิน (SIC 6000–6799) — กฎนี้ไม่ครอบคลุม
2023-05-31,80661.0,PGR,PGR,ok,PGR,กลุ่มการเงิน (SIC 6000–6799) — กฎนี้ไม่ครอบคลุม
2023-05-31,1045609.0,PLD,PLD,ok,PLD,กลุ่มการเงิน (SIC 6000–6799) — กฎนี้ไม่ครอบคลุม
2023-05-31,713676.0,PNC,PNC,ok,PNC,กลุ่มการเงิน (SIC 6000–6799) — กฎนี้ไม่ครอบคลุม
2023-05-31,1137774.0,PRU,PRU,ok,PRU,กลุ่มการเงิน (SIC 6000–6799) — กฎนี้ไม่ครอบคลุม
2023-05-31,1393311.0,PSA,PSA,ok,PSA,กลุ่มการเงิน (SIC 6000–6799) — กฎนี้ไม่ครอบคลุม
2023-05-31,1038357.0,PXD,,no_price,,ไม่อยู่ใน universe (ข้อมูลราคา/market cap: no_price)
2023-05-31,1095073.0,RE,EG,ok,EG,กลุ่มการเงิน (SIC 6000–6799) — กฎนี้ไม่ครอบคลุม
2023-05-31,910606.0,REG,REG,ok,REG,กลุ่มการเงิน (SIC 6000–6799) — กฎนี้ไม่ครอบคลุม
2023-05-31,1281761.0,RF,RF,ok,RF,กลุ่มการเงิน (SIC 6000–6799) — กฎนี้ไม่ครอบคลุม
2023-05-31,720005.0,RJF,RJF,ok,RJF,กลุ่มการเงิน (SIC 6000–6799) — กฎนี้ไม่ครอบคลุม
2023-05-31,1034054.0,SBAC,SBAC,ok,SBAC,กลุ่มการเงิน (SIC 6000–6799) — กฎนี้ไม่ครอบคลุม
2023-05-31,316709.0,SCHW,SCHW,ok,SCHW,กลุ่มการเงิน (SIC 6000–6799) — กฎนี้ไม่ครอบคลุม
2023-05-31,1012100.0,SEE,,no_price,,ไม่อยู่ใน universe (ข้อมูลราคา/market cap: no_price)
2023-05-31,1063761.0,SPG,SPG,ok,SPG,กลุ่มการเงิน (SIC 6000–6799) — กฎนี้ไม่ครอบคลุม
2023-05-31,93751.0,STT,STT,ok,STT,กลุ่มการเงิน (SIC 6000–6799) — กฎนี้ไม่ครอบคลุม
2023-05-31,16918.0,STZ,STZ,ok_no_shares,STZ,ไม่อยู่ใน universe (ข้อมูลราคา/market cap: ok_no_shares)
2023-05-31,1601712.0,SYF,SYF,ok,SYF,กลุ่มการเงิน (SIC 6000–6799) — กฎนี้ไม่ครอบคลุม
2023-05-31,92230.0,TFC,TFC,ok,TFC,กลุ่มการเงิน (SIC 6000–6799) — กฎนี้ไม่ครอบคลุม
2023-05-31,1113169.0,TROW,TROW,ok,TROW,กลุ่มการเงิน (SIC 6000–6799) — กฎนี้ไม่ครอบคลุม
2023-05-31,86312.0,TRV,TRV,ok,TRV,กลุ่มการเงิน (SIC 6000–6799) — กฎนี้ไม่ครอบคลุม
2023-05-31,100493.0,TSN,TSN,ok_no_shares,TSN,ไม่อยู่ใน universe (ข้อมูลราคา/market cap: ok_no_shares)
2023-05-31,74208.0,UDR,UDR,ok,UDR,กลุ่มการเงิน (SIC 6000–6799) — กฎนี้ไม่ครอบคลุม
2023-05-31,731766.0,UNH,UNH,ok,UNH,กลุ่มการเงิน (SIC 6000–6799) — กฎนี้ไม่ครอบคลุม
2023-05-31,36104.0,USB,USB,ok,USB,กลุ่มการเงิน (SIC 6000–6799) — กฎนี้ไม่ครอบคลุม
2023-05-31,1403161.0,V,V,ok_no_shares,V,ไม่อยู่ใน universe (ข้อมูลราคา/market cap: ok_no_shares)
2023-05-31,1705696.0,VICI,VICI,ok,VICI,กลุ่มการเงิน (SIC 6000–6799) — กฎนี้ไม่ครอบคลุม
2023-05-31,740260.0,VTR,VTR,ok,VTR,กลุ่มการเงิน (SIC 6000–6799) — กฎนี้ไม่ครอบคลุม
2023-05-31,1618921.0,WBA,,no_price,,ไม่อยู่ใน universe (ข้อมูลราคา/market cap: no_price)
2023-05-31,766704.0,WELL,WELL,ok,WELL,กลุ่มการเงิน (SIC 6000–6799) — กฎนี้ไม่ครอบคลุม
2023-05-31,72971.0,WFC,WFC,ok,WFC,กลุ่มการเงิน (SIC 6000–6799) — กฎนี้ไม่ครอบคลุม
2023-05-31,11544.0,WRB,WRB,ok,WRB,กลุ่มการเงิน (SIC 6000–6799) — กฎนี้ไม่ครอบคลุม
2023-05-31,1732845.0,WRK,,no_price,,ไม่อยู่ใน universe (ข้อมูลราคา/market cap: no_price)
2023-05-31,1140536.0,WTW,WTW,ok,WTW,กลุ่มการเงิน (SIC 6000–6799) — กฎนี้ไม่ครอบคลุม
2023-05-31,106535.0,WY,WY,ok,WY,กลุ่มการเงิน (SIC 6000–6799) — กฎนี้ไม่ครอบคลุม
2023-05-31,109380.0,ZION,ZION,ok,ZION,กลุ่มการเงิน (SIC 6000–6799) — กฎนี้ไม่ครอบคลุม
