R,cik,ticker,yahoo,sic_group,fy_t_end,mcap,value,pct,rank,n_ranked,n_selected,selected,cap_weight,cur_ticker
2021-06-30,6769.0,APA,APA,Oil & gas extraction,2020-12-31,8173132485.616453,0.4078695750818397,1.0,1,367,73,True,0.0011718629727466864,
2021-06-30,1090012.0,DVN,DVN,Oil & gas extraction,2020-12-31,19647789359.474182,0.350755427652461,0.997275204359673,2,367,73,True,0.00281709820405016,DVN
2021-06-30,1539838.0,FANG,FANG,Oil & gas extraction,2020-12-31,14836089000.384903,0.3224787363304982,0.9945504087193461,3,367,73,True,0.0021271970557827256,FANG
2021-06-30,1021860.0,NOV,NOV,Machinery & computers,2020-12-31,5947396185.567329,0.30054597452118903,0.9918256130790191,4,367,73,True,0.000852737109839663,NOV
2021-06-30,87347.0,SLB,SLB,Oil & gas extraction,2020-12-31,44568351642.627106,0.2726591456869139,0.989100817438692,5,367,73,True,0.0063902060976330066,SLB
2021-06-30,1373715.0,NOW,NOW,Business services & software,2020-12-31,107766758590.69824,0.22637455083081667,0.9863760217983651,6,367,73,True,0.015451587785664652,NOW
2021-06-30,45012.0,HAL,HAL,Oil & gas extraction,2020-12-31,20545190503.7703,0.20956640684369368,0.9836512261580381,7,367,73,True,0.0029457674963382576,HAL
2021-06-30,797468.0,OXY,OXY,Oil & gas extraction,2020-12-31,29129716458.29191,0.1983800965183691,0.9809264305177112,8,367,73,True,0.004176616026249004,OXY
2021-06-30,745732.0,ROST,ROST,Retail,2021-01-30,44208895276.0,0.19582417189992637,0.9782016348773842,9,367,73,True,0.006338667277344742,ROST
2021-06-30,14272.0,BMY,BMY,Chemicals & pharma,2020-12-31,149708549039.72125,0.18570594746905505,0.9754768392370572,10,367,73,True,0.021465197784573606,BMY
2021-06-30,764478.0,BBY,BBY,Retail,2021-01-30,28750160681.864044,0.18056437186219632,0.9727520435967303,11,367,73,True,0.004122195354459982,BBY
2021-06-30,1370637.0,ETSY,ETSY,Business services & software,2020-12-31,25945982510.233765,0.16707539016646478,0.9700272479564033,12,367,73,True,0.0037201325500087973,ETSY
2021-06-30,1018724.0,AMZN,AMZN,Retail,2020-12-31,1732343242020.26,0.16372430427327278,0.9673024523160763,13,367,73,True,0.24838321230986113,AMZN
2021-06-30,109198.0,TJX,TJX,Retail,2021-01-30,81306512383.90251,0.16271966233175186,0.9645776566757494,14,367,73,True,0.011657720154854292,TJX
2021-06-30,31462.0,ECL,ECL,Chemicals (other),2020-12-31,58876515786.257935,0.15620936989519196,0.9618528610354223,15,367,73,True,0.008441709336741227,ECL
2021-06-30,1336917.0,UA,UAA,Other manufacturing,2020-12-31,9603982176.778793,0.15435056291882682,0.9591280653950953,16,367,73,True,0.0013770180678818794,UAA
2021-06-30,821189.0,EOG,EOG,Oil & gas extraction,2020-12-31,48692538112.475525,0.1539124056590275,0.9564032697547684,17,367,73,True,0.006981531568647161,EOG
2021-06-30,1090727.0,UPS,UPS,Transportation,2020-12-31,180309991058.3496,0.15159855319502766,0.9536784741144414,18,367,73,True,0.025852829684263827,UPS
2021-06-30,1262039.0,FTNT,FTNT,Machinery & computers,2020-12-31,38870445395.02533,0.15011349306431274,0.9509536784741145,19,367,73,True,0.005573240831806545,FTNT
2021-06-30,40987.0,GPC,GPC,Wholesale,2020-12-31,18262775573.91443,0.1455269779323705,0.9482288828337875,20,367,73,True,0.002618515056781041,GPC
2021-06-30,814453.0,NWL,NWL,Other manufacturing,2020-12-31,11663761708.450317,0.14514534308878782,0.9455040871934605,21,367,73,True,0.001672349064832593,NWL
2021-06-30,927653.0,MCK,MCK,Wholesale,2021-03-31,30251544482.423172,0.14384375346501718,0.9427792915531336,22,367,73,True,0.004337463623615444,MCK
2021-06-30,1116132.0,TPR,TPR,Other manufacturing,2020-06-27,12010966119.066826,0.14310711752187277,0.9400544959128065,23,367,73,True,0.0017221312008118966,TPR
2021-06-30,721371.0,CAH,CAH,Wholesale,2020-06-30,16695632514.733425,0.13840864319886453,0.9373297002724795,24,367,73,True,0.002393818231263637,CAH
2021-06-30,1564708.0,NWS,NWSA,Other manufacturing,2020-06-30,15150183269.119263,0.13672761243827572,0.9346049046321526,25,367,73,True,0.002172231862710119,NWSA
2021-06-30,78239.0,PVH,PVH,Other manufacturing,2021-01-31,7657221031.1562805,0.13621794276588237,0.9318801089918256,26,367,73,True,0.0010978916365715133,PVH
2021-06-30,1140859.0,ABC,COR,Wholesale,2020-09-30,23384553097.705467,0.1345948634824986,0.9291553133514986,27,367,73,True,0.00335287503997471,COR
2021-06-30,1510295.0,MPC,MPC,Petroleum refining,2020-12-31,39350024761.12015,0.13330502846816247,0.9264305177111717,28,367,73,True,0.0056420028765438454,MPC
2021-06-30,27419.0,TGT,TGT,Retail,2021-01-30,120535478092.18048,0.1309623831452668,0.9237057220708447,29,367,73,True,0.01728236559570366,TGT
2021-06-30,1403568.0,ULTA,ULTA,Retail,2021-01-30,19434206928.346924,0.12749249259657655,0.9209809264305178,30,367,73,True,0.0027864747750151204,ULTA
2021-06-30,1730168.0,AVGO,AVGO,Electronics & semis,2020-11-01,193937075491.7424,0.12690864975666893,0.9182561307901907,31,367,73,True,0.0278066797781035,AVGO
2021-06-30,27904.0,DAL,DAL,Transportation,2020-12-31,27606223656.79201,0.1258642915738896,0.9155313351498637,32,367,73,True,0.003958177770602743,DAL
2021-06-30,18926.0,LUMN,LUMN,Communications,2020-12-31,14906172206.48581,0.12495972159566926,0.9128065395095368,33,367,73,True,0.0021372455793305283,LUMN
2021-06-30,882095.0,GILD,GILD,Chemicals & pharma,2020-12-31,86529005489.1236,0.12373686881892428,0.9100817438692098,34,367,73,True,0.012406520728710627,GILD
2021-06-30,1413447.0,NXPI,NXPI,Electronics & semis,2020-12-31,56986127036.424774,0.12191756766926724,0.9073569482288828,35,367,73,True,0.00817066557427623,NXPI
2021-06-30,60667.0,LOW,LOW,Retail,2021-01-29,139126312457.99768,0.1209660580470037,0.9046321525885559,36,367,73,True,0.019947917691440258,LOW
2021-06-30,1318605.0,TSLA,TSLA,Transport equipment,2020-12-31,652412423739.5596,0.12079993522791677,0.9019073569482289,37,367,73,True,0.09354283240676557,TSLA
2021-06-30,315213.0,RHI,RHI,Business services & software,2020-12-31,10064718398.471863,0.11922859527706028,0.8991825613079019,38,367,73,True,0.0014430783843340472,RHI
2021-06-30,860730.0,HCA,HCA,Health services,2020-12-31,70274545817.2226,0.11838181268098716,0.896457765667575,39,367,73,True,0.01007595781846455,HCA
2021-06-30,1058290.0,CTSH,CTSH,Business services & software,2020-12-31,36750344642.594345,0.1151326712349443,0.8937329700272479,40,367,73,True,0.0052692609838549094,CTSH
2021-06-30,1385157.0,TEL,TEL,Wholesale,2020-09-25,44719705651.101715,0.11470104787343333,0.8910081743869209,41,367,73,True,0.006411907221237735,TEL
2021-06-30,1163165.0,COP,COP,Petroleum refining,2020-12-31,82503346941.46115,0.11271519995192741,0.888283378746594,42,367,73,True,0.011829322181980963,COP
2021-06-30,352915.0,UHS,UHS,Health services,2020-12-31,12455481606.994629,0.1126433672302894,0.885558583106267,43,367,73,True,0.0017858657899711631,UHS
2021-06-30,701985.0,LB,BBWI,Retail,2021-01-30,20091369556.02654,0.11015855457227139,0.8828337874659401,44,367,73,True,0.0028806986912193336,BBWI
2021-06-30,723125.0,MU,MU,Electronics & semis,2020-09-03,94601592216.03165,0.10956954126651391,0.8801089918256131,45,367,73,True,0.013563967459960621,MU
2021-06-30,1551152.0,ABBV,ABBV,Chemicals & pharma,2020-12-31,198908912483.79135,0.10824432576769025,0.8773841961852861,46,367,73,True,0.028519541301854388,ABBV
2021-06-30,728535.0,JBHT,JBHT,Transportation,2020-12-31,13631923537.898804,0.10822231240397354,0.8746594005449592,47,367,73,True,0.001954543924191966,JBHT
2021-06-30,1534701.0,PSX,PSX,Petroleum refining,2020-12-31,37496994164.22075,0.10729806683650532,0.8719346049046321,48,367,73,True,0.005376315522558746,PSX
2021-06-30,21076.0,CLX,CLX,Chemicals (other),2020-06-30,22707080422.61783,0.10715861947215112,0.8692098092643051,49,367,73,True,0.003255739071069274,CLX
2021-06-30,34088.0,XOM,XOM,Petroleum refining,2020-12-31,267048125484.53918,0.10673232213556684,0.8664850136239782,50,367,73,True,0.038289335300446765,
2021-06-30,916365.0,TSCO,TSCO,Retail,2020-12-26,21639121583.488903,0.10464206657857301,0.8637602179836512,51,367,73,True,0.0031026152324192596,TSCO
2021-06-30,1001250.0,EL,EL,Chemicals (other),2020-06-30,114699643157.95898,0.10317742508969842,0.8610354223433242,52,367,73,True,0.01644562412766664,EL
2021-06-30,64040.0,SPGI,SPGI,Business services & software,2020-12-31,98795312546.57591,0.10282604144860791,0.8583106267029973,53,367,73,True,0.014165262689429688,SPGI
2021-06-30,73309.0,NUE,NUE,Other manufacturing,2020-12-31,28591539248.896378,0.10269841014024933,0.8555858310626703,54,367,73,True,0.004099452228209923,NUE
2021-06-30,50863.0,INTC,INTC,Electronics & semis,2020-12-26,228096817520.1416,0.10002934930856482,0.8528610354223434,55,367,73,True,0.03270450040099293,INTC
2021-06-30,1000697.0,WAT,WAT,Instruments & medical devices,2020-12-31,21491995409.976807,0.09966175496458664,0.8501362397820164,56,367,73,True,0.0030815202953967473,WAT
2021-06-30,354950.0,HD,HD,Retail,2021-01-31,343466671322.25354,0.09806513048260916,0.8474114441416893,57,367,73,True,0.04924621926824757,HD
2021-06-30,84839.0,ROL,ROL,Business services & software,2020-12-31,16831254244.674492,0.09746381615229581,0.8446866485013624,58,367,73,True,0.002413263662240986,ROL
2021-06-30,940944.0,DRI,DRI,Retail,2020-05-31,18963196721.51796,0.09720371995529993,0.8419618528610354,59,367,73,True,0.002718941375533344,DRI
2021-06-30,898173.0,ORLY,ORLY,Retail,2020-12-31,39751718258.03107,0.09718657537608337,0.8392370572207084,60,367,73,True,0.0056995976526289585,ORLY
2021-06-30,37996.0,F,F,Transport equipment,2020-12-31,59038778635.9787,0.0971665924936953,0.8365122615803815,61,367,73,True,0.008464974568985383,F
2021-06-30,1013871.0,NRG,NRG,Utilities,2020-12-31,9860922465.417942,0.09674479641307913,0.8337874659400545,62,367,73,True,0.0014138581424790984,NRG
2021-06-30,909832.0,COST,COST,Retail,2020-08-30,174580699367.78275,0.09625975672570229,0.8310626702997275,63,367,73,True,0.025031364376555166,COST
2021-06-30,1067701.0,URI,URI,Business services & software,2020-12-31,23032291741.831055,0.09598783864487757,0.8283378746594006,64,367,73,True,0.003302367839656443,URI
2021-06-30,1280452.0,MPWR,MPWR,Electronics & semis,2020-12-31,17037163006.896973,0.09555141057229408,0.8256130790190735,65,367,73,True,0.0024427868413448703,MPWR
2021-06-30,24545.0,TAP,TAP,Food & beverage mfg,2020-12-31,11639991702.270508,0.09413267984673675,0.8228882833787466,66,367,73,True,0.0016689409235656919,TAP
2021-06-30,1467373.0,ACN,ACN,Business services & software,2020-08-31,187574856790.40305,0.09293805767031647,0.8201634877384196,67,367,73,True,0.02689446545468014,ACN
2021-06-30,779152.0,JKHY,JKHY,Business services & software,2020-06-30,12531705692.823837,0.09271621655893836,0.8174386920980926,68,367,73,True,0.001796794792281099,JKHY
2021-06-30,827054.0,MCHP,MCHP,Electronics & semis,2021-03-31,40958594686.212906,0.09244091561986616,0.8147138964577657,69,367,73,True,0.0058726394822280785,MCHP
2021-06-30,104169.0,WMT,WMT,Retail,2021-01-31,397263462464.72876,0.0922879971206014,0.8119891008174387,70,367,73,True,0.05695959815980468,WMT
2021-06-30,1699150.0,IR,IR,Machinery & computers,2020-12-31,20439905338.035793,0.09161309034659448,0.8092643051771117,71,367,73,True,0.0029306717191046328,IR
2021-06-30,877212.0,ZBRA,ZBRA,Machinery & computers,2020-12-31,28310456280.797363,0.0908189569700575,0.8065395095367848,72,367,73,True,0.004059150578485701,ZBRA
2021-06-30,851968.0,MHK,MHK,Other manufacturing,2020-12-31,13496803146.71106,0.09051197912019193,0.8038147138964578,73,367,73,True,0.0019351703751182632,MHK
2021-06-30,56873.0,KR,KR,Retail,2021-01-30,28808879718.016193,0.09007857918609852,0.8010899182561307,74,367,73,False,,KR
2021-06-30,1585689.0,HLT,HLT,Services (hotels/personal),2020-12-31,33485053477.852592,0.0897452068617558,0.7983651226158038,75,367,73,False,,HLT
2021-06-30,732717.0,T,T,Communications,2020-12-31,205252149714.92947,0.08966893440873189,0.7956403269754768,76,367,73,False,,T
2021-06-30,1086222.0,AKAM,AKAM,Business services & software,2020-12-31,19031483232.945633,0.0890860858860352,0.7929155313351499,77,367,73,False,,AKAM
2021-06-30,749251.0,IT,IT,Services (professional),2020-12-31,21488358654.843323,0.08799633876792573,0.7901907356948229,78,367,73,False,,IT
2021-06-30,1048695.0,FFIV,FFIV,Machinery & computers,2020-09-30,11498835244.917297,0.08761736670965439,0.7874659400544959,79,367,73,False,,FFIV
2021-06-30,1463101.0,ENPH,ENPH,Electronics & semis,2020-12-31,23692183968.91687,0.08606901598003476,0.784741144414169,80,367,73,False,,ENPH
2021-06-30,813672.0,CDNS,CDNS,Business services & software,2021-01-02,38169224723.2666,0.08600918717954682,0.782016348773842,81,367,73,False,,CDNS
2021-06-30,55785.0,KMB,KMB,Other manufacturing,2020-12-31,45266325339.6781,0.08394805828202158,0.779291553133515,82,367,73,False,,KMB
2021-06-30,1652044.0,GOOG,GOOG,Business services & software,2020-12-31,1692322428591.6138,0.08347256622308047,0.776566757493188,83,367,73,False,,GOOG
2021-06-30,1513761.0,NCLH,NCLH,Transportation,2020-12-31,9285970436.631603,0.08301644548459186,0.773841961852861,84,367,73,False,,NCLH
2021-06-30,1604778.0,QRVO,QRVO,Electronics & semis,2021-04-03,22027609080.624634,0.08246056203704617,0.771117166212534,85,367,73,False,,QRVO
2021-06-30,51143.0,IBM,IBM,Machinery & computers,2020-12-31,130991956398.66493,0.08182192843258469,0.7683923705722071,86,367,73,False,,IBM
2021-06-30,866787.0,AZO,AZO,Retail,2020-08-29,34583024510.90869,0.08117966503404532,0.7656675749318801,87,367,73,False,,AZO
2021-06-30,764180.0,MO,MO,Other manufacturing,2020-12-31,88622323269.94707,0.08104669804002688,0.7629427792915532,88,367,73,False,,MO
2021-06-30,1751788.0,DOW,DOW,Chemicals & pharma,2020-12-31,47074912448.70117,0.08085643556240471,0.7602179836512262,89,367,73,False,,DOW
2021-06-30,766421.0,ALK,ALK,Transportation,2020-12-31,7492094113.358994,0.080624283442435,0.7574931880108992,90,367,73,False,,ALK
2021-06-30,1130310.0,CNP,CNP,Utilities,2020-12-31,13524739939.93325,0.08033667102017124,0.7547683923705722,91,367,73,False,,CNP
2021-06-30,1050915.0,PWR,PWR,Construction,2020-12-31,12531718641.76435,0.08014140385562327,0.7520435967302452,92,367,73,False,,PWR
2021-06-30,818479.0,XRAY,XRAY,Instruments & medical devices,2020-12-31,13857007615.81437,0.08002273626489978,0.7493188010899182,93,367,73,False,,XRAY
2021-06-30,815097.0,CCL,CCL,Transportation,2020-11-30,24580318612743.99,0.07977618067733729,0.7465940054495913,94,367,73,False,,CCL
2021-06-30,1137789.0,STX,STX,Machinery & computers,2020-07-03,22638592587.331024,0.07970811114229581,0.7438692098092643,95,367,73,False,,STX
2021-06-30,874761.0,AES,AES,Utilities,2020-12-31,17349059356.06167,0.07938345225710979,0.7411444141689373,96,367,73,False,,AES
2021-06-30,51434.0,IP,IP,Other manufacturing,2020-12-31,24102010395.282074,0.07918513859700256,0.7384196185286104,97,367,73,False,,IP
2021-06-30,732712.0,VZ,VZ,Communications,2020-12-31,231860460334.1891,0.07881185383947596,0.7356948228882834,98,367,73,False,,VZ
2021-06-30,4127.0,SWKS,SWKS,Electronics & semis,2020-10-02,31846169810.0,0.07836079748248093,0.7329700272479565,99,367,73,False,,SWKS
2021-06-30,75677.0,PKG,PKG,Other manufacturing,2020-12-31,12841636566.244354,0.07796032449383053,0.7302452316076294,100,367,73,False,,PKG
2021-06-30,1091667.0,CHTR,CHTR,Communications,2020-12-31,146682679142.24066,0.0775665711334706,0.7275204359673024,101,367,73,False,,CHTR
2021-06-30,46080.0,HAS,HAS,Other manufacturing,2020-12-27,12982481939.359474,0.07663113773483833,0.7247956403269755,102,367,73,False,,HAS
2021-06-30,1048286.0,MAR,MAR,Services (hotels/personal),2020-12-31,44289021144.04678,0.07662003537546229,0.7220708446866485,103,367,73,False,,MAR
2021-06-30,107263.0,WMB,WMB,Utilities,2020-12-31,32226133955.001423,0.07283410010531567,0.7193460490463215,104,367,73,False,,WMB
2021-06-30,103379.0,VFC,VFC,Other manufacturing,2021-04-03,32172142563.18579,0.07275652461819854,0.7166212534059946,105,367,73,False,,VFC
2021-06-30,900075.0,CPRT,CPRT,Retail,2020-07-31,31108178645.67749,0.07262449778256364,0.7138964577656676,106,367,73,False,,CPRT
2021-06-30,1041061.0,YUM,YUM,Retail,2020-12-31,34515362173.08154,0.07236307858882973,0.7111716621253406,107,367,73,False,,YUM
2021-06-30,1174922.0,WYNN,WYNN,Services (hotels/personal),2020-12-31,14139772700.730423,0.07172244462205671,0.7084468664850136,108,367,73,False,,WYNN
2021-06-30,1002047.0,NTAP,NTAP,Machinery & computers,2021-04-30,18263647108.959457,0.07143703352683331,0.7057220708446866,109,367,73,False,,NTAP
2021-06-30,927066.0,DVA,DVA,Health services,2020-12-31,13175042033.38623,0.07028508238068264,0.7029972752043597,110,367,73,False,,DVA
2021-06-30,1478242.0,IQV,IQV,Services (professional),2020-12-31,46351282624.50598,0.07027083551186866,0.7002724795640327,111,367,73,False,,IQV
2021-06-30,320193.0,AAPL,AAPL,Machinery & computers,2020-09-26,2328566916067.841,0.0702381024269177,0.6975476839237057,112,367,73,False,,AAPL
2021-06-30,1585364.0,PRGO,PRGO,Chemicals & pharma,2020-12-31,6102458641.21138,0.07010153665236202,0.6948228882833788,113,367,73,False,,PRGO
2021-06-30,921738.0,PENN,PENN,Services (hotels/personal),2020-12-31,11969651056.338799,0.06987090202274286,0.6920980926430518,114,367,73,False,,PENN
2021-06-30,91142.0,AOS,AOS,Electronics & semis,2020-12-31,11639893848.97821,0.06985382797047615,0.6893732970027248,115,367,73,False,,AOS
2021-06-30,277135.0,GWW,GWW,Wholesale,2020-12-31,22940564046.0,0.06959349593495935,0.6866485013623979,116,367,73,False,,GWW
2021-06-30,1524472.0,XYL,XYL,Machinery & computers,2020-12-31,21635804655.156868,0.0692588092345079,0.6839237057220708,117,367,73,False,,XYL
2021-06-30,96021.0,SYY,SYY,Wholesale,2020-06-27,39538644688.25,0.06913227382786184,0.6811989100817438,118,367,73,False,,SYY
2021-06-30,1286681.0,DPZ,DPZ,Wholesale,2021-01-03,18101446202.01953,0.06882946908716085,0.6784741144414169,119,367,73,False,,DPZ
2021-06-30,896878.0,INTU,INTU,Business services & software,2020-07-31,128330040700.1576,0.06831648658069013,0.6757493188010899,120,367,73,False,,INTU
2021-06-30,935703.0,DLTR,DLTR,Retail,2021-01-30,23225382037.5,0.06825823305339379,0.6730245231607629,121,367,73,False,,DLTR
2021-06-30,93410.0,CVX,CVX,Petroleum refining,2020-12-31,201768698146.17526,0.06755822286669824,0.670299727520436,122,367,73,False,,CVX
2021-06-30,89800.0,SHW,SHW,Retail,2020-12-31,73236090908.46844,0.06739726831272098,0.667574931880109,123,367,73,False,,SHW
2021-06-30,823768.0,WM,WM,Utilities,2020-12-31,59287959802.55206,0.06680913677130045,0.6648501362397821,124,367,73,False,,WM
2021-06-30,860731.0,TYL,TYL,Business services & software,2020-12-31,18355695151.971436,0.06679422399522555,0.662125340599455,125,367,73,False,,TYL
2021-06-30,1037038.0,RL,RL,Other manufacturing,2021-03-27,8659034820.55664,0.06619460157970383,0.659400544959128,126,367,73,False,,RL
2021-06-30,21665.0,CL,CL,Chemicals (other),2020-12-31,69030572560.49611,0.06616269302836467,0.6566757493188011,127,367,73,False,,CL
2021-06-30,1324404.0,CF,CF,Chemicals (other),2020-12-31,11018518786.390915,0.0660467038644348,0.6539509536784741,128,367,73,False,,CF
2021-06-30,884887.0,RCL,RCL,Transportation,2020-12-31,20256996278.680115,0.06580531983267275,0.6512261580381471,129,367,73,False,,RCL
2021-06-30,39911.0,GPS,GAP,Retail,2021-01-30,12613756003.428108,0.0657242786359662,0.6485013623978202,130,367,73,False,,GAP
2021-06-30,1326801.0,FB,META,Business services & software,2020-12-31,991321185638.4277,0.06560479958454621,0.6457765667574932,131,367,73,False,,META
2021-06-30,1175454.0,FLT,CPAY,Business services & software,2020-12-31,21359580134.9469,0.06555211081118896,0.6430517711171662,132,367,73,False,,CPAY
2021-06-30,1060391.0,RSG,RSG,Utilities,2020-12-31,35082004094.37029,0.06524001578566194,0.6403269754768393,133,367,73,False,,RSG
2021-06-30,1045810.0,NVDA,NVDA,Electronics & semis,2021-01-31,496062013244.6289,0.06463367023814688,0.6376021798365122,134,367,73,False,,NVDA
2021-06-30,1336920.0,LDOS,LDOS,Business services & software,2021-01-01,14345559311.78579,0.06453972026693482,0.6348773841961853,135,367,73,False,,LDOS
2021-06-30,92380.0,LUV,LUV,Transportation,2020-12-31,31359067184.79023,0.06438172709687019,0.6321525885558583,136,367,73,False,,LUV
2021-06-30,1065696.0,LKQ,LKQ,Wholesale,2020-12-31,14929038617.834442,0.0640756828556517,0.6294277929155313,137,367,73,False,,LKQ
2021-06-30,315189.0,DE,DE,Machinery & computers,2020-11-01,110525662150.77216,0.06390190544354567,0.6267029972752044,138,367,73,False,,DE
2021-06-30,815556.0,FAST,FAST,Retail,2020-12-31,29864498352.0,0.06251448883393865,0.6239782016348774,139,367,73,False,,FAST
2021-06-30,2969.0,APD,APD,Chemicals & pharma,2020-09-30,63584928367.71289,0.06247832188124131,0.6212534059945504,140,367,73,False,,APD
2021-06-30,91440.0,SNA,SNA,Other manufacturing,2021-01-02,12110596895.424683,0.06229797237731413,0.6185286103542235,141,367,73,False,,SNA
2021-06-30,878927.0,ODFL,ODFL,Transportation,2020-12-31,29678639128.663742,0.06224571062828856,0.6158038147138964,142,367,73,False,,ODFL
2021-06-30,1792044.0,VTRS,VTRS,Chemicals & pharma,2020-12-31,17249210650.913452,0.06179065195847481,0.6130790190735694,143,367,73,False,,VTRS
2021-06-30,68505.0,MSI,MSI,Electronics & semis,2020-12-31,36653786585.56683,0.06171577284134213,0.6103542234332425,144,367,73,False,,MSI
2021-06-30,319201.0,KLAC,KLAC,Instruments & medical devices,2020-06-30,50402156989.06418,0.06146657600119332,0.6076294277929155,145,367,73,False,,KLAC
2021-06-30,915389.0,EMN,EMN,Chemicals & pharma,2020-12-31,15861871454.5,0.0608893459225328,0.6049046321525886,146,367,73,False,,EMN
2021-06-30,1506307.0,KMI,KMI,Utilities,2020-12-31,41280926474.01695,0.06064463149250667,0.6021798365122616,147,367,73,False,,KMI
2021-06-30,1402057.0,CDW,CDW,Retail,2020-12-31,24624093881.20865,0.060631569236800985,0.5994550408719346,148,367,73,False,,CDW
2021-06-30,1489393.0,LYB,LYB,Chemicals (other),2020-12-31,34372217159.18248,0.0600565023238859,0.5967302452316077,149,367,73,False,,LYB
2021-06-30,75362.0,PCAR,PCAR,Transport equipment,2020-12-31,30964111185.0,0.05965267364992909,0.5940054495912807,150,367,73,False,,PCAR
2021-06-30,1048911.0,FDX,FDX,Transportation,2020-05-31,78148882697.1952,0.059574800687822414,0.5912806539509536,151,367,73,False,,FDX
2021-06-30,1335258.0,LYV,LYV,Services (other),2020-12-31,19098745128.437653,0.05946203922500424,0.5885558583106267,152,367,73,False,,LYV
2021-06-30,66740.0,MMM,MMM,Instruments & medical devices,2020-12-31,115026634873.30931,0.05932415247328891,0.5858310626702997,153,367,73,False,,MMM
2021-06-30,946581.0,TTWO,TTWO,Business services & software,2021-03-31,20473442076.99614,0.058928765014279794,0.5831062670299727,154,367,73,False,,TTWO
2021-06-30,1579241.0,ALLE,ALLE,Business services & software,2020-12-31,12639009248.992996,0.05831096975118444,0.5803814713896458,155,367,73,False,,ALLE
2021-06-30,920760.0,LEN,LEN,Construction,2020-11-30,30739486017.37968,0.05821037459544437,0.5776566757493188,156,367,73,False,,LEN
2021-06-30,79879.0,PPG,PPG,Chemicals (other),2020-12-31,40199644925.02113,0.05748175182481752,0.5749318801089919,157,367,73,False,,PPG
2021-06-30,1039684.0,OKE,OKE,Utilities,2020-12-31,24758886954.203568,0.05730603379862834,0.5722070844686649,158,367,73,False,,OKE
2021-06-30,1110803.0,ILMN,ILMN,Instruments & medical devices,2021-01-03,69041339409.63135,0.05690893228642373,0.5694822888283378,159,367,73,False,,ILMN
2021-06-30,1707925.0,LIN,LIN,Chemicals & pharma,2020-12-31,151152013658.6403,0.056371217277412046,0.5667574931880109,160,367,73,False,,LIN
2021-06-30,715957.0,D,D,Utilities,2020-12-31,59271533413.9357,0.05635664503725066,0.5640326975476839,161,367,73,False,,D
2021-06-30,1781335.0,OTIS,OTIS,Electronics & semis,2020-12-31,35461276623.045235,0.05628278668431632,0.5613079019073569,162,367,73,False,,OTIS
2021-06-30,1601046.0,KEYS,KEYS,Instruments & medical devices,2020-10-31,28734783868.456787,0.056209811429809985,0.55858310626703,163,367,73,False,,KEYS
2021-06-30,1590895.0,CZR,CZR,Services (hotels/personal),2020-12-31,21608783777.5,0.055918359955905876,0.555858310626703,164,367,73,False,,CZR
2021-06-30,24741.0,GLW,GLW,Other manufacturing,2020-12-31,31426247832.536354,0.055904680508772814,0.553133514986376,165,367,73,False,,GLW
2021-06-30,789019.0,MSFT,MSFT,Business services & software,2020-06-30,2050077133902.2122,0.055774520427239495,0.5504087193460491,166,367,73,False,,MSFT
2021-06-30,1058090.0,CMG,CMG,Retail,2020-12-31,43632869306.95009,0.05557267192784667,0.547683923705722,167,367,73,False,,CMG
2021-06-30,723254.0,CTAS,CTAS,Other manufacturing,2020-05-31,39536622584.0,0.05500211266015986,0.5449591280653951,168,367,73,False,,CTAS
2021-06-30,1136869.0,ZBH,ZBH,Instruments & medical devices,2020-12-31,33427322787.60466,0.054769612119927265,0.5422343324250681,169,367,73,False,,ZBH
2021-06-30,875320.0,VRTX,VRTX,Chemicals & pharma,2020-12-31,52415748570.39624,0.05399607668515521,0.5395095367847411,170,367,73,False,,VRTX
2021-06-30,1679273.0,LW,LW,Food & beverage mfg,2020-05-31,11781160450.165894,0.05397904129487446,0.5367847411444142,171,367,73,False,,LW
2021-06-30,936340.0,DTE,DTE,Utilities,2020-12-31,25113070315.672173,0.053308613152052,0.5340599455040872,172,367,73,False,,DTE
2021-06-30,908255.0,BWA,BWA,Transport equipment,2020-12-31,11602082320.836374,0.05316544246239944,0.5313351498637602,173,367,73,False,,BWA
2021-06-30,200406.0,JNJ,JNJ,Chemicals & pharma,2021-01-03,433048728645.52954,0.05304519845349977,0.5286103542234333,174,367,73,False,,JNJ
2021-06-30,1744489.0,DIS,DIS,Services (other),2020-10-03,318228962688.7166,0.05299178576755922,0.5258855585831063,175,367,73,False,,DIS
2021-06-30,1166691.0,CMCSA,CMCSA,Communications,2020-12-31,260809471956.27594,0.05286971670423222,0.5231607629427792,176,367,73,False,,CMCSA
2021-06-30,318154.0,AMGN,AMGN,Chemicals & pharma,2020-12-31,140781805856.25,0.05271697036402919,0.5204359673024523,177,367,73,False,,AMGN
2021-06-30,100517.0,UAL,UAL,Transportation,2020-12-31,16653124972.773743,0.05235424709564101,0.5177111716621253,178,367,73,False,,UAL
2021-06-30,1501585.0,HII,HII,Transport equipment,2020-12-31,8496757170.0,0.05227811430076376,0.5149863760217984,179,367,73,False,,HII
2021-06-30,310764.0,SYK,SYK,Instruments & medical devices,2020-12-31,97710674798.72699,0.052033427911375725,0.5122615803814714,180,367,73,False,,SYK
2021-06-30,101829.0,RTX,RTX,Transport equipment,2020-12-31,129626675901.87659,0.05202919147047229,0.5095367847411444,181,367,73,False,,RTX
2021-06-30,831259.0,FCX,FCX,Mining (metals/coal),2020-12-31,54124210241.24582,0.05188480223741155,0.5068119891008175,182,367,73,False,,FCX
2021-06-30,885725.0,BSX,BSX,Instruments & medical devices,2020-12-31,60598003252.65442,0.05184050079880017,0.5040871934604905,183,367,73,False,,BSX
2021-06-30,77360.0,PNR,PNR,Machinery & computers,2020-12-31,11207628702.239983,0.05157916201854451,0.5013623978201635,184,367,73,False,,PNR
2021-06-30,32604.0,EMR,EMR,Electronics & semis,2020-09-30,57555317026.52987,0.05154567878466539,0.4986376021798365,185,367,73,False,,EMR
2021-06-30,100885.0,UNP,UNP,Transportation,2020-12-31,147315566898.61322,0.05143828936657237,0.49591280653950953,186,367,73,False,,UNP
2021-06-30,1136893.0,FIS,FIS,Business services & software,2020-12-31,87995293574.81949,0.051107081504103834,0.49318801089918257,187,367,73,False,,FIS
2021-06-30,1164727.0,NEM,NEM,Mining (metals/coal),2020-12-31,50723916308.56781,0.05047760716963967,0.4904632152588556,188,367,73,False,,NEM
2021-06-30,10795.0,BDX,BDX,Instruments & medical devices,2020-09-30,70532725400.41435,0.050389025969728767,0.4877384196185286,189,367,73,False,,BDX
2021-06-30,1111711.0,NI,NI,Utilities,2020-12-31,9600562919.5,0.050183108390771426,0.48501362397820164,190,367,73,False,,NI
2021-06-30,29534.0,DG,DG,Retail,2021-01-29,51774391344.24469,0.05016087428062952,0.4822888283378747,191,367,73,False,,DG
2021-06-30,1408198.0,MSCI,MSCI,Business services & software,2020-12-31,44018892101.62775,0.04981193813796503,0.47956403269754766,192,367,73,False,,MSCI
2021-06-30,105770.0,WST,WST,Instruments & medical devices,2020-12-31,26610397088.888977,0.04918990496962144,0.4768392370572207,193,367,73,False,,WST
2021-06-30,40704.0,GIS,GIS,Food & beverage mfg,2020-05-31,37159334441.63733,0.049082453597382704,0.47411444141689374,194,367,73,False,,GIS
2021-06-30,879169.0,INCY,INCY,Services (professional),2020-12-31,18495432798.7918,0.04897141650118466,0.4713896457765668,195,367,73,False,,INCY
2021-06-30,47111.0,HSY,HSY,Food & beverage mfg,2020-12-31,36268999455.75897,0.04874283821901502,0.46866485013623976,196,367,73,False,,HSY
2021-06-30,1757898.0,STE,STE,Instruments & medical devices,2021-03-31,17611756992.527466,0.04870645154650567,0.4659400544959128,197,367,73,False,,STE
2021-06-30,1442145.0,VRSK,VRSK,Business services & software,2020-12-31,28442945580.480194,0.04864199220086201,0.46321525885558584,198,367,73,False,,VRSK
2021-06-30,33185.0,EFX,EFX,Business services & software,2020-12-31,29169462850.818085,0.048639331537372724,0.4604904632152589,199,367,73,False,,EFX
2021-06-30,1800.0,ABT,ABT,Chemicals & pharma,2020-12-31,205373399013.56787,0.048506426460640156,0.45776566757493187,200,367,73,False,,ABT
2021-06-30,1645590.0,HPE,HPE,Machinery & computers,2020-10-31,18859227131.113796,0.0484227636129959,0.4550408719346049,201,367,73,False,,HPE
2021-06-30,9389.0,BLL,BALL,Other manufacturing,2020-12-31,26568613327.492126,0.04773671796023812,0.45231607629427795,202,367,73,False,,BALL
2021-06-30,1551182.0,ETN,ETN,Machinery & computers,2020-12-31,58990455084.228516,0.04747094957372078,0.44959128065395093,203,367,73,False,,ETN
2021-06-30,29905.0,DOV,DOV,Machinery & computers,2020-12-31,21633577474.965424,0.04728645671748772,0.44686648501362397,204,367,73,False,,DOV
2021-06-30,1285785.0,MOS,MOS,Chemicals (other),2020-12-31,12096868485.374947,0.04689382756477002,0.444141689373297,205,367,73,False,,MOS
2021-06-30,1326160.0,DUK,DUK,Utilities,2020-12-31,75882469555.91003,0.04656534651615996,0.44141689373297005,206,367,73,False,,DUK
2021-06-30,832101.0,IEX,IEX,Machinery & computers,2020-12-31,16699536858.447098,0.04654540239733311,0.43869209809264303,207,367,73,False,,IEX
2021-06-30,76334.0,PH,PH,Other manufacturing,2020-06-30,39482556006.5332,0.04634119274512454,0.4359673024523161,208,367,73,False,,PH
2021-06-30,1474735.0,GNRC,GNRC,Electronics & semis,2020-12-31,26096927262.624207,0.04607859019991554,0.4332425068119891,209,367,73,False,,GNRC
2021-06-30,1748790.0,AMCR,AMCR,Other manufacturing,2020-06-30,17974797968.408714,0.045942672828063115,0.4305177111716621,210,367,73,False,,AMCR
2021-06-30,49826.0,ITW,ITW,Machinery & computers,2020-12-31,70793014743.17877,0.0455019556714472,0.42779291553133514,211,367,73,False,,ITW
2021-06-30,1637459.0,KHC,KHC,Food & beverage mfg,2020-12-26,49881105469.52554,0.04543918918918919,0.4250681198910082,212,367,73,False,,KHC
2021-06-30,883241.0,SNPS,SNPS,Business services & software,2020-10-31,42204833655.28073,0.04530113911653039,0.4223433242506812,213,367,73,False,,SNPS
2021-06-30,23217.0,CAG,CAG,Food & beverage mfg,2020-05-31,17725925744.3524,0.045038164509477105,0.4196185286103542,214,367,73,False,,CAG
2021-06-30,1094285.0,TDY,TDY,Instruments & medical devices,2021-01-03,15505082752.26538,0.04490615234981272,0.41689373297002724,215,367,73,False,,TDY
2021-06-30,1035002.0,VLO,VLO,Petroleum refining,2020-12-31,31900591277.380997,0.0448512845756262,0.4141689373297003,216,367,73,False,,VLO
2021-06-30,833444.0,JCI,JCI,Machinery & computers,2020-09-30,49681790531.617836,0.0444754638877524,0.4114441416893733,217,367,73,False,,JCI
2021-06-30,1111928.0,IPGP,IPGP,Electronics & semis,2020-12-31,11283275414.56018,0.04439109827226173,0.4087193460490463,218,367,73,False,,IPGP
2021-06-30,202058.0,LHX,LHX,Instruments & medical devices,2021-01-01,44433042524.62604,0.044384827879303014,0.40599455040871935,219,367,73,False,,LHX
2021-06-30,1467858.0,GM,GM,Transport equipment,2020-12-31,85258808921.00983,0.04422415598265229,0.4032697547683924,220,367,73,False,,GM
2021-06-30,858877.0,CSCO,CSCO,Machinery & computers,2020-07-25,224371540741.0,0.04372787392419256,0.40054495912806537,221,367,73,False,,CSCO
2021-06-30,1037646.0,MTD,MTD,Instruments & medical devices,2020-12-31,32428107186.920166,0.0435270625478464,0.3978201634877384,222,367,73,False,,MTD
2021-06-30,1396009.0,VMC,VMC,Mining (other),2020-12-31,23072473275.243896,0.04350694569742123,0.39509536784741145,223,367,73,False,,VMC
2021-06-30,47217.0,HPQ,HPQ,Machinery & computers,2020-10-31,38934120948.020096,0.04320009391324764,0.3923705722070845,224,367,73,False,,HPQ
2021-06-30,26172.0,CMI,CMI,Machinery & computers,2020-12-31,36000395194.54785,0.04301126035740421,0.3896457765667575,225,367,73,False,,CMI
2021-06-30,702165.0,NSC,NSC,Transportation,2020-12-31,66859867702.46796,0.04280160769585557,0.3869209809264305,226,367,73,False,,NSC
2021-06-30,1711269.0,EVRG,EVRG,Utilities,2020-12-31,13714282853.8881,0.04277585339805277,0.38419618528610355,227,367,73,False,,EVRG
2021-06-30,1022079.0,DGX,DGX,Health services,2020-12-31,17612024972.078644,0.042725817857009935,0.3814713896457766,228,367,73,False,,DGX
2021-06-30,18230.0,CAT,CAT,Machinery & computers,2020-12-31,118674478885.22644,0.0424041791844467,0.3787465940054496,229,367,73,False,,CAT
2021-06-30,798354.0,FISV,FISV,Business services & software,2020-12-31,71558565843.92412,0.041916954744410415,0.3760217983651226,230,367,73,False,,FISV
2021-06-30,864749.0,TRMB,TRMB,Instruments & medical devices,2021-01-01,20537253614.148254,0.04173817837485944,0.37329700272479566,231,367,73,False,,TRMB
2021-06-30,915913.0,ALB,ALB,Chemicals & pharma,2020-12-31,19647901456.994705,0.04166541739339908,0.37057220708446864,232,367,73,False,,ALB
2021-06-30,943819.0,RMD,RMD,Instruments & medical devices,2020-06-30,35720909843.162384,0.041536468186871206,0.3678474114441417,233,367,73,False,,RMD
2021-06-30,91419.0,SJM,SJM,Food & beverage mfg,2021-04-30,14038092577.262878,0.04141983364707439,0.3651226158038147,234,367,73,False,,SJM
2021-06-30,1158449.0,AAP,AAP,Retail,2021-01-02,13441679478.807068,0.04129103223076104,0.36239782016348776,235,367,73,False,,AAP
2021-06-30,106040.0,WDC,WDC,Machinery & computers,2020-07-03,21530760356.575676,0.04128228782287823,0.35967302452316074,236,367,73,False,,WDC
2021-06-30,753308.0,NEE,NEE,Utilities,2020-12-31,143619614304.53485,0.04127559857361182,0.3569482288828338,237,367,73,False,,NEE
2021-06-30,77476.0,PEP,PEP,Food & beverage mfg,2020-12-26,204416609810.83112,0.04074300877730149,0.3542234332425068,238,367,73,False,,PEP
2021-06-30,1035267.0,ISRG,ISRG,Instruments & medical devices,2020-12-31,108258453704.63177,0.040589223092416554,0.35149863760217986,239,367,73,False,,ISRG
2021-06-30,1037868.0,AME,AME,Instruments & medical devices,2020-12-31,30780279448.5,0.040445515359288926,0.34877384196185285,240,367,73,False,,AME
2021-06-30,10456.0,BAX,BAX,Instruments & medical devices,2020-12-31,40660863467.0,0.04009211765937402,0.3460490463215259,241,367,73,False,,BAX
2021-06-30,1413329.0,PM,PM,Other manufacturing,2020-12-31,154359054398.75317,0.04005017675903752,0.34332425068119893,242,367,73,False,,PM
2021-06-30,1519751.0,FBHS,FBIN,Other manufacturing,2020-12-31,13812545892.326565,0.03994139194139194,0.3405994550408719,243,367,73,False,,FBIN
2021-06-30,723531.0,PAYX,PAYX,Services (professional),2020-05-31,38495987973.47818,0.039798684600068496,0.33787465940054495,244,367,73,False,,PAYX
2021-06-30,1123360.0,GPN,GPN,Business services & software,2020-12-31,55369945628.85501,0.03900759375324158,0.335149863760218,245,367,73,False,,GPN
2021-06-30,1283699.0,TMUS,TMUS,Communications,2020-12-31,179995317906.19226,0.03884590867449483,0.33242506811989103,246,367,73,False,,TMUS
2021-06-30,1555280.0,ZTS,ZTS,Chemicals & pharma,2020-12-31,88552005562.29854,0.03880098592669158,0.329700272479564,247,367,73,False,,ZTS
2021-06-30,6201.0,AAL,AAL,Transportation,2020-12-31,13567523132.359314,0.03839249854511774,0.32697547683923706,248,367,73,False,,AAL
2021-06-30,277948.0,CSX,CSX,Transportation,2020-12-31,73383490970.48538,0.038385650224215244,0.3242506811989101,249,367,73,False,,CSX
2021-06-30,64803.0,CVS,CVS,Retail,2020-12-31,109419458226.99011,0.038334907450724244,0.3215258855585831,250,367,73,False,,CVS
2021-06-30,711404.0,COO,COO,Instruments & medical devices,2020-10-31,19466259947.410583,0.038149400553335384,0.3188010899182561,251,367,73,False,,COO
2021-06-30,80424.0,PG,PG,Chemicals (other),2020-06-30,335447659142.91724,0.03711698721346933,0.31607629427792916,252,367,73,False,,PG
2021-06-30,313616.0,DHR,DHR,Instruments & medical devices,2020-12-31,191127122574.47348,0.03706527510333284,0.3133514986376022,253,367,73,False,,DHR
2021-06-30,6281.0,ADI,ADI,Electronics & semis,2020-10-31,63610521564.93411,0.03675702926401296,0.3106267029972752,254,367,73,False,,ADI
2021-06-30,310158.0,MRK,MRK,Chemicals & pharma,2020-12-31,206228207774.55875,0.036207631332215814,0.3079019073569482,255,367,73,False,,MRK
2021-06-30,1100682.0,CRL,CRL,Services (professional),2020-12-26,18413222560.221954,0.03579689385533888,0.30517711171662126,256,367,73,False,,CRL
2021-06-30,93556.0,SWK,SWK,Other manufacturing,2021-01-02,32981457773.771667,0.035699648347368496,0.3024523160762943,257,367,73,False,,SWK
2021-06-30,857005.0,PTC,PTC,Business services & software,2020-09-30,16479781966.832275,0.034102014675577275,0.2997275204359673,258,367,73,False,,PTC
2021-06-30,769397.0,ADSK,ADSK,Business services & software,2021-01-31,64098989278.315,0.03402902125699341,0.2970027247956403,259,367,73,False,,ADSK
2021-06-30,8818.0,AVY,AVY,Other manufacturing,2021-01-02,17459175010.73442,0.03376912907100331,0.29427792915531337,260,367,73,False,,AVY
2021-06-30,1070750.0,HST,HST,Services (hotels/personal),2020-12-31,12054680250.040089,0.03373685255010915,0.29155313351498635,261,367,73,False,,HST
2021-06-30,1099800.0,EW,EW,Instruments & medical devices,2020-12-31,64681419486.021965,0.03364613994695888,0.2888283378746594,262,367,73,False,,EW
2021-06-30,820313.0,APH,APH,Electronics & semis,2020-12-31,40988087793.18536,0.033582798969874,0.28610354223433243,263,367,73,False,,APH
2021-06-30,822416.0,PHM,PHM,Construction,2020-12-31,14509848595.655518,0.032939351283173865,0.28337874659400547,264,367,73,False,,PHM
2021-06-30,1590955.0,PAYC,PAYC,Business services & software,2020-12-31,21876729070.74234,0.032878041637903845,0.28065395095367845,265,367,73,False,,PAYC
2021-06-30,1755672.0,CTVA,CTVA,Chemicals & pharma,2020-12-31,32999148564.65149,0.03252357547680079,0.2779291553133515,266,367,73,False,,CTVA
2021-06-30,1059556.0,MCO,MCO,Business services & software,2020-12-31,67799426086.42578,0.03246008644262151,0.27520435967302453,267,367,73,False,,MCO
2021-06-30,874716.0,IDXX,IDXX,Chemicals & pharma,2020-12-31,53950839781.20117,0.03212329623487656,0.2724795640326976,268,367,73,False,,IDXX
2021-06-30,916076.0,MLM,MLM,Mining (other),2020-12-31,21913110160.68268,0.03177806531353199,0.26975476839237056,269,367,73,False,,MLM
2021-06-30,1383312.0,BR,BR,Business services & software,2020-06-30,18602037439.011993,0.030944643976968247,0.2670299727520436,270,367,73,False,,BR
2021-06-30,63908.0,MCD,MCD,Retail,2020-12-31,172219713869.1001,0.030651823091426198,0.26430517711171664,271,367,73,False,,MCD
2021-06-30,731802.0,ATO,ATO,Utilities,2020-09-30,12099235692.996826,0.03039379703537318,0.2615803814713896,272,367,73,False,,ATO
2021-06-30,920148.0,LH,LH,Health services,2020-12-31,26922960768.45703,0.030389762343873382,0.25885558583106266,273,367,73,False,,LH
2021-06-30,1410636.0,AWK,AWK,Utilities,2020-12-31,27965233259.083862,0.030222559433485077,0.2561307901907357,274,367,73,False,,AWK
2021-06-30,217346.0,TXT,TXT,Transport equipment,2021-01-02,15561583480.138,0.03013689635927908,0.25340599455040874,275,367,73,False,,TXT
2021-06-30,97745.0,TMO,TMO,Instruments & medical devices,2020-12-31,198656937808.8448,0.030039314777177025,0.2506811989100817,276,367,73,False,,TMO
2021-06-30,1466258.0,TT,TT,Instruments & medical devices,2020-12-31,43904260672.47467,0.030018887940179564,0.24795640326975477,277,367,73,False,,TT
2021-06-30,78003.0,PFE,PFE,Chemicals & pharma,2020-12-31,218419970016.4813,0.029758981468242372,0.2452316076294278,278,367,73,False,,PFE
2021-06-30,92122.0,SO,SO,Utilities,2020-12-31,63935448753.11577,0.029739069257350963,0.24250681198910082,279,367,73,False,,SO
2021-06-30,1260221.0,TDG,TDG,Transport equipment,2020-09-30,35235800863.67908,0.0296683399937506,0.23978201634877383,280,367,73,False,,TDG
2021-06-30,97476.0,TXN,TXN,Electronics & semis,2020-12-31,176961999237.64716,0.02911504187963285,0.23705722070844687,281,367,73,False,,TXN
2021-06-30,313927.0,CHD,CHD,Chemicals (other),2020-12-31,20885170445.88208,0.029050803374100157,0.23433242506811988,282,367,73,False,,CHD
2021-06-30,1613103.0,MDT,MDT,Instruments & medical devices,2021-04-30,166818822172.25693,0.028665955640685196,0.23160762942779292,283,367,73,False,,MDT
2021-06-30,29989.0,OMC,OMC,Business services & software,2020-12-31,17199000596.77971,0.028630953911953937,0.22888283378746593,284,367,73,False,,OMC
2021-06-30,1002910.0,AEE,AEE,Utilities,2020-12-31,20278542836.153526,0.027885766776569395,0.22615803814713897,285,367,73,False,,AEE
2021-06-30,783325.0,WEC,WEC,Utilities,2020-12-31,28057900569.820206,0.027635492686152664,0.22343324250681199,286,367,73,False,,WEC
2021-06-30,829224.0,SBUX,SBUX,Retail,2020-09-27,131231394134.52148,0.027554785457493812,0.22070844686648503,287,367,73,False,,SBUX
2021-06-30,936468.0,LMT,LMT,Transport equipment,2020-12-31,105977134828.46567,0.0274842728882917,0.21798365122615804,288,367,73,False,,LMT
2021-06-30,882835.0,ROP,ROP,Instruments & medical devices,2020-12-31,49342599790.40094,0.02731305344652855,0.21525885558583105,289,367,73,False,,ROP
2021-06-30,922224.0,PPL,PPL,Utilities,2020-12-31,21508503908.430054,0.027229306153780546,0.2125340599455041,290,367,73,False,,PPL
2021-06-30,1633917.0,PYPL,PYPL,Business services & software,2020-12-31,341374323391.7212,0.027146049691074012,0.2098092643051771,291,367,73,False,,PYPL
2021-06-30,52988.0,J,J,Construction,2020-10-02,17294358046.68821,0.026451958982013905,0.20708446866485014,292,367,73,False,,J
2021-06-30,72903.0,XEL,XEL,Utilities,2020-12-31,35420303641.343376,0.02633973468703606,0.20435967302452315,293,367,73,False,,XEL
2021-06-30,97210.0,TER,TER,Instruments & medical devices,2020-12-31,22330432776.28656,0.026334294091338268,0.2016348773841962,294,367,73,False,,TER
2021-06-30,63754.0,MKC,MKC,Food & beverage mfg,2020-11-30,47074559837.34131,0.026180528955362152,0.1989100817438692,295,367,73,False,,MKC
2021-06-30,1000228.0,HSIC,HSIC,Wholesale,2020-12-26,10569411184.91272,0.026148592638267104,0.19618528610354224,296,367,73,False,,HSIC
2021-06-30,1133421.0,NOC,NOC,Instruments & medical devices,2020-12-31,60590461076.038086,0.02608756632927371,0.19346049046321526,297,367,73,False,,NOC
2021-06-30,1141391.0,MA,MA,Business services & software,2020-12-31,365820176330.5664,0.02588347659980898,0.1907356948228883,298,367,73,False,,MA
2021-06-30,788784.0,PEG,PEG,Utilities,2020-12-31,30174261984.64198,0.024483534465125793,0.1880108991825613,299,367,73,False,,PEG
2021-06-30,48465.0,HRL,HRL,Food & beverage mfg,2020-10-25,25689834250.0,0.024414553890080893,0.18528610354223432,300,367,73,False,,HRL
2021-06-30,21344.0,KO,KO,Food & beverage mfg,2020-12-31,233176857418.5551,0.024148275246578418,0.18256130790190736,301,367,73,False,,KO
2021-06-30,65984.0,ETR,ETR,Utilities,2020-12-31,19987854889.68361,0.02367215394862736,0.17983651226158037,302,367,73,False,,ETR
2021-06-30,773840.0,HON,HON,Transport equipment,2020-12-31,152558178479.9329,0.02318581917008072,0.1771117166212534,303,367,73,False,,HON
2021-06-30,31791.0,PKI,RVTY,Instruments & medical devices,2021-01-03,17303462021.922546,0.022662441696354594,0.17438692098092642,304,367,73,False,,RVTY
2021-06-30,1596532.0,ANET,ANET,Machinery & computers,2020-12-31,27655692027.27362,0.022535778801236053,0.17166212534059946,305,367,73,False,,ANET
2021-06-30,1121788.0,GRMN,GRMN,Instruments & medical devices,2020-12-26,27708883418.434113,0.021661030027491687,0.16893732970027248,306,367,73,False,,GRMN
2021-06-30,849399.0,NLOK,GEN,Business services & software,2021-04-02,15786100923.02341,0.021566401816118047,0.16621253405994552,307,367,73,False,,GEN
2021-06-30,106640.0,WHR,WHR,Electronics & semis,2020-12-31,13730796309.57756,0.02136065866279218,0.16348773841961853,308,367,73,False,,WHR
2021-06-30,1090872.0,A,A,Instruments & medical devices,2020-10-31,45355427688.91565,0.021175113999685517,0.16076294277929154,309,367,73,False,,A
2021-06-30,4904.0,AEP,AEP,Utilities,2020-12-31,42007746951.841125,0.020889948579472007,0.15803814713896458,310,367,73,False,,AEP
2021-06-30,796343.0,ADBE,ADBE,Business services & software,2020-11-27,280345875012.20703,0.020734176315976415,0.1553133514986376,311,367,73,False,,ADBE
2021-06-30,764622.0,PNW,PNW,Utilities,2020-12-31,9237330671.53299,0.020587865848609395,0.15258855585831063,312,367,73,False,,PNW
2021-06-30,943452.0,WAB,WAB,Transport equipment,2020-12-31,15546143269.364914,0.01974934957632217,0.14986376021798364,313,367,73,False,,WAB
2021-06-30,945841.0,POOL,POOL,Wholesale,2020-12-31,18451602991.524353,0.019139691262873355,0.14713896457765668,314,367,73,False,,POOL
2021-06-30,37785.0,FMC,FMC,Chemicals & pharma,2020-12-31,13996057285.844193,0.018475405177699897,0.1444141689373297,315,367,73,False,,FMC
2021-06-30,811156.0,CMS,CMS,Utilities,2020-12-31,17070773883.391083,0.018441498681485938,0.14168937329700274,316,367,73,False,,CMS
2021-06-30,1047862.0,ED,ED,Utilities,2020-12-31,24558302716.63214,0.018136128424289518,0.13896457765667575,317,367,73,False,,ED
2021-06-30,804328.0,QCOM,QCOM,Electronics & semis,2020-09-27,161653821716.3086,0.017972020831205963,0.1362397820163488,318,367,73,False,,QCOM
2021-06-30,1109357.0,EXC,EXC,Utilities,2020-12-31,43261528633.47436,0.017939864880807253,0.1335149863760218,319,367,73,False,,EXC
2021-06-30,1341439.0,ORCL,ORCL,Business services & software,2021-05-31,217329269775.39062,0.01736802612099211,0.1307901907356948,320,367,73,False,,ORCL
2021-06-30,1300514.0,LVS,LVS,Services (hotels/personal),2020-12-31,40246883354.241356,0.016952233786301868,0.12806539509536785,321,367,73,False,,LVS
2021-06-30,96943.0,TFX,TFX,Instruments & medical devices,2020-12-31,18759499158.86078,0.015126449790189386,0.12534059945504086,322,367,73,False,,TFX
2021-06-30,1365135.0,WU,WU,Business services & software,2020-12-31,9438866756.602592,0.01459342200407564,0.1226158038147139,323,367,73,False,,WU
2021-06-30,1024478.0,ROK,ROK,Instruments & medical devices,2020-09-30,33229438506.182373,0.01451669569507464,0.11989100817438691,324,367,73,False,,ROK
2021-06-30,8670.0,ADP,ADP,Business services & software,2020-06-30,85399726641.65955,0.013810682366643142,0.11716621253405994,325,367,73,False,,ADP
2021-06-30,40533.0,GD,GD,Transport equipment,2020-12-31,53892186896.04115,0.01379943883613416,0.11444141689373297,326,367,73,False,,GD
2021-06-30,1108524.0,CRM,CRM,Business services & software,2021-01-31,224972673934.93652,0.012007214211007436,0.11171662125340599,327,367,73,False,,CRM
2021-06-30,1688568.0,DXC,DXC,Business services & software,2021-03-31,9922182906.115883,0.011364582466072767,0.10899182561307902,328,367,73,False,,DXC
2021-06-30,72741.0,ES,ES,Utilities,2020-12-31,27522589355.10576,0.010774296605090878,0.10626702997275204,329,367,73,False,,ES
2021-06-30,6951.0,AMAT,AMAT,Electronics & semis,2020-10-25,130202606932.88596,0.008942165937598183,0.10354223433242507,330,367,73,False,,AMAT
2021-06-30,875045.0,BIIB,BIIB,Chemicals & pharma,2020-12-31,52749291899.759674,0.008840341579690356,0.1008174386920981,331,367,73,False,,BIIB
2021-06-30,1031296.0,FE,FE,Utilities,2020-12-31,20213033001.57173,0.007929464645882556,0.09809264305177112,332,367,73,False,,FE
2021-06-30,827052.0,EIX,EIX,Utilities,2020-12-31,21930161909.211914,0.007835279692569941,0.09536784741144415,333,367,73,False,,EIX
2021-06-30,59478.0,LLY,LLY,Chemicals & pharma,2020-12-31,219977869152.19635,0.0071206435814113725,0.09264305177111716,334,367,73,False,,LLY
2021-06-30,1103982.0,MDLZ,MDLZ,Food & beverage mfg,2020-12-31,88172431124.71576,0.0061801615303832755,0.08991825613079019,335,367,73,False,,MDLZ
2021-06-30,906163.0,NVR,NVR,Construction,2020-12-31,18307616748.319336,0.005011183946186881,0.08719346049046321,336,367,73,False,,NVR
2021-06-30,1075531.0,BKNG,BKNG,Transportation,2020-12-31,89628093872.0375,0.0012015897957297348,0.08446866485013624,337,367,73,False,,BKNG
2021-06-30,1043277.0,CHRW,CHRW,Transportation,2020-12-31,12534493424.826584,-0.0014777240760085672,0.08174386920980926,338,367,73,False,,CHRW
2021-06-30,320187.0,NKE,NKE,Other manufacturing,2020-05-31,240819020562.74414,-0.0019615321745763636,0.07901907356948229,339,367,73,False,,NKE
2021-06-30,1170010.0,KMX,KMX,Retail,2021-02-28,21074718217.82727,-0.003714316555595108,0.07629427792915532,340,367,73,False,,KMX
2021-06-30,1093557.0,DXCM,DXCM,Instruments & medical devices,2020-12-31,41067734001.0,-0.0053847879739735245,0.07356948228882834,341,367,73,False,,DXCM
2021-06-30,352541.0,LNT,LNT,Utilities,2020-12-31,13933366928.582954,-0.007148939138116923,0.07084468664850137,342,367,73,False,,LNT
2021-06-30,865752.0,MNST,MNST,Food & beverage mfg,2020-12-31,48245317432.72684,-0.00800329919630535,0.0681198910081744,343,367,73,False,,MNST
2021-06-30,40545.0,GE,GE,Electronics & semis,2020-12-31,118016500854.45003,-0.008111645813282001,0.0653950953678474,344,367,73,False,,GE
2021-06-30,1065280.0,NFLX,NFLX,Services (other),2020-12-31,233941702028.3046,-0.009127380036529669,0.06267029972752043,345,367,73,False,,NFLX
2021-06-30,707549.0,LRCX,LRCX,Machinery & computers,2020-06-28,94758333463.08708,-0.00943525657388938,0.05994550408719346,346,367,73,False,,LRCX
2021-06-30,746515.0,EXPD,EXPD,Transportation,2020-12-31,21442353402.760544,-0.00954313804450363,0.05722070844686648,347,367,73,False,,EXPD
2021-06-30,1659166.0,FTV,FTV,Instruments & medical devices,2020-12-31,23577194442.811794,-0.010546274316597245,0.05449591280653951,348,367,73,False,,FTV
2021-06-30,789570.0,MGM,MGM,Services (hotels/personal),2020-12-31,21105496345.836296,-0.013082579557657676,0.051771117166212535,349,367,73,False,,MGM
2021-06-30,1783180.0,CARR,CARR,Machinery & computers,2020-12-31,42243757569.285995,-0.013221330975388955,0.04904632152588556,350,367,73,False,,CARR
2021-06-30,14693.0,BF.B,BF-B,Food & beverage mfg,2021-04-30,35875952428.77197,-0.013997395833333334,0.04632152588555858,351,367,73,False,,BF-B
2021-06-30,4281.0,HWM,HWM,Other manufacturing,2020-12-31,14946698100.80478,-0.01736673443368595,0.043596730245231606,352,367,73,False,,HWM
2021-06-30,16732.0,CPB,CPB,Food & beverage mfg,2020-08-02,13780540726.052914,-0.01818181818181818,0.04087193460490463,353,367,73,False,,CPB
2021-06-30,1032208.0,SRE,SRE,Utilities,2020-12-31,40087303934.710175,-0.022889453313981616,0.03814713896457766,354,367,73,False,,SRE
2021-06-30,1521332.0,APTV,APTV,Transport equipment,2020-12-31,42483092585.85123,-0.025241276911655532,0.035422343324250684,355,367,73,False,,APTV
2021-06-30,12927.0,BA,BA,Transport equipment,2020-12-31,139662726358.26782,-0.04575151962654106,0.0326975476839237,356,367,73,False,,BA
2021-06-30,1014473.0,VRSN,VRSN,Business services & software,2020-12-31,25750500870.199768,-0.04678646498306093,0.02997275204359673,357,367,73,False,,VRSN
2021-06-30,62996.0,MAS,MAS,Other manufacturing,2020-12-31,15148255681.443192,-0.05016660496112551,0.027247956403269755,358,367,73,False,,MAS
2021-06-30,882184.0,DHI,DHI,Construction,2020-09-30,32930015218.97976,-0.0551639826298057,0.02452316076294278,359,367,73,False,,DHI
2021-06-30,872589.0,REGN,REGN,Chemicals & pharma,2020-12-31,60098901635.74219,-0.05599887389148693,0.021798365122615803,360,367,73,False,,REGN
2021-06-30,1324424.0,EXPE,EXPE,Transportation,2020-12-31,23150886889.434814,-0.060938512940707124,0.01907356948228883,361,367,73,False,,EXPE
2021-06-30,1306830.0,CE,CE,Chemicals & pharma,2020-12-31,17308678434.45874,-0.06298749080206034,0.01634877384196185,362,367,73,False,,CE
2021-06-30,7084.0,ADM,ADM,Food & beverage mfg,2020-12-31,33839892032.327744,-0.08873618165521363,0.013623978201634877,363,367,73,False,,ADM
2021-06-30,1065088.0,EBAY,EBAY,Business services & software,2020-12-31,47774096678.103294,-0.17330060825952406,0.010899182561307902,364,367,73,False,,EBAY
2021-06-30,2488.0,AMD,AMD,Electronics & semis,2020-12-26,113775531615.02332,-0.18932621747831888,0.008174386920980926,365,367,73,False,,AMD
2021-06-30,1097149.0,ALGN,ALGN,Instruments & medical devices,2020-12-31,48350093753.0,-0.30386234829412095,0.005449591280653951,366,367,73,False,,ALGN
2021-06-30,12208.0,BIO,BIO,Instruments & medical devices,2020-12-31,19179224065.91797,-0.3079801293302659,0.0027247956403269754,367,367,73,False,,BIO
2022-06-30,1373715.0,NOW,NOW,Business services & software,2021-12-31,95103996276.85547,0.2009791699988372,1.0,1,374,75,True,0.016693397926938764,NOW
2022-06-30,1335258.0,LYV,LYV,Services (other),2021-12-31,18549600709.482162,0.19458297643038042,0.9973262032085561,2,374,75,True,0.0032559711279405964,LYV
2022-06-30,1324424.0,EXPE,EXPE,Transportation,2021-12-31,14236354024.887085,0.1856951140712759,0.9946524064171123,3,374,75,True,0.0024988763045707234,EXPE
2022-06-30,1262039.0,FTNT,FTNT,Machinery & computers,2021-12-31,45494691145.70938,0.17923240595768597,0.9919786096256684,4,374,75,True,0.007985584334938478,FTNT
2022-06-30,1841666.0,APA,APA,Oil & gas extraction,2021-12-31,12102496156.238762,0.16760720181196975,0.9893048128342246,5,374,75,True,0.0021243248670351302,APA
2022-06-30,891103.0,MTCH,MTCH,Business services & software,2021-12-31,19871984886.882812,0.15819000063181973,0.9866310160427807,6,374,75,True,0.0034880863507475777,MTCH
2022-06-30,764180.0,MO,MO,Other manufacturing,2021-12-31,75906839171.81439,0.13642062643063368,0.983957219251337,7,374,75,True,0.013323762631198843,MO
2022-06-30,1090012.0,DVN,DVN,Oil & gas extraction,2021-12-31,36604062405.39551,0.13485470472250058,0.9812834224598931,8,374,75,True,0.006425031580134251,DVN
2022-06-30,1324404.0,CF,CF,Chemicals (other),2021-12-31,17772248229.768723,0.132223952783015,0.9786096256684492,9,374,75,True,0.0031195241353707687,CF
2022-06-30,769397.0,ADSK,ADSK,Business services & software,2022-01-31,37368280668.01688,0.1302103659688039,0.9759358288770054,10,374,75,True,0.006559173152101789,ADSK
2022-06-30,1463101.0,ENPH,ENPH,Electronics & semis,2021-12-31,26149582203.49008,0.12598746461959934,0.9732620320855615,11,374,75,True,0.004589979374529071,ENPH
2022-06-30,1067701.0,URI,URI,Business services & software,2021-12-31,17592004480.036926,0.12070230607966458,0.9705882352941176,12,374,75,True,0.003087886341419846,URI
2022-06-30,723125.0,MU,MU,Electronics & semis,2021-09-02,61837518871.13251,0.11742959467505576,0.9679144385026738,13,374,75,True,0.010854205393486874,MU
2022-06-30,1163165.0,COP,COP,Petroleum refining,2021-12-31,116710509153.28687,0.11634992399480686,0.9652406417112299,14,374,75,True,0.02048594220877745,COP
2022-06-30,1326801.0,META,META,Business services & software,2021-12-31,453918750000.0,0.11259041570474296,0.9625668449197861,15,374,75,True,0.07967537240170301,META
2022-06-30,821189.0,EOG,EOG,Oil & gas extraction,2021-12-31,64653693901.406006,0.11147937602505414,0.9598930481283422,16,374,75,True,0.01134852248059865,EOG
2022-06-30,1513761.0,NCLH,NCLH,Transportation,2021-12-31,4637998763.14827,0.10981009693891759,0.9572192513368984,17,374,75,True,0.0008140978504467514,NCLH
2022-06-30,1318605.0,TSLA,TSLA,Transport equipment,2021-12-31,695984677737.1365,0.10462114649235643,0.9545454545454546,18,374,75,True,0.1221646789972558,TSLA
2022-06-30,797468.0,OXY,OXY,Oil & gas extraction,2021-12-31,54997688670.00798,0.10460348162475822,0.9518716577540107,19,374,75,True,0.009653624852500162,OXY
2022-06-30,884887.0,RCL,RCL,Transportation,2021-12-31,8902146696.699665,0.10452715953029888,0.9491978609625669,20,374,75,True,0.0015625744766748148,RCL
2022-06-30,815097.0,CCL,CCL,Transportation,2021-11-30,8532047644.18202,0.10084442241693707,0.946524064171123,21,374,75,True,0.0014976117937390233,CCL
2022-06-30,1058090.0,CMG,CMG,Retail,2021-12-31,36645045364.76326,0.09957332523785097,0.9438502673796791,22,374,75,True,0.006432225229988436,CMG
2022-06-30,842023.0,TECH,TECH,Chemicals & pharma,2021-06-30,13546531971.414185,0.09870725077880531,0.9411764705882353,23,374,75,True,0.0023777933376270557,TECH
2022-06-30,813672.0,CDNS,CDNS,Business services & software,2022-01-01,41608719741.45508,0.09715699158122912,0.9385026737967914,24,374,75,True,0.00730348821360326,CDNS
2022-06-30,827054.0,MCHP,MCHP,Electronics & semis,2022-03-31,32205436519.322205,0.09530483531885074,0.9358288770053476,25,374,75,True,0.0056529503309488815,MCHP
2022-06-30,1086222.0,AKAM,AKAM,Business services & software,2021-12-31,14644460386.083496,0.0946903511286658,0.9331550802139037,26,374,75,True,0.0025705103278575517,AKAM
2022-06-30,796343.0,ADBE,ADBE,Business services & software,2021-12-03,172670500848.38867,0.0934691897137312,0.93048128342246,27,374,75,True,0.0303084780214167,ADBE
2022-06-30,866787.0,AZO,AZO,Retail,2021-08-28,45062668950.62305,0.09317385572412729,0.9278074866310161,28,374,75,True,0.007909752417267518,AZO
2022-06-30,56873.0,KR,KR,Retail,2022-01-29,34234179850.316925,0.09278962229406228,0.9251336898395722,29,374,75,True,0.006009051241969798,KR
2022-06-30,1730168.0,AVGO,AVGO,Electronics & semis,2021-10-31,200578307686.0437,0.09277704071866563,0.9224598930481284,30,374,75,True,0.03520707474760384,AVGO
2022-06-30,922224.0,PPL,PPL,Utilities,2021-12-31,19950367322.909744,0.09220669051746394,0.9197860962566845,31,374,75,True,0.0035018446495184447,PPL
2022-06-30,62996.0,MAS,MAS,Other manufacturing,2021-12-31,12140268238.101585,0.0916138125440451,0.9171122994652406,32,374,75,True,0.0021309549185340123,MAS
2022-06-30,21076.0,CLX,CLX,Chemicals (other),2021-06-30,17314186788.785934,0.09022076990515661,0.9144385026737968,33,374,75,True,0.003039121605417634,CLX
2022-06-30,1035002.0,VLO,VLO,Petroleum refining,2021-12-31,43500789296.76178,0.08989440280133501,0.9117647058823529,34,374,75,True,0.007635599073595244,VLO
2022-06-30,896878.0,INTU,INTU,Business services & software,2021-07-31,105260553780.48834,0.08984005747343744,0.9090909090909091,35,374,75,True,0.018476156408321745,INTU
2022-06-30,898173.0,ORLY,ORLY,Retail,2021-12-31,42075795081.70555,0.0894367911884999,0.9064171122994652,36,374,75,True,0.007385472933719159,ORLY
2022-06-30,1286681.0,DPZ,DPZ,Wholesale,2022-01-02,14043660958.713623,0.08875560978380875,0.9037433155080213,37,374,75,True,0.0024650533091412625,DPZ
2022-06-30,1682852.0,MRNA,MRNA,Chemicals & pharma,2021-12-31,57550408509.041565,0.08860907805628676,0.9010695187165776,38,374,75,True,0.010101698222045298,MRNA
2022-06-30,883241.0,SNPS,SNPS,Business services & software,2021-10-31,46599224516.22656,0.08760480224369428,0.8983957219251337,39,374,75,True,0.008179460678724815,SNPS
2022-06-30,1539838.0,FANG,FANG,Oil & gas extraction,2021-12-31,21493823765.06376,0.08697583730286053,0.8957219251336899,40,374,75,True,0.0037727642068498585,FANG
2022-06-30,823768.0,WM,WM,Utilities,2021-12-31,63423474348.33444,0.08630779234112454,0.893048128342246,41,374,75,True,0.011132584714144116,WM
2022-06-30,875045.0,BIIB,BIIB,Chemicals & pharma,2021-12-31,29971592363.21588,0.085936630086481,0.8903743315508021,42,374,75,True,0.005260848517518308,BIIB
2022-06-30,1534701.0,PSX,PSX,Petroleum refining,2021-12-31,35949464335.505005,0.08521053347232924,0.8877005347593583,43,374,75,True,0.006310131402532066,PSX
2022-06-30,1097864.0,ON,ON,Electronics & semis,2021-12-31,21758966018.765373,0.08444298677161911,0.8850267379679144,44,374,75,True,0.003819304050826568,ON
2022-06-30,14272.0,BMY,BMY,Chemicals & pharma,2021-12-31,167837887140.0,0.08088851818521038,0.8823529411764706,45,374,75,True,0.02946021983228166,BMY
2022-06-30,1091667.0,CHTR,CHTR,Communications,2021-12-31,86054609233.36423,0.08081702982591377,0.8796791443850267,46,374,75,True,0.015104978671956875,CHTR
2022-06-30,1478242.0,IQV,IQV,Services (professional),2021-12-31,41333398481.72681,0.08023876718169451,0.8770053475935828,47,374,75,True,0.0072551616708046735,IQV
2022-06-30,1821825.0,OGN,OGN,Chemicals & pharma,2021-12-31,8560254791.25,0.07782587782587783,0.8743315508021391,48,374,75,True,0.0015025629330057554,OGN
2022-06-30,1467373.0,ACN,ACN,Business services & software,2021-08-31,176236965644.27353,0.07646528099705292,0.8716577540106952,49,374,75,True,0.030934491841664687,ACN
2022-06-30,18926.0,LUMN,LUMN,Communications,2021-12-31,11164990807.685791,0.07612427270481399,0.8689839572192514,50,374,75,True,0.001959766589205571,LUMN
2022-06-30,1164727.0,NEM,NEM,Mining (metals/coal),2021-12-31,47288612400.9749,0.07598891777427898,0.8663101604278075,51,374,75,True,0.008300467436975155,NEM
2022-06-30,882095.0,GILD,GILD,Chemicals & pharma,2021-12-31,77502740132.39137,0.07566790604213877,0.8636363636363636,52,374,75,True,0.013603887660954071,GILD
2022-06-30,1551152.0,ABBV,ABBV,Chemicals & pharma,2021-12-31,270902342927.00998,0.07563262805711324,0.8609625668449198,53,374,75,True,0.04755089992912471,ABBV
2022-06-30,21665.0,CL,CL,Chemicals (other),2021-12-31,67356645458.08731,0.07487080103359173,0.8582887700534759,54,374,75,True,0.01182296569728081,CL
2022-06-30,34088.0,XOM,XOM,Petroleum refining,2021-12-31,362564853035.58026,0.07470599532808375,0.8556149732620321,55,374,75,True,0.0636402212628991,
2022-06-30,1097149.0,ALGN,ALGN,Instruments & medical devices,2021-12-31,18648529420.70114,0.07436533546457864,0.8529411764705882,56,374,75,True,0.003273335869775105,ALGN
2022-06-30,1792044.0,VTRS,VTRS,Chemicals & pharma,2021-12-31,12664263974.591713,0.07364526898736896,0.8502673796791443,57,374,75,True,0.002222930752186523,VTRS
2022-06-30,7084.0,ADM,ADM,Food & beverage mfg,2021-12-31,43624125129.401886,0.07342118936280762,0.8475935828877005,58,374,75,True,0.007657247944447295,ADM
2022-06-30,728535.0,JBHT,JBHT,Transportation,2021-12-31,16510729942.930725,0.07279777808099792,0.8449197860962567,59,374,75,True,0.002898092570150394,JBHT
2022-06-30,1075531.0,BKNG,BKNG,Transportation,2021-12-31,71512184329.22173,0.07272327804020652,0.8422459893048129,60,374,75,True,0.012552378410651622,BKNG
2022-06-30,1013237.0,FDS,FDS,Business services & software,2021-08-31,14475458123.928223,0.07224890955377584,0.839572192513369,61,374,75,True,0.002540845727807539,FDS
2022-06-30,749251.0,IT,IT,Services (professional),2021-12-31,19899562576.332733,0.07044525525595442,0.8368983957219251,62,374,75,True,0.0034929270026856194,IT
2022-06-30,1707925.0,LIN,LIN,Chemicals & pharma,2021-12-31,145991797605.0046,0.06946783329604202,0.8342245989304813,63,374,75,True,0.02562562317985938,LIN
2022-06-30,909832.0,COST,COST,Retail,2021-08-29,211757315596.7443,0.06881836549850205,0.8315508021390374,64,374,75,True,0.037169301728460336,COST
2022-06-30,874761.0,AES,AES,Utilities,2021-12-31,14021972086.174625,0.06840718704673948,0.8288770053475936,65,374,75,True,0.002461246308446716,AES
2022-06-30,1413329.0,PM,PM,Other manufacturing,2021-12-31,153029995339.7906,0.06638406596597178,0.8262032085561497,66,374,75,True,0.02686102274323035,PM
2022-06-30,87347.0,SLB,SLB,Oil & gas extraction,2021-12-31,50184926700.070435,0.06599559235213533,0.8235294117647058,67,374,75,True,0.008808851195902969,SLB
2022-06-30,1048695.0,FFIV,FFIV,Machinery & computers,2021-09-30,9370545128.434021,0.06489891681825699,0.820855614973262,68,374,75,True,0.0016447914361654911,FFIV
2022-06-30,1442145.0,VRSK,VRSK,Business services & software,2021-12-31,27916463840.144226,0.06369592515240828,0.8181818181818182,69,374,75,True,0.004900116271033456,VRSK
2022-06-30,779152.0,JKHY,JKHY,Business services & software,2021-06-30,13324000416.20192,0.0632410071715957,0.8155080213903744,70,374,75,True,0.0023387328570175473,JKHY
2022-06-30,78003.0,PFE,PFE,Chemicals & pharma,2021-12-31,294832057190.63916,0.06315664050282242,0.8128342245989305,71,374,75,True,0.05175123070510829,PFE
2022-06-30,100517.0,UAL,UAL,Transportation,2021-12-31,11498264085.031433,0.06312097273004862,0.8101604278074866,72,374,75,True,0.0020182653238008043,UAL
2022-06-30,50863.0,INTC,INTC,Electronics & semis,2021-12-25,152333519378.6621,0.06297414905893367,0.8074866310160428,73,374,75,True,0.026738771830326344,INTC
2022-06-30,1093557.0,DXCM,DXCM,Instruments & medical devices,2021-12-31,28937206334.12671,0.06287892856752712,0.8048128342245989,74,374,75,True,0.005079284984232232,DXCM
2022-06-30,1048911.0,FDX,FDX,Transportation,2021-05-31,60610517407.47893,0.06274549944342797,0.8021390374331551,75,374,75,True,0.01063883249127908,FDX
2022-06-30,96021.0,SYY,SYY,Wholesale,2021-07-03,43378448470.33511,0.06265106527763792,0.7994652406417112,76,374,75,False,,SYY
2022-06-30,47111.0,HSY,HSY,Food & beverage mfg,2021-12-31,44346416207.03375,0.06194941116684155,0.7967914438502673,77,374,75,False,,HSY
2022-06-30,1060391.0,RSG,RSG,Utilities,2021-12-31,41411369098.55505,0.0618444274525202,0.7941176470588235,78,374,75,False,,RSG
2022-06-30,1116132.0,TPR,TPR,Other manufacturing,2021-07-03,8532634621.579361,0.060037040216844716,0.7914438502673797,79,374,75,False,,TPR
2022-06-30,1590895.0,CZR,CZR,Services (hotels/personal),2021-12-31,8200928009.936771,0.05961083637927327,0.7887700534759359,80,374,75,False,,CZR
2022-06-30,1413447.0,NXPI,NXPI,Electronics & semis,2021-12-31,38863522912.19885,0.05924688659084768,0.786096256684492,81,374,75,False,,NXPI
2022-06-30,1100682.0,CRL,CRL,Services (professional),2021-12-25,10802499538.218475,0.05909921940040062,0.7834224598930482,82,374,75,False,,CRL
2022-06-30,829224.0,SBUX,SBUX,Retail,2021-10-03,89620747283.93555,0.05890687559551139,0.7807486631016043,83,374,75,False,,SBUX
2022-06-30,1564708.0,NWS,NWSA,Other manufacturing,2021-06-30,9198431954.956055,0.05845578757411704,0.7780748663101604,84,374,75,False,,NWSA
2022-06-30,1489393.0,LYB,LYB,Chemicals (other),2021-12-31,28687717828.878258,0.05760620971654307,0.7754010695187166,85,374,75,False,,LYB
2022-06-30,860731.0,TYL,TYL,Business services & software,2021-12-31,13747688378.43277,0.05730550103652393,0.7727272727272727,86,374,75,False,,TYL
2022-06-30,936468.0,LMT,LMT,Transport equipment,2021-12-31,117089682345.9877,0.05721429766791688,0.7700534759358288,87,374,75,False,,LMT
2022-06-30,33185.0,EFX,EFX,Business services & software,2021-12-31,22314623587.310944,0.0571934904395067,0.767379679144385,88,374,75,False,,EFX
2022-06-30,1601046.0,KEYS,KEYS,Instruments & medical devices,2021-10-31,25232406709.502625,0.05707047136475765,0.7647058823529411,89,374,75,False,,KEYS
2022-06-30,93410.0,CVX,CVX,Petroleum refining,2021-12-31,281966771056.49554,0.05658791008188598,0.7620320855614974,90,374,75,False,,CVX
2022-06-30,1108524.0,CRM,CRM,Business services & software,2022-01-31,163389593353.27148,0.05641755928425485,0.7593582887700535,91,374,75,False,,CRM
2022-06-30,943819.0,RMD,RMD,Instruments & medical devices,2021-06-30,30532265998.713623,0.05629605965368905,0.7566844919786097,92,374,75,False,,RMD
2022-06-30,927066.0,DVA,DVA,Health services,2021-12-31,7700147911.834717,0.05584437926187285,0.7540106951871658,93,374,75,False,,DVA
2022-06-30,1280452.0,MPWR,MPWR,Electronics & semis,2021-12-31,17861316757.41577,0.05581831117167851,0.7513368983957219,94,374,75,False,,MPWR
2022-06-30,1506307.0,KMI,KMI,Utilities,2021-12-31,38003041694.30603,0.055116617154415015,0.7486631016042781,95,374,75,False,,KMI
2022-06-30,940944.0,DRI,DRI,Retail,2021-05-30,14791879584.910545,0.05477084971507897,0.7459893048128342,96,374,75,False,,DRI
2022-06-30,1166691.0,CMCSA,CMCSA,Communications,2021-12-31,179876165420.8374,0.05452058482212691,0.7433155080213903,97,374,75,False,,CMCSA
2022-06-30,217346.0,TXT,TXT,Transport equipment,2022-01-01,13232780483.263847,0.05449312440038376,0.7406417112299465,98,374,75,False,,TXT
2022-06-30,318154.0,AMGN,AMGN,Chemicals & pharma,2021-12-31,135525247420.91873,0.054273122074238796,0.7379679144385026,99,374,75,False,,AMGN
2022-06-30,1283699.0,TMUS,TMUS,Communications,2021-12-31,168079462023.59317,0.05356444772266273,0.7352941176470589,100,374,75,False,,TMUS
2022-06-30,32604.0,EMR,EMR,Electronics & semis,2021-09-30,47318346544.64722,0.0534487467697544,0.732620320855615,101,374,75,False,,EMR
2022-06-30,1679273.0,LW,LW,Food & beverage mfg,2021-05-30,10447013387.59552,0.05306761950922596,0.7299465240641712,102,374,75,False,,LW
2022-06-30,107263.0,WMB,WMB,Utilities,2021-12-31,37938649894.20156,0.05291086001939484,0.7272727272727273,103,374,75,False,,WMB
2022-06-30,1136893.0,FIS,FIS,Business services & software,2021-12-31,55881178994.49608,0.0526823886360502,0.7245989304812834,104,374,75,False,,FIS
2022-06-30,831259.0,FCX,FCX,Mining (metals/coal),2021-12-31,42566894002.27296,0.05212607856620012,0.7219251336898396,105,374,75,False,,FCX
2022-06-30,55785.0,KMB,KMB,Other manufacturing,2021-12-31,45544642708.456116,0.051809954751131225,0.7192513368983957,106,374,75,False,,KMB
2022-06-30,927653.0,MCK,MCK,Wholesale,2022-03-31,47419621099.90466,0.05174845884672637,0.7165775401069518,107,374,75,False,,MCK
2022-06-30,68505.0,MSI,MSI,Electronics & semis,2021-12-31,35256626081.0668,0.05133318881422068,0.713903743315508,108,374,75,False,,MSI
2022-06-30,732712.0,VZ,VZ,Communications,2021-12-31,213039550846.5,0.051162606851057786,0.7112299465240641,109,374,75,False,,VZ
2022-06-30,936340.0,DTE,DTE,Utilities,2021-12-31,24557291684.25,0.05069530012321774,0.7085561497326203,110,374,75,False,,DTE
2022-06-30,1370637.0,ETSY,ETSY,Business services & software,2021-12-31,9300081860.357864,0.05068519817366008,0.7058823529411765,111,374,75,False,,ETSY
2022-06-30,858877.0,CSCO,CSCO,Machinery & computers,2021-07-31,179844256926.5783,0.050564075903301274,0.7032085561497327,112,374,75,False,,CSCO
2022-06-30,24741.0,GLW,GLW,Other manufacturing,2021-12-31,26652717875.579586,0.049434587798913486,0.7005347593582888,113,374,75,False,,GLW
2022-06-30,1757898.0,STE,STE,Instruments & medical devices,2022-03-31,20631502108.95984,0.04899671159094047,0.6978609625668449,114,374,75,False,,STE
2022-06-30,51143.0,IBM,IBM,Machinery & computers,2021-12-31,126973579118.92102,0.04898392899309655,0.6951871657754011,115,374,75,False,,IBM
2022-06-30,789019.0,MSFT,MSFT,Business services & software,2021-06-30,1930049418315.8765,0.048714355445684865,0.6925133689839572,116,374,75,False,,MSFT
2022-06-30,915389.0,EMN,EMN,Chemicals & pharma,2021-12-31,11577445975.123398,0.048224795898993734,0.6898395721925134,117,374,75,False,,EMN
2022-06-30,788784.0,PEG,PEG,Utilities,2021-12-31,31771491113.911896,0.04813779038657634,0.6871657754010695,118,374,75,False,,PEG
2022-06-30,2969.0,APD,APD,Chemicals & pharma,2021-09-30,53256791717.17917,0.04751699575418479,0.6844919786096256,119,374,75,False,,APD
2022-06-30,10795.0,BDX,BDX,Instruments & medical devices,2021-09-30,71770843362.65099,0.04736832347651977,0.6818181818181818,120,374,75,False,,BDX
2022-06-30,908255.0,BWA,BWA,Transport equipment,2021-12-31,8007847920.53,0.04717212611949454,0.679144385026738,121,374,75,False,,BWA
2022-06-30,1800.0,ABT,ABT,Chemicals & pharma,2021-12-31,191602351000.4104,0.04686484730344379,0.6764705882352942,122,374,75,False,,ABT
2022-06-30,31462.0,ECL,ECL,Chemicals (other),2021-12-31,44090913831.386795,0.046673988874312275,0.6737967914438503,123,374,75,False,,ECL
2022-06-30,9389.0,BALL,BALL,Other manufacturing,2021-12-31,22418262435.676575,0.046462624453458355,0.6711229946524064,124,374,75,False,,BALL
2022-06-30,91142.0,AOS,AOS,Electronics & semis,2021-12-31,8743705731.919693,0.04641979774230984,0.6684491978609626,125,374,75,False,,AOS
2022-06-30,1652044.0,GOOG,GOOG,Business services & software,2021-12-31,1448356549119.873,0.04601375198119266,0.6657754010695187,126,374,75,False,,GOOG
2022-06-30,1136869.0,ZBH,ZBH,Instruments & medical devices,2021-12-31,22635467316.843266,0.0458536035142175,0.6631016042780749,127,374,75,False,,ZBH
2022-06-30,1037646.0,MTD,MTD,Instruments & medical devices,2021-12-31,26198406788.972168,0.0455404978744891,0.660427807486631,128,374,75,False,,MTD
2022-06-30,1637459.0,KHC,KHC,Food & beverage mfg,2021-12-25,46673450595.508255,0.04504616403759367,0.6577540106951871,129,374,75,False,,KHC
2022-06-30,97476.0,TXN,TXN,Electronics & semis,2021-12-31,141903000439.41608,0.04483612328798237,0.6550802139037433,130,374,75,False,,TXN
2022-06-30,1039684.0,OKE,OKE,Utilities,2021-12-31,24764837317.5,0.044820461475174274,0.6524064171122995,131,374,75,False,,OKE
2022-06-30,64803.0,CVS,CVS,Retail,2021-12-31,121617220879.71674,0.04466114889781201,0.6497326203208557,132,374,75,False,,CVS
2022-06-30,1781335.0,OTIS,OTIS,Electronics & semis,2021-12-31,30032088920.390686,0.0438470572882683,0.6470588235294118,133,374,75,False,,OTIS
2022-06-30,1645590.0,HPE,HPE,Machinery & computers,2021-10-31,17151013462.8649,0.04375458760764094,0.6443850267379679,134,374,75,False,,HPE
2022-06-30,8818.0,AVY,AVY,Other manufacturing,2022-01-01,13348003591.687134,0.04364127921454235,0.6417112299465241,135,374,75,False,,AVY
2022-06-30,764478.0,BBY,BBY,Retail,2022-01-29,14682597963.512451,0.04364113641956742,0.6390374331550802,136,374,75,False,,BBY
2022-06-30,40545.0,GE,GE,Electronics & semis,2021-12-31,69993825712.09221,0.04356150210246592,0.6363636363636364,137,374,75,False,,GE
2022-06-30,51253.0,IFF,IFF,Chemicals (other),2021-12-31,30338042044.392418,0.043522650410643536,0.6336898395721925,138,374,75,False,,IFF
2022-06-30,1408198.0,MSCI,MSCI,Business services & software,2021-12-31,33494686073.228302,0.043292823030596526,0.6310160427807486,139,374,75,False,,MSCI
2022-06-30,77476.0,PEP,PEP,Food & beverage mfg,2021-12-25,230566015390.35034,0.04315281038344262,0.6283422459893048,140,374,75,False,,PEP
2022-06-30,721371.0,CAH,CAH,Wholesale,2021-06-30,15181372529.113525,0.0426665414989615,0.6256684491978609,141,374,75,False,,CAH
2022-06-30,1590955.0,PAYC,PAYC,Business services & software,2021-12-31,16867010648.268677,0.04238392308369985,0.6229946524064172,142,374,75,False,,PAYC
2022-06-30,104169.0,WMT,WMT,Retail,2022-01-31,334561382829.68524,0.04225544680269264,0.6203208556149733,143,374,75,False,,WMT
2022-06-30,6201.0,AAL,AAL,Transportation,2021-12-31,8231350481.667946,0.04198482194979568,0.6176470588235294,144,374,75,False,,AAL
2022-06-30,64040.0,SPGI,SPGI,Business services & software,2021-12-31,81265166905.00793,0.04165003809454704,0.6149732620320856,145,374,75,False,,SPGI
2022-06-30,106040.0,WDC,WDC,Machinery & computers,2021-07-02,13841174770.491644,0.04158782870602772,0.6122994652406417,146,374,75,False,,WDC
2022-06-30,76334.0,PH,PH,Other manufacturing,2021-06-30,31765408967.83632,0.04136295590733681,0.6096256684491979,147,374,75,False,,PH
2022-06-30,27904.0,DAL,DAL,Transportation,2021-12-31,18538764707.795105,0.04131390398393964,0.606951871657754,148,374,75,False,,DAL
2022-06-30,1158449.0,AAP,AAP,Retail,2022-01-01,10575379725.363983,0.04128794206669802,0.6042780748663101,149,374,75,False,,AAP
2022-06-30,860730.0,HCA,HCA,Health services,2021-12-31,51023015258.78906,0.040781008225425526,0.6016042780748663,150,374,75,False,,HCA
2022-06-30,31791.0,PKI,RVTY,Instruments & medical devices,2022-01-02,17945816386.272583,0.04072955601114226,0.5989304812834224,151,374,75,False,,RVTY
2022-06-30,732717.0,T,T,Communications,2021-12-31,198222693512.8846,0.04060951397970824,0.5962566844919787,152,374,75,False,,T
2022-06-30,1123360.0,GPN,GPN,Business services & software,2021-12-31,31196940011.740387,0.040575312430229805,0.5935828877005348,153,374,75,False,,GPN
2022-06-30,1174922.0,WYNN,WYNN,Services (hotels/personal),2021-12-31,6603908100.865784,0.04039298990207449,0.5909090909090909,154,374,75,False,,WYNN
2022-06-30,877212.0,ZBRA,ZBRA,Machinery & computers,2021-12-31,15602790220.946045,0.04003451251078516,0.5882352941176471,155,374,75,False,,ZBRA
2022-06-30,4127.0,SWKS,SWKS,Electronics & semis,2021-10-01,15321475016.975632,0.03996378874822959,0.5855614973262032,156,374,75,False,,SWKS
2022-06-30,100885.0,UNP,UNP,Transportation,2021-12-31,135837808771.49545,0.03984974945006075,0.5828877005347594,157,374,75,False,,UNP
2022-06-30,766421.0,ALK,ALK,Transportation,2021-12-31,5042792565.236443,0.039432796371039754,0.5802139037433155,158,374,75,False,,ALK
2022-06-30,1094285.0,TDY,TDY,Instruments & medical devices,2022-01-02,17703237360.680054,0.03887246286209141,0.5775401069518716,159,374,75,False,,TDY
2022-06-30,804328.0,QCOM,QCOM,Electronics & semis,2021-09-26,143068797607.42188,0.038863003357888434,0.5748663101604278,160,374,75,False,,QCOM
2022-06-30,878927.0,ODFL,ODFL,Transportation,2021-12-31,29437295292.625397,0.03878400435906871,0.5721925133689839,161,374,75,False,,ODFL
2022-06-30,1001250.0,EL,EL,Chemicals (other),2021-06-30,92419742335.51025,0.03803582209700141,0.56951871657754,162,374,75,False,,EL
2022-06-30,92380.0,LUV,LUV,Transportation,2021-12-31,21395388000.670616,0.03793648107406781,0.5668449197860963,163,374,75,False,,LUV
2022-06-30,46080.0,HAS,HAS,Other manufacturing,2021-12-26,11378025422.175598,0.03732226195730427,0.5641711229946524,164,374,75,False,,HAS
2022-06-30,1688568.0,DXC,DXC,Business services & software,2022-03-31,6992021611.401634,0.037129241055551605,0.5614973262032086,165,374,75,False,,DXC
2022-06-30,864749.0,TRMB,TRMB,Instruments & medical devices,2021-12-31,14628282118.492641,0.03689049475905985,0.5588235294117647,166,374,75,False,,TRMB
2022-06-30,310764.0,SYK,SYK,Instruments & medical devices,2021-12-31,75104961620.76013,0.03680341062339583,0.5561497326203209,167,374,75,False,,SYK
2022-06-30,60667.0,LOW,LOW,Retail,2022-01-28,115554910535.63509,0.03657455540355677,0.553475935828877,168,374,75,False,,LOW
2022-06-30,6281.0,ADI,ADI,Electronics & semis,2021-10-30,76745555948.66162,0.03644490359310175,0.5508021390374331,169,374,75,False,,ADI
2022-06-30,920148.0,LH,LH,Health services,2021-12-31,21889224410.44922,0.036201309535285525,0.5481283422459893,170,374,75,False,,LH
2022-06-30,882835.0,ROP,ROP,Instruments & medical devices,2021-12-31,41676158188.20145,0.03600014244208577,0.5454545454545454,171,374,75,False,,ROP
2022-06-30,798354.0,FISV,FISV,Business services & software,2021-12-31,58025959433.9888,0.03579287854283215,0.5427807486631016,172,374,75,False,,FISV
2022-06-30,1521332.0,APTV,APTV,Transport equipment,2021-12-31,24094694367.245636,0.03557657125165358,0.5401069518716578,173,374,75,False,,APTV
2022-06-30,1137789.0,STX,STX,Machinery & computers,2021-07-02,16259963233.511536,0.03544447600113604,0.5374331550802139,174,374,75,False,,STX
2022-06-30,59478.0,LLY,LLY,Chemicals & pharma,2021-12-31,308779519125.778,0.035184740845209145,0.5347593582887701,175,374,75,False,,LLY
2022-06-30,1300514.0,LVS,LVS,Services (hotels/personal),2021-12-31,25662415886.255585,0.03513923555033524,0.5320855614973262,176,374,75,False,,LVS
2022-06-30,10456.0,BAX,BAX,Instruments & medical devices,2021-12-31,32262321155.68634,0.03503922301083302,0.5294117647058824,177,374,75,False,,BAX
2022-06-30,1018724.0,AMZN,AMZN,Retail,2021-12-31,1080887286404.7805,0.03495275998188054,0.5267379679144385,178,374,75,False,,AMZN
2022-06-30,916076.0,MLM,MLM,Mining (other),2021-12-31,18670957399.997803,0.03485252544666811,0.5240641711229946,179,374,75,False,,MLM
2022-06-30,1032208.0,SRE,SRE,Utilities,2021-12-31,47433311849.72893,0.03431217007528774,0.5213903743315508,180,374,75,False,,SRE
2022-06-30,1031296.0,FE,FE,Utilities,2021-12-31,21895520745.59941,0.033994838480021355,0.5187165775401069,181,374,75,False,,FE
2022-06-30,80424.0,PG,PG,Chemicals (other),2021-06-30,349039406335.05176,0.0338740120079831,0.516042780748663,182,374,75,False,,PG
2022-06-30,2488.0,AMD,AMD,Electronics & semis,2021-12-25,91710734144.33344,0.03358121696833637,0.5133689839572193,183,374,75,False,,AMD
2022-06-30,1596532.0,ANET,ANET,Machinery & computers,2021-12-31,28850038364.25966,0.033418540088613495,0.5106951871657754,184,374,75,False,,ANET
2022-06-30,75677.0,PKG,PKG,Other manufacturing,2021-12-31,12860898875.0,0.033136869679109365,0.5080213903743316,185,374,75,False,,PKG
2022-06-30,277948.0,CSX,CSX,Transportation,2021-12-31,63739896071.24366,0.032817090782331554,0.5053475935828877,186,374,75,False,,CSX
2022-06-30,702165.0,NSC,NSC,Transportation,2021-12-31,54499013636.92609,0.03269897325223988,0.5026737967914439,187,374,75,False,,NSC
2022-06-30,66740.0,MMM,MMM,Instruments & medical devices,2021-12-31,73906049657.99864,0.032473309608540925,0.5,188,374,75,False,,MMM
2022-06-30,1090727.0,UPS,UPS,Transportation,2021-12-31,159539954132.08008,0.032121262697912954,0.49732620320855614,189,374,75,False,,UPS
2022-06-30,27419.0,TGT,TGT,Retail,2022-01-29,65307302756.58684,0.031962992223417315,0.4946524064171123,190,374,75,False,,TGT
2022-06-30,21344.0,KO,KO,Food & beverage mfg,2021-12-31,272744625144.73926,0.03142306633636113,0.4919786096256685,191,374,75,False,,KO
2022-06-30,723254.0,CTAS,CTAS,Other manufacturing,2021-05-31,38461354899.15756,0.0314046124440079,0.4893048128342246,192,374,75,False,,CTAS
2022-06-30,91419.0,SJM,SJM,Food & beverage mfg,2022-04-30,13627681722.71901,0.03120670888581041,0.48663101604278075,193,374,75,False,,SJM
2022-06-30,1035267.0,ISRG,ISRG,Instruments & medical devices,2021-12-31,71802806863.85591,0.031127775148742716,0.4839572192513369,194,374,75,False,,ISRG
2022-06-30,1748790.0,AMCR,AMCR,Other manufacturing,2021-06-30,19121315484.017944,0.031043618663042928,0.48128342245989303,195,374,75,False,,AMCR
2022-06-30,92122.0,SO,SO,Utilities,2021-12-31,75604755330.52618,0.030822177594832096,0.4786096256684492,196,374,75,False,,SO
2022-06-30,921738.0,PENN,PENN,Services (hotels/personal),2021-12-31,5120374021.981997,0.03014007875863206,0.47593582887700536,197,374,75,False,,PENN
2022-06-30,63908.0,MCD,MCD,Retail,2021-12-31,183576198810.62476,0.029982785677458254,0.4732620320855615,198,374,75,False,,MCD
2022-06-30,1633917.0,PYPL,PYPL,Business services & software,2021-12-31,81363938857.54459,0.02970269937475202,0.47058823529411764,199,374,75,False,,PYPL
2022-06-30,753308.0,NEE,NEE,Utilities,2021-12-31,152034225748.1333,0.029635586531444994,0.4679144385026738,200,374,75,False,,NEE
2022-06-30,1099800.0,EW,EW,Instruments & medical devices,2021-12-31,59260792902.0762,0.029098394505613193,0.46524064171123,201,374,75,False,,EW
2022-06-30,1175454.0,FLT,CPAY,Business services & software,2021-12-31,16364752522.988205,0.02907131409631,0.4625668449197861,202,374,75,False,,CPAY
2022-06-30,1352010.0,EPAM,EPAM,Business services & software,2021-12-31,16766655656.98819,0.029041282178613414,0.45989304812834225,203,374,75,False,,EPAM
2022-06-30,1002047.0,NTAP,NTAP,Machinery & computers,2022-04-29,14430462789.246277,0.028267822139688436,0.4572192513368984,204,374,75,False,,NTAP
2022-06-30,943452.0,WAB,WAB,Transport equipment,2021-12-31,15208612896.396332,0.027906850725442647,0.45454545454545453,205,374,75,False,,WAB
2022-06-30,320193.0,AAPL,AAPL,Machinery & computers,2021-09-25,2243082617867.34,0.02773192668434856,0.45187165775401067,206,374,75,False,,AAPL
2022-06-30,1111711.0,NI,NI,Utilities,2021-12-31,11954803852.114735,0.02740413962690541,0.44919786096256686,207,374,75,False,,NI
2022-06-30,1090872.0,A,A,Instruments & medical devices,2021-10-31,35868633645.89338,0.027050954160928585,0.446524064171123,208,374,75,False,,A
2022-06-30,320187.0,NKE,NKE,Other manufacturing,2021-05-31,160760595199.58496,0.026924524478156395,0.44385026737967914,209,374,75,False,,NKE
2022-06-30,1396009.0,VMC,VMC,Mining (other),2021-12-31,18869783087.999725,0.026890552259494223,0.4411764705882353,210,374,75,False,,VMC
2022-06-30,84839.0,ROL,ROL,Business services & software,2021-12-31,17183631987.40416,0.026716003313499374,0.4385026737967914,211,374,75,False,,ROL
2022-06-30,1285785.0,MOS,MOS,Chemicals (other),2021-12-31,17395246889.651394,0.02660533349909865,0.4358288770053476,212,374,75,False,,MOS
2022-06-30,1326160.0,DUK,DUK,Utilities,2021-12-31,82482907355.8714,0.0263995782814971,0.43315508021390375,213,374,75,False,,DUK
2022-06-30,885725.0,BSX,BSX,Instruments & medical devices,2021-12-31,53174030669.34274,0.02631495413135257,0.4304812834224599,214,374,75,False,,BSX
2022-06-30,40987.0,GPC,GPC,Wholesale,2021-12-31,18881113181.0,0.025870099279595868,0.42780748663101603,215,374,75,False,,GPC
2022-06-30,818479.0,XRAY,XRAY,Instruments & medical devices,2021-12-31,7773215146.601543,0.025428294364831378,0.42513368983957217,216,374,75,False,,XRAY
2022-06-30,1613103.0,MDT,MDT,Instruments & medical devices,2022-04-29,119251660572.5,0.025067367872044506,0.42245989304812837,217,374,75,False,,MDT
2022-06-30,832101.0,IEX,IEX,Machinery & computers,2021-12-31,13825630382.548462,0.024840332813308073,0.4197860962566845,218,374,75,False,,IEX
2022-06-30,72331.0,NDSN,NDSN,Machinery & computers,2021-10-31,11777272260.67273,0.024528180323207045,0.41711229946524064,219,374,75,False,,NDSN
2022-06-30,313616.0,DHR,DHR,Instruments & medical devices,2021-12-31,181356185157.66718,0.024161410775361637,0.4144385026737968,220,374,75,False,,DHR
2022-06-30,1070750.0,HST,HST,Services (hotels/personal),2021-12-31,11197873723.221313,0.024007606370335156,0.4117647058823529,221,374,75,False,,HST
2022-06-30,875320.0,VRTX,VRTX,Chemicals & pharma,2021-12-31,71737167932.22794,0.0239355395431155,0.4090909090909091,222,374,75,False,,VRTX
2022-06-30,96943.0,TFX,TFX,Instruments & medical devices,2021-12-31,11522993227.971863,0.023782324384401594,0.40641711229946526,223,374,75,False,,TFX
2022-06-30,1341439.0,ORCL,ORCL,Business services & software,2022-05-31,186198386939.43787,0.023477146802881814,0.4037433155080214,224,374,75,False,,ORCL
2022-06-30,202058.0,LHX,LHX,Instruments & medical devices,2021-12-31,46664027199.109634,0.023469003334775147,0.40106951871657753,225,374,75,False,,LHX
2022-06-30,1501585.0,HII,HII,Transport equipment,2021-12-31,8710409064.928345,0.022998296422487224,0.3983957219251337,226,374,75,False,,HII
2022-06-30,1755672.0,CTVA,CTVA,Chemicals & pharma,2021-12-31,39360916496.2616,0.02277834645206076,0.39572192513368987,227,374,75,False,,CTVA
2022-06-30,97210.0,TER,TER,Instruments & medical devices,2021-12-31,14544446964.957489,0.022454990913015154,0.393048128342246,228,374,75,False,,TER
2022-06-30,1140859.0,ABC,COR,Wholesale,2021-09-30,29446707025.038345,0.022175470599694616,0.39037433155080214,229,374,75,False,,COR
2022-06-30,1041061.0,YUM,YUM,Retail,2021-12-31,32802231884.14998,0.022169571839566762,0.3877005347593583,230,374,75,False,,YUM
2022-06-30,315189.0,DE,DE,Machinery & computers,2021-10-31,92059259115.79303,0.02214754561728589,0.3850267379679144,231,374,75,False,,DE
2022-06-30,1065696.0,LKQ,LKQ,Wholesale,2021-12-31,13991344028.819706,0.022123399872798502,0.38235294117647056,232,374,75,False,,LKQ
2022-06-30,833444.0,JCI,JCI,Machinery & computers,2021-09-30,33723435824.90816,0.022102654011244786,0.37967914438502676,233,374,75,False,,JCI
2022-06-30,1047862.0,ED,ED,Utilities,2021-12-31,33673996689.900925,0.022013951162993706,0.3770053475935829,234,374,75,False,,ED
2022-06-30,91440.0,SNA,SNA,Other manufacturing,2022-01-01,10529014976.937286,0.021941878801531877,0.37433155080213903,235,374,75,False,,SNA
2022-06-30,1141391.0,MA,MA,Business services & software,2021-12-31,311694250854.4922,0.021781539022918333,0.3716577540106952,236,374,75,False,,MA
2022-06-30,1659166.0,FTV,FTV,Instruments & medical devices,2021-12-31,19526030162.46923,0.021693268136666975,0.3689839572192513,237,374,75,False,,FTV
2022-06-30,814453.0,NWL,NWL,Other manufacturing,2021-12-31,8101520389.556885,0.021607396377990928,0.3663101604278075,238,374,75,False,,NWL
2022-06-30,313927.0,CHD,CHD,Chemicals (other),2021-12-31,22487809085.103363,0.021581986892479397,0.36363636363636365,239,374,75,False,,CHD
2022-06-30,1336920.0,LDOS,LDOS,Business services & software,2021-12-31,14150304143.703415,0.021573801024367532,0.3609625668449198,240,374,75,False,,LDOS
2022-06-30,1467858.0,GM,GM,Transport equipment,2021-12-31,46147957995.69019,0.02154144926569871,0.3582887700534759,241,374,75,False,,GM
2022-06-30,45012.0,HAL,HAL,Oil & gas extraction,2021-12-31,28179203321.56453,0.02111578800493012,0.35561497326203206,242,374,75,False,,HAL
2022-06-30,1783180.0,CARR,CARR,Machinery & computers,2021-12-31,30507630357.558918,0.020910952891836535,0.35294117647058826,243,374,75,False,,CARR
2022-06-30,849399.0,NLOK,GEN,Business services & software,2022-04-01,12738206402.215485,0.02074564040889958,0.3502673796791444,244,374,75,False,,GEN
2022-06-30,24545.0,TAP,TAP,Food & beverage mfg,2021-12-31,11834120635.604858,0.020666022445819023,0.34759358288770054,245,374,75,False,,TAP
2022-06-30,915913.0,ALB,ALB,Chemicals & pharma,2021-12-31,24458311302.665634,0.020591303717925884,0.3449197860962567,246,374,75,False,,ALB
2022-06-30,1058290.0,CTSH,CTSH,Business services & software,2021-12-31,35400854421.19272,0.020589503953989934,0.3422459893048128,247,374,75,False,,CTSH
2022-06-30,40704.0,GIS,GIS,Food & beverage mfg,2021-05-30,45814023430.54089,0.020539964181162867,0.339572192513369,248,374,75,False,,GIS
2022-06-30,1385157.0,TEL,TEL,Wholesale,2021-09-24,36922356616.164665,0.02039111635220126,0.33689839572192515,249,374,75,False,,TEL
2022-06-30,101829.0,RTX,RTX,Transport equipment,2021-12-31,143427932071.41656,0.0202622721807904,0.3342245989304813,250,374,75,False,,RTX
2022-06-30,65984.0,ETR,ETR,Utilities,2021-12-31,22869035723.76175,0.02008983439299861,0.3315508021390374,251,374,75,False,,ETR
2022-06-30,40533.0,GD,GD,Transport equipment,2021-12-31,61440675198.75,0.020003748236849115,0.32887700534759357,252,374,75,False,,GD
2022-06-30,1002910.0,AEE,AEE,Utilities,2021-12-31,23288011549.182724,0.019656164686785212,0.32620320855614976,253,374,75,False,,AEE
2022-06-30,106640.0,WHR,WHR,Electronics & semis,2021-12-31,9077118116.252441,0.019342930970837946,0.3235294117647059,254,374,75,False,,WHR
2022-06-30,851968.0,MHK,MHK,Other manufacturing,2021-12-31,8074664246.67276,0.019330163194041187,0.32085561497326204,255,374,75,False,,MHK
2022-06-30,783325.0,WEC,WEC,Utilities,2021-12-31,31745331007.31404,0.019316833428487987,0.3181818181818182,256,374,75,False,,WEC
2022-06-30,97745.0,TMO,TMO,Instruments & medical devices,2021-12-31,212526676266.2964,0.019296482412060303,0.3155080213903743,257,374,75,False,,TMO
2022-06-30,29989.0,OMC,OMC,Business services & software,2021-12-31,13294011462.308884,0.01917637197025094,0.31283422459893045,258,374,75,False,,OMC
2022-06-30,916365.0,TSCO,TSCO,Retail,2021-12-25,21860920111.765423,0.019114528633221304,0.31016042780748665,259,374,75,False,,TSCO
2022-06-30,89800.0,SHW,SHW,Retail,2021-12-31,58300292689.85724,0.01851549735440717,0.3074866310160428,260,374,75,False,,SHW
2022-06-30,52988.0,J,J,Construction,2021-10-01,16393245707.462944,0.018471586390494787,0.3048128342245989,261,374,75,False,,J
2022-06-30,1000697.0,WAT,WAT,Instruments & medical devices,2021-12-31,20029460572.444458,0.018342833148998493,0.30213903743315507,262,374,75,False,,WAT
2022-06-30,723531.0,PAYX,PAYX,Services (professional),2021-05-31,40973864154.25312,0.018314874085240664,0.2994652406417112,263,374,75,False,,PAYX
2022-06-30,701985.0,BBWI,BBWI,Retail,2022-01-29,6431460340.947395,0.018071262146956868,0.2967914438502674,264,374,75,False,,BBWI
2022-06-30,29534.0,DG,DG,Retail,2022-01-28,56173452800.680664,0.01788001704158048,0.29411764705882354,265,374,75,False,,DG
2022-06-30,4281.0,HWM,HWM,Other manufacturing,2021-12-31,13174558669.799057,0.01763456744529591,0.2914438502673797,266,374,75,False,,HWM
2022-06-30,1744489.0,DIS,DIS,Services (other),2021-10-02,171586724264.72287,0.017627690925515478,0.2887700534759358,267,374,75,False,,DIS
2022-06-30,1022079.0,DGX,DGX,Health services,2021-12-31,15885096267.014114,0.017223287621666607,0.28609625668449196,268,374,75,False,,DGX
2022-06-30,1711269.0,EVRG,EVRG,Utilities,2021-12-31,14962587707.25,0.01696764464287961,0.28342245989304815,269,374,75,False,,EVRG
2022-06-30,1419612.0,SEDG,SEDG,Electronics & semis,2021-12-31,14455409113.544617,0.016872799492753936,0.2807486631016043,270,374,75,False,,SEDG
2022-06-30,4904.0,AEP,AEP,Utilities,2021-12-31,48374101950.086365,0.016052162998683693,0.27807486631016043,271,374,75,False,,AEP
2022-06-30,811156.0,CMS,CMS,Utilities,2021-12-31,19558817887.5,0.015953713689039525,0.27540106951871657,272,374,75,False,,CMS
2022-06-30,37785.0,FMC,FMC,Chemicals & pharma,2021-12-31,13451101516.313057,0.015610780201948218,0.2727272727272727,273,374,75,False,,FMC
2022-06-30,72741.0,ES,ES,Utilities,2021-12-31,29094839195.80887,0.015531038639715505,0.2700534759358289,274,374,75,False,,ES
2022-06-30,1037868.0,AME,AME,Instruments & medical devices,2021-12-31,25461610990.350998,0.015313311169692936,0.26737967914438504,275,374,75,False,,AME
2022-06-30,14693.0,BF.B,BF-B,Food & beverage mfg,2022-04-30,33608044954.223633,0.015199689802248935,0.2647058823529412,276,374,75,False,,BF-B
2022-06-30,1403568.0,ULTA,ULTA,Retail,2022-01-29,20171113916.12448,0.014902660226734433,0.2620320855614973,277,374,75,False,,ULTA
2022-06-30,1037038.0,RL,RL,Other manufacturing,2022-04-02,6544450111.38916,0.014834552465379638,0.25935828877005346,278,374,75,False,,RL
2022-06-30,1418135.0,KDP,KDP,Food & beverage mfg,2021-12-31,50188623600.99483,0.014505314962591031,0.25668449197860965,279,374,75,False,,KDP
2022-06-30,1383312.0,BR,BR,Business services & software,2021-06-30,16559795083.267593,0.014235641372524905,0.2540106951871658,280,374,75,False,,BR
2022-06-30,200406.0,JNJ,JNJ,Chemicals & pharma,2022-01-02,466721376283.5786,0.014188371363249205,0.25133689839572193,281,374,75,False,,JNJ
2022-06-30,900075.0,CPRT,CPRT,Retail,2021-07-31,25763343262.828033,0.01356947959713643,0.24866310160427807,282,374,75,False,,CPRT
2022-06-30,77360.0,PNR,PNR,Machinery & computers,2021-12-31,7556574302.766254,0.013451311614604281,0.24598930481283424,283,374,75,False,,PNR
2022-06-30,1524472.0,XYL,XYL,Machinery & computers,2021-12-31,14064671101.92147,0.013038881710325384,0.24331550802139038,284,374,75,False,,XYL
2022-06-30,1555280.0,ZTS,ZTS,Chemicals & pharma,2021-12-31,81127022708.13202,0.01279581227961758,0.24064171122994651,285,374,75,False,,ZTS
2022-06-30,1260221.0,TDG,TDG,Transport equipment,2021-09-30,29650426755.474915,0.01235746486343145,0.23796791443850268,286,374,75,False,,TDG
2022-06-30,1014473.0,VRSN,VRSN,Business services & software,2021-12-31,18434317602.262604,0.011902927313864121,0.23529411764705882,287,374,75,False,,VRSN
2022-06-30,75362.0,PCAR,PCAR,Transport equipment,2021-12-31,28619078121.335278,0.01162578589583004,0.232620320855615,288,374,75,False,,PCAR
2022-06-30,8670.0,ADP,ADP,Business services & software,2021-06-30,88863837141.73334,0.011253383065341491,0.22994652406417113,289,374,75,False,,ADP
2022-06-30,319201.0,KLAC,KLAC,Instruments & medical devices,2021-06-30,48735373500.52212,0.010918473881039026,0.22727272727272727,290,374,75,False,,KLAC
2022-06-30,764622.0,PNW,PNW,Utilities,2021-12-31,8257582958.656807,0.010663996931441665,0.22459893048128343,291,374,75,False,,PNW
2022-06-30,72903.0,XEL,XEL,Utilities,2021-12-31,38508564697.36595,0.010589582140812822,0.22192513368983957,292,374,75,False,,XEL
2022-06-30,51434.0,IP,IP,Other manufacturing,2021-12-31,15743324963.363861,0.009761064588051474,0.2192513368983957,293,374,75,False,,IP
2022-06-30,1751788.0,DOW,DOW,Chemicals & pharma,2021-12-31,37971913079.79445,0.009705929615940865,0.21657754010695188,294,374,75,False,,DOW
2022-06-30,1000228.0,HSIC,HSIC,Wholesale,2021-12-25,10526640378.967285,0.009640681342245971,0.21390374331550802,295,374,75,False,,HSIC
2022-06-30,78239.0,PVH,PVH,Other manufacturing,2022-01-30,3869595957.070381,0.009256411953149633,0.21122994652406418,296,374,75,False,,PVH
2022-06-30,1466258.0,TT,TT,Instruments & medical devices,2021-12-31,30329590737.84729,0.009106346554747145,0.20855614973262032,297,374,75,False,,TT
2022-06-30,1050915.0,PWR,PWR,Construction,2021-12-31,17884803434.212463,0.009074663180740303,0.20588235294117646,298,374,75,False,,PWR
2022-06-30,1109357.0,EXC,EXC,Utilities,2021-12-31,62276569541.085594,0.009019174322418328,0.20320855614973263,299,374,75,False,,EXC
2022-06-30,18230.0,CAT,CAT,Machinery & computers,2021-12-31,95795345053.03902,0.00875140425901674,0.20053475935828877,300,374,75,False,,CAT
2022-06-30,48465.0,HRL,HRL,Food & beverage mfg,2021-10-31,25627159370.269775,0.008236815046275292,0.19786096256684493,301,374,75,False,,HRL
2022-06-30,773840.0,HON,HON,Transport equipment,2021-12-31,119202159191.76688,0.007686585668237045,0.19518716577540107,302,374,75,False,,HON
2022-06-30,715957.0,D,D,Utilities,2021-12-31,64683089078.41937,0.007662600066497865,0.1925133689839572,303,374,75,False,,D
2022-06-30,23217.0,CAG,CAG,Food & beverage mfg,2021-05-30,16446367394.691456,0.00760905716006436,0.18983957219251338,304,374,75,False,,CAG
2022-06-30,1410636.0,AWK,AWK,Utilities,2021-12-31,27035227687.482925,0.007002222615605515,0.18716577540106952,305,374,75,False,,AWK
2022-06-30,79879.0,PPG,PPG,Chemicals (other),2021-12-31,26984119307.426025,0.00601364069719119,0.18449197860962566,306,374,75,False,,PPG
2022-06-30,63754.0,MKC,MKC,Food & beverage mfg,2021-11-30,22252725000.0,0.005841051389250065,0.18181818181818182,307,374,75,False,,MKC
2022-06-30,12927.0,BA,BA,Transport equipment,2021-12-31,79707728582.46964,0.005407859973579921,0.17914438502673796,308,374,75,False,,BA
2022-06-30,935703.0,DLTR,DLTR,Retail,2022-01-29,35083446148.61441,0.00488474178293075,0.17647058823529413,309,374,75,False,,DLTR
2022-06-30,874716.0,IDXX,IDXX,Chemicals & pharma,2021-12-31,29548682507.638092,0.004523048909455332,0.17379679144385027,310,374,75,False,,IDXX
2022-06-30,1699150.0,IR,IR,Machinery & computers,2021-12-31,17167290357.731552,0.004184140633259753,0.1711229946524064,311,374,75,False,,IR
2022-06-30,26172.0,CMI,CMI,Machinery & computers,2021-12-31,27563845850.68924,0.003971165882505288,0.16844919786096257,312,374,75,False,,CMI
2022-06-30,1048286.0,MAR,MAR,Services (hotels/personal),2021-12-31,44381572414.62953,0.003104230509014208,0.1657754010695187,313,374,75,False,,MAR
2022-06-30,789570.0,MGM,MGM,Services (hotels/personal),2021-12-31,12714037522.61185,0.0030765414137133283,0.16310160427807488,314,374,75,False,,MGM
2022-06-30,16732.0,CPB,CPB,Food & beverage mfg,2021-08-01,14487927321.110218,0.0027379075748776237,0.16042780748663102,315,374,75,False,,CPB
2022-06-30,1604778.0,QRVO,QRVO,Electronics & semis,2022-04-02,10000502826.52301,0.002157422313449159,0.15775401069518716,316,374,75,False,,QRVO
2022-06-30,354950.0,HD,HD,Retail,2022-01-30,283416874771.1886,0.0019374267322771082,0.15508021390374332,317,374,75,False,,HD
2022-06-30,1579241.0,ALLE,ALLE,Business services & software,2021-12-31,8637760406.42897,0.0018299457551794,0.15240641711229946,318,374,75,False,,ALLE
2022-06-30,315213.0,RHI,RHI,Business services & software,2021-12-31,8289273573.762634,0.0016370880668077127,0.1497326203208556,319,374,75,False,,RHI
2022-06-30,745732.0,ROST,ROST,Retail,2022-01-29,24643179626.942734,0.0012337752578209002,0.14705882352941177,320,374,75,False,,ROST
2022-06-30,906163.0,NVR,NVR,Construction,2021-12-31,13544908122.26123,0.0009772972168559484,0.1443850267379679,321,374,75,False,,NVR
2022-06-30,310158.0,MRK,MRK,Chemicals & pharma,2021-12-31,230453468230.60153,0.0007400573797913646,0.14171122994652408,322,374,75,False,,MRK
2022-06-30,1551182.0,ETN,ETN,Machinery & computers,2021-12-31,50244811148.07129,0.0005770603331764134,0.13903743315508021,323,374,75,False,,ETN
2022-06-30,29905.0,DOV,DOV,Machinery & computers,2021-12-31,17476704877.278023,-0.0008133689505684301,0.13636363636363635,324,374,75,False,,DOV
2022-06-30,1103982.0,MDLZ,MDLZ,Food & beverage mfg,2021-12-31,86201288463.80205,-0.002357266756608501,0.13368983957219252,325,374,75,False,,MDLZ
2022-06-30,47217.0,HPQ,HPQ,Machinery & computers,2021-10-31,35491644162.33719,-0.0025651171358011217,0.13101604278074866,326,374,75,False,,HPQ
2022-06-30,820313.0,APH,APH,Electronics & semis,2021-12-31,38559740940.70278,-0.003754762883391284,0.12834224598930483,327,374,75,False,,APH
2022-06-30,352541.0,LNT,LNT,Utilities,2021-12-31,14680555646.290054,-0.005074042412376251,0.12566844919786097,328,374,75,False,,LNT
2022-06-30,109198.0,TJX,TJX,Retail,2022-01-29,65636488652.8942,-0.007602866320754751,0.12299465240641712,329,374,75,False,,TJX
2022-06-30,37996.0,F,F,Transport equipment,2021-12-31,44419830456.7337,-0.008098478721943329,0.12032085561497326,330,374,75,False,,F
2022-06-30,352915.0,UHS,UHS,Health services,2021-12-31,8310488414.451599,-0.008121436686252105,0.11764705882352941,331,374,75,False,,UHS
2022-06-30,49826.0,ITW,ITW,Machinery & computers,2021-12-31,57030934632.75,-0.00864653349742813,0.11497326203208556,332,374,75,False,,ITW
2022-06-30,1121788.0,GRMN,GRMN,Instruments & medical devices,2021-12-25,18941330610.0,-0.009374437383278023,0.11229946524064172,333,374,75,False,,GRMN
2022-06-30,1024478.0,ROK,ROK,Instruments & medical devices,2021-09-30,23116349216.1911,-0.0108091259747416,0.10962566844919786,334,374,75,False,,ROK
2022-06-30,1519751.0,FBHS,FBIN,Other manufacturing,2021-12-31,8034357031.77442,-0.010944824745503403,0.10695187165775401,335,374,75,False,,FBIN
2022-06-30,1306830.0,CE,CE,Chemicals & pharma,2021-12-31,12705309691.145767,-0.011623841985666841,0.10427807486631016,336,374,75,False,,CE
2022-06-30,827052.0,EIX,EIX,Utilities,2021-12-31,24075275440.78718,-0.012684138581846693,0.10160427807486631,337,374,75,False,,EIX
2022-06-30,1059556.0,MCO,MCO,Business services & software,2021-12-31,50368844226.07422,-0.015430617593857285,0.09893048128342247,338,374,75,False,,MCO
2022-06-30,277135.0,GWW,GWW,Wholesale,2021-12-31,23224961713.814575,-0.016450686738573757,0.0962566844919786,339,374,75,False,,GWW
2022-06-30,1045810.0,NVDA,NVDA,Electronics & semis,2022-01-30,380490909957.88574,-0.0176491545397243,0.09358288770053476,340,374,75,False,,NVDA
2022-06-30,1402057.0,CDW,CDW,Retail,2021-12-31,21261827990.226074,-0.018097861524744834,0.09090909090909091,341,374,75,False,,CDW
2022-06-30,6951.0,AMAT,AMAT,Electronics & semis,2021-10-31,80836938285.71997,-0.018514674747810204,0.08823529411764706,342,374,75,False,,AMAT
2022-06-30,1585689.0,HLT,HLT,Services (hotels/personal),2021-12-31,31107259979.5719,-0.018697974903714748,0.0855614973262032,343,374,75,False,,HLT
2022-06-30,1110803.0,ILMN,ILMN,Instruments & medical devices,2022-01-02,28944519166.3208,-0.01903341812121744,0.08288770053475936,344,374,75,False,,ILMN
2022-06-30,707549.0,LRCX,LRCX,Machinery & computers,2021-06-27,60493563540.7954,-0.021036610085533907,0.08021390374331551,345,374,75,False,,LRCX
2022-06-30,946581.0,TTWO,TTWO,Business services & software,2022-03-31,14190053838.051819,-0.02545449947381342,0.07754010695187166,346,374,75,False,,TTWO
2022-06-30,105770.0,WST,WST,Instruments & medical devices,2021-12-31,22460523703.22693,-0.025476455563560155,0.0748663101604278,347,374,75,False,,WST
2022-06-30,73309.0,NUE,NUE,Other manufacturing,2021-12-31,28099327931.394684,-0.02597192254470476,0.07219251336898395,348,374,75,False,,NUE
2022-06-30,857005.0,PTC,PTC,Business services & software,2021-09-30,12534494436.820312,-0.027404288152361293,0.06951871657754011,349,374,75,False,,PTC
2022-06-30,865752.0,MNST,MNST,Food & beverage mfg,2021-12-31,49071564706.52496,-0.031659325361413526,0.06684491978609626,350,374,75,False,,MNST
2022-06-30,1474735.0,GNRC,GNRC,Electronics & semis,2021-12-31,13431561344.371353,-0.03434845646041397,0.06417112299465241,351,374,75,False,,GNRC
2022-06-30,815556.0,FAST,FAST,Retail,2021-12-31,28731458540.376343,-0.03748926025872188,0.06149732620320856,352,374,75,False,,FAST
2022-06-30,103379.0,VFC,VFC,Other manufacturing,2022-04-02,17152217409.129715,-0.03857753384722757,0.058823529411764705,353,374,75,False,,VFC
2022-06-30,93556.0,SWK,SWK,Other manufacturing,2022-01-01,16871240497.641296,-0.03965887416105113,0.05614973262032086,354,374,75,False,,SWK
2022-06-30,1130310.0,CNP,CNP,Utilities,2021-12-31,18603928813.875984,-0.041152494729444836,0.053475935828877004,355,374,75,False,,CNP
2022-06-30,872589.0,REGN,REGN,Chemicals & pharma,2021-12-31,62482441516.11328,-0.04666874813665398,0.05080213903743316,356,374,75,False,,REGN
2022-06-30,879169.0,INCY,INCY,Services (professional),2021-12-31,16814074878.50235,-0.046877012385996675,0.0481283422459893,357,374,75,False,,INCY
2022-06-30,920760.0,LEN,LEN,Construction,2021-11-30,21637607763.9386,-0.060096553922761455,0.045454545454545456,358,374,75,False,,LEN
2022-06-30,1510295.0,MPC,MPC,Petroleum refining,2021-12-31,46466156759.71208,-0.06307357606534882,0.0427807486631016,359,374,75,False,,MPC
2022-06-30,813828.0,PARA,PARA,Communications,2021-12-31,6307440000.0,-0.06452018727029285,0.040106951871657755,360,374,75,False,,
2022-06-30,1666700.0,DD,DD,Chemicals & pharma,2021-12-31,28507399304.242916,-0.07179425611648987,0.0374331550802139,361,374,75,False,,DD
2022-06-30,822416.0,PHM,PHM,Construction,2021-12-31,9854037731.127876,-0.0737377137426609,0.034759358288770054,362,374,75,False,,PHM
2022-06-30,1133421.0,NOC,NOC,Instruments & medical devices,2021-12-31,74705703697.70471,-0.07899090157154673,0.03208556149732621,363,374,75,False,,NOC
2022-06-30,746515.0,EXPD,EXPD,Transportation,2021-12-31,16314615164.182495,-0.0872583795469439,0.029411764705882353,364,374,75,False,,EXPD
2022-06-30,1013871.0,NRG,NRG,Utilities,2021-12-31,9242988689.234177,-0.08896124356685223,0.026737967914438502,365,374,75,False,,NRG
2022-06-30,731802.0,ATO,ATO,Utilities,2021-09-30,14844933883.63424,-0.10008174974306284,0.02406417112299465,366,374,75,False,,ATO
2022-06-30,1065280.0,NFLX,NFLX,Services (other),2021-12-31,77635826353.30139,-0.11264810733609537,0.0213903743315508,367,374,75,False,,NFLX
2022-06-30,1043277.0,CHRW,CHRW,Transportation,2021-12-31,13056310279.585808,-0.12311324746125857,0.01871657754010695,368,374,75,False,,CHRW
2022-06-30,945841.0,POOL,POOL,Wholesale,2021-12-31,14108243257.98996,-0.13567303801500302,0.016042780748663103,369,374,75,False,,POOL
2022-06-30,1170010.0,KMX,KMX,Retail,2022-02-28,14525465930.754929,-0.15458488187243036,0.013368983957219251,370,374,75,False,,KMX
2022-06-30,882184.0,DHI,DHI,Construction,2021-09-30,23598688938.763367,-0.1696507191077194,0.0106951871657754,371,374,75,False,,DHI
2022-06-30,12208.0,BIO,BIO,Instruments & medical devices,2021-12-31,14766345000.0,-0.23346772400904073,0.008021390374331552,372,374,75,False,,BIO
2022-06-30,711404.0,COO,COO,Instruments & medical devices,2021-10-31,15470638981.149902,-0.2699633497922747,0.0053475935828877,373,374,75,False,,COO
2022-06-30,1065088.0,EBAY,EBAY,Business services & software,2021-12-31,24482328812.252426,-0.47679380006966215,0.00267379679144385,374,374,75,False,,EBAY
