pass 1: zero-day tickers 5151
$AAIC: possibly delisted; no timezone found
HTTP Error 404: {"quoteSummary":{"result":null,"error":{"code":"Not Found","description":"Quote not found for symbol: ABCW"}}}
$ABCW: possibly delisted; no timezone found
$AAN: possibly delisted; no timezone found
$AAPC: possibly delisted; no timezone found
$ABAX: possibly delisted; no timezone found
$ABVA: possibly delisted; no timezone found
$ABCD: possibly delisted; no timezone found
$AAI: possibly delisted; no timezone found
$AACC: possibly delisted; no timezone found
$ABHD: possibly delisted; no timezone found
$ABL: possibly delisted; no timezone found
$AAMC: possibly delisted; no timezone found
$ABCO: possibly delisted; no timezone found
$ABMD: possibly delisted; no timezone found
$AAWW: possibly delisted; no timezone found
$AAAO: possibly delisted; no timezone found
$ABTX: possibly delisted; no timezone found
$AAQC: possibly delisted; no timezone found
$ABFF: possibly delisted; no timezone found
$ABP: possibly delisted; no timezone found

20 Failed downloads:
['AAIC', 'ABCW', 'AAN', 'AAPC', 'ABAX', 'ABVA', 'ABCD', 'AAI', 'AACC', 'ABHD', 'ABL', 'AAMC', 'ABCO', 'ABMD', 'AAWW', 'AAAO', 'ABTX', 'AAQC', 'ABFF', 'ABP']: possibly delisted; no timezone found
$ACFC: possibly delisted; no timezone found
$ACAQ: possibly delisted; no timezone found
$ACCD: possibly delisted; no timezone found
$ACC: possibly delisted; no timezone found
$ACAHU: possibly delisted; no timezone found
$ABVT: possibly delisted; no timezone found
$ACHN: possibly delisted; no timezone found
$ACEF: possibly delisted; no timezone found
$ACLX: possibly delisted; no timezone found
$ACEFL: possibly delisted; no timezone found
$ACIA: possibly delisted; no timezone found
$ACPW: possibly delisted; no timezone found
$ACGN: possibly delisted; no timezone found
$ACOR: possibly delisted; no timezone found
$ACBI: possibly delisted; no timezone found
$ACQRU: possibly delisted; no timezone found
$ACER: possibly delisted; no timezone found
$AC: possibly delisted; no timezone found
$ACO: possibly delisted; no timezone found
$ACRO: possibly delisted; no timezone found

20 Failed downloads:
['ACFC', 'ACAQ', 'ACCD', 'ACC', 'ACAHU', 'ABVT', 'ACHN', 'ACEF', 'ACLX', 'ACEFL', 'ACIA', 'ACPW', 'ACGN', 'ACOR', 'ACBI', 'ACQRU', 'ACER', 'AC', 'ACO', 'ACRO']: possibly delisted; no timezone found
$ADER: possibly delisted; no timezone found
$ADVS: possibly delisted; no timezone found
$ADTH: possibly delisted; no timezone found
$ADN: possibly delisted; no timezone found
$ACUC: possibly delisted; no timezone found
$ACTV: possibly delisted; no timezone found
$ADGI: possibly delisted; no timezone found
$ADR: possibly delisted; no timezone found
$ADAP: possibly delisted; no timezone found
$ADVM: possibly delisted; no timezone found
$ADMS: possibly delisted; no timezone found
$ADES: possibly delisted; no timezone found
$ADNC: possibly delisted; no timezone found
$ADSW: possibly delisted; no timezone found
$ACW: possibly delisted; no timezone found
$ADGE: possibly delisted; no timezone found
$ADEP: possibly delisted; no timezone found
$ACTA: possibly delisted; no timezone found
$ADOC: possibly delisted; no timezone found
$ADMP: possibly delisted; no timezone found

20 Failed downloads:
['ADER', 'ADVS', 'ADTH', 'ADN', 'ACUC', 'ACTV', 'ADGI', 'ADR', 'ADAP', 'ADVM', 'ADMS', 'ADES', 'ADNC', 'ADSW', 'ACW', 'ADGE', 'ADEP', 'ACTA', 'ADOC', 'ADMP']: possibly delisted; no timezone found
$AFFX: possibly delisted; no timezone found
$AEGN: possibly delisted; no timezone found
$AFAN: possibly delisted; no timezone found
$AFAQ: possibly delisted; no timezone found
$AERI: possibly delisted; no timezone found
$AEGR: possibly delisted; no timezone found
$ADXS: possibly delisted; no timezone found
$AET: possibly delisted; no timezone found
$AEHI: possibly delisted; no timezone found
$AFH: possibly delisted; no timezone found
$AFAC: possibly delisted; no timezone found
$AEPI: possibly delisted; no timezone found
$AEA: possibly delisted; no timezone found
$AFAM: possibly delisted; no timezone found
$AE: possibly delisted; no timezone found
$AEEX: possibly delisted; no timezone found
$AFI: possibly delisted; no timezone found
$AFCB: possibly delisted; no timezone found
$AEAC: possibly delisted; no timezone found
$AF: possibly delisted; no timezone found

20 Failed downloads:
['AFFX', 'AEGN', 'AFAN', 'AFAQ', 'AERI', 'AEGR', 'ADXS', 'AET', 'AEHI', 'AFH', 'AFAC', 'AEPI', 'AEA', 'AFAM', 'AE', 'AEEX', 'AFI', 'AFCB', 'AEAC', 'AF']: possibly delisted; no timezone found
$AGFY: possibly delisted; no timezone found
$AGP: possibly delisted; no timezone found
$AFSI: possibly delisted; no timezone found
$AGCB: possibly delisted; no timezone found
$AGPH: possibly delisted; no timezone found
$AFOP: possibly delisted; no timezone found
$AGTC: possibly delisted; no timezone found
$AGFS: possibly delisted; no timezone found
$AGAE: possibly delisted; no timezone found
$AGS: possibly delisted; no timezone found
$AGTI: possibly delisted; no timezone found
$AGN: possibly delisted; no timezone found
$AGOL: possibly delisted; no timezone found
$AGAC: possibly delisted; no timezone found
$AFTRU: possibly delisted; no price data found  (1d 2008-01-01 -> 2026-09-26)
$AH: possibly delisted; no timezone found
$AGRX: possibly delisted; no timezone found
$AGIL: possibly delisted; no timezone found
$AGR: possibly delisted; no timezone found
$AGGRU: possibly delisted; no timezone found

20 Failed downloads:
['AGFY', 'AGP', 'AFSI', 'AGCB', 'AGPH', 'AFOP', 'AGTC', 'AGFS', 'AGAE', 'AGS', 'AGTI', 'AGN', 'AGOL', 'AGAC', 'AH', 'AGRX', 'AGIL', 'AGR', 'AGGRU']: possibly delisted; no timezone found
['AFTRU']: possibly delisted; no price data found  (1d 2008-01-01 -> 2026-09-26)
$AHGP: possibly delisted; no timezone found
$AIRC: possibly delisted; no timezone found
$AJRD: possibly delisted; no timezone found
$AHPA: possibly delisted; no timezone found
$AINC: possibly delisted; no timezone found
$AJAX: possibly delisted; no timezone found
$AHP: possibly delisted; no timezone found
$AHH: possibly delisted; no timezone found
$AIOM: possibly delisted; no timezone found
$AHL: possibly delisted; no timezone found
$AIMC: possibly delisted; no timezone found
$AKAO: possibly delisted; no timezone found
$AIRSP: possibly delisted; no timezone found
$AHIT: possibly delisted; no timezone found
$AHRN: possibly delisted; no timezone found
$AJIA: possibly delisted; no timezone found
$AKCA: possibly delisted; no timezone found
$AIRM: possibly delisted; no timezone found
$AIMT: possibly delisted; no timezone found
$AKIC: possibly delisted; no timezone found

20 Failed downloads:
['AHGP', 'AIRC', 'AJRD', 'AHPA', 'AINC', 'AJAX', 'AHP', 'AHH', 'AIOM', 'AHL', 'AIMC', 'AKAO', 'AIRSP', 'AHIT', 'AHRN', 'AJIA', 'AKCA', 'AIRM', 'AIMT', 'AKIC']: possibly delisted; no timezone found
$ALE: possibly delisted; no timezone found
$ALDR: possibly delisted; no timezone found
$ALGR: possibly delisted; no timezone found
$ALGI: possibly delisted; no timezone found
$ALBT: possibly delisted; no timezone found
$AKRO: possibly delisted; no timezone found
$ALDW: possibly delisted; no timezone found
$ALJ: possibly delisted; no timezone found
$ALEX: possibly delisted; no timezone found
$ALBO: possibly delisted; no timezone found
$AL: possibly delisted; no timezone found
$ALFE: possibly delisted; no timezone found
$ALAC: possibly delisted; no timezone found
$AKRX: possibly delisted; no timezone found
$AKYA: possibly delisted; no timezone found
$ALIM: possibly delisted; no timezone found
$ALCS: possibly delisted; no timezone found
$AKUS: possibly delisted; no timezone found
$AKLI: possibly delisted; no timezone found
$AKS: possibly delisted; no timezone found

20 Failed downloads:
['ALE', 'ALDR', 'ALGR', 'ALGI', 'ALBT', 'AKRO', 'ALDW', 'ALJ', 'ALEX', 'ALBO', 'AL', 'ALFE', 'ALAC', 'AKRX', 'AKYA', 'ALIM', 'ALCS', 'AKUS', 'AKLI', 'AKS']: possibly delisted; no timezone found
$ALPN: possibly delisted; no timezone found
$ALOG: possibly delisted; no timezone found
$ALQA: possibly delisted; no timezone found
$ALTH: possibly delisted; no timezone found
$ALNC: possibly delisted; no timezone found
$ALTE: possibly delisted; no timezone found
$ALNA: possibly delisted; no timezone found
$ALTA: possibly delisted; no timezone found
$ALUS: possibly delisted; no timezone found
$ALR: possibly delisted; no timezone found
$ALLB: possibly delisted; no timezone found
$ALTV: possibly delisted; no timezone found
$ALTU: possibly delisted; no timezone found
$ALSE: possibly delisted; no timezone found
$ALXA: possibly delisted; no timezone found
$ALLK: possibly delisted; no timezone found
$ALTN: possibly delisted; no timezone found
$ALSK: possibly delisted; no timezone found
$ALRT: possibly delisted; no timezone found
$ALTR: possibly delisted; no timezone found

20 Failed downloads:
['ALPN', 'ALOG', 'ALQA', 'ALTH', 'ALNC', 'ALTE', 'ALNA', 'ALTA', 'ALUS', 'ALR', 'ALLB', 'ALTV', 'ALTU', 'ALSE', 'ALXA', 'ALLK', 'ALTN', 'ALSK', 'ALRT', 'ALTR']: possibly delisted; no timezone found
$AMRE: possibly delisted; no timezone found
$AMPS: possibly delisted; no timezone found
$AMCC: possibly delisted; no timezone found
$AMSG: possibly delisted; no timezone found
$AMPI: possibly delisted; no timezone found
$AMLN: possibly delisted; no timezone found
$ALYI: possibly delisted; no timezone found
$AMRI: possibly delisted; no timezone found
$AMBI: possibly delisted; no timezone found
$AMMD: possibly delisted; no timezone found
$AMNB: possibly delisted; no timezone found
$ALXN: possibly delisted; no timezone found
$AMBT: possibly delisted; no timezone found
$AMED: possibly delisted; no timezone found
$AMRB: possibly delisted; no timezone found
$AMBC: possibly delisted; no timezone found
$AMK: possibly delisted; no timezone found
$AMRS: possibly delisted; no timezone found
$AMNL: possibly delisted; no timezone found
$AMAG: possibly delisted; no timezone found

20 Failed downloads:
['AMRE', 'AMPS', 'AMCC', 'AMSG', 'AMPI', 'AMLN', 'ALYI', 'AMRI', 'AMBI', 'AMMD', 'AMNB', 'ALXN', 'AMBT', 'AMED', 'AMRB', 'AMBC', 'AMK', 'AMRS', 'AMNL', 'AMAG']: possibly delisted; no timezone found
$AOIP: possibly delisted; no timezone found
$ANGN: possibly delisted; no timezone found
$ANEN: possibly delisted; no timezone found
$ANDX: possibly delisted; no timezone found
$ANDV: possibly delisted; no timezone found
$ANCX: possibly delisted; no timezone found
$ANN: possibly delisted; no timezone found
$AMSWA: possibly delisted; no timezone found
$AMWD: possibly delisted; no timezone found
$ANSS: possibly delisted; no timezone found
$AMTG: possibly delisted; no timezone found
$ANGPD: possibly delisted; no timezone found
$ANH: possibly delisted; no timezone found
$AONE: possibly delisted; no timezone found
$AMTI: possibly delisted; no timezone found
$AOL: possibly delisted; no timezone found
$ANAD: possibly delisted; no timezone found
$ANR: possibly delisted; no timezone found
$ANAC: possibly delisted; no timezone found
$ANAT: possibly delisted; no timezone found

20 Failed downloads:
['AOIP', 'ANGN', 'ANEN', 'ANDX', 'ANDV', 'ANCX', 'ANN', 'AMSWA', 'AMWD', 'ANSS', 'AMTG', 'ANGPD', 'ANH', 'AONE', 'AMTI', 'AOL', 'ANAD', 'ANR', 'ANAC', 'ANAT']: possibly delisted; no timezone found
$APL: possibly delisted; no timezone found
$APOL: possibly delisted; no timezone found
$APAGF: possibly delisted; no timezone found
$APLT: possibly delisted; no timezone found
$APPH: possibly delisted; no timezone found
$APKT: possibly delisted; no timezone found
$APCA: possibly delisted; no timezone found
$APFH: possibly delisted; no timezone found
$APR: possibly delisted; no timezone found
$APRN: possibly delisted; no timezone found
$APLS: possibly delisted; no timezone found
$APEX: possibly delisted; no timezone found
$APTI: possibly delisted; no timezone found
$APEN: possibly delisted; no timezone found
$APNC: possibly delisted; no timezone found
$APFC: possibly delisted; no timezone found
$APGB: possibly delisted; no timezone found
$APNU: possibly delisted; no timezone found
$APGN: possibly delisted; no timezone found
$APRI: possibly delisted; no timezone found

20 Failed downloads:
['APL', 'APOL', 'APAGF', 'APLT', 'APPH', 'APKT', 'APCA', 'APFH', 'APR', 'APRN', 'APLS', 'APEX', 'APTI', 'APEN', 'APNC', 'APFC', 'APGB', 'APNU', 'APGN', 'APRI']: possibly delisted; no timezone found
$ARII: possibly delisted; no timezone found
$APTM: possibly delisted; no timezone found
$ARC: possibly delisted; no timezone found
$ARCH: possibly delisted; no timezone found
$ARCRCA: possibly delisted; no timezone found
$ARGO: possibly delisted; no timezone found
$ARAV: possibly delisted; no timezone found
$ARBA: possibly delisted; no timezone found
$ARGS: possibly delisted; no timezone found
$ARBGU: possibly delisted; no timezone found
$ARDM: possibly delisted; no timezone found
$AQUA: possibly delisted; no timezone found
$APTS: possibly delisted; no timezone found
$AREX: possibly delisted; no timezone found
$ARDNA: possibly delisted; no timezone found
$AQ: possibly delisted; no timezone found
$ARG: possibly delisted; no timezone found
$APTX: possibly delisted; no timezone found
$APU: possibly delisted; no timezone found
$ARA: possibly delisted; no timezone found

20 Failed downloads:
['ARII', 'APTM', 'ARC', 'ARCH', 'ARCRCA', 'ARGO', 'ARAV', 'ARBA', 'ARGS', 'ARBGU', 'ARDM', 'AQUA', 'APTS', 'AREX', 'ARDNA', 'AQ', 'ARG', 'APTX', 'APU', 'ARA']: possibly delisted; no timezone found
$ART: possibly delisted; no timezone found
$ARYD: possibly delisted; no timezone found
$ARPI: possibly delisted; no timezone found
$ARO: possibly delisted; no timezone found
$ASAQ: possibly delisted; no timezone found
$ARJ: possibly delisted; no timezone found
$ARUN: possibly delisted; no timezone found
$ASBB: possibly delisted; no timezone found
$ARTG: possibly delisted; no timezone found
$ARTX: possibly delisted; no timezone found
$ARQL: possibly delisted; no timezone found
$ARYA: possibly delisted; no timezone found
$ASCB: possibly delisted; no timezone found
$ARNA: possibly delisted; no timezone found
$ARRS: possibly delisted; no timezone found
$ARNC: possibly delisted; no timezone found
$ARLZ: possibly delisted; no timezone found
$ASCA: possibly delisted; no timezone found
$ARYE: possibly delisted; no timezone found
$ARRW: possibly delisted; no timezone found

20 Failed downloads:
['ART', 'ARYD', 'ARPI', 'ARO', 'ASAQ', 'ARJ', 'ARUN', 'ASBB', 'ARTG', 'ARTX', 'ARQL', 'ARYA', 'ASCB', 'ARNA', 'ARRS', 'ARNC', 'ARLZ', 'ASCA', 'ARYE', 'ARRW']: possibly delisted; no timezone found
$ASXC: possibly delisted; no timezone found
$ASZU: possibly delisted; no timezone found
$ASEPF: possibly delisted; no timezone found
$ASV: possibly delisted; no timezone found
$ASEI: possibly delisted; no timezone found
$ATHL: possibly delisted; no timezone found
$ATHN: possibly delisted; no timezone found
$ASFI: possibly delisted; no timezone found
$ATHX: possibly delisted; no timezone found
$ASCMA: possibly delisted; no timezone found
$ASNA: possibly delisted; no timezone found
$ASGN: possibly delisted; no timezone found
$ATAQ: possibly delisted; no timezone found
$ASI: possibly delisted; no timezone found
$AST: possibly delisted; no timezone found
$ASPX: possibly delisted; no timezone found
$ASPEN: possibly delisted; no timezone found
$ATCC: possibly delisted; no timezone found
$ASTR: possibly delisted; no timezone found
$ASEN: possibly delisted; no timezone found

20 Failed downloads:
['ASXC', 'ASZU', 'ASEPF', 'ASV', 'ASEI', 'ATHL', 'ATHN', 'ASFI', 'ATHX', 'ASCMA', 'ASNA', 'ASGN', 'ATAQ', 'ASI', 'AST', 'ASPX', 'ASPEN', 'ATCC', 'ASTR', 'ASEN']: possibly delisted; no timezone found
$ATNX: possibly delisted; no timezone found
$ATRI: possibly delisted; no timezone found
$AUSU: possibly delisted; no timezone found
$AUTO: possibly delisted; no timezone found
$ATVI: possibly delisted; no timezone found
$ATRS: possibly delisted; no timezone found
$ATLS: possibly delisted; no timezone found
$ATMS: possibly delisted; no timezone found
$ATNY: possibly delisted; no timezone found
$ATML: possibly delisted; no timezone found
$ATXS: possibly delisted; no timezone found
$ATSG: possibly delisted; no timezone found
$ATPG: possibly delisted; no timezone found
$AURCU: possibly delisted; no timezone found
$ATX: possibly delisted; no timezone found
$AUD: possibly delisted; no timezone found
$ATK: possibly delisted; no timezone found
$ATW: possibly delisted; no timezone found
$AUTH: possibly delisted; no timezone found
$ATMI: possibly delisted; no timezone found

20 Failed downloads:
['ATNX', 'ATRI', 'AUSU', 'AUTO', 'ATVI', 'ATRS', 'ATLS', 'ATMS', 'ATNY', 'ATML', 'ATXS', 'ATSG', 'ATPG', 'AURCU', 'ATX', 'AUD', 'ATK', 'ATW', 'AUTH', 'ATMI']: possibly delisted; no timezone found
$AVGR: possibly delisted; no timezone found
$AVP: possibly delisted; no timezone found
$AVYA: possibly delisted; no timezone found
$AVDX: possibly delisted; no timezone found
$AVTE: possibly delisted; no timezone found
$AVNS: possibly delisted; no timezone found
$AVNR: possibly delisted; no timezone found
$AUXL: possibly delisted; no timezone found
$AVXS: possibly delisted; no timezone found
$AVHI: possibly delisted; no timezone found
$AVAN: possibly delisted; no timezone found
$AVLR: possibly delisted; no timezone found
$AVDL: possibly delisted; no timezone found
$AVID: possibly delisted; no timezone found
$AVCT: possibly delisted; no timezone found
$AVTA: possibly delisted; no timezone found
$AVTD: possibly delisted; no timezone found
$AVACU: possibly delisted; no timezone found
$AVEO: possibly delisted; no timezone found
$AVNU: possibly delisted; no timezone found

20 Failed downloads:
['AVGR', 'AVP', 'AVYA', 'AVDX', 'AVTE', 'AVNS', 'AVNR', 'AUXL', 'AVXS', 'AVHI', 'AVAN', 'AVLR', 'AVDL', 'AVID', 'AVCT', 'AVTA', 'AVTD', 'AVACU', 'AVEO', 'AVNU']: possibly delisted; no timezone found
$AXE: possibly delisted; no timezone found
$BAKKT: possibly delisted; no timezone found
$AYE: possibly delisted; no timezone found
$AXDX: possibly delisted; no timezone found
$AXAR: possibly delisted; no timezone found
$BACA: possibly delisted; no timezone found
$AXNX: possibly delisted; no timezone found
$AZEK: possibly delisted; no timezone found
$AYR: possibly delisted; no timezone found
$AZPN: possibly delisted; no timezone found
$BAGR: possibly delisted; no timezone found
$AXLL: possibly delisted; no timezone found
$AYX: possibly delisted; no timezone found
$AXLA: possibly delisted; no timezone found
$AWH: possibly delisted; no timezone found
$BAGL: possibly delisted; no timezone found
$AXPW: possibly delisted; no timezone found
$AZUR: possibly delisted; no timezone found
$AYLA: possibly delisted; no timezone found
$AXAS: possibly delisted; no timezone found

20 Failed downloads:
['AXE', 'BAKKT', 'AYE', 'AXDX', 'AXAR', 'BACA', 'AXNX', 'AZEK', 'AYR', 'AZPN', 'BAGR', 'AXLL', 'AYX', 'AXLA', 'AWH', 'BAGL', 'AXPW', 'AZUR', 'AYLA', 'AXAS']: possibly delisted; no timezone found
$BBCZ: possibly delisted; no timezone found
$BBEP: possibly delisted; no timezone found
$BBG: possibly delisted; no timezone found
$BBOX: possibly delisted; no timezone found
$BBX: possibly delisted; no timezone found
$BBBB: possibly delisted; no timezone found
$BCORP: possibly delisted; no timezone found
$BCEL: possibly delisted; no timezone found
$BBNK: possibly delisted; no timezone found
$BAXS: possibly delisted; no timezone found
$BBQ: possibly delisted; no timezone found
$BBRY: possibly delisted; no timezone found
$BASX: possibly delisted; no timezone found
$BASE: possibly delisted; no timezone found
$BAMM: possibly delisted; no timezone found
$BBRG: possibly delisted; no timezone found
$BAYK: possibly delisted; no timezone found
$BCOV: possibly delisted; no timezone found
$BCR: possibly delisted; no timezone found
$BBLN: possibly delisted; no timezone found

20 Failed downloads:
['BBCZ', 'BBEP', 'BBG', 'BBOX', 'BBX', 'BBBB', 'BCORP', 'BCEL', 'BBNK', 'BAXS', 'BBQ', 'BBRY', 'BASX', 'BASE', 'BAMM', 'BBRG', 'BAYK', 'BCOV', 'BCR', 'BBLN']: possibly delisted; no timezone found
$BDFF: possibly delisted; no timezone found
$BERK: possibly delisted; no timezone found
$BEE: possibly delisted; no timezone found
$BETS: possibly delisted; no timezone found
$BCYP: possibly delisted; no timezone found
$BDBD: possibly delisted; no timezone found
$BEAV: possibly delisted; no timezone found
$BDR: possibly delisted; no timezone found
$BEES: possibly delisted; no timezone found
$BELK: possibly delisted; no timezone found
$BERY: possibly delisted; no timezone found
$BFAC: possibly delisted; no timezone found
$BETM: possibly delisted; no timezone found
$BEL: possibly delisted; no timezone found
$BECN: possibly delisted; no timezone found
$BCRH: possibly delisted; no timezone found
$BDMS: possibly delisted; no timezone found
$BDSI: possibly delisted; no timezone found
$BCSI: possibly delisted; no timezone found
$BCSA: possibly delisted; no timezone found

20 Failed downloads:
['BDFF', 'BERK', 'BEE', 'BETS', 'BCYP', 'BDBD', 'BEAV', 'BDR', 'BEES', 'BELK', 'BERY', 'BFAC', 'BETM', 'BEL', 'BECN', 'BCRH', 'BDMS', 'BDSI', 'BCSI', 'BCSA']: possibly delisted; no timezone found
$BFI: possibly delisted; no timezone found
$BFED: possibly delisted; no price data found  (1d 2008-01-01 -> 2026-09-26)
$BHBK: possibly delisted; no timezone found
$BHOI: possibly delisted; no timezone found
$BGG: possibly delisted; no timezone found
$BIND: possibly delisted; no timezone found
$BIOL: possibly delisted; no timezone found
$BGNE: possibly delisted; no timezone found
$BIG: possibly delisted; no timezone found
$BGXX: possibly delisted; no timezone found
$BHACU: possibly delisted; no timezone found
$BHIL: possibly delisted; no timezone found
$BFSB: possibly delisted; no timezone found
$BFB: possibly delisted; no timezone found
$BFIN: possibly delisted; no price data found  (1d 2008-01-01 -> 2026-09-26)
$BHAC: possibly delisted; no timezone found
$BIGC: possibly delisted; no timezone found
$BIOC: possibly delisted; no timezone found
$BGRY: possibly delisted; no timezone found
$BGFV: possibly delisted; no timezone found

20 Failed downloads:
['BFI', 'BHBK', 'BHOI', 'BGG', 'BIND', 'BIOL', 'BGNE', 'BIG', 'BGXX', 'BHACU', 'BHIL', 'BFSB', 'BFB', 'BHAC', 'BIGC', 'BIOC', 'BGRY', 'BGFV']: possibly delisted; no timezone found
['BFED', 'BFIN']: possibly delisted; no price data found  (1d 2008-01-01 -> 2026-09-26)
$BK: possibly delisted; no price data found  (1d 2008-01-01 -> 2026-09-26) (Yahoo error = "No data found, symbol may be delisted")
$BKYF: possibly delisted; no timezone found
$BKCC: possibly delisted; no timezone found
$BJS: possibly delisted; no timezone found
$BIOS: possibly delisted; no timezone found
$BLCM: possibly delisted; no timezone found
$BLBX: possibly delisted; no timezone found
$BKW: possibly delisted; no timezone found
$BKI: possibly delisted; no timezone found
$BIRT: possibly delisted; no timezone found
$BKC: possibly delisted; no timezone found
$BKS: possibly delisted; no timezone found
$BKBK: possibly delisted; no timezone found
$BKJ: possibly delisted; no timezone found
$BIVV: possibly delisted; no timezone found
$BKMU: possibly delisted; no timezone found
$BLC: possibly delisted; no timezone found
$BIOR: possibly delisted; no timezone found
$BKEP: possibly delisted; no timezone found
$BKRS: possibly delisted; no timezone found

20 Failed downloads:
['BK']: possibly delisted; no price data found  (1d 2008-01-01 -> 2026-09-26) (Yahoo error = "No data found, symbol may be delisted")
['BKYF', 'BKCC', 'BJS', 'BIOS', 'BLCM', 'BLBX', 'BKW', 'BKI', 'BIRT', 'BKC', 'BKS', 'BKBK', 'BKJ', 'BIVV', 'BKMU', 'BLC', 'BIOR', 'BKEP', 'BKRS']: possibly delisted; no timezone found
$BLUE: possibly delisted; no timezone found
$BLT: possibly delisted; no timezone found
$BLNG: possibly delisted; no timezone found
$BLI: possibly delisted; no timezone found
$BMAC: possibly delisted; no timezone found
$BMC: possibly delisted; no timezone found
$BLVDU: possibly delisted; no timezone found
$BLDE: possibly delisted; no timezone found
$BLMT: possibly delisted; no timezone found
$BLUD: possibly delisted; no timezone found
$BLXX: possibly delisted; no timezone found
$BLSA: possibly delisted; no timezone found
$BLTA: possibly delisted; no timezone found
$BMCH: possibly delisted; no timezone found
$BLPH: possibly delisted; no timezone found
$BLD: possibly delisted; no timezone found
$BLUA: possibly delisted; no timezone found
$BLEU: possibly delisted; no timezone found
$BLUF: possibly delisted; no timezone found
$BLTSU: possibly delisted; no timezone found

20 Failed downloads:
['BLUE', 'BLT', 'BLNG', 'BLI', 'BMAC', 'BMC', 'BLVDU', 'BLDE', 'BLMT', 'BLUD', 'BLXX', 'BLSA', 'BLTA', 'BMCH', 'BLPH', 'BLD', 'BLUA', 'BLEU', 'BLUF', 'BLTSU']: possibly delisted; no timezone found
$BNI: possibly delisted; no timezone found
$BNVI: possibly delisted; no timezone found
$BNNY: possibly delisted; no timezone found
$BOBE: possibly delisted; no timezone found
$BOCH: possibly delisted; no timezone found
$BMTX: possibly delisted; no timezone found
$BNE: possibly delisted; no timezone found
$BODY: possibly delisted; no timezone found
$BOAS: possibly delisted; no timezone found
$BOJA: possibly delisted; no timezone found
$BOCN: possibly delisted; no timezone found
$BNCL: possibly delisted; no timezone found
$BNFT: possibly delisted; no timezone found
$BOAC: possibly delisted; no timezone found
$BONT: possibly delisted; no timezone found
$BOMH: possibly delisted; no timezone found
$BMTI: possibly delisted; no timezone found
$BMTC: possibly delisted; no timezone found
$BMS: possibly delisted; no timezone found
$BNCN: possibly delisted; no timezone found

20 Failed downloads:
['BNI', 'BNVI', 'BNNY', 'BOBE', 'BOCH', 'BMTX', 'BNE', 'BODY', 'BOAS', 'BOJA', 'BOCN', 'BNCL', 'BNFT', 'BOAC', 'BONT', 'BOMH', 'BMTI', 'BMTC', 'BMS', 'BNCN']: possibly delisted; no timezone found
$BRCD: possibly delisted; no timezone found
$BRCM: possibly delisted; no timezone found
$BPGC: possibly delisted; no timezone found
$BOWL: possibly delisted; no timezone found
$BPMC: possibly delisted; no timezone found
$BPMP: possibly delisted; no timezone found
$BREN: possibly delisted; no timezone found
$BRKA: possibly delisted; no timezone found
$BRDG: possibly delisted; no timezone found
$BPL: possibly delisted; no timezone found
$BRD: possibly delisted; no timezone found
$BPFH: possibly delisted; no timezone found
$BONU: possibly delisted; no timezone found
$BOSM: possibly delisted; no timezone found
$BRDR: possibly delisted; no timezone found
$BRE: possibly delisted; no timezone found
$BRG: possibly delisted; no timezone found
$BOXD: possibly delisted; no timezone found
$BPZ: possibly delisted; no timezone found
$BRIV: possibly delisted; no timezone found

20 Failed downloads:
['BRCD', 'BRCM', 'BPGC', 'BOWL', 'BPMC', 'BPMP', 'BREN', 'BRKA', 'BRDG', 'BPL', 'BRD', 'BPFH', 'BONU', 'BOSM', 'BRDR', 'BRE', 'BRG', 'BOXD', 'BPZ', 'BRIV']: possibly delisted; no timezone found
$BSFT: possibly delisted; no timezone found
$BSAQ: possibly delisted; no timezone found
$BSF: possibly delisted; no timezone found
$BTFL: possibly delisted; no timezone found
$BRTS: possibly delisted; no timezone found
$BSQR: possibly delisted; no timezone found
$BTUI: possibly delisted; no timezone found
$BTFG: possibly delisted; no timezone found
$BSPRT: possibly delisted; no timezone found
$BTM: possibly delisted; no timezone found
$BRSS: possibly delisted; no timezone found
$BTH: possibly delisted; no timezone found
$BRMK: possibly delisted; no timezone found
$BRY: possibly delisted; no timezone found
$BTAQ: possibly delisted; no timezone found
$BSTC: possibly delisted; no timezone found
$BSKYU: possibly delisted; no timezone found
$BSIG: possibly delisted; no timezone found
$BRS: possibly delisted; no timezone found
$BRLI: possibly delisted; no timezone found

20 Failed downloads:
['BSFT', 'BSAQ', 'BSF', 'BTFL', 'BRTS', 'BSQR', 'BTUI', 'BTFG', 'BSPRT', 'BTM', 'BRSS', 'BTH', 'BRMK', 'BRY', 'BTAQ', 'BSTC', 'BSKYU', 'BSIG', 'BRS', 'BRLI']: possibly delisted; no timezone found
$CAB: possibly delisted; no timezone found
$BYI: possibly delisted; no timezone found
$BVH: possibly delisted; no timezone found
$BTWN: possibly delisted; no timezone found
$CAAH: possibly delisted; no timezone found
$CACB: possibly delisted; no timezone found
$BVSN: possibly delisted; no timezone found
$BXRX: possibly delisted; no timezone found
$CAA: possibly delisted; no timezone found
$BTZO: possibly delisted; no timezone found
$BYLK: possibly delisted; no timezone found
$BWP: possibly delisted; no timezone found
$BWCAU: possibly delisted; no timezone found
$BZC: possibly delisted; no timezone found
$BXG: possibly delisted; no timezone found
$BUCY: possibly delisted; no timezone found
$CA: possibly delisted; no timezone found
$BWLD: possibly delisted; no timezone found
$BXS: possibly delisted; no timezone found
$BYBK: possibly delisted; no timezone found

20 Failed downloads:
['CAB', 'BYI', 'BVH', 'BTWN', 'CAAH', 'CACB', 'BVSN', 'BXRX', 'CAA', 'BTZO', 'BYLK', 'BWP', 'BWCAU', 'BZC', 'BXG', 'BUCY', 'CA', 'BWLD', 'BXS', 'BYBK']: possibly delisted; no timezone found
$CATC: possibly delisted; no timezone found
$CATM: possibly delisted; no timezone found
$CADE: possibly delisted; no timezone found
$CARO: possibly delisted; no timezone found
$CASC: possibly delisted; no timezone found
$CASA: possibly delisted; no timezone found
$CAFI: possibly delisted; no timezone found
$CACGU: possibly delisted; no timezone found
$CAFD: possibly delisted; no timezone found
$CARB: possibly delisted; no timezone found
$CANO: possibly delisted; no timezone found
$CALB: possibly delisted; no timezone found
$CAPP: possibly delisted; no timezone found
$CACQ: possibly delisted; no timezone found
$CALL: possibly delisted; no timezone found
$CALD: possibly delisted; no timezone found
$CADX: possibly delisted; no timezone found
$CASI: possibly delisted; no timezone found
$CAVF: possibly delisted; no timezone found
$CAMBU: possibly delisted; no timezone found

20 Failed downloads:
['CATC', 'CATM', 'CADE', 'CARO', 'CASC', 'CASA', 'CAFI', 'CACGU', 'CAFD', 'CARB', 'CANO', 'CALB', 'CAPP', 'CACQ', 'CALL', 'CALD', 'CADX', 'CASI', 'CAVF', 'CAMBU']: possibly delisted; no timezone found
$CBEY: possibly delisted; no timezone found
$CBI: possibly delisted; no timezone found
$CBAY: possibly delisted; no timezone found
$CBMG: possibly delisted; no timezone found
$CBKN: possibly delisted; no timezone found
$CBR: possibly delisted; no timezone found
$CBOU: possibly delisted; no timezone found
$CAVM: possibly delisted; no timezone found
$CBPO: possibly delisted; no timezone found
$CBPX: possibly delisted; no timezone found
$CBLK: possibly delisted; no timezone found
$CBMB: possibly delisted; no timezone found
$CBE: possibly delisted; no timezone found
$CBIS: possibly delisted; no timezone found
$CBNJ: possibly delisted; no timezone found
$CAW: possibly delisted; no timezone found
$CBAI: possibly delisted; no timezone found
$CBF: possibly delisted; no timezone found
$CBB: possibly delisted; no timezone found
$CBM: possibly delisted; no timezone found

20 Failed downloads:
['CBEY', 'CBI', 'CBAY', 'CBMG', 'CBKN', 'CBR', 'CBOU', 'CAVM', 'CBPO', 'CBPX', 'CBLK', 'CBMB', 'CBE', 'CBIS', 'CBNJ', 'CAW', 'CBAI', 'CBF', 'CBB', 'CBM']: possibly delisted; no timezone found
$CDAK: possibly delisted; no timezone found
$CCE: possibly delisted; no timezone found
$CCLP: possibly delisted; no timezone found
$CCAN: possibly delisted; no timezone found
$CCRD: possibly delisted; no timezone found
$CDI: possibly delisted; no timezone found
$CCAA: possibly delisted; no timezone found
$CCF: possibly delisted; no timezone found
$CCMP: possibly delisted; no timezone found
$CCP: possibly delisted; no timezone found
$CCGN: possibly delisted; no timezone found
$CCN: possibly delisted; no timezone found
$CCV: possibly delisted; no timezone found
$CCAI: possibly delisted; no timezone found
$CCITII: possibly delisted; no timezone found
$CCPTV: possibly delisted; no timezone found
$CCRN: possibly delisted; no timezone found
$CBST: possibly delisted; no timezone found
$CCVI: possibly delisted; no timezone found
$CCHWF: possibly delisted; no timezone found

20 Failed downloads:
['CDAK', 'CCE', 'CCLP', 'CCAN', 'CCRD', 'CDI', 'CCAA', 'CCF', 'CCMP', 'CCP', 'CCGN', 'CCN', 'CCV', 'CCAI', 'CCITII', 'CCPTV', 'CCRN', 'CBST', 'CCVI', 'CCHWF']: possibly delisted; no timezone found
$CEDC: possibly delisted; no timezone found
$CEI: possibly delisted; no timezone found
$CDR: possibly delisted; no timezone found
$CDOR: possibly delisted; no timezone found
$CECB: possibly delisted; no timezone found
$CDXC: possibly delisted; no timezone found
$CELDYNP: possibly delisted; no timezone found
$CEC: possibly delisted; no timezone found
$CDII: possibly delisted; no timezone found
$CEBK: possibly delisted; no timezone found
$CDK: possibly delisted; no timezone found
$CEII: possibly delisted; no timezone found
$CEB: possibly delisted; no timezone found
$CDMO: possibly delisted; no timezone found
$CELL: possibly delisted; no timezone found
$CELG: possibly delisted; no timezone found
$CDRB: possibly delisted; no timezone found
$CDVT: possibly delisted; no timezone found
$CDTX: possibly delisted; no timezone found
$CECX: possibly delisted; no timezone found

20 Failed downloads:
['CEDC', 'CEI', 'CDR', 'CDOR', 'CECB', 'CDXC', 'CELDYNP', 'CEC', 'CDII', 'CEBK', 'CDK', 'CEII', 'CEB', 'CDMO', 'CELL', 'CELG', 'CDRB', 'CDVT', 'CDTX', 'CECX']: possibly delisted; no timezone found
$CFMS: possibly delisted; no timezone found
$CFD: possibly delisted; no timezone found
$CFMI: possibly delisted; no timezone found
$CFB: possibly delisted; no timezone found
$CFFC: possibly delisted; no timezone found
$CFFS: possibly delisted; no timezone found
$CERN: possibly delisted; no timezone found
$CFFA: possibly delisted; no timezone found
$CFCB: possibly delisted; no timezone found
$CFNL: possibly delisted; no timezone found
$CELP: possibly delisted; no timezone found
$CEQP: possibly delisted; no timezone found
$CETV: possibly delisted; no timezone found
$CERE: possibly delisted; no timezone found
$CEMI: possibly delisted; no timezone found
$CFLT: possibly delisted; no timezone found
$CFN: possibly delisted; no timezone found
$CFRI: possibly delisted; no timezone found
$CEPH: possibly delisted; no timezone found
$CFIV: possibly delisted; no timezone found

20 Failed downloads:
['CFMS', 'CFD', 'CFMI', 'CFB', 'CFFC', 'CFFS', 'CERN', 'CFFA', 'CFCB', 'CFNL', 'CELP', 'CEQP', 'CETV', 'CERE', 'CEMI', 'CFLT', 'CFN', 'CFRI', 'CEPH', 'CFIV']: possibly delisted; no timezone found
$CGEH: possibly delisted; no timezone found
$CHAA: possibly delisted; no timezone found
$CHNG: possibly delisted; no timezone found
$CHFN: possibly delisted; no timezone found
$CGROU: possibly delisted; no timezone found
$CGX: possibly delisted; no timezone found
$CFRX: possibly delisted; no timezone found
$CHBT: possibly delisted; no price data found  (1d 2008-01-01 -> 2026-09-26)
$CHAMPIONX: possibly delisted; no timezone found
$CHM: possibly delisted; no price data found  (1d 2008-01-01 -> 2026-09-26)
$CGWB: possibly delisted; no timezone found
$CGI: possibly delisted; no timezone found
$CHPE: possibly delisted; no timezone found
$CHLN: possibly delisted; no timezone found
$CHPM: possibly delisted; no timezone found
$CHDX: possibly delisted; no timezone found
$CHMT: possibly delisted; no timezone found
$CHMA: possibly delisted; no timezone found
$CFX: possibly delisted; no timezone found
$CHLO: possibly delisted; no timezone found

20 Failed downloads:
['CGEH', 'CHAA', 'CHNG', 'CHFN', 'CGROU', 'CGX', 'CFRX', 'CHAMPIONX', 'CGWB', 'CGI', 'CHPE', 'CHLN', 'CHPM', 'CHDX', 'CHMT', 'CHMA', 'CFX', 'CHLO']: possibly delisted; no timezone found
['CHBT', 'CHM']: possibly delisted; no price data found  (1d 2008-01-01 -> 2026-09-26)
$CHRA: possibly delisted; no timezone found
$CHPR: possibly delisted; no timezone found
$CINR: possibly delisted; no timezone found
$CIO: possibly delisted; no timezone found
$CISN: possibly delisted; no timezone found
$CIIC: possibly delisted; no timezone found
$CHUY: possibly delisted; no timezone found
$CIIG: possibly delisted; no timezone found
$CHUBA: possibly delisted; no timezone found
$CHTH: possibly delisted; no timezone found
$CIE: possibly delisted; no timezone found
$CHYL: possibly delisted; no timezone found
$CHUX: possibly delisted; no timezone found
$CIGW: possibly delisted; no timezone found
$CHSI: possibly delisted; no price data found  (1d 2008-01-01 -> 2026-09-26)
$CHTP: possibly delisted; no timezone found
$CIT: possibly delisted; no timezone found
$CHSP: possibly delisted; no timezone found
$CHS: possibly delisted; no timezone found
$CINAV: possibly delisted; no timezone found

20 Failed downloads:
['CHRA', 'CHPR', 'CINR', 'CIO', 'CISN', 'CIIC', 'CHUY', 'CIIG', 'CHUBA', 'CHTH', 'CIE', 'CHYL', 'CHUX', 'CIGW', 'CHTP', 'CIT', 'CHSP', 'CHS', 'CINAV']: possibly delisted; no timezone found
['CHSI']: possibly delisted; no price data found  (1d 2008-01-01 -> 2026-09-26)
$CKP: possibly delisted; no timezone found
$CLBS: possibly delisted; no timezone found
$CLCD: possibly delisted; no timezone found
$CKPT: possibly delisted; no timezone found
$CKH: possibly delisted; no timezone found
$CKEC: possibly delisted; no timezone found
$CITE: possibly delisted; no timezone found
$CLGX: possibly delisted; no timezone found
$CLAA: possibly delisted; no timezone found
$CLCT: possibly delisted; no timezone found
$CLACU: possibly delisted; no timezone found
$CLDB: possibly delisted; no timezone found
$CJES: possibly delisted; no timezone found
$CLD: possibly delisted; no timezone found
$CLDR: possibly delisted; no timezone found
$CLC: possibly delisted; no timezone found
$CLAS: possibly delisted; no timezone found
$CLBH: possibly delisted; no timezone found
$CIVI: possibly delisted; no timezone found
$CLMS: possibly delisted; no timezone found

20 Failed downloads:
['CKP', 'CLBS', 'CLCD', 'CKPT', 'CKH', 'CKEC', 'CITE', 'CLGX', 'CLAA', 'CLCT', 'CLACU', 'CLDB', 'CJES', 'CLD', 'CLDR', 'CLC', 'CLAS', 'CLBH', 'CIVI', 'CLMS']: possibly delisted; no timezone found
$CLR: possibly delisted; no timezone found
$CMA: possibly delisted; no timezone found
$CMKG: possibly delisted; no timezone found
$CMD: possibly delisted; no timezone found
$CMLS: possibly delisted; no timezone found
$CMFT: possibly delisted; no timezone found
$CLWR: possibly delisted; no timezone found
$CLOUD: possibly delisted; no timezone found
$CLSP: possibly delisted; no timezone found
$CMFB: possibly delisted; no timezone found
$CLP: possibly delisted; no timezone found
$CLNY: possibly delisted; no timezone found
$CLRM: possibly delisted; no timezone found
$CMLP: possibly delisted; no timezone found
$CLOE: possibly delisted; no timezone found
$CLSD: possibly delisted; no timezone found
$CLVS: possibly delisted; no timezone found
$CMO: possibly delisted; no timezone found
$CMCA: possibly delisted; no timezone found
$CMAX: possibly delisted; no timezone found

20 Failed downloads:
['CLR', 'CMA', 'CMKG', 'CMD', 'CMLS', 'CMFT', 'CLWR', 'CLOUD', 'CLSP', 'CMFB', 'CLP', 'CLNY', 'CLRM', 'CMLP', 'CLOE', 'CLSD', 'CLVS', 'CMO', 'CMCA', 'CMAX']: possibly delisted; no timezone found
$CNTA: possibly delisted; no timezone found
$CMRX: possibly delisted; no timezone found
$CNW: possibly delisted; no timezone found
$CMSS: possibly delisted; no timezone found
$CMPO: possibly delisted; no timezone found
$CMRO: possibly delisted; no timezone found
$CNCE: possibly delisted; no timezone found
$CNXM: possibly delisted; no timezone found
$CNVR: possibly delisted; no timezone found
$CMPI: possibly delisted; no timezone found
$CMVT: possibly delisted; no timezone found
$CNSL: possibly delisted; no timezone found
$CNQR: possibly delisted; no timezone found
$CNIG: possibly delisted; no timezone found
$CNBKA: possibly delisted; no timezone found
$CNHI: possibly delisted; no timezone found
$CNVO: possibly delisted; no price data found  (1d 2008-01-01 -> 2026-09-26)
$CND: possibly delisted; no timezone found
$CNST: possibly delisted; no timezone found
$CNGW: possibly delisted; no timezone found

20 Failed downloads:
['CNTA', 'CMRX', 'CNW', 'CMSS', 'CMPO', 'CMRO', 'CNCE', 'CNXM', 'CNVR', 'CMPI', 'CMVT', 'CNSL', 'CNQR', 'CNIG', 'CNBKA', 'CNHI', 'CND', 'CNST', 'CNGW']: possibly delisted; no timezone found
['CNVO']: possibly delisted; no price data found  (1d 2008-01-01 -> 2026-09-26)
$CORR: possibly delisted; no timezone found
$COOP: possibly delisted; no timezone found
$COBR: possibly delisted; no timezone found
$COMV: possibly delisted; no timezone found
$COB: possibly delisted; no timezone found
$COBZ: possibly delisted; no timezone found
$CNXR: possibly delisted; no timezone found
$CODE: possibly delisted; no timezone found
$CONXU: possibly delisted; no timezone found
$CONN: possibly delisted; no timezone found
$COFI: possibly delisted; no timezone found
$CORE: possibly delisted; no timezone found
$CORNER: possibly delisted; no timezone found
$CONE: possibly delisted; no timezone found
$COBK: possibly delisted; no timezone found
$CORS: possibly delisted; no timezone found
$COLI: possibly delisted; no timezone found
$COEP: possibly delisted; no timezone found
$COG: possibly delisted; no timezone found
$COL: possibly delisted; no timezone found

20 Failed downloads:
['CORR', 'COOP', 'COBR', 'COMV', 'COB', 'COBZ', 'CNXR', 'CODE', 'CONXU', 'CONN', 'COFI', 'CORE', 'CORNER', 'CONE', 'COBK', 'CORS', 'COLI', 'COEP', 'COG', 'COL']: possibly delisted; no timezone found
$CPTKW: possibly delisted; no timezone found
$COWN: possibly delisted; no timezone found
$CPN: possibly delisted; no timezone found
$CPRX: possibly delisted; no timezone found
$CPNO: possibly delisted; no timezone found
$CPLG: possibly delisted; no timezone found
$CPPL: possibly delisted; no timezone found
$COV: possibly delisted; no timezone found
$CPTS: possibly delisted; no timezone found
$CPAA: possibly delisted; no timezone found
$CPE: possibly delisted; no timezone found
$COTV: possibly delisted; no timezone found
$CPLA: possibly delisted; no timezone found
$COSI: possibly delisted; no timezone found
$COVR: possibly delisted; no timezone found
$CPAAU: possibly delisted; no timezone found
$COUP: possibly delisted; no timezone found
$CPHD: possibly delisted; no timezone found
$CPSI: possibly delisted; no timezone found
$COYR: possibly delisted; no timezone found

20 Failed downloads:
['CPTKW', 'COWN', 'CPN', 'CPRX', 'CPNO', 'CPLG', 'CPPL', 'COV', 'CPTS', 'CPAA', 'CPE', 'COTV', 'CPLA', 'COSI', 'COVR', 'CPAAU', 'COUP', 'CPHD', 'CPSI', 'COYR']: possibly delisted; no timezone found
$CRMB: possibly delisted; no timezone found
$CQH: possibly delisted; no timezone found
$CRDA: possibly delisted; no timezone found
$CPY: possibly delisted; no timezone found
$CRDN: possibly delisted; no timezone found
$CRCM: possibly delisted; no timezone found
$CRHM: possibly delisted; no timezone found
$CPX: possibly delisted; no timezone found
$CRRC: possibly delisted; no timezone found
$CRLRF: possibly delisted; no timezone found
$CPWM: possibly delisted; no timezone found
$CRHC: possibly delisted; no timezone found
$CRAY: possibly delisted; no timezone found
$CRR: possibly delisted; no timezone found
$CRGS: possibly delisted; no timezone found
$CRBC: possibly delisted; no timezone found
$CQB: possibly delisted; no timezone found
$CRFN: possibly delisted; no timezone found
$CPUH: possibly delisted; no timezone found
$CRGE: possibly delisted; no timezone found

20 Failed downloads:
['CRMB', 'CQH', 'CRDA', 'CPY', 'CRDN', 'CRCM', 'CRHM', 'CPX', 'CRRC', 'CRLRF', 'CPWM', 'CRHC', 'CRAY', 'CRR', 'CRGS', 'CRBC', 'CQB', 'CRFN', 'CPUH', 'CRGE']: possibly delisted; no timezone found
$CSBK: possibly delisted; no timezone found
$CRTX: possibly delisted; no timezone found
$CSE: possibly delisted; no timezone found
$CSAX: possibly delisted; no timezone found
$CRYO: possibly delisted; no timezone found
$CSC: possibly delisted; no timezone found
$CSGS: possibly delisted; no timezone found
$CRRS: possibly delisted; no timezone found
$CRWN: possibly delisted; no timezone found
$CSLT: possibly delisted; no timezone found
$CSII: possibly delisted; no timezone found
$CSLM: possibly delisted; no timezone found
$CRXT: possibly delisted; no timezone found
$CSH: possibly delisted; no timezone found
$CRZNU: possibly delisted; no timezone found
$CSFL: possibly delisted; no timezone found
$CSOD: possibly delisted; no timezone found
$CSA: possibly delisted; no timezone found
$CRZO: possibly delisted; no timezone found
$CSCD: possibly delisted; no timezone found

20 Failed downloads:
['CSBK', 'CRTX', 'CSE', 'CSAX', 'CRYO', 'CSC', 'CSGS', 'CRRS', 'CRWN', 'CSLT', 'CSII', 'CSLM', 'CRXT', 'CSH', 'CRZNU', 'CSFL', 'CSOD', 'CSA', 'CRZO', 'CSCD']: possibly delisted; no timezone found
$CTCM: possibly delisted; no timezone found
$CSS: possibly delisted; no timezone found
$CST: possibly delisted; no timezone found
$CTAQ: possibly delisted; no timezone found
$CTAC: possibly delisted; no timezone found
$CTFO: possibly delisted; no price data found  (1d 2008-01-01 -> 2026-09-26)
$CSTR: possibly delisted; no timezone found
$CTB: possibly delisted; no timezone found
$CSWI: possibly delisted; no timezone found
$CTIC: possibly delisted; no timezone found
$CTIG: possibly delisted; no timezone found
$CSPR: possibly delisted; no timezone found
$CSSE: possibly delisted; no timezone found
$CTEK: possibly delisted; no timezone found
$CTHR: possibly delisted; no timezone found
$CTCT: possibly delisted; no timezone found
$CTLE: possibly delisted; no timezone found
$CSTU: possibly delisted; no timezone found
$CTG: possibly delisted; no timezone found
$CTF: possibly delisted; no timezone found

20 Failed downloads:
['CTCM', 'CSS', 'CST', 'CTAQ', 'CTAC', 'CSTR', 'CTB', 'CSWI', 'CTIC', 'CTIG', 'CSPR', 'CSSE', 'CTEK', 'CTHR', 'CTCT', 'CTLE', 'CSTU', 'CTG', 'CTF']: possibly delisted; no timezone found
['CTFO']: possibly delisted; no price data found  (1d 2008-01-01 -> 2026-09-26)
$CURO: possibly delisted; no timezone found
$CUTR: possibly delisted; no timezone found
$CTT: possibly delisted; no timezone found
$CTRX: possibly delisted; no timezone found
$CVA: possibly delisted; no timezone found
$CTLP: possibly delisted; no timezone found
$CTP: possibly delisted; no timezone found
$CUDA: possibly delisted; no timezone found
$CUNB: possibly delisted; no timezone found
$CTWS: possibly delisted; no timezone found
$CTLT: possibly delisted; no timezone found
$CTV: possibly delisted; no timezone found
$CTXS: possibly delisted; no timezone found
$CTRC: possibly delisted; no timezone found
$CVBK: possibly delisted; no timezone found
$CTRL: possibly delisted; no timezone found
$CUAU: possibly delisted; no timezone found
$CVC: possibly delisted; no timezone found

18 Failed downloads:
['CURO', 'CUTR', 'CTT', 'CTRX', 'CVA', 'CTLP', 'CTP', 'CUDA', 'CUNB', 'CTWS', 'CTLT', 'CTV', 'CTXS', 'CTRC', 'CVBK', 'CTRL', 'CUAU', 'CVC']: possibly delisted; no timezone found
$CVVT: possibly delisted; no timezone found
$CVIA: possibly delisted; no timezone found
$CVD: possibly delisted; no timezone found
$CVG: possibly delisted; no timezone found
$CVII: possibly delisted; no timezone found
$CVH: possibly delisted; no timezone found
$CVTV: possibly delisted; no timezone found
$CVCY: possibly delisted; no timezone found
$CWBR: possibly delisted; no timezone found
$CVRR: possibly delisted; no timezone found
$CVET: possibly delisted; no timezone found
$CWAY: possibly delisted; no timezone found
$CVT: possibly delisted; no timezone found
$CVO: possibly delisted; no timezone found
$CVTI: possibly delisted; no timezone found
$CVRS: possibly delisted; no timezone found
$CVGW: possibly delisted; no timezone found
$CWAN: possibly delisted; no price data found  (1d 2008-01-01 -> 2026-09-26)
$CVLY: possibly delisted; no timezone found

19 Failed downloads:
['CVVT', 'CVIA', 'CVD', 'CVG', 'CVII', 'CVH', 'CVTV', 'CVCY', 'CWBR', 'CVRR', 'CVET', 'CWAY', 'CVT', 'CVO', 'CVTI', 'CVRS', 'CVGW', 'CVLY']: possibly delisted; no timezone found
['CWAN']: possibly delisted; no price data found  (1d 2008-01-01 -> 2026-09-26)
$CXPO: possibly delisted; no timezone found
$CXAC: possibly delisted; no timezone found
$CYS: possibly delisted; no timezone found
$CXG: possibly delisted; no timezone found
$CXEE: possibly delisted; no timezone found
$CYRN: possibly delisted; no timezone found
$CXO: possibly delisted; no timezone found
$CWTR: possibly delisted; no timezone found
$CYLU: possibly delisted; no timezone found
$CWEI: possibly delisted; no timezone found
$CYBE: possibly delisted; no timezone found
$CXP: possibly delisted; no timezone found
$CYIG: possibly delisted; no timezone found
$CYBX: possibly delisted; no timezone found
$CXS: possibly delisted; no timezone found
$CY: possibly delisted; no timezone found
$CYMI: possibly delisted; no timezone found
$CYNI: possibly delisted; no timezone found
$CYNO: possibly delisted; no timezone found
$CXDC: possibly delisted; no timezone found

20 Failed downloads:
['CXPO', 'CXAC', 'CYS', 'CXG', 'CXEE', 'CYRN', 'CXO', 'CWTR', 'CYLU', 'CWEI', 'CYBE', 'CXP', 'CYIG', 'CYBX', 'CXS', 'CY', 'CYMI', 'CYNI', 'CYNO', 'CXDC']: possibly delisted; no timezone found
$CZFC: possibly delisted; no timezone found
$DAVEY: possibly delisted; no timezone found
$DDE: possibly delisted; no timezone found
$DDCC: possibly delisted; no timezone found
$DBS: possibly delisted; no timezone found
$DAWN: possibly delisted; no timezone found
$DCT: possibly delisted; no timezone found
$CYXT: possibly delisted; no timezone found
$DALN: possibly delisted; no timezone found
$DCPH: possibly delisted; no timezone found
$DDIC: possibly delisted; no timezone found
$DAY: possibly delisted; no timezone found
$DAKP: possibly delisted; no timezone found
$DDXS: possibly delisted; no timezone found
$DCBF: possibly delisted; no timezone found
$DBV: possibly delisted; no timezone found
$CYT: possibly delisted; no timezone found
$DALS: possibly delisted; no timezone found
$DEAC: possibly delisted; no timezone found
$DATA: possibly delisted; no timezone found

20 Failed downloads:
['CZFC', 'DAVEY', 'DDE', 'DDCC', 'DBS', 'DAWN', 'DCT', 'CYXT', 'DALN', 'DCPH', 'DDIC', 'DAY', 'DAKP', 'DDXS', 'DCBF', 'DBV', 'CYT', 'DALS', 'DEAC', 'DATA']: possibly delisted; no timezone found
$DFS: possibly delisted; no timezone found
$DFZ: possibly delisted; no timezone found
$DHIL: possibly delisted; no timezone found
$DENN: possibly delisted; no timezone found
$DGAS: possibly delisted; no timezone found
$DFG: possibly delisted; no timezone found
$DGIT: possibly delisted; no timezone found
$DHBCU: possibly delisted; no timezone found
$DEXO: possibly delisted; no timezone found
$DEN: possibly delisted; no timezone found
$DGNU: possibly delisted; no timezone found
$DF: possibly delisted; no timezone found
$DFRG: possibly delisted; no timezone found
$DEST: possibly delisted; no timezone found
$DEL: possibly delisted; no timezone found
$DHCP: possibly delisted; no timezone found
$DFT: possibly delisted; no timezone found
$DENPARP: possibly delisted; no timezone found
$DGL: possibly delisted; no timezone found
$DGI: possibly delisted; no timezone found

20 Failed downloads:
['DFS', 'DFZ', 'DHIL', 'DENN', 'DGAS', 'DFG', 'DGIT', 'DHBCU', 'DEXO', 'DEN', 'DGNU', 'DF', 'DFRG', 'DEST', 'DEL', 'DHCP', 'DFT', 'DENPARP', 'DGL', 'DGI']: possibly delisted; no timezone found
$DIGIRAD: possibly delisted; no timezone found
$DISH: possibly delisted; no timezone found
$DMYS: possibly delisted; no timezone found
$DIL: possibly delisted; no timezone found
$DIFU: possibly delisted; no timezone found
$DLGC: possibly delisted; no timezone found
$DMND: possibly delisted; no timezone found
$DNAB: possibly delisted; no timezone found
$DLIA: possibly delisted; no timezone found
$DMYD: possibly delisted; no timezone found
$DM: possibly delisted; no timezone found
$DISA: possibly delisted; no timezone found
$DMS: possibly delisted; no timezone found
$DLPH: possibly delisted; no timezone found
$DMTX: possibly delisted; no timezone found
$DIARC: possibly delisted; no timezone found
$DMKB: possibly delisted; no timezone found
$DMTK: possibly delisted; no timezone found
$DLM: possibly delisted; no timezone found
$DLA: possibly delisted; no timezone found

20 Failed downloads:
['DIGIRAD', 'DISH', 'DMYS', 'DIL', 'DIFU', 'DLGC', 'DMND', 'DNAB', 'DLIA', 'DMYD', 'DM', 'DISA', 'DMS', 'DLPH', 'DMTX', 'DIARC', 'DMKB', 'DMTK', 'DLM', 'DLA']: possibly delisted; no timezone found
$DO: possibly delisted; no timezone found
$DOOR: possibly delisted; no timezone found
$DPM: possibly delisted; no timezone found
$DRC: possibly delisted; no timezone found
$DOVA: possibly delisted; no timezone found
$DOTAU: possibly delisted; no timezone found
$DRCO: possibly delisted; no timezone found
$DNDN: possibly delisted; no timezone found
$DNB: possibly delisted; no timezone found
$DPLO: possibly delisted; no timezone found
$DNAD: possibly delisted; no timezone found
$DNRG: possibly delisted; no timezone found
$DPL: possibly delisted; no timezone found
$DNZ: possibly delisted; no timezone found
$DNBF: possibly delisted; no timezone found
$DNKN: possibly delisted; no timezone found
$DOMA: possibly delisted; no timezone found
$DRE: possibly delisted; no timezone found
$DNMR: possibly delisted; no timezone found
$DPCS: possibly delisted; no timezone found

20 Failed downloads:
['DO', 'DOOR', 'DPM', 'DRC', 'DOVA', 'DOTAU', 'DRCO', 'DNDN', 'DNB', 'DPLO', 'DNAD', 'DNRG', 'DPL', 'DNZ', 'DNBF', 'DNKN', 'DOMA', 'DRE', 'DNMR', 'DPCS']: possibly delisted; no timezone found
$DRFS: possibly delisted; no timezone found
$DRL: possibly delisted; no timezone found
$DST: possibly delisted; no timezone found
$DSKE: possibly delisted; no timezone found
$DRJ: possibly delisted; no timezone found
$DSCI: possibly delisted; no timezone found
$DSSI: possibly delisted; no timezone found
$DRVD: possibly delisted; no timezone found
$DRRX: possibly delisted; no timezone found
$DSPG: possibly delisted; no timezone found
$DRTX: possibly delisted; no timezone found
$DTC: possibly delisted; no timezone found
$DRNA: possibly delisted; no timezone found
$DSEY: possibly delisted; no timezone found
$DS: possibly delisted; no timezone found
$DTHR: possibly delisted; no timezone found
$DTEA: possibly delisted; no timezone found
$DSW: possibly delisted; no timezone found
$DSAQ: possibly delisted; no timezone found

19 Failed downloads:
['DRFS', 'DRL', 'DST', 'DSKE', 'DRJ', 'DSCI', 'DSSI', 'DRVD', 'DRRX', 'DSPG', 'DRTX', 'DTC', 'DRNA', 'DSEY', 'DS', 'DTHR', 'DTEA', 'DSW', 'DSAQ']: possibly delisted; no timezone found
$DWSF: possibly delisted; no timezone found
$DWSX: possibly delisted; no timezone found
$DWST: possibly delisted; no timezone found
$DWSB: possibly delisted; no timezone found
$DUF: possibly delisted; no timezone found
$DVOX: possibly delisted; no timezone found
$DVCR: possibly delisted; no timezone found
$DWCH: possibly delisted; no timezone found
$DTLK: possibly delisted; no timezone found
$DWRE: possibly delisted; no timezone found
$DWSS: possibly delisted; no timezone found
$DVAX: possibly delisted; no timezone found
$DTSI: possibly delisted; no timezone found
$DTV: possibly delisted; no timezone found
$DWA: possibly delisted; no timezone found
$DVR: possibly delisted; no timezone found

16 Failed downloads:
['DWSF', 'DWSX', 'DWST', 'DWSB', 'DUF', 'DVOX', 'DVCR', 'DWCH', 'DTLK', 'DWRE', 'DWSS', 'DVAX', 'DTSI', 'DTV', 'DWA', 'DVR']: possibly delisted; no timezone found
$DYAX: possibly delisted; no timezone found
$EBSB: possibly delisted; no timezone found
$EBTC: possibly delisted; no timezone found
$EB: possibly delisted; no timezone found
$EAR: possibly delisted; no timezone found
$EACQU: possibly delisted; no timezone found
$EBIX: possibly delisted; no timezone found
$DZSI: possibly delisted; no timezone found
$DYER: possibly delisted; no timezone found
$EBTX: possibly delisted; no price data found  (1d 2008-01-01 -> 2026-09-26)
$ECOL: possibly delisted; no timezone found
$EAC: possibly delisted; no timezone found
$ECA: possibly delisted; no timezone found

13 Failed downloads:
['DYAX', 'EBSB', 'EBTC', 'EB', 'EAR', 'EACQU', 'EBIX', 'DZSI', 'DYER', 'ECOL', 'EAC', 'ECA']: possibly delisted; no timezone found
['EBTX']: possibly delisted; no price data found  (1d 2008-01-01 -> 2026-09-26)
$ECTY: possibly delisted; no timezone found
$EDE: possibly delisted; no timezone found
$EDGR: possibly delisted; no timezone found
$ECTE: possibly delisted; no timezone found
$EDGW: possibly delisted; no timezone found
$EDMC: possibly delisted; no timezone found
$EDG: possibly delisted; no timezone found
$EDR: possibly delisted; no timezone found
$ECOS: possibly delisted; no timezone found
$ECOM: possibly delisted; no timezone found
$EDAC: possibly delisted; no timezone found
$ECYT: possibly delisted; no timezone found
$EDAP: possibly delisted; no timezone found
$EDTX: possibly delisted; no timezone found

14 Failed downloads:
['ECTY', 'EDE', 'EDGR', 'ECTE', 'EDGW', 'EDMC', 'EDG', 'EDR', 'ECOS', 'ECOM', 'EDAC', 'ECYT', 'EDAP', 'EDTX']: possibly delisted; no timezone found
$EEP: possibly delisted; no timezone found
$EF: possibly delisted; no price data found  (1d 2008-01-01 -> 2026-09-26)
$EFJA: possibly delisted; no timezone found
$EEI: possibly delisted; no timezone found
$EFII: possibly delisted; no timezone found
$EEQ: possibly delisted; no timezone found
$EEPL: possibly delisted; no timezone found
$EGAS: possibly delisted; no timezone found
$EEX: possibly delisted; no timezone found

9 Failed downloads:
['EEP', 'EFJA', 'EEI', 'EFII', 'EEQ', 'EEPL', 'EGAS', 'EEX']: possibly delisted; no timezone found
['EF']: possibly delisted; no price data found  (1d 2008-01-01 -> 2026-09-26)
$EGT: possibly delisted; no timezone found
$EIGR: possibly delisted; no timezone found
$EGN: possibly delisted; no timezone found
$EHAB: possibly delisted; no timezone found
$EGL: possibly delisted; no timezone found
$EGOV: possibly delisted; no timezone found
$EIGI: possibly delisted; no timezone found
$EIHI: possibly delisted; no timezone found
$EIDX: possibly delisted; no timezone found

9 Failed downloads:
['EGT', 'EIGR', 'EGN', 'EHAB', 'EGL', 'EGOV', 'EIGI', 'EIHI', 'EIDX']: possibly delisted; no timezone found
$ELRC: possibly delisted; no timezone found
$ELX: possibly delisted; no timezone found
$ELGX: possibly delisted; no timezone found
$ELEV: possibly delisted; no timezone found
$ELNK: possibly delisted; no timezone found
$ELLI: possibly delisted; no timezone found
$ELVT: possibly delisted; no timezone found
$ELECU: possibly delisted; no timezone found
$EMAN: possibly delisted; no timezone found
$EMBK: possibly delisted; no timezone found
$ELON: possibly delisted; no timezone found

11 Failed downloads:
['ELRC', 'ELX', 'ELGX', 'ELEV', 'ELNK', 'ELLI', 'ELVT', 'ELECU', 'EMAN', 'EMBK', 'ELON']: possibly delisted; no timezone found
$ENBL: possibly delisted; no timezone found
$EMCI: possibly delisted; no timezone found
$EMESZ: possibly delisted; no timezone found
$ENDP: possibly delisted; no timezone found
$EMG: possibly delisted; no timezone found
$EMRN: possibly delisted; no timezone found
$ENFC: possibly delisted; no timezone found
$ENFN: possibly delisted; no timezone found
$ENER: possibly delisted; no timezone found
$EMKR: possibly delisted; no timezone found
$END: possibly delisted; no timezone found
$EMCF: possibly delisted; no timezone found

12 Failed downloads:
['ENBL', 'EMCI', 'EMESZ', 'ENDP', 'EMG', 'EMRN', 'ENFC', 'ENFN', 'ENER', 'EMKR', 'END', 'EMCF']: possibly delisted; no timezone found
$ENTF: possibly delisted; no timezone found
$ENH: possibly delisted; no timezone found
$ENTR: possibly delisted; no timezone found
$ENV: possibly delisted; no timezone found
$ENPC: possibly delisted; no timezone found
$ENLC: possibly delisted; no timezone found
$ENOC: possibly delisted; no timezone found
$ENJY: possibly delisted; no timezone found
$ENVI: possibly delisted; no timezone found
$ENT: possibly delisted; no timezone found
$ENVS: possibly delisted; no timezone found
$ENG: possibly delisted; no timezone found

12 Failed downloads:
['ENTF', 'ENH', 'ENTR', 'ENV', 'ENPC', 'ENLC', 'ENOC', 'ENJY', 'ENVI', 'ENT', 'ENVS', 'ENG']: possibly delisted; no timezone found
$EPHY: possibly delisted; no timezone found
$EPAY: possibly delisted; no timezone found
$EPIX: possibly delisted; no timezone found
$EPAX: possibly delisted; no timezone found
$ENZ: possibly delisted; no timezone found
$EOCW: possibly delisted; no timezone found
$EOPT: possibly delisted; no timezone found
$EPIQ: possibly delisted; no timezone found
$EPE: possibly delisted; no timezone found
$EPHC: possibly delisted; no timezone found
$EOX: possibly delisted; no timezone found
$EOPN: possibly delisted; no timezone found
$EPL: possibly delisted; no timezone found
$EPB: possibly delisted; no timezone found

14 Failed downloads:
['EPHY', 'EPAY', 'EPIX', 'EPAX', 'ENZ', 'EOCW', 'EOPT', 'EPIQ', 'EPE', 'EPHC', 'EOX', 'EOPN', 'EPL', 'EPB']: possibly delisted; no timezone found
$ERES: possibly delisted; no timezone found
$EQY: possibly delisted; no timezone found
$EQD: possibly delisted; no timezone found
$EQC: possibly delisted; no timezone found
$EQRX: possibly delisted; no timezone found
$EQU: possibly delisted; no timezone found
$EPRS: possibly delisted; no timezone found
$EPZM: possibly delisted; no timezone found
$EQGP: possibly delisted; no timezone found
$EPOC: possibly delisted; no timezone found
$EPWR: possibly delisted; no timezone found

11 Failed downloads:
['ERES', 'EQY', 'EQD', 'EQC', 'EQRX', 'EQU', 'EPRS', 'EPZM', 'EQGP', 'EPOC', 'EPWR']: possibly delisted; no timezone found
$ESBF: possibly delisted; no timezone found
$ESC: possibly delisted; no timezone found
$ERN: possibly delisted; no timezone found
$ESMT: possibly delisted; no timezone found
$ESL: possibly delisted; no timezone found
$ESIO: possibly delisted; no timezone found
$ESGR: possibly delisted; no timezone found
$ESND: possibly delisted; no timezone found
$ESPH: possibly delisted; no timezone found
$ESCR: possibly delisted; no timezone found

10 Failed downloads:
['ESBF', 'ESC', 'ERN', 'ESMT', 'ESL', 'ESIO', 'ESGR', 'ESND', 'ESPH', 'ESCR']: possibly delisted; no timezone found
$ESPR: possibly delisted; no timezone found
$ESRX: possibly delisted; no timezone found
$ETE: possibly delisted; no timezone found
$ESSA: possibly delisted; no timezone found
$ESSX: possibly delisted; no timezone found
$ETFC: possibly delisted; no timezone found
$ETHZ: possibly delisted; no timezone found
$ETAC: possibly delisted; no timezone found
$ETI: possibly delisted; no timezone found
$ESTE: possibly delisted; no timezone found

10 Failed downloads:
['ESPR', 'ESRX', 'ETE', 'ESSA', 'ESSX', 'ETFC', 'ETHZ', 'ETAC', 'ETI', 'ESTE']: possibly delisted; no timezone found
$EVA: possibly delisted; no timezone found
$ETRN: possibly delisted; no timezone found
$EV: possibly delisted; no timezone found
$EVBS: possibly delisted; no timezone found
$EVBG: possibly delisted; no timezone found
$ETNB: possibly delisted; no timezone found
$EVBN: possibly delisted; no timezone found
$EVE: possibly delisted; no timezone found
$ETTX: possibly delisted; no timezone found
$EVDY: possibly delisted; no timezone found
$ETWO: possibly delisted; no timezone found

11 Failed downloads:
['EVA', 'ETRN', 'EV', 'EVBS', 'EVBG', 'ETNB', 'EVBN', 'EVE', 'ETTX', 'EVDY', 'ETWO']: possibly delisted; no timezone found
$EVTV: possibly delisted; no timezone found
$EVHC: possibly delisted; no timezone found
$EVOP: possibly delisted; no timezone found
$EVRY: possibly delisted; no timezone found
$EVOK: possibly delisted; no timezone found
$EWCZ: possibly delisted; no timezone found
$EVRI: possibly delisted; no timezone found

7 Failed downloads:
['EVTV', 'EVHC', 'EVOP', 'EVRY', 'EVOK', 'EWCZ', 'EVRI']: possibly delisted; no timezone found
$EXAS: possibly delisted; no timezone found
$EXNT: possibly delisted; no timezone found
$EXL: possibly delisted; no timezone found
$EXAR: possibly delisted; no timezone found
$EXAM: possibly delisted; no timezone found
$EXCOP: possibly delisted; no timezone found
$EXDX: possibly delisted; no timezone found
$EWSI: possibly delisted; no timezone found
$EXA: possibly delisted; no timezone found
$EXPI: possibly delisted; no timezone found
$EXAC: possibly delisted; no timezone found

11 Failed downloads:
['EXAS', 'EXNT', 'EXL', 'EXAR', 'EXAM', 'EXCOP', 'EXDX', 'EWSI', 'EXA', 'EXPI', 'EXAC']: possibly delisted; no timezone found
$FACE: possibly delisted; no price data found  (1d 2008-01-01 -> 2026-09-26)
$FARO: possibly delisted; no timezone found
$FABK: possibly delisted; no timezone found
$FASC: possibly delisted; no timezone found
$EXXI: possibly delisted; no timezone found
$EXTN: possibly delisted; no timezone found
$FARM: possibly delisted; no timezone found
$EXPR: possibly delisted; no timezone found
$FACA: possibly delisted; no timezone found

9 Failed downloads:
['FACE']: possibly delisted; no price data found  (1d 2008-01-01 -> 2026-09-26)
['FARO', 'FABK', 'FASC', 'EXXI', 'EXTN', 'FARM', 'EXPR', 'FACA']: possibly delisted; no timezone found
$FBN: possibly delisted; no timezone found
$FBRC: possibly delisted; no timezone found
$FBER: possibly delisted; no timezone found
$FBNK: possibly delisted; no timezone found
$FAZE: possibly delisted; no timezone found
$FBSS: possibly delisted; no timezone found
$FBMS: possibly delisted; no timezone found
$FBC: possibly delisted; no timezone found
$FBMI: possibly delisted; no timezone found
$FBM: possibly delisted; no timezone found

10 Failed downloads:
['FBN', 'FBRC', 'FBER', 'FBNK', 'FAZE', 'FBSS', 'FBMS', 'FBC', 'FBMI', 'FBM']: possibly delisted; no timezone found
$FCLF: possibly delisted; no timezone found
$FCMP: possibly delisted; no timezone found
$FCCY: possibly delisted; no timezone found
$FCH: possibly delisted; no timezone found
$FCBP: possibly delisted; no timezone found
$FCB: possibly delisted; no timezone found
$FCE: possibly delisted; no price data found  (1d 2008-01-01 -> 2026-09-26)
$FCFC: possibly delisted; no timezone found
$FCAX: possibly delisted; no timezone found

9 Failed downloads:
['FCLF', 'FCMP', 'FCCY', 'FCH', 'FCBP', 'FCB', 'FCFC', 'FCAX']: possibly delisted; no timezone found
['FCE']: possibly delisted; no price data found  (1d 2008-01-01 -> 2026-09-26)
$FCTY: possibly delisted; no timezone found
$FCRE: possibly delisted; no timezone found
$FEIC: possibly delisted; no timezone found
$FDNH: possibly delisted; no timezone found
$FELP: possibly delisted; no timezone found
$FDP: possibly delisted; no timezone found
$FEEC: possibly delisted; no timezone found
$FDC: possibly delisted; no timezone found
$FDO: possibly delisted; no timezone found
$FDML: possibly delisted; no timezone found
$FCS: possibly delisted; no timezone found
$FCSC: possibly delisted; no timezone found

12 Failed downloads:
['FCTY', 'FCRE', 'FEIC', 'FDNH', 'FELP', 'FDP', 'FEEC', 'FDC', 'FDO', 'FDML', 'FCS', 'FCSC']: possibly delisted; no timezone found
$FENCF: possibly delisted; no timezone found
$FENX: possibly delisted; no timezone found
$FETM: possibly delisted; no timezone found
$FFEX: possibly delisted; no timezone found
$FFKT: possibly delisted; no timezone found
$FFFLP: possibly delisted; no timezone found
$FFCH: possibly delisted; no timezone found
$FFN: possibly delisted; no timezone found
$FFIE: possibly delisted; no timezone found
$FFCO: possibly delisted; no timezone found
$FFIC: possibly delisted; no timezone found
$FFFD: possibly delisted; no timezone found
$FES: possibly delisted; no timezone found

13 Failed downloads:
['FENCF', 'FENX', 'FETM', 'FFEX', 'FFKT', 'FFFLP', 'FFCH', 'FFN', 'FFIE', 'FFCO', 'FFIC', 'FFFD', 'FES']: possibly delisted; no timezone found
$FHLBD: possibly delisted; no timezone found
$FI: possibly delisted; no timezone found
$FHLTU: possibly delisted; no timezone found
$FFWM: possibly delisted; no timezone found
$FGH: possibly delisted; no timezone found
$FFSL: possibly delisted; no timezone found
$FHLBNY: possibly delisted; no timezone found
$FHLBI: possibly delisted; no timezone found
$FGP: possibly delisted; no timezone found
$FHLBSF: possibly delisted; no timezone found
$FFNW: possibly delisted; no timezone found
$FHLBPGH: possibly delisted; no timezone found

12 Failed downloads:
['FHLBD', 'FI', 'FHLTU', 'FFWM', 'FGH', 'FFSL', 'FHLBNY', 'FHLBI', 'FGP', 'FHLBSF', 'FFNW', 'FHLBPGH']: possibly delisted; no timezone found
$FIME: possibly delisted; no timezone found
$FINL: possibly delisted; no timezone found
$FIRE: possibly delisted; no timezone found
$FIII: possibly delisted; no timezone found
$FICVU: possibly delisted; no timezone found
$FIT: possibly delisted; no timezone found
$FIO: possibly delisted; no timezone found
$FIZN: possibly delisted; no timezone found
$FINM: possibly delisted; no timezone found
$FIL: possibly delisted; no price data found  (1d 2008-01-01 -> 2026-09-26)

10 Failed downloads:
['FIME', 'FINL', 'FIRE', 'FIII', 'FICVU', 'FIT', 'FIO', 'FIZN', 'FINM']: possibly delisted; no timezone found
['FIL']: possibly delisted; no price data found  (1d 2008-01-01 -> 2026-09-26)
$FLAC: possibly delisted; no timezone found
$FLLZ: possibly delisted; no timezone found
$FLMN: possibly delisted; no timezone found
$FLPC: possibly delisted; no timezone found
$FLTX: possibly delisted; no timezone found
$FLIC: possibly delisted; no timezone found
$FL: possibly delisted; no timezone found
$FLT: possibly delisted; no timezone found
$FLIR: possibly delisted; no timezone found

9 Failed downloads:
['FLAC', 'FLLZ', 'FLMN', 'FLPC', 'FLTX', 'FLIC', 'FL', 'FLT', 'FLIR']: possibly delisted; no timezone found
$FMER: possibly delisted; no timezone found
$FMCIU: possibly delisted; no timezone found
$FMSA: possibly delisted; no timezone found
$FMIV: possibly delisted; no timezone found
$FMI: possibly delisted; no timezone found
$FMBI: possibly delisted; no timezone found

6 Failed downloads:
['FMER', 'FMCIU', 'FMSA', 'FMIV', 'FMI', 'FMBI']: possibly delisted; no timezone found
$FNSR: possibly delisted; no timezone found
$FNHC: possibly delisted; no timezone found
$FNCH: possibly delisted; no timezone found
$FNFG: possibly delisted; no timezone found
$FNA: possibly delisted; no timezone found
$FNGN: possibly delisted; no timezone found
$FMTX: possibly delisted; no timezone found
$FNM: possibly delisted; no timezone found
$FNCB: possibly delisted; no timezone found
$FNJN: possibly delisted; no timezone found
$FNVT: possibly delisted; no timezone found
$FNBG: possibly delisted; no timezone found

12 Failed downloads:
['FNSR', 'FNHC', 'FNCH', 'FNFG', 'FNA', 'FNGN', 'FMTX', 'FNM', 'FNCB', 'FNJN', 'FNVT', 'FNBG']: possibly delisted; no timezone found
$FOE: possibly delisted; no timezone found
$FOMX: possibly delisted; no timezone found
$FOLD: possibly delisted; no timezone found
$FORA: possibly delisted; no timezone found
$FORGE: possibly delisted; no timezone found
$FONR: possibly delisted; no timezone found
$FOGO: possibly delisted; no timezone found
$FOCS: possibly delisted; no timezone found
$FORG: possibly delisted; no timezone found

9 Failed downloads:
['FOE', 'FOMX', 'FOLD', 'FORA', 'FORGE', 'FONR', 'FOGO', 'FOCS', 'FORG']: possibly delisted; no timezone found
$FPRX: possibly delisted; no timezone found
$FRBK: possibly delisted; no timezone found
$FREY: possibly delisted; no timezone found
$FRF: possibly delisted; no timezone found
$FRM: possibly delisted; no timezone found
$FRGI: possibly delisted; no timezone found
$FREE: possibly delisted; no timezone found
$FRED: possibly delisted; no timezone found
$FRAN: possibly delisted; no timezone found
$FPVD: possibly delisted; no timezone found
$FPNC: possibly delisted; no timezone found
$FPFI: possibly delisted; no timezone found
$FPO: possibly delisted; no timezone found
$FPAC: possibly delisted; no timezone found
$FREVSOB: possibly delisted; no timezone found

15 Failed downloads:
['FPRX', 'FRBK', 'FREY', 'FRF', 'FRM', 'FRGI', 'FREE', 'FRED', 'FRAN', 'FPVD', 'FPNC', 'FPFI', 'FPO', 'FPAC', 'FREVSOB']: possibly delisted; no timezone found
$FRONU: possibly delisted; no timezone found
$FRTX: possibly delisted; no timezone found
$FRON: possibly delisted; no timezone found
$FRXB: possibly delisted; no timezone found
$FRP: possibly delisted; no timezone found
$FSAM: possibly delisted; no timezone found
$FRNK: possibly delisted; no timezone found
$FRX: possibly delisted; no timezone found
$FRSG: possibly delisted; no timezone found
$FRTA: possibly delisted; no timezone found

10 Failed downloads:
['FRONU', 'FRTX', 'FRON', 'FRXB', 'FRP', 'FSAM', 'FRNK', 'FRX', 'FRSG', 'FRTA']: possibly delisted; no timezone found
$FSCT: possibly delisted; no timezone found
$FSBK: possibly delisted; no timezone found
$FSR: possibly delisted; no timezone found
$FST: possibly delisted; no timezone found
$FSIN: possibly delisted; no price data found  (1d 2008-01-01 -> 2026-09-26)
$FSCI: possibly delisted; no timezone found
$FSGI: possibly delisted; no timezone found
$FSL: possibly delisted; no timezone found
$FSB: possibly delisted; no timezone found
$FSPI: possibly delisted; no timezone found
$FSRX: possibly delisted; no timezone found
$FSNB: possibly delisted; no timezone found
$FSSI: possibly delisted; no timezone found

13 Failed downloads:
['FSCT', 'FSBK', 'FSR', 'FST', 'FSCI', 'FSGI', 'FSL', 'FSB', 'FSPI', 'FSRX', 'FSNB', 'FSSI']: possibly delisted; no timezone found
['FSIN']: possibly delisted; no price data found  (1d 2008-01-01 -> 2026-09-26)
$FTAC: possibly delisted; no timezone found
$FTEV: possibly delisted; no timezone found
$FTD: possibly delisted; no timezone found
$FSTX: possibly delisted; no timezone found
$FSYS: possibly delisted; no timezone found
$FTCV: possibly delisted; no timezone found
$FTO: possibly delisted; no timezone found
$FTMR: possibly delisted; no timezone found
$FTAA: possibly delisted; no timezone found

9 Failed downloads:
['FTAC', 'FTEV', 'FTD', 'FSTX', 'FSYS', 'FTCV', 'FTO', 'FTMR', 'FTAA']: possibly delisted; no timezone found
$FTSV: possibly delisted; no timezone found
$FTSI: possibly delisted; no timezone found
$FURX: possibly delisted; no timezone found
$FVIV: possibly delisted; no timezone found
$FUR: possibly delisted; no timezone found
$FUSN: possibly delisted; no timezone found
$FWLAF: possibly delisted; no timezone found
$FUV: possibly delisted; no timezone found
$FUEL: possibly delisted; no timezone found
$FVT: possibly delisted; no timezone found
$FWM: possibly delisted; no timezone found
$FUBC: possibly delisted; no timezone found
$FU: possibly delisted; no timezone found
$FVE: possibly delisted; no timezone found
$FWLT: possibly delisted; no timezone found

15 Failed downloads:
['FTSV', 'FTSI', 'FURX', 'FVIV', 'FUR', 'FUSN', 'FWLAF', 'FUV', 'FUEL', 'FVT', 'FWM', 'FUBC', 'FU', 'FVE', 'FWLT']: possibly delisted; no timezone found
$FYBR: possibly delisted; no timezone found
$GB: possibly delisted; no timezone found
$FXS: possibly delisted; no timezone found
$GAHR: possibly delisted; no timezone found
$FXEN: possibly delisted; no timezone found
$GAS: possibly delisted; no timezone found
$GAIFB: possibly delisted; no timezone found
$GBIO: possibly delisted; no timezone found
$GAIF: possibly delisted; no timezone found
$FXCB: possibly delisted; no timezone found
$FZT: possibly delisted; no timezone found
$GATE: possibly delisted; no timezone found
$FXCM: possibly delisted; no timezone found
$GBBK: possibly delisted; no timezone found
$GAN: possibly delisted; no timezone found
$GAQ: possibly delisted; no timezone found
$FXLV: possibly delisted; no timezone found

17 Failed downloads:
['FYBR', 'GB', 'FXS', 'GAHR', 'FXEN', 'GAS', 'GAIFB', 'GBIO', 'GAIF', 'FXCB', 'FZT', 'GATE', 'FXCM', 'GBBK', 'GAN', 'GAQ', 'FXLV']: possibly delisted; no timezone found
$GDI: possibly delisted; no timezone found
$GBNK: possibly delisted; no timezone found
$GCIH: possibly delisted; no timezone found
$GCOM: possibly delisted; no timezone found
$GDP: possibly delisted; no timezone found
$GEEX: possibly delisted; no timezone found
$GCRSF: possibly delisted; no timezone found
$GDEN: possibly delisted; no timezone found
$GEARI: possibly delisted; no timezone found
$GEOI: possibly delisted; no timezone found
$GCAP: possibly delisted; no timezone found
$GEC: possibly delisted; no timezone found
$GCM: possibly delisted; no timezone found
$GECR: possibly delisted; no timezone found
$GCPWI: possibly delisted; no timezone found
$GCNL: possibly delisted; no timezone found
$GDFF: possibly delisted; no timezone found
$GCI: possibly delisted; no timezone found
$GBT: possibly delisted; no timezone found
$GBL: possibly delisted; no timezone found

20 Failed downloads:
['GDI', 'GBNK', 'GCIH', 'GCOM', 'GDP', 'GEEX', 'GCRSF', 'GDEN', 'GEARI', 'GEOI', 'GCAP', 'GEC', 'GCM', 'GECR', 'GCPWI', 'GCNL', 'GDFF', 'GCI', 'GBT', 'GBL']: possibly delisted; no timezone found
$GHIX: possibly delisted; no timezone found
$GFED: possibly delisted; no timezone found
$GGS: possibly delisted; no timezone found
$GGP: possibly delisted; no timezone found
$GGAA: possibly delisted; no timezone found
$GHL: possibly delisted; no timezone found
$GFIG: possibly delisted; no timezone found
$GGWY: possibly delisted; no timezone found
$GG: possibly delisted; no timezone found
$GHDX: possibly delisted; no timezone found
$GEOY: possibly delisted; no price data found  (1d 2008-01-01 -> 2026-09-26)
$GFGD: possibly delisted; no timezone found
$GFN: possibly delisted; no timezone found
$GFXU: possibly delisted; no timezone found
$GGPI: possibly delisted; no timezone found
$GEVA: possibly delisted; no timezone found
$GES: possibly delisted; no timezone found
$GGMC: possibly delisted; no timezone found
$GEPC: possibly delisted; no timezone found
$GETA: possibly delisted; no timezone found

20 Failed downloads:
['GHIX', 'GFED', 'GGS', 'GGP', 'GGAA', 'GHL', 'GFIG', 'GGWY', 'GG', 'GHDX', 'GFGD', 'GFN', 'GFXU', 'GGPI', 'GEVA', 'GES', 'GGMC', 'GEPC', 'GETA']: possibly delisted; no timezone found
['GEOY']: possibly delisted; no price data found  (1d 2008-01-01 -> 2026-09-26)
$GHW: possibly delisted; no price data found  (1d 2008-01-01 -> 2026-09-26)
$GHLD: possibly delisted; no timezone found
$GLAE: possibly delisted; no timezone found
$GIFI: possibly delisted; no timezone found
$GIIX: possibly delisted; no timezone found
$GKNT: possibly delisted; no timezone found
$GIDYL: possibly delisted; no timezone found
$GLS: possibly delisted; no timezone found
$GLDC: possibly delisted; no timezone found
$GLDD: possibly delisted; no timezone found
$GIG: possibly delisted; no timezone found
$GLF: possibly delisted; no timezone found
$GIMO: possibly delisted; no timezone found
$GLTA: possibly delisted; no timezone found
$GLHA: possibly delisted; no timezone found
$GI: possibly delisted; no timezone found
$GLG: possibly delisted; no timezone found
$GLBD: possibly delisted; no timezone found
$GLCH: possibly delisted; no timezone found

19 Failed downloads:
['GHW']: possibly delisted; no price data found  (1d 2008-01-01 -> 2026-09-26)
['GHLD', 'GLAE', 'GIFI', 'GIIX', 'GKNT', 'GIDYL', 'GLS', 'GLDC', 'GLDD', 'GIG', 'GLF', 'GIMO', 'GLTA', 'GLHA', 'GI', 'GLG', 'GLBD', 'GLCH']: possibly delisted; no timezone found
$GNI: possibly delisted; no timezone found
$GMDA: possibly delisted; no timezone found
$GNAC: possibly delisted; no timezone found
$GMCP: possibly delisted; no timezone found
$GMCR: possibly delisted; no timezone found
$GNRT: possibly delisted; no timezone found
$GLUU: possibly delisted; no timezone found
$GNCA: possibly delisted; no timezone found
$GMS: possibly delisted; no timezone found
$GNOW: possibly delisted; no timezone found
$GNMK: possibly delisted; no timezone found
$GMAN: possibly delisted; no timezone found
$GMXR: possibly delisted; no timezone found
$GNBC: possibly delisted; no timezone found
$GNOG: possibly delisted; no timezone found
$GNC: possibly delisted; no timezone found
$GMT: possibly delisted; no timezone found
$GNRS: possibly delisted; no timezone found
$GMBT: possibly delisted; no timezone found
$GMO: possibly delisted; no timezone found

20 Failed downloads:
['GNI', 'GMDA', 'GNAC', 'GMCP', 'GMCR', 'GNRT', 'GLUU', 'GNCA', 'GMS', 'GNOW', 'GNMK', 'GMAN', 'GMXR', 'GNBC', 'GNOG', 'GNC', 'GMT', 'GNRS', 'GMBT', 'GMO']: possibly delisted; no timezone found
$GOCO: possibly delisted; no timezone found
$GOEV: possibly delisted; no timezone found
$GOGC: possibly delisted; no timezone found
$GOK: possibly delisted; no price data found  (1d 2008-01-01 -> 2026-09-26)
$GNVC: possibly delisted; no timezone found
$GOAC: possibly delisted; no timezone found
$GNTY: possibly delisted; no timezone found
$GOGN: possibly delisted; no timezone found
$GORV: possibly delisted; no timezone found

9 Failed downloads:
['GOCO', 'GOEV', 'GOGC', 'GNVC', 'GOAC', 'GNTY', 'GOGN', 'GORV']: possibly delisted; no timezone found
['GOK']: possibly delisted; no price data found  (1d 2008-01-01 -> 2026-09-26)
$GRBS: possibly delisted; no timezone found
$GPIC: possibly delisted; no timezone found
$GRA: possibly delisted; no timezone found
$GPP: possibly delisted; no timezone found
$GPX: possibly delisted; no timezone found
$GRAYBAR: possibly delisted; no timezone found
$GRDI: possibly delisted; no timezone found
$GQM: possibly delisted; no price data found  (1d 2008-01-01 -> 2026-09-26)
$GRH: possibly delisted; no timezone found
$GR: possibly delisted; no price data found  (1d 2008-01-01 -> 2026-09-26)

10 Failed downloads:
['GRBS', 'GPIC', 'GRA', 'GPP', 'GPX', 'GRAYBAR', 'GRDI', 'GRH']: possibly delisted; no timezone found
['GQM', 'GR']: possibly delisted; no price data found  (1d 2008-01-01 -> 2026-09-26)
$GSAQ: possibly delisted; no timezone found
$GRZ: possibly delisted; no timezone found
$GRT: possibly delisted; no timezone found
$GRNA: possibly delisted; no timezone found
$GRTS: possibly delisted; no timezone found
$GRMS: possibly delisted; no timezone found
$GRUB: possibly delisted; no timezone found
$GSB: possibly delisted; no timezone found
$GRTX: possibly delisted; no timezone found

9 Failed downloads:
['GSAQ', 'GRZ', 'GRT', 'GRNA', 'GRTS', 'GRMS', 'GRUB', 'GSB', 'GRTX']: possibly delisted; no timezone found
$GTAT: possibly delisted; no timezone found
$GTAC: possibly delisted; no timezone found
$GSQB: possibly delisted; no timezone found
$GST: possibly delisted; no timezone found
$GSX: possibly delisted; no timezone found
$GSEV: possibly delisted; no timezone found
$GSMG: possibly delisted; no timezone found
$GSE: possibly delisted; no timezone found
$GSON: possibly delisted; no timezone found
$GSS: possibly delisted; no timezone found
$GSKY: possibly delisted; no timezone found
$GSHN: possibly delisted; no timezone found

12 Failed downloads:
['GTAT', 'GTAC', 'GSQB', 'GST', 'GSX', 'GSEV', 'GSMG', 'GSE', 'GSON', 'GSS', 'GSKY', 'GSHN']: possibly delisted; no timezone found
$GTPA: possibly delisted; no timezone found
$GTI: possibly delisted; no timezone found
$GTPB: possibly delisted; no timezone found
$GTS: possibly delisted; no timezone found
$GTIV: possibly delisted; no timezone found
$GTSI: possibly delisted; no timezone found
$GTLS: possibly delisted; no timezone found
$GTLT: possibly delisted; no timezone found
$GTWN: possibly delisted; no timezone found
$GTHX: possibly delisted; no timezone found

10 Failed downloads:
['GTPA', 'GTI', 'GTPB', 'GTS', 'GTIV', 'GTSI', 'GTLS', 'GTLT', 'GTWN', 'GTHX']: possibly delisted; no timezone found
$GWAY: possibly delisted; no timezone found
$GWR: possibly delisted; no timezone found
$GVP: possibly delisted; no timezone found
$GUID: possibly delisted; no timezone found
$GVCIU: possibly delisted; no timezone found
$GWPH: possibly delisted; no timezone found
$GWHP: possibly delisted; no timezone found
$GXII: possibly delisted; no timezone found
$GXP: possibly delisted; no timezone found
$GWB: possibly delisted; no timezone found
$GULD: possibly delisted; no timezone found
$GTYHU: possibly delisted; no timezone found

12 Failed downloads:
['GWAY', 'GWR', 'GVP', 'GUID', 'GVCIU', 'GWPH', 'GWHP', 'GXII', 'GXP', 'GWB', 'GULD', 'GTYHU']: possibly delisted; no timezone found
$HARP: possibly delisted; no timezone found
$HALL: possibly delisted; no timezone found
$HAYN: possibly delisted; no timezone found
$HAACU: possibly delisted; no timezone found
$HAST: possibly delisted; no timezone found
$HABT: possibly delisted; no timezone found
$HAR: possibly delisted; no timezone found
$HA: possibly delisted; no timezone found

8 Failed downloads:
['HARP', 'HALL', 'HAYN', 'HAACU', 'HAST', 'HABT', 'HAR', 'HA']: possibly delisted; no timezone found
$HBMD: possibly delisted; no timezone found
$HBKA: possibly delisted; no timezone found
$HCCH: possibly delisted; no timezone found
$HBOS: possibly delisted; no timezone found
$HCAR: possibly delisted; no timezone found
$HBP: possibly delisted; no timezone found
$HCCI: possibly delisted; no timezone found
$HBI: possibly delisted; no timezone found
$HCBK: possibly delisted; no timezone found
$HCCC: possibly delisted; no timezone found

10 Failed downloads:
['HBMD', 'HBKA', 'HCCH', 'HBOS', 'HCAR', 'HBP', 'HCCI', 'HBI', 'HCBK', 'HCCC']: possibly delisted; no timezone found
$HCII: possibly delisted; no timezone found
$HDY: possibly delisted; no timezone found
$HDP: possibly delisted; no timezone found
$HCNE: possibly delisted; no timezone found
$HDS: possibly delisted; no timezone found
$HCT: possibly delisted; no timezone found
$HCR: possibly delisted; no timezone found
$HCOM: possibly delisted; no timezone found
$HCP: possibly delisted; no timezone found
$HCFT: possibly delisted; no timezone found
$HDNG: possibly delisted; no timezone found
$HCVI: possibly delisted; no timezone found

12 Failed downloads:
['HCII', 'HDY', 'HDP', 'HCNE', 'HDS', 'HCT', 'HCR', 'HCOM', 'HCP', 'HCFT', 'HDNG', 'HCVI']: possibly delisted; no timezone found
$HGEN: possibly delisted; no timezone found
$HERA: possibly delisted; no timezone found
$HELI: possibly delisted; no timezone found
$HFP: possibly delisted; no price data found  (1d 2008-01-01 -> 2026-09-26)
$HEOP: possibly delisted; no timezone found
$HGCO: possibly delisted; no timezone found
$HFBC: possibly delisted; no timezone found
$HFC: possibly delisted; no timezone found
$HEES: possibly delisted; no timezone found
$HES: possibly delisted; no timezone found
$HEVI: possibly delisted; no timezone found

11 Failed downloads:
['HGEN', 'HERA', 'HELI', 'HEOP', 'HGCO', 'HFBC', 'HFC', 'HEES', 'HES', 'HEVI']: possibly delisted; no timezone found
['HFP']: possibly delisted; no price data found  (1d 2008-01-01 -> 2026-09-26)
$HHHHU: possibly delisted; no timezone found
$HHC: possibly delisted; no timezone found
$HGIC: possibly delisted; no timezone found
$HIII: possibly delisted; no timezone found
$HH: possibly delisted; no timezone found
$HGSI: possibly delisted; no timezone found
$HIBB: possibly delisted; no timezone found
$HIFR: possibly delisted; no timezone found
$HIGA: possibly delisted; no timezone found
$HGSH: possibly delisted; no timezone found
$HGG: possibly delisted; no timezone found
$HI: possibly delisted; no timezone found
$HHLA: possibly delisted; no timezone found
$HIIQ: possibly delisted; no timezone found

14 Failed downloads:
['HHHHU', 'HHC', 'HGIC', 'HIII', 'HH', 'HGSI', 'HIBB', 'HIFR', 'HIGA', 'HGSH', 'HGG', 'HI', 'HHLA', 'HIIQ']: possibly delisted; no timezone found
$HKAC: possibly delisted; no timezone found
$HLG: possibly delisted; no timezone found
$HIPP: possibly delisted; no timezone found
$HITK: possibly delisted; no timezone found
$HLAH: possibly delisted; no timezone found
$HITT: possibly delisted; no timezone found
$HK: possibly delisted; no timezone found
$HIL: possibly delisted; no timezone found
$HILL: possibly delisted; no timezone found
$HIPPO: possibly delisted; no timezone found

10 Failed downloads:
['HKAC', 'HLG', 'HIPP', 'HITK', 'HLAH', 'HITT', 'HK', 'HIL', 'HILL', 'HIPPO']: possibly delisted; no timezone found
$HME: possibly delisted; no timezone found
$HMHC: possibly delisted; no timezone found
$HMTV: possibly delisted; no timezone found
$HMTA: possibly delisted; no timezone found
$HMST: possibly delisted; no timezone found
$HMA: possibly delisted; no timezone found
$HLVX: possibly delisted; no timezone found
$HLYS: possibly delisted; no price data found  (1d 2008-01-01 -> 2026-09-26)
$HMNF: possibly delisted; no timezone found
$HMNC: possibly delisted; no timezone found
$HMSY: possibly delisted; no timezone found
$HLM: possibly delisted; no price data found  (1d 2008-01-01 -> 2026-09-26)
$HLSS: possibly delisted; no timezone found
$HMG: possibly delisted; no timezone found

14 Failed downloads:
['HME', 'HMHC', 'HMTV', 'HMTA', 'HMST', 'HMA', 'HLVX', 'HMNF', 'HMNC', 'HMSY', 'HLSS', 'HMG']: possibly delisted; no timezone found
['HLYS', 'HLM']: possibly delisted; no price data found  (1d 2008-01-01 -> 2026-09-26)
$HNT: possibly delisted; no timezone found
$HOGS: possibly delisted; no timezone found
$HOOK: possibly delisted; no timezone found
$HOLX: possibly delisted; no price data found  (1d 2008-01-01 -> 2026-09-26) (Yahoo error = "No data found, symbol may be delisted")
$HNSN: possibly delisted; no timezone found
$HOT: possibly delisted; no timezone found
$HOUS: possibly delisted; no timezone found
$HONE: possibly delisted; no timezone found
$HNH: possibly delisted; no timezone found
$HPLTU: possibly delisted; no timezone found
$HPAC: possibly delisted; no timezone found
$HNR: possibly delisted; no timezone found
$HOTT: possibly delisted; no timezone found
$HPGS: possibly delisted; no timezone found
$HNZ: possibly delisted; no timezone found
$HOFD: possibly delisted; no timezone found
$HNGR: possibly delisted; no timezone found
$HOFV: possibly delisted; no timezone found
$HOME: possibly delisted; no timezone found

19 Failed downloads:
['HNT', 'HOGS', 'HOOK', 'HNSN', 'HOT', 'HOUS', 'HONE', 'HNH', 'HPLTU', 'HPAC', 'HNR', 'HOTT', 'HPGS', 'HNZ', 'HOFD', 'HNGR', 'HOFV', 'HOME']: possibly delisted; no timezone found
['HOLX']: possibly delisted; no price data found  (1d 2008-01-01 -> 2026-09-26) (Yahoo error = "No data found, symbol may be delisted")
$HPR: possibly delisted; no timezone found
$HRT: possibly delisted; no timezone found
$HSKA: possibly delisted; no timezone found
$HSTO: possibly delisted; no timezone found
$HS: possibly delisted; no timezone found
$HTBI: possibly delisted; no timezone found
$HRS: possibly delisted; no timezone found
$HRC: possibly delisted; no timezone found
$HSH: possibly delisted; no timezone found
$HT: possibly delisted; no timezone found
$HPY: possibly delisted; no timezone found
$HSII: possibly delisted; no timezone found
$HSP: possibly delisted; no timezone found
$HSNI: possibly delisted; no timezone found
$HSMG: possibly delisted; no timezone found
$HPTX: possibly delisted; no timezone found
$HTBK: possibly delisted; no timezone found
$HPOL: possibly delisted; no timezone found
$HRTH: possibly delisted; no timezone found

19 Failed downloads:
['HPR', 'HRT', 'HSKA', 'HSTO', 'HS', 'HTBI', 'HRS', 'HRC', 'HSH', 'HT', 'HPY', 'HSII', 'HSP', 'HSNI', 'HSMG', 'HPTX', 'HTBK', 'HPOL', 'HRTH']: possibly delisted; no timezone found
$HWELU: possibly delisted; no timezone found
$HTGM: possibly delisted; no timezone found
$HYRE: possibly delisted; no timezone found
$HYACU: possibly delisted; no timezone found
$HTS: possibly delisted; no timezone found
$HUTC: possibly delisted; no timezone found
$HTSI: possibly delisted; no timezone found
$HUGSU: possibly delisted; no timezone found
$HWKZ: possibly delisted; no timezone found
$HTWR: possibly delisted; no timezone found
$HWSN: possibly delisted; no timezone found
$HTPA: possibly delisted; no timezone found
$HWG: possibly delisted; no timezone found
$HVB: possibly delisted; no timezone found
$HTLF: possibly delisted; no timezone found
$HYAC: possibly delisted; no timezone found
$HW: possibly delisted; no timezone found
$HWCC: possibly delisted; no timezone found
$HTM: possibly delisted; no timezone found

19 Failed downloads:
['HWELU', 'HTGM', 'HYRE', 'HYACU', 'HTS', 'HUTC', 'HTSI', 'HUGSU', 'HWKZ', 'HTWR', 'HWSN', 'HTPA', 'HWG', 'HVB', 'HTLF', 'HYAC', 'HW', 'HWCC', 'HTM']: possibly delisted; no timezone found
$ICAD: possibly delisted; no timezone found
$IACA: possibly delisted; no timezone found
$ICGL: possibly delisted; no timezone found
$HZNP: possibly delisted; no timezone found
$I: possibly delisted; no timezone found
$ICBK: possibly delisted; no timezone found
$HZON: possibly delisted; no timezone found
$IAC: possibly delisted; no timezone found
$IAA: possibly delisted; no timezone found
$ICPT: possibly delisted; no timezone found
$IBI: possibly delisted; no timezone found
$HZN: possibly delisted; no timezone found
$ICNC: possibly delisted; no timezone found
$ICCT: possibly delisted; no timezone found
$IBKC: possibly delisted; no timezone found
$HZAC: possibly delisted; no timezone found
$IACC: possibly delisted; no timezone found
$ICD: possibly delisted; no timezone found
$HYZN: possibly delisted; no timezone found
$IBTX: possibly delisted; no timezone found

20 Failed downloads:
['ICAD', 'IACA', 'ICGL', 'HZNP', 'I', 'ICBK', 'HZON', 'IAC', 'IAA', 'ICPT', 'IBI', 'HZN', 'ICNC', 'ICCT', 'IBKC', 'HZAC', 'IACC', 'ICD', 'HYZN', 'IBTX']: possibly delisted; no timezone found
$IGT: possibly delisted; no timezone found
$ICVX: possibly delisted; no timezone found
$IEA: possibly delisted; no timezone found
$ID: possibly delisted; no timezone found
$IGMS: possibly delisted; no timezone found
$IDSY: possibly delisted; no timezone found
$IFNY: possibly delisted; no timezone found
$IFCI: possibly delisted; no timezone found
$ICRL: possibly delisted; no timezone found
$IGLU: possibly delisted; no timezone found
$IDIX: possibly delisted; no timezone found
$IEVM: possibly delisted; no timezone found
$IGTE: possibly delisted; no timezone found
$ICTV: possibly delisted; no timezone found
$IDEX: possibly delisted; no timezone found
$IDVC: possibly delisted; no timezone found
$IGOI: possibly delisted; no timezone found
$IDSA: possibly delisted; no timezone found
$IDTI: possibly delisted; no timezone found
$IGXT: possibly delisted; no timezone found

20 Failed downloads:
['IGT', 'ICVX', 'IEA', 'ID', 'IGMS', 'IDSY', 'IFNY', 'IFCI', 'ICRL', 'IGLU', 'IDIX', 'IEVM', 'IGTE', 'ICTV', 'IDEX', 'IDVC', 'IGOI', 'IDSA', 'IDTI', 'IGXT']: possibly delisted; no timezone found
$IIAC: possibly delisted; no timezone found
$IMDC: possibly delisted; no timezone found
$IKAN: possibly delisted; no timezone found
$ILCC: possibly delisted; no timezone found
$IM: possibly delisted; no timezone found
$IIVI: possibly delisted; no timezone found
$IL: possibly delisted; no timezone found
$IMBI: possibly delisted; no timezone found
$IIII: possibly delisted; no timezone found
$IINX: possibly delisted; no timezone found
$ILG: possibly delisted; no timezone found
$IIN: possibly delisted; no timezone found
$IHC: possibly delisted; no timezone found

13 Failed downloads:
['IIAC', 'IMDC', 'IKAN', 'ILCC', 'IM', 'IIVI', 'IL', 'IMBI', 'IIII', 'IINX', 'ILG', 'IIN', 'IHC']: possibly delisted; no timezone found
$IMS: possibly delisted; no timezone found
$IMPR: possibly delisted; no timezone found
$IN: possibly delisted; no price data found  (1d 2008-01-01 -> 2026-09-26)
$IMGN: possibly delisted; no timezone found
$IMPV: possibly delisted; no timezone found
$IMSC: possibly delisted; no timezone found
$IMI: possibly delisted; no timezone found
$IMPX: possibly delisted; no timezone found
$IMMU: possibly delisted; no timezone found
$IMH: possibly delisted; no timezone found
$INAP: possibly delisted; no timezone found
$IMKI: possibly delisted; no timezone found
$IMDZ: possibly delisted; no timezone found
$IMG: possibly delisted; no timezone found
$IMNP: possibly delisted; no timezone found
$IMKT: possibly delisted; no timezone found

16 Failed downloads:
['IMS', 'IMPR', 'IMGN', 'IMPV', 'IMSC', 'IMI', 'IMPX', 'IMMU', 'IMH', 'INAP', 'IMKI', 'IMDZ', 'IMG', 'IMNP', 'IMKT']: possibly delisted; no timezone found
['IN']: possibly delisted; no price data found  (1d 2008-01-01 -> 2026-09-26)
$INKA: possibly delisted; no timezone found
$INFI: possibly delisted; no timezone found
$INDT: possibly delisted; no timezone found
$INPH: possibly delisted; no timezone found
$INFA: possibly delisted; no timezone found
$INCB: possibly delisted; no timezone found
$ININ: possibly delisted; no timezone found
$INFN: possibly delisted; no timezone found

8 Failed downloads:
['INKA', 'INFI', 'INDT', 'INPH', 'INFA', 'INCB', 'ININ', 'INFN']: possibly delisted; no timezone found
$INUVO: possibly delisted; no timezone found
$INSY: possibly delisted; no timezone found
$INST: possibly delisted; no timezone found
$INSV: possibly delisted; no timezone found
$INTX: possibly delisted; no timezone found
$INVS: possibly delisted; no timezone found

6 Failed downloads:
['INUVO', 'INSY', 'INST', 'INSV', 'INTX', 'INVS']: possibly delisted; no timezone found
$IOTS: possibly delisted; no timezone found
$INZY: possibly delisted; no timezone found
$INWK: possibly delisted; no timezone found
$IPHI: possibly delisted; no timezone found
$IPG: possibly delisted; no timezone found
$IPCM: possibly delisted; no timezone found
$IPCC: possibly delisted; no timezone found
$IO: possibly delisted; no timezone found
$IPHS: possibly delisted; no timezone found
$IPAS: possibly delisted; no timezone found

10 Failed downloads:
['IOTS', 'INZY', 'INWK', 'IPHI', 'IPG', 'IPCM', 'IPCC', 'IO', 'IPHS', 'IPAS']: possibly delisted; no timezone found
$IRF: possibly delisted; no timezone found
$IQMDU: possibly delisted; no timezone found
$IRC: possibly delisted; no timezone found
$IPXL: possibly delisted; no timezone found
$IRBT: possibly delisted; no timezone found
$IPSU: possibly delisted; no timezone found
$IPOF: possibly delisted; no timezone found
$IQNT: possibly delisted; no timezone found
$IRG: possibly delisted; no timezone found
$IPVF: possibly delisted; no timezone found
$IPVI: possibly delisted; no timezone found
$IRAA: possibly delisted; no timezone found
$IREIT: possibly delisted; no timezone found
$IPOD: possibly delisted; no timezone found

14 Failed downloads:
['IRF', 'IQMDU', 'IRC', 'IPXL', 'IRBT', 'IPSU', 'IPOF', 'IQNT', 'IRG', 'IPVF', 'IPVI', 'IRAA', 'IREIT', 'IPOD']: possibly delisted; no timezone found
$IRNC: possibly delisted; no timezone found
$ISCA: possibly delisted; no timezone found
$IRNT: possibly delisted; no timezone found
$ISGN: possibly delisted; no timezone found
$IRI: possibly delisted; no timezone found
$IRIS: possibly delisted; no timezone found
$ISIL: possibly delisted; no timezone found
$ISLE: possibly delisted; no timezone found
$IRLD: possibly delisted; no timezone found
$IRRX: possibly delisted; no timezone found
$ISEE: possibly delisted; no timezone found
$ISH: possibly delisted; no timezone found
$ISBC: possibly delisted; no timezone found
$ISLT: possibly delisted; no timezone found

14 Failed downloads:
['IRNC', 'ISCA', 'IRNT', 'ISGN', 'IRI', 'IRIS', 'ISIL', 'ISLE', 'IRLD', 'IRRX', 'ISEE', 'ISH', 'ISBC', 'ISLT']: possibly delisted; no timezone found
$ITCI: possibly delisted; no timezone found
$ITKG: possibly delisted; no timezone found
$ITMN: possibly delisted; no timezone found
$ISSI: possibly delisted; no timezone found
$ITAQ: possibly delisted; no timezone found
$ITOS: possibly delisted; no timezone found
$ISUN: possibly delisted; no timezone found
$ISTA: possibly delisted; no timezone found
$ITQRU: possibly delisted; no timezone found
$ITC: possibly delisted; no timezone found
$ITI: possibly delisted; no timezone found
$ITRM: possibly delisted; no timezone found

12 Failed downloads:
['ITCI', 'ITKG', 'ITMN', 'ISSI', 'ITAQ', 'ITOS', 'ISUN', 'ISTA', 'ITQRU', 'ITC', 'ITI', 'ITRM']: possibly delisted; no timezone found
$ITSI: possibly delisted; no timezone found
$IVC: possibly delisted; no timezone found
$IVAC: possibly delisted; no timezone found
$JAG: possibly delisted; no timezone found
$IVCA: possibly delisted; no timezone found
$IXAQU: possibly delisted; no timezone found
$IVTY: possibly delisted; no timezone found
$IWBB: possibly delisted; no timezone found
$IXYS: possibly delisted; no timezone found
$IVTP: possibly delisted; no timezone found

10 Failed downloads:
['ITSI', 'IVC', 'IVAC', 'JAG', 'IVCA', 'IXAQU', 'IVTY', 'IWBB', 'IXYS', 'IVTP']: possibly delisted; no timezone found
$JCG: possibly delisted; no timezone found
$JAH: possibly delisted; no timezone found
$JCIC: possibly delisted; no timezone found
$JAMF: possibly delisted; no timezone found
$JASN: possibly delisted; no timezone found
$JAXB: possibly delisted; no timezone found
$JAX: possibly delisted; no timezone found
$JAQC: possibly delisted; no timezone found
$JAWS: possibly delisted; no timezone found
$JBT: possibly delisted; no timezone found

10 Failed downloads:
['JCG', 'JAH', 'JCIC', 'JAMF', 'JASN', 'JAXB', 'JAX', 'JAQC', 'JAWS', 'JBT']: possibly delisted; no timezone found
$JIGD: possibly delisted; no timezone found
$JGGC: possibly delisted; no timezone found
$JMG: possibly delisted; no timezone found
$JGW: possibly delisted; no timezone found
$JEMC: possibly delisted; no timezone found
$JMBA: possibly delisted; no timezone found
$JLLIPT: possibly delisted; no timezone found
$JIH: possibly delisted; no timezone found
$JCP: possibly delisted; no timezone found
$JHG: possibly delisted; no timezone found
$JDAS: possibly delisted; no timezone found
$JEC: possibly delisted; no timezone found

12 Failed downloads:
['JIGD', 'JGGC', 'JMG', 'JGW', 'JEMC', 'JMBA', 'JLLIPT', 'JIH', 'JCP', 'JHG', 'JDAS', 'JEC']: possibly delisted; no timezone found
$JPEP: possibly delisted; no timezone found
$JOFF: possibly delisted; no timezone found
$JMI: possibly delisted; no timezone found
$JNPR: possibly delisted; no timezone found
$JMP: possibly delisted; no timezone found
$JRJR: possibly delisted; no timezone found
$JNP: possibly delisted; no timezone found
$JNY: possibly delisted; no timezone found
$JRN: possibly delisted; no timezone found
$JRCC: possibly delisted; no timezone found
$JOY: possibly delisted; no timezone found
$JOAN: possibly delisted; no timezone found
$JOSB: possibly delisted; no timezone found
$JNS: possibly delisted; no timezone found
$JNCE: possibly delisted; no timezone found

15 Failed downloads:
['JPEP', 'JOFF', 'JMI', 'JNPR', 'JMP', 'JRJR', 'JNP', 'JNY', 'JRN', 'JRCC', 'JOY', 'JOAN', 'JOSB', 'JNS', 'JNCE']: possibly delisted; no timezone found
$JXSB: possibly delisted; no timezone found
$JUN: possibly delisted; no timezone found
$KANT: possibly delisted; no timezone found
$JZHG: possibly delisted; no timezone found
$KBSLEGACY: possibly delisted; no timezone found
$JTPY: possibly delisted; no timezone found
$JWCA: possibly delisted; no timezone found
$KATE: possibly delisted; no timezone found
$JYHW: possibly delisted; no timezone found
$KAHC: possibly delisted; no timezone found
$JWSM: possibly delisted; no timezone found
$KAIR: possibly delisted; no timezone found
$JWA: possibly delisted; no timezone found
$JWN: possibly delisted; no timezone found
$KAMN: possibly delisted; no timezone found
$KBAL: possibly delisted; no timezone found
$K: possibly delisted; no timezone found
$JUNO: possibly delisted; no timezone found

18 Failed downloads:
['JXSB', 'JUN', 'KANT', 'JZHG', 'KBSLEGACY', 'JTPY', 'JWCA', 'KATE', 'JYHW', 'KAHC', 'JWSM', 'KAIR', 'JWA', 'JWN', 'KAMN', 'KBAL', 'K', 'JUNO']: possibly delisted; no timezone found
$KEM: possibly delisted; no timezone found
$KIII: possibly delisted; no timezone found
$KCP: possibly delisted; no timezone found
$KCG: possibly delisted; no timezone found
$KEYW: possibly delisted; no timezone found
$KCGI: possibly delisted; no timezone found
$KDNY: possibly delisted; no timezone found
$KBW: possibly delisted; no price data found  (1d 2008-01-01 -> 2026-09-26)
$KCI: possibly delisted; no timezone found
$KFN: possibly delisted; no timezone found
$KBSRII: possibly delisted; no timezone found
$KDN: possibly delisted; no timezone found
$KEGXD: possibly delisted; no timezone found
$KFS: possibly delisted; no timezone found
$KDMN: possibly delisted; no timezone found
$KID: possibly delisted; no timezone found
$KIN: possibly delisted; no timezone found
$KEYN: possibly delisted; no timezone found
$KIND: possibly delisted; no timezone found
$KERX: possibly delisted; no timezone found

20 Failed downloads:
['KEM', 'KIII', 'KCP', 'KCG', 'KEYW', 'KCGI', 'KDNY', 'KCI', 'KFN', 'KBSRII', 'KDN', 'KEGXD', 'KFS', 'KDMN', 'KID', 'KIN', 'KEYN', 'KIND', 'KERX']: possibly delisted; no timezone found
['KBW']: possibly delisted; no price data found  (1d 2008-01-01 -> 2026-09-26)
$KLR: possibly delisted; no timezone found
$KND: possibly delisted; no timezone found
$KKD: possibly delisted; no timezone found
$KIRK: possibly delisted; no timezone found
$KOG: possibly delisted; no timezone found
$KMR: possibly delisted; no timezone found
$KNOL: possibly delisted; no timezone found
$KLAQ: possibly delisted; no timezone found
$KMP: possibly delisted; no timezone found
$KLDX: possibly delisted; no timezone found
$KNBE: possibly delisted; no timezone found
$KITE: possibly delisted; no timezone found
$KIOR: possibly delisted; no timezone found
$KNXA: possibly delisted; no timezone found
$KNSW: possibly delisted; no timezone found
$KMG: possibly delisted; no timezone found
$KNTE: possibly delisted; no timezone found
$KNL: possibly delisted; no timezone found
$KLXI: possibly delisted; no timezone found
$KITD: possibly delisted; no timezone found

20 Failed downloads:
['KLR', 'KND', 'KKD', 'KIRK', 'KOG', 'KMR', 'KNOL', 'KLAQ', 'KMP', 'KLDX', 'KNBE', 'KITE', 'KIOR', 'KNXA', 'KNSW', 'KMG', 'KNTE', 'KNL', 'KLXI', 'KITD']: possibly delisted; no timezone found
$KYAK: possibly delisted; no timezone found
$KVSA: possibly delisted; no timezone found
$KSU: possibly delisted; no timezone found
$KWKA: possibly delisted; no timezone found
$KSWS: possibly delisted; no timezone found
$KVSC: possibly delisted; no timezone found
$KOR: possibly delisted; no timezone found
$KRTX: possibly delisted; no timezone found
$KRON: possibly delisted; no timezone found
$KS: possibly delisted; no timezone found
$KYNP: possibly delisted; no timezone found
$KSHB: possibly delisted; no timezone found
$KSPN: possibly delisted; no timezone found
$KRFT: possibly delisted; no timezone found
$KRA: possibly delisted; no timezone found
$KRNL: possibly delisted; no timezone found
$KTYB: possibly delisted; no timezone found
$KW: possibly delisted; no timezone found
$KONA: possibly delisted; no timezone found

19 Failed downloads:
['KYAK', 'KVSA', 'KSU', 'KWKA', 'KSWS', 'KVSC', 'KOR', 'KRTX', 'KRON', 'KS', 'KYNP', 'KSHB', 'KSPN', 'KRFT', 'KRA', 'KRNL', 'KTYB', 'KW', 'KONA']: possibly delisted; no timezone found
$LAT: possibly delisted; no price data found  (1d 2008-01-01 -> 2026-09-26)
$LCAHU: possibly delisted; no timezone found
$LBAI: possibly delisted; no timezone found
$LC: possibly delisted; no timezone found
$LBPH: possibly delisted; no timezone found
$LAYN: possibly delisted; no timezone found
$LAZRQ: possibly delisted; no timezone found
$KYTH: possibly delisted; no timezone found
$LBGO: possibly delisted; no timezone found
$LCAV: possibly delisted; no timezone found
$LCC: possibly delisted; no timezone found
$LABC: possibly delisted; no timezone found
$LABL: possibly delisted; no timezone found
$KZR: possibly delisted; no timezone found
$LBC: possibly delisted; no timezone found
$LCAAU: possibly delisted; no timezone found
$LATX: possibly delisted; no timezone found
$LBY: possibly delisted; no timezone found
$LBAO: possibly delisted; no timezone found

19 Failed downloads:
['LAT']: possibly delisted; no price data found  (1d 2008-01-01 -> 2026-09-26)
['LCAHU', 'LBAI', 'LC', 'LBPH', 'LAYN', 'LAZRQ', 'KYTH', 'LBGO', 'LCAV', 'LCC', 'LABC', 'LABL', 'KZR', 'LBC', 'LCAAU', 'LATX', 'LBY', 'LBAO']: possibly delisted; no timezone found
$LG: possibly delisted; no timezone found
$LEAR: possibly delisted; no timezone found
$LGVCU: possibly delisted; no timezone found
$LF: possibly delisted; no timezone found
$LDR: possibly delisted; no timezone found
$LCI: possibly delisted; no timezone found
$LEOM: possibly delisted; no timezone found
$LGACU: possibly delisted; no timezone found
$LFTRU: possibly delisted; no timezone found
$LEVL: possibly delisted; no timezone found
$LGDI: possibly delisted; no timezone found
$LFLY: possibly delisted; no timezone found
$LEXE: possibly delisted; no timezone found
$LEAF: possibly delisted; no timezone found
$LCW: possibly delisted; no timezone found
$LFG: possibly delisted; no timezone found
$LEAP: possibly delisted; no timezone found
$LDL: possibly delisted; no timezone found
$LGV: possibly delisted; no timezone found
$LEDR: possibly delisted; no timezone found

20 Failed downloads:
['LG', 'LEAR', 'LGVCU', 'LF', 'LDR', 'LCI', 'LEOM', 'LGACU', 'LFTRU', 'LEVL', 'LGDI', 'LFLY', 'LEXE', 'LEAF', 'LCW', 'LFG', 'LEAP', 'LDL', 'LGV', 'LEDR']: possibly delisted; no timezone found
$LJPC: possibly delisted; no timezone found
$LIOX: possibly delisted; no timezone found
$LLEX: possibly delisted; no timezone found
$LIQD: possibly delisted; no timezone found
$LLC: possibly delisted; no price data found  (1d 2008-01-01 -> 2026-09-26)
$LL: possibly delisted; no timezone found
$LIWA: possibly delisted; no timezone found
$LLNW: possibly delisted; no timezone found
$LHAA: possibly delisted; no timezone found
$LIQDA: possibly delisted; no timezone found
$LM: possibly delisted; no timezone found
$LLAP: possibly delisted; no timezone found
$LLTC: possibly delisted; no timezone found
$LHCG: possibly delisted; no timezone found
$LHO: possibly delisted; no timezone found
$LITT: possibly delisted; no timezone found
$LKSD: possibly delisted; no timezone found
$LHC: possibly delisted; no timezone found
$LLL: possibly delisted; no timezone found
$LLEN: possibly delisted; no timezone found

20 Failed downloads:
['LJPC', 'LIOX', 'LLEX', 'LIQD', 'LL', 'LIWA', 'LLNW', 'LHAA', 'LIQDA', 'LM', 'LLAP', 'LLTC', 'LHCG', 'LHO', 'LITT', 'LKSD', 'LHC', 'LLL', 'LLEN']: possibly delisted; no timezone found
['LLC']: possibly delisted; no price data found  (1d 2008-01-01 -> 2026-09-26)
$LOGM: possibly delisted; no timezone found
$LMRK: possibly delisted; no timezone found
$LNW: possibly delisted; no timezone found
$LMOS: possibly delisted; no timezone found
$LNCE: possibly delisted; no timezone found
$LNCO: possibly delisted; no timezone found
$LNKD: possibly delisted; no timezone found
$LNCR: possibly delisted; no timezone found
$LMIA: possibly delisted; no timezone found
$LNCM: possibly delisted; no timezone found
$LOCC: possibly delisted; no timezone found
$LMST: possibly delisted; no timezone found
$LO: possibly delisted; no timezone found
$LNBB: possibly delisted; no timezone found
$LMCA: possibly delisted; no timezone found
$LOKM: possibly delisted; no timezone found
$LMAC: possibly delisted; no timezone found
$LOJN: possibly delisted; no timezone found
$LOCK: possibly delisted; no price data found  (1d 2008-01-01 -> 2026-09-26)
$LNET: possibly delisted; no timezone found

20 Failed downloads:
['LOGM', 'LMRK', 'LNW', 'LMOS', 'LNCE', 'LNCO', 'LNKD', 'LNCR', 'LMIA', 'LNCM', 'LOCC', 'LMST', 'LO', 'LNBB', 'LMCA', 'LOKM', 'LMAC', 'LOJN', 'LNET']: possibly delisted; no timezone found
['LOCK']: possibly delisted; no price data found  (1d 2008-01-01 -> 2026-09-26)
$LPR: possibly delisted; no timezone found
$LPDX: possibly delisted; no timezone found
$LPTV: possibly delisted; no timezone found
$LRY: possibly delisted; no timezone found
$LSEA: possibly delisted; no timezone found
$LOV: possibly delisted; no timezone found
$LSI: possibly delisted; no timezone found
$LPAD: possibly delisted; no timezone found
$LOTZ: possibly delisted; no timezone found
$LPSB: possibly delisted; no timezone found
$LPS: possibly delisted; no timezone found
$LSYN: possibly delisted; no timezone found
$LOOK: possibly delisted; no timezone found
$LSBG: possibly delisted; no timezone found
$LTCG: possibly delisted; no timezone found
$LOXO: possibly delisted; no timezone found
$LPNT: possibly delisted; no timezone found
$LPTC: possibly delisted; no timezone found
$LONE: possibly delisted; no timezone found
$LORL: possibly delisted; no timezone found

20 Failed downloads:
['LPR', 'LPDX', 'LPTV', 'LRY', 'LSEA', 'LOV', 'LSI', 'LPAD', 'LOTZ', 'LPSB', 'LPS', 'LSYN', 'LOOK', 'LSBG', 'LTCG', 'LOXO', 'LPNT', 'LPTC', 'LONE', 'LORL']: possibly delisted; no timezone found
$LUXAU: possibly delisted; no timezone found
$LTRPA: possibly delisted; no timezone found
$LTHM: possibly delisted; no timezone found
$LXK: possibly delisted; no timezone found
$LTNU: possibly delisted; no timezone found
$LUB: possibly delisted; no timezone found
$LUFK: possibly delisted; no timezone found
$LVB: possibly delisted; no timezone found
$LVRA: possibly delisted; no timezone found
$LTS: possibly delisted; no timezone found
$MACC: possibly delisted; no timezone found
$LUVE: possibly delisted; no timezone found
$LTXB: possibly delisted; no timezone found
$LZD: possibly delisted; no price data found  (1d 2008-01-01 -> 2026-09-26)
$LVIS: possibly delisted; no timezone found
$LVOX: possibly delisted; no timezone found
$LZNN: possibly delisted; no timezone found
$LVP: possibly delisted; no price data found  (1d 2008-01-01 -> 2026-09-26)
$MAACU: possibly delisted; no timezone found
$LUSI: possibly delisted; no timezone found

20 Failed downloads:
['LUXAU', 'LTRPA', 'LTHM', 'LXK', 'LTNU', 'LUB', 'LUFK', 'LVB', 'LVRA', 'LTS', 'MACC', 'LUVE', 'LTXB', 'LVIS', 'LVOX', 'LZNN', 'MAACU', 'LUSI']: possibly delisted; no timezone found
['LZD', 'LVP']: possibly delisted; no price data found  (1d 2008-01-01 -> 2026-09-26)
$MBRG: possibly delisted; no timezone found
$MBCN: possibly delisted; no timezone found
$MAXD: possibly delisted; no timezone found
$MCBF: possibly delisted; no timezone found
$MAXY: possibly delisted; no timezone found
$MBSC: possibly delisted; no timezone found
$MBFI: possibly delisted; no timezone found
$MBTF: possibly delisted; no timezone found
$MBAC: possibly delisted; no timezone found
$MACK: possibly delisted; no timezone found
$MAXR: possibly delisted; no timezone found
$MCAAU: possibly delisted; no timezone found
$MCBC: possibly delisted; no timezone found
$MATK: possibly delisted; no timezone found
$MBVT: possibly delisted; no timezone found
$MANT: possibly delisted; no timezone found
$MBII: possibly delisted; no timezone found
$MBDE: possibly delisted; no timezone found
$MASI: possibly delisted; no timezone found
$MAG: possibly delisted; no timezone found

20 Failed downloads:
['MBRG', 'MBCN', 'MAXD', 'MCBF', 'MAXY', 'MBSC', 'MBFI', 'MBTF', 'MBAC', 'MACK', 'MAXR', 'MCAAU', 'MCBC', 'MATK', 'MBVT', 'MANT', 'MBII', 'MBDE', 'MASI', 'MAG']: possibly delisted; no timezone found
$MDC: possibly delisted; no timezone found
$MCRS: possibly delisted; no timezone found
$MDNB: possibly delisted; no timezone found
$MDH: possibly delisted; no timezone found
$MCBI: possibly delisted; no timezone found
$MDF: possibly delisted; no timezone found
$MCW: possibly delisted; no timezone found
$MCFE: possibly delisted; no timezone found
$MCRL: possibly delisted; no timezone found
$MCRN: possibly delisted; no timezone found
$MCF: possibly delisted; no timezone found
$MCP: possibly delisted; no timezone found
$MDP: possibly delisted; no timezone found
$MCZ: possibly delisted; no timezone found
$MDCO: possibly delisted; no timezone found
$MDAS: possibly delisted; no timezone found
$MCEP: possibly delisted; no timezone found
$MDLA: possibly delisted; no timezone found
$MDLY: possibly delisted; no timezone found

19 Failed downloads:
['MDC', 'MCRS', 'MDNB', 'MDH', 'MCBI', 'MDF', 'MCW', 'MCFE', 'MCRL', 'MCRN', 'MCF', 'MCP', 'MDP', 'MCZ', 'MDCO', 'MDAS', 'MCEP', 'MDLA', 'MDLY']: possibly delisted; no timezone found
$MELR: possibly delisted; no timezone found
$MENT: possibly delisted; no timezone found
$MEET: possibly delisted; no timezone found
$MEAD: possibly delisted; no timezone found
$MEDAVAIL: possibly delisted; no timezone found
$MEAS: possibly delisted; no timezone found
$MDTH: possibly delisted; no timezone found
$MEE: possibly delisted; no timezone found
$MDR: possibly delisted; no timezone found
$MEG: possibly delisted; no timezone found
$MEP: possibly delisted; no timezone found
$MDSY: possibly delisted; no timezone found
$MDSO: possibly delisted; no timezone found
$MERU: possibly delisted; no timezone found
$MEKA: possibly delisted; no timezone found
$MEA: possibly delisted; no timezone found
$MDWT: possibly delisted; no timezone found
$MDW: possibly delisted; no timezone found
$MDS: possibly delisted; no timezone found
$MDVN: possibly delisted; no timezone found

20 Failed downloads:
['MELR', 'MENT', 'MEET', 'MEAD', 'MEDAVAIL', 'MEAS', 'MDTH', 'MEE', 'MDR', 'MEG', 'MEP', 'MDSY', 'MDSO', 'MERU', 'MEKA', 'MEA', 'MDWT', 'MDW', 'MDS', 'MDVN']: possibly delisted; no timezone found
$METR: possibly delisted; no timezone found
$MGP: possibly delisted; no timezone found
$MHLD: possibly delisted; no timezone found
$MIGI: possibly delisted; no timezone found
$MGLN: possibly delisted; no timezone found
$MHYS: possibly delisted; no timezone found
$MFLV: possibly delisted; no timezone found
$MFE: possibly delisted; no timezone found
$MHR: possibly delisted; no timezone found
$MFRM: possibly delisted; no timezone found
$MFSF: possibly delisted; no timezone found
$MFHV: possibly delisted; no timezone found
$MFB: possibly delisted; no timezone found
$MFNC: possibly delisted; no timezone found
$MFMV: possibly delisted; no timezone found
$MGI: possibly delisted; no timezone found
$MHGC: possibly delisted; no timezone found
$MHS: possibly delisted; no timezone found
$MFST: possibly delisted; no timezone found

19 Failed downloads:
['METR', 'MGP', 'MHLD', 'MIGI', 'MGLN', 'MHYS', 'MFLV', 'MFE', 'MHR', 'MFRM', 'MFSF', 'MFHV', 'MFB', 'MFNC', 'MFMV', 'MGI', 'MHGC', 'MHS', 'MFST']: possibly delisted; no timezone found
$MJCO: possibly delisted; no timezone found
$MILE: possibly delisted; no timezone found
$MJTK: possibly delisted; no timezone found
$MIXT: possibly delisted; no timezone found
$MINI: possibly delisted; no timezone found
$MIME: possibly delisted; no timezone found
$MIMO: possibly delisted; no timezone found
$MLAC: possibly delisted; no timezone found
$MKTO: possibly delisted; no timezone found
$MILL: possibly delisted; no timezone found
$MITL: possibly delisted; no timezone found
$ML: possibly delisted; no timezone found
$MJN: possibly delisted; no timezone found
$MIT: possibly delisted; no timezone found
$MKTG: possibly delisted; no timezone found
$MITD: possibly delisted; no timezone found
$MIPS: possibly delisted; no timezone found
$MIK: possibly delisted; no timezone found
$MKFG: possibly delisted; no timezone found

19 Failed downloads:
['MJCO', 'MILE', 'MJTK', 'MIXT', 'MINI', 'MIME', 'MIMO', 'MLAC', 'MKTO', 'MILL', 'MITL', 'ML', 'MJN', 'MIT', 'MKTG', 'MITD', 'MIPS', 'MIK', 'MKFG']: possibly delisted; no timezone found
$MLNX: possibly delisted; no timezone found
$MLVF: possibly delisted; no timezone found
$MLNK: possibly delisted; no timezone found
$MMUS: possibly delisted; no timezone found
$MNI: possibly delisted; no timezone found
$MMR: possibly delisted; no timezone found
$MMAT: possibly delisted; no timezone found
$MMP: possibly delisted; no timezone found
$MNK: possibly delisted; no timezone found
$MNM: possibly delisted; no timezone found
$MMAC: possibly delisted; no timezone found
$MN: possibly delisted; no timezone found
$MNRL: possibly delisted; no timezone found
$MNBT: possibly delisted; no timezone found
$MLNT: possibly delisted; no timezone found
$MNRK: possibly delisted; no timezone found
$MM: possibly delisted; no timezone found
$MMRF: possibly delisted; no timezone found
$MNDT: possibly delisted; no timezone found
$MMDM: possibly delisted; no timezone found

20 Failed downloads:
['MLNX', 'MLVF', 'MLNK', 'MMUS', 'MNI', 'MMR', 'MMAT', 'MMP', 'MNK', 'MNM', 'MMAC', 'MN', 'MNRL', 'MNBT', 'MLNT', 'MNRK', 'MM', 'MMRF', 'MNDT', 'MMDM']: possibly delisted; no timezone found
$MON: possibly delisted; no timezone found
$MOCO: possibly delisted; no timezone found
$MNTX: possibly delisted; no timezone found
$MODG: possibly delisted; no timezone found
$MNTA: possibly delisted; no timezone found
$MOSCU: possibly delisted; no timezone found
$MORF: possibly delisted; no timezone found
$MOLX: possibly delisted; no timezone found
$MNTG: possibly delisted; no timezone found
$MODN: possibly delisted; no timezone found
$MOBL: possibly delisted; no timezone found
$MNRTII: possibly delisted; no timezone found
$MNTV: possibly delisted; no timezone found
$MORE: possibly delisted; no timezone found
$MOTR: possibly delisted; no price data found  (1d 2008-01-01 -> 2026-09-26)
$MOG: possibly delisted; no timezone found
$MOFG: possibly delisted; no timezone found
$MONCU: possibly delisted; no timezone found
$MODV: possibly delisted; no timezone found

19 Failed downloads:
['MON', 'MOCO', 'MNTX', 'MODG', 'MNTA', 'MOSCU', 'MORF', 'MOLX', 'MNTG', 'MODN', 'MOBL', 'MNRTII', 'MNTV', 'MORE', 'MOG', 'MOFG', 'MONCU', 'MODV']: possibly delisted; no timezone found
['MOTR']: possibly delisted; no price data found  (1d 2008-01-01 -> 2026-09-26)
$MRNS: possibly delisted; no timezone found
$MRCC: possibly delisted; no timezone found
$MSCD: possibly delisted; no timezone found
$MRVC: possibly delisted; no timezone found
$MSCC: possibly delisted; no timezone found
$MRD: possibly delisted; no timezone found
$MPRA: possibly delisted; no timezone found
$MRIN: possibly delisted; no timezone found
$MR: possibly delisted; no timezone found
$MRUS: possibly delisted; no timezone found
$MRTX: possibly delisted; no timezone found
$MSBF: possibly delisted; no timezone found
$MRSN: possibly delisted; no timezone found
$MRC: possibly delisted; no timezone found
$MRO: possibly delisted; no timezone found
$MPSX: possibly delisted; no timezone found
$MPX: possibly delisted; no timezone found
$MRH: possibly delisted; no timezone found
$MPR: possibly delisted; no timezone found
$MSCG: possibly delisted; no timezone found

20 Failed downloads:
['MRNS', 'MRCC', 'MSCD', 'MRVC', 'MSCC', 'MRD', 'MPRA', 'MRIN', 'MR', 'MRUS', 'MRTX', 'MSBF', 'MRSN', 'MRC', 'MRO', 'MPSX', 'MPX', 'MRH', 'MPR', 'MSCG']: possibly delisted; no timezone found
$MTOR: possibly delisted; no timezone found
$MSON: possibly delisted; no timezone found
$MTGE: possibly delisted; no timezone found
$MSO: possibly delisted; no timezone found
$MTMT: possibly delisted; no timezone found
$MSEG: possibly delisted; no timezone found
$MSDA: possibly delisted; no timezone found
$MSW: possibly delisted; no timezone found
$MSPD: possibly delisted; no timezone found
$MSLP: possibly delisted; no timezone found
$MSGN: possibly delisted; no timezone found
$MSP: possibly delisted; no timezone found
$MTOX: possibly delisted; no timezone found
$MSL: possibly delisted; no timezone found
$MSFG: possibly delisted; no timezone found
$MSCM: possibly delisted; no timezone found
$MTBL: possibly delisted; no timezone found
$MTEM: possibly delisted; no timezone found
$MTEC: possibly delisted; no timezone found

19 Failed downloads:
['MTOR', 'MSON', 'MTGE', 'MSO', 'MTMT', 'MSEG', 'MSDA', 'MSW', 'MSPD', 'MSLP', 'MSGN', 'MSP', 'MTOX', 'MSL', 'MSFG', 'MSCM', 'MTBL', 'MTEM', 'MTEC']: possibly delisted; no timezone found
$MUDS: possibly delisted; no timezone found
$MXIM: possibly delisted; no timezone found
$MYDO: possibly delisted; no timezone found
$MXPT: possibly delisted; no timezone found
$MVPR: possibly delisted; no timezone found
$MVNR: possibly delisted; no price data found  (1d 2008-01-01 -> 2026-09-26)
$MWE: possibly delisted; no timezone found
$MTSC: possibly delisted; no timezone found
$MULN: possibly delisted; no timezone found
$MWW: possibly delisted; no timezone found
$MTRYU: possibly delisted; no timezone found
$MWV: possibly delisted; no timezone found
$MTSN: possibly delisted; no timezone found
$MTTR: possibly delisted; no timezone found
$MULG: possibly delisted; no timezone found
$MULE: possibly delisted; no timezone found
$MWIV: possibly delisted; no timezone found
$MTVC: possibly delisted; no timezone found
$MXWL: possibly delisted; no timezone found

19 Failed downloads:
['MUDS', 'MXIM', 'MYDO', 'MXPT', 'MVPR', 'MWE', 'MTSC', 'MULN', 'MWW', 'MTRYU', 'MWV', 'MTSN', 'MTTR', 'MULG', 'MULE', 'MWIV', 'MTVC', 'MXWL']: possibly delisted; no timezone found
['MVNR']: possibly delisted; no price data found  (1d 2008-01-01 -> 2026-09-26)
$NAFC: possibly delisted; no timezone found
$MYOV: possibly delisted; no timezone found
$NAACU: possibly delisted; no timezone found
$NARI: possibly delisted; no timezone found
$NAPA: possibly delisted; no timezone found
$MYOK: possibly delisted; no timezone found
$NAL: possibly delisted; no timezone found
$MZEI: possibly delisted; no timezone found
$MYEC: possibly delisted; no timezone found
$NBBC: possibly delisted; no timezone found
$NAV: possibly delisted; no timezone found
$N: possibly delisted; no timezone found
$NAME: possibly delisted; no timezone found
$MYRY: possibly delisted; no timezone found
$NAVB: possibly delisted; no timezone found
$MYL: possibly delisted; no timezone found
$NAVG: possibly delisted; no timezone found
$NBAC: possibly delisted; no timezone found
$NACCO: possibly delisted; no timezone found
$NATI: possibly delisted; no timezone found

20 Failed downloads:
['NAFC', 'MYOV', 'NAACU', 'NARI', 'NAPA', 'MYOK', 'NAL', 'MZEI', 'MYEC', 'NBBC', 'NAV', 'N', 'NAME', 'MYRY', 'NAVB', 'MYL', 'NAVG', 'NBAC', 'NACCO', 'NATI']: possibly delisted; no timezone found
$NBLX: possibly delisted; no timezone found
$NBRV: possibly delisted; no timezone found
$NBEV: possibly delisted; no timezone found
$NBCB: possibly delisted; no timezone found
$NBL: possibly delisted; no timezone found
$NCPE: possibly delisted; no timezone found
$NCIT: possibly delisted; no timezone found
$NCPS: possibly delisted; no timezone found
$NEBU: possibly delisted; no timezone found
$NCOM: possibly delisted; no timezone found
$NBTF: possibly delisted; no timezone found
$NCACU: possibly delisted; no timezone found
$NBOFI: possibly delisted; no timezone found
$NDMT: possibly delisted; no timezone found
$NCR: possibly delisted; no timezone found
$NEOS: possibly delisted; no timezone found
$NDAC: possibly delisted; no timezone found
$NEBS: possibly delisted; no timezone found
$NBOH: possibly delisted; no timezone found

19 Failed downloads:
['NBLX', 'NBRV', 'NBEV', 'NBCB', 'NBL', 'NCPE', 'NCIT', 'NCPS', 'NEBU', 'NCOM', 'NBTF', 'NCACU', 'NBOFI', 'NDMT', 'NCR', 'NEOS', 'NDAC', 'NEBS', 'NBOH']: possibly delisted; no timezone found
$NFSB: possibly delisted; no timezone found
$NFP: possibly delisted; no timezone found
$NGHC: possibly delisted; no timezone found
$NEWS: possibly delisted; no timezone found
$NEWR: possibly delisted; no timezone found
$NGC: possibly delisted; no timezone found
$NFNT: possibly delisted; no timezone found
$NEXEO: possibly delisted; no timezone found
$NGBL: possibly delisted; no timezone found
$NEUE: possibly delisted; no timezone found
$NFIN: possibly delisted; no timezone found
$NGLS: possibly delisted; no timezone found
$NIHD: possibly delisted; no timezone found
$NETC: possibly delisted; no timezone found
$NIX: possibly delisted; no price data found  (1d 2008-01-01 -> 2026-09-26)
$NEX: possibly delisted; no timezone found
$NGM: possibly delisted; no timezone found
$NILE: possibly delisted; no timezone found
$NH: possibly delisted; no timezone found
$NES: possibly delisted; no timezone found

20 Failed downloads:
['NFSB', 'NFP', 'NGHC', 'NEWS', 'NEWR', 'NGC', 'NFNT', 'NEXEO', 'NGBL', 'NEUE', 'NFIN', 'NGLS', 'NIHD', 'NETC', 'NEX', 'NGM', 'NILE', 'NH', 'NES']: possibly delisted; no timezone found
['NIX']: possibly delisted; no price data found  (1d 2008-01-01 -> 2026-09-26)
$NLSNNV: possibly delisted; no timezone found
$NOTV: possibly delisted; no timezone found
$NMTR: possibly delisted; no timezone found
$NOVB: possibly delisted; no timezone found
$NKA: possibly delisted; no timezone found
$NOAC: possibly delisted; no timezone found
$NLS: possibly delisted; no timezone found
$NMRX: possibly delisted; no timezone found
$NONE: possibly delisted; no timezone found
$NOR: possibly delisted; no timezone found
$NOVA: possibly delisted; no timezone found
$NOTICKER: possibly delisted; no timezone found
$NLC: possibly delisted; no timezone found
$NLNK: possibly delisted; no timezone found
$NKLA: possibly delisted; no timezone found
$NOGN: possibly delisted; no timezone found
$NOVC: possibly delisted; no timezone found
$NOVL: possibly delisted; no timezone found
$NOVI: possibly delisted; no timezone found
$NLN: possibly delisted; no timezone found

20 Failed downloads:
['NLSNNV', 'NOTV', 'NMTR', 'NOVB', 'NKA', 'NOAC', 'NLS', 'NMRX', 'NONE', 'NOR', 'NOVA', 'NOTICKER', 'NLC', 'NLNK', 'NKLA', 'NOGN', 'NOVC', 'NOVL', 'NOVI', 'NLN']: possibly delisted; no timezone found
$NRTLQ: possibly delisted; no timezone found
$NSLP: possibly delisted; no timezone found
$NPBC: possibly delisted; no timezone found
$NPSP: possibly delisted; no timezone found
$NOVN: possibly delisted; no timezone found
$NRZ: possibly delisted; no timezone found
$NSPH: possibly delisted; no timezone found
$NSAM: possibly delisted; no timezone found
$NRF: possibly delisted; no timezone found
$NR: possibly delisted; no timezone found
$NSM: possibly delisted; no timezone found
$NSH: possibly delisted; no timezone found
$NSFC: possibly delisted; no timezone found
$NSA: possibly delisted; no timezone found
$NPAB: possibly delisted; no timezone found
$NSR: possibly delisted; no timezone found
$NPTN: possibly delisted; no timezone found
$NRAC: possibly delisted; no timezone found
$NS: possibly delisted; no timezone found
$NRCG: possibly delisted; no timezone found

20 Failed downloads:
['NRTLQ', 'NSLP', 'NPBC', 'NPSP', 'NOVN', 'NRZ', 'NSPH', 'NSAM', 'NRF', 'NR', 'NSM', 'NSH', 'NSFC', 'NSA', 'NPAB', 'NSR', 'NPTN', 'NRAC', 'NS', 'NRCG']: possibly delisted; no timezone found
$NSTB: possibly delisted; no timezone found
$NTSP: possibly delisted; no timezone found
$NVEE: possibly delisted; no timezone found
$NVFL: possibly delisted; no timezone found
$NTEC: possibly delisted; no timezone found
$NVFLL: possibly delisted; no timezone found
$NUVA: possibly delisted; no timezone found
$NSSI: possibly delisted; no timezone found
$NST: possibly delisted; no timezone found
$NTGN: possibly delisted; no timezone found
$NTUS: possibly delisted; no timezone found
$NUAN: possibly delisted; no timezone found
$NVGI: possibly delisted; no timezone found
$NTSC: possibly delisted; no timezone found
$NTRI: possibly delisted; no timezone found
$NTKS: possibly delisted; no timezone found
$NTI: possibly delisted; no timezone found
$NTLS: possibly delisted; no timezone found
$NSTG: possibly delisted; no timezone found

19 Failed downloads:
['NSTB', 'NTSP', 'NVEE', 'NVFL', 'NTEC', 'NVFLL', 'NUVA', 'NSSI', 'NST', 'NTGN', 'NTUS', 'NUAN', 'NVGI', 'NTSC', 'NTRI', 'NTKS', 'NTI', 'NTLS', 'NSTG']: possibly delisted; no timezone found
$NVIC: possibly delisted; no timezone found
$NVTR: possibly delisted; no timezone found
$NVLN: possibly delisted; no timezone found
$NVSA: possibly delisted; no timezone found
$NWHM: possibly delisted; no timezone found
$NXTM: possibly delisted; no timezone found
$NYRT: possibly delisted; no timezone found
$NYTE: possibly delisted; no timezone found
$NYSEDEI: possibly delisted; no timezone found
$NWK: possibly delisted; no timezone found
$NVTA: possibly delisted; no timezone found
$NVLS: possibly delisted; no timezone found
$NVRO: possibly delisted; no timezone found
$NYSEADY: possibly delisted; no timezone found
$NVIV: possibly delisted; no timezone found
$NXGN: possibly delisted; no timezone found
$NYCR: possibly delisted; no timezone found
$NWLI: possibly delisted; no timezone found
$NVSL: possibly delisted; no timezone found

19 Failed downloads:
['NVIC', 'NVTR', 'NVLN', 'NVSA', 'NWHM', 'NXTM', 'NYRT', 'NYTE', 'NYSEDEI', 'NWK', 'NVTA', 'NVLS', 'NVRO', 'NYSEADY', 'NVIV', 'NXGN', 'NYCR', 'NWLI', 'NVSL']: possibly delisted; no timezone found
$OCAT: possibly delisted; no timezone found
$OCDX: possibly delisted; no timezone found
$OB: possibly delisted; no timezone found
$OABC: possibly delisted; no timezone found
$ODP: possibly delisted; no timezone found
$NYX: possibly delisted; no price data found  (1d 2008-01-01 -> 2026-09-26)
$OCLR: possibly delisted; no timezone found
$OCRX: possibly delisted; no timezone found
$OACQ: possibly delisted; no timezone found
$OAK: possibly delisted; no timezone found
$OCN: possibly delisted; no timezone found
$OCZ: possibly delisted; no timezone found
$OACBU: possibly delisted; no timezone found
$ODT: possibly delisted; no timezone found
$OCR: possibly delisted; no timezone found
$ODMO: possibly delisted; no timezone found
$OBSA: possibly delisted; no timezone found
$OCIP: possibly delisted; no timezone found

18 Failed downloads:
['OCAT', 'OCDX', 'OB', 'OABC', 'ODP', 'OCLR', 'OCRX', 'OACQ', 'OAK', 'OCN', 'OCZ', 'OACBU', 'ODT', 'OCR', 'ODMO', 'OBSA', 'OCIP']: possibly delisted; no timezone found
['NYX']: possibly delisted; no price data found  (1d 2008-01-01 -> 2026-09-26)
$OMX: possibly delisted; no timezone found
$OLO: possibly delisted; no timezone found
$OMED: possibly delisted; no timezone found
$OLBK: possibly delisted; no timezone found
$OMIF: possibly delisted; no timezone found
$OEDV: possibly delisted; no timezone found
$OFFLP: possibly delisted; no timezone found
$OME: possibly delisted; no timezone found
$OHPA: possibly delisted; no timezone found
$ONCE: possibly delisted; no timezone found
$OMG: possibly delisted; no timezone found
$ONCR: possibly delisted; no timezone found
$OMP: possibly delisted; no timezone found
$OMIC: possibly delisted; no timezone found
$OKS: possibly delisted; no timezone found
$OMPI: possibly delisted; no timezone found
$OMN: possibly delisted; no timezone found
$OKSB: possibly delisted; no timezone found
$OMI: possibly delisted; no timezone found

19 Failed downloads:
['OMX', 'OLO', 'OMED', 'OLBK', 'OMIF', 'OEDV', 'OFFLP', 'OME', 'OHPA', 'ONCE', 'OMG', 'ONCR', 'OMP', 'OMIC', 'OKS', 'OMPI', 'OMN', 'OKSB', 'OMI']: possibly delisted; no timezone found
$ONCS: possibly delisted; no timezone found
$OPTR: possibly delisted; no timezone found
$ONXX: possibly delisted; no timezone found
$ONFC: possibly delisted; no timezone found
$ONE: possibly delisted; no timezone found
$ONTF: possibly delisted; no timezone found
$ORB: possibly delisted; no timezone found
$OPWR: possibly delisted; no timezone found
$OPNT: possibly delisted; no timezone found
$OPLK: possibly delisted; no timezone found
$ONEM: possibly delisted; no timezone found
$ONDK: possibly delisted; no timezone found
$ONCT: possibly delisted; no timezone found
$OPOF: possibly delisted; no timezone found
$OPAY: possibly delisted; no timezone found
$ONTC: possibly delisted; no timezone found
$OPXT: possibly delisted; no price data found  (1d 2008-01-01 -> 2026-09-26)
$ORBC: possibly delisted; no timezone found
$ONYX: possibly delisted; no timezone found
$OPGN: possibly delisted; no timezone found

20 Failed downloads:
['ONCS', 'OPTR', 'ONXX', 'ONFC', 'ONE', 'ONTF', 'ORB', 'OPWR', 'OPNT', 'OPLK', 'ONEM', 'ONDK', 'ONCT', 'OPOF', 'OPAY', 'ONTC', 'ORBC', 'ONYX', 'OPGN']: possibly delisted; no timezone found
['OPXT']: possibly delisted; no price data found  (1d 2008-01-01 -> 2026-09-26)
$OREX: possibly delisted; no timezone found
$OSH: possibly delisted; no timezone found
$OTEL: possibly delisted; no timezone found
$OUTR: possibly delisted; no timezone found
$ORIA: possibly delisted; no timezone found
$ORFR: possibly delisted; no timezone found
$ORGN: possibly delisted; no timezone found
$ORIT: possibly delisted; no timezone found
$OUTD: possibly delisted; no timezone found
$ORCC: possibly delisted; no timezone found
$OSIR: possibly delisted; no timezone found
$OSTRU: possibly delisted; no timezone found
$OSHC: possibly delisted; no timezone found
$ORM: possibly delisted; no timezone found
$OVTI: possibly delisted; no timezone found
$ORTX: possibly delisted; no timezone found
$OTIV: possibly delisted; no timezone found
$OTRK: possibly delisted; no timezone found
$OSIUN: possibly delisted; no timezone found
$OTIC: possibly delisted; no timezone found

20 Failed downloads:
['OREX', 'OSH', 'OTEL', 'OUTR', 'ORIA', 'ORFR', 'ORGN', 'ORIT', 'OUTD', 'ORCC', 'OSIR', 'OSTRU', 'OSHC', 'ORM', 'OVTI', 'ORTX', 'OTIV', 'OTRK', 'OSIUN', 'OTIC']: possibly delisted; no timezone found
$PAND: possibly delisted; no timezone found
$OYST: possibly delisted; no timezone found
$PACD: possibly delisted; no timezone found
$PACQ: possibly delisted; no timezone found
$PANA: possibly delisted; no timezone found
$PACW: possibly delisted; no timezone found
$PAE: possibly delisted; no timezone found
$PACEU: possibly delisted; no timezone found
$OXDG: possibly delisted; no timezone found
$OWW: possibly delisted; no timezone found
$OXFD: possibly delisted; no timezone found
$OXPS: possibly delisted; no timezone found
$PACR: possibly delisted; no timezone found
$OZRK: possibly delisted; no timezone found
$PACX: possibly delisted; no timezone found
$OXF: possibly delisted; no timezone found

16 Failed downloads:
['PAND', 'OYST', 'PACD', 'PACQ', 'PANA', 'PACW', 'PAE', 'PACEU', 'OXDG', 'OWW', 'OXFD', 'OXPS', 'PACR', 'OZRK', 'PACX', 'OXF']: possibly delisted; no timezone found
$PBOX: possibly delisted; no timezone found
$PANEX: possibly delisted; no timezone found
$PBCT: possibly delisted; no timezone found
$PBFX: possibly delisted; no timezone found
$PBPB: possibly delisted; no timezone found
$PAYA: possibly delisted; no timezone found
$PBSK: possibly delisted; no timezone found
$PBTH: possibly delisted; no timezone found
$PBY: possibly delisted; no timezone found
$PAQC: possibly delisted; no timezone found
$PBG: possibly delisted; no timezone found
$PBIP: possibly delisted; no timezone found

12 Failed downloads:
['PBOX', 'PANEX', 'PBCT', 'PBFX', 'PBPB', 'PAYA', 'PBSK', 'PBTH', 'PBY', 'PAQC', 'PBG', 'PBIP']: possibly delisted; no timezone found
$PCSB: possibly delisted; no timezone found
$PDE: possibly delisted; no timezone found
$PDCE: possibly delisted; no timezone found
$PCH: possibly delisted; no timezone found
$PCBC: possibly delisted; no timezone found
$PCX: possibly delisted; no timezone found
$PCTI: possibly delisted; no timezone found
$PCMI: possibly delisted; no timezone found
$PCP: possibly delisted; no timezone found
$PCFP: possibly delisted; no timezone found
$PDCO: possibly delisted; no timezone found
$PDH: possibly delisted; no timezone found
$PCYC: possibly delisted; no timezone found
$PCBK: possibly delisted; no timezone found
$PCO: possibly delisted; no timezone found
$PDLI: possibly delisted; no timezone found

16 Failed downloads:
['PCSB', 'PDE', 'PDCE', 'PCH', 'PCBC', 'PCX', 'PCTI', 'PCMI', 'PCP', 'PCFP', 'PDCO', 'PDH', 'PCYC', 'PCBK', 'PCO', 'PDLI']: possibly delisted; no timezone found
$PEGI: possibly delisted; no timezone found
$PEBC: possibly delisted; no timezone found
$PENX: possibly delisted; no timezone found
$PEET: possibly delisted; no timezone found
$PDOT: possibly delisted; no timezone found
$PEAR: possibly delisted; no timezone found
$PE: possibly delisted; no timezone found
$PEGRU: possibly delisted; no timezone found
$PEAK: possibly delisted; no timezone found

9 Failed downloads:
['PEGI', 'PEBC', 'PENX', 'PEET', 'PDOT', 'PEAR', 'PE', 'PEGRU', 'PEAK']: possibly delisted; no timezone found
$PFDR: possibly delisted; no timezone found
$PETX: possibly delisted; no timezone found
$PFGB: possibly delisted; no timezone found
$PETM: possibly delisted; no timezone found
$PEOP: possibly delisted; no timezone found
$PFHD: possibly delisted; no timezone found
$PES: possibly delisted; no timezone found
$PERY: possibly delisted; no timezone found
$PFIE: possibly delisted; no timezone found
$PFC: possibly delisted; no timezone found
$PFCB: possibly delisted; no timezone found
$PFMT: possibly delisted; no timezone found
$PFBI: possibly delisted; no timezone found
$PETQ: possibly delisted; no timezone found

14 Failed downloads:
['PFDR', 'PETX', 'PFGB', 'PETM', 'PEOP', 'PFHD', 'PES', 'PERY', 'PFIE', 'PFC', 'PFCB', 'PFMT', 'PFBI', 'PETQ']: possibly delisted; no timezone found
$PGNX: possibly delisted; no timezone found
$PFNS: possibly delisted; no timezone found
$PFSW: possibly delisted; no timezone found
$PGRE: possibly delisted; no timezone found
$PFSD: possibly delisted; no timezone found
$PGEM: possibly delisted; no timezone found
$PFPT: possibly delisted; no timezone found
$PGCG: possibly delisted; no timezone found
$PFTAU: possibly delisted; no timezone found
$PGLC: possibly delisted; no timezone found
$PFNX: possibly delisted; no timezone found
$PGN: possibly delisted; no timezone found
$PGI: possibly delisted; no timezone found
$PGND: possibly delisted; no timezone found

14 Failed downloads:
['PGNX', 'PFNS', 'PFSW', 'PGRE', 'PFSD', 'PGEM', 'PFPT', 'PGCG', 'PFTAU', 'PGLC', 'PFNX', 'PGN', 'PGI', 'PGND']: possibly delisted; no timezone found
$PICC: possibly delisted; no timezone found
$PIKE: possibly delisted; no timezone found
$PING: possibly delisted; no timezone found
$PGTI: possibly delisted; no timezone found
$PHH: possibly delisted; no timezone found
$PHOT: possibly delisted; no timezone found
$PGSY: possibly delisted; no timezone found
$PHX: possibly delisted; no timezone found
$PIAI: possibly delisted; no timezone found
$PHAS: possibly delisted; no timezone found
$PHII: possibly delisted; no timezone found

11 Failed downloads:
['PICC', 'PIKE', 'PING', 'PGTI', 'PHH', 'PHOT', 'PGSY', 'PHX', 'PIAI', 'PHAS', 'PHII']: possibly delisted; no timezone found
$PLAN: possibly delisted; no timezone found
$PKST: possibly delisted; no timezone found
$PLAYTIKA: possibly delisted; no timezone found
$PKT: possibly delisted; no timezone found
$PLCM: possibly delisted; no timezone found
$PKY: possibly delisted; no timezone found
$PLAD: possibly delisted; no timezone found
$PIR: possibly delisted; no timezone found
$PKD: possibly delisted; no timezone found
$PIPP: possibly delisted; no timezone found

10 Failed downloads:
['PLAN', 'PKST', 'PLAYTIKA', 'PKT', 'PLCM', 'PKY', 'PLAD', 'PIR', 'PKD', 'PIPP']: possibly delisted; no timezone found
$PLFE: possibly delisted; no timezone found
$PLY: possibly delisted; no price data found  (1d 2008-01-01 -> 2026-09-26)
$PLPM: possibly delisted; no timezone found
$PLL: possibly delisted; no timezone found
$PLMT: possibly delisted; no timezone found
$PLSB: possibly delisted; no timezone found
$PLHI: possibly delisted; no timezone found
$PLXT: possibly delisted; no timezone found
$PLNHF: possibly delisted; no timezone found
$PLKI: possibly delisted; no timezone found

10 Failed downloads:
['PLFE', 'PLPM', 'PLL', 'PLMT', 'PLSB', 'PLHI', 'PLXT', 'PLNHF', 'PLKI']: possibly delisted; no timezone found
['PLY']: possibly delisted; no price data found  (1d 2008-01-01 -> 2026-09-26)
$PMBC: possibly delisted; no timezone found
$PMCS: possibly delisted; no timezone found
$PME: possibly delisted; no timezone found
$PMC: possibly delisted; no timezone found
$PMVCD: possibly delisted; no timezone found
$PLYM: possibly delisted; no timezone found
$PLYA: possibly delisted; no timezone found
$PMD: possibly delisted; no timezone found
$PMHG: possibly delisted; no timezone found
$PMCM: possibly delisted; no timezone found
$PMFG: possibly delisted; no timezone found
$PMVC: possibly delisted; no timezone found
$PMTI: possibly delisted; no timezone found
$PNAT: possibly delisted; no timezone found

14 Failed downloads:
['PMBC', 'PMCS', 'PME', 'PMC', 'PMVCD', 'PLYM', 'PLYA', 'PMD', 'PMHG', 'PMCM', 'PMFG', 'PMVC', 'PMTI', 'PNAT']: possibly delisted; no timezone found
$PNTV: possibly delisted; no timezone found
$PNY: possibly delisted; no timezone found
$PNCLQ: possibly delisted; no timezone found
$PNTM: possibly delisted; no timezone found
$PNT: possibly delisted; no timezone found
$PNXE: possibly delisted; no timezone found
$PNRA: possibly delisted; no timezone found
$PNX: possibly delisted; no timezone found
$PNST: possibly delisted; no timezone found
$PNSN: possibly delisted; no timezone found
$PNG: possibly delisted; no timezone found
$PNM: possibly delisted; no timezone found
$PNK: possibly delisted; no timezone found

13 Failed downloads:
['PNTV', 'PNY', 'PNCLQ', 'PNTM', 'PNT', 'PNXE', 'PNRA', 'PNX', 'PNST', 'PNSN', 'PNG', 'PNM', 'PNK']: possibly delisted; no timezone found
$PPGH: possibly delisted; no timezone found
$POPE: possibly delisted; no timezone found
$POSH: possibly delisted; no timezone found
$PPDI: possibly delisted; no timezone found
$POL: possibly delisted; no timezone found
$POLY: possibly delisted; no timezone found
$POTO: possibly delisted; no timezone found
$POZN: possibly delisted; no timezone found
$PPBI: possibly delisted; no timezone found
$PODS: possibly delisted; no timezone found
$POTG: possibly delisted; no timezone found

11 Failed downloads:
['PPGH', 'POPE', 'POSH', 'PPDI', 'POL', 'POLY', 'POTO', 'POZN', 'PPBI', 'PODS', 'POTG']: possibly delisted; no timezone found
$PRCP: possibly delisted; no timezone found
$PPS: possibly delisted; no timezone found
$PRAH: possibly delisted; no timezone found
$PRA: possibly delisted; no timezone found
$PQ: possibly delisted; no timezone found
$PPO: possibly delisted; no timezone found
$PRED: possibly delisted; no timezone found

7 Failed downloads:
['PRCP', 'PPS', 'PRAH', 'PRA', 'PQ', 'PPO', 'PRED']: possibly delisted; no timezone found
$PRLH: possibly delisted; no timezone found
$PRMW: possibly delisted; no timezone found
$PRO: possibly delisted; no timezone found
$PRGB: possibly delisted; no timezone found
$PRGX: possibly delisted; no timezone found
$PRFT: possibly delisted; no timezone found
$PRNB: possibly delisted; no timezone found
$PRET: possibly delisted; no timezone found
$PROJ: possibly delisted; no price data found  (1d 2008-01-01 -> 2026-09-26)

9 Failed downloads:
['PRLH', 'PRMW', 'PRO', 'PRGB', 'PRGX', 'PRFT', 'PRNB', 'PRET']: possibly delisted; no timezone found
['PROJ']: possibly delisted; no price data found  (1d 2008-01-01 -> 2026-09-26)
$PRSR: possibly delisted; no timezone found
$PRPC: possibly delisted; no timezone found
$PRSX: possibly delisted; no timezone found
$PROS: possibly delisted; no timezone found
$PROSPER: possibly delisted; no timezone found
$PRSP: possibly delisted; no timezone found
$PRSS: possibly delisted; no timezone found
$PRPB: possibly delisted; no timezone found

8 Failed downloads:
['PRSR', 'PRPC', 'PRSX', 'PROS', 'PROSPER', 'PRSP', 'PRSS', 'PRPB']: possibly delisted; no timezone found
$PRVB: possibly delisted; no timezone found
$PSE: possibly delisted; no timezone found
$PRX: possibly delisted; no timezone found
$PSAGU: possibly delisted; no timezone found
$PRVL: possibly delisted; no timezone found
$PRTK: possibly delisted; no timezone found
$PSDO: possibly delisted; no timezone found
$PSMI: possibly delisted; no timezone found
$PSEM: possibly delisted; no timezone found
$PRXL: possibly delisted; no timezone found
$PRTY: possibly delisted; no timezone found

11 Failed downloads:
['PRVB', 'PSE', 'PRX', 'PSAGU', 'PRVL', 'PRTK', 'PSDO', 'PSMI', 'PSEM', 'PRXL', 'PRTY']: possibly delisted; no timezone found
$PSUN: possibly delisted; no timezone found
$PSPC: possibly delisted; no timezone found
$PSTB: possibly delisted; no timezone found
$PSPPRX: possibly delisted; no timezone found
$PTE: possibly delisted; no timezone found
$PSS: possibly delisted; no timezone found
$PTI: possibly delisted; no timezone found
$PSTX: possibly delisted; no timezone found
$PSSI: possibly delisted; no timezone found
$PTIC: possibly delisted; no timezone found
$PSTG: possibly delisted; no timezone found
$PSTH: possibly delisted; no timezone found

12 Failed downloads:
['PSUN', 'PSPC', 'PSTB', 'PSPPRX', 'PTE', 'PSS', 'PTI', 'PSTX', 'PSSI', 'PTIC', 'PSTG', 'PSTH']: possibly delisted; no timezone found
$PTRY: possibly delisted; no timezone found
$PTLA: possibly delisted; no timezone found
$PTOC: possibly delisted; no timezone found
$PTVC: possibly delisted; no timezone found
$PTSI: possibly delisted; no timezone found
$PTPRO: possibly delisted; no timezone found
$PTX: possibly delisted; no timezone found
$PTRA: possibly delisted; no timezone found
$PTRS: possibly delisted; no timezone found
$PTP: possibly delisted; no timezone found
$PTVE: possibly delisted; no timezone found
$PTXP: possibly delisted; no timezone found

12 Failed downloads:
['PTRY', 'PTLA', 'PTOC', 'PTVC', 'PTSI', 'PTPRO', 'PTX', 'PTRA', 'PTRS', 'PTP', 'PTVE', 'PTXP']: possibly delisted; no timezone found
$PXD: possibly delisted; no timezone found
$PWON: possibly delisted; no timezone found
$PWX: possibly delisted; no timezone found
$PV: possibly delisted; no timezone found
$PVBC: possibly delisted; no timezone found
$PVR: possibly delisted; no timezone found
$PVTL: possibly delisted; no timezone found
$PWSC: possibly delisted; no timezone found
$PVTB: possibly delisted; no timezone found
$PWOD: possibly delisted; no timezone found
$PVFC: possibly delisted; no timezone found
$PX: possibly delisted; no timezone found
$PWAV: possibly delisted; no timezone found

13 Failed downloads:
['PXD', 'PWON', 'PWX', 'PV', 'PVBC', 'PVR', 'PVTL', 'PWSC', 'PVTB', 'PWOD', 'PVFC', 'PX', 'PWAV']: possibly delisted; no timezone found
$QFTA: possibly delisted; no timezone found
$QES: possibly delisted; no timezone found
$QDRO: possibly delisted; no timezone found
$PYX: possibly delisted; no timezone found
$QHC: possibly delisted; no timezone found
$PZN: possibly delisted; no timezone found
$QEP: possibly delisted; no timezone found
$QADA: possibly delisted; no timezone found
$PYMX: possibly delisted; no timezone found
$QCP: possibly delisted; no timezone found
$PXP: possibly delisted; no timezone found
$PYCR: possibly delisted; no timezone found
$QCOR: possibly delisted; no timezone found
$QEPM: possibly delisted; no timezone found
$QBAN: possibly delisted; no timezone found

15 Failed downloads:
['QFTA', 'QES', 'QDRO', 'PYX', 'QHC', 'PZN', 'QEP', 'QADA', 'PYMX', 'QCP', 'PXP', 'PYCR', 'QCOR', 'QEPM', 'QBAN']: possibly delisted; no timezone found
$QTM: possibly delisted; no timezone found
$QNGY: possibly delisted; no timezone found
$QTNA: possibly delisted; no timezone found
$QRE: possibly delisted; no timezone found
$QLGC: possibly delisted; no timezone found
$QSP: possibly delisted; no price data found  (1d 2008-01-01 -> 2026-09-26)
$QLIK: possibly delisted; no timezone found
$QTEK: possibly delisted; no timezone found
$QSFT: possibly delisted; no timezone found

9 Failed downloads:
['QTM', 'QNGY', 'QTNA', 'QRE', 'QLGC', 'QLIK', 'QTEK', 'QSFT']: possibly delisted; no timezone found
['QSP']: possibly delisted; no price data found  (1d 2008-01-01 -> 2026-09-26)
$QUMU: possibly delisted; no timezone found
$QVCGP: possibly delisted; no timezone found
$QTS: possibly delisted; no timezone found
$RAI: possibly delisted; no timezone found
$RADI: possibly delisted; no timezone found
$RAH: possibly delisted; no timezone found
$QTNT: possibly delisted; no timezone found
$QUOT: possibly delisted; no timezone found
$RAD: possibly delisted; no timezone found
$QTWW: possibly delisted; no timezone found

10 Failed downloads:
['QUMU', 'QVCGP', 'QTS', 'RAI', 'RADI', 'RAH', 'QTNT', 'QUOT', 'RAD', 'QTWW']: possibly delisted; no timezone found
$RARX: possibly delisted; no timezone found
$RBAC: possibly delisted; no timezone found
$RBNC: possibly delisted; no timezone found
$RAVN: possibly delisted; no timezone found
$RBLG: possibly delisted; no timezone found
$RAPT: possibly delisted; no timezone found
$RAX: possibly delisted; no timezone found
$RATE: possibly delisted; no timezone found
$RALY: possibly delisted; no timezone found
$RAS: possibly delisted; no timezone found
$RBN: possibly delisted; no timezone found

11 Failed downloads:
['RARX', 'RBAC', 'RBNC', 'RAVN', 'RBLG', 'RAPT', 'RAX', 'RATE', 'RALY', 'RAS', 'RBN']: possibly delisted; no timezone found
$RBPA: possibly delisted; no timezone found
$RCOR: possibly delisted; no timezone found
$RBT: possibly delisted; no timezone found
$RCPI: possibly delisted; no timezone found
$RCHG: possibly delisted; no timezone found
$RCPT: possibly delisted; no timezone found
$RCAP: possibly delisted; no timezone found
$RCAC: possibly delisted; no timezone found

8 Failed downloads:
['RBPA', 'RCOR', 'RBT', 'RCPI', 'RCHG', 'RCPT', 'RCAP', 'RCAC']: possibly delisted; no timezone found
$RDUS: possibly delisted; no timezone found
$RDEA: possibly delisted; no price data found  (1d 2008-01-01 -> 2026-09-26)
$RDC: possibly delisted; no timezone found
$RDFN: possibly delisted; no timezone found
$REBL: possibly delisted; no timezone found
$RDMP: possibly delisted; no timezone found
$RDEN: possibly delisted; no timezone found

7 Failed downloads:
['RDUS', 'RDC', 'RDFN', 'REBL', 'RDMP', 'RDEN']: possibly delisted; no timezone found
['RDEA']: possibly delisted; no price data found  (1d 2008-01-01 -> 2026-09-26)
$RETA: possibly delisted; no timezone found
$REMY: possibly delisted; no timezone found
$REP: possibly delisted; no timezone found
$RESN: possibly delisted; no timezone found
$RELI: possibly delisted; no timezone found
$REGI: possibly delisted; no timezone found
$REV: possibly delisted; no timezone found
$REVG: possibly delisted; no timezone found
$REVH: possibly delisted; no timezone found
$REN: possibly delisted; no timezone found
$REVO: possibly delisted; no timezone found
$REIS: possibly delisted; no timezone found

12 Failed downloads:
['RETA', 'REMY', 'REP', 'RESN', 'RELI', 'REGI', 'REV', 'REVG', 'REVH', 'REN', 'REVO', 'REIS']: possibly delisted; no timezone found
$RFP: possibly delisted; no timezone found
$REVV: possibly delisted; no timezone found
$RGSE: possibly delisted; no timezone found
$RGLS: possibly delisted; no timezone found
$RFMD: possibly delisted; no timezone found
$REXX: possibly delisted; no timezone found
$REXI: possibly delisted; no timezone found

7 Failed downloads:
['RFP', 'REVV', 'RGSE', 'RGLS', 'RFMD', 'REXX', 'REXI']: possibly delisted; no timezone found
$RKLY: possibly delisted; no timezone found
$RIVE: possibly delisted; no timezone found
$RIHC: possibly delisted; no timezone found
$RICE: possibly delisted; no timezone found
$RHT: possibly delisted; no timezone found
$RJAC: possibly delisted; no timezone found
$RIGP: possibly delisted; no timezone found

7 Failed downloads:
['RKLY', 'RIVE', 'RIHC', 'RICE', 'RHT', 'RJAC', 'RIGP']: possibly delisted; no timezone found
$RMGN: possibly delisted; no timezone found
$RKUS: possibly delisted; no timezone found
$RLH: possibly delisted; no timezone found
$RLD: possibly delisted; no timezone found
$RLOC: possibly delisted; no timezone found
$RLJE: possibly delisted; no timezone found
$RLYP: possibly delisted; no timezone found
$RMGB: possibly delisted; no timezone found
$RLOG: possibly delisted; no timezone found
$RLJA: possibly delisted; no timezone found
$RKTA: possibly delisted; no timezone found
$RMCP: possibly delisted; no timezone found
$RMGC: possibly delisted; no timezone found

13 Failed downloads:
['RMGN', 'RKUS', 'RLH', 'RLD', 'RLOC', 'RLJE', 'RLYP', 'RMGB', 'RLOG', 'RLJA', 'RKTA', 'RMCP', 'RMGC']: possibly delisted; no timezone found
$RNDB: possibly delisted; no timezone found
$RNDY: possibly delisted; no timezone found
$RMKR: possibly delisted; no timezone found
$RNF: possibly delisted; no timezone found
$RNER: possibly delisted; no timezone found
$RMO: possibly delisted; no timezone found
$RMTR: possibly delisted; no timezone found
$RMP: possibly delisted; no timezone found
$RNET: possibly delisted; no timezone found

9 Failed downloads:
['RNDB', 'RNDY', 'RMKR', 'RNF', 'RNER', 'RMO', 'RMTR', 'RMP', 'RNET']: possibly delisted; no timezone found
$RNWK: possibly delisted; no timezone found
$ROSE: possibly delisted; no timezone found
$ROVR: possibly delisted; no timezone found
$ROCM: possibly delisted; no timezone found
$ROIC: possibly delisted; no timezone found
$ROCC: possibly delisted; no timezone found
$ROI: possibly delisted; no timezone found
$ROVI: possibly delisted; no timezone found
$ROCH: possibly delisted; no timezone found
$ROAN: possibly delisted; no timezone found
$ROIQU: possibly delisted; no timezone found
$ROHI: possibly delisted; no timezone found

12 Failed downloads:
['RNWK', 'ROSE', 'ROVR', 'ROCM', 'ROIC', 'ROCC', 'ROI', 'ROVI', 'ROCH', 'ROAN', 'ROIQU', 'ROHI']: possibly delisted; no timezone found
$RREIO: possibly delisted; no timezone found
$RPXC: possibly delisted; no timezone found
$RRAC: possibly delisted; no timezone found
$RREOPPTYREIT: possibly delisted; no timezone found
$RPTP: possibly delisted; no timezone found
$RPLA: possibly delisted; no timezone found
$RPTX: possibly delisted; no timezone found
$RPAI: possibly delisted; no timezone found
$RP: possibly delisted; no timezone found
$RRD: possibly delisted; no timezone found
$RREOPPTYREITII: possibly delisted; no timezone found

11 Failed downloads:
['RREIO', 'RPXC', 'RRAC', 'RREOPPTYREIT', 'RPTP', 'RPLA', 'RPTX', 'RPAI', 'RP', 'RRD', 'RREOPPTYREITII']: possibly delisted; no timezone found
$RSLS: possibly delisted; no timezone found
$RST: possibly delisted; no timezone found
$RT: possibly delisted; no timezone found
$RSTI: possibly delisted; no timezone found
$RSH: possibly delisted; no timezone found
$RSE: possibly delisted; no timezone found
$RRRMS: possibly delisted; no timezone found
$RSPP: possibly delisted; no timezone found
$RTEC: possibly delisted; no timezone found
$RSYS: possibly delisted; no timezone found
$RTAS: possibly delisted; no timezone found
$RTI: possibly delisted; no timezone found

12 Failed downloads:
['RSLS', 'RST', 'RT', 'RSTI', 'RSH', 'RSE', 'RRRMS', 'RSPP', 'RTEC', 'RSYS', 'RTAS', 'RTI']: possibly delisted; no timezone found
$RTN: possibly delisted; no timezone found
$RVLT: possibly delisted; no timezone found
$RTIX: possibly delisted; no timezone found
$RVA: possibly delisted; no price data found  (1d 2008-01-01 -> 2026-09-26)
$RTK: possibly delisted; no timezone found
$RUBY: possibly delisted; no timezone found
$RVIC: possibly delisted; no timezone found
$RUE: possibly delisted; no timezone found
$RUTH: possibly delisted; no timezone found
$RVBD: possibly delisted; no timezone found
$RTW: possibly delisted; no timezone found
$RTL: possibly delisted; no timezone found
$RTLR: possibly delisted; no timezone found
$RVLP: possibly delisted; no timezone found

14 Failed downloads:
['RTN', 'RVLT', 'RTIX', 'RTK', 'RUBY', 'RVIC', 'RUE', 'RUTH', 'RVBD', 'RTW', 'RTL', 'RTLR', 'RVLP']: possibly delisted; no timezone found
['RVA']: possibly delisted; no price data found  (1d 2008-01-01 -> 2026-09-26)
$RXRA: possibly delisted; no timezone found
$RYI: possibly delisted; no timezone found
$RVNC: possibly delisted; no timezone found
$RYL: possibly delisted; no timezone found
$RVR: possibly delisted; no timezone found
$RVRA: possibly delisted; no timezone found
$RWGE: possibly delisted; no timezone found
$RXDX: possibly delisted; no timezone found
$RVM: possibly delisted; no timezone found

9 Failed downloads:
['RXRA', 'RYI', 'RVNC', 'RYL', 'RVR', 'RVRA', 'RWGE', 'RXDX', 'RVM']: possibly delisted; no timezone found
$SAFM: possibly delisted; no timezone found
$RZOR: possibly delisted; no timezone found
$SAAS: possibly delisted; no timezone found
$RYUN: possibly delisted; no timezone found
$SAGI: possibly delisted; no timezone found
$SAGE: possibly delisted; no timezone found
$SAEX: possibly delisted; no timezone found

7 Failed downloads:
['SAFM', 'RZOR', 'SAAS', 'RYUN', 'SAGI', 'SAGE', 'SAEX']: possibly delisted; no timezone found
$SBCP: possibly delisted; no timezone found
$SALE: possibly delisted; no timezone found
$SARA: possibly delisted; no timezone found
$SAPE: possibly delisted; no timezone found
$SAMA: possibly delisted; no timezone found
$SAL: possibly delisted; no timezone found
$SBBX: possibly delisted; no timezone found
$SBCI: possibly delisted; no timezone found
$SASR: possibly delisted; no timezone found
$SAVE: possibly delisted; no timezone found
$SATS: possibly delisted; no timezone found
$SBBP: possibly delisted; no timezone found
$SAVB: possibly delisted; no timezone found
$SATC: possibly delisted; no timezone found

14 Failed downloads:
['SBCP', 'SALE', 'SARA', 'SAPE', 'SAMA', 'SAL', 'SBBX', 'SBCI', 'SASR', 'SAVE', 'SATS', 'SBBP', 'SAVB', 'SATC']: possibly delisted; no timezone found
$SBSAA: possibly delisted; no timezone found
$SCACU: possibly delisted; no timezone found
$SBX: possibly delisted; no timezone found
$SBT: possibly delisted; no timezone found
$SBY: possibly delisted; no timezone found
$SBOW: possibly delisted; no timezone found
$SBFC: possibly delisted; no timezone found
$SCAQ: possibly delisted; no timezone found
$SCG: possibly delisted; no timezone found
$SCAI: possibly delisted; no timezone found
$SCCM: possibly delisted; no timezone found
$SC: possibly delisted; no timezone found
$SBIB: possibly delisted; no timezone found

13 Failed downloads:
['SBSAA', 'SCACU', 'SBX', 'SBT', 'SBY', 'SBOW', 'SBFC', 'SCAQ', 'SCG', 'SCAI', 'SCCM', 'SC', 'SBIB']: possibly delisted; no timezone found
$SCS: possibly delisted; no timezone found
$SCPL: possibly delisted; no timezone found
$SCPE: possibly delisted; no timezone found
$SCOA: possibly delisted; no timezone found
$SCLE: possibly delisted; no timezone found
$SCLN: possibly delisted; no timezone found
$SCIL: possibly delisted; no timezone found
$SCRM: possibly delisted; no timezone found
$SCMR: possibly delisted; no timezone found
$SCOB: possibly delisted; no timezone found
$SCMP: possibly delisted; no timezone found
$SCPH: possibly delisted; no timezone found
$SCNB: possibly delisted; no timezone found

13 Failed downloads:
['SCS', 'SCPL', 'SCPE', 'SCOA', 'SCLE', 'SCLN', 'SCIL', 'SCRM', 'SCMR', 'SCOB', 'SCMP', 'SCPH', 'SCNB']: possibly delisted; no timezone found
$SDC: possibly delisted; no timezone found
$SDWL: possibly delisted; no timezone found
$SCVX: possibly delisted; no timezone found
$SCTY: possibly delisted; no timezone found
$SCTL: possibly delisted; no timezone found
$SDIR: possibly delisted; no timezone found
$SCVL: possibly delisted; no timezone found
$SDSP: possibly delisted; no timezone found
$SCWX: possibly delisted; no timezone found
$SCUA: possibly delisted; no timezone found
$SDAC: possibly delisted; no timezone found
$SCU: possibly delisted; no timezone found
$SDPI: possibly delisted; no timezone found

13 Failed downloads:
['SDC', 'SDWL', 'SCVX', 'SCTY', 'SCTL', 'SDIR', 'SCVL', 'SDSP', 'SCWX', 'SCUA', 'SDAC', 'SCU', 'SDPI']: possibly delisted; no timezone found
$SEDAU: possibly delisted; no price data found  (1d 2008-01-01 -> 2026-09-26)
$SEM: possibly delisted; no timezone found
$SEE: possibly delisted; no timezone found
$SEP: possibly delisted; no timezone found
$SEH: possibly delisted; no timezone found
$SEMR: possibly delisted; no timezone found

6 Failed downloads:
['SEDAU']: possibly delisted; no price data found  (1d 2008-01-01 -> 2026-09-26)
['SEM', 'SEE', 'SEP', 'SEH', 'SEMR']: possibly delisted; no timezone found
$SGBI: possibly delisted; no timezone found
$SFE: possibly delisted; no timezone found
$SFSF: possibly delisted; no timezone found
$SFXE: possibly delisted; no timezone found
$SFG: possibly delisted; no timezone found
$SFMI: possibly delisted; no timezone found
$SFR: possibly delisted; no timezone found
$SFAR: possibly delisted; no timezone found
$SFS: possibly delisted; no timezone found
$SFLY: possibly delisted; no timezone found
$SFT: possibly delisted; no timezone found

11 Failed downloads:
['SGBI', 'SFE', 'SFSF', 'SFXE', 'SFG', 'SFMI', 'SFR', 'SFAR', 'SFS', 'SFLY', 'SFT']: possibly delisted; no timezone found
$SGFY: possibly delisted; no timezone found
$SGII: possibly delisted; no timezone found
$SGM: possibly delisted; no timezone found
$SGTX: possibly delisted; no timezone found
$SGMO: possibly delisted; no timezone found
$SGEN: possibly delisted; no timezone found
$SGMA: possibly delisted; no timezone found
$SGNT: possibly delisted; no timezone found
$SGK: possibly delisted; no timezone found
$SGYP: possibly delisted; no timezone found
$SGZH: possibly delisted; no timezone found
$SGMZ: possibly delisted; no timezone found
$SGY: possibly delisted; no timezone found

13 Failed downloads:
['SGFY', 'SGII', 'SGM', 'SGTX', 'SGMO', 'SGEN', 'SGMA', 'SGNT', 'SGK', 'SGYP', 'SGZH', 'SGMZ', 'SGY']: possibly delisted; no timezone found
$SHPW: possibly delisted; no timezone found
$SHCR: possibly delisted; no timezone found
$SHLM: possibly delisted; no timezone found
$SHFL: possibly delisted; no timezone found
$SHCO: possibly delisted; no timezone found
$SHPGF: possibly delisted; no timezone found
$SHAP: possibly delisted; no timezone found
$SHAW: possibly delisted; no price data found  (1d 2008-01-01 -> 2026-09-26)
$SHF: possibly delisted; no timezone found
$SHLX: possibly delisted; no timezone found
$SHLO: possibly delisted; no timezone found
$SHOR: possibly delisted; no timezone found

12 Failed downloads:
['SHPW', 'SHCR', 'SHLM', 'SHFL', 'SHCO', 'SHPGF', 'SHAP', 'SHF', 'SHLX', 'SHLO', 'SHOR']: possibly delisted; no timezone found
['SHAW']: possibly delisted; no price data found  (1d 2008-01-01 -> 2026-09-26)
$SIAF: possibly delisted; no timezone found
$SHSP: possibly delisted; no timezone found
$SHS: possibly delisted; no timezone found
$SIBC: possibly delisted; no timezone found
$SIAL: possibly delisted; no timezone found
$SIEN: possibly delisted; no timezone found
$SHQA: possibly delisted; no timezone found
$SILK: possibly delisted; no timezone found
$SIGM: possibly delisted; no timezone found
$SHYF: possibly delisted; no timezone found
$SHZ: possibly delisted; no price data found  (1d 2008-01-01 -> 2026-09-26)

11 Failed downloads:
['SIAF', 'SHSP', 'SHS', 'SIBC', 'SIAL', 'SIEN', 'SHQA', 'SILK', 'SIGM', 'SHYF']: possibly delisted; no timezone found
['SHZ']: possibly delisted; no price data found  (1d 2008-01-01 -> 2026-09-26)
$SIMH: possibly delisted; no timezone found
$SITO: possibly delisted; no timezone found
$SIOX: possibly delisted; no timezone found
$SJI: possibly delisted; no timezone found
$SIMU: possibly delisted; no timezone found
$SIMG: possibly delisted; no timezone found
$SKGR: possibly delisted; no timezone found
$SIX: possibly delisted; no timezone found
$SIR: possibly delisted; no timezone found
$SIRO: possibly delisted; no timezone found
$SIVB: possibly delisted; no timezone found

11 Failed downloads:
['SIMH', 'SITO', 'SIOX', 'SJI', 'SIMU', 'SIMG', 'SKGR', 'SIX', 'SIR', 'SIRO', 'SIVB']: possibly delisted; no timezone found
$SLAC: possibly delisted; no timezone found
$SKX: possibly delisted; no timezone found
$SKUL: possibly delisted; no timezone found
$SLCR: possibly delisted; no timezone found
$SKS: possibly delisted; no timezone found
$SLCA: possibly delisted; no timezone found
$SLCT: possibly delisted; no timezone found
$SLAMU: possibly delisted; no timezone found
$SKLZ: possibly delisted; no timezone found

9 Failed downloads:
['SLAC', 'SKX', 'SKUL', 'SLCR', 'SKS', 'SLCA', 'SLCT', 'SLAMU', 'SKLZ']: possibly delisted; no timezone found
$SLH: possibly delisted; no timezone found
$SLVRU: possibly delisted; no timezone found
$SLTM: possibly delisted; no timezone found
$SLNO: possibly delisted; no timezone found
$SLXP: possibly delisted; no timezone found
$SLGC: possibly delisted; no timezone found

6 Failed downloads:
['SLH', 'SLVRU', 'SLTM', 'SLNO', 'SLXP', 'SLGC']: possibly delisted; no timezone found
$SNAK: possibly delisted; no timezone found
$SMED: possibly delisted; no timezone found
$SMAR: possibly delisted; no timezone found
$SMTX: possibly delisted; no timezone found
$SMTA: possibly delisted; no timezone found
$SMLR: possibly delisted; no timezone found
$SMSC: possibly delisted; no timezone found
$SMMF: possibly delisted; no timezone found
$SMF: possibly delisted; no timezone found
$SMLP: possibly delisted; no timezone found

10 Failed downloads:
['SNAK', 'SMED', 'SMAR', 'SMTX', 'SMTA', 'SMLR', 'SMSC', 'SMMF', 'SMF', 'SMLP']: possibly delisted; no timezone found
$SNC: possibly delisted; no timezone found
$SNCE: possibly delisted; no timezone found
$SNCY: possibly delisted; no timezone found
$SNBR: possibly delisted; no timezone found
$SNFL: possibly delisted; no timezone found
$SNBC: possibly delisted; no timezone found
$SNDE: possibly delisted; no timezone found
$SNCR: possibly delisted; no timezone found

8 Failed downloads:
['SNC', 'SNCE', 'SNCY', 'SNBR', 'SNFL', 'SNBC', 'SNDE', 'SNCR']: possibly delisted; no timezone found
$SNMP: possibly delisted; no timezone found
$SOA: possibly delisted; no timezone found
$SNRH: possibly delisted; no timezone found
$SNMX: possibly delisted; no timezone found
$SOGC: possibly delisted; no timezone found
$SNI: possibly delisted; no timezone found
$SNR: possibly delisted; no timezone found
$SOCC: possibly delisted; no timezone found
$SNTS: possibly delisted; no timezone found
$SOLO: possibly delisted; no timezone found
$SOHO: possibly delisted; no timezone found

11 Failed downloads:
['SNMP', 'SOA', 'SNRH', 'SNMX', 'SOGC', 'SNI', 'SNR', 'SOCC', 'SNTS', 'SOLO', 'SOHO']: possibly delisted; no timezone found
$SONS: possibly delisted; no timezone found
$SOLY: possibly delisted; no timezone found
$SOVO: possibly delisted; no timezone found
$SORL: possibly delisted; no timezone found
$SOND: possibly delisted; no timezone found
$SOURCE: possibly delisted; no timezone found
$SPEV: possibly delisted; no timezone found
$SOMH: possibly delisted; no timezone found
$SPA: possibly delisted; no timezone found
$SP: possibly delisted; no timezone found
$SOMX: possibly delisted; no timezone found
$SONC: possibly delisted; no timezone found

12 Failed downloads:
['SONS', 'SOLY', 'SOVO', 'SORL', 'SOND', 'SOURCE', 'SPEV', 'SOMH', 'SPA', 'SP', 'SOMX', 'SONC']: possibly delisted; no timezone found
$SPNC: possibly delisted; no timezone found
$SPR: possibly delisted; no timezone found
$SPLP: possibly delisted; no timezone found
$SPHS: possibly delisted; no timezone found
$SPLK: possibly delisted; no timezone found
$SPPI: possibly delisted; no timezone found
$SPGS: possibly delisted; no timezone found
$SPKB: possibly delisted; no timezone found
$SPI: possibly delisted; no timezone found
$SPNE: possibly delisted; no timezone found
$SPN: possibly delisted; no timezone found
$SPKE: possibly delisted; no timezone found

12 Failed downloads:
['SPNC', 'SPR', 'SPLP', 'SPHS', 'SPLK', 'SPPI', 'SPGS', 'SPKB', 'SPI', 'SPNE', 'SPN', 'SPKE']: possibly delisted; no timezone found
$SQZ: possibly delisted; no timezone found
$SQI: possibly delisted; no timezone found
$SQNM: possibly delisted; no timezone found
$SPTN: possibly delisted; no timezone found
$SPRT: possibly delisted; no timezone found
$SQBG: possibly delisted; no timezone found
$SQBK: possibly delisted; no timezone found
$SQSP: possibly delisted; no timezone found
$SPXF: possibly delisted; no timezone found

9 Failed downloads:
['SQZ', 'SQI', 'SQNM', 'SPTN', 'SPRT', 'SQBG', 'SQBK', 'SQSP', 'SPXF']: possibly delisted; no timezone found
$SRBL: possibly delisted; no timezone found
$SRSA: possibly delisted; no timezone found
$SRGA: possibly delisted; no timezone found
$SRCI: possibly delisted; no timezone found
$SRRA: possibly delisted; no timezone found
$SRTK: possibly delisted; no timezone found
$SRDX: possibly delisted; no timezone found
$SREV: possibly delisted; no timezone found
$SRSL: possibly delisted; no timezone found
$SRLP: possibly delisted; no timezone found
$SRC: possibly delisted; no timezone found

11 Failed downloads:
['SRBL', 'SRSA', 'SRGA', 'SRCI', 'SRRA', 'SRTK', 'SRDX', 'SREV', 'SRSL', 'SRLP', 'SRC']: possibly delisted; no timezone found
$SSRG: possibly delisted; no timezone found
$SSI: possibly delisted; no timezone found
$SSFN: possibly delisted; no timezone found
$SSNI: possibly delisted; no timezone found
$SSE: possibly delisted; no timezone found
$SSIE: possibly delisted; no timezone found
$SSN: possibly delisted; no timezone found
$SSAAU: possibly delisted; no timezone found
$SSSHT: possibly delisted; no timezone found
$SRZ: possibly delisted; no timezone found
$SSBK: possibly delisted; no timezone found

11 Failed downloads:
['SSRG', 'SSI', 'SSFN', 'SSNI', 'SSE', 'SSIE', 'SSN', 'SSAAU', 'SSSHT', 'SRZ', 'SSBK']: possibly delisted; no timezone found
$STAY: possibly delisted; no timezone found
$STARZ: possibly delisted; no timezone found
$STER: possibly delisted; no timezone found
$STDY: possibly delisted; no timezone found
$STEI: possibly delisted; no timezone found
$STBZ: possibly delisted; no timezone found
$STET: possibly delisted; no timezone found
$STEC: possibly delisted; no timezone found
$STEL: possibly delisted; no timezone found
$STCN: possibly delisted; no timezone found

10 Failed downloads:
['STAY', 'STARZ', 'STER', 'STDY', 'STEI', 'STBZ', 'STET', 'STEC', 'STEL', 'STCN']: possibly delisted; no timezone found
$STFC: possibly delisted; no timezone found
$STKL: possibly delisted; no timezone found
$STGC: possibly delisted; no timezone found
$STGG: possibly delisted; no timezone found
$STND: possibly delisted; no timezone found
$STMP: possibly delisted; no timezone found
$STNN: possibly delisted; no timezone found
$STJ: possibly delisted; no timezone found
$STML: possibly delisted; no timezone found
$STL: possibly delisted; no timezone found
$STNR: possibly delisted; no timezone found
$STNL: possibly delisted; no timezone found

12 Failed downloads:
['STFC', 'STKL', 'STGC', 'STGG', 'STND', 'STMP', 'STNN', 'STJ', 'STML', 'STL', 'STNR', 'STNL']: possibly delisted; no timezone found
$STSR: possibly delisted; no price data found  (1d 2008-01-01 -> 2026-09-26)
$STSA: possibly delisted; no timezone found
$STON: possibly delisted; no timezone found
$STRM: possibly delisted; no timezone found
$STRZA: possibly delisted; no timezone found
$STRP: possibly delisted; no timezone found
$STRE: possibly delisted; no timezone found
$STRI: possibly delisted; no timezone found
$STXB: possibly delisted; no timezone found
$STR: possibly delisted; no timezone found
$STS: possibly delisted; no timezone found

11 Failed downloads:
['STSR']: possibly delisted; no price data found  (1d 2008-01-01 -> 2026-09-26)
['STSA', 'STON', 'STRM', 'STRZA', 'STRP', 'STRE', 'STRI', 'STXB', 'STR', 'STS']: possibly delisted; no timezone found
$SUAC: possibly delisted; no timezone found
$SURW: possibly delisted; no timezone found
$SUP: possibly delisted; no timezone found
$SUNH: possibly delisted; no timezone found
$SUM: possibly delisted; no timezone found
$SUNW: possibly delisted; no timezone found
$SUNV: possibly delisted; no timezone found
$SURF: possibly delisted; no timezone found
$SUSQ: possibly delisted; no timezone found
$SUNL: possibly delisted; no timezone found
$SUG: possibly delisted; no timezone found
$SUMR: possibly delisted; no timezone found
$SUMO: possibly delisted; no timezone found

13 Failed downloads:
['SUAC', 'SURW', 'SUP', 'SUNH', 'SUM', 'SUNW', 'SUNV', 'SURF', 'SUSQ', 'SUNL', 'SUG', 'SUMR', 'SUMO']: possibly delisted; no timezone found
$SWC: possibly delisted; no timezone found
$SVFA: possibly delisted; no timezone found
$SWDZ: possibly delisted; no timezone found
$SWCH: possibly delisted; no timezone found
$SVII: possibly delisted; no timezone found
$SUSS: possibly delisted; no timezone found
$SVNT: possibly delisted; no timezone found
$SVMI: possibly delisted; no timezone found
$SVU: possibly delisted; no timezone found
$SWI: possibly delisted; no timezone found
$SUWN: possibly delisted; no timezone found
$SWCA: possibly delisted; no timezone found
$SVNAU: possibly delisted; no timezone found
$SWAV: possibly delisted; no timezone found
$SWET: possibly delisted; no timezone found

15 Failed downloads:
['SWC', 'SVFA', 'SWDZ', 'SWCH', 'SVII', 'SUSS', 'SVNT', 'SVMI', 'SVU', 'SWI', 'SUWN', 'SWCA', 'SVNAU', 'SWAV', 'SWET']: possibly delisted; no timezone found
$SWTX: possibly delisted; no timezone found
$SYKE: possibly delisted; no timezone found
$SWN: possibly delisted; no timezone found
$SXE: possibly delisted; no timezone found
$SWSH: possibly delisted; no timezone found
$SXCL: possibly delisted; no timezone found
$SWKH: possibly delisted; no timezone found
$SWY: possibly delisted; no timezone found
$SYA: possibly delisted; no timezone found
$SWS: possibly delisted; no timezone found

10 Failed downloads:
['SWTX', 'SYKE', 'SWN', 'SXE', 'SWSH', 'SXCL', 'SWKH', 'SWY', 'SYA', 'SWS']: possibly delisted; no timezone found
$SYNO: possibly delisted; no timezone found
$SZMK: possibly delisted; no timezone found
$SYMX: possibly delisted; no timezone found
$SYNT: possibly delisted; no timezone found
$SYNH: possibly delisted; no timezone found
$SYUT: possibly delisted; no timezone found
$SYNM: possibly delisted; no timezone found
$SYN: possibly delisted; no timezone found
$TA: possibly delisted; no timezone found
$SYSX: possibly delisted; no timezone found
$SYL: possibly delisted; no price data found  (1d 2008-01-01 -> 2026-09-26)
$SYMM: possibly delisted; no timezone found
$SYNC: possibly delisted; no timezone found
$SZL: possibly delisted; no price data found  (1d 2008-01-01 -> 2026-09-26)

14 Failed downloads:
['SYNO', 'SZMK', 'SYMX', 'SYNT', 'SYNH', 'SYUT', 'SYNM', 'SYN', 'TA', 'SYSX', 'SYMM', 'SYNC']: possibly delisted; no timezone found
['SYL', 'SZL']: possibly delisted; no price data found  (1d 2008-01-01 -> 2026-09-26)
$TAM: possibly delisted; no timezone found
$TAST: possibly delisted; no timezone found
$TAT: possibly delisted; no timezone found
$TBCP: possibly delisted; no timezone found
$TBL: possibly delisted; no timezone found
$TACA: possibly delisted; no timezone found
$TAYC: possibly delisted; no timezone found
$TALR: possibly delisted; no timezone found
$TALB: possibly delisted; no timezone found

9 Failed downloads:
['TAM', 'TAST', 'TAT', 'TBCP', 'TBL', 'TACA', 'TAYC', 'TALR', 'TALB']: possibly delisted; no timezone found
$TCFC: possibly delisted; no timezone found
$TCKN: possibly delisted; no timezone found
$TCP: possibly delisted; no timezone found
$TBOW: possibly delisted; no timezone found
$TCNNF: possibly delisted; no timezone found
$TBRA: possibly delisted; no timezone found
$TCOA: possibly delisted; no timezone found
$TCON: possibly delisted; no timezone found
$TBNK: possibly delisted; no timezone found
$TCO: possibly delisted; no timezone found
$TCF: possibly delisted; no timezone found
$TCDA: possibly delisted; no timezone found

12 Failed downloads:
['TCFC', 'TCKN', 'TCP', 'TBOW', 'TCNNF', 'TBRA', 'TCOA', 'TCON', 'TBNK', 'TCO', 'TCF', 'TCDA']: possibly delisted; no timezone found
$TCS: possibly delisted; no timezone found
$TDFF: possibly delisted; no timezone found
$TCRR: possibly delisted; no timezone found
$TEAR: possibly delisted; no timezone found
$TCVA: possibly delisted; no timezone found
$TECD: possibly delisted; no timezone found
$TCPP: possibly delisted; no timezone found

7 Failed downloads:
['TCS', 'TDFF', 'TCRR', 'TEAR', 'TCVA', 'TECD', 'TCPP']: possibly delisted; no timezone found
$TENNX: possibly delisted; no timezone found
$TEUM: possibly delisted; no timezone found
$TESS: possibly delisted; no timezone found
$TENG: possibly delisted; no timezone found
$TERP: possibly delisted; no timezone found
$TEP: possibly delisted; no timezone found
$TETC: possibly delisted; no timezone found
$TECUA: possibly delisted; no timezone found
$TERN: possibly delisted; no timezone found
$TELL: possibly delisted; no timezone found
$TEG: possibly delisted; no timezone found
$TEKK: possibly delisted; no timezone found
$TESO: possibly delisted; no timezone found

13 Failed downloads:
['TENNX', 'TEUM', 'TESS', 'TENG', 'TERP', 'TEP', 'TETC', 'TECUA', 'TERN', 'TELL', 'TEG', 'TEKK', 'TESO']: possibly delisted; no timezone found
$TFFP: possibly delisted; no timezone found
$THBR: possibly delisted; no timezone found
$TGR: possibly delisted; no timezone found
$TGNA: possibly delisted; no timezone found
$TGI: possibly delisted; no timezone found
$TFM: possibly delisted; no timezone found
$TGX: possibly delisted; no timezone found
$TFCO: possibly delisted; no timezone found

8 Failed downloads:
['TFFP', 'THBR', 'TGR', 'TGNA', 'TGI', 'TFM', 'TGX', 'TFCO']: possibly delisted; no timezone found
$THTI: possibly delisted; no timezone found
$TIBB: possibly delisted; no timezone found
$THRD: possibly delisted; no timezone found
$THCP: possibly delisted; no timezone found
$TIE: possibly delisted; no timezone found
$TIBR: possibly delisted; no timezone found
$THI: possibly delisted; no timezone found
$THR: possibly delisted; no timezone found
$THS: possibly delisted; no timezone found
$THQI: possibly delisted; no timezone found
$THCB: possibly delisted; no timezone found
$TIF: possibly delisted; no timezone found
$TIBX: possibly delisted; no timezone found

13 Failed downloads:
['THTI', 'TIBB', 'THRD', 'THCP', 'TIE', 'TIBR', 'THI', 'THR', 'THS', 'THQI', 'THCB', 'TIF', 'TIBX']: possibly delisted; no timezone found
$TIN: possibly delisted; no timezone found
$TIVO: possibly delisted; no timezone found
$TJBH: possibly delisted; no timezone found
$TIOAU: possibly delisted; no timezone found
$TIO: possibly delisted; no timezone found
$TIG: possibly delisted; no timezone found
$TIII: possibly delisted; no timezone found
$TLAB: possibly delisted; no timezone found
$TKLC: possibly delisted; no timezone found
$TKAT: possibly delisted; no timezone found
$TIV: possibly delisted; no timezone found
$TIS: possibly delisted; no timezone found

12 Failed downloads:
['TIN', 'TIVO', 'TJBH', 'TIOAU', 'TIO', 'TIG', 'TIII', 'TLAB', 'TKLC', 'TKAT', 'TIV', 'TIS']: possibly delisted; no timezone found
$TLRA: possibly delisted; no timezone found
$TLMD: possibly delisted; no timezone found
$TLIS: possibly delisted; no timezone found
$TLGT: possibly delisted; no timezone found
$TLRD: possibly delisted; no timezone found
$TLGA: possibly delisted; no timezone found
$TLFA: possibly delisted; no timezone found
$TLND: possibly delisted; no timezone found
$TLB: possibly delisted; no timezone found
$TLEO: possibly delisted; no timezone found

10 Failed downloads:
['TLRA', 'TLMD', 'TLIS', 'TLGT', 'TLRD', 'TLGA', 'TLFA', 'TLND', 'TLB', 'TLEO']: possibly delisted; no timezone found
$TMCX: possibly delisted; no timezone found
$TMPO: possibly delisted; no timezone found
$TNAV: possibly delisted; no timezone found
$TNB: possibly delisted; no timezone found
$TMX: possibly delisted; no timezone found
$TMKR: possibly delisted; no timezone found
$TMHC: possibly delisted; no timezone found
$TNGN: possibly delisted; no timezone found

8 Failed downloads:
['TMCX', 'TMPO', 'TNAV', 'TNB', 'TMX', 'TMKR', 'TMHC', 'TNGN']: possibly delisted; no timezone found
$TOGL: possibly delisted; no timezone found
$TOFC: possibly delisted; no timezone found
$TNGO: possibly delisted; no timezone found
$TOTAU: possibly delisted; no timezone found
$TOWR: possibly delisted; no timezone found
$TNH: possibly delisted; no timezone found
$TNS: possibly delisted; no timezone found
$TNTR: possibly delisted; no timezone found

8 Failed downloads:
['TOGL', 'TOFC', 'TNGO', 'TOTAU', 'TOWR', 'TNH', 'TNS', 'TNTR']: possibly delisted; no timezone found
$TQNT: possibly delisted; no timezone found
$TPTX: possibly delisted; no timezone found
$TPCO: possibly delisted; no timezone found
$TPI: possibly delisted; no timezone found
$TPH: possibly delisted; no timezone found
$TPGI: possibly delisted; no timezone found
$TPCA: possibly delisted; no timezone found
$TRA: possibly delisted; no timezone found
$TPICQ: possibly delisted; no timezone found
$TRAQ: possibly delisted; no timezone found
$TPGYU: possibly delisted; no price data found  (1d 2008-01-01 -> 2026-09-26)
$TPCG: possibly delisted; no price data found  (1d 2008-01-01 -> 2026-09-26)

12 Failed downloads:
['TQNT', 'TPTX', 'TPCO', 'TPI', 'TPH', 'TPGI', 'TPCA', 'TRA', 'TPICQ', 'TRAQ']: possibly delisted; no timezone found
['TPGYU', 'TPCG']: possibly delisted; no price data found  (1d 2008-01-01 -> 2026-09-26)
$TRH: possibly delisted; no timezone found
$TREC: possibly delisted; no timezone found
$TRHC: possibly delisted; no timezone found
$TRCA: possibly delisted; no timezone found
$TRIS: possibly delisted; no timezone found
$TRCB: possibly delisted; no timezone found
$TRGD: possibly delisted; no timezone found
$TRCO: possibly delisted; no timezone found
$TRCR: possibly delisted; no timezone found
$TRIL: possibly delisted; no timezone found
$TRIT: possibly delisted; no timezone found
$TRIV: possibly delisted; no timezone found

12 Failed downloads:
['TRH', 'TREC', 'TRHC', 'TRCA', 'TRIS', 'TRCB', 'TRGD', 'TRCO', 'TRCR', 'TRIL', 'TRIT', 'TRIV']: possibly delisted; no timezone found
$TRML: possibly delisted; no timezone found
$TRR: possibly delisted; no timezone found
$TRLG: possibly delisted; no timezone found
$TRTLU: possibly delisted; no timezone found
$TRKA: possibly delisted; no timezone found
$TRTL: possibly delisted; no timezone found
$TRK: possibly delisted; no timezone found
$TRTN: possibly delisted; no timezone found
$TRNX: possibly delisted; no timezone found
$TRKP: possibly delisted; no timezone found
$TRLA: possibly delisted; no timezone found

11 Failed downloads:
['TRML', 'TRR', 'TRLG', 'TRTLU', 'TRKA', 'TRTL', 'TRK', 'TRTN', 'TRNX', 'TRKP', 'TRLA']: possibly delisted; no timezone found
$TSP: possibly delisted; no timezone found
$TSH: possibly delisted; no timezone found
$TRW: possibly delisted; no timezone found
$TSPQ: possibly delisted; no timezone found
$TRUE: possibly delisted; no timezone found
$TSC: possibly delisted; no timezone found
$TSE: possibly delisted; no timezone found

7 Failed downloads:
['TSP', 'TSH', 'TRW', 'TSPQ', 'TRUE', 'TSC', 'TSE']: possibly delisted; no timezone found
$TTCF: possibly delisted; no timezone found
$TSVT: possibly delisted; no timezone found
$TSRA: possibly delisted; no timezone found
$TSTC: possibly delisted; no timezone found
$TSRE: possibly delisted; no timezone found
$TSRO: possibly delisted; no timezone found
$TSS: possibly delisted; no timezone found
$TTNFD: possibly delisted; no timezone found
$TSYS: possibly delisted; no timezone found
$TTEN: possibly delisted; no timezone found
$TST: possibly delisted; no timezone found
$TSRX: possibly delisted; no timezone found

12 Failed downloads:
['TTCF', 'TSVT', 'TSRA', 'TSTC', 'TSRE', 'TSRO', 'TSS', 'TTNFD', 'TSYS', 'TTEN', 'TST', 'TSRX']: possibly delisted; no timezone found
$TUC: possibly delisted; no timezone found
$TUEM: possibly delisted; no timezone found
$TVPT: possibly delisted; no timezone found
$TVIA: possibly delisted; no timezone found
$TTTM: possibly delisted; no timezone found
$TUMI: possibly delisted; no timezone found
$TTPH: possibly delisted; no timezone found
$TUBE: possibly delisted; no timezone found
$TURV: possibly delisted; no timezone found
$TTNP: possibly delisted; no timezone found
$TVTY: possibly delisted; no timezone found
$TUP: possibly delisted; no timezone found

12 Failed downloads:
['TUC', 'TUEM', 'TVPT', 'TVIA', 'TTTM', 'TUMI', 'TTPH', 'TUBE', 'TURV', 'TTNP', 'TVTY', 'TUP']: possibly delisted; no timezone found
$TWOC: possibly delisted; no timezone found
$TWGP: possibly delisted; no timezone found
$TWCB: possibly delisted; no timezone found
$TWKS: possibly delisted; no timezone found
$TWX: possibly delisted; no timezone found
$TWC: possibly delisted; no timezone found
$TWTC: possibly delisted; no timezone found
$TWNK: possibly delisted; no timezone found
$TWTR: possibly delisted; no timezone found
$TWOU: possibly delisted; no timezone found
$TWNI: possibly delisted; no timezone found
$TWOA: possibly delisted; no timezone found

12 Failed downloads:
['TWOC', 'TWGP', 'TWCB', 'TWKS', 'TWX', 'TWC', 'TWTC', 'TWNK', 'TWTR', 'TWOU', 'TWNI', 'TWOA']: possibly delisted; no timezone found
$UAM: possibly delisted; no timezone found
$TYPE: possibly delisted; no timezone found
$TYME: possibly delisted; no timezone found
$TXCC: possibly delisted; no timezone found
$TXI: possibly delisted; no timezone found
$TXTR: possibly delisted; no timezone found

6 Failed downloads:
['UAM', 'TYPE', 'TYME', 'TXCC', 'TXI', 'TXTR']: possibly delisted; no timezone found
$UCBB: possibly delisted; no timezone found
$UBFO: possibly delisted; no timezone found
$UBI: possibly delisted; no timezone found
$UCFC: possibly delisted; no timezone found
$UCP: possibly delisted; no timezone found
$UCBI: possibly delisted; no timezone found
$UBA: possibly delisted; no timezone found
$UANCCC: possibly delisted; no timezone found
$UBNK: possibly delisted; no timezone found
$UBX: possibly delisted; no timezone found
$UBMI: possibly delisted; no timezone found
$UBNT: possibly delisted; no timezone found

12 Failed downloads:
['UCBB', 'UBFO', 'UBI', 'UCFC', 'UCP', 'UCBI', 'UBA', 'UANCCC', 'UBNK', 'UBX', 'UBMI', 'UBNT']: possibly delisted; no timezone found
$UGNE: possibly delisted; no timezone found
$UFS: possibly delisted; no timezone found
$UFAB: possibly delisted; no timezone found
$UDF: possibly delisted; no timezone found
$UDMY: possibly delisted; no timezone found
$UDRL: possibly delisted; no timezone found
$UGHS: possibly delisted; no timezone found
$UDMG: possibly delisted; no timezone found
$UCPH: possibly delisted; no timezone found
$UHG: possibly delisted; no timezone found

10 Failed downloads:
['UGNE', 'UFS', 'UFAB', 'UDF', 'UDMY', 'UDRL', 'UGHS', 'UDMG', 'UCPH', 'UHG']: possibly delisted; no timezone found
$UIL: possibly delisted; no timezone found
$UNAM: possibly delisted; no timezone found
$UNITY: possibly delisted; no timezone found
$ULNV: possibly delisted; no timezone found
$ULU: possibly delisted; no price data found  (1d 2008-01-01 -> 2026-09-26)
$UNIS: possibly delisted; no timezone found
$UMPQ: possibly delisted; no timezone found

7 Failed downloads:
['UIL', 'UNAM', 'UNITY', 'ULNV', 'UNIS', 'UMPQ']: possibly delisted; no timezone found
['ULU']: possibly delisted; no price data found  (1d 2008-01-01 -> 2026-09-26)
$UNS: possibly delisted; no timezone found
$UPH: possibly delisted; no timezone found
$UNRV: possibly delisted; no timezone found
$UNTK: possibly delisted; no timezone found
$UNXL: possibly delisted; no timezone found
$UNT: possibly delisted; no timezone found
$UNVR: possibly delisted; no timezone found
$UNIVE: possibly delisted; no timezone found
$UNTD: possibly delisted; no timezone found
$UPL: possibly delisted; no timezone found

10 Failed downloads:
['UNS', 'UPH', 'UNRV', 'UNTK', 'UNXL', 'UNT', 'UNVR', 'UNIVE', 'UNTD', 'UPL']: possibly delisted; no timezone found
$URS: possibly delisted; no timezone found
$URZ: possibly delisted; no timezone found
$USFF: possibly delisted; no timezone found
$USFC: possibly delisted; no timezone found
$USCR: possibly delisted; no timezone found
$USAK: possibly delisted; no timezone found
$USEG: possibly delisted; no timezone found
$USCTU: possibly delisted; no timezone found
$USAP: possibly delisted; no timezone found

9 Failed downloads:
['URS', 'URZ', 'USFF', 'USFC', 'USCR', 'USAK', 'USEG', 'USCTU', 'USAP']: possibly delisted; no timezone found
$USWS: possibly delisted; no timezone found
$UTEK: possibly delisted; no timezone found
$UTA: possibly delisted; no price data found  (1d 2008-01-01 -> 2026-09-26)
$UTIW: possibly delisted; no timezone found

4 Failed downloads:
['USWS', 'UTEK', 'UTIW']: possibly delisted; no timezone found
['UTA']: possibly delisted; no price data found  (1d 2008-01-01 -> 2026-09-26)
$VBTX: possibly delisted; no timezone found
$VASC: possibly delisted; no timezone found
$VA: possibly delisted; no timezone found
$VBIX: possibly delisted; no timezone found
$VBFC: possibly delisted; no timezone found
$VAR: possibly delisted; no timezone found
$VCBI: possibly delisted; no timezone found
$VBIV: possibly delisted; no timezone found
$VAQC: possibly delisted; no timezone found
$VAPO: possibly delisted; no timezone found

10 Failed downloads:
['VBTX', 'VASC', 'VA', 'VBIX', 'VBFC', 'VAR', 'VCBI', 'VBIV', 'VAQC', 'VAPO']: possibly delisted; no timezone found
$VCBPOB: possibly delisted; no timezone found
$VCVC: possibly delisted; no timezone found
$VCRA: possibly delisted; no timezone found
$VEC: possibly delisted; no timezone found
$VEAC: possibly delisted; no timezone found
$VELA: possibly delisted; no timezone found
$VCI: possibly delisted; no timezone found
$VCXB: possibly delisted; no timezone found
$VEND: possibly delisted; no timezone found
$VCSA: possibly delisted; no timezone found

10 Failed downloads:
['VCBPOB', 'VCVC', 'VCRA', 'VEC', 'VEAC', 'VELA', 'VCI', 'VCXB', 'VEND', 'VCSA']: possibly delisted; no timezone found
$VHL: possibly delisted; no price data found  (1d 2008-01-01 -> 2026-09-26)
$VGR: possibly delisted; no timezone found
$VERV: possibly delisted; no timezone found
$VGEN: possibly delisted; no timezone found
$VER: possibly delisted; no timezone found
$VGAC: possibly delisted; no timezone found
$VERY: possibly delisted; no timezone found
$VERO: possibly delisted; no timezone found
$VGGL: possibly delisted; no timezone found

9 Failed downloads:
['VHL']: possibly delisted; no price data found  (1d 2008-01-01 -> 2026-09-26)
['VGR', 'VERV', 'VGEN', 'VER', 'VGAC', 'VERY', 'VERO', 'VGGL']: possibly delisted; no timezone found
$VIAB: possibly delisted; no timezone found
$VIEW: possibly delisted; no timezone found
$VHTI: possibly delisted; no timezone found
$VIRX: possibly delisted; no timezone found
$VITC: possibly delisted; no timezone found
$VIBI: possibly delisted; no timezone found
$VHS: possibly delisted; no timezone found
$VIE: possibly delisted; no timezone found
$VIAS: possibly delisted; no timezone found
$VISTRA: possibly delisted; no timezone found

10 Failed downloads:
['VIAB', 'VIEW', 'VHTI', 'VIRX', 'VITC', 'VIBI', 'VHS', 'VIE', 'VIAS', 'VISTRA']: possibly delisted; no timezone found
$VMEO: possibly delisted; no timezone found
$VLTR: possibly delisted; no timezone found
$VLAT: possibly delisted; no timezone found
$VMED: possibly delisted; no timezone found
$VMW: possibly delisted; no timezone found
$VMEM: possibly delisted; no timezone found
$VLDR: possibly delisted; no timezone found
$VIVA: possibly delisted; no timezone found
$VLP: possibly delisted; no timezone found
$VLTA: possibly delisted; no timezone found

10 Failed downloads:
['VMEO', 'VLTR', 'VLAT', 'VMED', 'VMW', 'VMEM', 'VLDR', 'VIVA', 'VLP', 'VLTA']: possibly delisted; no timezone found
$VNDB: possibly delisted; no timezone found
$VPCB: possibly delisted; no timezone found
$VOLC: possibly delisted; no timezone found
$VRAY: possibly delisted; no timezone found
$VOXX: possibly delisted; no timezone found
$VOCS: possibly delisted; no timezone found
$VNTR: possibly delisted; no timezone found
$VR: possibly delisted; no timezone found
$VNE: possibly delisted; no timezone found
$VORB: possibly delisted; no timezone found
$VPHM: possibly delisted; no timezone found
$VNR: possibly delisted; no timezone found

12 Failed downloads:
['VNDB', 'VPCB', 'VOLC', 'VRAY', 'VOXX', 'VOCS', 'VNTR', 'VR', 'VNE', 'VORB', 'VPHM', 'VNR']: possibly delisted; no timezone found
$VRNA: possibly delisted; no timezone found
$VRGY: possibly delisted; no timezone found
$VRNM: possibly delisted; no timezone found
$VRTU: possibly delisted; no timezone found
$VRNOF: possibly delisted; no timezone found
$VRE: possibly delisted; no timezone found
$VRS: possibly delisted; no timezone found
$VRHD: possibly delisted; no timezone found

8 Failed downloads:
['VRNA', 'VRGY', 'VRNM', 'VRTU', 'VRNOF', 'VRE', 'VRS', 'VRHD']: possibly delisted; no timezone found
$VSM: possibly delisted; no timezone found
$VTCQ: possibly delisted; no timezone found
$VSCO: possibly delisted; no timezone found
$VSTO: possibly delisted; no timezone found
$VSEA: possibly delisted; no timezone found
$VSI: possibly delisted; no timezone found
$VSYM: possibly delisted; no timezone found
$VSR: possibly delisted; no timezone found
$VTAE: possibly delisted; no timezone found
$VRTV: possibly delisted; no timezone found
$VSBN: possibly delisted; no timezone found
$VSLR: possibly delisted; no timezone found

12 Failed downloads:
['VSM', 'VTCQ', 'VSCO', 'VSTO', 'VSEA', 'VSI', 'VSYM', 'VSR', 'VTAE', 'VRTV', 'VSBN', 'VSLR']: possibly delisted; no timezone found
$VTYX: possibly delisted; no timezone found
$VTNC: possibly delisted; no timezone found
$VVC: possibly delisted; no timezone found
$VYFC: possibly delisted; no timezone found
$VTDI: possibly delisted; no timezone found
$VTPI: possibly delisted; no timezone found
$VTSS: possibly delisted; no timezone found
$VXEL: possibly delisted; no timezone found
$VWTR: possibly delisted; no timezone found
$VWE: possibly delisted; no timezone found
$VWR: possibly delisted; no timezone found
$VVUS: possibly delisted; no timezone found
$VTNR: possibly delisted; no timezone found
$VTLE: possibly delisted; no timezone found

14 Failed downloads:
['VTYX', 'VTNC', 'VVC', 'VYFC', 'VTDI', 'VTPI', 'VTSS', 'VXEL', 'VWTR', 'VWE', 'VWR', 'VVUS', 'VTNR', 'VTLE']: possibly delisted; no timezone found
$WAIR: possibly delisted; no timezone found
$VYGG: possibly delisted; no timezone found
$WAAS: possibly delisted; no timezone found
$WAGE: possibly delisted; no timezone found
$VYNT: possibly delisted; no timezone found
$WAG: possibly delisted; no timezone found
$WARRI: possibly delisted; no timezone found
$VZIO: possibly delisted; no timezone found
$WARR: possibly delisted; no timezone found

9 Failed downloads:
['WAIR', 'VYGG', 'WAAS', 'WAGE', 'VYNT', 'WAG', 'WARRI', 'VZIO', 'WARR']: possibly delisted; no timezone found
$WAVC: possibly delisted; no timezone found
$WBKC: possibly delisted; no timezone found
$WAVX: possibly delisted; no timezone found
$WCBO: possibly delisted; no timezone found
$WBA: possibly delisted; no timezone found
$WAYN: possibly delisted; no timezone found
$WCG: possibly delisted; no timezone found
$WBSN: possibly delisted; no timezone found
$WCRX: possibly delisted; no timezone found
$WCIC: possibly delisted; no timezone found
$WBT: possibly delisted; no timezone found
$WBC: possibly delisted; no timezone found
$WBMD: possibly delisted; no timezone found
$WCAA: possibly delisted; no timezone found
$WBCO: possibly delisted; no timezone found

15 Failed downloads:
['WAVC', 'WBKC', 'WAVX', 'WCBO', 'WBA', 'WAYN', 'WCG', 'WBSN', 'WCRX', 'WCIC', 'WBT', 'WBC', 'WBMD', 'WCAA', 'WBCO']: possibly delisted; no timezone found
$WEBR: possibly delisted; no timezone found
$WEB: possibly delisted; no timezone found
$WEBK: possibly delisted; no timezone found
$WDQ: possibly delisted; no price data found  (1d 2008-01-01 -> 2026-09-26)
$WDR: possibly delisted; no timezone found
$WE: possibly delisted; no timezone found
$WFM: possibly delisted; no timezone found
$WFBI: possibly delisted; no timezone found

8 Failed downloads:
['WEBR', 'WEB', 'WEBK', 'WDR', 'WE', 'WFM', 'WFBI']: possibly delisted; no timezone found
['WDQ']: possibly delisted; no price data found  (1d 2008-01-01 -> 2026-09-26)
$WFSL: possibly delisted; no timezone found
$WFT: possibly delisted; no timezone found
$WIFI: possibly delisted; no timezone found
$WIBC: possibly delisted; no timezone found
$WG: possibly delisted; no timezone found
$WIN: possibly delisted; no timezone found
$WHHT: possibly delisted; no timezone found
$WIRE: possibly delisted; no timezone found
$WGL: possibly delisted; no timezone found

9 Failed downloads:
['WFSL', 'WFT', 'WIFI', 'WIBC', 'WG', 'WIN', 'WHHT', 'WIRE', 'WGL']: possibly delisted; no timezone found
$WITE: possibly delisted; no timezone found
$WLB: possibly delisted; no timezone found
$WLMS: possibly delisted; no timezone found
$WLH: possibly delisted; no timezone found
$WLL: possibly delisted; no timezone found
$WMC: possibly delisted; no timezone found
$WL: possibly delisted; no timezone found
$WLBC: possibly delisted; no timezone found
$WLT: possibly delisted; no timezone found
$WMAR: possibly delisted; no timezone found
$WJFLP: possibly delisted; no timezone found

11 Failed downloads:
['WITE', 'WLB', 'WLMS', 'WLH', 'WLL', 'WMC', 'WL', 'WLBC', 'WLT', 'WMAR', 'WJFLP']: possibly delisted; no timezone found
$WPT: possibly delisted; no timezone found
$WPG: possibly delisted; no timezone found
$WPX: possibly delisted; no timezone found
$WNR: possibly delisted; no timezone found
$WOW: possibly delisted; no timezone found
$WPZ: possibly delisted; no timezone found
$WOGI: possibly delisted; no timezone found
$WMTM: possibly delisted; no timezone found
$WPCB: possibly delisted; no timezone found
$WORK: possibly delisted; no timezone found
$WMGI: possibly delisted; no timezone found
$WP: possibly delisted; no timezone found
$WRAC: possibly delisted; no timezone found

13 Failed downloads:
['WPT', 'WPG', 'WPX', 'WNR', 'WOW', 'WPZ', 'WOGI', 'WMTM', 'WPCB', 'WORK', 'WMGI', 'WP', 'WRAC']: possibly delisted; no timezone found
$WSGI: possibly delisted; no timezone found
$WRI: possibly delisted; no timezone found
$WSTC: possibly delisted; no timezone found
$WSR: possibly delisted; no price data found  (1d 2008-01-01 -> 2026-09-26)
$WRLS: possibly delisted; no timezone found
$WRES: possibly delisted; no timezone found
$WSB: possibly delisted; no timezone found
$WRK: possibly delisted; no timezone found
$WRC: possibly delisted; no timezone found

9 Failed downloads:
['WSGI', 'WRI', 'WSTC', 'WRLS', 'WRES', 'WSB', 'WRK', 'WRC']: possibly delisted; no timezone found
['WSR']: possibly delisted; no price data found  (1d 2008-01-01 -> 2026-09-26)
$WSTI: possibly delisted; no timezone found
$WWAV: possibly delisted; no timezone found
$WTNY: possibly delisted; no timezone found
$WWE: possibly delisted; no timezone found
$WTSLA: possibly delisted; no timezone found
$WTRH: possibly delisted; no timezone found

6 Failed downloads:
['WSTI', 'WWAV', 'WTNY', 'WWE', 'WTSLA', 'WTRH']: possibly delisted; no timezone found
$XBKS: possibly delisted; no timezone found
$XCO: possibly delisted; no timezone found
$XBTC: possibly delisted; no timezone found
$X: possibly delisted; no timezone found
$XEC: possibly delisted; no timezone found
$WWSG: possibly delisted; no timezone found
$XCRA: possibly delisted; no timezone found

7 Failed downloads:
['XBKS', 'XCO', 'XBTC', 'X', 'XEC', 'WWSG', 'XCRA']: possibly delisted; no timezone found
$XNPT: possibly delisted; no timezone found
$XOOM: possibly delisted; no timezone found
$XM: possibly delisted; no timezone found
$XFIN: possibly delisted; no timezone found
$XLNX: possibly delisted; no timezone found
$XNRG: possibly delisted; no timezone found
$XOG: possibly delisted; no timezone found
$XNNH: possibly delisted; no timezone found
$XLGROUP: possibly delisted; no timezone found
$XENT: possibly delisted; no timezone found
$XLS: possibly delisted; no timezone found
$XOMA: possibly delisted; no timezone found
$XLRN: possibly delisted; no timezone found

13 Failed downloads:
['XNPT', 'XOOM', 'XM', 'XFIN', 'XLNX', 'XNRG', 'XOG', 'XNNH', 'XLGROUP', 'XENT', 'XLS', 'XOMA', 'XLRN']: possibly delisted; no timezone found
$XTGR: possibly delisted; no timezone found
$XTEG: possibly delisted; no timezone found
$XRIT: possibly delisted; no timezone found
$XPOA: possibly delisted; no timezone found
$XRM: possibly delisted; no timezone found
$XRSC: possibly delisted; no timezone found
$XOXO: possibly delisted; no timezone found
$XPLR: possibly delisted; no timezone found
$XPAX: possibly delisted; no timezone found

9 Failed downloads:
['XTGR', 'XTEG', 'XRIT', 'XPOA', 'XRM', 'XRSC', 'XOXO', 'XPLR', 'XPAX']: possibly delisted; no timezone found
$Y: possibly delisted; no timezone found
$YAC: possibly delisted; no timezone found
$YDNT: possibly delisted; no timezone found
$XWES: possibly delisted; no timezone found
$YELL: possibly delisted; no timezone found
$XTLY: possibly delisted; no timezone found
$YCB: possibly delisted; no timezone found
$XTXI: possibly delisted; no timezone found
$YDKN: possibly delisted; no timezone found
$YDLE: possibly delisted; no timezone found
$XTO: possibly delisted; no price data found  (1d 2008-01-01 -> 2026-09-26)
$XYNO: possibly delisted; no timezone found
$XXIA: possibly delisted; no timezone found

13 Failed downloads:
['Y', 'YAC', 'YDNT', 'XWES', 'YELL', 'XTLY', 'YCB', 'XTXI', 'YDKN', 'YDLE', 'XYNO', 'XXIA']: possibly delisted; no timezone found
['XTO']: possibly delisted; no price data found  (1d 2008-01-01 -> 2026-09-26)
$ZAIS: possibly delisted; no timezone found
$YHGG: possibly delisted; no timezone found
$ZCOR: possibly delisted; no timezone found
$ZAGG: possibly delisted; no timezone found
$YUME: possibly delisted; no timezone found
$ZEN: possibly delisted; no timezone found
$YMAB: possibly delisted; no timezone found
$YONG: possibly delisted; no timezone found
$YGYI: possibly delisted; no timezone found
$YINFU: possibly delisted; no timezone found
$ZEP: possibly delisted; no timezone found
$YTEN: possibly delisted; no timezone found
$YTPG: possibly delisted; no timezone found
$YHOO: possibly delisted; no timezone found

14 Failed downloads:
['ZAIS', 'YHGG', 'ZCOR', 'ZAGG', 'YUME', 'ZEN', 'YMAB', 'YONG', 'YGYI', 'YINFU', 'ZEP', 'YTEN', 'YTPG', 'YHOO']: possibly delisted; no timezone found
$ZIGO: possibly delisted; no timezone found
$ZGH: possibly delisted; no price data found  (1d 2008-01-01 -> 2026-09-26)
$ZEUS: possibly delisted; no timezone found
$ZIONS: possibly delisted; no timezone found
$ZI: possibly delisted; no timezone found
$ZEV: possibly delisted; no timezone found
$ZGYHU: possibly delisted; no timezone found
$ZFOX: possibly delisted; no timezone found
$ZGNX: possibly delisted; no timezone found
$ZIMV: possibly delisted; no timezone found
$ZLC: possibly delisted; no timezone found
$ZIXI: possibly delisted; no timezone found
$ZINCQ: possibly delisted; no timezone found
$ZING: possibly delisted; no timezone found
$ZIPR: possibly delisted; no timezone found

15 Failed downloads:
['ZIGO', 'ZEUS', 'ZIONS', 'ZI', 'ZEV', 'ZGYHU', 'ZFOX', 'ZGNX', 'ZIMV', 'ZLC', 'ZIXI', 'ZINCQ', 'ZING', 'ZIPR']: possibly delisted; no timezone found
['ZGH']: possibly delisted; no price data found  (1d 2008-01-01 -> 2026-09-26)
$ZPCM: possibly delisted; no timezone found
$ZLTQ: possibly delisted; no timezone found
$ZSAN: possibly delisted; no timezone found
$ZPAT: possibly delisted; no timezone found
$ZOOM: possibly delisted; no timezone found
$ZOLT: possibly delisted; no timezone found
$ZOM: possibly delisted; no timezone found
$ZNGA: possibly delisted; no timezone found
$ZOES: possibly delisted; no timezone found
$ZTAQU: possibly delisted; no timezone found
$ZQK: possibly delisted; no timezone found
$ZU: possibly delisted; no timezone found
$ZOLL: possibly delisted; no timezone found
$ZSPH: possibly delisted; no timezone found

14 Failed downloads:
['ZPCM', 'ZLTQ', 'ZSAN', 'ZPAT', 'ZOOM', 'ZOLT', 'ZOM', 'ZNGA', 'ZOES', 'ZTAQU', 'ZQK', 'ZU', 'ZOLL', 'ZSPH']: possibly delisted; no timezone found
$ZYNE: possibly delisted; no timezone found
$ZUO: possibly delisted; no timezone found
$ZY: possibly delisted; no timezone found
$ZWRK: possibly delisted; no timezone found
$ZZ: possibly delisted; no timezone found
$ZVO: possibly delisted; no timezone found
$ZYXI: possibly delisted; no timezone found

7 Failed downloads:
['ZYNE', 'ZUO', 'ZY', 'ZWRK', 'ZZ', 'ZVO', 'ZYXI']: possibly delisted; no timezone found
pass 2: zero-day tickers 3596
$AAIC: possibly delisted; no timezone found
$ABCW: possibly delisted; no timezone found
$AAN: possibly delisted; no timezone found
$AAPC: possibly delisted; no timezone found
$ABAX: possibly delisted; no timezone found
$ABVA: possibly delisted; no timezone found
$ABCD: possibly delisted; no timezone found
$AAI: possibly delisted; no timezone found
$AACC: possibly delisted; no timezone found
$ABHD: possibly delisted; no timezone found
$ABL: possibly delisted; no timezone found
$AAMC: possibly delisted; no timezone found
$ABCO: possibly delisted; no timezone found
$ABMD: possibly delisted; no timezone found
$AAWW: possibly delisted; no timezone found
$AAAO: possibly delisted; no timezone found
$ABTX: possibly delisted; no timezone found
$AAQC: possibly delisted; no timezone found
$ABFF: possibly delisted; no timezone found
$ABP: possibly delisted; no timezone found

20 Failed downloads:
['AAIC', 'ABCW', 'AAN', 'AAPC', 'ABAX', 'ABVA', 'ABCD', 'AAI', 'AACC', 'ABHD', 'ABL', 'AAMC', 'ABCO', 'ABMD', 'AAWW', 'AAAO', 'ABTX', 'AAQC', 'ABFF', 'ABP']: possibly delisted; no timezone found
$ACFC: possibly delisted; no timezone found
$ACAQ: possibly delisted; no timezone found
$ACCD: possibly delisted; no timezone found
$ACC: possibly delisted; no timezone found
$ACAHU: possibly delisted; no timezone found
$ABVT: possibly delisted; no timezone found
$ACHN: possibly delisted; no timezone found
$ACEF: possibly delisted; no timezone found
$ACLX: possibly delisted; no timezone found
$ACEFL: possibly delisted; no timezone found
$ACIA: possibly delisted; no timezone found
$ACPW: possibly delisted; no timezone found
$ACGN: possibly delisted; no timezone found
$ACOR: possibly delisted; no timezone found
$ACBI: possibly delisted; no timezone found
$ACQRU: possibly delisted; no timezone found
$ACER: possibly delisted; no timezone found
$AC: possibly delisted; no timezone found
$ACO: possibly delisted; no timezone found
$ACRO: possibly delisted; no timezone found

20 Failed downloads:
['ACFC', 'ACAQ', 'ACCD', 'ACC', 'ACAHU', 'ABVT', 'ACHN', 'ACEF', 'ACLX', 'ACEFL', 'ACIA', 'ACPW', 'ACGN', 'ACOR', 'ACBI', 'ACQRU', 'ACER', 'AC', 'ACO', 'ACRO']: possibly delisted; no timezone found
$ADER: possibly delisted; no timezone found
$ADVS: possibly delisted; no timezone found
$ADTH: possibly delisted; no timezone found
$ADN: possibly delisted; no timezone found
$ACUC: possibly delisted; no timezone found
$ACTV: possibly delisted; no timezone found
$ADGI: possibly delisted; no timezone found
$ADR: possibly delisted; no timezone found
$ADAP: possibly delisted; no timezone found
$ADVM: possibly delisted; no timezone found
$ADMS: possibly delisted; no timezone found
$ADES: possibly delisted; no timezone found
$ADNC: possibly delisted; no timezone found
$ADSW: possibly delisted; no timezone found
$ACW: possibly delisted; no timezone found
$ADGE: possibly delisted; no timezone found
$ADEP: possibly delisted; no timezone found
$ACTA: possibly delisted; no timezone found
$ADOC: possibly delisted; no timezone found
$ADMP: possibly delisted; no timezone found

20 Failed downloads:
['ADER', 'ADVS', 'ADTH', 'ADN', 'ACUC', 'ACTV', 'ADGI', 'ADR', 'ADAP', 'ADVM', 'ADMS', 'ADES', 'ADNC', 'ADSW', 'ACW', 'ADGE', 'ADEP', 'ACTA', 'ADOC', 'ADMP']: possibly delisted; no timezone found
$AFFX: possibly delisted; no timezone found
$AEGN: possibly delisted; no timezone found
$AFAN: possibly delisted; no timezone found
$AFAQ: possibly delisted; no timezone found
$AERI: possibly delisted; no timezone found
$AEGR: possibly delisted; no timezone found
$ADXS: possibly delisted; no timezone found
$AET: possibly delisted; no timezone found
$AEHI: possibly delisted; no timezone found
$AFH: possibly delisted; no timezone found
$AFAC: possibly delisted; no timezone found
$AEPI: possibly delisted; no timezone found
$AEA: possibly delisted; no timezone found
$AFAM: possibly delisted; no timezone found
$AE: possibly delisted; no timezone found
$AEEX: possibly delisted; no timezone found
$AFI: possibly delisted; no timezone found
$AFCB: possibly delisted; no timezone found
$AEAC: possibly delisted; no timezone found
$AF: possibly delisted; no timezone found

20 Failed downloads:
['AFFX', 'AEGN', 'AFAN', 'AFAQ', 'AERI', 'AEGR', 'ADXS', 'AET', 'AEHI', 'AFH', 'AFAC', 'AEPI', 'AEA', 'AFAM', 'AE', 'AEEX', 'AFI', 'AFCB', 'AEAC', 'AF']: possibly delisted; no timezone found
$AGFY: possibly delisted; no timezone found
$AGP: possibly delisted; no timezone found
$AFSI: possibly delisted; no timezone found
$AGCB: possibly delisted; no timezone found
$AGPH: possibly delisted; no timezone found
$AFOP: possibly delisted; no timezone found
$AGTC: possibly delisted; no timezone found
$AGFS: possibly delisted; no timezone found
$AGAE: possibly delisted; no timezone found
$AGS: possibly delisted; no timezone found
$AGTI: possibly delisted; no timezone found
$AGN: possibly delisted; no timezone found
$AGOL: possibly delisted; no timezone found
$AGAC: possibly delisted; no timezone found
$AFTRU: possibly delisted; no price data found  (1d 2008-01-01 -> 2026-09-26)
$AH: possibly delisted; no timezone found
$AGRX: possibly delisted; no timezone found
$AGIL: possibly delisted; no timezone found
$AGR: possibly delisted; no timezone found
$AGGRU: possibly delisted; no timezone found

20 Failed downloads:
['AGFY', 'AGP', 'AFSI', 'AGCB', 'AGPH', 'AFOP', 'AGTC', 'AGFS', 'AGAE', 'AGS', 'AGTI', 'AGN', 'AGOL', 'AGAC', 'AH', 'AGRX', 'AGIL', 'AGR', 'AGGRU']: possibly delisted; no timezone found
['AFTRU']: possibly delisted; no price data found  (1d 2008-01-01 -> 2026-09-26)
$AHGP: possibly delisted; no timezone found
$AIRC: possibly delisted; no timezone found
$AJRD: possibly delisted; no timezone found
$AHPA: possibly delisted; no timezone found
$AINC: possibly delisted; no timezone found
$AJAX: possibly delisted; no timezone found
$AHP: possibly delisted; no timezone found
$AHH: possibly delisted; no timezone found
$AIOM: possibly delisted; no timezone found
$AHL: possibly delisted; no timezone found
$AIMC: possibly delisted; no timezone found
$AKAO: possibly delisted; no timezone found
$AIRSP: possibly delisted; no timezone found
$AHIT: possibly delisted; no timezone found
$AHRN: possibly delisted; no timezone found
$AJIA: possibly delisted; no timezone found
$AKCA: possibly delisted; no timezone found
$AIRM: possibly delisted; no timezone found
$AIMT: possibly delisted; no timezone found
$AKIC: possibly delisted; no timezone found

20 Failed downloads:
['AHGP', 'AIRC', 'AJRD', 'AHPA', 'AINC', 'AJAX', 'AHP', 'AHH', 'AIOM', 'AHL', 'AIMC', 'AKAO', 'AIRSP', 'AHIT', 'AHRN', 'AJIA', 'AKCA', 'AIRM', 'AIMT', 'AKIC']: possibly delisted; no timezone found
$ALE: possibly delisted; no timezone found
$ALDR: possibly delisted; no timezone found
$ALGR: possibly delisted; no timezone found
$ALGI: possibly delisted; no timezone found
$ALBT: possibly delisted; no timezone found
$AKRO: possibly delisted; no timezone found
$ALDW: possibly delisted; no timezone found
$ALJ: possibly delisted; no timezone found
$ALEX: possibly delisted; no timezone found
$ALBO: possibly delisted; no timezone found
$AL: possibly delisted; no timezone found
$ALFE: possibly delisted; no timezone found
$ALAC: possibly delisted; no timezone found
$AKRX: possibly delisted; no timezone found
$AKYA: possibly delisted; no timezone found
$ALIM: possibly delisted; no timezone found
$ALCS: possibly delisted; no timezone found
$AKUS: possibly delisted; no timezone found
$AKLI: possibly delisted; no timezone found
$AKS: possibly delisted; no timezone found

20 Failed downloads:
['ALE', 'ALDR', 'ALGR', 'ALGI', 'ALBT', 'AKRO', 'ALDW', 'ALJ', 'ALEX', 'ALBO', 'AL', 'ALFE', 'ALAC', 'AKRX', 'AKYA', 'ALIM', 'ALCS', 'AKUS', 'AKLI', 'AKS']: possibly delisted; no timezone found
$ALPN: possibly delisted; no timezone found
$ALOG: possibly delisted; no timezone found
$ALQA: possibly delisted; no timezone found
$ALTH: possibly delisted; no timezone found
$ALNC: possibly delisted; no timezone found
$ALTE: possibly delisted; no timezone found
$ALNA: possibly delisted; no timezone found
$ALTA: possibly delisted; no timezone found
$ALUS: possibly delisted; no timezone found
$ALR: possibly delisted; no timezone found
$ALLB: possibly delisted; no timezone found
$ALTV: possibly delisted; no timezone found
$ALTU: possibly delisted; no timezone found
$ALSE: possibly delisted; no timezone found
$ALXA: possibly delisted; no timezone found
$ALLK: possibly delisted; no timezone found
$ALTN: possibly delisted; no timezone found
$ALSK: possibly delisted; no timezone found
$ALRT: possibly delisted; no timezone found
$ALTR: possibly delisted; no timezone found

20 Failed downloads:
['ALPN', 'ALOG', 'ALQA', 'ALTH', 'ALNC', 'ALTE', 'ALNA', 'ALTA', 'ALUS', 'ALR', 'ALLB', 'ALTV', 'ALTU', 'ALSE', 'ALXA', 'ALLK', 'ALTN', 'ALSK', 'ALRT', 'ALTR']: possibly delisted; no timezone found
$AMRE: possibly delisted; no timezone found
$AMPS: possibly delisted; no timezone found
$AMCC: possibly delisted; no timezone found
$AMSG: possibly delisted; no timezone found
$AMPI: possibly delisted; no timezone found
$AMLN: possibly delisted; no timezone found
$ALYI: possibly delisted; no timezone found
$AMRI: possibly delisted; no timezone found
$AMBI: possibly delisted; no timezone found
$AMMD: possibly delisted; no timezone found
$AMNB: possibly delisted; no timezone found
$ALXN: possibly delisted; no timezone found
$AMBT: possibly delisted; no timezone found
$AMED: possibly delisted; no timezone found
$AMRB: possibly delisted; no timezone found
$AMBC: possibly delisted; no timezone found
$AMK: possibly delisted; no timezone found
$AMRS: possibly delisted; no timezone found
$AMNL: possibly delisted; no timezone found
$AMAG: possibly delisted; no timezone found

20 Failed downloads:
['AMRE', 'AMPS', 'AMCC', 'AMSG', 'AMPI', 'AMLN', 'ALYI', 'AMRI', 'AMBI', 'AMMD', 'AMNB', 'ALXN', 'AMBT', 'AMED', 'AMRB', 'AMBC', 'AMK', 'AMRS', 'AMNL', 'AMAG']: possibly delisted; no timezone found
$AOIP: possibly delisted; no timezone found
$ANGN: possibly delisted; no timezone found
$ANEN: possibly delisted; no timezone found
$ANDX: possibly delisted; no timezone found
$ANDV: possibly delisted; no timezone found
$ANCX: possibly delisted; no timezone found
$ANN: possibly delisted; no timezone found
$AMSWA: possibly delisted; no timezone found
$AMWD: possibly delisted; no timezone found
$ANSS: possibly delisted; no timezone found
$AMTG: possibly delisted; no timezone found
$ANGPD: possibly delisted; no timezone found
$ANH: possibly delisted; no timezone found
$AONE: possibly delisted; no timezone found
$AMTI: possibly delisted; no timezone found
$AOL: possibly delisted; no timezone found
$ANAD: possibly delisted; no timezone found
$ANR: possibly delisted; no timezone found
$ANAC: possibly delisted; no timezone found
$ANAT: possibly delisted; no timezone found

20 Failed downloads:
['AOIP', 'ANGN', 'ANEN', 'ANDX', 'ANDV', 'ANCX', 'ANN', 'AMSWA', 'AMWD', 'ANSS', 'AMTG', 'ANGPD', 'ANH', 'AONE', 'AMTI', 'AOL', 'ANAD', 'ANR', 'ANAC', 'ANAT']: possibly delisted; no timezone found
$APL: possibly delisted; no timezone found
$APOL: possibly delisted; no timezone found
$APAGF: possibly delisted; no timezone found
$APLT: possibly delisted; no timezone found
$APPH: possibly delisted; no timezone found
$APKT: possibly delisted; no timezone found
$APCA: possibly delisted; no timezone found
$APFH: possibly delisted; no timezone found
$APR: possibly delisted; no timezone found
$APRN: possibly delisted; no timezone found
$APLS: possibly delisted; no timezone found
$APEX: possibly delisted; no timezone found
$APTI: possibly delisted; no timezone found
$APEN: possibly delisted; no timezone found
$APNC: possibly delisted; no timezone found
$APFC: possibly delisted; no timezone found
$APGB: possibly delisted; no timezone found
$APNU: possibly delisted; no timezone found
$APGN: possibly delisted; no timezone found
$APRI: possibly delisted; no timezone found

20 Failed downloads:
['APL', 'APOL', 'APAGF', 'APLT', 'APPH', 'APKT', 'APCA', 'APFH', 'APR', 'APRN', 'APLS', 'APEX', 'APTI', 'APEN', 'APNC', 'APFC', 'APGB', 'APNU', 'APGN', 'APRI']: possibly delisted; no timezone found
$ARII: possibly delisted; no timezone found
$APTM: possibly delisted; no timezone found
$ARC: possibly delisted; no timezone found
$ARCH: possibly delisted; no timezone found
$ARCRCA: possibly delisted; no timezone found
$ARGO: possibly delisted; no timezone found
$ARAV: possibly delisted; no timezone found
$ARBA: possibly delisted; no timezone found
$ARGS: possibly delisted; no timezone found
$ARBGU: possibly delisted; no timezone found
$ARDM: possibly delisted; no timezone found
$AQUA: possibly delisted; no timezone found
$APTS: possibly delisted; no timezone found
$AREX: possibly delisted; no timezone found
$ARDNA: possibly delisted; no timezone found
$AQ: possibly delisted; no timezone found
$ARG: possibly delisted; no timezone found
$APTX: possibly delisted; no timezone found
$APU: possibly delisted; no timezone found
$ARA: possibly delisted; no timezone found

20 Failed downloads:
['ARII', 'APTM', 'ARC', 'ARCH', 'ARCRCA', 'ARGO', 'ARAV', 'ARBA', 'ARGS', 'ARBGU', 'ARDM', 'AQUA', 'APTS', 'AREX', 'ARDNA', 'AQ', 'ARG', 'APTX', 'APU', 'ARA']: possibly delisted; no timezone found
$ART: possibly delisted; no timezone found
$ARYD: possibly delisted; no timezone found
$ARPI: possibly delisted; no timezone found
$ARO: possibly delisted; no timezone found
$ASAQ: possibly delisted; no timezone found
$ARJ: possibly delisted; no timezone found
$ARUN: possibly delisted; no timezone found
$ASBB: possibly delisted; no timezone found
$ARTG: possibly delisted; no timezone found
$ARTX: possibly delisted; no timezone found
$ARQL: possibly delisted; no timezone found
$ARYA: possibly delisted; no timezone found
$ASCB: possibly delisted; no timezone found
$ARNA: possibly delisted; no timezone found
$ARRS: possibly delisted; no timezone found
$ARNC: possibly delisted; no timezone found
$ARLZ: possibly delisted; no timezone found
$ASCA: possibly delisted; no timezone found
$ARYE: possibly delisted; no timezone found
$ARRW: possibly delisted; no timezone found

20 Failed downloads:
['ART', 'ARYD', 'ARPI', 'ARO', 'ASAQ', 'ARJ', 'ARUN', 'ASBB', 'ARTG', 'ARTX', 'ARQL', 'ARYA', 'ASCB', 'ARNA', 'ARRS', 'ARNC', 'ARLZ', 'ASCA', 'ARYE', 'ARRW']: possibly delisted; no timezone found
$ASXC: possibly delisted; no timezone found
$ASZU: possibly delisted; no timezone found
$ASEPF: possibly delisted; no timezone found
$ASV: possibly delisted; no timezone found
$ASEI: possibly delisted; no timezone found
$ATHL: possibly delisted; no timezone found
$ATHN: possibly delisted; no timezone found
$ASFI: possibly delisted; no timezone found
$ATHX: possibly delisted; no timezone found
$ASCMA: possibly delisted; no timezone found
$ASNA: possibly delisted; no timezone found
$ASGN: possibly delisted; no timezone found
$ATAQ: possibly delisted; no timezone found
$ASI: possibly delisted; no timezone found
$AST: possibly delisted; no timezone found
$ASPX: possibly delisted; no timezone found
$ASPEN: possibly delisted; no timezone found
$ATCC: possibly delisted; no timezone found
$ASTR: possibly delisted; no timezone found
$ASEN: possibly delisted; no timezone found

20 Failed downloads:
['ASXC', 'ASZU', 'ASEPF', 'ASV', 'ASEI', 'ATHL', 'ATHN', 'ASFI', 'ATHX', 'ASCMA', 'ASNA', 'ASGN', 'ATAQ', 'ASI', 'AST', 'ASPX', 'ASPEN', 'ATCC', 'ASTR', 'ASEN']: possibly delisted; no timezone found
$ATNX: possibly delisted; no timezone found
$ATRI: possibly delisted; no timezone found
$AUSU: possibly delisted; no timezone found
$AUTO: possibly delisted; no timezone found
$ATVI: possibly delisted; no timezone found
$ATRS: possibly delisted; no timezone found
$ATLS: possibly delisted; no timezone found
$ATMS: possibly delisted; no timezone found
$ATNY: possibly delisted; no timezone found
$ATML: possibly delisted; no timezone found
$ATXS: possibly delisted; no timezone found
$ATSG: possibly delisted; no timezone found
$ATPG: possibly delisted; no timezone found
$AURCU: possibly delisted; no timezone found
$ATX: possibly delisted; no timezone found
$AUD: possibly delisted; no timezone found
$ATK: possibly delisted; no timezone found
$ATW: possibly delisted; no timezone found
$AUTH: possibly delisted; no timezone found
$ATMI: possibly delisted; no timezone found

20 Failed downloads:
['ATNX', 'ATRI', 'AUSU', 'AUTO', 'ATVI', 'ATRS', 'ATLS', 'ATMS', 'ATNY', 'ATML', 'ATXS', 'ATSG', 'ATPG', 'AURCU', 'ATX', 'AUD', 'ATK', 'ATW', 'AUTH', 'ATMI']: possibly delisted; no timezone found
$AVGR: possibly delisted; no timezone found
$AVP: possibly delisted; no timezone found
$AVYA: possibly delisted; no timezone found
$AVDX: possibly delisted; no timezone found
$AVTE: possibly delisted; no timezone found
$AVNS: possibly delisted; no timezone found
$AVNR: possibly delisted; no timezone found
$AUXL: possibly delisted; no timezone found
$AVXS: possibly delisted; no timezone found
$AVHI: possibly delisted; no timezone found
$AVAN: possibly delisted; no timezone found
$AVLR: possibly delisted; no timezone found
$AVDL: possibly delisted; no timezone found
$AVID: possibly delisted; no timezone found
$AVCT: possibly delisted; no timezone found
$AVTA: possibly delisted; no timezone found
$AVTD: possibly delisted; no timezone found
$AVACU: possibly delisted; no timezone found
$AVEO: possibly delisted; no timezone found
$AVNU: possibly delisted; no timezone found

20 Failed downloads:
['AVGR', 'AVP', 'AVYA', 'AVDX', 'AVTE', 'AVNS', 'AVNR', 'AUXL', 'AVXS', 'AVHI', 'AVAN', 'AVLR', 'AVDL', 'AVID', 'AVCT', 'AVTA', 'AVTD', 'AVACU', 'AVEO', 'AVNU']: possibly delisted; no timezone found
$AXE: possibly delisted; no timezone found
$BAKKT: possibly delisted; no timezone found
$AYE: possibly delisted; no timezone found
$AXDX: possibly delisted; no timezone found
$AXAR: possibly delisted; no timezone found
$BACA: possibly delisted; no timezone found
$AXNX: possibly delisted; no timezone found
$AZEK: possibly delisted; no timezone found
$AYR: possibly delisted; no timezone found
$AZPN: possibly delisted; no timezone found
$BAGR: possibly delisted; no timezone found
$AXLL: possibly delisted; no timezone found
$AYX: possibly delisted; no timezone found
$AXLA: possibly delisted; no timezone found
$AWH: possibly delisted; no timezone found
$BAGL: possibly delisted; no timezone found
$AXPW: possibly delisted; no timezone found
$AZUR: possibly delisted; no timezone found
$AYLA: possibly delisted; no timezone found
$AXAS: possibly delisted; no timezone found

20 Failed downloads:
['AXE', 'BAKKT', 'AYE', 'AXDX', 'AXAR', 'BACA', 'AXNX', 'AZEK', 'AYR', 'AZPN', 'BAGR', 'AXLL', 'AYX', 'AXLA', 'AWH', 'BAGL', 'AXPW', 'AZUR', 'AYLA', 'AXAS']: possibly delisted; no timezone found
$BBCZ: possibly delisted; no timezone found
$BBEP: possibly delisted; no timezone found
$BBG: possibly delisted; no timezone found
$BBOX: possibly delisted; no timezone found
$BBX: possibly delisted; no timezone found
$BBBB: possibly delisted; no timezone found
$BCORP: possibly delisted; no timezone found
$BCEL: possibly delisted; no timezone found
$BBNK: possibly delisted; no timezone found
$BAXS: possibly delisted; no timezone found
$BBQ: possibly delisted; no timezone found
$BBRY: possibly delisted; no timezone found
$BASX: possibly delisted; no timezone found
$BASE: possibly delisted; no timezone found
$BAMM: possibly delisted; no timezone found
$BBRG: possibly delisted; no timezone found
$BAYK: possibly delisted; no timezone found
$BCOV: possibly delisted; no timezone found
$BCR: possibly delisted; no timezone found
$BBLN: possibly delisted; no timezone found

20 Failed downloads:
['BBCZ', 'BBEP', 'BBG', 'BBOX', 'BBX', 'BBBB', 'BCORP', 'BCEL', 'BBNK', 'BAXS', 'BBQ', 'BBRY', 'BASX', 'BASE', 'BAMM', 'BBRG', 'BAYK', 'BCOV', 'BCR', 'BBLN']: possibly delisted; no timezone found
$BDFF: possibly delisted; no timezone found
$BERK: possibly delisted; no timezone found
$BEE: possibly delisted; no timezone found
$BETS: possibly delisted; no timezone found
$BCYP: possibly delisted; no timezone found
$BDBD: possibly delisted; no timezone found
$BEAV: possibly delisted; no timezone found
$BDR: possibly delisted; no timezone found
$BEES: possibly delisted; no timezone found
$BELK: possibly delisted; no timezone found
$BERY: possibly delisted; no timezone found
$BFAC: possibly delisted; no timezone found
$BETM: possibly delisted; no timezone found
$BEL: possibly delisted; no timezone found
$BECN: possibly delisted; no timezone found
$BCRH: possibly delisted; no timezone found
$BDMS: possibly delisted; no timezone found
$BDSI: possibly delisted; no timezone found
$BCSI: possibly delisted; no timezone found
$BCSA: possibly delisted; no timezone found

20 Failed downloads:
['BDFF', 'BERK', 'BEE', 'BETS', 'BCYP', 'BDBD', 'BEAV', 'BDR', 'BEES', 'BELK', 'BERY', 'BFAC', 'BETM', 'BEL', 'BECN', 'BCRH', 'BDMS', 'BDSI', 'BCSI', 'BCSA']: possibly delisted; no timezone found
$BFI: possibly delisted; no timezone found
$BFED: possibly delisted; no price data found  (1d 2008-01-01 -> 2026-09-26)
$BHBK: possibly delisted; no timezone found
$BHOI: possibly delisted; no timezone found
$BGG: possibly delisted; no timezone found
$BIND: possibly delisted; no timezone found
$BIOL: possibly delisted; no timezone found
$BGNE: possibly delisted; no timezone found
$BIG: possibly delisted; no timezone found
$BGXX: possibly delisted; no timezone found
$BHACU: possibly delisted; no timezone found
$BHIL: possibly delisted; no timezone found
$BFSB: possibly delisted; no timezone found
$BFB: possibly delisted; no timezone found
$BFIN: possibly delisted; no price data found  (1d 2008-01-01 -> 2026-09-26)
$BHAC: possibly delisted; no timezone found
$BIGC: possibly delisted; no timezone found
$BIOC: possibly delisted; no timezone found
$BGRY: possibly delisted; no timezone found
$BGFV: possibly delisted; no timezone found

20 Failed downloads:
['BFI', 'BHBK', 'BHOI', 'BGG', 'BIND', 'BIOL', 'BGNE', 'BIG', 'BGXX', 'BHACU', 'BHIL', 'BFSB', 'BFB', 'BHAC', 'BIGC', 'BIOC', 'BGRY', 'BGFV']: possibly delisted; no timezone found
['BFED', 'BFIN']: possibly delisted; no price data found  (1d 2008-01-01 -> 2026-09-26)
$BK: possibly delisted; no price data found  (1d 2008-01-01 -> 2026-09-26) (Yahoo error = "No data found, symbol may be delisted")
$BKYF: possibly delisted; no timezone found
$BKCC: possibly delisted; no timezone found
$BJS: possibly delisted; no timezone found
$BIOS: possibly delisted; no timezone found
$BLCM: possibly delisted; no timezone found
$BLBX: possibly delisted; no timezone found
$BKW: possibly delisted; no timezone found
$BKI: possibly delisted; no timezone found
$BIRT: possibly delisted; no timezone found
$BKC: possibly delisted; no timezone found
$BKS: possibly delisted; no timezone found
$BKBK: possibly delisted; no timezone found
$BKJ: possibly delisted; no timezone found
$BIVV: possibly delisted; no timezone found
$BKMU: possibly delisted; no timezone found
$BLC: possibly delisted; no timezone found
$BIOR: possibly delisted; no timezone found
$BKEP: possibly delisted; no timezone found
$BKRS: possibly delisted; no timezone found

20 Failed downloads:
['BK']: possibly delisted; no price data found  (1d 2008-01-01 -> 2026-09-26) (Yahoo error = "No data found, symbol may be delisted")
['BKYF', 'BKCC', 'BJS', 'BIOS', 'BLCM', 'BLBX', 'BKW', 'BKI', 'BIRT', 'BKC', 'BKS', 'BKBK', 'BKJ', 'BIVV', 'BKMU', 'BLC', 'BIOR', 'BKEP', 'BKRS']: possibly delisted; no timezone found
$BLUE: possibly delisted; no timezone found
$BLT: possibly delisted; no timezone found
$BLNG: possibly delisted; no timezone found
$BLI: possibly delisted; no timezone found
$BMAC: possibly delisted; no timezone found
$BMC: possibly delisted; no timezone found
$BLVDU: possibly delisted; no timezone found
$BLDE: possibly delisted; no timezone found
$BLMT: possibly delisted; no timezone found
$BLUD: possibly delisted; no timezone found
$BLXX: possibly delisted; no timezone found
$BLSA: possibly delisted; no timezone found
$BLTA: possibly delisted; no timezone found
$BMCH: possibly delisted; no timezone found
$BLPH: possibly delisted; no timezone found
$BLD: possibly delisted; no timezone found
$BLUA: possibly delisted; no timezone found
$BLEU: possibly delisted; no timezone found
$BLUF: possibly delisted; no timezone found
$BLTSU: possibly delisted; no timezone found

20 Failed downloads:
['BLUE', 'BLT', 'BLNG', 'BLI', 'BMAC', 'BMC', 'BLVDU', 'BLDE', 'BLMT', 'BLUD', 'BLXX', 'BLSA', 'BLTA', 'BMCH', 'BLPH', 'BLD', 'BLUA', 'BLEU', 'BLUF', 'BLTSU']: possibly delisted; no timezone found
$BNI: possibly delisted; no timezone found
$BNVI: possibly delisted; no timezone found
$BNNY: possibly delisted; no timezone found
$BOBE: possibly delisted; no timezone found
$BOCH: possibly delisted; no timezone found
$BMTX: possibly delisted; no timezone found
$BNE: possibly delisted; no timezone found
$BODY: possibly delisted; no timezone found
$BOAS: possibly delisted; no timezone found
$BOJA: possibly delisted; no timezone found
$BOCN: possibly delisted; no timezone found
$BNCL: possibly delisted; no timezone found
$BNFT: possibly delisted; no timezone found
$BOAC: possibly delisted; no timezone found
$BONT: possibly delisted; no timezone found
$BOMH: possibly delisted; no timezone found
$BMTI: possibly delisted; no timezone found
$BMTC: possibly delisted; no timezone found
$BMS: possibly delisted; no timezone found
$BNCN: possibly delisted; no timezone found

20 Failed downloads:
['BNI', 'BNVI', 'BNNY', 'BOBE', 'BOCH', 'BMTX', 'BNE', 'BODY', 'BOAS', 'BOJA', 'BOCN', 'BNCL', 'BNFT', 'BOAC', 'BONT', 'BOMH', 'BMTI', 'BMTC', 'BMS', 'BNCN']: possibly delisted; no timezone found
$BRCD: possibly delisted; no timezone found
$BRCM: possibly delisted; no timezone found
$BPGC: possibly delisted; no timezone found
$BOWL: possibly delisted; no timezone found
$BPMC: possibly delisted; no timezone found
$BPMP: possibly delisted; no timezone found
$BREN: possibly delisted; no timezone found
$BRKA: possibly delisted; no timezone found
$BRDG: possibly delisted; no timezone found
$BPL: possibly delisted; no timezone found
$BRD: possibly delisted; no timezone found
$BPFH: possibly delisted; no timezone found
$BONU: possibly delisted; no timezone found
$BOSM: possibly delisted; no timezone found
$BRDR: possibly delisted; no timezone found
$BRE: possibly delisted; no timezone found
$BRG: possibly delisted; no timezone found
$BOXD: possibly delisted; no timezone found
$BPZ: possibly delisted; no timezone found
$BRIV: possibly delisted; no timezone found

20 Failed downloads:
['BRCD', 'BRCM', 'BPGC', 'BOWL', 'BPMC', 'BPMP', 'BREN', 'BRKA', 'BRDG', 'BPL', 'BRD', 'BPFH', 'BONU', 'BOSM', 'BRDR', 'BRE', 'BRG', 'BOXD', 'BPZ', 'BRIV']: possibly delisted; no timezone found
$BSFT: possibly delisted; no timezone found
$BSAQ: possibly delisted; no timezone found
$BSF: possibly delisted; no timezone found
$BTFL: possibly delisted; no timezone found
$BRTS: possibly delisted; no timezone found
$BSQR: possibly delisted; no timezone found
$BTUI: possibly delisted; no timezone found
$BTFG: possibly delisted; no timezone found
$BSPRT: possibly delisted; no timezone found
$BTM: possibly delisted; no timezone found
$BRSS: possibly delisted; no timezone found
$BTH: possibly delisted; no timezone found
$BRMK: possibly delisted; no timezone found
$BRY: possibly delisted; no timezone found
$BTAQ: possibly delisted; no timezone found
$BSTC: possibly delisted; no timezone found
$BSKYU: possibly delisted; no timezone found
$BSIG: possibly delisted; no timezone found
$BRS: possibly delisted; no timezone found
$BRLI: possibly delisted; no timezone found

20 Failed downloads:
['BSFT', 'BSAQ', 'BSF', 'BTFL', 'BRTS', 'BSQR', 'BTUI', 'BTFG', 'BSPRT', 'BTM', 'BRSS', 'BTH', 'BRMK', 'BRY', 'BTAQ', 'BSTC', 'BSKYU', 'BSIG', 'BRS', 'BRLI']: possibly delisted; no timezone found
$CAB: possibly delisted; no timezone found
$BYI: possibly delisted; no timezone found
$BVH: possibly delisted; no timezone found
$BTWN: possibly delisted; no timezone found
$CAAH: possibly delisted; no timezone found
$CACB: possibly delisted; no timezone found
$BVSN: possibly delisted; no timezone found
$BXRX: possibly delisted; no timezone found
$CAA: possibly delisted; no timezone found
$BTZO: possibly delisted; no timezone found
$BYLK: possibly delisted; no timezone found
$BWP: possibly delisted; no timezone found
$BWCAU: possibly delisted; no timezone found
$BZC: possibly delisted; no timezone found
$BXG: possibly delisted; no timezone found
$BUCY: possibly delisted; no timezone found
$CA: possibly delisted; no timezone found
$BWLD: possibly delisted; no timezone found
$BXS: possibly delisted; no timezone found
$BYBK: possibly delisted; no timezone found

20 Failed downloads:
['CAB', 'BYI', 'BVH', 'BTWN', 'CAAH', 'CACB', 'BVSN', 'BXRX', 'CAA', 'BTZO', 'BYLK', 'BWP', 'BWCAU', 'BZC', 'BXG', 'BUCY', 'CA', 'BWLD', 'BXS', 'BYBK']: possibly delisted; no timezone found
$CATC: possibly delisted; no timezone found
$CATM: possibly delisted; no timezone found
$CADE: possibly delisted; no timezone found
$CARO: possibly delisted; no timezone found
$CASC: possibly delisted; no timezone found
$CASA: possibly delisted; no timezone found
$CAFI: possibly delisted; no timezone found
$CACGU: possibly delisted; no timezone found
$CAFD: possibly delisted; no timezone found
$CARB: possibly delisted; no timezone found
$CANO: possibly delisted; no timezone found
$CALB: possibly delisted; no timezone found
$CAPP: possibly delisted; no timezone found
$CACQ: possibly delisted; no timezone found
$CALL: possibly delisted; no timezone found
$CALD: possibly delisted; no timezone found
$CADX: possibly delisted; no timezone found
$CASI: possibly delisted; no timezone found
$CAVF: possibly delisted; no timezone found
$CAMBU: possibly delisted; no timezone found

20 Failed downloads:
['CATC', 'CATM', 'CADE', 'CARO', 'CASC', 'CASA', 'CAFI', 'CACGU', 'CAFD', 'CARB', 'CANO', 'CALB', 'CAPP', 'CACQ', 'CALL', 'CALD', 'CADX', 'CASI', 'CAVF', 'CAMBU']: possibly delisted; no timezone found
$CBEY: possibly delisted; no timezone found
$CBI: possibly delisted; no timezone found
$CBAY: possibly delisted; no timezone found
$CBMG: possibly delisted; no timezone found
$CBKN: possibly delisted; no timezone found
$CBR: possibly delisted; no timezone found
$CBOU: possibly delisted; no timezone found
$CAVM: possibly delisted; no timezone found
$CBPO: possibly delisted; no timezone found
$CBPX: possibly delisted; no timezone found
$CBLK: possibly delisted; no timezone found
$CBMB: possibly delisted; no timezone found
$CBE: possibly delisted; no timezone found
$CBIS: possibly delisted; no timezone found
$CBNJ: possibly delisted; no timezone found
$CAW: possibly delisted; no timezone found
$CBAI: possibly delisted; no timezone found
$CBF: possibly delisted; no timezone found
$CBB: possibly delisted; no timezone found
$CBM: possibly delisted; no timezone found

20 Failed downloads:
['CBEY', 'CBI', 'CBAY', 'CBMG', 'CBKN', 'CBR', 'CBOU', 'CAVM', 'CBPO', 'CBPX', 'CBLK', 'CBMB', 'CBE', 'CBIS', 'CBNJ', 'CAW', 'CBAI', 'CBF', 'CBB', 'CBM']: possibly delisted; no timezone found
$CDAK: possibly delisted; no timezone found
$CCE: possibly delisted; no timezone found
$CCLP: possibly delisted; no timezone found
$CCAN: possibly delisted; no timezone found
$CCRD: possibly delisted; no timezone found
$CDI: possibly delisted; no timezone found
$CCAA: possibly delisted; no timezone found
$CCF: possibly delisted; no timezone found
$CCMP: possibly delisted; no timezone found
$CCP: possibly delisted; no timezone found
$CCGN: possibly delisted; no timezone found
$CCN: possibly delisted; no timezone found
$CCV: possibly delisted; no timezone found
$CCAI: possibly delisted; no timezone found
$CCITII: possibly delisted; no timezone found
$CCPTV: possibly delisted; no timezone found
$CCRN: possibly delisted; no timezone found
$CBST: possibly delisted; no timezone found
$CCVI: possibly delisted; no timezone found
$CCHWF: possibly delisted; no timezone found

20 Failed downloads:
['CDAK', 'CCE', 'CCLP', 'CCAN', 'CCRD', 'CDI', 'CCAA', 'CCF', 'CCMP', 'CCP', 'CCGN', 'CCN', 'CCV', 'CCAI', 'CCITII', 'CCPTV', 'CCRN', 'CBST', 'CCVI', 'CCHWF']: possibly delisted; no timezone found
$CEDC: possibly delisted; no timezone found
$CEI: possibly delisted; no timezone found
$CDR: possibly delisted; no timezone found
$CDOR: possibly delisted; no timezone found
$CECB: possibly delisted; no timezone found
$CDXC: possibly delisted; no timezone found
$CELDYNP: possibly delisted; no timezone found
$CEC: possibly delisted; no timezone found
$CDII: possibly delisted; no timezone found
$CEBK: possibly delisted; no timezone found
$CDK: possibly delisted; no timezone found
$CEII: possibly delisted; no timezone found
$CEB: possibly delisted; no timezone found
$CDMO: possibly delisted; no timezone found
$CELL: possibly delisted; no timezone found
$CELG: possibly delisted; no timezone found
$CDRB: possibly delisted; no timezone found
$CDVT: possibly delisted; no timezone found
$CDTX: possibly delisted; no timezone found
$CECX: possibly delisted; no timezone found

20 Failed downloads:
['CEDC', 'CEI', 'CDR', 'CDOR', 'CECB', 'CDXC', 'CELDYNP', 'CEC', 'CDII', 'CEBK', 'CDK', 'CEII', 'CEB', 'CDMO', 'CELL', 'CELG', 'CDRB', 'CDVT', 'CDTX', 'CECX']: possibly delisted; no timezone found
$CFMS: possibly delisted; no timezone found
$CFD: possibly delisted; no timezone found
$CFMI: possibly delisted; no timezone found
$CFB: possibly delisted; no timezone found
$CFFC: possibly delisted; no timezone found
$CFFS: possibly delisted; no timezone found
$CERN: possibly delisted; no timezone found
$CFFA: possibly delisted; no timezone found
$CFCB: possibly delisted; no timezone found
$CFNL: possibly delisted; no timezone found
$CELP: possibly delisted; no timezone found
$CEQP: possibly delisted; no timezone found
$CETV: possibly delisted; no timezone found
$CERE: possibly delisted; no timezone found
$CEMI: possibly delisted; no timezone found
$CFLT: possibly delisted; no timezone found
$CFN: possibly delisted; no timezone found
$CFRI: possibly delisted; no timezone found
$CEPH: possibly delisted; no timezone found
$CFIV: possibly delisted; no timezone found

20 Failed downloads:
['CFMS', 'CFD', 'CFMI', 'CFB', 'CFFC', 'CFFS', 'CERN', 'CFFA', 'CFCB', 'CFNL', 'CELP', 'CEQP', 'CETV', 'CERE', 'CEMI', 'CFLT', 'CFN', 'CFRI', 'CEPH', 'CFIV']: possibly delisted; no timezone found
$CGEH: possibly delisted; no timezone found
$CHAA: possibly delisted; no timezone found
$CHNG: possibly delisted; no timezone found
$CHFN: possibly delisted; no timezone found
$CGROU: possibly delisted; no timezone found
$CGX: possibly delisted; no timezone found
$CFRX: possibly delisted; no timezone found
$CHBT: possibly delisted; no price data found  (1d 2008-01-01 -> 2026-09-26)
$CHAMPIONX: possibly delisted; no timezone found
$CHM: possibly delisted; no price data found  (1d 2008-01-01 -> 2026-09-26)
$CGWB: possibly delisted; no timezone found
$CGI: possibly delisted; no timezone found
$CHPE: possibly delisted; no timezone found
$CHLN: possibly delisted; no timezone found
$CHPM: possibly delisted; no timezone found
$CHDX: possibly delisted; no timezone found
$CHMT: possibly delisted; no timezone found
$CHMA: possibly delisted; no timezone found
$CFX: possibly delisted; no timezone found
$CHLO: possibly delisted; no timezone found

20 Failed downloads:
['CGEH', 'CHAA', 'CHNG', 'CHFN', 'CGROU', 'CGX', 'CFRX', 'CHAMPIONX', 'CGWB', 'CGI', 'CHPE', 'CHLN', 'CHPM', 'CHDX', 'CHMT', 'CHMA', 'CFX', 'CHLO']: possibly delisted; no timezone found
['CHBT', 'CHM']: possibly delisted; no price data found  (1d 2008-01-01 -> 2026-09-26)
$CHRA: possibly delisted; no timezone found
$CHPR: possibly delisted; no timezone found
$CINR: possibly delisted; no timezone found
$CIO: possibly delisted; no timezone found
$CISN: possibly delisted; no timezone found
$CIIC: possibly delisted; no timezone found
$CHUY: possibly delisted; no timezone found
$CIIG: possibly delisted; no timezone found
$CHUBA: possibly delisted; no timezone found
$CHTH: possibly delisted; no timezone found
$CIE: possibly delisted; no timezone found
$CHYL: possibly delisted; no timezone found
$CHUX: possibly delisted; no timezone found
$CIGW: possibly delisted; no timezone found
$CHSI: possibly delisted; no price data found  (1d 2008-01-01 -> 2026-09-26)
$CHTP: possibly delisted; no timezone found
$CIT: possibly delisted; no timezone found
$CHSP: possibly delisted; no timezone found
$CHS: possibly delisted; no timezone found
$CINAV: possibly delisted; no timezone found

20 Failed downloads:
['CHRA', 'CHPR', 'CINR', 'CIO', 'CISN', 'CIIC', 'CHUY', 'CIIG', 'CHUBA', 'CHTH', 'CIE', 'CHYL', 'CHUX', 'CIGW', 'CHTP', 'CIT', 'CHSP', 'CHS', 'CINAV']: possibly delisted; no timezone found
['CHSI']: possibly delisted; no price data found  (1d 2008-01-01 -> 2026-09-26)
$CKP: possibly delisted; no timezone found
$CLBS: possibly delisted; no timezone found
$CLCD: possibly delisted; no timezone found
$CKPT: possibly delisted; no timezone found
$CKH: possibly delisted; no timezone found
$CKEC: possibly delisted; no timezone found
$CITE: possibly delisted; no timezone found
$CLGX: possibly delisted; no timezone found
$CLAA: possibly delisted; no timezone found
$CLCT: possibly delisted; no timezone found
$CLACU: possibly delisted; no timezone found
$CLDB: possibly delisted; no timezone found
$CJES: possibly delisted; no timezone found
$CLD: possibly delisted; no timezone found
$CLDR: possibly delisted; no timezone found
$CLC: possibly delisted; no timezone found
$CLAS: possibly delisted; no timezone found
$CLBH: possibly delisted; no timezone found
$CIVI: possibly delisted; no timezone found
$CLMS: possibly delisted; no timezone found

20 Failed downloads:
['CKP', 'CLBS', 'CLCD', 'CKPT', 'CKH', 'CKEC', 'CITE', 'CLGX', 'CLAA', 'CLCT', 'CLACU', 'CLDB', 'CJES', 'CLD', 'CLDR', 'CLC', 'CLAS', 'CLBH', 'CIVI', 'CLMS']: possibly delisted; no timezone found
$CLR: possibly delisted; no timezone found
$CMA: possibly delisted; no timezone found
$CMKG: possibly delisted; no timezone found
$CMD: possibly delisted; no timezone found
$CMLS: possibly delisted; no timezone found
$CMFT: possibly delisted; no timezone found
$CLWR: possibly delisted; no timezone found
$CLOUD: possibly delisted; no timezone found
$CLSP: possibly delisted; no timezone found
$CMFB: possibly delisted; no timezone found
$CLP: possibly delisted; no timezone found
$CLNY: possibly delisted; no timezone found
$CLRM: possibly delisted; no timezone found
$CMLP: possibly delisted; no timezone found
$CLOE: possibly delisted; no timezone found
$CLSD: possibly delisted; no timezone found
$CLVS: possibly delisted; no timezone found
$CMO: possibly delisted; no timezone found
$CMCA: possibly delisted; no timezone found
$CMAX: possibly delisted; no timezone found

20 Failed downloads:
['CLR', 'CMA', 'CMKG', 'CMD', 'CMLS', 'CMFT', 'CLWR', 'CLOUD', 'CLSP', 'CMFB', 'CLP', 'CLNY', 'CLRM', 'CMLP', 'CLOE', 'CLSD', 'CLVS', 'CMO', 'CMCA', 'CMAX']: possibly delisted; no timezone found
$CNTA: possibly delisted; no timezone found
$CMRX: possibly delisted; no timezone found
$CNW: possibly delisted; no timezone found
$CMSS: possibly delisted; no timezone found
$CMPO: possibly delisted; no timezone found
$CMRO: possibly delisted; no timezone found
$CNCE: possibly delisted; no timezone found
$CNXM: possibly delisted; no timezone found
$CNVR: possibly delisted; no timezone found
$CMPI: possibly delisted; no timezone found
$CMVT: possibly delisted; no timezone found
$CNSL: possibly delisted; no timezone found
$CNQR: possibly delisted; no timezone found
$CNIG: possibly delisted; no timezone found
$CNBKA: possibly delisted; no timezone found
$CNHI: possibly delisted; no timezone found
$CNVO: possibly delisted; no price data found  (1d 2008-01-01 -> 2026-09-26)
$CND: possibly delisted; no timezone found
$CNST: possibly delisted; no timezone found
$CNGW: possibly delisted; no timezone found

20 Failed downloads:
['CNTA', 'CMRX', 'CNW', 'CMSS', 'CMPO', 'CMRO', 'CNCE', 'CNXM', 'CNVR', 'CMPI', 'CMVT', 'CNSL', 'CNQR', 'CNIG', 'CNBKA', 'CNHI', 'CND', 'CNST', 'CNGW']: possibly delisted; no timezone found
['CNVO']: possibly delisted; no price data found  (1d 2008-01-01 -> 2026-09-26)
$CORR: possibly delisted; no timezone found
$COOP: possibly delisted; no timezone found
$COBR: possibly delisted; no timezone found
$COMV: possibly delisted; no timezone found
$COB: possibly delisted; no timezone found
$COBZ: possibly delisted; no timezone found
$CNXR: possibly delisted; no timezone found
$CODE: possibly delisted; no timezone found
$CONXU: possibly delisted; no timezone found
$CONN: possibly delisted; no timezone found
$COFI: possibly delisted; no timezone found
$CORE: possibly delisted; no timezone found
$CORNER: possibly delisted; no timezone found
$CONE: possibly delisted; no timezone found
$COBK: possibly delisted; no timezone found
$CORS: possibly delisted; no timezone found
$COLI: possibly delisted; no timezone found
$COEP: possibly delisted; no timezone found
$COG: possibly delisted; no timezone found
$COL: possibly delisted; no timezone found

20 Failed downloads:
['CORR', 'COOP', 'COBR', 'COMV', 'COB', 'COBZ', 'CNXR', 'CODE', 'CONXU', 'CONN', 'COFI', 'CORE', 'CORNER', 'CONE', 'COBK', 'CORS', 'COLI', 'COEP', 'COG', 'COL']: possibly delisted; no timezone found
$CPTKW: possibly delisted; no timezone found
$COWN: possibly delisted; no timezone found
$CPN: possibly delisted; no timezone found
$CPRX: possibly delisted; no timezone found
$CPNO: possibly delisted; no timezone found
$CPLG: possibly delisted; no timezone found
$CPPL: possibly delisted; no timezone found
$COV: possibly delisted; no timezone found
$CPTS: possibly delisted; no timezone found
$CPAA: possibly delisted; no timezone found
$CPE: possibly delisted; no timezone found
$COTV: possibly delisted; no timezone found
$CPLA: possibly delisted; no timezone found
$COSI: possibly delisted; no timezone found
$COVR: possibly delisted; no timezone found
$CPAAU: possibly delisted; no timezone found
$COUP: possibly delisted; no timezone found
$CPHD: possibly delisted; no timezone found
$CPSI: possibly delisted; no timezone found
$COYR: possibly delisted; no timezone found

20 Failed downloads:
['CPTKW', 'COWN', 'CPN', 'CPRX', 'CPNO', 'CPLG', 'CPPL', 'COV', 'CPTS', 'CPAA', 'CPE', 'COTV', 'CPLA', 'COSI', 'COVR', 'CPAAU', 'COUP', 'CPHD', 'CPSI', 'COYR']: possibly delisted; no timezone found
$CRMB: possibly delisted; no timezone found
$CQH: possibly delisted; no timezone found
$CRDA: possibly delisted; no timezone found
$CPY: possibly delisted; no timezone found
$CRDN: possibly delisted; no timezone found
$CRCM: possibly delisted; no timezone found
$CRHM: possibly delisted; no timezone found
$CPX: possibly delisted; no timezone found
$CRRC: possibly delisted; no timezone found
$CRLRF: possibly delisted; no timezone found
$CPWM: possibly delisted; no timezone found
$CRHC: possibly delisted; no timezone found
$CRAY: possibly delisted; no timezone found
$CRR: possibly delisted; no timezone found
$CRGS: possibly delisted; no timezone found
$CRBC: possibly delisted; no timezone found
$CQB: possibly delisted; no timezone found
$CRFN: possibly delisted; no timezone found
$CPUH: possibly delisted; no timezone found
$CRGE: possibly delisted; no timezone found

20 Failed downloads:
['CRMB', 'CQH', 'CRDA', 'CPY', 'CRDN', 'CRCM', 'CRHM', 'CPX', 'CRRC', 'CRLRF', 'CPWM', 'CRHC', 'CRAY', 'CRR', 'CRGS', 'CRBC', 'CQB', 'CRFN', 'CPUH', 'CRGE']: possibly delisted; no timezone found
$CSBK: possibly delisted; no timezone found
$CRTX: possibly delisted; no timezone found
$CSE: possibly delisted; no timezone found
$CSAX: possibly delisted; no timezone found
$CRYO: possibly delisted; no timezone found
$CSC: possibly delisted; no timezone found
$CSGS: possibly delisted; no timezone found
$CRRS: possibly delisted; no timezone found
$CRWN: possibly delisted; no timezone found
$CSLT: possibly delisted; no timezone found
$CSII: possibly delisted; no timezone found
$CSLM: possibly delisted; no timezone found
$CRXT: possibly delisted; no timezone found
$CSH: possibly delisted; no timezone found
$CRZNU: possibly delisted; no timezone found
$CSFL: possibly delisted; no timezone found
$CSOD: possibly delisted; no timezone found
$CSA: possibly delisted; no timezone found
$CRZO: possibly delisted; no timezone found
$CSCD: possibly delisted; no timezone found

20 Failed downloads:
['CSBK', 'CRTX', 'CSE', 'CSAX', 'CRYO', 'CSC', 'CSGS', 'CRRS', 'CRWN', 'CSLT', 'CSII', 'CSLM', 'CRXT', 'CSH', 'CRZNU', 'CSFL', 'CSOD', 'CSA', 'CRZO', 'CSCD']: possibly delisted; no timezone found
$CTCM: possibly delisted; no timezone found
$CSS: possibly delisted; no timezone found
$CST: possibly delisted; no timezone found
$CTAQ: possibly delisted; no timezone found
$CTAC: possibly delisted; no timezone found
$CTFO: possibly delisted; no price data found  (1d 2008-01-01 -> 2026-09-26)
$CSTR: possibly delisted; no timezone found
$CTB: possibly delisted; no timezone found
$CSWI: possibly delisted; no timezone found
$CTIC: possibly delisted; no timezone found
$CTIG: possibly delisted; no timezone found
$CSPR: possibly delisted; no timezone found
$CSSE: possibly delisted; no timezone found
$CTEK: possibly delisted; no timezone found
$CTHR: possibly delisted; no timezone found
$CTCT: possibly delisted; no timezone found
$CTLE: possibly delisted; no timezone found
$CSTU: possibly delisted; no timezone found
$CTG: possibly delisted; no timezone found
$CTF: possibly delisted; no timezone found

20 Failed downloads:
['CTCM', 'CSS', 'CST', 'CTAQ', 'CTAC', 'CSTR', 'CTB', 'CSWI', 'CTIC', 'CTIG', 'CSPR', 'CSSE', 'CTEK', 'CTHR', 'CTCT', 'CTLE', 'CSTU', 'CTG', 'CTF']: possibly delisted; no timezone found
['CTFO']: possibly delisted; no price data found  (1d 2008-01-01 -> 2026-09-26)
$CURO: possibly delisted; no timezone found
$CUTR: possibly delisted; no timezone found
$CTT: possibly delisted; no timezone found
$CTRX: possibly delisted; no timezone found
$CVD: possibly delisted; no timezone found
$CVA: possibly delisted; no timezone found
$CTLP: possibly delisted; no timezone found
$CTP: possibly delisted; no timezone found
$CUDA: possibly delisted; no timezone found
$CUNB: possibly delisted; no timezone found
$CTWS: possibly delisted; no timezone found
$CTLT: possibly delisted; no timezone found
$CTV: possibly delisted; no timezone found
$CTXS: possibly delisted; no timezone found
$CVCY: possibly delisted; no timezone found
$CTRC: possibly delisted; no timezone found
$CVBK: possibly delisted; no timezone found
$CTRL: possibly delisted; no timezone found
$CUAU: possibly delisted; no timezone found
$CVC: possibly delisted; no timezone found

20 Failed downloads:
['CURO', 'CUTR', 'CTT', 'CTRX', 'CVD', 'CVA', 'CTLP', 'CTP', 'CUDA', 'CUNB', 'CTWS', 'CTLT', 'CTV', 'CTXS', 'CVCY', 'CTRC', 'CVBK', 'CTRL', 'CUAU', 'CVC']: possibly delisted; no timezone found
$CVVT: possibly delisted; no timezone found
$CVIA: possibly delisted; no timezone found
$CXAC: possibly delisted; no timezone found
$CVG: possibly delisted; no timezone found
$CVII: possibly delisted; no timezone found
$CWTR: possibly delisted; no timezone found
$CVH: possibly delisted; no timezone found
$CVTV: possibly delisted; no timezone found
$CWBR: possibly delisted; no timezone found
$CWEI: possibly delisted; no timezone found
$CVRR: possibly delisted; no timezone found
$CVET: possibly delisted; no timezone found
$CWAY: possibly delisted; no timezone found
$CVT: possibly delisted; no timezone found
$CVO: possibly delisted; no timezone found
$CVTI: possibly delisted; no timezone found
$CVRS: possibly delisted; no timezone found
$CVGW: possibly delisted; no timezone found
$CWAN: possibly delisted; no price data found  (1d 2008-01-01 -> 2026-09-26)
$CVLY: possibly delisted; no timezone found

20 Failed downloads:
['CVVT', 'CVIA', 'CXAC', 'CVG', 'CVII', 'CWTR', 'CVH', 'CVTV', 'CWBR', 'CWEI', 'CVRR', 'CVET', 'CWAY', 'CVT', 'CVO', 'CVTI', 'CVRS', 'CVGW', 'CVLY']: possibly delisted; no timezone found
['CWAN']: possibly delisted; no price data found  (1d 2008-01-01 -> 2026-09-26)
$CZFC: possibly delisted; no timezone found
$CXPO: possibly delisted; no timezone found
$CYS: possibly delisted; no timezone found
$CXG: possibly delisted; no timezone found
$CXEE: possibly delisted; no timezone found
$CXO: possibly delisted; no timezone found
$CYRN: possibly delisted; no timezone found
$CYXT: possibly delisted; no timezone found
$CYLU: possibly delisted; no timezone found
$CYBE: possibly delisted; no timezone found
$CXP: possibly delisted; no timezone found
$CYIG: possibly delisted; no timezone found
$CYBX: possibly delisted; no timezone found
$CXS: possibly delisted; no timezone found
$CY: possibly delisted; no timezone found
$CYMI: possibly delisted; no timezone found
$CYNI: possibly delisted; no timezone found
$CYNO: possibly delisted; no timezone found
$CYT: possibly delisted; no timezone found
$CXDC: possibly delisted; no timezone found

20 Failed downloads:
['CZFC', 'CXPO', 'CYS', 'CXG', 'CXEE', 'CXO', 'CYRN', 'CYXT', 'CYLU', 'CYBE', 'CXP', 'CYIG', 'CYBX', 'CXS', 'CY', 'CYMI', 'CYNI', 'CYNO', 'CYT', 'CXDC']: possibly delisted; no timezone found
$DENN: possibly delisted; no timezone found
$DAVEY: possibly delisted; no timezone found
$DDE: possibly delisted; no timezone found
$DDCC: possibly delisted; no timezone found
$DBS: possibly delisted; no timezone found
$DAWN: possibly delisted; no timezone found
$DEN: possibly delisted; no timezone found
$DCT: possibly delisted; no timezone found
$DALN: possibly delisted; no timezone found
$DCPH: possibly delisted; no timezone found
$DEL: possibly delisted; no timezone found
$DDIC: possibly delisted; no timezone found
$DAY: possibly delisted; no timezone found
$DAKP: possibly delisted; no timezone found
$DDXS: possibly delisted; no timezone found
$DCBF: possibly delisted; no timezone found
$DBV: possibly delisted; no timezone found
$DALS: possibly delisted; no timezone found
$DEAC: possibly delisted; no timezone found
$DATA: possibly delisted; no timezone found

20 Failed downloads:
['DENN', 'DAVEY', 'DDE', 'DDCC', 'DBS', 'DAWN', 'DEN', 'DCT', 'DALN', 'DCPH', 'DEL', 'DDIC', 'DAY', 'DAKP', 'DDXS', 'DCBF', 'DBV', 'DALS', 'DEAC', 'DATA']: possibly delisted; no timezone found
$DFS: possibly delisted; no timezone found
$DIGIRAD: possibly delisted; no timezone found
$DFZ: possibly delisted; no timezone found
$DHIL: possibly delisted; no timezone found
$DGAS: possibly delisted; no timezone found
$DFG: possibly delisted; no timezone found
$DGIT: possibly delisted; no timezone found
$DHBCU: possibly delisted; no timezone found
$DEXO: possibly delisted; no timezone found
$DIFU: possibly delisted; no timezone found
$DGNU: possibly delisted; no timezone found
$DF: possibly delisted; no timezone found
$DFRG: possibly delisted; no timezone found
$DEST: possibly delisted; no timezone found
$DHCP: possibly delisted; no timezone found
$DIARC: possibly delisted; no timezone found
$DFT: possibly delisted; no timezone found
$DENPARP: possibly delisted; no timezone found
$DGL: possibly delisted; no timezone found
$DGI: possibly delisted; no timezone found

20 Failed downloads:
['DFS', 'DIGIRAD', 'DFZ', 'DHIL', 'DGAS', 'DFG', 'DGIT', 'DHBCU', 'DEXO', 'DIFU', 'DGNU', 'DF', 'DFRG', 'DEST', 'DHCP', 'DIARC', 'DFT', 'DENPARP', 'DGL', 'DGI']: possibly delisted; no timezone found
$DISH: possibly delisted; no timezone found
$DMYS: possibly delisted; no timezone found
$DIL: possibly delisted; no timezone found
$DLGC: possibly delisted; no timezone found
$DMND: possibly delisted; no timezone found
$DNAB: possibly delisted; no timezone found
$DLIA: possibly delisted; no timezone found
$DMYD: possibly delisted; no timezone found
$DM: possibly delisted; no timezone found
$DISA: possibly delisted; no timezone found
$DNB: possibly delisted; no timezone found
$DMS: possibly delisted; no timezone found
$DNAD: possibly delisted; no timezone found
$DLPH: possibly delisted; no timezone found
$DMTX: possibly delisted; no timezone found
$DNBF: possibly delisted; no timezone found
$DMKB: possibly delisted; no timezone found
$DMTK: possibly delisted; no timezone found
$DLM: possibly delisted; no timezone found
$DLA: possibly delisted; no timezone found

20 Failed downloads:
['DISH', 'DMYS', 'DIL', 'DLGC', 'DMND', 'DNAB', 'DLIA', 'DMYD', 'DM', 'DISA', 'DNB', 'DMS', 'DNAD', 'DLPH', 'DMTX', 'DNBF', 'DMKB', 'DMTK', 'DLM', 'DLA']: possibly delisted; no timezone found
$DRFS: possibly delisted; no timezone found
$DRL: possibly delisted; no timezone found
$DO: possibly delisted; no timezone found
$DRJ: possibly delisted; no timezone found
$DOOR: possibly delisted; no timezone found
$DPM: possibly delisted; no timezone found
$DRC: possibly delisted; no timezone found
$DOVA: possibly delisted; no timezone found
$DOTAU: possibly delisted; no timezone found
$DRCO: possibly delisted; no timezone found
$DNDN: possibly delisted; no timezone found
$DPLO: possibly delisted; no timezone found
$DNRG: possibly delisted; no timezone found
$DPL: possibly delisted; no timezone found
$DNZ: possibly delisted; no timezone found
$DNKN: possibly delisted; no timezone found
$DOMA: possibly delisted; no timezone found
$DRE: possibly delisted; no timezone found
$DNMR: possibly delisted; no timezone found
$DPCS: possibly delisted; no timezone found

20 Failed downloads:
['DRFS', 'DRL', 'DO', 'DRJ', 'DOOR', 'DPM', 'DRC', 'DOVA', 'DOTAU', 'DRCO', 'DNDN', 'DPLO', 'DNRG', 'DPL', 'DNZ', 'DNKN', 'DOMA', 'DRE', 'DNMR', 'DPCS']: possibly delisted; no timezone found
$DST: possibly delisted; no timezone found
$DSKE: possibly delisted; no timezone found
$DUF: possibly delisted; no timezone found
$DSCI: possibly delisted; no timezone found
$DSSI: possibly delisted; no timezone found
$DRVD: possibly delisted; no timezone found
$DRRX: possibly delisted; no timezone found
$DSPG: possibly delisted; no timezone found
$DRTX: possibly delisted; no timezone found
$DTC: possibly delisted; no timezone found
$DTLK: possibly delisted; no timezone found
$DRNA: possibly delisted; no timezone found
$DSEY: possibly delisted; no timezone found
$DS: possibly delisted; no timezone found
$DTHR: possibly delisted; no timezone found
$DTEA: possibly delisted; no timezone found
$DSW: possibly delisted; no timezone found
$DTSI: possibly delisted; no timezone found
$DTV: possibly delisted; no timezone found
$DSAQ: possibly delisted; no timezone found

20 Failed downloads:
['DST', 'DSKE', 'DUF', 'DSCI', 'DSSI', 'DRVD', 'DRRX', 'DSPG', 'DRTX', 'DTC', 'DTLK', 'DRNA', 'DSEY', 'DS', 'DTHR', 'DTEA', 'DSW', 'DTSI', 'DTV', 'DSAQ']: possibly delisted; no timezone found
$DWSF: possibly delisted; no timezone found
$DYAX: possibly delisted; no timezone found
$DWSX: possibly delisted; no timezone found
$EB: possibly delisted; no timezone found
$EAR: possibly delisted; no timezone found
$DWST: possibly delisted; no timezone found
$DWSB: possibly delisted; no timezone found
$EACQU: possibly delisted; no timezone found
$DVOX: possibly delisted; no timezone found
$EBIX: possibly delisted; no timezone found
$DVCR: possibly delisted; no timezone found
$DWCH: possibly delisted; no timezone found
$DZSI: possibly delisted; no timezone found
$DYER: possibly delisted; no timezone found
$DWRE: possibly delisted; no timezone found
$DWSS: possibly delisted; no timezone found
$EAC: possibly delisted; no timezone found
$DVAX: possibly delisted; no timezone found
$DWA: possibly delisted; no timezone found
$DVR: possibly delisted; no timezone found

20 Failed downloads:
['DWSF', 'DYAX', 'DWSX', 'EB', 'EAR', 'DWST', 'DWSB', 'EACQU', 'DVOX', 'EBIX', 'DVCR', 'DWCH', 'DZSI', 'DYER', 'DWRE', 'DWSS', 'EAC', 'DVAX', 'DWA', 'DVR']: possibly delisted; no timezone found
$ECTY: possibly delisted; no timezone found
$EDE: possibly delisted; no timezone found
$EDGR: possibly delisted; no timezone found
$EBSB: possibly delisted; no timezone found
$ECTE: possibly delisted; no timezone found
$EDGW: possibly delisted; no timezone found
$EBTC: possibly delisted; no timezone found
$EDMC: possibly delisted; no timezone found
$EDG: possibly delisted; no timezone found
$EDR: possibly delisted; no timezone found
$EEI: possibly delisted; no timezone found
$ECOS: possibly delisted; no timezone found
$ECOM: possibly delisted; no timezone found
$EBTX: possibly delisted; no price data found  (1d 2008-01-01 -> 2026-09-26)
$ECOL: possibly delisted; no timezone found
$EDAC: possibly delisted; no timezone found
$ECYT: possibly delisted; no timezone found
$ECA: possibly delisted; no timezone found
$EDAP: possibly delisted; no timezone found
$EDTX: possibly delisted; no timezone found

20 Failed downloads:
['ECTY', 'EDE', 'EDGR', 'EBSB', 'ECTE', 'EDGW', 'EBTC', 'EDMC', 'EDG', 'EDR', 'EEI', 'ECOS', 'ECOM', 'ECOL', 'EDAC', 'ECYT', 'ECA', 'EDAP', 'EDTX']: possibly delisted; no timezone found
['EBTX']: possibly delisted; no price data found  (1d 2008-01-01 -> 2026-09-26)
$EEP: possibly delisted; no timezone found
$EF: possibly delisted; no price data found  (1d 2008-01-01 -> 2026-09-26)
$EGT: possibly delisted; no timezone found
$EIGR: possibly delisted; no timezone found
$EFJA: possibly delisted; no timezone found
$ELGX: possibly delisted; no timezone found
$EGN: possibly delisted; no timezone found
$EFII: possibly delisted; no timezone found
$ELEV: possibly delisted; no timezone found
$EHAB: possibly delisted; no timezone found
$EGL: possibly delisted; no timezone found
$EGOV: possibly delisted; no timezone found
$EEQ: possibly delisted; no timezone found
$EEPL: possibly delisted; no timezone found
$ELECU: possibly delisted; no timezone found
$EIGI: possibly delisted; no timezone found
$EIHI: possibly delisted; no timezone found
$EGAS: possibly delisted; no timezone found
$EEX: possibly delisted; no timezone found
$EIDX: possibly delisted; no timezone found

20 Failed downloads:
['EEP', 'EGT', 'EIGR', 'EFJA', 'ELGX', 'EGN', 'EFII', 'ELEV', 'EHAB', 'EGL', 'EGOV', 'EEQ', 'EEPL', 'ELECU', 'EIGI', 'EIHI', 'EGAS', 'EEX', 'EIDX']: possibly delisted; no timezone found
['EF']: possibly delisted; no price data found  (1d 2008-01-01 -> 2026-09-26)
$ELRC: possibly delisted; no timezone found
$ENBL: possibly delisted; no timezone found
$EMCI: possibly delisted; no timezone found
$ELX: possibly delisted; no timezone found
$EMESZ: possibly delisted; no timezone found
$ENDP: possibly delisted; no timezone found
$EMG: possibly delisted; no timezone found
$EMRN: possibly delisted; no timezone found
$ENFC: possibly delisted; no timezone found
$ELNK: possibly delisted; no timezone found
$ELVT: possibly delisted; no timezone found
$ELLI: possibly delisted; no timezone found
$ENFN: possibly delisted; no timezone found
$EMAN: possibly delisted; no timezone found
$ENER: possibly delisted; no timezone found
$EMBK: possibly delisted; no timezone found
$EMKR: possibly delisted; no timezone found
$END: possibly delisted; no timezone found
$ELON: possibly delisted; no timezone found
$EMCF: possibly delisted; no timezone found

20 Failed downloads:
['ELRC', 'ENBL', 'EMCI', 'ELX', 'EMESZ', 'ENDP', 'EMG', 'EMRN', 'ENFC', 'ELNK', 'ELVT', 'ELLI', 'ENFN', 'EMAN', 'ENER', 'EMBK', 'EMKR', 'END', 'ELON', 'EMCF']: possibly delisted; no timezone found
$EPAY: possibly delisted; no timezone found
$EPAX: possibly delisted; no timezone found
$ENZ: possibly delisted; no timezone found
$ENTF: possibly delisted; no timezone found
$ENH: possibly delisted; no timezone found
$ENTR: possibly delisted; no timezone found
$ENV: possibly delisted; no timezone found
$ENPC: possibly delisted; no timezone found
$ENLC: possibly delisted; no timezone found
$EOCW: possibly delisted; no timezone found
$ENOC: possibly delisted; no timezone found
$EOPT: possibly delisted; no timezone found
$ENJY: possibly delisted; no timezone found
$ENVI: possibly delisted; no timezone found
$EOX: possibly delisted; no timezone found
$EOPN: possibly delisted; no timezone found
$ENT: possibly delisted; no timezone found
$ENVS: possibly delisted; no timezone found
$ENG: possibly delisted; no timezone found
$EPB: possibly delisted; no timezone found

20 Failed downloads:
['EPAY', 'EPAX', 'ENZ', 'ENTF', 'ENH', 'ENTR', 'ENV', 'ENPC', 'ENLC', 'EOCW', 'ENOC', 'EOPT', 'ENJY', 'ENVI', 'EOX', 'EOPN', 'ENT', 'ENVS', 'ENG', 'EPB']: possibly delisted; no timezone found
$EPHY: possibly delisted; no timezone found
$ESBF: possibly delisted; no timezone found
$ERES: possibly delisted; no timezone found
$ESC: possibly delisted; no timezone found
$EPIX: possibly delisted; no timezone found
$ERN: possibly delisted; no timezone found
$EQY: possibly delisted; no timezone found
$EQD: possibly delisted; no timezone found
$EQC: possibly delisted; no timezone found
$EQRX: possibly delisted; no timezone found
$EPIQ: possibly delisted; no timezone found
$EPE: possibly delisted; no timezone found
$EPHC: possibly delisted; no timezone found
$EQU: possibly delisted; no timezone found
$EPRS: possibly delisted; no timezone found
$EPZM: possibly delisted; no timezone found
$EQGP: possibly delisted; no timezone found
$EPOC: possibly delisted; no timezone found
$EPL: possibly delisted; no timezone found
$EPWR: possibly delisted; no timezone found

20 Failed downloads:
['EPHY', 'ESBF', 'ERES', 'ESC', 'EPIX', 'ERN', 'EQY', 'EQD', 'EQC', 'EQRX', 'EPIQ', 'EPE', 'EPHC', 'EQU', 'EPRS', 'EPZM', 'EQGP', 'EPOC', 'EPL', 'EPWR']: possibly delisted; no timezone found
$ESPR: possibly delisted; no timezone found
$ESRX: possibly delisted; no timezone found
$ETE: possibly delisted; no timezone found
$ESSA: possibly delisted; no timezone found
$ESSX: possibly delisted; no timezone found
$ETFC: possibly delisted; no timezone found
$ETHZ: possibly delisted; no timezone found
$ESMT: possibly delisted; no timezone found
$ESL: possibly delisted; no timezone found
$ETRN: possibly delisted; no timezone found
$ESIO: possibly delisted; no timezone found
$ESGR: possibly delisted; no timezone found
$ESND: possibly delisted; no timezone found
$ETNB: possibly delisted; no timezone found
$ESPH: possibly delisted; no timezone found
$ETTX: possibly delisted; no timezone found
$ETAC: possibly delisted; no timezone found
$ETI: possibly delisted; no timezone found
$ESTE: possibly delisted; no timezone found
$ESCR: possibly delisted; no timezone found

20 Failed downloads:
['ESPR', 'ESRX', 'ETE', 'ESSA', 'ESSX', 'ETFC', 'ETHZ', 'ESMT', 'ESL', 'ETRN', 'ESIO', 'ESGR', 'ESND', 'ETNB', 'ESPH', 'ETTX', 'ETAC', 'ETI', 'ESTE', 'ESCR']: possibly delisted; no timezone found
$EVA: possibly delisted; no timezone found
$EVTV: possibly delisted; no timezone found
$EVHC: possibly delisted; no timezone found
$EVOP: possibly delisted; no timezone found
$EXAR: possibly delisted; no timezone found
$EV: possibly delisted; no timezone found
$EVBS: possibly delisted; no timezone found
$EVRY: possibly delisted; no timezone found
$EVBG: possibly delisted; no timezone found
$EVOK: possibly delisted; no timezone found
$EXAM: possibly delisted; no timezone found
$EWCZ: possibly delisted; no timezone found
$EVBN: possibly delisted; no timezone found
$EVE: possibly delisted; no timezone found
$EWSI: possibly delisted; no timezone found
$EVRI: possibly delisted; no timezone found
$EVDY: possibly delisted; no timezone found
$ETWO: possibly delisted; no timezone found
$EXA: possibly delisted; no timezone found
$EXAC: possibly delisted; no timezone found

20 Failed downloads:
['EVA', 'EVTV', 'EVHC', 'EVOP', 'EXAR', 'EV', 'EVBS', 'EVRY', 'EVBG', 'EVOK', 'EXAM', 'EWCZ', 'EVBN', 'EVE', 'EWSI', 'EVRI', 'EVDY', 'ETWO', 'EXA', 'EXAC']: possibly delisted; no timezone found
$EXAS: possibly delisted; no timezone found
$FACE: possibly delisted; no price data found  (1d 2008-01-01 -> 2026-09-26)
$FARO: possibly delisted; no timezone found
$EXNT: possibly delisted; no timezone found
$EXL: possibly delisted; no timezone found
$FABK: possibly delisted; no timezone found
$FBER: possibly delisted; no timezone found
$FASC: possibly delisted; no timezone found
$FAZE: possibly delisted; no timezone found
$EXCOP: possibly delisted; no timezone found
$EXDX: possibly delisted; no timezone found
$FBC: possibly delisted; no timezone found
$EXXI: possibly delisted; no timezone found
$FBMI: possibly delisted; no timezone found
$EXTN: possibly delisted; no timezone found
$FARM: possibly delisted; no timezone found
$EXPR: possibly delisted; no timezone found
$FACA: possibly delisted; no timezone found
$FBM: possibly delisted; no timezone found
$EXPI: possibly delisted; no timezone found

20 Failed downloads:
['EXAS', 'FARO', 'EXNT', 'EXL', 'FABK', 'FBER', 'FASC', 'FAZE', 'EXCOP', 'EXDX', 'FBC', 'EXXI', 'FBMI', 'EXTN', 'FARM', 'EXPR', 'FACA', 'FBM', 'EXPI']: possibly delisted; no timezone found
['FACE']: possibly delisted; no price data found  (1d 2008-01-01 -> 2026-09-26)
$FCLF: possibly delisted; no timezone found
$FCMP: possibly delisted; no timezone found
$FCCY: possibly delisted; no timezone found
$FBN: possibly delisted; no timezone found
$FCH: possibly delisted; no timezone found
$FCBP: possibly delisted; no timezone found
$FBRC: possibly delisted; no timezone found
$FCTY: possibly delisted; no timezone found
$FCRE: possibly delisted; no timezone found
$FBNK: possibly delisted; no timezone found
$FBSS: possibly delisted; no timezone found
$FBMS: possibly delisted; no timezone found
$FDC: possibly delisted; no timezone found
$FCB: possibly delisted; no timezone found
$FDML: possibly delisted; no timezone found
$FCS: possibly delisted; no timezone found
$FCE: possibly delisted; no price data found  (1d 2008-01-01 -> 2026-09-26)
$FCFC: possibly delisted; no timezone found
$FCSC: possibly delisted; no timezone found
$FCAX: possibly delisted; no timezone found

20 Failed downloads:
['FCLF', 'FCMP', 'FCCY', 'FBN', 'FCH', 'FCBP', 'FBRC', 'FCTY', 'FCRE', 'FBNK', 'FBSS', 'FBMS', 'FDC', 'FCB', 'FDML', 'FCS', 'FCFC', 'FCSC', 'FCAX']: possibly delisted; no timezone found
['FCE']: possibly delisted; no price data found  (1d 2008-01-01 -> 2026-09-26)
$FENCF: possibly delisted; no timezone found
$FENX: possibly delisted; no timezone found
$FETM: possibly delisted; no timezone found
$FEIC: possibly delisted; no timezone found
$FFEX: possibly delisted; no timezone found
$FFKT: possibly delisted; no timezone found
$FDNH: possibly delisted; no timezone found
$FELP: possibly delisted; no timezone found
$FDP: possibly delisted; no timezone found
$FFFLP: possibly delisted; no timezone found
$FEEC: possibly delisted; no timezone found
$FFCH: possibly delisted; no timezone found
$FDO: possibly delisted; no timezone found
$FFN: possibly delisted; no timezone found
$FFIE: possibly delisted; no timezone found
$FFCO: possibly delisted; no timezone found
$FFIC: possibly delisted; no timezone found
$FFFD: possibly delisted; no timezone found
$FFNW: possibly delisted; no timezone found
$FES: possibly delisted; no timezone found

20 Failed downloads:
['FENCF', 'FENX', 'FETM', 'FEIC', 'FFEX', 'FFKT', 'FDNH', 'FELP', 'FDP', 'FFFLP', 'FEEC', 'FFCH', 'FDO', 'FFN', 'FFIE', 'FFCO', 'FFIC', 'FFFD', 'FFNW', 'FES']: possibly delisted; no timezone found
$FIME: possibly delisted; no timezone found
$FINL: possibly delisted; no timezone found
$FHLBD: possibly delisted; no timezone found
$FI: possibly delisted; no timezone found
$FHLTU: possibly delisted; no timezone found
$FIRE: possibly delisted; no timezone found
$FFWM: possibly delisted; no timezone found
$FFSL: possibly delisted; no timezone found
$FGH: possibly delisted; no timezone found
$FIII: possibly delisted; no timezone found
$FICVU: possibly delisted; no timezone found
$FHLBNY: possibly delisted; no timezone found
$FIT: possibly delisted; no timezone found
$FHLBI: possibly delisted; no timezone found
$FGP: possibly delisted; no timezone found
$FIO: possibly delisted; no timezone found
$FHLBSF: possibly delisted; no timezone found
$FINM: possibly delisted; no timezone found
$FIL: possibly delisted; no price data found  (1d 2008-01-01 -> 2026-09-26)
$FHLBPGH: possibly delisted; no timezone found

20 Failed downloads:
['FIME', 'FINL', 'FHLBD', 'FI', 'FHLTU', 'FIRE', 'FFWM', 'FFSL', 'FGH', 'FIII', 'FICVU', 'FHLBNY', 'FIT', 'FHLBI', 'FGP', 'FIO', 'FHLBSF', 'FINM', 'FHLBPGH']: possibly delisted; no timezone found
['FIL']: possibly delisted; no price data found  (1d 2008-01-01 -> 2026-09-26)
$FLAC: possibly delisted; no timezone found
$FMER: possibly delisted; no timezone found
$FNA: possibly delisted; no timezone found
$FLLZ: possibly delisted; no timezone found
$FMCIU: possibly delisted; no timezone found
$FLMN: possibly delisted; no timezone found
$FMTX: possibly delisted; no timezone found
$FMSA: possibly delisted; no timezone found
$FLPC: possibly delisted; no timezone found
$FLTX: possibly delisted; no timezone found
$FMIV: possibly delisted; no timezone found
$FLIC: possibly delisted; no timezone found
$FNCB: possibly delisted; no timezone found
$FL: possibly delisted; no timezone found
$FLT: possibly delisted; no timezone found
$FLIR: possibly delisted; no timezone found
$FIZN: possibly delisted; no timezone found
$FMI: possibly delisted; no timezone found
$FMBI: possibly delisted; no timezone found
$FNBG: possibly delisted; no timezone found

20 Failed downloads:
['FLAC', 'FMER', 'FNA', 'FLLZ', 'FMCIU', 'FLMN', 'FMTX', 'FMSA', 'FLPC', 'FLTX', 'FMIV', 'FLIC', 'FNCB', 'FL', 'FLT', 'FLIR', 'FIZN', 'FMI', 'FMBI', 'FNBG']: possibly delisted; no timezone found
$FNSR: possibly delisted; no timezone found
$FOE: possibly delisted; no timezone found
$FNHC: possibly delisted; no timezone found
$FOMX: possibly delisted; no timezone found
$FNCH: possibly delisted; no timezone found
$FNFG: possibly delisted; no timezone found
$FOLD: possibly delisted; no timezone found
$FORA: possibly delisted; no timezone found
$FORGE: possibly delisted; no timezone found
$FNGN: possibly delisted; no timezone found
$FNM: possibly delisted; no timezone found
$FONR: possibly delisted; no timezone found
$FNJN: possibly delisted; no timezone found
$FPNC: possibly delisted; no timezone found
$FOGO: possibly delisted; no timezone found
$FPFI: possibly delisted; no timezone found
$FOCS: possibly delisted; no timezone found
$FORG: possibly delisted; no timezone found
$FPAC: possibly delisted; no timezone found
$FNVT: possibly delisted; no timezone found

20 Failed downloads:
['FNSR', 'FOE', 'FNHC', 'FOMX', 'FNCH', 'FNFG', 'FOLD', 'FORA', 'FORGE', 'FNGN', 'FNM', 'FONR', 'FNJN', 'FPNC', 'FOGO', 'FPFI', 'FOCS', 'FORG', 'FPAC', 'FNVT']: possibly delisted; no timezone found
$FPRX: possibly delisted; no timezone found
$FRONU: possibly delisted; no timezone found
$FRBK: possibly delisted; no timezone found
$FREY: possibly delisted; no timezone found
$FRF: possibly delisted; no timezone found
$FRM: possibly delisted; no timezone found
$FRGI: possibly delisted; no timezone found
$FREE: possibly delisted; no timezone found
$FRON: possibly delisted; no timezone found
$FRTX: possibly delisted; no timezone found
$FRED: possibly delisted; no timezone found
$FRAN: possibly delisted; no timezone found
$FPVD: possibly delisted; no timezone found
$FRP: possibly delisted; no timezone found
$FRNK: possibly delisted; no timezone found
$FPO: possibly delisted; no timezone found
$FRX: possibly delisted; no timezone found
$FRSG: possibly delisted; no timezone found
$FRTA: possibly delisted; no timezone found
$FREVSOB: possibly delisted; no timezone found

20 Failed downloads:
['FPRX', 'FRONU', 'FRBK', 'FREY', 'FRF', 'FRM', 'FRGI', 'FREE', 'FRON', 'FRTX', 'FRED', 'FRAN', 'FPVD', 'FRP', 'FRNK', 'FPO', 'FRX', 'FRSG', 'FRTA', 'FREVSOB']: possibly delisted; no timezone found
$FTAC: possibly delisted; no timezone found
$FSCT: possibly delisted; no timezone found
$FSBK: possibly delisted; no timezone found
$FSR: possibly delisted; no timezone found
$FST: possibly delisted; no timezone found
$FSTX: possibly delisted; no timezone found
$FSIN: possibly delisted; no price data found  (1d 2008-01-01 -> 2026-09-26)
$FSCI: possibly delisted; no timezone found
$FRXB: possibly delisted; no timezone found
$FSYS: possibly delisted; no timezone found
$FSGI: possibly delisted; no timezone found
$FSL: possibly delisted; no timezone found
$FSAM: possibly delisted; no timezone found
$FTCV: possibly delisted; no timezone found
$FSB: possibly delisted; no timezone found
$FSPI: possibly delisted; no timezone found
$FSRX: possibly delisted; no timezone found
$FSNB: possibly delisted; no timezone found
$FSSI: possibly delisted; no timezone found
$FTAA: possibly delisted; no timezone found

20 Failed downloads:
['FTAC', 'FSCT', 'FSBK', 'FSR', 'FST', 'FSTX', 'FSCI', 'FRXB', 'FSYS', 'FSGI', 'FSL', 'FSAM', 'FTCV', 'FSB', 'FSPI', 'FSRX', 'FSNB', 'FSSI', 'FTAA']: possibly delisted; no timezone found
['FSIN']: possibly delisted; no price data found  (1d 2008-01-01 -> 2026-09-26)
$FTSV: possibly delisted; no timezone found
$FTEV: possibly delisted; no timezone found
$FTD: possibly delisted; no timezone found
$FTSI: possibly delisted; no timezone found
$FURX: possibly delisted; no timezone found
$FVIV: possibly delisted; no timezone found
$FUR: possibly delisted; no timezone found
$FUSN: possibly delisted; no timezone found
$FXCB: possibly delisted; no timezone found
$FWLAF: possibly delisted; no timezone found
$FUV: possibly delisted; no timezone found
$FUEL: possibly delisted; no timezone found
$FVT: possibly delisted; no timezone found
$FWM: possibly delisted; no timezone found
$FUBC: possibly delisted; no timezone found
$FTO: possibly delisted; no timezone found
$FU: possibly delisted; no timezone found
$FTMR: possibly delisted; no timezone found
$FVE: possibly delisted; no timezone found
$FWLT: possibly delisted; no timezone found

20 Failed downloads:
['FTSV', 'FTEV', 'FTD', 'FTSI', 'FURX', 'FVIV', 'FUR', 'FUSN', 'FXCB', 'FWLAF', 'FUV', 'FUEL', 'FVT', 'FWM', 'FUBC', 'FTO', 'FU', 'FTMR', 'FVE', 'FWLT']: possibly delisted; no timezone found
$FYBR: possibly delisted; no timezone found
$GBNK: possibly delisted; no timezone found
$GB: possibly delisted; no timezone found
$FXS: possibly delisted; no timezone found
$GAHR: possibly delisted; no timezone found
$FXEN: possibly delisted; no timezone found
$GAS: possibly delisted; no timezone found
$GAIFB: possibly delisted; no timezone found
$GBIO: possibly delisted; no timezone found
$GAIF: possibly delisted; no timezone found
$FZT: possibly delisted; no timezone found
$GATE: possibly delisted; no timezone found
$FXCM: possibly delisted; no timezone found
$GBBK: possibly delisted; no timezone found
$GCAP: possibly delisted; no timezone found
$GAN: possibly delisted; no timezone found
$GAQ: possibly delisted; no timezone found
$FXLV: possibly delisted; no timezone found
$GBT: possibly delisted; no timezone found
$GBL: possibly delisted; no timezone found

20 Failed downloads:
['FYBR', 'GBNK', 'GB', 'FXS', 'GAHR', 'FXEN', 'GAS', 'GAIFB', 'GBIO', 'GAIF', 'FZT', 'GATE', 'FXCM', 'GBBK', 'GCAP', 'GAN', 'GAQ', 'FXLV', 'GBT', 'GBL']: possibly delisted; no timezone found
$GDI: possibly delisted; no timezone found
$GCIH: possibly delisted; no timezone found
$GCOM: possibly delisted; no timezone found
$GDP: possibly delisted; no timezone found
$GEOY: possibly delisted; no price data found  (1d 2008-01-01 -> 2026-09-26)
$GEEX: possibly delisted; no timezone found
$GCRSF: possibly delisted; no timezone found
$GDEN: possibly delisted; no timezone found
$GEARI: possibly delisted; no timezone found
$GEOI: possibly delisted; no timezone found
$GEC: possibly delisted; no timezone found
$GCM: possibly delisted; no timezone found
$GECR: possibly delisted; no timezone found
$GES: possibly delisted; no timezone found
$GCPWI: possibly delisted; no timezone found
$GCNL: possibly delisted; no timezone found
$GEPC: possibly delisted; no timezone found
$GDFF: possibly delisted; no timezone found
$GETA: possibly delisted; no timezone found
$GCI: possibly delisted; no timezone found

20 Failed downloads:
['GDI', 'GCIH', 'GCOM', 'GDP', 'GEEX', 'GCRSF', 'GDEN', 'GEARI', 'GEOI', 'GEC', 'GCM', 'GECR', 'GES', 'GCPWI', 'GCNL', 'GEPC', 'GDFF', 'GETA', 'GCI']: possibly delisted; no timezone found
['GEOY']: possibly delisted; no price data found  (1d 2008-01-01 -> 2026-09-26)
$GHW: possibly delisted; no price data found  (1d 2008-01-01 -> 2026-09-26)
$GHIX: possibly delisted; no timezone found
$GHLD: possibly delisted; no timezone found
$GFED: possibly delisted; no timezone found
$GGS: possibly delisted; no timezone found
$GGP: possibly delisted; no timezone found
$GIDYL: possibly delisted; no timezone found
$GGAA: possibly delisted; no timezone found
$GHL: possibly delisted; no timezone found
$GFIG: possibly delisted; no timezone found
$GGWY: possibly delisted; no timezone found
$GG: possibly delisted; no timezone found
$GHDX: possibly delisted; no timezone found
$GFXU: possibly delisted; no timezone found
$GFN: possibly delisted; no timezone found
$GFGD: possibly delisted; no timezone found
$GGPI: possibly delisted; no timezone found
$GEVA: possibly delisted; no timezone found
$GI: possibly delisted; no timezone found
$GGMC: possibly delisted; no timezone found

20 Failed downloads:
['GHW']: possibly delisted; no price data found  (1d 2008-01-01 -> 2026-09-26)
['GHIX', 'GHLD', 'GFED', 'GGS', 'GGP', 'GIDYL', 'GGAA', 'GHL', 'GFIG', 'GGWY', 'GG', 'GHDX', 'GFXU', 'GFN', 'GFGD', 'GGPI', 'GEVA', 'GI', 'GGMC']: possibly delisted; no timezone found
$GLAE: possibly delisted; no timezone found
$GIFI: possibly delisted; no timezone found
$GIIX: possibly delisted; no timezone found
$GKNT: possibly delisted; no timezone found
$GLS: possibly delisted; no timezone found
$GLDC: possibly delisted; no timezone found
$GMCP: possibly delisted; no timezone found
$GMCR: possibly delisted; no timezone found
$GLUU: possibly delisted; no timezone found
$GLDD: possibly delisted; no timezone found
$GIG: possibly delisted; no timezone found
$GLF: possibly delisted; no timezone found
$GIMO: possibly delisted; no timezone found
$GLTA: possibly delisted; no timezone found
$GMAN: possibly delisted; no timezone found
$GLHA: possibly delisted; no timezone found
$GLG: possibly delisted; no timezone found
$GLBD: possibly delisted; no timezone found
$GMBT: possibly delisted; no timezone found
$GLCH: possibly delisted; no timezone found

20 Failed downloads:
['GLAE', 'GIFI', 'GIIX', 'GKNT', 'GLS', 'GLDC', 'GMCP', 'GMCR', 'GLUU', 'GLDD', 'GIG', 'GLF', 'GIMO', 'GLTA', 'GMAN', 'GLHA', 'GLG', 'GLBD', 'GMBT', 'GLCH']: possibly delisted; no timezone found
$GNI: possibly delisted; no timezone found
$GMDA: possibly delisted; no timezone found
$GNAC: possibly delisted; no timezone found
$GNRT: possibly delisted; no timezone found
$GOCO: possibly delisted; no timezone found
$GNCA: possibly delisted; no timezone found
$GOEV: possibly delisted; no timezone found
$GMS: possibly delisted; no timezone found
$GNVC: possibly delisted; no timezone found
$GNOW: possibly delisted; no timezone found
$GNMK: possibly delisted; no timezone found
$GMXR: possibly delisted; no timezone found
$GNBC: possibly delisted; no timezone found
$GNOG: possibly delisted; no timezone found
$GOAC: possibly delisted; no timezone found
$GNC: possibly delisted; no timezone found
$GNTY: possibly delisted; no timezone found
$GMT: possibly delisted; no timezone found
$GNRS: possibly delisted; no timezone found
$GMO: possibly delisted; no timezone found

20 Failed downloads:
['GNI', 'GMDA', 'GNAC', 'GNRT', 'GOCO', 'GNCA', 'GOEV', 'GMS', 'GNVC', 'GNOW', 'GNMK', 'GMXR', 'GNBC', 'GNOG', 'GOAC', 'GNC', 'GNTY', 'GMT', 'GNRS', 'GMO']: possibly delisted; no timezone found
$GRBS: possibly delisted; no timezone found
$GPIC: possibly delisted; no timezone found
$GRA: possibly delisted; no timezone found
$GPP: possibly delisted; no timezone found
$GPX: possibly delisted; no timezone found
$GRT: possibly delisted; no timezone found
$GRDI: possibly delisted; no timezone found
$GRAYBAR: possibly delisted; no timezone found
$GRNA: possibly delisted; no timezone found
$GOGC: possibly delisted; no timezone found
$GOK: possibly delisted; no price data found  (1d 2008-01-01 -> 2026-09-26)
$GRTS: possibly delisted; no timezone found
$GQM: possibly delisted; no price data found  (1d 2008-01-01 -> 2026-09-26)
$GRMS: possibly delisted; no timezone found
$GRH: possibly delisted; no timezone found
$GRUB: possibly delisted; no timezone found
$GOGN: possibly delisted; no timezone found
$GORV: possibly delisted; no timezone found
$GR: possibly delisted; no price data found  (1d 2008-01-01 -> 2026-09-26)
$GRTX: possibly delisted; no timezone found

20 Failed downloads:
['GRBS', 'GPIC', 'GRA', 'GPP', 'GPX', 'GRT', 'GRDI', 'GRAYBAR', 'GRNA', 'GOGC', 'GRTS', 'GRMS', 'GRH', 'GRUB', 'GOGN', 'GORV', 'GRTX']: possibly delisted; no timezone found
['GOK', 'GQM', 'GR']: possibly delisted; no price data found  (1d 2008-01-01 -> 2026-09-26)
$GTAT: possibly delisted; no timezone found
$GSAQ: possibly delisted; no timezone found
$GTAC: possibly delisted; no timezone found
$GSQB: possibly delisted; no timezone found
$GST: possibly delisted; no timezone found
$GSX: possibly delisted; no timezone found
$GTI: possibly delisted; no timezone found
$GRZ: possibly delisted; no timezone found
$GSEV: possibly delisted; no timezone found
$GSMG: possibly delisted; no timezone found
$GTIV: possibly delisted; no timezone found
$GSE: possibly delisted; no timezone found
$GSON: possibly delisted; no timezone found
$GTLS: possibly delisted; no timezone found
$GSS: possibly delisted; no timezone found
$GSKY: possibly delisted; no timezone found
$GSHN: possibly delisted; no timezone found
$GTLT: possibly delisted; no timezone found
$GSB: possibly delisted; no timezone found
$GTHX: possibly delisted; no timezone found

20 Failed downloads:
['GTAT', 'GSAQ', 'GTAC', 'GSQB', 'GST', 'GSX', 'GTI', 'GRZ', 'GSEV', 'GSMG', 'GTIV', 'GSE', 'GSON', 'GTLS', 'GSS', 'GSKY', 'GSHN', 'GTLT', 'GSB', 'GTHX']: possibly delisted; no timezone found
$GTPA: possibly delisted; no timezone found
$GWAY: possibly delisted; no timezone found
$GWR: possibly delisted; no timezone found
$GVP: possibly delisted; no timezone found
$GUID: possibly delisted; no timezone found
$GTPB: possibly delisted; no timezone found
$GTS: possibly delisted; no timezone found
$GVCIU: possibly delisted; no timezone found
$HAACU: possibly delisted; no timezone found
$HABT: possibly delisted; no timezone found
$GWPH: possibly delisted; no timezone found
$GWHP: possibly delisted; no timezone found
$GXII: possibly delisted; no timezone found
$GTSI: possibly delisted; no timezone found
$GXP: possibly delisted; no timezone found
$GWB: possibly delisted; no timezone found
$GULD: possibly delisted; no timezone found
$HA: possibly delisted; no timezone found
$GTWN: possibly delisted; no timezone found
$GTYHU: possibly delisted; no timezone found

20 Failed downloads:
['GTPA', 'GWAY', 'GWR', 'GVP', 'GUID', 'GTPB', 'GTS', 'GVCIU', 'HAACU', 'HABT', 'GWPH', 'GWHP', 'GXII', 'GTSI', 'GXP', 'GWB', 'GULD', 'HA', 'GTWN', 'GTYHU']: possibly delisted; no timezone found
$HBMD: possibly delisted; no timezone found
$HCII: possibly delisted; no timezone found
$HBKA: possibly delisted; no timezone found
$HCCH: possibly delisted; no timezone found
$HARP: possibly delisted; no timezone found
$HBOS: possibly delisted; no timezone found
$HALL: possibly delisted; no timezone found
$HCNE: possibly delisted; no timezone found
$HAYN: possibly delisted; no timezone found
$HAST: possibly delisted; no timezone found
$HCOM: possibly delisted; no timezone found
$HCP: possibly delisted; no timezone found
$HCAR: possibly delisted; no timezone found
$HAR: possibly delisted; no timezone found
$HCFT: possibly delisted; no timezone found
$HBP: possibly delisted; no timezone found
$HCCI: possibly delisted; no timezone found
$HBI: possibly delisted; no timezone found
$HCBK: possibly delisted; no timezone found
$HCCC: possibly delisted; no timezone found

20 Failed downloads:
['HBMD', 'HCII', 'HBKA', 'HCCH', 'HARP', 'HBOS', 'HALL', 'HCNE', 'HAYN', 'HAST', 'HCOM', 'HCP', 'HCAR', 'HAR', 'HCFT', 'HBP', 'HCCI', 'HBI', 'HCBK', 'HCCC']: possibly delisted; no timezone found
$HGEN: possibly delisted; no timezone found
$HERA: possibly delisted; no timezone found
$HELI: possibly delisted; no timezone found
$HDY: possibly delisted; no timezone found
$HDP: possibly delisted; no timezone found
$HGIC: possibly delisted; no timezone found
$HFP: possibly delisted; no price data found  (1d 2008-01-01 -> 2026-09-26)
$HDS: possibly delisted; no timezone found
$HEOP: possibly delisted; no timezone found
$HCT: possibly delisted; no timezone found
$HCR: possibly delisted; no timezone found
$HGCO: possibly delisted; no timezone found
$HFBC: possibly delisted; no timezone found
$HFC: possibly delisted; no timezone found
$HEES: possibly delisted; no timezone found
$HES: possibly delisted; no timezone found
$HGG: possibly delisted; no timezone found
$HDNG: possibly delisted; no timezone found
$HEVI: possibly delisted; no timezone found
$HCVI: possibly delisted; no timezone found

20 Failed downloads:
['HGEN', 'HERA', 'HELI', 'HDY', 'HDP', 'HGIC', 'HDS', 'HEOP', 'HCT', 'HCR', 'HGCO', 'HFBC', 'HFC', 'HEES', 'HES', 'HGG', 'HDNG', 'HEVI', 'HCVI']: possibly delisted; no timezone found
['HFP']: possibly delisted; no price data found  (1d 2008-01-01 -> 2026-09-26)
$HHHHU: possibly delisted; no timezone found
$HHC: possibly delisted; no timezone found
$HKAC: possibly delisted; no timezone found
$HIII: possibly delisted; no timezone found
$HIPP: possibly delisted; no timezone found
$HH: possibly delisted; no timezone found
$HITK: possibly delisted; no timezone found
$HIFR: possibly delisted; no timezone found
$HGSI: possibly delisted; no timezone found
$HIBB: possibly delisted; no timezone found
$HIGA: possibly delisted; no timezone found
$HGSH: possibly delisted; no timezone found
$HITT: possibly delisted; no timezone found
$HK: possibly delisted; no timezone found
$HI: possibly delisted; no timezone found
$HHLA: possibly delisted; no timezone found
$HIL: possibly delisted; no timezone found
$HILL: possibly delisted; no timezone found
$HIIQ: possibly delisted; no timezone found
$HIPPO: possibly delisted; no timezone found

20 Failed downloads:
['HHHHU', 'HHC', 'HKAC', 'HIII', 'HIPP', 'HH', 'HITK', 'HIFR', 'HGSI', 'HIBB', 'HIGA', 'HGSH', 'HITT', 'HK', 'HI', 'HHLA', 'HIL', 'HILL', 'HIIQ', 'HIPPO']: possibly delisted; no timezone found
$HME: possibly delisted; no timezone found
$HMHC: possibly delisted; no timezone found
$HMTV: possibly delisted; no timezone found
$HLG: possibly delisted; no timezone found
$HNSN: possibly delisted; no timezone found
$HMTA: possibly delisted; no timezone found
$HNH: possibly delisted; no timezone found
$HMST: possibly delisted; no timezone found
$HMA: possibly delisted; no timezone found
$HLVX: possibly delisted; no timezone found
$HLAH: possibly delisted; no timezone found
$HLYS: possibly delisted; no price data found  (1d 2008-01-01 -> 2026-09-26)
$HMNF: possibly delisted; no timezone found
$HNR: possibly delisted; no timezone found
$HMSY: possibly delisted; no timezone found
$HMNC: possibly delisted; no timezone found
$HLM: possibly delisted; no price data found  (1d 2008-01-01 -> 2026-09-26)
$HLSS: possibly delisted; no timezone found
$HMG: possibly delisted; no timezone found
$HNGR: possibly delisted; no timezone found

20 Failed downloads:
['HME', 'HMHC', 'HMTV', 'HLG', 'HNSN', 'HMTA', 'HNH', 'HMST', 'HMA', 'HLVX', 'HLAH', 'HMNF', 'HNR', 'HMSY', 'HMNC', 'HLSS', 'HMG', 'HNGR']: possibly delisted; no timezone found
['HLYS', 'HLM']: possibly delisted; no price data found  (1d 2008-01-01 -> 2026-09-26)
$HNT: possibly delisted; no timezone found
$HOGS: possibly delisted; no timezone found
$HOOK: possibly delisted; no timezone found
$HPR: possibly delisted; no timezone found
$HOLX: possibly delisted; no price data found  (1d 2008-01-01 -> 2026-09-26) (Yahoo error = "No data found, symbol may be delisted")
$HOT: possibly delisted; no timezone found
$HOUS: possibly delisted; no timezone found
$HONE: possibly delisted; no timezone found
$HRC: possibly delisted; no timezone found
$HPY: possibly delisted; no timezone found
$HPLTU: possibly delisted; no timezone found
$HPAC: possibly delisted; no timezone found
$HPTX: possibly delisted; no timezone found
$HOTT: possibly delisted; no timezone found
$HPGS: possibly delisted; no timezone found
$HNZ: possibly delisted; no timezone found
$HOFD: possibly delisted; no timezone found
$HPOL: possibly delisted; no timezone found
$HOFV: possibly delisted; no timezone found
$HOME: possibly delisted; no timezone found

20 Failed downloads:
['HNT', 'HOGS', 'HOOK', 'HPR', 'HOT', 'HOUS', 'HONE', 'HRC', 'HPY', 'HPLTU', 'HPAC', 'HPTX', 'HOTT', 'HPGS', 'HNZ', 'HOFD', 'HPOL', 'HOFV', 'HOME']: possibly delisted; no timezone found
['HOLX']: possibly delisted; no price data found  (1d 2008-01-01 -> 2026-09-26) (Yahoo error = "No data found, symbol may be delisted")
$HRT: possibly delisted; no timezone found
$HSKA: possibly delisted; no timezone found
$HSTO: possibly delisted; no timezone found
$HTGM: possibly delisted; no timezone found
$HS: possibly delisted; no timezone found
$HTS: possibly delisted; no timezone found
$HTSI: possibly delisted; no timezone found
$HTBI: possibly delisted; no timezone found
$HRS: possibly delisted; no timezone found
$HSH: possibly delisted; no timezone found
$HT: possibly delisted; no timezone found
$HTPA: possibly delisted; no timezone found
$HSII: possibly delisted; no timezone found
$HSP: possibly delisted; no timezone found
$HSNI: possibly delisted; no timezone found
$HTLF: possibly delisted; no timezone found
$HSMG: possibly delisted; no timezone found
$HTBK: possibly delisted; no timezone found
$HRTH: possibly delisted; no timezone found
$HTM: possibly delisted; no timezone found

20 Failed downloads:
['HRT', 'HSKA', 'HSTO', 'HTGM', 'HS', 'HTS', 'HTSI', 'HTBI', 'HRS', 'HSH', 'HT', 'HTPA', 'HSII', 'HSP', 'HSNI', 'HTLF', 'HSMG', 'HTBK', 'HRTH', 'HTM']: possibly delisted; no timezone found
$HZNP: possibly delisted; no timezone found
$HWELU: possibly delisted; no timezone found
$I: possibly delisted; no timezone found
$HYRE: possibly delisted; no timezone found
$HUTC: possibly delisted; no timezone found
$HYACU: possibly delisted; no timezone found
$HUGSU: possibly delisted; no timezone found
$HZON: possibly delisted; no timezone found
$HWKZ: possibly delisted; no timezone found
$HTWR: possibly delisted; no timezone found
$IAA: possibly delisted; no timezone found
$HWSN: possibly delisted; no timezone found
$HWG: possibly delisted; no timezone found
$HZN: possibly delisted; no timezone found
$HVB: possibly delisted; no timezone found
$HYAC: possibly delisted; no timezone found
$HW: possibly delisted; no timezone found
$HWCC: possibly delisted; no timezone found
$HZAC: possibly delisted; no timezone found
$HYZN: possibly delisted; no timezone found

20 Failed downloads:
['HZNP', 'HWELU', 'I', 'HYRE', 'HUTC', 'HYACU', 'HUGSU', 'HZON', 'HWKZ', 'HTWR', 'IAA', 'HWSN', 'HWG', 'HZN', 'HVB', 'HYAC', 'HW', 'HWCC', 'HZAC', 'HYZN']: possibly delisted; no timezone found
$ICVX: possibly delisted; no timezone found
$ICAD: possibly delisted; no timezone found
$IACA: possibly delisted; no timezone found
$ID: possibly delisted; no timezone found
$ICGL: possibly delisted; no timezone found
$ICBK: possibly delisted; no timezone found
$IAC: possibly delisted; no timezone found
$ICRL: possibly delisted; no timezone found
$ICPT: possibly delisted; no timezone found
$IBI: possibly delisted; no timezone found
$IDIX: possibly delisted; no timezone found
$ICNC: possibly delisted; no timezone found
$ICTV: possibly delisted; no timezone found
$IDEX: possibly delisted; no timezone found
$ICCT: possibly delisted; no timezone found
$IBKC: possibly delisted; no timezone found
$IDSA: possibly delisted; no timezone found
$IACC: possibly delisted; no timezone found
$ICD: possibly delisted; no timezone found
$IBTX: possibly delisted; no timezone found

20 Failed downloads:
['ICVX', 'ICAD', 'IACA', 'ID', 'ICGL', 'ICBK', 'IAC', 'ICRL', 'ICPT', 'IBI', 'IDIX', 'ICNC', 'ICTV', 'IDEX', 'ICCT', 'IBKC', 'IDSA', 'IACC', 'ICD', 'IBTX']: possibly delisted; no timezone found
$IGT: possibly delisted; no timezone found
$IEA: possibly delisted; no timezone found
$IIAC: possibly delisted; no timezone found
$IGMS: possibly delisted; no timezone found
$IDSY: possibly delisted; no timezone found
$IFNY: possibly delisted; no timezone found
$IFCI: possibly delisted; no timezone found
$IKAN: possibly delisted; no timezone found
$IIVI: possibly delisted; no timezone found
$IGLU: possibly delisted; no timezone found
$IEVM: possibly delisted; no timezone found
$IGTE: possibly delisted; no timezone found
$IDVC: possibly delisted; no timezone found
$IGOI: possibly delisted; no timezone found
$IDTI: possibly delisted; no timezone found
$IIII: possibly delisted; no timezone found
$IINX: possibly delisted; no timezone found
$IIN: possibly delisted; no timezone found
$IHC: possibly delisted; no timezone found
$IGXT: possibly delisted; no timezone found

20 Failed downloads:
['IGT', 'IEA', 'IIAC', 'IGMS', 'IDSY', 'IFNY', 'IFCI', 'IKAN', 'IIVI', 'IGLU', 'IEVM', 'IGTE', 'IDVC', 'IGOI', 'IDTI', 'IIII', 'IINX', 'IIN', 'IHC', 'IGXT']: possibly delisted; no timezone found
$IMS: possibly delisted; no timezone found
$IMPR: possibly delisted; no timezone found
$IMDC: possibly delisted; no timezone found
$IMGN: possibly delisted; no timezone found
$IMPV: possibly delisted; no timezone found
$IMSC: possibly delisted; no timezone found
$ILCC: possibly delisted; no timezone found
$IMI: possibly delisted; no timezone found
$IM: possibly delisted; no timezone found
$IMPX: possibly delisted; no timezone found
$IL: possibly delisted; no timezone found
$IMMU: possibly delisted; no timezone found
$IMH: possibly delisted; no timezone found
$IMKI: possibly delisted; no timezone found
$IMDZ: possibly delisted; no timezone found
$IMBI: possibly delisted; no timezone found
$IMG: possibly delisted; no timezone found
$IMNP: possibly delisted; no timezone found
$ILG: possibly delisted; no timezone found
$IMKT: possibly delisted; no timezone found

20 Failed downloads:
['IMS', 'IMPR', 'IMDC', 'IMGN', 'IMPV', 'IMSC', 'ILCC', 'IMI', 'IM', 'IMPX', 'IL', 'IMMU', 'IMH', 'IMKI', 'IMDZ', 'IMBI', 'IMG', 'IMNP', 'ILG', 'IMKT']: possibly delisted; no timezone found
$INUVO: possibly delisted; no timezone found
$INSY: possibly delisted; no timezone found
$INKA: possibly delisted; no timezone found
$INFI: possibly delisted; no timezone found
$INST: possibly delisted; no timezone found
$IN: possibly delisted; no price data found  (1d 2008-01-01 -> 2026-09-26)
$INDT: possibly delisted; no timezone found
$IOTS: possibly delisted; no timezone found
$INZY: possibly delisted; no timezone found
$INWK: possibly delisted; no timezone found
$INPH: possibly delisted; no timezone found
$IO: possibly delisted; no timezone found
$INSV: possibly delisted; no timezone found
$INTX: possibly delisted; no timezone found
$INFA: possibly delisted; no timezone found
$INAP: possibly delisted; no timezone found
$INCB: possibly delisted; no timezone found
$INVS: possibly delisted; no timezone found
$ININ: possibly delisted; no timezone found
$INFN: possibly delisted; no timezone found

20 Failed downloads:
['INUVO', 'INSY', 'INKA', 'INFI', 'INST', 'INDT', 'IOTS', 'INZY', 'INWK', 'INPH', 'IO', 'INSV', 'INTX', 'INFA', 'INAP', 'INCB', 'INVS', 'ININ', 'INFN']: possibly delisted; no timezone found
['IN']: possibly delisted; no price data found  (1d 2008-01-01 -> 2026-09-26)
$IRF: possibly delisted; no timezone found
$IQMDU: possibly delisted; no timezone found
$IRC: possibly delisted; no timezone found
$IPXL: possibly delisted; no timezone found
$IRBT: possibly delisted; no timezone found
$IPHI: possibly delisted; no timezone found
$IPSU: possibly delisted; no timezone found
$IPOF: possibly delisted; no timezone found
$IPG: possibly delisted; no timezone found
$IQNT: possibly delisted; no timezone found
$IPCM: possibly delisted; no timezone found
$IPCC: possibly delisted; no timezone found
$IRG: possibly delisted; no timezone found
$IPHS: possibly delisted; no timezone found
$IPVF: possibly delisted; no timezone found
$IPVI: possibly delisted; no timezone found
$IRAA: possibly delisted; no timezone found
$IPAS: possibly delisted; no timezone found
$IREIT: possibly delisted; no timezone found
$IPOD: possibly delisted; no timezone found

20 Failed downloads:
['IRF', 'IQMDU', 'IRC', 'IPXL', 'IRBT', 'IPHI', 'IPSU', 'IPOF', 'IPG', 'IQNT', 'IPCM', 'IPCC', 'IRG', 'IPHS', 'IPVF', 'IPVI', 'IRAA', 'IPAS', 'IREIT', 'IPOD']: possibly delisted; no timezone found
$IRNC: possibly delisted; no timezone found
$ITCI: possibly delisted; no timezone found
$ISCA: possibly delisted; no timezone found
$IRNT: possibly delisted; no timezone found
$ISGN: possibly delisted; no timezone found
$IRI: possibly delisted; no timezone found
$ISSI: possibly delisted; no timezone found
$ITAQ: possibly delisted; no timezone found
$ISUN: possibly delisted; no timezone found
$IRIS: possibly delisted; no timezone found
$ISIL: possibly delisted; no timezone found
$ISLE: possibly delisted; no timezone found
$ISTA: possibly delisted; no timezone found
$IRLD: possibly delisted; no timezone found
$IRRX: possibly delisted; no timezone found
$ITC: possibly delisted; no timezone found
$ISEE: possibly delisted; no timezone found
$ISH: possibly delisted; no timezone found
$ISBC: possibly delisted; no timezone found
$ISLT: possibly delisted; no timezone found

20 Failed downloads:
['IRNC', 'ITCI', 'ISCA', 'IRNT', 'ISGN', 'IRI', 'ISSI', 'ITAQ', 'ISUN', 'IRIS', 'ISIL', 'ISLE', 'ISTA', 'IRLD', 'IRRX', 'ITC', 'ISEE', 'ISH', 'ISBC', 'ISLT']: possibly delisted; no timezone found
$ITSI: possibly delisted; no timezone found
$IVC: possibly delisted; no timezone found
$JAH: possibly delisted; no timezone found
$ITKG: possibly delisted; no timezone found
$ITMN: possibly delisted; no timezone found
$IVAC: possibly delisted; no timezone found
$JAG: possibly delisted; no timezone found
$JAMF: possibly delisted; no timezone found
$JASN: possibly delisted; no timezone found
$IVCA: possibly delisted; no timezone found
$ITOS: possibly delisted; no timezone found
$IXAQU: possibly delisted; no timezone found
$IVTY: possibly delisted; no timezone found
$JAQC: possibly delisted; no timezone found
$ITQRU: possibly delisted; no timezone found
$IWBB: possibly delisted; no timezone found
$IXYS: possibly delisted; no timezone found
$IVTP: possibly delisted; no timezone found
$ITI: possibly delisted; no timezone found
$ITRM: possibly delisted; no timezone found

20 Failed downloads:
['ITSI', 'IVC', 'JAH', 'ITKG', 'ITMN', 'IVAC', 'JAG', 'JAMF', 'JASN', 'IVCA', 'ITOS', 'IXAQU', 'IVTY', 'JAQC', 'ITQRU', 'IWBB', 'IXYS', 'IVTP', 'ITI', 'ITRM']: possibly delisted; no timezone found
$JCG: possibly delisted; no timezone found
$JIGD: possibly delisted; no timezone found
$JGGC: possibly delisted; no timezone found
$JMG: possibly delisted; no timezone found
$JMI: possibly delisted; no timezone found
$JGW: possibly delisted; no timezone found
$JCIC: possibly delisted; no timezone found
$JMP: possibly delisted; no timezone found
$JEMC: possibly delisted; no timezone found
$JMBA: possibly delisted; no timezone found
$JLLIPT: possibly delisted; no timezone found
$JAXB: possibly delisted; no timezone found
$JAX: possibly delisted; no timezone found
$JIH: possibly delisted; no timezone found
$JCP: possibly delisted; no timezone found
$JHG: possibly delisted; no timezone found
$JDAS: possibly delisted; no timezone found
$JEC: possibly delisted; no timezone found
$JAWS: possibly delisted; no timezone found
$JBT: possibly delisted; no timezone found

20 Failed downloads:
['JCG', 'JIGD', 'JGGC', 'JMG', 'JMI', 'JGW', 'JCIC', 'JMP', 'JEMC', 'JMBA', 'JLLIPT', 'JAXB', 'JAX', 'JIH', 'JCP', 'JHG', 'JDAS', 'JEC', 'JAWS', 'JBT']: possibly delisted; no timezone found
$JPEP: possibly delisted; no timezone found
$JUN: possibly delisted; no timezone found
$JOFF: possibly delisted; no timezone found
$JNPR: possibly delisted; no timezone found
$JRJR: possibly delisted; no timezone found
$JNP: possibly delisted; no timezone found
$JNY: possibly delisted; no timezone found
$JRN: possibly delisted; no timezone found
$JWCA: possibly delisted; no timezone found
$JTPY: possibly delisted; no timezone found
$JRCC: possibly delisted; no timezone found
$JOY: possibly delisted; no timezone found
$JOAN: possibly delisted; no timezone found
$JOSB: possibly delisted; no timezone found
$JNS: possibly delisted; no timezone found
$JNCE: possibly delisted; no timezone found
$JWSM: possibly delisted; no timezone found
$JWA: possibly delisted; no timezone found
$JWN: possibly delisted; no timezone found
$JUNO: possibly delisted; no timezone found

20 Failed downloads:
['JPEP', 'JUN', 'JOFF', 'JNPR', 'JRJR', 'JNP', 'JNY', 'JRN', 'JWCA', 'JTPY', 'JRCC', 'JOY', 'JOAN', 'JOSB', 'JNS', 'JNCE', 'JWSM', 'JWA', 'JWN', 'JUNO']: possibly delisted; no timezone found
$JXSB: possibly delisted; no timezone found
$KCP: possibly delisted; no timezone found
$KANT: possibly delisted; no timezone found
$KCG: possibly delisted; no timezone found
$JZHG: possibly delisted; no timezone found
$KBSLEGACY: possibly delisted; no timezone found
$KCGI: possibly delisted; no timezone found
$KBW: possibly delisted; no price data found  (1d 2008-01-01 -> 2026-09-26)
$KATE: possibly delisted; no timezone found
$KDNY: possibly delisted; no timezone found
$KCI: possibly delisted; no timezone found
$KBSRII: possibly delisted; no timezone found
$JYHW: possibly delisted; no timezone found
$KAHC: possibly delisted; no timezone found
$KDN: possibly delisted; no timezone found
$KDMN: possibly delisted; no timezone found
$KAIR: possibly delisted; no timezone found
$KAMN: possibly delisted; no timezone found
$KBAL: possibly delisted; no timezone found
$K: possibly delisted; no timezone found

20 Failed downloads:
['JXSB', 'KCP', 'KANT', 'KCG', 'JZHG', 'KBSLEGACY', 'KCGI', 'KATE', 'KDNY', 'KCI', 'KBSRII', 'JYHW', 'KAHC', 'KDN', 'KDMN', 'KAIR', 'KAMN', 'KBAL', 'K']: possibly delisted; no timezone found
['KBW']: possibly delisted; no price data found  (1d 2008-01-01 -> 2026-09-26)
$KLR: possibly delisted; no timezone found
$KEM: possibly delisted; no timezone found
$KIII: possibly delisted; no timezone found
$KKD: possibly delisted; no timezone found
$KIRK: possibly delisted; no timezone found
$KEYW: possibly delisted; no timezone found
$KLAQ: possibly delisted; no timezone found
$KLDX: possibly delisted; no timezone found
$KFN: possibly delisted; no timezone found
$KITE: possibly delisted; no timezone found
$KEGXD: possibly delisted; no timezone found
$KFS: possibly delisted; no timezone found
$KIOR: possibly delisted; no timezone found
$KID: possibly delisted; no timezone found
$KIN: possibly delisted; no timezone found
$KEYN: possibly delisted; no timezone found
$KIND: possibly delisted; no timezone found
$KERX: possibly delisted; no timezone found
$KLXI: possibly delisted; no timezone found
$KITD: possibly delisted; no timezone found

20 Failed downloads:
['KLR', 'KEM', 'KIII', 'KKD', 'KIRK', 'KEYW', 'KLAQ', 'KLDX', 'KFN', 'KITE', 'KEGXD', 'KFS', 'KIOR', 'KID', 'KIN', 'KEYN', 'KIND', 'KERX', 'KLXI', 'KITD']: possibly delisted; no timezone found
$KND: possibly delisted; no timezone found
$KOR: possibly delisted; no timezone found
$KRTX: possibly delisted; no timezone found
$KOG: possibly delisted; no timezone found
$KMR: possibly delisted; no timezone found
$KRON: possibly delisted; no timezone found
$KNOL: possibly delisted; no timezone found
$KMP: possibly delisted; no timezone found
$KS: possibly delisted; no timezone found
$KNBE: possibly delisted; no timezone found
$KSHB: possibly delisted; no timezone found
$KRFT: possibly delisted; no timezone found
$KNXA: possibly delisted; no timezone found
$KNSW: possibly delisted; no timezone found
$KMG: possibly delisted; no timezone found
$KNTE: possibly delisted; no timezone found
$KRA: possibly delisted; no timezone found
$KRNL: possibly delisted; no timezone found
$KNL: possibly delisted; no timezone found
$KONA: possibly delisted; no timezone found

20 Failed downloads:
['KND', 'KOR', 'KRTX', 'KOG', 'KMR', 'KRON', 'KNOL', 'KMP', 'KS', 'KNBE', 'KSHB', 'KRFT', 'KNXA', 'KNSW', 'KMG', 'KNTE', 'KRA', 'KRNL', 'KNL', 'KONA']: possibly delisted; no timezone found
$KYAK: possibly delisted; no timezone found
$KVSA: possibly delisted; no timezone found
$KSU: possibly delisted; no timezone found
$LAT: possibly delisted; no price data found  (1d 2008-01-01 -> 2026-09-26)
$KWKA: possibly delisted; no timezone found
$LBAI: possibly delisted; no timezone found
$KSWS: possibly delisted; no timezone found
$KVSC: possibly delisted; no timezone found
$LAYN: possibly delisted; no timezone found
$LAZRQ: possibly delisted; no timezone found
$KYTH: possibly delisted; no timezone found
$KYNP: possibly delisted; no timezone found
$LABC: possibly delisted; no timezone found
$LABL: possibly delisted; no timezone found
$KZR: possibly delisted; no timezone found
$KSPN: possibly delisted; no timezone found
$LATX: possibly delisted; no timezone found
$LBAO: possibly delisted; no timezone found
$KTYB: possibly delisted; no timezone found
$KW: possibly delisted; no timezone found

20 Failed downloads:
['KYAK', 'KVSA', 'KSU', 'KWKA', 'LBAI', 'KSWS', 'KVSC', 'LAYN', 'LAZRQ', 'KYTH', 'KYNP', 'LABC', 'LABL', 'KZR', 'KSPN', 'LATX', 'LBAO', 'KTYB', 'KW']: possibly delisted; no timezone found
['LAT']: possibly delisted; no price data found  (1d 2008-01-01 -> 2026-09-26)
$LCAHU: possibly delisted; no timezone found
$LEAR: possibly delisted; no timezone found
$LC: possibly delisted; no timezone found
$LBPH: possibly delisted; no timezone found
$LDR: possibly delisted; no timezone found
$LCI: possibly delisted; no timezone found
$LEOM: possibly delisted; no timezone found
$LBGO: possibly delisted; no timezone found
$LCAV: possibly delisted; no timezone found
$LCC: possibly delisted; no timezone found
$LEVL: possibly delisted; no timezone found
$LBC: possibly delisted; no timezone found
$LCAAU: possibly delisted; no timezone found
$LEAF: possibly delisted; no timezone found
$LCW: possibly delisted; no timezone found
$LEXE: possibly delisted; no timezone found
$LBY: possibly delisted; no timezone found
$LEAP: possibly delisted; no timezone found
$LDL: possibly delisted; no timezone found
$LEDR: possibly delisted; no timezone found

20 Failed downloads:
['LCAHU', 'LEAR', 'LC', 'LBPH', 'LDR', 'LCI', 'LEOM', 'LBGO', 'LCAV', 'LCC', 'LEVL', 'LBC', 'LCAAU', 'LEAF', 'LCW', 'LEXE', 'LBY', 'LEAP', 'LDL', 'LEDR']: possibly delisted; no timezone found
$LJPC: possibly delisted; no timezone found
$LG: possibly delisted; no timezone found
$LIOX: possibly delisted; no timezone found
$LIQD: possibly delisted; no timezone found
$LGVCU: possibly delisted; no timezone found
$LIWA: possibly delisted; no timezone found
$LF: possibly delisted; no timezone found
$LHAA: possibly delisted; no timezone found
$LIQDA: possibly delisted; no timezone found
$LGACU: possibly delisted; no timezone found
$LFTRU: possibly delisted; no timezone found
$LGDI: possibly delisted; no timezone found
$LFLY: possibly delisted; no timezone found
$LHCG: possibly delisted; no timezone found
$LHO: possibly delisted; no timezone found
$LITT: possibly delisted; no timezone found
$LKSD: possibly delisted; no timezone found
$LHC: possibly delisted; no timezone found
$LFG: possibly delisted; no timezone found
$LGV: possibly delisted; no timezone found

20 Failed downloads:
['LJPC', 'LG', 'LIOX', 'LIQD', 'LGVCU', 'LIWA', 'LF', 'LHAA', 'LIQDA', 'LGACU', 'LFTRU', 'LGDI', 'LFLY', 'LHCG', 'LHO', 'LITT', 'LKSD', 'LHC', 'LFG', 'LGV']: possibly delisted; no timezone found
$LLEX: possibly delisted; no timezone found
$LMRK: possibly delisted; no timezone found
$LLC: possibly delisted; no price data found  (1d 2008-01-01 -> 2026-09-26)
$LL: possibly delisted; no timezone found
$LMOS: possibly delisted; no timezone found
$LNCE: possibly delisted; no timezone found
$LLNW: possibly delisted; no timezone found
$LNCO: possibly delisted; no timezone found
$LM: possibly delisted; no timezone found
$LNCR: possibly delisted; no timezone found
$LLAP: possibly delisted; no timezone found
$LMIA: possibly delisted; no timezone found
$LLTC: possibly delisted; no timezone found
$LNCM: possibly delisted; no timezone found
$LMST: possibly delisted; no timezone found
$LNBB: possibly delisted; no timezone found
$LMCA: possibly delisted; no timezone found
$LMAC: possibly delisted; no timezone found
$LLL: possibly delisted; no timezone found
$LLEN: possibly delisted; no timezone found

20 Failed downloads:
['LLEX', 'LMRK', 'LL', 'LMOS', 'LNCE', 'LLNW', 'LNCO', 'LM', 'LNCR', 'LLAP', 'LMIA', 'LLTC', 'LNCM', 'LMST', 'LNBB', 'LMCA', 'LMAC', 'LLL', 'LLEN']: possibly delisted; no timezone found
['LLC']: possibly delisted; no price data found  (1d 2008-01-01 -> 2026-09-26)
$LOGM: possibly delisted; no timezone found
$LPR: possibly delisted; no timezone found
$LNW: possibly delisted; no timezone found
$LPDX: possibly delisted; no timezone found
$LOV: possibly delisted; no timezone found
$LPAD: possibly delisted; no timezone found
$LOTZ: possibly delisted; no timezone found
$LNKD: possibly delisted; no timezone found
$LPS: possibly delisted; no timezone found
$LOOK: possibly delisted; no timezone found
$LOCC: possibly delisted; no timezone found
$LO: possibly delisted; no timezone found
$LOKM: possibly delisted; no timezone found
$LOXO: possibly delisted; no timezone found
$LPNT: possibly delisted; no timezone found
$LOJN: possibly delisted; no timezone found
$LONE: possibly delisted; no timezone found
$LORL: possibly delisted; no timezone found
$LOCK: possibly delisted; no price data found  (1d 2008-01-01 -> 2026-09-26)
$LNET: possibly delisted; no timezone found

20 Failed downloads:
['LOGM', 'LPR', 'LNW', 'LPDX', 'LOV', 'LPAD', 'LOTZ', 'LNKD', 'LPS', 'LOOK', 'LOCC', 'LO', 'LOKM', 'LOXO', 'LPNT', 'LOJN', 'LONE', 'LORL', 'LNET']: possibly delisted; no timezone found
['LOCK']: possibly delisted; no price data found  (1d 2008-01-01 -> 2026-09-26)
$LUXAU: possibly delisted; no timezone found
$LTRPA: possibly delisted; no timezone found
$LTHM: possibly delisted; no timezone found
$LPTV: possibly delisted; no timezone found
$LRY: possibly delisted; no timezone found
$LSEA: possibly delisted; no timezone found
$LSI: possibly delisted; no timezone found
$LPSB: possibly delisted; no timezone found
$LTNU: possibly delisted; no timezone found
$LUB: possibly delisted; no timezone found
$LUFK: possibly delisted; no timezone found
$LVB: possibly delisted; no timezone found
$LSYN: possibly delisted; no timezone found
$LTS: possibly delisted; no timezone found
$LSBG: possibly delisted; no timezone found
$LUVE: possibly delisted; no timezone found
$LTCG: possibly delisted; no timezone found
$LTXB: possibly delisted; no timezone found
$LUSI: possibly delisted; no timezone found
$LPTC: possibly delisted; no timezone found

20 Failed downloads:
['LUXAU', 'LTRPA', 'LTHM', 'LPTV', 'LRY', 'LSEA', 'LSI', 'LPSB', 'LTNU', 'LUB', 'LUFK', 'LVB', 'LSYN', 'LTS', 'LSBG', 'LUVE', 'LTCG', 'LTXB', 'LUSI', 'LPTC']: possibly delisted; no timezone found
$MBCN: possibly delisted; no timezone found
$MAXD: possibly delisted; no timezone found
$LXK: possibly delisted; no timezone found
$MAXY: possibly delisted; no timezone found
$MBAC: possibly delisted; no timezone found
$MACK: possibly delisted; no timezone found
$MAXR: possibly delisted; no timezone found
$LVRA: possibly delisted; no timezone found
$MATK: possibly delisted; no timezone found
$MACC: possibly delisted; no timezone found
$LZD: possibly delisted; no price data found  (1d 2008-01-01 -> 2026-09-26)
$LVIS: possibly delisted; no timezone found
$LVOX: possibly delisted; no timezone found
$LZNN: possibly delisted; no timezone found
$LVP: possibly delisted; no price data found  (1d 2008-01-01 -> 2026-09-26)
$MAACU: possibly delisted; no timezone found
$MANT: possibly delisted; no timezone found
$MBDE: possibly delisted; no timezone found
$MASI: possibly delisted; no timezone found
$MAG: possibly delisted; no timezone found

20 Failed downloads:
['MBCN', 'MAXD', 'LXK', 'MAXY', 'MBAC', 'MACK', 'MAXR', 'LVRA', 'MATK', 'MACC', 'LVIS', 'LVOX', 'LZNN', 'MAACU', 'MANT', 'MBDE', 'MASI', 'MAG']: possibly delisted; no timezone found
['LZD', 'LVP']: possibly delisted; no price data found  (1d 2008-01-01 -> 2026-09-26)
$MBRG: possibly delisted; no timezone found
$MCRS: possibly delisted; no timezone found
$MCBF: possibly delisted; no timezone found
$MBSC: possibly delisted; no timezone found
$MBFI: possibly delisted; no timezone found
$MBTF: possibly delisted; no timezone found
$MCBI: possibly delisted; no timezone found
$MCW: possibly delisted; no timezone found
$MCAAU: possibly delisted; no timezone found
$MCFE: possibly delisted; no timezone found
$MCRL: possibly delisted; no timezone found
$MCRN: possibly delisted; no timezone found
$MCBC: possibly delisted; no timezone found
$MCF: possibly delisted; no timezone found
$MCP: possibly delisted; no timezone found
$MBVT: possibly delisted; no timezone found
$MBII: possibly delisted; no timezone found
$MCZ: possibly delisted; no timezone found
$MDAS: possibly delisted; no timezone found
$MCEP: possibly delisted; no timezone found

20 Failed downloads:
['MBRG', 'MCRS', 'MCBF', 'MBSC', 'MBFI', 'MBTF', 'MCBI', 'MCW', 'MCAAU', 'MCFE', 'MCRL', 'MCRN', 'MCBC', 'MCF', 'MCP', 'MBVT', 'MBII', 'MCZ', 'MDAS', 'MCEP']: possibly delisted; no timezone found
$MDC: possibly delisted; no timezone found
$MDNB: possibly delisted; no timezone found
$MDH: possibly delisted; no timezone found
$MEAD: possibly delisted; no timezone found
$MDF: possibly delisted; no timezone found
$MEDAVAIL: possibly delisted; no timezone found
$MEAS: possibly delisted; no timezone found
$MDTH: possibly delisted; no timezone found
$MDR: possibly delisted; no timezone found
$MDSY: possibly delisted; no timezone found
$MDSO: possibly delisted; no timezone found
$MEA: possibly delisted; no timezone found
$MDWT: possibly delisted; no timezone found
$MDW: possibly delisted; no timezone found
$MDP: possibly delisted; no timezone found
$MDS: possibly delisted; no timezone found
$MDCO: possibly delisted; no timezone found
$MDVN: possibly delisted; no timezone found
$MDLA: possibly delisted; no timezone found
$MDLY: possibly delisted; no timezone found

20 Failed downloads:
['MDC', 'MDNB', 'MDH', 'MEAD', 'MDF', 'MEDAVAIL', 'MEAS', 'MDTH', 'MDR', 'MDSY', 'MDSO', 'MEA', 'MDWT', 'MDW', 'MDP', 'MDS', 'MDCO', 'MDVN', 'MDLA', 'MDLY']: possibly delisted; no timezone found
$METR: possibly delisted; no timezone found
$MELR: possibly delisted; no timezone found
$MENT: possibly delisted; no timezone found
$MEET: possibly delisted; no timezone found
$MGLN: possibly delisted; no timezone found
$MFLV: possibly delisted; no timezone found
$MFE: possibly delisted; no timezone found
$MEE: possibly delisted; no timezone found
$MEG: possibly delisted; no timezone found
$MEP: possibly delisted; no timezone found
$MERU: possibly delisted; no timezone found
$MFRM: possibly delisted; no timezone found
$MEKA: possibly delisted; no timezone found
$MFSF: possibly delisted; no timezone found
$MFHV: possibly delisted; no timezone found
$MFB: possibly delisted; no timezone found
$MFNC: possibly delisted; no timezone found
$MFMV: possibly delisted; no timezone found
$MGI: possibly delisted; no timezone found
$MFST: possibly delisted; no timezone found

20 Failed downloads:
['METR', 'MELR', 'MENT', 'MEET', 'MGLN', 'MFLV', 'MFE', 'MEE', 'MEG', 'MEP', 'MERU', 'MFRM', 'MEKA', 'MFSF', 'MFHV', 'MFB', 'MFNC', 'MFMV', 'MGI', 'MFST']: possibly delisted; no timezone found
$MGP: possibly delisted; no timezone found
$MHLD: possibly delisted; no timezone found
$MIGI: possibly delisted; no timezone found
$MJCO: possibly delisted; no timezone found
$MHYS: possibly delisted; no timezone found
$MILE: possibly delisted; no timezone found
$MIXT: possibly delisted; no timezone found
$MINI: possibly delisted; no timezone found
$MIME: possibly delisted; no timezone found
$MHR: possibly delisted; no timezone found
$MIMO: possibly delisted; no timezone found
$MILL: possibly delisted; no timezone found
$MITL: possibly delisted; no timezone found
$MJN: possibly delisted; no timezone found
$MHGC: possibly delisted; no timezone found
$MIT: possibly delisted; no timezone found
$MHS: possibly delisted; no timezone found
$MITD: possibly delisted; no timezone found
$MIPS: possibly delisted; no timezone found
$MIK: possibly delisted; no timezone found

20 Failed downloads:
['MGP', 'MHLD', 'MIGI', 'MJCO', 'MHYS', 'MILE', 'MIXT', 'MINI', 'MIME', 'MHR', 'MIMO', 'MILL', 'MITL', 'MJN', 'MHGC', 'MIT', 'MHS', 'MITD', 'MIPS', 'MIK']: possibly delisted; no timezone found
$MLNX: possibly delisted; no timezone found
$MLVF: possibly delisted; no timezone found
$MLNK: possibly delisted; no timezone found
$MKFG: possibly delisted; no timezone found
$MMUS: possibly delisted; no timezone found
$MJTK: possibly delisted; no timezone found
$MMR: possibly delisted; no timezone found
$MMAT: possibly delisted; no timezone found
$MMP: possibly delisted; no timezone found
$MMAC: possibly delisted; no timezone found
$MLAC: possibly delisted; no timezone found
$MKTO: possibly delisted; no timezone found
$MN: possibly delisted; no timezone found
$MNBT: possibly delisted; no timezone found
$MLNT: possibly delisted; no timezone found
$ML: possibly delisted; no timezone found
$MM: possibly delisted; no timezone found
$MKTG: possibly delisted; no timezone found
$MMRF: possibly delisted; no timezone found
$MMDM: possibly delisted; no timezone found

20 Failed downloads:
['MLNX', 'MLVF', 'MLNK', 'MKFG', 'MMUS', 'MJTK', 'MMR', 'MMAT', 'MMP', 'MMAC', 'MLAC', 'MKTO', 'MN', 'MNBT', 'MLNT', 'ML', 'MM', 'MKTG', 'MMRF', 'MMDM']: possibly delisted; no timezone found
$MON: possibly delisted; no timezone found
$MOCO: possibly delisted; no timezone found
$MNTX: possibly delisted; no timezone found
$MODG: possibly delisted; no timezone found
$MNTA: possibly delisted; no timezone found
$MNI: possibly delisted; no timezone found
$MOLX: possibly delisted; no timezone found
$MNTG: possibly delisted; no timezone found
$MNK: possibly delisted; no timezone found
$MODN: possibly delisted; no timezone found
$MNM: possibly delisted; no timezone found
$MOBL: possibly delisted; no timezone found
$MNRTII: possibly delisted; no timezone found
$MNTV: possibly delisted; no timezone found
$MNRL: possibly delisted; no timezone found
$MOG: possibly delisted; no timezone found
$MNDT: possibly delisted; no timezone found
$MNRK: possibly delisted; no timezone found
$MOFG: possibly delisted; no timezone found
$MODV: possibly delisted; no timezone found

20 Failed downloads:
['MON', 'MOCO', 'MNTX', 'MODG', 'MNTA', 'MNI', 'MOLX', 'MNTG', 'MNK', 'MODN', 'MNM', 'MOBL', 'MNRTII', 'MNTV', 'MNRL', 'MOG', 'MNDT', 'MNRK', 'MOFG', 'MODV']: possibly delisted; no timezone found
$MRNS: possibly delisted; no timezone found
$MRCC: possibly delisted; no timezone found
$MRD: possibly delisted; no timezone found
$MPRA: possibly delisted; no timezone found
$MOSCU: possibly delisted; no timezone found
$MORF: possibly delisted; no timezone found
$MRIN: possibly delisted; no timezone found
$MR: possibly delisted; no timezone found
$MRUS: possibly delisted; no timezone found
$MRTX: possibly delisted; no timezone found
$MRSN: possibly delisted; no timezone found
$MRC: possibly delisted; no timezone found
$MRO: possibly delisted; no timezone found
$MPSX: possibly delisted; no timezone found
$MPX: possibly delisted; no timezone found
$MORE: possibly delisted; no timezone found
$MRH: possibly delisted; no timezone found
$MOTR: possibly delisted; no price data found  (1d 2008-01-01 -> 2026-09-26)
$MPR: possibly delisted; no timezone found
$MONCU: possibly delisted; no timezone found

20 Failed downloads:
['MRNS', 'MRCC', 'MRD', 'MPRA', 'MOSCU', 'MORF', 'MRIN', 'MR', 'MRUS', 'MRTX', 'MRSN', 'MRC', 'MRO', 'MPSX', 'MPX', 'MORE', 'MRH', 'MPR', 'MONCU']: possibly delisted; no timezone found
['MOTR']: possibly delisted; no price data found  (1d 2008-01-01 -> 2026-09-26)
$MSON: possibly delisted; no timezone found
$MSCD: possibly delisted; no timezone found
$MRVC: possibly delisted; no timezone found
$MSCC: possibly delisted; no timezone found
$MSO: possibly delisted; no timezone found
$MSEG: possibly delisted; no timezone found
$MSDA: possibly delisted; no timezone found
$MSW: possibly delisted; no timezone found
$MSPD: possibly delisted; no timezone found
$MSLP: possibly delisted; no timezone found
$MSGN: possibly delisted; no timezone found
$MSBF: possibly delisted; no timezone found
$MSP: possibly delisted; no timezone found
$MSL: possibly delisted; no timezone found
$MSFG: possibly delisted; no timezone found
$MSCM: possibly delisted; no timezone found
$MTBL: possibly delisted; no timezone found
$MTEM: possibly delisted; no timezone found
$MSCG: possibly delisted; no timezone found
$MTEC: possibly delisted; no timezone found

20 Failed downloads:
['MSON', 'MSCD', 'MRVC', 'MSCC', 'MSO', 'MSEG', 'MSDA', 'MSW', 'MSPD', 'MSLP', 'MSGN', 'MSBF', 'MSP', 'MSL', 'MSFG', 'MSCM', 'MTBL', 'MTEM', 'MSCG', 'MTEC']: possibly delisted; no timezone found
$MUDS: possibly delisted; no timezone found
$MXIM: possibly delisted; no timezone found
$MTOR: possibly delisted; no timezone found
$MVPR: possibly delisted; no timezone found
$MVNR: possibly delisted; no price data found  (1d 2008-01-01 -> 2026-09-26)
$MTGE: possibly delisted; no timezone found
$MWE: possibly delisted; no timezone found
$MTSC: possibly delisted; no timezone found
$MULN: possibly delisted; no timezone found
$MTMT: possibly delisted; no timezone found
$MWW: possibly delisted; no timezone found
$MTRYU: possibly delisted; no timezone found
$MWV: possibly delisted; no timezone found
$MTSN: possibly delisted; no timezone found
$MTTR: possibly delisted; no timezone found
$MULG: possibly delisted; no timezone found
$MTOX: possibly delisted; no timezone found
$MULE: possibly delisted; no timezone found
$MWIV: possibly delisted; no timezone found
$MTVC: possibly delisted; no timezone found

20 Failed downloads:
['MUDS', 'MXIM', 'MTOR', 'MVPR', 'MTGE', 'MWE', 'MTSC', 'MULN', 'MTMT', 'MWW', 'MTRYU', 'MWV', 'MTSN', 'MTTR', 'MULG', 'MTOX', 'MULE', 'MWIV', 'MTVC']: possibly delisted; no timezone found
['MVNR']: possibly delisted; no price data found  (1d 2008-01-01 -> 2026-09-26)
$NAFC: possibly delisted; no timezone found
$MYDO: possibly delisted; no timezone found
$MXPT: possibly delisted; no timezone found
$MYOV: possibly delisted; no timezone found
$NAACU: possibly delisted; no timezone found
$NARI: possibly delisted; no timezone found
$NAPA: possibly delisted; no timezone found
$MYOK: possibly delisted; no timezone found
$NAL: possibly delisted; no timezone found
$MZEI: possibly delisted; no timezone found
$MYEC: possibly delisted; no timezone found
$NAV: possibly delisted; no timezone found
$N: possibly delisted; no timezone found
$NAME: possibly delisted; no timezone found
$MYRY: possibly delisted; no timezone found
$NAVB: possibly delisted; no timezone found
$MYL: possibly delisted; no timezone found
$MXWL: possibly delisted; no timezone found
$NACCO: possibly delisted; no timezone found
$NATI: possibly delisted; no timezone found

20 Failed downloads:
['NAFC', 'MYDO', 'MXPT', 'MYOV', 'NAACU', 'NARI', 'NAPA', 'MYOK', 'NAL', 'MZEI', 'MYEC', 'NAV', 'N', 'NAME', 'MYRY', 'NAVB', 'MYL', 'MXWL', 'NACCO', 'NATI']: possibly delisted; no timezone found
$NBLX: possibly delisted; no timezone found
$NBRV: possibly delisted; no timezone found
$NBEV: possibly delisted; no timezone found
$NBCB: possibly delisted; no timezone found
$NBL: possibly delisted; no timezone found
$NCPE: possibly delisted; no timezone found
$NCIT: possibly delisted; no timezone found
$NCPS: possibly delisted; no timezone found
$NBBC: possibly delisted; no timezone found
$NCOM: possibly delisted; no timezone found
$NBTF: possibly delisted; no timezone found
$NCACU: possibly delisted; no timezone found
$NBOFI: possibly delisted; no timezone found
$NDMT: possibly delisted; no timezone found
$NCR: possibly delisted; no timezone found
$NAVG: possibly delisted; no timezone found
$NDAC: possibly delisted; no timezone found
$NEBS: possibly delisted; no timezone found
$NBAC: possibly delisted; no timezone found
$NBOH: possibly delisted; no timezone found

20 Failed downloads:
['NBLX', 'NBRV', 'NBEV', 'NBCB', 'NBL', 'NCPE', 'NCIT', 'NCPS', 'NBBC', 'NCOM', 'NBTF', 'NCACU', 'NBOFI', 'NDMT', 'NCR', 'NAVG', 'NDAC', 'NEBS', 'NBAC', 'NBOH']: possibly delisted; no timezone found
$NFSB: possibly delisted; no timezone found
$NFP: possibly delisted; no timezone found
$NGHC: possibly delisted; no timezone found
$NEWS: possibly delisted; no timezone found
$NEWR: possibly delisted; no timezone found
$NGC: possibly delisted; no timezone found
$NEBU: possibly delisted; no timezone found
$NFNT: possibly delisted; no timezone found
$NEXEO: possibly delisted; no timezone found
$NGBL: possibly delisted; no timezone found
$NEUE: possibly delisted; no timezone found
$NFIN: possibly delisted; no timezone found
$NGLS: possibly delisted; no timezone found
$NIHD: possibly delisted; no timezone found
$NETC: possibly delisted; no timezone found
$NEOS: possibly delisted; no timezone found
$NEX: possibly delisted; no timezone found
$NGM: possibly delisted; no timezone found
$NH: possibly delisted; no timezone found
$NES: possibly delisted; no timezone found

20 Failed downloads:
['NFSB', 'NFP', 'NGHC', 'NEWS', 'NEWR', 'NGC', 'NEBU', 'NFNT', 'NEXEO', 'NGBL', 'NEUE', 'NFIN', 'NGLS', 'NIHD', 'NETC', 'NEOS', 'NEX', 'NGM', 'NH', 'NES']: possibly delisted; no timezone found
$NLSNNV: possibly delisted; no timezone found
$NOTV: possibly delisted; no timezone found
$NMTR: possibly delisted; no timezone found
$NOVB: possibly delisted; no timezone found
$NKA: possibly delisted; no timezone found
$NOAC: possibly delisted; no timezone found
$NLS: possibly delisted; no timezone found
$NMRX: possibly delisted; no timezone found
$NONE: possibly delisted; no timezone found
$NOR: possibly delisted; no timezone found
$NOVA: possibly delisted; no timezone found
$NOTICKER: possibly delisted; no timezone found
$NLC: possibly delisted; no timezone found
$NLNK: possibly delisted; no timezone found
$NKLA: possibly delisted; no timezone found
$NOGN: possibly delisted; no timezone found
$NIX: possibly delisted; no price data found  (1d 2008-01-01 -> 2026-09-26)
$NOVC: possibly delisted; no timezone found
$NILE: possibly delisted; no timezone found
$NLN: possibly delisted; no timezone found

20 Failed downloads:
['NLSNNV', 'NOTV', 'NMTR', 'NOVB', 'NKA', 'NOAC', 'NLS', 'NMRX', 'NONE', 'NOR', 'NOVA', 'NOTICKER', 'NLC', 'NLNK', 'NKLA', 'NOGN', 'NOVC', 'NILE', 'NLN']: possibly delisted; no timezone found
['NIX']: possibly delisted; no price data found  (1d 2008-01-01 -> 2026-09-26)
$NRTLQ: possibly delisted; no timezone found
$NSLP: possibly delisted; no timezone found
$NPBC: possibly delisted; no timezone found
$NPSP: possibly delisted; no timezone found
$NOVN: possibly delisted; no timezone found
$NRZ: possibly delisted; no timezone found
$NSAM: possibly delisted; no timezone found
$NRF: possibly delisted; no timezone found
$NR: possibly delisted; no timezone found
$NSM: possibly delisted; no timezone found
$NSH: possibly delisted; no timezone found
$NSFC: possibly delisted; no timezone found
$NSA: possibly delisted; no timezone found
$NOVL: possibly delisted; no timezone found
$NPAB: possibly delisted; no timezone found
$NPTN: possibly delisted; no timezone found
$NRAC: possibly delisted; no timezone found
$NS: possibly delisted; no timezone found
$NOVI: possibly delisted; no timezone found
$NRCG: possibly delisted; no timezone found

20 Failed downloads:
['NRTLQ', 'NSLP', 'NPBC', 'NPSP', 'NOVN', 'NRZ', 'NSAM', 'NRF', 'NR', 'NSM', 'NSH', 'NSFC', 'NSA', 'NOVL', 'NPAB', 'NPTN', 'NRAC', 'NS', 'NOVI', 'NRCG']: possibly delisted; no timezone found
$NSTB: possibly delisted; no timezone found
$NTSP: possibly delisted; no timezone found
$NVEE: possibly delisted; no timezone found
$NVFL: possibly delisted; no timezone found
$NTEC: possibly delisted; no timezone found
$NVFLL: possibly delisted; no timezone found
$NUVA: possibly delisted; no timezone found
$NSSI: possibly delisted; no timezone found
$NST: possibly delisted; no timezone found
$NTGN: possibly delisted; no timezone found
$NSPH: possibly delisted; no timezone found
$NTUS: possibly delisted; no timezone found
$NUAN: possibly delisted; no timezone found
$NTSC: possibly delisted; no timezone found
$NTRI: possibly delisted; no timezone found
$NTKS: possibly delisted; no timezone found
$NSR: possibly delisted; no timezone found
$NTI: possibly delisted; no timezone found
$NTLS: possibly delisted; no timezone found
$NSTG: possibly delisted; no timezone found

20 Failed downloads:
['NSTB', 'NTSP', 'NVEE', 'NVFL', 'NTEC', 'NVFLL', 'NUVA', 'NSSI', 'NST', 'NTGN', 'NSPH', 'NTUS', 'NUAN', 'NTSC', 'NTRI', 'NTKS', 'NSR', 'NTI', 'NTLS', 'NSTG']: possibly delisted; no timezone found
$NVIC: possibly delisted; no timezone found
$NVTR: possibly delisted; no timezone found
$NVLN: possibly delisted; no timezone found
$NVSA: possibly delisted; no timezone found
$NWHM: possibly delisted; no timezone found
$NXTM: possibly delisted; no timezone found
$NYRT: possibly delisted; no timezone found
$NYTE: possibly delisted; no timezone found
$NYSEDEI: possibly delisted; no timezone found
$NWK: possibly delisted; no timezone found
$NVTA: possibly delisted; no timezone found
$NVLS: possibly delisted; no timezone found
$NVRO: possibly delisted; no timezone found
$NYSEADY: possibly delisted; no timezone found
$NVIV: possibly delisted; no timezone found
$NXGN: possibly delisted; no timezone found
$NVGI: possibly delisted; no timezone found
$NYCR: possibly delisted; no timezone found
$NWLI: possibly delisted; no timezone found
$NVSL: possibly delisted; no timezone found

20 Failed downloads:
['NVIC', 'NVTR', 'NVLN', 'NVSA', 'NWHM', 'NXTM', 'NYRT', 'NYTE', 'NYSEDEI', 'NWK', 'NVTA', 'NVLS', 'NVRO', 'NYSEADY', 'NVIV', 'NXGN', 'NVGI', 'NYCR', 'NWLI', 'NVSL']: possibly delisted; no timezone found
$OCAT: possibly delisted; no timezone found
$OCDX: possibly delisted; no timezone found
$OB: possibly delisted; no timezone found
$OABC: possibly delisted; no timezone found
$OEDV: possibly delisted; no timezone found
$ODP: possibly delisted; no timezone found
$NYX: possibly delisted; no price data found  (1d 2008-01-01 -> 2026-09-26)
$OCLR: possibly delisted; no timezone found
$OCRX: possibly delisted; no timezone found
$OFFLP: possibly delisted; no timezone found
$OACQ: possibly delisted; no timezone found
$OAK: possibly delisted; no timezone found
$OCN: possibly delisted; no timezone found
$OCZ: possibly delisted; no timezone found
$OACBU: possibly delisted; no timezone found
$ODT: possibly delisted; no timezone found
$OCR: possibly delisted; no timezone found
$ODMO: possibly delisted; no timezone found
$OBSA: possibly delisted; no timezone found
$OCIP: possibly delisted; no timezone found

20 Failed downloads:
['OCAT', 'OCDX', 'OB', 'OABC', 'OEDV', 'ODP', 'OCLR', 'OCRX', 'OFFLP', 'OACQ', 'OAK', 'OCN', 'OCZ', 'OACBU', 'ODT', 'OCR', 'ODMO', 'OBSA', 'OCIP']: possibly delisted; no timezone found
['NYX']: possibly delisted; no price data found  (1d 2008-01-01 -> 2026-09-26)
$ONCS: possibly delisted; no timezone found
$OMX: possibly delisted; no timezone found
$OLO: possibly delisted; no timezone found
$OMED: possibly delisted; no timezone found
$OLBK: possibly delisted; no timezone found
$OMIF: possibly delisted; no timezone found
$OME: possibly delisted; no timezone found
$OHPA: possibly delisted; no timezone found
$ONCE: possibly delisted; no timezone found
$OMG: possibly delisted; no timezone found
$ONCR: possibly delisted; no timezone found
$OMP: possibly delisted; no timezone found
$OMIC: possibly delisted; no timezone found
$OKS: possibly delisted; no timezone found
$OMPI: possibly delisted; no timezone found
$OMN: possibly delisted; no timezone found
$ONDK: possibly delisted; no timezone found
$OKSB: possibly delisted; no timezone found
$OMI: possibly delisted; no timezone found
$ONCT: possibly delisted; no timezone found

20 Failed downloads:
['ONCS', 'OMX', 'OLO', 'OMED', 'OLBK', 'OMIF', 'OME', 'OHPA', 'ONCE', 'OMG', 'ONCR', 'OMP', 'OMIC', 'OKS', 'OMPI', 'OMN', 'ONDK', 'OKSB', 'OMI', 'ONCT']: possibly delisted; no timezone found
$OREX: possibly delisted; no timezone found
$OPTR: possibly delisted; no timezone found
$ONXX: possibly delisted; no timezone found
$ONFC: possibly delisted; no timezone found
$ORFR: possibly delisted; no timezone found
$ONE: possibly delisted; no timezone found
$ONTF: possibly delisted; no timezone found
$ORB: possibly delisted; no timezone found
$ORCC: possibly delisted; no timezone found
$OPWR: possibly delisted; no timezone found
$OPNT: possibly delisted; no timezone found
$OPLK: possibly delisted; no timezone found
$ONEM: possibly delisted; no timezone found
$OPOF: possibly delisted; no timezone found
$OPAY: possibly delisted; no timezone found
$ONTC: possibly delisted; no timezone found
$OPXT: possibly delisted; no price data found  (1d 2008-01-01 -> 2026-09-26)
$ORBC: possibly delisted; no timezone found
$ONYX: possibly delisted; no timezone found
$OPGN: possibly delisted; no timezone found

20 Failed downloads:
['OREX', 'OPTR', 'ONXX', 'ONFC', 'ORFR', 'ONE', 'ONTF', 'ORB', 'ORCC', 'OPWR', 'OPNT', 'OPLK', 'ONEM', 'OPOF', 'OPAY', 'ONTC', 'ORBC', 'ONYX', 'OPGN']: possibly delisted; no timezone found
['OPXT']: possibly delisted; no price data found  (1d 2008-01-01 -> 2026-09-26)
$OUTR: possibly delisted; no timezone found
$OSH: possibly delisted; no timezone found
$OTEL: possibly delisted; no timezone found
$ORIA: possibly delisted; no timezone found
$ORGN: possibly delisted; no timezone found
$ORIT: possibly delisted; no timezone found
$OUTD: possibly delisted; no timezone found
$OSIR: possibly delisted; no timezone found
$OSTRU: possibly delisted; no timezone found
$OSHC: possibly delisted; no timezone found
$ORM: possibly delisted; no timezone found
$OXDG: possibly delisted; no timezone found
$OWW: possibly delisted; no timezone found
$OVTI: possibly delisted; no timezone found
$ORTX: possibly delisted; no timezone found
$OTIV: possibly delisted; no timezone found
$OTRK: possibly delisted; no timezone found
$OSIUN: possibly delisted; no timezone found
$OXF: possibly delisted; no timezone found
$OTIC: possibly delisted; no timezone found

20 Failed downloads:
['OUTR', 'OSH', 'OTEL', 'ORIA', 'ORGN', 'ORIT', 'OUTD', 'OSIR', 'OSTRU', 'OSHC', 'ORM', 'OXDG', 'OWW', 'OVTI', 'ORTX', 'OTIV', 'OTRK', 'OSIUN', 'OXF', 'OTIC']: possibly delisted; no timezone found
$PAND: possibly delisted; no timezone found
$OYST: possibly delisted; no timezone found
$PANEX: possibly delisted; no timezone found
$PBCT: possibly delisted; no timezone found
$PACD: possibly delisted; no timezone found
$PACQ: possibly delisted; no timezone found
$PBFX: possibly delisted; no timezone found
$PANA: possibly delisted; no timezone found
$PACW: possibly delisted; no timezone found
$PAYA: possibly delisted; no timezone found
$PAE: possibly delisted; no timezone found
$PACEU: possibly delisted; no timezone found
$OXFD: possibly delisted; no timezone found
$OXPS: possibly delisted; no timezone found
$PACR: possibly delisted; no timezone found
$PAQC: possibly delisted; no timezone found
$PBG: possibly delisted; no timezone found
$OZRK: possibly delisted; no timezone found
$PACX: possibly delisted; no timezone found
$PBIP: possibly delisted; no timezone found

20 Failed downloads:
['PAND', 'OYST', 'PANEX', 'PBCT', 'PACD', 'PACQ', 'PBFX', 'PANA', 'PACW', 'PAYA', 'PAE', 'PACEU', 'OXFD', 'OXPS', 'PACR', 'PAQC', 'PBG', 'OZRK', 'PACX', 'PBIP']: possibly delisted; no timezone found
$PBOX: possibly delisted; no timezone found
$PCSB: possibly delisted; no timezone found
$PDE: possibly delisted; no timezone found
$PBPB: possibly delisted; no timezone found
$PDCE: possibly delisted; no timezone found
$PCH: possibly delisted; no timezone found
$PCBC: possibly delisted; no timezone found
$PCX: possibly delisted; no timezone found
$PBSK: possibly delisted; no timezone found
$PCTI: possibly delisted; no timezone found
$PCMI: possibly delisted; no timezone found
$PCP: possibly delisted; no timezone found
$PCFP: possibly delisted; no timezone found
$PDCO: possibly delisted; no timezone found
$PBTH: possibly delisted; no timezone found
$PBY: possibly delisted; no timezone found
$PDH: possibly delisted; no timezone found
$PCYC: possibly delisted; no timezone found
$PCBK: possibly delisted; no timezone found
$PCO: possibly delisted; no timezone found

20 Failed downloads:
['PBOX', 'PCSB', 'PDE', 'PBPB', 'PDCE', 'PCH', 'PCBC', 'PCX', 'PBSK', 'PCTI', 'PCMI', 'PCP', 'PCFP', 'PDCO', 'PBTH', 'PBY', 'PDH', 'PCYC', 'PCBK', 'PCO']: possibly delisted; no timezone found
$PFDR: possibly delisted; no timezone found
$PEGI: possibly delisted; no timezone found
$PETX: possibly delisted; no timezone found
$PEBC: possibly delisted; no timezone found
$PETM: possibly delisted; no timezone found
$PENX: possibly delisted; no timezone found
$PEET: possibly delisted; no timezone found
$PEOP: possibly delisted; no timezone found
$PES: possibly delisted; no timezone found
$PERY: possibly delisted; no timezone found
$PDOT: possibly delisted; no timezone found
$PEAR: possibly delisted; no timezone found
$PFC: possibly delisted; no timezone found
$PFCB: possibly delisted; no timezone found
$PE: possibly delisted; no timezone found
$PEGRU: possibly delisted; no timezone found
$PEAK: possibly delisted; no timezone found
$PFBI: possibly delisted; no timezone found
$PETQ: possibly delisted; no timezone found
$PDLI: possibly delisted; no timezone found

20 Failed downloads:
['PFDR', 'PEGI', 'PETX', 'PEBC', 'PETM', 'PENX', 'PEET', 'PEOP', 'PES', 'PERY', 'PDOT', 'PEAR', 'PFC', 'PFCB', 'PE', 'PEGRU', 'PEAK', 'PFBI', 'PETQ', 'PDLI']: possibly delisted; no timezone found
$PGNX: possibly delisted; no timezone found
$PFNS: possibly delisted; no timezone found
$PFGB: possibly delisted; no timezone found
$PFSW: possibly delisted; no timezone found
$PGTI: possibly delisted; no timezone found
$PGRE: possibly delisted; no timezone found
$PFSD: possibly delisted; no timezone found
$PGSY: possibly delisted; no timezone found
$PFHD: possibly delisted; no timezone found
$PGEM: possibly delisted; no timezone found
$PFPT: possibly delisted; no timezone found
$PGCG: possibly delisted; no timezone found
$PFIE: possibly delisted; no timezone found
$PFTAU: possibly delisted; no timezone found
$PGLC: possibly delisted; no timezone found
$PFNX: possibly delisted; no timezone found
$PGN: possibly delisted; no timezone found
$PFMT: possibly delisted; no timezone found
$PGI: possibly delisted; no timezone found
$PGND: possibly delisted; no timezone found

20 Failed downloads:
['PGNX', 'PFNS', 'PFGB', 'PFSW', 'PGTI', 'PGRE', 'PFSD', 'PGSY', 'PFHD', 'PGEM', 'PFPT', 'PGCG', 'PFIE', 'PFTAU', 'PGLC', 'PFNX', 'PGN', 'PFMT', 'PGI', 'PGND']: possibly delisted; no timezone found
$PICC: possibly delisted; no timezone found
$PIKE: possibly delisted; no timezone found
$PLFE: possibly delisted; no timezone found
$PLAN: possibly delisted; no timezone found
$PKST: possibly delisted; no timezone found
$PLAYTIKA: possibly delisted; no timezone found
$PKT: possibly delisted; no timezone found
$PLCM: possibly delisted; no timezone found
$PING: possibly delisted; no timezone found
$PHOT: possibly delisted; no timezone found
$PHH: possibly delisted; no timezone found
$PHX: possibly delisted; no timezone found
$PIAI: possibly delisted; no timezone found
$PKY: possibly delisted; no timezone found
$PLAD: possibly delisted; no timezone found
$PIR: possibly delisted; no timezone found
$PHAS: possibly delisted; no timezone found
$PKD: possibly delisted; no timezone found
$PHII: possibly delisted; no timezone found
$PIPP: possibly delisted; no timezone found

20 Failed downloads:
['PICC', 'PIKE', 'PLFE', 'PLAN', 'PKST', 'PLAYTIKA', 'PKT', 'PLCM', 'PING', 'PHOT', 'PHH', 'PHX', 'PIAI', 'PKY', 'PLAD', 'PIR', 'PHAS', 'PKD', 'PHII', 'PIPP']: possibly delisted; no timezone found
$PLY: possibly delisted; no price data found  (1d 2008-01-01 -> 2026-09-26)
$PMBC: possibly delisted; no timezone found
$PMCS: possibly delisted; no timezone found
$PME: possibly delisted; no timezone found
$PMC: possibly delisted; no timezone found
$PLL: possibly delisted; no timezone found
$PLMT: possibly delisted; no timezone found
$PLYM: possibly delisted; no timezone found
$PLYA: possibly delisted; no timezone found
$PMHG: possibly delisted; no timezone found
$PMCM: possibly delisted; no timezone found
$PLSB: possibly delisted; no timezone found
$PLHI: possibly delisted; no timezone found
$PMFG: possibly delisted; no timezone found
$PLXT: possibly delisted; no timezone found
$PMTI: possibly delisted; no timezone found
$PLNHF: possibly delisted; no timezone found
$PMD: possibly delisted; no timezone found
$PLKI: possibly delisted; no timezone found
$PLPM: possibly delisted; no timezone found

20 Failed downloads:
['PLY']: possibly delisted; no price data found  (1d 2008-01-01 -> 2026-09-26)
['PMBC', 'PMCS', 'PME', 'PMC', 'PLL', 'PLMT', 'PLYM', 'PLYA', 'PMHG', 'PMCM', 'PLSB', 'PLHI', 'PMFG', 'PLXT', 'PMTI', 'PLNHF', 'PMD', 'PLKI', 'PLPM']: possibly delisted; no timezone found
$PNTV: possibly delisted; no timezone found
$PNY: possibly delisted; no timezone found
$PNCLQ: possibly delisted; no timezone found
$POPE: possibly delisted; no timezone found
$PNTM: possibly delisted; no timezone found
$PMVCD: possibly delisted; no timezone found
$PNT: possibly delisted; no timezone found
$PNXE: possibly delisted; no timezone found
$PNRA: possibly delisted; no timezone found
$PNX: possibly delisted; no timezone found
$PNST: possibly delisted; no timezone found
$POL: possibly delisted; no timezone found
$PMVC: possibly delisted; no timezone found
$POLY: possibly delisted; no timezone found
$PNSN: possibly delisted; no timezone found
$PODS: possibly delisted; no timezone found
$PNG: possibly delisted; no timezone found
$PNM: possibly delisted; no timezone found
$PNK: possibly delisted; no timezone found
$PNAT: possibly delisted; no timezone found

20 Failed downloads:
['PNTV', 'PNY', 'PNCLQ', 'POPE', 'PNTM', 'PMVCD', 'PNT', 'PNXE', 'PNRA', 'PNX', 'PNST', 'POL', 'PMVC', 'POLY', 'PNSN', 'PODS', 'PNG', 'PNM', 'PNK', 'PNAT']: possibly delisted; no timezone found
$PRCP: possibly delisted; no timezone found
$PPGH: possibly delisted; no timezone found
$PPS: possibly delisted; no timezone found
$PRLH: possibly delisted; no timezone found
$PRAH: possibly delisted; no timezone found
$POSH: possibly delisted; no timezone found
$PRMW: possibly delisted; no timezone found
$PPDI: possibly delisted; no timezone found
$PRA: possibly delisted; no timezone found
$PQ: possibly delisted; no timezone found
$POTO: possibly delisted; no timezone found
$PPO: possibly delisted; no timezone found
$POZN: possibly delisted; no timezone found
$PRGB: possibly delisted; no timezone found
$PPBI: possibly delisted; no timezone found
$PRGX: possibly delisted; no timezone found
$PRFT: possibly delisted; no timezone found
$POTG: possibly delisted; no timezone found
$PRET: possibly delisted; no timezone found
$PRED: possibly delisted; no timezone found

20 Failed downloads:
['PRCP', 'PPGH', 'PPS', 'PRLH', 'PRAH', 'POSH', 'PRMW', 'PPDI', 'PRA', 'PQ', 'POTO', 'PPO', 'POZN', 'PRGB', 'PPBI', 'PRGX', 'PRFT', 'POTG', 'PRET', 'PRED']: possibly delisted; no timezone found
$PRVB: possibly delisted; no timezone found
$PRSR: possibly delisted; no timezone found
$PSE: possibly delisted; no timezone found
$PRX: possibly delisted; no timezone found
$PSAGU: possibly delisted; no timezone found
$PRPC: possibly delisted; no timezone found
$PRVL: possibly delisted; no timezone found
$PRSX: possibly delisted; no timezone found
$PROS: possibly delisted; no timezone found
$PROSPER: possibly delisted; no timezone found
$PRTK: possibly delisted; no timezone found
$PRSP: possibly delisted; no timezone found
$PSDO: possibly delisted; no timezone found
$PRSS: possibly delisted; no timezone found
$PRO: possibly delisted; no timezone found
$PRPB: possibly delisted; no timezone found
$PRXL: possibly delisted; no timezone found
$PRNB: possibly delisted; no timezone found
$PRTY: possibly delisted; no timezone found
$PROJ: possibly delisted; no price data found  (1d 2008-01-01 -> 2026-09-26)

20 Failed downloads:
['PRVB', 'PRSR', 'PSE', 'PRX', 'PSAGU', 'PRPC', 'PRVL', 'PRSX', 'PROS', 'PROSPER', 'PRTK', 'PRSP', 'PSDO', 'PRSS', 'PRO', 'PRPB', 'PRXL', 'PRNB', 'PRTY']: possibly delisted; no timezone found
['PROJ']: possibly delisted; no price data found  (1d 2008-01-01 -> 2026-09-26)
$PSUN: possibly delisted; no timezone found
$PSPC: possibly delisted; no timezone found
$PSTB: possibly delisted; no timezone found
$PTLA: possibly delisted; no timezone found
$PTOC: possibly delisted; no timezone found
$PSPPRX: possibly delisted; no timezone found
$PTE: possibly delisted; no timezone found
$PSS: possibly delisted; no timezone found
$PTPRO: possibly delisted; no timezone found
$PTI: possibly delisted; no timezone found
$PSTX: possibly delisted; no timezone found
$PSMI: possibly delisted; no timezone found
$PTRA: possibly delisted; no timezone found
$PSEM: possibly delisted; no timezone found
$PSSI: possibly delisted; no timezone found
$PTRS: possibly delisted; no timezone found
$PTIC: possibly delisted; no timezone found
$PTP: possibly delisted; no timezone found
$PSTG: possibly delisted; no timezone found
$PSTH: possibly delisted; no timezone found

20 Failed downloads:
['PSUN', 'PSPC', 'PSTB', 'PTLA', 'PTOC', 'PSPPRX', 'PTE', 'PSS', 'PTPRO', 'PTI', 'PSTX', 'PSMI', 'PTRA', 'PSEM', 'PSSI', 'PTRS', 'PTIC', 'PTP', 'PSTG', 'PSTH']: possibly delisted; no timezone found
$PXD: possibly delisted; no timezone found
$PWON: possibly delisted; no timezone found
$PWX: possibly delisted; no timezone found
$PTRY: possibly delisted; no timezone found
$PTVC: possibly delisted; no timezone found
$PTSI: possibly delisted; no timezone found
$PV: possibly delisted; no timezone found
$PVBC: possibly delisted; no timezone found
$PVR: possibly delisted; no timezone found
$PTX: possibly delisted; no timezone found
$PVTL: possibly delisted; no timezone found
$PWSC: possibly delisted; no timezone found
$PVTB: possibly delisted; no timezone found
$PWOD: possibly delisted; no timezone found
$PVFC: possibly delisted; no timezone found
$PX: possibly delisted; no timezone found
$PWAV: possibly delisted; no timezone found
$PXP: possibly delisted; no timezone found
$PTVE: possibly delisted; no timezone found
$PTXP: possibly delisted; no timezone found

20 Failed downloads:
['PXD', 'PWON', 'PWX', 'PTRY', 'PTVC', 'PTSI', 'PV', 'PVBC', 'PVR', 'PTX', 'PVTL', 'PWSC', 'PVTB', 'PWOD', 'PVFC', 'PX', 'PWAV', 'PXP', 'PTVE', 'PTXP']: possibly delisted; no timezone found
$QFTA: possibly delisted; no timezone found
$QES: possibly delisted; no timezone found
$QDRO: possibly delisted; no timezone found
$QEPM: possibly delisted; no timezone found
$PYX: possibly delisted; no timezone found
$QNGY: possibly delisted; no timezone found
$QHC: possibly delisted; no timezone found
$QRE: possibly delisted; no timezone found
$PZN: possibly delisted; no timezone found
$QLGC: possibly delisted; no timezone found
$QSP: possibly delisted; no price data found  (1d 2008-01-01 -> 2026-09-26)
$QLIK: possibly delisted; no timezone found
$QEP: possibly delisted; no timezone found
$QADA: possibly delisted; no timezone found
$PYMX: possibly delisted; no timezone found
$QCP: possibly delisted; no timezone found
$PYCR: possibly delisted; no timezone found
$QCOR: possibly delisted; no timezone found
$QSFT: possibly delisted; no timezone found
$QBAN: possibly delisted; no timezone found

20 Failed downloads:
['QFTA', 'QES', 'QDRO', 'QEPM', 'PYX', 'QNGY', 'QHC', 'QRE', 'PZN', 'QLGC', 'QLIK', 'QEP', 'QADA', 'PYMX', 'QCP', 'PYCR', 'QCOR', 'QSFT', 'QBAN']: possibly delisted; no timezone found
['QSP']: possibly delisted; no price data found  (1d 2008-01-01 -> 2026-09-26)
$RARX: possibly delisted; no timezone found
$QUMU: possibly delisted; no timezone found
$QVCGP: possibly delisted; no timezone found
$QTM: possibly delisted; no timezone found
$RAVN: possibly delisted; no timezone found
$QTS: possibly delisted; no timezone found
$RAI: possibly delisted; no timezone found
$QTNA: possibly delisted; no timezone found
$RADI: possibly delisted; no timezone found
$RAPT: possibly delisted; no timezone found
$RAX: possibly delisted; no timezone found
$RATE: possibly delisted; no timezone found
$RAH: possibly delisted; no timezone found
$RALY: possibly delisted; no timezone found
$QTEK: possibly delisted; no timezone found
$QTNT: possibly delisted; no timezone found
$RAS: possibly delisted; no timezone found
$QUOT: possibly delisted; no timezone found
$RAD: possibly delisted; no timezone found
$QTWW: possibly delisted; no timezone found

20 Failed downloads:
['RARX', 'QUMU', 'QVCGP', 'QTM', 'RAVN', 'QTS', 'RAI', 'QTNA', 'RADI', 'RAPT', 'RAX', 'RATE', 'RAH', 'RALY', 'QTEK', 'QTNT', 'RAS', 'QUOT', 'RAD', 'QTWW']: possibly delisted; no timezone found
$RDUS: possibly delisted; no timezone found
$RBPA: possibly delisted; no timezone found
$RBNC: possibly delisted; no timezone found
$RBAC: possibly delisted; no timezone found
$RDEA: possibly delisted; no price data found  (1d 2008-01-01 -> 2026-09-26)
$RBLG: possibly delisted; no timezone found
$RDC: possibly delisted; no timezone found
$RCOR: possibly delisted; no timezone found
$RDFN: possibly delisted; no timezone found
$RBT: possibly delisted; no timezone found
$REBL: possibly delisted; no timezone found
$RCPI: possibly delisted; no timezone found
$RCHG: possibly delisted; no timezone found
$REGI: possibly delisted; no timezone found
$RDMP: possibly delisted; no timezone found
$RDEN: possibly delisted; no timezone found
$RCPT: possibly delisted; no timezone found
$RCAP: possibly delisted; no timezone found
$RBN: possibly delisted; no timezone found
$RCAC: possibly delisted; no timezone found

20 Failed downloads:
['RDUS', 'RBPA', 'RBNC', 'RBAC', 'RBLG', 'RDC', 'RCOR', 'RDFN', 'RBT', 'REBL', 'RCPI', 'RCHG', 'REGI', 'RDMP', 'RDEN', 'RCPT', 'RCAP', 'RBN', 'RCAC']: possibly delisted; no timezone found
['RDEA']: possibly delisted; no price data found  (1d 2008-01-01 -> 2026-09-26)
$RETA: possibly delisted; no timezone found
$REMY: possibly delisted; no timezone found
$REP: possibly delisted; no timezone found
$RESN: possibly delisted; no timezone found
$RFP: possibly delisted; no timezone found
$RELI: possibly delisted; no timezone found
$REVV: possibly delisted; no timezone found
$REV: possibly delisted; no timezone found
$RICE: possibly delisted; no timezone found
$RGSE: possibly delisted; no timezone found
$REVG: possibly delisted; no timezone found
$RHT: possibly delisted; no timezone found
$RGLS: possibly delisted; no timezone found
$REVH: possibly delisted; no timezone found
$REN: possibly delisted; no timezone found
$RFMD: possibly delisted; no timezone found
$REVO: possibly delisted; no timezone found
$REIS: possibly delisted; no timezone found
$REXX: possibly delisted; no timezone found
$REXI: possibly delisted; no timezone found

20 Failed downloads:
['RETA', 'REMY', 'REP', 'RESN', 'RFP', 'RELI', 'REVV', 'REV', 'RICE', 'RGSE', 'REVG', 'RHT', 'RGLS', 'REVH', 'REN', 'RFMD', 'REVO', 'REIS', 'REXX', 'REXI']: possibly delisted; no timezone found
$RMGN: possibly delisted; no timezone found
$RMKR: possibly delisted; no timezone found
$RKUS: possibly delisted; no timezone found
$RLH: possibly delisted; no timezone found
$RKLY: possibly delisted; no timezone found
$RLD: possibly delisted; no timezone found
$RLOC: possibly delisted; no timezone found
$RIVE: possibly delisted; no timezone found
$RIHC: possibly delisted; no timezone found
$RLJE: possibly delisted; no timezone found
$RLYP: possibly delisted; no timezone found
$RMO: possibly delisted; no timezone found
$RMGB: possibly delisted; no timezone found
$RLOG: possibly delisted; no timezone found
$RLJA: possibly delisted; no timezone found
$RJAC: possibly delisted; no timezone found
$RIGP: possibly delisted; no timezone found
$RKTA: possibly delisted; no timezone found
$RMCP: possibly delisted; no timezone found
$RMGC: possibly delisted; no timezone found

20 Failed downloads:
['RMGN', 'RMKR', 'RKUS', 'RLH', 'RKLY', 'RLD', 'RLOC', 'RIVE', 'RIHC', 'RLJE', 'RLYP', 'RMO', 'RMGB', 'RLOG', 'RLJA', 'RJAC', 'RIGP', 'RKTA', 'RMCP', 'RMGC']: possibly delisted; no timezone found
$RNDB: possibly delisted; no timezone found
$RNDY: possibly delisted; no timezone found
$RNWK: possibly delisted; no timezone found
$ROSE: possibly delisted; no timezone found
$ROVR: possibly delisted; no timezone found
$ROCM: possibly delisted; no timezone found
$RNF: possibly delisted; no timezone found
$ROIC: possibly delisted; no timezone found
$ROCC: possibly delisted; no timezone found
$ROI: possibly delisted; no timezone found
$RNER: possibly delisted; no timezone found
$ROVI: possibly delisted; no timezone found
$ROCH: possibly delisted; no timezone found
$RP: possibly delisted; no timezone found
$RMTR: possibly delisted; no timezone found
$RMP: possibly delisted; no timezone found
$RNET: possibly delisted; no timezone found
$ROAN: possibly delisted; no timezone found
$ROIQU: possibly delisted; no timezone found
$ROHI: possibly delisted; no timezone found

20 Failed downloads:
['RNDB', 'RNDY', 'RNWK', 'ROSE', 'ROVR', 'ROCM', 'RNF', 'ROIC', 'ROCC', 'ROI', 'RNER', 'ROVI', 'ROCH', 'RP', 'RMTR', 'RMP', 'RNET', 'ROAN', 'ROIQU', 'ROHI']: possibly delisted; no timezone found
$RREIO: possibly delisted; no timezone found
$RSLS: possibly delisted; no timezone found
$RPXC: possibly delisted; no timezone found
$RST: possibly delisted; no timezone found
$RRAC: possibly delisted; no timezone found
$RT: possibly delisted; no timezone found
$RSTI: possibly delisted; no timezone found
$RREOPPTYREIT: possibly delisted; no timezone found
$RSH: possibly delisted; no timezone found
$RSE: possibly delisted; no timezone found
$RRRMS: possibly delisted; no timezone found
$RPTP: possibly delisted; no timezone found
$RPLA: possibly delisted; no timezone found
$RPTX: possibly delisted; no timezone found
$RSPP: possibly delisted; no timezone found
$RSYS: possibly delisted; no timezone found
$RPAI: possibly delisted; no timezone found
$RRD: possibly delisted; no timezone found
$RREOPPTYREITII: possibly delisted; no timezone found
$RTAS: possibly delisted; no timezone found

20 Failed downloads:
['RREIO', 'RSLS', 'RPXC', 'RST', 'RRAC', 'RT', 'RSTI', 'RREOPPTYREIT', 'RSH', 'RSE', 'RRRMS', 'RPTP', 'RPLA', 'RPTX', 'RSPP', 'RSYS', 'RPAI', 'RRD', 'RREOPPTYREITII', 'RTAS']: possibly delisted; no timezone found
$RTI: possibly delisted; no timezone found
$RTN: possibly delisted; no timezone found
$RVLT: possibly delisted; no timezone found
$RTIX: possibly delisted; no timezone found
$RVA: possibly delisted; no price data found  (1d 2008-01-01 -> 2026-09-26)
$RTK: possibly delisted; no timezone found
$RUBY: possibly delisted; no timezone found
$RVNC: possibly delisted; no timezone found
$RVIC: possibly delisted; no timezone found
$RUE: possibly delisted; no timezone found
$RVR: possibly delisted; no timezone found
$RUTH: possibly delisted; no timezone found
$RVRA: possibly delisted; no timezone found
$RTEC: possibly delisted; no timezone found
$RVBD: possibly delisted; no timezone found
$RTW: possibly delisted; no timezone found
$RTL: possibly delisted; no timezone found
$RVM: possibly delisted; no timezone found
$RTLR: possibly delisted; no timezone found
$RVLP: possibly delisted; no timezone found

20 Failed downloads:
['RTI', 'RTN', 'RVLT', 'RTIX', 'RTK', 'RUBY', 'RVNC', 'RVIC', 'RUE', 'RVR', 'RUTH', 'RVRA', 'RTEC', 'RVBD', 'RTW', 'RTL', 'RVM', 'RTLR', 'RVLP']: possibly delisted; no timezone found
['RVA']: possibly delisted; no price data found  (1d 2008-01-01 -> 2026-09-26)
$SAFM: possibly delisted; no timezone found
$RXRA: possibly delisted; no timezone found
$RYI: possibly delisted; no timezone found
$RZOR: possibly delisted; no timezone found
$SAAS: possibly delisted; no timezone found
$RYL: possibly delisted; no timezone found
$RYUN: possibly delisted; no timezone found
$SALE: possibly delisted; no timezone found
$SAGI: possibly delisted; no timezone found
$SARA: possibly delisted; no timezone found
$SAPE: possibly delisted; no timezone found
$SAMA: possibly delisted; no timezone found
$SAL: possibly delisted; no timezone found
$SAGE: possibly delisted; no timezone found
$RWGE: possibly delisted; no timezone found
$SASR: possibly delisted; no timezone found
$RXDX: possibly delisted; no timezone found
$SATS: possibly delisted; no timezone found
$SAEX: possibly delisted; no timezone found
$SATC: possibly delisted; no timezone found

20 Failed downloads:
['SAFM', 'RXRA', 'RYI', 'RZOR', 'SAAS', 'RYL', 'RYUN', 'SALE', 'SAGI', 'SARA', 'SAPE', 'SAMA', 'SAL', 'SAGE', 'RWGE', 'SASR', 'RXDX', 'SATS', 'SAEX', 'SATC']: possibly delisted; no timezone found
$SBSAA: possibly delisted; no timezone found
$SBCP: possibly delisted; no timezone found
$SCACU: possibly delisted; no timezone found
$SBX: possibly delisted; no timezone found
$SCIL: possibly delisted; no timezone found
$SBBX: possibly delisted; no timezone found
$SBT: possibly delisted; no timezone found
$SBY: possibly delisted; no timezone found
$SBBP: possibly delisted; no timezone found
$SBOW: possibly delisted; no timezone found
$SBCI: possibly delisted; no timezone found
$SAVB: possibly delisted; no timezone found
$SBFC: possibly delisted; no timezone found
$SAVE: possibly delisted; no timezone found
$SCAQ: possibly delisted; no timezone found
$SCG: possibly delisted; no timezone found
$SCAI: possibly delisted; no timezone found
$SCCM: possibly delisted; no timezone found
$SC: possibly delisted; no timezone found
$SBIB: possibly delisted; no timezone found

20 Failed downloads:
['SBSAA', 'SBCP', 'SCACU', 'SBX', 'SCIL', 'SBBX', 'SBT', 'SBY', 'SBBP', 'SBOW', 'SBCI', 'SAVB', 'SBFC', 'SAVE', 'SCAQ', 'SCG', 'SCAI', 'SCCM', 'SC', 'SBIB']: possibly delisted; no timezone found
$SCS: possibly delisted; no timezone found
$SCPL: possibly delisted; no timezone found
$SCPE: possibly delisted; no timezone found
$SCVX: possibly delisted; no timezone found
$SCOA: possibly delisted; no timezone found
$SCTY: possibly delisted; no timezone found
$SCTL: possibly delisted; no timezone found
$SCLN: possibly delisted; no timezone found
$SCLE: possibly delisted; no timezone found
$SCVL: possibly delisted; no timezone found
$SCRM: possibly delisted; no timezone found
$SCWX: possibly delisted; no timezone found
$SCMR: possibly delisted; no timezone found
$SCUA: possibly delisted; no timezone found
$SDAC: possibly delisted; no timezone found
$SCOB: possibly delisted; no timezone found
$SCU: possibly delisted; no timezone found
$SCMP: possibly delisted; no timezone found
$SCPH: possibly delisted; no timezone found
$SCNB: possibly delisted; no timezone found

20 Failed downloads:
['SCS', 'SCPL', 'SCPE', 'SCVX', 'SCOA', 'SCTY', 'SCTL', 'SCLN', 'SCLE', 'SCVL', 'SCRM', 'SCWX', 'SCMR', 'SCUA', 'SDAC', 'SCOB', 'SCU', 'SCMP', 'SCPH', 'SCNB']: possibly delisted; no timezone found
$SDC: possibly delisted; no timezone found
$SEDAU: possibly delisted; no price data found  (1d 2008-01-01 -> 2026-09-26)
$SDWL: possibly delisted; no timezone found
$SEM: possibly delisted; no timezone found
$SFT: possibly delisted; no timezone found
$SEE: possibly delisted; no timezone found
$SFE: possibly delisted; no timezone found
$SEP: possibly delisted; no timezone found
$SFSF: possibly delisted; no timezone found
$SDIR: possibly delisted; no timezone found
$SFG: possibly delisted; no timezone found
$SDSP: possibly delisted; no timezone found
$SFMI: possibly delisted; no timezone found
$SFAR: possibly delisted; no timezone found
$SDPI: possibly delisted; no timezone found
$SFS: possibly delisted; no timezone found
$SEH: possibly delisted; no timezone found
$SEMR: possibly delisted; no timezone found
$SFLY: possibly delisted; no timezone found
$SFR: possibly delisted; no timezone found

20 Failed downloads:
['SDC', 'SDWL', 'SEM', 'SFT', 'SEE', 'SFE', 'SEP', 'SFSF', 'SDIR', 'SFG', 'SDSP', 'SFMI', 'SFAR', 'SDPI', 'SFS', 'SEH', 'SEMR', 'SFLY', 'SFR']: possibly delisted; no timezone found
['SEDAU']: possibly delisted; no price data found  (1d 2008-01-01 -> 2026-09-26)
$SGFY: possibly delisted; no timezone found
$SHCR: possibly delisted; no timezone found
$SGBI: possibly delisted; no timezone found
$SGII: possibly delisted; no timezone found
$SHCO: possibly delisted; no timezone found
$SGM: possibly delisted; no timezone found
$SGTX: possibly delisted; no timezone found
$SGMO: possibly delisted; no timezone found
$SFXE: possibly delisted; no timezone found
$SGEN: possibly delisted; no timezone found
$SHAP: possibly delisted; no timezone found
$SHAW: possibly delisted; no price data found  (1d 2008-01-01 -> 2026-09-26)
$SHF: possibly delisted; no timezone found
$SGMA: possibly delisted; no timezone found
$SGNT: possibly delisted; no timezone found
$SGK: possibly delisted; no timezone found
$SGYP: possibly delisted; no timezone found
$SGZH: possibly delisted; no timezone found
$SGMZ: possibly delisted; no timezone found
$SGY: possibly delisted; no timezone found

20 Failed downloads:
['SGFY', 'SHCR', 'SGBI', 'SGII', 'SHCO', 'SGM', 'SGTX', 'SGMO', 'SFXE', 'SGEN', 'SHAP', 'SHF', 'SGMA', 'SGNT', 'SGK', 'SGYP', 'SGZH', 'SGMZ', 'SGY']: possibly delisted; no timezone found
['SHAW']: possibly delisted; no price data found  (1d 2008-01-01 -> 2026-09-26)
$SHPW: possibly delisted; no timezone found
$SIMH: possibly delisted; no timezone found
$SIAF: possibly delisted; no timezone found
$SHLM: possibly delisted; no timezone found
$SHSP: possibly delisted; no timezone found
$SHS: possibly delisted; no timezone found
$SHFL: possibly delisted; no timezone found
$SHPGF: possibly delisted; no timezone found
$SIBC: possibly delisted; no timezone found
$SIAL: possibly delisted; no timezone found
$SIEN: possibly delisted; no timezone found
$SIMG: possibly delisted; no timezone found
$SHQA: possibly delisted; no timezone found
$SILK: possibly delisted; no timezone found
$SHLX: possibly delisted; no timezone found
$SIGM: possibly delisted; no timezone found
$SHLO: possibly delisted; no timezone found
$SHYF: possibly delisted; no timezone found
$SHOR: possibly delisted; no timezone found
$SHZ: possibly delisted; no price data found  (1d 2008-01-01 -> 2026-09-26)

20 Failed downloads:
['SHPW', 'SIMH', 'SIAF', 'SHLM', 'SHSP', 'SHS', 'SHFL', 'SHPGF', 'SIBC', 'SIAL', 'SIEN', 'SIMG', 'SHQA', 'SILK', 'SHLX', 'SIGM', 'SHLO', 'SHYF', 'SHOR']: possibly delisted; no timezone found
['SHZ']: possibly delisted; no price data found  (1d 2008-01-01 -> 2026-09-26)
$SLAC: possibly delisted; no timezone found
$SKX: possibly delisted; no timezone found
$SLH: possibly delisted; no timezone found
$SKUL: possibly delisted; no timezone found
$SITO: possibly delisted; no timezone found
$SIOX: possibly delisted; no timezone found
$SLCR: possibly delisted; no timezone found
$SJI: possibly delisted; no timezone found
$SIMU: possibly delisted; no timezone found
$SKS: possibly delisted; no timezone found
$SKGR: possibly delisted; no timezone found
$SLCA: possibly delisted; no timezone found
$SLCT: possibly delisted; no timezone found
$SIX: possibly delisted; no timezone found
$SLAMU: possibly delisted; no timezone found
$SKLZ: possibly delisted; no timezone found
$SLGC: possibly delisted; no timezone found
$SIR: possibly delisted; no timezone found
$SIRO: possibly delisted; no timezone found
$SIVB: possibly delisted; no timezone found

20 Failed downloads:
['SLAC', 'SKX', 'SLH', 'SKUL', 'SITO', 'SIOX', 'SLCR', 'SJI', 'SIMU', 'SKS', 'SKGR', 'SLCA', 'SLCT', 'SIX', 'SLAMU', 'SKLZ', 'SLGC', 'SIR', 'SIRO', 'SIVB']: possibly delisted; no timezone found
$SNAK: possibly delisted; no timezone found
$SMED: possibly delisted; no timezone found
$SMAR: possibly delisted; no timezone found
$SLVRU: possibly delisted; no timezone found
$SMTX: possibly delisted; no timezone found
$SNC: possibly delisted; no timezone found
$SLTM: possibly delisted; no timezone found
$SNCE: possibly delisted; no timezone found
$SMTA: possibly delisted; no timezone found
$SNCY: possibly delisted; no timezone found
$SNBR: possibly delisted; no timezone found
$SLNO: possibly delisted; no timezone found
$SNBC: possibly delisted; no timezone found
$SMLR: possibly delisted; no timezone found
$SMSC: possibly delisted; no timezone found
$SLXP: possibly delisted; no timezone found
$SMMF: possibly delisted; no timezone found
$SMF: possibly delisted; no timezone found
$SMLP: possibly delisted; no timezone found
$SNCR: possibly delisted; no timezone found

20 Failed downloads:
['SNAK', 'SMED', 'SMAR', 'SLVRU', 'SMTX', 'SNC', 'SLTM', 'SNCE', 'SMTA', 'SNCY', 'SNBR', 'SLNO', 'SNBC', 'SMLR', 'SMSC', 'SLXP', 'SMMF', 'SMF', 'SMLP', 'SNCR']: possibly delisted; no timezone found
$SONS: possibly delisted; no timezone found
$SNMP: possibly delisted; no timezone found
$SOA: possibly delisted; no timezone found
$SNRH: possibly delisted; no timezone found
$SOLY: possibly delisted; no timezone found
$SORL: possibly delisted; no timezone found
$SNMX: possibly delisted; no timezone found
$SOGC: possibly delisted; no timezone found
$SNI: possibly delisted; no timezone found
$SOND: possibly delisted; no timezone found
$SNFL: possibly delisted; no timezone found
$SNR: possibly delisted; no timezone found
$SOMH: possibly delisted; no timezone found
$SOCC: possibly delisted; no timezone found
$SNTS: possibly delisted; no timezone found
$SOMX: possibly delisted; no timezone found
$SNDE: possibly delisted; no timezone found
$SOLO: possibly delisted; no timezone found
$SOHO: possibly delisted; no timezone found
$SONC: possibly delisted; no timezone found

20 Failed downloads:
['SONS', 'SNMP', 'SOA', 'SNRH', 'SOLY', 'SORL', 'SNMX', 'SOGC', 'SNI', 'SOND', 'SNFL', 'SNR', 'SOMH', 'SOCC', 'SNTS', 'SOMX', 'SNDE', 'SOLO', 'SOHO', 'SONC']: possibly delisted; no timezone found
$SPNC: possibly delisted; no timezone found
$SPR: possibly delisted; no timezone found
$SOVO: possibly delisted; no timezone found
$SPLP: possibly delisted; no timezone found
$SPHS: possibly delisted; no timezone found
$SPTN: possibly delisted; no timezone found
$SPLK: possibly delisted; no timezone found
$SPPI: possibly delisted; no timezone found
$SPRT: possibly delisted; no timezone found
$SOURCE: possibly delisted; no timezone found
$SPEV: possibly delisted; no timezone found
$SPGS: possibly delisted; no timezone found
$SPKB: possibly delisted; no timezone found
$SPI: possibly delisted; no timezone found
$SPA: possibly delisted; no timezone found
$SPNE: possibly delisted; no timezone found
$SP: possibly delisted; no timezone found
$SPN: possibly delisted; no timezone found
$SPKE: possibly delisted; no timezone found
$SPXF: possibly delisted; no timezone found

20 Failed downloads:
['SPNC', 'SPR', 'SOVO', 'SPLP', 'SPHS', 'SPTN', 'SPLK', 'SPPI', 'SPRT', 'SOURCE', 'SPEV', 'SPGS', 'SPKB', 'SPI', 'SPA', 'SPNE', 'SP', 'SPN', 'SPKE', 'SPXF']: possibly delisted; no timezone found
$SQZ: possibly delisted; no timezone found
$SRBL: possibly delisted; no timezone found
$SRSA: possibly delisted; no timezone found
$SRGA: possibly delisted; no timezone found
$SQI: possibly delisted; no timezone found
$SRRA: possibly delisted; no timezone found
$SQNM: possibly delisted; no timezone found
$SRTK: possibly delisted; no timezone found
$SRDX: possibly delisted; no timezone found
$SSAAU: possibly delisted; no timezone found
$SQBG: possibly delisted; no timezone found
$SREV: possibly delisted; no timezone found
$SRSL: possibly delisted; no timezone found
$SRLP: possibly delisted; no timezone found
$SRC: possibly delisted; no timezone found
$SRZ: possibly delisted; no timezone found
$SQBK: possibly delisted; no timezone found
$SQSP: possibly delisted; no timezone found
$SRCI: possibly delisted; no timezone found
$SSBK: possibly delisted; no timezone found

20 Failed downloads:
['SQZ', 'SRBL', 'SRSA', 'SRGA', 'SQI', 'SRRA', 'SQNM', 'SRTK', 'SRDX', 'SSAAU', 'SQBG', 'SREV', 'SRSL', 'SRLP', 'SRC', 'SRZ', 'SQBK', 'SQSP', 'SRCI', 'SSBK']: possibly delisted; no timezone found
$SSRG: possibly delisted; no timezone found
$STFC: possibly delisted; no timezone found
$SSI: possibly delisted; no timezone found
$STGC: possibly delisted; no timezone found
$STAY: possibly delisted; no timezone found
$STARZ: possibly delisted; no timezone found
$STER: possibly delisted; no timezone found
$STDY: possibly delisted; no timezone found
$SSFN: possibly delisted; no timezone found
$SSNI: possibly delisted; no timezone found
$STEI: possibly delisted; no timezone found
$SSE: possibly delisted; no timezone found
$SSIE: possibly delisted; no timezone found
$STBZ: possibly delisted; no timezone found
$SSN: possibly delisted; no timezone found
$STET: possibly delisted; no timezone found
$STEC: possibly delisted; no timezone found
$SSSHT: possibly delisted; no timezone found
$STEL: possibly delisted; no timezone found
$STCN: possibly delisted; no timezone found

20 Failed downloads:
['SSRG', 'STFC', 'SSI', 'STGC', 'STAY', 'STARZ', 'STER', 'STDY', 'SSFN', 'SSNI', 'STEI', 'SSE', 'SSIE', 'STBZ', 'SSN', 'STET', 'STEC', 'SSSHT', 'STEL', 'STCN']: possibly delisted; no timezone found
$STSR: possibly delisted; no price data found  (1d 2008-01-01 -> 2026-09-26)
$STKL: possibly delisted; no timezone found
$STGG: possibly delisted; no timezone found
$STSA: possibly delisted; no timezone found
$STND: possibly delisted; no timezone found
$STON: possibly delisted; no timezone found
$STMP: possibly delisted; no timezone found
$STRM: possibly delisted; no timezone found
$STRZA: possibly delisted; no timezone found
$STNL: possibly delisted; no timezone found
$STNN: possibly delisted; no timezone found
$STRP: possibly delisted; no timezone found
$STRE: possibly delisted; no timezone found
$STJ: possibly delisted; no timezone found
$STRI: possibly delisted; no timezone found
$STML: possibly delisted; no timezone found
$STNR: possibly delisted; no timezone found
$STL: possibly delisted; no timezone found
$STR: possibly delisted; no timezone found
$STS: possibly delisted; no timezone found

20 Failed downloads:
['STSR']: possibly delisted; no price data found  (1d 2008-01-01 -> 2026-09-26)
['STKL', 'STGG', 'STSA', 'STND', 'STON', 'STMP', 'STRM', 'STRZA', 'STNL', 'STNN', 'STRP', 'STRE', 'STJ', 'STRI', 'STML', 'STNR', 'STL', 'STR', 'STS']: possibly delisted; no timezone found
$SUAC: possibly delisted; no timezone found
$SVFA: possibly delisted; no timezone found
$SURW: possibly delisted; no timezone found
$SUP: possibly delisted; no timezone found
$SVII: possibly delisted; no timezone found
$SUSS: possibly delisted; no timezone found
$SUNH: possibly delisted; no timezone found
$SVMI: possibly delisted; no timezone found
$SUM: possibly delisted; no timezone found
$SUNW: possibly delisted; no timezone found
$SUNV: possibly delisted; no timezone found
$SURF: possibly delisted; no timezone found
$SUSQ: possibly delisted; no timezone found
$SUNL: possibly delisted; no timezone found
$SUG: possibly delisted; no timezone found
$SUMR: possibly delisted; no timezone found
$SUWN: possibly delisted; no timezone found
$SUMO: possibly delisted; no timezone found
$STXB: possibly delisted; no timezone found
$SVNAU: possibly delisted; no timezone found

20 Failed downloads:
['SUAC', 'SVFA', 'SURW', 'SUP', 'SVII', 'SUSS', 'SUNH', 'SVMI', 'SUM', 'SUNW', 'SUNV', 'SURF', 'SUSQ', 'SUNL', 'SUG', 'SUMR', 'SUWN', 'SUMO', 'STXB', 'SVNAU']: possibly delisted; no timezone found
$SWC: possibly delisted; no timezone found
$SWDZ: possibly delisted; no timezone found
$SWCH: possibly delisted; no timezone found
$SWTX: possibly delisted; no timezone found
$SVNT: possibly delisted; no timezone found
$SYKE: possibly delisted; no timezone found
$SWN: possibly delisted; no timezone found
$SXE: possibly delisted; no timezone found
$SWSH: possibly delisted; no timezone found
$SVU: possibly delisted; no timezone found
$SWI: possibly delisted; no timezone found
$SYL: possibly delisted; no price data found  (1d 2008-01-01 -> 2026-09-26)
$SXCL: possibly delisted; no timezone found
$SWKH: possibly delisted; no timezone found
$SWCA: possibly delisted; no timezone found
$SWY: possibly delisted; no timezone found
$SWAV: possibly delisted; no timezone found
$SWET: possibly delisted; no timezone found
$SYA: possibly delisted; no timezone found
$SWS: possibly delisted; no timezone found

20 Failed downloads:
['SWC', 'SWDZ', 'SWCH', 'SWTX', 'SVNT', 'SYKE', 'SWN', 'SXE', 'SWSH', 'SVU', 'SWI', 'SXCL', 'SWKH', 'SWCA', 'SWY', 'SWAV', 'SWET', 'SYA', 'SWS']: possibly delisted; no timezone found
['SYL']: possibly delisted; no price data found  (1d 2008-01-01 -> 2026-09-26)
$SYNO: possibly delisted; no timezone found
$TAM: possibly delisted; no timezone found
$SZMK: possibly delisted; no timezone found
$SYMX: possibly delisted; no timezone found
$TAST: possibly delisted; no timezone found
$SYNT: possibly delisted; no timezone found
$SYNH: possibly delisted; no timezone found
$SZL: possibly delisted; no price data found  (1d 2008-01-01 -> 2026-09-26)
$SYUT: possibly delisted; no timezone found
$SYNM: possibly delisted; no timezone found
$SYN: possibly delisted; no timezone found
$TA: possibly delisted; no timezone found
$SYSX: possibly delisted; no timezone found
$SYMM: possibly delisted; no timezone found
$TACA: possibly delisted; no timezone found
$TAYC: possibly delisted; no timezone found
$TALR: possibly delisted; no timezone found
$SYNC: possibly delisted; no timezone found
$TALB: possibly delisted; no timezone found
$TAT: possibly delisted; no timezone found

20 Failed downloads:
['SYNO', 'TAM', 'SZMK', 'SYMX', 'TAST', 'SYNT', 'SYNH', 'SYUT', 'SYNM', 'SYN', 'TA', 'SYSX', 'SYMM', 'TACA', 'TAYC', 'TALR', 'SYNC', 'TALB', 'TAT']: possibly delisted; no timezone found
['SZL']: possibly delisted; no price data found  (1d 2008-01-01 -> 2026-09-26)
$TCFC: possibly delisted; no timezone found
$TCKN: possibly delisted; no timezone found
$TCP: possibly delisted; no timezone found
$TBOW: possibly delisted; no timezone found
$TCNNF: possibly delisted; no timezone found
$TBRA: possibly delisted; no timezone found
$TCS: possibly delisted; no timezone found
$TCOA: possibly delisted; no timezone found
$TBCP: possibly delisted; no timezone found
$TCON: possibly delisted; no timezone found
$TBL: possibly delisted; no timezone found
$TDFF: possibly delisted; no timezone found
$TBNK: possibly delisted; no timezone found
$TCO: possibly delisted; no timezone found
$TCRR: possibly delisted; no timezone found
$TEAR: possibly delisted; no timezone found
$TCVA: possibly delisted; no timezone found
$TCF: possibly delisted; no timezone found
$TCDA: possibly delisted; no timezone found
$TCPP: possibly delisted; no timezone found

20 Failed downloads:
['TCFC', 'TCKN', 'TCP', 'TBOW', 'TCNNF', 'TBRA', 'TCS', 'TCOA', 'TBCP', 'TCON', 'TBL', 'TDFF', 'TBNK', 'TCO', 'TCRR', 'TEAR', 'TCVA', 'TCF', 'TCDA', 'TCPP']: possibly delisted; no timezone found
$TFFP: possibly delisted; no timezone found
$TENNX: possibly delisted; no timezone found
$TEUM: possibly delisted; no timezone found
$TESS: possibly delisted; no timezone found
$TENG: possibly delisted; no timezone found
$TERP: possibly delisted; no timezone found
$TGR: possibly delisted; no timezone found
$TEP: possibly delisted; no timezone found
$TETC: possibly delisted; no timezone found
$TGNA: possibly delisted; no timezone found
$TECUA: possibly delisted; no timezone found
$TGI: possibly delisted; no timezone found
$TFM: possibly delisted; no timezone found
$TERN: possibly delisted; no timezone found
$TELL: possibly delisted; no timezone found
$TEG: possibly delisted; no timezone found
$TECD: possibly delisted; no timezone found
$TEKK: possibly delisted; no timezone found
$TFCO: possibly delisted; no timezone found
$TESO: possibly delisted; no timezone found

20 Failed downloads:
['TFFP', 'TENNX', 'TEUM', 'TESS', 'TENG', 'TERP', 'TGR', 'TEP', 'TETC', 'TGNA', 'TECUA', 'TGI', 'TFM', 'TERN', 'TELL', 'TEG', 'TECD', 'TEKK', 'TFCO', 'TESO']: possibly delisted; no timezone found
$THTI: possibly delisted; no timezone found
$TIBB: possibly delisted; no timezone found
$TIN: possibly delisted; no timezone found
$THRD: possibly delisted; no timezone found
$THCP: possibly delisted; no timezone found
$THBR: possibly delisted; no timezone found
$TIOAU: possibly delisted; no timezone found
$TIE: possibly delisted; no timezone found
$TIO: possibly delisted; no timezone found
$TIG: possibly delisted; no timezone found
$TIBR: possibly delisted; no timezone found
$THI: possibly delisted; no timezone found
$THR: possibly delisted; no timezone found
$TIII: possibly delisted; no timezone found
$THS: possibly delisted; no timezone found
$TGX: possibly delisted; no timezone found
$THQI: possibly delisted; no timezone found
$THCB: possibly delisted; no timezone found
$TIF: possibly delisted; no timezone found
$TIBX: possibly delisted; no timezone found

20 Failed downloads:
['THTI', 'TIBB', 'TIN', 'THRD', 'THCP', 'THBR', 'TIOAU', 'TIE', 'TIO', 'TIG', 'TIBR', 'THI', 'THR', 'TIII', 'THS', 'TGX', 'THQI', 'THCB', 'TIF', 'TIBX']: possibly delisted; no timezone found
$TMCX: possibly delisted; no timezone found
$TLRA: possibly delisted; no timezone found
$TMKR: possibly delisted; no timezone found
$TIVO: possibly delisted; no timezone found
$TJBH: possibly delisted; no timezone found
$TLMD: possibly delisted; no timezone found
$TMHC: possibly delisted; no timezone found
$TLIS: possibly delisted; no timezone found
$TLGT: possibly delisted; no timezone found
$TLRD: possibly delisted; no timezone found
$TLGA: possibly delisted; no timezone found
$TLFA: possibly delisted; no timezone found
$TLND: possibly delisted; no timezone found
$TLAB: possibly delisted; no timezone found
$TLB: possibly delisted; no timezone found
$TKLC: possibly delisted; no timezone found
$TKAT: possibly delisted; no timezone found
$TIV: possibly delisted; no timezone found
$TLEO: possibly delisted; no timezone found
$TIS: possibly delisted; no timezone found

20 Failed downloads:
['TMCX', 'TLRA', 'TMKR', 'TIVO', 'TJBH', 'TLMD', 'TMHC', 'TLIS', 'TLGT', 'TLRD', 'TLGA', 'TLFA', 'TLND', 'TLAB', 'TLB', 'TKLC', 'TKAT', 'TIV', 'TLEO', 'TIS']: possibly delisted; no timezone found
$TMPO: possibly delisted; no timezone found
$TNAV: possibly delisted; no timezone found
$TOGL: possibly delisted; no timezone found
$TNB: possibly delisted; no timezone found
$TMX: possibly delisted; no timezone found
$TPCO: possibly delisted; no timezone found
$TOFC: possibly delisted; no timezone found
$TNGO: possibly delisted; no timezone found
$TPI: possibly delisted; no timezone found
$TOTAU: possibly delisted; no timezone found
$TPH: possibly delisted; no timezone found
$TPGI: possibly delisted; no timezone found
$TOWR: possibly delisted; no timezone found
$TPCA: possibly delisted; no timezone found
$TNH: possibly delisted; no timezone found
$TNGN: possibly delisted; no timezone found
$TPGYU: possibly delisted; no price data found  (1d 2008-01-01 -> 2026-09-26)
$TPCG: possibly delisted; no price data found  (1d 2008-01-01 -> 2026-09-26)
$TNS: possibly delisted; no timezone found
$TNTR: possibly delisted; no timezone found

20 Failed downloads:
['TMPO', 'TNAV', 'TOGL', 'TNB', 'TMX', 'TPCO', 'TOFC', 'TNGO', 'TPI', 'TOTAU', 'TPH', 'TPGI', 'TOWR', 'TPCA', 'TNH', 'TNGN', 'TNS', 'TNTR']: possibly delisted; no timezone found
['TPGYU', 'TPCG']: possibly delisted; no price data found  (1d 2008-01-01 -> 2026-09-26)
$TRH: possibly delisted; no timezone found
$TRHC: possibly delisted; no timezone found
$TREC: possibly delisted; no timezone found
$TQNT: possibly delisted; no timezone found
$TPTX: possibly delisted; no timezone found
$TRKA: possibly delisted; no timezone found
$TRCA: possibly delisted; no timezone found
$TRA: possibly delisted; no timezone found
$TPICQ: possibly delisted; no timezone found
$TRIS: possibly delisted; no timezone found
$TRCB: possibly delisted; no timezone found
$TRGD: possibly delisted; no timezone found
$TRAQ: possibly delisted; no timezone found
$TRK: possibly delisted; no timezone found
$TRCO: possibly delisted; no timezone found
$TRCR: possibly delisted; no timezone found
$TRIL: possibly delisted; no timezone found
$TRIT: possibly delisted; no timezone found
$TRKP: possibly delisted; no timezone found
$TRIV: possibly delisted; no timezone found

20 Failed downloads:
['TRH', 'TRHC', 'TREC', 'TQNT', 'TPTX', 'TRKA', 'TRCA', 'TRA', 'TPICQ', 'TRIS', 'TRCB', 'TRGD', 'TRAQ', 'TRK', 'TRCO', 'TRCR', 'TRIL', 'TRIT', 'TRKP', 'TRIV']: possibly delisted; no timezone found
$TSP: possibly delisted; no timezone found
$TSH: possibly delisted; no timezone found
$TRML: possibly delisted; no timezone found
$TRW: possibly delisted; no timezone found
$TRR: possibly delisted; no timezone found
$TSPQ: possibly delisted; no timezone found
$TSRA: possibly delisted; no timezone found
$TRLG: possibly delisted; no timezone found
$TRTLU: possibly delisted; no timezone found
$TRUE: possibly delisted; no timezone found
$TSRE: possibly delisted; no timezone found
$TSRO: possibly delisted; no timezone found
$TSS: possibly delisted; no timezone found
$TRTL: possibly delisted; no timezone found
$TRTN: possibly delisted; no timezone found
$TRNX: possibly delisted; no timezone found
$TSRX: possibly delisted; no timezone found
$TSC: possibly delisted; no timezone found
$TSE: possibly delisted; no timezone found
$TRLA: possibly delisted; no timezone found

20 Failed downloads:
['TSP', 'TSH', 'TRML', 'TRW', 'TRR', 'TSPQ', 'TSRA', 'TRLG', 'TRTLU', 'TRUE', 'TSRE', 'TSRO', 'TSS', 'TRTL', 'TRTN', 'TRNX', 'TSRX', 'TSC', 'TSE', 'TRLA']: possibly delisted; no timezone found
$TTCF: possibly delisted; no timezone found
$TUC: possibly delisted; no timezone found
$TUEM: possibly delisted; no timezone found
$TVPT: possibly delisted; no timezone found
$TVIA: possibly delisted; no timezone found
$TSVT: possibly delisted; no timezone found
$TTTM: possibly delisted; no timezone found
$TSTC: possibly delisted; no timezone found
$TUMI: possibly delisted; no timezone found
$TTPH: possibly delisted; no timezone found
$TUBE: possibly delisted; no timezone found
$TURV: possibly delisted; no timezone found
$TTNP: possibly delisted; no timezone found
$TWC: possibly delisted; no timezone found
$TTNFD: possibly delisted; no timezone found
$TSYS: possibly delisted; no timezone found
$TTEN: possibly delisted; no timezone found
$TST: possibly delisted; no timezone found
$TVTY: possibly delisted; no timezone found
$TUP: possibly delisted; no timezone found

20 Failed downloads:
['TTCF', 'TUC', 'TUEM', 'TVPT', 'TVIA', 'TSVT', 'TTTM', 'TSTC', 'TUMI', 'TTPH', 'TUBE', 'TURV', 'TTNP', 'TWC', 'TTNFD', 'TSYS', 'TTEN', 'TST', 'TVTY', 'TUP']: possibly delisted; no timezone found
$TWOC: possibly delisted; no timezone found
$TWGP: possibly delisted; no timezone found
$UAM: possibly delisted; no timezone found
$UBFO: possibly delisted; no timezone found
$TWCB: possibly delisted; no timezone found
$TWKS: possibly delisted; no timezone found
$TWX: possibly delisted; no timezone found
$TWTC: possibly delisted; no timezone found
$TYPE: possibly delisted; no timezone found
$TWNK: possibly delisted; no timezone found
$TYME: possibly delisted; no timezone found
$UBA: possibly delisted; no timezone found
$TWTR: possibly delisted; no timezone found
$UANCCC: possibly delisted; no timezone found
$TWOU: possibly delisted; no timezone found
$TWNI: possibly delisted; no timezone found
$TXCC: possibly delisted; no timezone found
$TXI: possibly delisted; no timezone found
$TXTR: possibly delisted; no timezone found
$TWOA: possibly delisted; no timezone found

20 Failed downloads:
['TWOC', 'TWGP', 'UAM', 'UBFO', 'TWCB', 'TWKS', 'TWX', 'TWTC', 'TYPE', 'TWNK', 'TYME', 'UBA', 'TWTR', 'UANCCC', 'TWOU', 'TWNI', 'TXCC', 'TXI', 'TXTR', 'TWOA']: possibly delisted; no timezone found
$UCBB: possibly delisted; no timezone found
$UGNE: possibly delisted; no timezone found
$UBI: possibly delisted; no timezone found
$UFS: possibly delisted; no timezone found
$UIL: possibly delisted; no timezone found
$UFAB: possibly delisted; no timezone found
$UCFC: possibly delisted; no timezone found
$UCP: possibly delisted; no timezone found
$UCBI: possibly delisted; no timezone found
$UDF: possibly delisted; no timezone found
$UDMY: possibly delisted; no timezone found
$UDRL: possibly delisted; no timezone found
$UBNK: possibly delisted; no timezone found
$UBX: possibly delisted; no timezone found
$UGHS: possibly delisted; no timezone found
$UBNT: possibly delisted; no timezone found
$UBMI: possibly delisted; no timezone found
$UDMG: possibly delisted; no timezone found
$UCPH: possibly delisted; no timezone found
$UHG: possibly delisted; no timezone found

20 Failed downloads:
['UCBB', 'UGNE', 'UBI', 'UFS', 'UIL', 'UFAB', 'UCFC', 'UCP', 'UCBI', 'UDF', 'UDMY', 'UDRL', 'UBNK', 'UBX', 'UGHS', 'UBNT', 'UBMI', 'UDMG', 'UCPH', 'UHG']: possibly delisted; no timezone found
$URS: possibly delisted; no timezone found
$URZ: possibly delisted; no timezone found
$UPH: possibly delisted; no timezone found
$UNAM: possibly delisted; no timezone found
$UNRV: possibly delisted; no timezone found
$UNTK: possibly delisted; no timezone found
$UNXL: possibly delisted; no timezone found
$UNT: possibly delisted; no timezone found
$UNVR: possibly delisted; no timezone found
$UNIVE: possibly delisted; no timezone found
$USAK: possibly delisted; no timezone found
$USAP: possibly delisted; no timezone found
$UNTD: possibly delisted; no timezone found
$UPL: possibly delisted; no timezone found
$UNITY: possibly delisted; no timezone found
$UMPQ: possibly delisted; no timezone found
$ULNV: possibly delisted; no timezone found
$ULU: possibly delisted; no price data found  (1d 2008-01-01 -> 2026-09-26)
$UNIS: possibly delisted; no timezone found
$UNS: possibly delisted; no timezone found

20 Failed downloads:
['URS', 'URZ', 'UPH', 'UNAM', 'UNRV', 'UNTK', 'UNXL', 'UNT', 'UNVR', 'UNIVE', 'USAK', 'USAP', 'UNTD', 'UPL', 'UNITY', 'UMPQ', 'ULNV', 'UNIS', 'UNS']: possibly delisted; no timezone found
['ULU']: possibly delisted; no price data found  (1d 2008-01-01 -> 2026-09-26)
$VBTX: possibly delisted; no timezone found
$VCBPOB: possibly delisted; no timezone found
$USWS: possibly delisted; no timezone found
$USFF: possibly delisted; no timezone found
$VASC: possibly delisted; no timezone found
$USFC: possibly delisted; no timezone found
$VA: possibly delisted; no timezone found
$USCR: possibly delisted; no timezone found
$VBIX: possibly delisted; no timezone found
$VBFC: possibly delisted; no timezone found
$VAR: possibly delisted; no timezone found
$VCBI: possibly delisted; no timezone found
$UTEK: possibly delisted; no timezone found
$USEG: possibly delisted; no timezone found
$USCTU: possibly delisted; no timezone found
$VBIV: possibly delisted; no timezone found
$UTA: possibly delisted; no price data found  (1d 2008-01-01 -> 2026-09-26)
$VAQC: possibly delisted; no timezone found
$UTIW: possibly delisted; no timezone found
$VAPO: possibly delisted; no timezone found

20 Failed downloads:
['VBTX', 'VCBPOB', 'USWS', 'USFF', 'VASC', 'USFC', 'VA', 'USCR', 'VBIX', 'VBFC', 'VAR', 'VCBI', 'UTEK', 'USEG', 'USCTU', 'VBIV', 'VAQC', 'UTIW', 'VAPO']: possibly delisted; no timezone found
['UTA']: possibly delisted; no price data found  (1d 2008-01-01 -> 2026-09-26)
$VHL: possibly delisted; no price data found  (1d 2008-01-01 -> 2026-09-26)
$VGR: possibly delisted; no timezone found
$VERV: possibly delisted; no timezone found
$VHTI: possibly delisted; no timezone found
$VCVC: possibly delisted; no timezone found
$VGEN: possibly delisted; no timezone found
$VCRA: possibly delisted; no timezone found
$VER: possibly delisted; no timezone found
$VHS: possibly delisted; no timezone found
$VEC: possibly delisted; no timezone found
$VGAC: possibly delisted; no timezone found
$VEAC: possibly delisted; no timezone found
$VELA: possibly delisted; no timezone found
$VERY: possibly delisted; no timezone found
$VCI: possibly delisted; no timezone found
$VERO: possibly delisted; no timezone found
$VCXB: possibly delisted; no timezone found
$VEND: possibly delisted; no timezone found
$VCSA: possibly delisted; no timezone found
$VGGL: possibly delisted; no timezone found

20 Failed downloads:
['VHL']: possibly delisted; no price data found  (1d 2008-01-01 -> 2026-09-26)
['VGR', 'VERV', 'VHTI', 'VCVC', 'VGEN', 'VCRA', 'VER', 'VHS', 'VEC', 'VGAC', 'VEAC', 'VELA', 'VERY', 'VCI', 'VERO', 'VCXB', 'VEND', 'VCSA', 'VGGL']: possibly delisted; no timezone found
$VMEO: possibly delisted; no timezone found
$VNDB: possibly delisted; no timezone found
$VIAB: possibly delisted; no timezone found
$VLTR: possibly delisted; no timezone found
$VLAT: possibly delisted; no timezone found
$VIEW: possibly delisted; no timezone found
$VMED: possibly delisted; no timezone found
$VMW: possibly delisted; no timezone found
$VNE: possibly delisted; no timezone found
$VIRX: possibly delisted; no timezone found
$VITC: possibly delisted; no timezone found
$VMEM: possibly delisted; no timezone found
$VIBI: possibly delisted; no timezone found
$VIE: possibly delisted; no timezone found
$VLDR: possibly delisted; no timezone found
$VIAS: possibly delisted; no timezone found
$VIVA: possibly delisted; no timezone found
$VLP: possibly delisted; no timezone found
$VLTA: possibly delisted; no timezone found
$VISTRA: possibly delisted; no timezone found

20 Failed downloads:
['VMEO', 'VNDB', 'VIAB', 'VLTR', 'VLAT', 'VIEW', 'VMED', 'VMW', 'VNE', 'VIRX', 'VITC', 'VMEM', 'VIBI', 'VIE', 'VLDR', 'VIAS', 'VIVA', 'VLP', 'VLTA', 'VISTRA']: possibly delisted; no timezone found
$VRNA: possibly delisted; no timezone found
$VPCB: possibly delisted; no timezone found
$VRGY: possibly delisted; no timezone found
$VOLC: possibly delisted; no timezone found
$VRAY: possibly delisted; no timezone found
$VOXX: possibly delisted; no timezone found
$VRNM: possibly delisted; no timezone found
$VOCS: possibly delisted; no timezone found
$VNTR: possibly delisted; no timezone found
$VR: possibly delisted; no timezone found
$VORB: possibly delisted; no timezone found
$VRTU: possibly delisted; no timezone found
$VRNOF: possibly delisted; no timezone found
$VRE: possibly delisted; no timezone found
$VRTV: possibly delisted; no timezone found
$VPHM: possibly delisted; no timezone found
$VRS: possibly delisted; no timezone found
$VNR: possibly delisted; no timezone found
$VSBN: possibly delisted; no timezone found
$VRHD: possibly delisted; no timezone found

20 Failed downloads:
['VRNA', 'VPCB', 'VRGY', 'VOLC', 'VRAY', 'VOXX', 'VRNM', 'VOCS', 'VNTR', 'VR', 'VORB', 'VRTU', 'VRNOF', 'VRE', 'VRTV', 'VPHM', 'VRS', 'VNR', 'VSBN', 'VRHD']: possibly delisted; no timezone found
$VTYX: possibly delisted; no timezone found
$VSM: possibly delisted; no timezone found
$VTCQ: possibly delisted; no timezone found
$VTNC: possibly delisted; no timezone found
$VSCO: possibly delisted; no timezone found
$VVC: possibly delisted; no timezone found
$VSTO: possibly delisted; no timezone found
$VTDI: possibly delisted; no timezone found
$VSEA: possibly delisted; no timezone found
$VSI: possibly delisted; no timezone found
$VSYM: possibly delisted; no timezone found
$VTPI: possibly delisted; no timezone found
$VTSS: possibly delisted; no timezone found
$VSR: possibly delisted; no timezone found
$VTAE: possibly delisted; no timezone found
$VWE: possibly delisted; no timezone found
$VVUS: possibly delisted; no timezone found
$VTNR: possibly delisted; no timezone found
$VTLE: possibly delisted; no timezone found
$VSLR: possibly delisted; no timezone found

20 Failed downloads:
['VTYX', 'VSM', 'VTCQ', 'VTNC', 'VSCO', 'VVC', 'VSTO', 'VTDI', 'VSEA', 'VSI', 'VSYM', 'VTPI', 'VTSS', 'VSR', 'VTAE', 'VWE', 'VVUS', 'VTNR', 'VTLE', 'VSLR']: possibly delisted; no timezone found
$WAVC: possibly delisted; no timezone found
$WBKC: possibly delisted; no timezone found
$WAVX: possibly delisted; no timezone found
$WAIR: possibly delisted; no timezone found
$WBA: possibly delisted; no timezone found
$VYFC: possibly delisted; no timezone found
$WAYN: possibly delisted; no timezone found
$VYGG: possibly delisted; no timezone found
$WAAS: possibly delisted; no timezone found
$WAGE: possibly delisted; no timezone found
$VXEL: possibly delisted; no timezone found
$VYNT: possibly delisted; no timezone found
$WBC: possibly delisted; no timezone found
$WAG: possibly delisted; no timezone found
$VWTR: possibly delisted; no timezone found
$WARRI: possibly delisted; no timezone found
$VZIO: possibly delisted; no timezone found
$VWR: possibly delisted; no timezone found
$WBCO: possibly delisted; no timezone found
$WARR: possibly delisted; no timezone found

20 Failed downloads:
['WAVC', 'WBKC', 'WAVX', 'WAIR', 'WBA', 'VYFC', 'WAYN', 'VYGG', 'WAAS', 'WAGE', 'VXEL', 'VYNT', 'WBC', 'WAG', 'VWTR', 'WARRI', 'VZIO', 'VWR', 'WBCO', 'WARR']: possibly delisted; no timezone found
$WCBO: possibly delisted; no timezone found
$WFSL: possibly delisted; no timezone found
$WFT: possibly delisted; no timezone found
$WCG: possibly delisted; no timezone found
$WEBR: possibly delisted; no timezone found
$WBSN: possibly delisted; no timezone found
$WEB: possibly delisted; no timezone found
$WCRX: possibly delisted; no timezone found
$WEBK: possibly delisted; no timezone found
$WDQ: possibly delisted; no price data found  (1d 2008-01-01 -> 2026-09-26)
$WCIC: possibly delisted; no timezone found
$WBT: possibly delisted; no timezone found
$WDR: possibly delisted; no timezone found
$WE: possibly delisted; no timezone found
$WG: possibly delisted; no timezone found
$WBMD: possibly delisted; no timezone found
$WFM: possibly delisted; no timezone found
$WFBI: possibly delisted; no timezone found
$WCAA: possibly delisted; no timezone found
$WGL: possibly delisted; no timezone found

20 Failed downloads:
['WCBO', 'WFSL', 'WFT', 'WCG', 'WEBR', 'WBSN', 'WEB', 'WCRX', 'WEBK', 'WCIC', 'WBT', 'WDR', 'WE', 'WG', 'WBMD', 'WFM', 'WFBI', 'WCAA', 'WGL']: possibly delisted; no timezone found
['WDQ']: possibly delisted; no price data found  (1d 2008-01-01 -> 2026-09-26)
$WITE: possibly delisted; no timezone found
$WLB: possibly delisted; no timezone found
$WLMS: possibly delisted; no timezone found
$WNR: possibly delisted; no timezone found
$WLH: possibly delisted; no timezone found
$WOGI: possibly delisted; no timezone found
$WIFI: possibly delisted; no timezone found
$WMTM: possibly delisted; no timezone found
$WLL: possibly delisted; no timezone found
$WMC: possibly delisted; no timezone found
$WL: possibly delisted; no timezone found
$WIBC: possibly delisted; no timezone found
$WLBC: possibly delisted; no timezone found
$WLT: possibly delisted; no timezone found
$WMAR: possibly delisted; no timezone found
$WJFLP: possibly delisted; no timezone found
$WMGI: possibly delisted; no timezone found
$WIN: possibly delisted; no timezone found
$WHHT: possibly delisted; no timezone found
$WIRE: possibly delisted; no timezone found

20 Failed downloads:
['WITE', 'WLB', 'WLMS', 'WNR', 'WLH', 'WOGI', 'WIFI', 'WMTM', 'WLL', 'WMC', 'WL', 'WIBC', 'WLBC', 'WLT', 'WMAR', 'WJFLP', 'WMGI', 'WIN', 'WHHT', 'WIRE']: possibly delisted; no timezone found
$WSTI: possibly delisted; no timezone found
$WPT: possibly delisted; no timezone found
$WPG: possibly delisted; no timezone found
$WPX: possibly delisted; no timezone found
$WOW: possibly delisted; no timezone found
$WSGI: possibly delisted; no timezone found
$WPZ: possibly delisted; no timezone found
$WTNY: possibly delisted; no timezone found
$WRI: possibly delisted; no timezone found
$WPCB: possibly delisted; no timezone found
$WSTC: possibly delisted; no timezone found
$WSR: possibly delisted; no price data found  (1d 2008-01-01 -> 2026-09-26)
$WORK: possibly delisted; no timezone found
$WRLS: possibly delisted; no timezone found
$WRES: possibly delisted; no timezone found
$WSB: possibly delisted; no timezone found
$WP: possibly delisted; no timezone found
$WRK: possibly delisted; no timezone found
$WRAC: possibly delisted; no timezone found
$WRC: possibly delisted; no timezone found

20 Failed downloads:
['WSTI', 'WPT', 'WPG', 'WPX', 'WOW', 'WSGI', 'WPZ', 'WTNY', 'WRI', 'WPCB', 'WSTC', 'WORK', 'WRLS', 'WRES', 'WSB', 'WP', 'WRK', 'WRAC', 'WRC']: possibly delisted; no timezone found
['WSR']: possibly delisted; no price data found  (1d 2008-01-01 -> 2026-09-26)
$XNPT: possibly delisted; no timezone found
$XM: possibly delisted; no timezone found
$WWAV: possibly delisted; no timezone found
$XBKS: possibly delisted; no timezone found
$XFIN: possibly delisted; no timezone found
$XLNX: possibly delisted; no timezone found
$XCO: possibly delisted; no timezone found
$XBTC: possibly delisted; no timezone found
$WWE: possibly delisted; no timezone found
$XNNH: possibly delisted; no timezone found
$X: possibly delisted; no timezone found
$XEC: possibly delisted; no timezone found
$XLGROUP: possibly delisted; no timezone found
$WWSG: possibly delisted; no timezone found
$XCRA: possibly delisted; no timezone found
$WTSLA: possibly delisted; no timezone found
$WTRH: possibly delisted; no timezone found
$XENT: possibly delisted; no timezone found
$XLS: possibly delisted; no timezone found
$XLRN: possibly delisted; no timezone found

20 Failed downloads:
['XNPT', 'XM', 'WWAV', 'XBKS', 'XFIN', 'XLNX', 'XCO', 'XBTC', 'WWE', 'XNNH', 'X', 'XEC', 'XLGROUP', 'WWSG', 'XCRA', 'WTSLA', 'WTRH', 'XENT', 'XLS', 'XLRN']: possibly delisted; no timezone found
$Y: possibly delisted; no timezone found
$XOOM: possibly delisted; no timezone found
$XTGR: possibly delisted; no timezone found
$XTEG: possibly delisted; no timezone found
$XWES: possibly delisted; no timezone found
$XTLY: possibly delisted; no timezone found
$XTXI: possibly delisted; no timezone found
$XNRG: possibly delisted; no timezone found
$XOG: possibly delisted; no timezone found
$XRIT: possibly delisted; no timezone found
$XTO: possibly delisted; no price data found  (1d 2008-01-01 -> 2026-09-26)
$XPOA: possibly delisted; no timezone found
$XRM: possibly delisted; no timezone found
$XYNO: possibly delisted; no timezone found
$XRSC: possibly delisted; no timezone found
$XOXO: possibly delisted; no timezone found
$XXIA: possibly delisted; no timezone found
$XPLR: possibly delisted; no timezone found
$XOMA: possibly delisted; no timezone found
$XPAX: possibly delisted; no timezone found

20 Failed downloads:
['Y', 'XOOM', 'XTGR', 'XTEG', 'XWES', 'XTLY', 'XTXI', 'XNRG', 'XOG', 'XRIT', 'XPOA', 'XRM', 'XYNO', 'XRSC', 'XOXO', 'XXIA', 'XPLR', 'XOMA', 'XPAX']: possibly delisted; no timezone found
['XTO']: possibly delisted; no price data found  (1d 2008-01-01 -> 2026-09-26)
$ZAIS: possibly delisted; no timezone found
$YAC: possibly delisted; no timezone found
$YDNT: possibly delisted; no timezone found
$YHGG: possibly delisted; no timezone found
$ZCOR: possibly delisted; no timezone found
$ZAGG: possibly delisted; no timezone found
$YELL: possibly delisted; no timezone found
$YCB: possibly delisted; no timezone found
$YUME: possibly delisted; no timezone found
$ZEN: possibly delisted; no timezone found
$YMAB: possibly delisted; no timezone found
$YDKN: possibly delisted; no timezone found
$YONG: possibly delisted; no timezone found
$YDLE: possibly delisted; no timezone found
$YINFU: possibly delisted; no timezone found
$YGYI: possibly delisted; no timezone found
$ZEP: possibly delisted; no timezone found
$YTEN: possibly delisted; no timezone found
$YTPG: possibly delisted; no timezone found
$YHOO: possibly delisted; no timezone found

20 Failed downloads:
['ZAIS', 'YAC', 'YDNT', 'YHGG', 'ZCOR', 'ZAGG', 'YELL', 'YCB', 'YUME', 'ZEN', 'YMAB', 'YDKN', 'YONG', 'YDLE', 'YINFU', 'YGYI', 'ZEP', 'YTEN', 'YTPG', 'YHOO']: possibly delisted; no timezone found
$ZIGO: possibly delisted; no timezone found
$ZGH: possibly delisted; no price data found  (1d 2008-01-01 -> 2026-09-26)
$ZEUS: possibly delisted; no timezone found
$ZIONS: possibly delisted; no timezone found
$ZI: possibly delisted; no timezone found
$ZEV: possibly delisted; no timezone found
$ZLTQ: possibly delisted; no timezone found
$ZOLT: possibly delisted; no timezone found
$ZNGA: possibly delisted; no timezone found
$ZOES: possibly delisted; no timezone found
$ZGYHU: possibly delisted; no timezone found
$ZFOX: possibly delisted; no timezone found
$ZGNX: possibly delisted; no timezone found
$ZIMV: possibly delisted; no timezone found
$ZLC: possibly delisted; no timezone found
$ZIXI: possibly delisted; no timezone found
$ZINCQ: possibly delisted; no timezone found
$ZOLL: possibly delisted; no timezone found
$ZING: possibly delisted; no timezone found
$ZIPR: possibly delisted; no timezone found

20 Failed downloads:
['ZIGO', 'ZEUS', 'ZIONS', 'ZI', 'ZEV', 'ZLTQ', 'ZOLT', 'ZNGA', 'ZOES', 'ZGYHU', 'ZFOX', 'ZGNX', 'ZIMV', 'ZLC', 'ZIXI', 'ZINCQ', 'ZOLL', 'ZING', 'ZIPR']: possibly delisted; no timezone found
['ZGH']: possibly delisted; no price data found  (1d 2008-01-01 -> 2026-09-26)
$ZOOM: possibly delisted; no timezone found
$ZTAQU: possibly delisted; no timezone found
$ZOM: possibly delisted; no timezone found
$ZU: possibly delisted; no timezone found
$ZUO: possibly delisted; no timezone found
$ZY: possibly delisted; no timezone found
$ZYNE: possibly delisted; no timezone found
$ZQK: possibly delisted; no timezone found
$ZWRK: possibly delisted; no timezone found
$ZZ: possibly delisted; no timezone found
$ZPCM: possibly delisted; no timezone found
$ZVO: possibly delisted; no timezone found
$ZYXI: possibly delisted; no timezone found
$ZSPH: possibly delisted; no timezone found
$ZSAN: possibly delisted; no timezone found
$ZPAT: possibly delisted; no timezone found

16 Failed downloads:
['ZOOM', 'ZTAQU', 'ZOM', 'ZU', 'ZUO', 'ZY', 'ZYNE', 'ZQK', 'ZWRK', 'ZZ', 'ZPCM', 'ZVO', 'ZYXI', 'ZSPH', 'ZSAN', 'ZPAT']: possibly delisted; no timezone found
pass 3: zero-day tickers 3596
$AAIC: possibly delisted; no timezone found
$ABCW: possibly delisted; no timezone found
$AAN: possibly delisted; no timezone found
$AAPC: possibly delisted; no timezone found
$ABAX: possibly delisted; no timezone found
$ABVA: possibly delisted; no timezone found
$ABCD: possibly delisted; no timezone found
$AAI: possibly delisted; no timezone found
$AACC: possibly delisted; no timezone found
$ABHD: possibly delisted; no timezone found
$ABL: possibly delisted; no timezone found
$AAMC: possibly delisted; no timezone found
$ABCO: possibly delisted; no timezone found
$ABMD: possibly delisted; no timezone found
$AAWW: possibly delisted; no timezone found
$AAAO: possibly delisted; no timezone found
$ABTX: possibly delisted; no timezone found
$AAQC: possibly delisted; no timezone found
$ABFF: possibly delisted; no timezone found
$ABP: possibly delisted; no timezone found

20 Failed downloads:
['AAIC', 'ABCW', 'AAN', 'AAPC', 'ABAX', 'ABVA', 'ABCD', 'AAI', 'AACC', 'ABHD', 'ABL', 'AAMC', 'ABCO', 'ABMD', 'AAWW', 'AAAO', 'ABTX', 'AAQC', 'ABFF', 'ABP']: possibly delisted; no timezone found
$ACFC: possibly delisted; no timezone found
$ACAQ: possibly delisted; no timezone found
$ACCD: possibly delisted; no timezone found
$ACC: possibly delisted; no timezone found
$ACAHU: possibly delisted; no timezone found
$ABVT: possibly delisted; no timezone found
$ACHN: possibly delisted; no timezone found
$ACEF: possibly delisted; no timezone found
$ACLX: possibly delisted; no timezone found
$ACEFL: possibly delisted; no timezone found
$ACIA: possibly delisted; no timezone found
$ACPW: possibly delisted; no timezone found
$ACGN: possibly delisted; no timezone found
$ACOR: possibly delisted; no timezone found
$ACBI: possibly delisted; no timezone found
$ACQRU: possibly delisted; no timezone found
$ACER: possibly delisted; no timezone found
$AC: possibly delisted; no timezone found
$ACO: possibly delisted; no timezone found
$ACRO: possibly delisted; no timezone found

20 Failed downloads:
['ACFC', 'ACAQ', 'ACCD', 'ACC', 'ACAHU', 'ABVT', 'ACHN', 'ACEF', 'ACLX', 'ACEFL', 'ACIA', 'ACPW', 'ACGN', 'ACOR', 'ACBI', 'ACQRU', 'ACER', 'AC', 'ACO', 'ACRO']: possibly delisted; no timezone found
$ADER: possibly delisted; no timezone found
$ADVS: possibly delisted; no timezone found
$ADTH: possibly delisted; no timezone found
$ADN: possibly delisted; no timezone found
$ACUC: possibly delisted; no timezone found
$ACTV: possibly delisted; no timezone found
$ADGI: possibly delisted; no timezone found
$ADR: possibly delisted; no timezone found
$ADAP: possibly delisted; no timezone found
$ADVM: possibly delisted; no timezone found
$ADMS: possibly delisted; no timezone found
$ADES: possibly delisted; no timezone found
$ADNC: possibly delisted; no timezone found
$ADSW: possibly delisted; no timezone found
$ACW: possibly delisted; no timezone found
$ADGE: possibly delisted; no timezone found
$ADEP: possibly delisted; no timezone found
$ACTA: possibly delisted; no timezone found
$ADOC: possibly delisted; no timezone found
$ADMP: possibly delisted; no timezone found

20 Failed downloads:
['ADER', 'ADVS', 'ADTH', 'ADN', 'ACUC', 'ACTV', 'ADGI', 'ADR', 'ADAP', 'ADVM', 'ADMS', 'ADES', 'ADNC', 'ADSW', 'ACW', 'ADGE', 'ADEP', 'ACTA', 'ADOC', 'ADMP']: possibly delisted; no timezone found
$AFFX: possibly delisted; no timezone found
$AEGN: possibly delisted; no timezone found
$AFAN: possibly delisted; no timezone found
$AFAQ: possibly delisted; no timezone found
$AERI: possibly delisted; no timezone found
$AEGR: possibly delisted; no timezone found
$ADXS: possibly delisted; no timezone found
$AET: possibly delisted; no timezone found
$AEHI: possibly delisted; no timezone found
$AFH: possibly delisted; no timezone found
$AFAC: possibly delisted; no timezone found
$AEPI: possibly delisted; no timezone found
$AEA: possibly delisted; no timezone found
$AFAM: possibly delisted; no timezone found
$AE: possibly delisted; no timezone found
$AEEX: possibly delisted; no timezone found
$AFI: possibly delisted; no timezone found
$AFCB: possibly delisted; no timezone found
$AEAC: possibly delisted; no timezone found
$AF: possibly delisted; no timezone found

20 Failed downloads:
['AFFX', 'AEGN', 'AFAN', 'AFAQ', 'AERI', 'AEGR', 'ADXS', 'AET', 'AEHI', 'AFH', 'AFAC', 'AEPI', 'AEA', 'AFAM', 'AE', 'AEEX', 'AFI', 'AFCB', 'AEAC', 'AF']: possibly delisted; no timezone found
$AGFY: possibly delisted; no timezone found
$AGP: possibly delisted; no timezone found
$AFSI: possibly delisted; no timezone found
$AGCB: possibly delisted; no timezone found
$AGPH: possibly delisted; no timezone found
$AFOP: possibly delisted; no timezone found
$AGTC: possibly delisted; no timezone found
$AGFS: possibly delisted; no timezone found
$AGAE: possibly delisted; no timezone found
$AGS: possibly delisted; no timezone found
$AGTI: possibly delisted; no timezone found
$AGN: possibly delisted; no timezone found
$AGOL: possibly delisted; no timezone found
$AGAC: possibly delisted; no timezone found
$AFTRU: possibly delisted; no price data found  (1d 2008-01-01 -> 2026-09-26)
$AH: possibly delisted; no timezone found
$AGRX: possibly delisted; no timezone found
$AGIL: possibly delisted; no timezone found
$AGR: possibly delisted; no timezone found
$AGGRU: possibly delisted; no timezone found

20 Failed downloads:
['AGFY', 'AGP', 'AFSI', 'AGCB', 'AGPH', 'AFOP', 'AGTC', 'AGFS', 'AGAE', 'AGS', 'AGTI', 'AGN', 'AGOL', 'AGAC', 'AH', 'AGRX', 'AGIL', 'AGR', 'AGGRU']: possibly delisted; no timezone found
['AFTRU']: possibly delisted; no price data found  (1d 2008-01-01 -> 2026-09-26)
$AHGP: possibly delisted; no timezone found
$AIRC: possibly delisted; no timezone found
$AJRD: possibly delisted; no timezone found
$AHPA: possibly delisted; no timezone found
$AINC: possibly delisted; no timezone found
$AJAX: possibly delisted; no timezone found
$AHP: possibly delisted; no timezone found
$AHH: possibly delisted; no timezone found
$AIOM: possibly delisted; no timezone found
$AHL: possibly delisted; no timezone found
$AIMC: possibly delisted; no timezone found
$AKAO: possibly delisted; no timezone found
$AIRSP: possibly delisted; no timezone found
$AHIT: possibly delisted; no timezone found
$AHRN: possibly delisted; no timezone found
$AJIA: possibly delisted; no timezone found
$AKCA: possibly delisted; no timezone found
$AIRM: possibly delisted; no timezone found
$AIMT: possibly delisted; no timezone found
$AKIC: possibly delisted; no timezone found

20 Failed downloads:
['AHGP', 'AIRC', 'AJRD', 'AHPA', 'AINC', 'AJAX', 'AHP', 'AHH', 'AIOM', 'AHL', 'AIMC', 'AKAO', 'AIRSP', 'AHIT', 'AHRN', 'AJIA', 'AKCA', 'AIRM', 'AIMT', 'AKIC']: possibly delisted; no timezone found
$ALE: possibly delisted; no timezone found
$ALDR: possibly delisted; no timezone found
$ALGR: possibly delisted; no timezone found
$ALGI: possibly delisted; no timezone found
$ALBT: possibly delisted; no timezone found
$AKRO: possibly delisted; no timezone found
$ALDW: possibly delisted; no timezone found
$ALJ: possibly delisted; no timezone found
$ALEX: possibly delisted; no timezone found
$ALBO: possibly delisted; no timezone found
$AL: possibly delisted; no timezone found
$ALFE: possibly delisted; no timezone found
$ALAC: possibly delisted; no timezone found
$AKRX: possibly delisted; no timezone found
$AKYA: possibly delisted; no timezone found
$ALIM: possibly delisted; no timezone found
$ALCS: possibly delisted; no timezone found
$AKUS: possibly delisted; no timezone found
$AKLI: possibly delisted; no timezone found
$AKS: possibly delisted; no timezone found

20 Failed downloads:
['ALE', 'ALDR', 'ALGR', 'ALGI', 'ALBT', 'AKRO', 'ALDW', 'ALJ', 'ALEX', 'ALBO', 'AL', 'ALFE', 'ALAC', 'AKRX', 'AKYA', 'ALIM', 'ALCS', 'AKUS', 'AKLI', 'AKS']: possibly delisted; no timezone found
$ALPN: possibly delisted; no timezone found
$ALOG: possibly delisted; no timezone found
$ALQA: possibly delisted; no timezone found
$ALTH: possibly delisted; no timezone found
$ALNC: possibly delisted; no timezone found
$ALTE: possibly delisted; no timezone found
$ALNA: possibly delisted; no timezone found
$ALTA: possibly delisted; no timezone found
$ALUS: possibly delisted; no timezone found
$ALR: possibly delisted; no timezone found
$ALLB: possibly delisted; no timezone found
$ALTV: possibly delisted; no timezone found
$ALTU: possibly delisted; no timezone found
$ALSE: possibly delisted; no timezone found
$ALXA: possibly delisted; no timezone found
$ALLK: possibly delisted; no timezone found
$ALTN: possibly delisted; no timezone found
$ALSK: possibly delisted; no timezone found
$ALRT: possibly delisted; no timezone found
$ALTR: possibly delisted; no timezone found

20 Failed downloads:
['ALPN', 'ALOG', 'ALQA', 'ALTH', 'ALNC', 'ALTE', 'ALNA', 'ALTA', 'ALUS', 'ALR', 'ALLB', 'ALTV', 'ALTU', 'ALSE', 'ALXA', 'ALLK', 'ALTN', 'ALSK', 'ALRT', 'ALTR']: possibly delisted; no timezone found
$AMRE: possibly delisted; no timezone found
$AMPS: possibly delisted; no timezone found
$AMCC: possibly delisted; no timezone found
$AMSG: possibly delisted; no timezone found
$AMPI: possibly delisted; no timezone found
$AMLN: possibly delisted; no timezone found
$ALYI: possibly delisted; no timezone found
$AMRI: possibly delisted; no timezone found
$AMBI: possibly delisted; no timezone found
$AMMD: possibly delisted; no timezone found
$AMNB: possibly delisted; no timezone found
$ALXN: possibly delisted; no timezone found
$AMBT: possibly delisted; no timezone found
$AMED: possibly delisted; no timezone found
$AMRB: possibly delisted; no timezone found
$AMBC: possibly delisted; no timezone found
$AMK: possibly delisted; no timezone found
$AMRS: possibly delisted; no timezone found
$AMNL: possibly delisted; no timezone found
$AMAG: possibly delisted; no timezone found

20 Failed downloads:
['AMRE', 'AMPS', 'AMCC', 'AMSG', 'AMPI', 'AMLN', 'ALYI', 'AMRI', 'AMBI', 'AMMD', 'AMNB', 'ALXN', 'AMBT', 'AMED', 'AMRB', 'AMBC', 'AMK', 'AMRS', 'AMNL', 'AMAG']: possibly delisted; no timezone found
$AOIP: possibly delisted; no timezone found
$ANGN: possibly delisted; no timezone found
$ANEN: possibly delisted; no timezone found
$ANDX: possibly delisted; no timezone found
$ANDV: possibly delisted; no timezone found
$ANCX: possibly delisted; no timezone found
$ANN: possibly delisted; no timezone found
$AMSWA: possibly delisted; no timezone found
$AMWD: possibly delisted; no timezone found
$ANSS: possibly delisted; no timezone found
$AMTG: possibly delisted; no timezone found
$ANGPD: possibly delisted; no timezone found
$ANH: possibly delisted; no timezone found
$AONE: possibly delisted; no timezone found
$AMTI: possibly delisted; no timezone found
$AOL: possibly delisted; no timezone found
$ANAD: possibly delisted; no timezone found
$ANR: possibly delisted; no timezone found
$ANAC: possibly delisted; no timezone found
$ANAT: possibly delisted; no timezone found

20 Failed downloads:
['AOIP', 'ANGN', 'ANEN', 'ANDX', 'ANDV', 'ANCX', 'ANN', 'AMSWA', 'AMWD', 'ANSS', 'AMTG', 'ANGPD', 'ANH', 'AONE', 'AMTI', 'AOL', 'ANAD', 'ANR', 'ANAC', 'ANAT']: possibly delisted; no timezone found
$APL: possibly delisted; no timezone found
$APOL: possibly delisted; no timezone found
$APAGF: possibly delisted; no timezone found
$APLT: possibly delisted; no timezone found
$APPH: possibly delisted; no timezone found
$APKT: possibly delisted; no timezone found
$APCA: possibly delisted; no timezone found
$APFH: possibly delisted; no timezone found
$APR: possibly delisted; no timezone found
$APRN: possibly delisted; no timezone found
$APLS: possibly delisted; no timezone found
$APEX: possibly delisted; no timezone found
$APTI: possibly delisted; no timezone found
$APEN: possibly delisted; no timezone found
$APNC: possibly delisted; no timezone found
$APFC: possibly delisted; no timezone found
$APGB: possibly delisted; no timezone found
$APNU: possibly delisted; no timezone found
$APGN: possibly delisted; no timezone found
$APRI: possibly delisted; no timezone found

20 Failed downloads:
['APL', 'APOL', 'APAGF', 'APLT', 'APPH', 'APKT', 'APCA', 'APFH', 'APR', 'APRN', 'APLS', 'APEX', 'APTI', 'APEN', 'APNC', 'APFC', 'APGB', 'APNU', 'APGN', 'APRI']: possibly delisted; no timezone found
$ARII: possibly delisted; no timezone found
$APTM: possibly delisted; no timezone found
$ARC: possibly delisted; no timezone found
$ARCH: possibly delisted; no timezone found
$ARCRCA: possibly delisted; no timezone found
$ARGO: possibly delisted; no timezone found
$ARAV: possibly delisted; no timezone found
$ARBA: possibly delisted; no timezone found
$ARGS: possibly delisted; no timezone found
$ARBGU: possibly delisted; no timezone found
$ARDM: possibly delisted; no timezone found
$AQUA: possibly delisted; no timezone found
$APTS: possibly delisted; no timezone found
$AREX: possibly delisted; no timezone found
$ARDNA: possibly delisted; no timezone found
$AQ: possibly delisted; no timezone found
$ARG: possibly delisted; no timezone found
$APTX: possibly delisted; no timezone found
$APU: possibly delisted; no timezone found
$ARA: possibly delisted; no timezone found

20 Failed downloads:
['ARII', 'APTM', 'ARC', 'ARCH', 'ARCRCA', 'ARGO', 'ARAV', 'ARBA', 'ARGS', 'ARBGU', 'ARDM', 'AQUA', 'APTS', 'AREX', 'ARDNA', 'AQ', 'ARG', 'APTX', 'APU', 'ARA']: possibly delisted; no timezone found
$ART: possibly delisted; no timezone found
$ARYD: possibly delisted; no timezone found
$ARPI: possibly delisted; no timezone found
$ARO: possibly delisted; no timezone found
$ASAQ: possibly delisted; no timezone found
$ARJ: possibly delisted; no timezone found
$ARUN: possibly delisted; no timezone found
$ASBB: possibly delisted; no timezone found
$ARTG: possibly delisted; no timezone found
$ARTX: possibly delisted; no timezone found
$ARQL: possibly delisted; no timezone found
$ARYA: possibly delisted; no timezone found
$ASCB: possibly delisted; no timezone found
$ARNA: possibly delisted; no timezone found
$ARRS: possibly delisted; no timezone found
$ARNC: possibly delisted; no timezone found
$ARLZ: possibly delisted; no timezone found
$ASCA: possibly delisted; no timezone found
$ARYE: possibly delisted; no timezone found
$ARRW: possibly delisted; no timezone found

20 Failed downloads:
['ART', 'ARYD', 'ARPI', 'ARO', 'ASAQ', 'ARJ', 'ARUN', 'ASBB', 'ARTG', 'ARTX', 'ARQL', 'ARYA', 'ASCB', 'ARNA', 'ARRS', 'ARNC', 'ARLZ', 'ASCA', 'ARYE', 'ARRW']: possibly delisted; no timezone found
$ASXC: possibly delisted; no timezone found
$ASZU: possibly delisted; no timezone found
$ASEPF: possibly delisted; no timezone found
$ASV: possibly delisted; no timezone found
$ASEI: possibly delisted; no timezone found
$ATHL: possibly delisted; no timezone found
$ATHN: possibly delisted; no timezone found
$ASFI: possibly delisted; no timezone found
$ATHX: possibly delisted; no timezone found
$ASCMA: possibly delisted; no timezone found
$ASNA: possibly delisted; no timezone found
$ASGN: possibly delisted; no timezone found
$ATAQ: possibly delisted; no timezone found
$ASI: possibly delisted; no timezone found
$AST: possibly delisted; no timezone found
$ASPX: possibly delisted; no timezone found
$ASPEN: possibly delisted; no timezone found
$ATCC: possibly delisted; no timezone found
$ASTR: possibly delisted; no timezone found
$ASEN: possibly delisted; no timezone found

20 Failed downloads:
['ASXC', 'ASZU', 'ASEPF', 'ASV', 'ASEI', 'ATHL', 'ATHN', 'ASFI', 'ATHX', 'ASCMA', 'ASNA', 'ASGN', 'ATAQ', 'ASI', 'AST', 'ASPX', 'ASPEN', 'ATCC', 'ASTR', 'ASEN']: possibly delisted; no timezone found
$ATNX: possibly delisted; no timezone found
$ATRI: possibly delisted; no timezone found
$AUSU: possibly delisted; no timezone found
$AUTO: possibly delisted; no timezone found
$ATVI: possibly delisted; no timezone found
$ATRS: possibly delisted; no timezone found
$ATLS: possibly delisted; no timezone found
$ATMS: possibly delisted; no timezone found
$ATNY: possibly delisted; no timezone found
$ATML: possibly delisted; no timezone found
$ATXS: possibly delisted; no timezone found
$ATSG: possibly delisted; no timezone found
$ATPG: possibly delisted; no timezone found
$AURCU: possibly delisted; no timezone found
$ATX: possibly delisted; no timezone found
$AUD: possibly delisted; no timezone found
$ATK: possibly delisted; no timezone found
$ATW: possibly delisted; no timezone found
$AUTH: possibly delisted; no timezone found
$ATMI: possibly delisted; no timezone found

20 Failed downloads:
['ATNX', 'ATRI', 'AUSU', 'AUTO', 'ATVI', 'ATRS', 'ATLS', 'ATMS', 'ATNY', 'ATML', 'ATXS', 'ATSG', 'ATPG', 'AURCU', 'ATX', 'AUD', 'ATK', 'ATW', 'AUTH', 'ATMI']: possibly delisted; no timezone found
$AVGR: possibly delisted; no timezone found
$AVP: possibly delisted; no timezone found
$AVYA: possibly delisted; no timezone found
$AVDX: possibly delisted; no timezone found
$AVTE: possibly delisted; no timezone found
$AVNS: possibly delisted; no timezone found
$AVNR: possibly delisted; no timezone found
$AUXL: possibly delisted; no timezone found
$AVXS: possibly delisted; no timezone found
$AVHI: possibly delisted; no timezone found
$AVAN: possibly delisted; no timezone found
$AVLR: possibly delisted; no timezone found
$AVDL: possibly delisted; no timezone found
$AVID: possibly delisted; no timezone found
$AVCT: possibly delisted; no timezone found
$AVTA: possibly delisted; no timezone found
$AVTD: possibly delisted; no timezone found
$AVACU: possibly delisted; no timezone found
$AVEO: possibly delisted; no timezone found
$AVNU: possibly delisted; no timezone found

20 Failed downloads:
['AVGR', 'AVP', 'AVYA', 'AVDX', 'AVTE', 'AVNS', 'AVNR', 'AUXL', 'AVXS', 'AVHI', 'AVAN', 'AVLR', 'AVDL', 'AVID', 'AVCT', 'AVTA', 'AVTD', 'AVACU', 'AVEO', 'AVNU']: possibly delisted; no timezone found
$AXE: possibly delisted; no timezone found
$BAKKT: possibly delisted; no timezone found
$AYE: possibly delisted; no timezone found
$AXDX: possibly delisted; no timezone found
$AXAR: possibly delisted; no timezone found
$BACA: possibly delisted; no timezone found
$AXNX: possibly delisted; no timezone found
$AZEK: possibly delisted; no timezone found
$AYR: possibly delisted; no timezone found
$AZPN: possibly delisted; no timezone found
$BAGR: possibly delisted; no timezone found
$AXLL: possibly delisted; no timezone found
$AYX: possibly delisted; no timezone found
$AXLA: possibly delisted; no timezone found
$AWH: possibly delisted; no timezone found
$BAGL: possibly delisted; no timezone found
$AXPW: possibly delisted; no timezone found
$AZUR: possibly delisted; no timezone found
$AYLA: possibly delisted; no timezone found
$AXAS: possibly delisted; no timezone found

20 Failed downloads:
['AXE', 'BAKKT', 'AYE', 'AXDX', 'AXAR', 'BACA', 'AXNX', 'AZEK', 'AYR', 'AZPN', 'BAGR', 'AXLL', 'AYX', 'AXLA', 'AWH', 'BAGL', 'AXPW', 'AZUR', 'AYLA', 'AXAS']: possibly delisted; no timezone found
$BBCZ: possibly delisted; no timezone found
$BBEP: possibly delisted; no timezone found
$BBG: possibly delisted; no timezone found
$BBOX: possibly delisted; no timezone found
$BBX: possibly delisted; no timezone found
$BBBB: possibly delisted; no timezone found
$BCORP: possibly delisted; no timezone found
$BCEL: possibly delisted; no timezone found
$BBNK: possibly delisted; no timezone found
$BAXS: possibly delisted; no timezone found
$BBQ: possibly delisted; no timezone found
$BBRY: possibly delisted; no timezone found
$BASX: possibly delisted; no timezone found
$BASE: possibly delisted; no timezone found
$BAMM: possibly delisted; no timezone found
$BBRG: possibly delisted; no timezone found
$BAYK: possibly delisted; no timezone found
$BCOV: possibly delisted; no timezone found
$BCR: possibly delisted; no timezone found
$BBLN: possibly delisted; no timezone found

20 Failed downloads:
['BBCZ', 'BBEP', 'BBG', 'BBOX', 'BBX', 'BBBB', 'BCORP', 'BCEL', 'BBNK', 'BAXS', 'BBQ', 'BBRY', 'BASX', 'BASE', 'BAMM', 'BBRG', 'BAYK', 'BCOV', 'BCR', 'BBLN']: possibly delisted; no timezone found
$BDFF: possibly delisted; no timezone found
$BERK: possibly delisted; no timezone found
$BEE: possibly delisted; no timezone found
$BETS: possibly delisted; no timezone found
$BCYP: possibly delisted; no timezone found
$BDBD: possibly delisted; no timezone found
$BEAV: possibly delisted; no timezone found
$BDR: possibly delisted; no timezone found
$BEES: possibly delisted; no timezone found
$BELK: possibly delisted; no timezone found
$BERY: possibly delisted; no timezone found
$BFAC: possibly delisted; no timezone found
$BETM: possibly delisted; no timezone found
$BEL: possibly delisted; no timezone found
$BECN: possibly delisted; no timezone found
$BCRH: possibly delisted; no timezone found
$BDMS: possibly delisted; no timezone found
$BDSI: possibly delisted; no timezone found
$BCSI: possibly delisted; no timezone found
$BCSA: possibly delisted; no timezone found

20 Failed downloads:
['BDFF', 'BERK', 'BEE', 'BETS', 'BCYP', 'BDBD', 'BEAV', 'BDR', 'BEES', 'BELK', 'BERY', 'BFAC', 'BETM', 'BEL', 'BECN', 'BCRH', 'BDMS', 'BDSI', 'BCSI', 'BCSA']: possibly delisted; no timezone found
$BFI: possibly delisted; no timezone found
$BFED: possibly delisted; no price data found  (1d 2008-01-01 -> 2026-09-26)
$BHBK: possibly delisted; no timezone found
$BHOI: possibly delisted; no timezone found
$BGG: possibly delisted; no timezone found
$BIND: possibly delisted; no timezone found
$BIOL: possibly delisted; no timezone found
$BGNE: possibly delisted; no timezone found
$BIG: possibly delisted; no timezone found
$BGXX: possibly delisted; no timezone found
$BHACU: possibly delisted; no timezone found
$BHIL: possibly delisted; no timezone found
$BFSB: possibly delisted; no timezone found
$BFB: possibly delisted; no timezone found
$BFIN: possibly delisted; no price data found  (1d 2008-01-01 -> 2026-09-26)
$BHAC: possibly delisted; no timezone found
$BIGC: possibly delisted; no timezone found
$BIOC: possibly delisted; no timezone found
$BGRY: possibly delisted; no timezone found
$BGFV: possibly delisted; no timezone found

20 Failed downloads:
['BFI', 'BHBK', 'BHOI', 'BGG', 'BIND', 'BIOL', 'BGNE', 'BIG', 'BGXX', 'BHACU', 'BHIL', 'BFSB', 'BFB', 'BHAC', 'BIGC', 'BIOC', 'BGRY', 'BGFV']: possibly delisted; no timezone found
['BFED', 'BFIN']: possibly delisted; no price data found  (1d 2008-01-01 -> 2026-09-26)
$BK: possibly delisted; no price data found  (1d 2008-01-01 -> 2026-09-26) (Yahoo error = "No data found, symbol may be delisted")
$BKYF: possibly delisted; no timezone found
$BKCC: possibly delisted; no timezone found
$BJS: possibly delisted; no timezone found
$BIOS: possibly delisted; no timezone found
$BLCM: possibly delisted; no timezone found
$BLBX: possibly delisted; no timezone found
$BKW: possibly delisted; no timezone found
$BKI: possibly delisted; no timezone found
$BIRT: possibly delisted; no timezone found
$BKC: possibly delisted; no timezone found
$BKS: possibly delisted; no timezone found
$BKBK: possibly delisted; no timezone found
$BKJ: possibly delisted; no timezone found
$BIVV: possibly delisted; no timezone found
$BKMU: possibly delisted; no timezone found
$BLC: possibly delisted; no timezone found
$BIOR: possibly delisted; no timezone found
$BKEP: possibly delisted; no timezone found
$BKRS: possibly delisted; no timezone found

20 Failed downloads:
['BK']: possibly delisted; no price data found  (1d 2008-01-01 -> 2026-09-26) (Yahoo error = "No data found, symbol may be delisted")
['BKYF', 'BKCC', 'BJS', 'BIOS', 'BLCM', 'BLBX', 'BKW', 'BKI', 'BIRT', 'BKC', 'BKS', 'BKBK', 'BKJ', 'BIVV', 'BKMU', 'BLC', 'BIOR', 'BKEP', 'BKRS']: possibly delisted; no timezone found
$BLUE: possibly delisted; no timezone found
$BLT: possibly delisted; no timezone found
$BLNG: possibly delisted; no timezone found
$BLI: possibly delisted; no timezone found
$BMAC: possibly delisted; no timezone found
$BMC: possibly delisted; no timezone found
$BLVDU: possibly delisted; no timezone found
$BLDE: possibly delisted; no timezone found
$BLMT: possibly delisted; no timezone found
$BLUD: possibly delisted; no timezone found
$BLXX: possibly delisted; no timezone found
$BLSA: possibly delisted; no timezone found
$BLTA: possibly delisted; no timezone found
$BMCH: possibly delisted; no timezone found
$BLPH: possibly delisted; no timezone found
$BLD: possibly delisted; no timezone found
$BLUA: possibly delisted; no timezone found
$BLEU: possibly delisted; no timezone found
$BLUF: possibly delisted; no timezone found
$BLTSU: possibly delisted; no timezone found

20 Failed downloads:
['BLUE', 'BLT', 'BLNG', 'BLI', 'BMAC', 'BMC', 'BLVDU', 'BLDE', 'BLMT', 'BLUD', 'BLXX', 'BLSA', 'BLTA', 'BMCH', 'BLPH', 'BLD', 'BLUA', 'BLEU', 'BLUF', 'BLTSU']: possibly delisted; no timezone found
$BNI: possibly delisted; no timezone found
$BNVI: possibly delisted; no timezone found
$BNNY: possibly delisted; no timezone found
$BOBE: possibly delisted; no timezone found
$BOCH: possibly delisted; no timezone found
$BMTX: possibly delisted; no timezone found
$BNE: possibly delisted; no timezone found
$BODY: possibly delisted; no timezone found
$BOAS: possibly delisted; no timezone found
$BOJA: possibly delisted; no timezone found
$BOCN: possibly delisted; no timezone found
$BNCL: possibly delisted; no timezone found
$BNFT: possibly delisted; no timezone found
$BOAC: possibly delisted; no timezone found
$BONT: possibly delisted; no timezone found
$BOMH: possibly delisted; no timezone found
$BMTI: possibly delisted; no timezone found
$BMTC: possibly delisted; no timezone found
$BMS: possibly delisted; no timezone found
$BNCN: possibly delisted; no timezone found

20 Failed downloads:
['BNI', 'BNVI', 'BNNY', 'BOBE', 'BOCH', 'BMTX', 'BNE', 'BODY', 'BOAS', 'BOJA', 'BOCN', 'BNCL', 'BNFT', 'BOAC', 'BONT', 'BOMH', 'BMTI', 'BMTC', 'BMS', 'BNCN']: possibly delisted; no timezone found
$BRCD: possibly delisted; no timezone found
$BRCM: possibly delisted; no timezone found
$BPGC: possibly delisted; no timezone found
$BOWL: possibly delisted; no timezone found
$BPMC: possibly delisted; no timezone found
$BPMP: possibly delisted; no timezone found
$BREN: possibly delisted; no timezone found
$BRKA: possibly delisted; no timezone found
$BRDG: possibly delisted; no timezone found
$BPL: possibly delisted; no timezone found
$BRD: possibly delisted; no timezone found
$BPFH: possibly delisted; no timezone found
$BONU: possibly delisted; no timezone found
$BOSM: possibly delisted; no timezone found
$BRDR: possibly delisted; no timezone found
$BRE: possibly delisted; no timezone found
$BRG: possibly delisted; no timezone found
$BOXD: possibly delisted; no timezone found
$BPZ: possibly delisted; no timezone found
$BRIV: possibly delisted; no timezone found

20 Failed downloads:
['BRCD', 'BRCM', 'BPGC', 'BOWL', 'BPMC', 'BPMP', 'BREN', 'BRKA', 'BRDG', 'BPL', 'BRD', 'BPFH', 'BONU', 'BOSM', 'BRDR', 'BRE', 'BRG', 'BOXD', 'BPZ', 'BRIV']: possibly delisted; no timezone found
$BSFT: possibly delisted; no timezone found
$BSAQ: possibly delisted; no timezone found
$BSF: possibly delisted; no timezone found
$BTFL: possibly delisted; no timezone found
$BRTS: possibly delisted; no timezone found
$BSQR: possibly delisted; no timezone found
$BTUI: possibly delisted; no timezone found
$BTFG: possibly delisted; no timezone found
$BSPRT: possibly delisted; no timezone found
$BTM: possibly delisted; no timezone found
$BRSS: possibly delisted; no timezone found
$BTH: possibly delisted; no timezone found
$BRMK: possibly delisted; no timezone found
$BRY: possibly delisted; no timezone found
$BTAQ: possibly delisted; no timezone found
$BSTC: possibly delisted; no timezone found
$BSKYU: possibly delisted; no timezone found
$BSIG: possibly delisted; no timezone found
$BRS: possibly delisted; no timezone found
$BRLI: possibly delisted; no timezone found

20 Failed downloads:
['BSFT', 'BSAQ', 'BSF', 'BTFL', 'BRTS', 'BSQR', 'BTUI', 'BTFG', 'BSPRT', 'BTM', 'BRSS', 'BTH', 'BRMK', 'BRY', 'BTAQ', 'BSTC', 'BSKYU', 'BSIG', 'BRS', 'BRLI']: possibly delisted; no timezone found
$CAB: possibly delisted; no timezone found
$BYI: possibly delisted; no timezone found
$BVH: possibly delisted; no timezone found
$BTWN: possibly delisted; no timezone found
$CAAH: possibly delisted; no timezone found
$CACB: possibly delisted; no timezone found
$BVSN: possibly delisted; no timezone found
$BXRX: possibly delisted; no timezone found
$CAA: possibly delisted; no timezone found
$BTZO: possibly delisted; no timezone found
$BYLK: possibly delisted; no timezone found
$BWP: possibly delisted; no timezone found
$BWCAU: possibly delisted; no timezone found
$BZC: possibly delisted; no timezone found
$BXG: possibly delisted; no timezone found
$BUCY: possibly delisted; no timezone found
$CA: possibly delisted; no timezone found
$BWLD: possibly delisted; no timezone found
$BXS: possibly delisted; no timezone found
$BYBK: possibly delisted; no timezone found

20 Failed downloads:
['CAB', 'BYI', 'BVH', 'BTWN', 'CAAH', 'CACB', 'BVSN', 'BXRX', 'CAA', 'BTZO', 'BYLK', 'BWP', 'BWCAU', 'BZC', 'BXG', 'BUCY', 'CA', 'BWLD', 'BXS', 'BYBK']: possibly delisted; no timezone found
$CATC: possibly delisted; no timezone found
$CATM: possibly delisted; no timezone found
$CADE: possibly delisted; no timezone found
$CARO: possibly delisted; no timezone found
$CASC: possibly delisted; no timezone found
$CASA: possibly delisted; no timezone found
$CAFI: possibly delisted; no timezone found
$CACGU: possibly delisted; no timezone found
$CAFD: possibly delisted; no timezone found
$CARB: possibly delisted; no timezone found
$CANO: possibly delisted; no timezone found
$CALB: possibly delisted; no timezone found
$CAPP: possibly delisted; no timezone found
$CACQ: possibly delisted; no timezone found
$CALL: possibly delisted; no timezone found
$CALD: possibly delisted; no timezone found
$CADX: possibly delisted; no timezone found
$CASI: possibly delisted; no timezone found
$CAVF: possibly delisted; no timezone found
$CAMBU: possibly delisted; no timezone found

20 Failed downloads:
['CATC', 'CATM', 'CADE', 'CARO', 'CASC', 'CASA', 'CAFI', 'CACGU', 'CAFD', 'CARB', 'CANO', 'CALB', 'CAPP', 'CACQ', 'CALL', 'CALD', 'CADX', 'CASI', 'CAVF', 'CAMBU']: possibly delisted; no timezone found
$CBEY: possibly delisted; no timezone found
$CBI: possibly delisted; no timezone found
$CBAY: possibly delisted; no timezone found
$CBMG: possibly delisted; no timezone found
$CBKN: possibly delisted; no timezone found
$CBR: possibly delisted; no timezone found
$CBOU: possibly delisted; no timezone found
$CAVM: possibly delisted; no timezone found
$CBPO: possibly delisted; no timezone found
$CBPX: possibly delisted; no timezone found
$CBLK: possibly delisted; no timezone found
$CBMB: possibly delisted; no timezone found
$CBE: possibly delisted; no timezone found
$CBIS: possibly delisted; no timezone found
$CBNJ: possibly delisted; no timezone found
$CAW: possibly delisted; no timezone found
$CBAI: possibly delisted; no timezone found
$CBF: possibly delisted; no timezone found
$CBB: possibly delisted; no timezone found
$CBM: possibly delisted; no timezone found

20 Failed downloads:
['CBEY', 'CBI', 'CBAY', 'CBMG', 'CBKN', 'CBR', 'CBOU', 'CAVM', 'CBPO', 'CBPX', 'CBLK', 'CBMB', 'CBE', 'CBIS', 'CBNJ', 'CAW', 'CBAI', 'CBF', 'CBB', 'CBM']: possibly delisted; no timezone found
$CDAK: possibly delisted; no timezone found
$CCE: possibly delisted; no timezone found
$CCLP: possibly delisted; no timezone found
$CCAN: possibly delisted; no timezone found
$CCRD: possibly delisted; no timezone found
$CDI: possibly delisted; no timezone found
$CCAA: possibly delisted; no timezone found
$CCF: possibly delisted; no timezone found
$CCMP: possibly delisted; no timezone found
$CCP: possibly delisted; no timezone found
$CCGN: possibly delisted; no timezone found
$CCN: possibly delisted; no timezone found
$CCV: possibly delisted; no timezone found
$CCAI: possibly delisted; no timezone found
$CCITII: possibly delisted; no timezone found
$CCPTV: possibly delisted; no timezone found
$CCRN: possibly delisted; no timezone found
$CBST: possibly delisted; no timezone found
$CCVI: possibly delisted; no timezone found
$CCHWF: possibly delisted; no timezone found

20 Failed downloads:
['CDAK', 'CCE', 'CCLP', 'CCAN', 'CCRD', 'CDI', 'CCAA', 'CCF', 'CCMP', 'CCP', 'CCGN', 'CCN', 'CCV', 'CCAI', 'CCITII', 'CCPTV', 'CCRN', 'CBST', 'CCVI', 'CCHWF']: possibly delisted; no timezone found
$CEDC: possibly delisted; no timezone found
$CEI: possibly delisted; no timezone found
$CDR: possibly delisted; no timezone found
$CDOR: possibly delisted; no timezone found
$CECB: possibly delisted; no timezone found
$CDXC: possibly delisted; no timezone found
$CELDYNP: possibly delisted; no timezone found
$CEC: possibly delisted; no timezone found
$CDII: possibly delisted; no timezone found
$CEBK: possibly delisted; no timezone found
$CDK: possibly delisted; no timezone found
$CEII: possibly delisted; no timezone found
$CEB: possibly delisted; no timezone found
$CDMO: possibly delisted; no timezone found
$CELL: possibly delisted; no timezone found
$CELG: possibly delisted; no timezone found
$CDRB: possibly delisted; no timezone found
$CDVT: possibly delisted; no timezone found
$CDTX: possibly delisted; no timezone found
$CECX: possibly delisted; no timezone found

20 Failed downloads:
['CEDC', 'CEI', 'CDR', 'CDOR', 'CECB', 'CDXC', 'CELDYNP', 'CEC', 'CDII', 'CEBK', 'CDK', 'CEII', 'CEB', 'CDMO', 'CELL', 'CELG', 'CDRB', 'CDVT', 'CDTX', 'CECX']: possibly delisted; no timezone found
$CFMS: possibly delisted; no timezone found
$CFD: possibly delisted; no timezone found
$CFMI: possibly delisted; no timezone found
$CFB: possibly delisted; no timezone found
$CFFC: possibly delisted; no timezone found
$CFFS: possibly delisted; no timezone found
$CERN: possibly delisted; no timezone found
$CFFA: possibly delisted; no timezone found
$CFCB: possibly delisted; no timezone found
$CFNL: possibly delisted; no timezone found
$CELP: possibly delisted; no timezone found
$CEQP: possibly delisted; no timezone found
$CETV: possibly delisted; no timezone found
$CERE: possibly delisted; no timezone found
$CEMI: possibly delisted; no timezone found
$CFLT: possibly delisted; no timezone found
$CFN: possibly delisted; no timezone found
$CFRI: possibly delisted; no timezone found
$CEPH: possibly delisted; no timezone found
$CFIV: possibly delisted; no timezone found

20 Failed downloads:
['CFMS', 'CFD', 'CFMI', 'CFB', 'CFFC', 'CFFS', 'CERN', 'CFFA', 'CFCB', 'CFNL', 'CELP', 'CEQP', 'CETV', 'CERE', 'CEMI', 'CFLT', 'CFN', 'CFRI', 'CEPH', 'CFIV']: possibly delisted; no timezone found
$CGEH: possibly delisted; no timezone found
$CHAA: possibly delisted; no timezone found
$CHNG: possibly delisted; no timezone found
$CHFN: possibly delisted; no timezone found
$CGROU: possibly delisted; no timezone found
$CGX: possibly delisted; no timezone found
$CFRX: possibly delisted; no timezone found
$CHBT: possibly delisted; no price data found  (1d 2008-01-01 -> 2026-09-26)
$CHAMPIONX: possibly delisted; no timezone found
$CHM: possibly delisted; no price data found  (1d 2008-01-01 -> 2026-09-26)
$CGWB: possibly delisted; no timezone found
$CGI: possibly delisted; no timezone found
$CHPE: possibly delisted; no timezone found
$CHLN: possibly delisted; no timezone found
$CHPM: possibly delisted; no timezone found
$CHDX: possibly delisted; no timezone found
$CHMT: possibly delisted; no timezone found
$CHMA: possibly delisted; no timezone found
$CFX: possibly delisted; no timezone found
$CHLO: possibly delisted; no timezone found

20 Failed downloads:
['CGEH', 'CHAA', 'CHNG', 'CHFN', 'CGROU', 'CGX', 'CFRX', 'CHAMPIONX', 'CGWB', 'CGI', 'CHPE', 'CHLN', 'CHPM', 'CHDX', 'CHMT', 'CHMA', 'CFX', 'CHLO']: possibly delisted; no timezone found
['CHBT', 'CHM']: possibly delisted; no price data found  (1d 2008-01-01 -> 2026-09-26)
$CHRA: possibly delisted; no timezone found
$CHPR: possibly delisted; no timezone found
$CINR: possibly delisted; no timezone found
$CIO: possibly delisted; no timezone found
$CISN: possibly delisted; no timezone found
$CIIC: possibly delisted; no timezone found
$CHUY: possibly delisted; no timezone found
$CIIG: possibly delisted; no timezone found
$CHUBA: possibly delisted; no timezone found
$CHTH: possibly delisted; no timezone found
$CIE: possibly delisted; no timezone found
$CHYL: possibly delisted; no timezone found
$CHUX: possibly delisted; no timezone found
$CIGW: possibly delisted; no timezone found
$CHSI: possibly delisted; no price data found  (1d 2008-01-01 -> 2026-09-26)
$CHTP: possibly delisted; no timezone found
$CIT: possibly delisted; no timezone found
$CHSP: possibly delisted; no timezone found
$CHS: possibly delisted; no timezone found
$CINAV: possibly delisted; no timezone found

20 Failed downloads:
['CHRA', 'CHPR', 'CINR', 'CIO', 'CISN', 'CIIC', 'CHUY', 'CIIG', 'CHUBA', 'CHTH', 'CIE', 'CHYL', 'CHUX', 'CIGW', 'CHTP', 'CIT', 'CHSP', 'CHS', 'CINAV']: possibly delisted; no timezone found
['CHSI']: possibly delisted; no price data found  (1d 2008-01-01 -> 2026-09-26)
$CKP: possibly delisted; no timezone found
$CLBS: possibly delisted; no timezone found
$CLCD: possibly delisted; no timezone found
$CKPT: possibly delisted; no timezone found
$CKH: possibly delisted; no timezone found
$CKEC: possibly delisted; no timezone found
$CITE: possibly delisted; no timezone found
$CLGX: possibly delisted; no timezone found
$CLAA: possibly delisted; no timezone found
$CLCT: possibly delisted; no timezone found
$CLACU: possibly delisted; no timezone found
$CLDB: possibly delisted; no timezone found
$CJES: possibly delisted; no timezone found
$CLD: possibly delisted; no timezone found
$CLDR: possibly delisted; no timezone found
$CLC: possibly delisted; no timezone found
$CLAS: possibly delisted; no timezone found
$CLBH: possibly delisted; no timezone found
$CIVI: possibly delisted; no timezone found
$CLMS: possibly delisted; no timezone found

20 Failed downloads:
['CKP', 'CLBS', 'CLCD', 'CKPT', 'CKH', 'CKEC', 'CITE', 'CLGX', 'CLAA', 'CLCT', 'CLACU', 'CLDB', 'CJES', 'CLD', 'CLDR', 'CLC', 'CLAS', 'CLBH', 'CIVI', 'CLMS']: possibly delisted; no timezone found
$CLR: possibly delisted; no timezone found
$CMA: possibly delisted; no timezone found
$CMKG: possibly delisted; no timezone found
$CMD: possibly delisted; no timezone found
$CMLS: possibly delisted; no timezone found
$CMFT: possibly delisted; no timezone found
$CLWR: possibly delisted; no timezone found
$CLOUD: possibly delisted; no timezone found
$CLSP: possibly delisted; no timezone found
$CMFB: possibly delisted; no timezone found
$CLP: possibly delisted; no timezone found
$CLNY: possibly delisted; no timezone found
$CLRM: possibly delisted; no timezone found
$CMLP: possibly delisted; no timezone found
$CLOE: possibly delisted; no timezone found
$CLSD: possibly delisted; no timezone found
$CLVS: possibly delisted; no timezone found
$CMO: possibly delisted; no timezone found
$CMCA: possibly delisted; no timezone found
$CMAX: possibly delisted; no timezone found

20 Failed downloads:
['CLR', 'CMA', 'CMKG', 'CMD', 'CMLS', 'CMFT', 'CLWR', 'CLOUD', 'CLSP', 'CMFB', 'CLP', 'CLNY', 'CLRM', 'CMLP', 'CLOE', 'CLSD', 'CLVS', 'CMO', 'CMCA', 'CMAX']: possibly delisted; no timezone found
$CNTA: possibly delisted; no timezone found
$CMRX: possibly delisted; no timezone found
$CNW: possibly delisted; no timezone found
$CMSS: possibly delisted; no timezone found
$CMPO: possibly delisted; no timezone found
$CMRO: possibly delisted; no timezone found
$CNCE: possibly delisted; no timezone found
$CNXM: possibly delisted; no timezone found
$CNVR: possibly delisted; no timezone found
$CMPI: possibly delisted; no timezone found
$CMVT: possibly delisted; no timezone found
$CNSL: possibly delisted; no timezone found
$CNQR: possibly delisted; no timezone found
$CNIG: possibly delisted; no timezone found
$CNBKA: possibly delisted; no timezone found
$CNHI: possibly delisted; no timezone found
$CNVO: possibly delisted; no price data found  (1d 2008-01-01 -> 2026-09-26)
$CND: possibly delisted; no timezone found
$CNST: possibly delisted; no timezone found
$CNGW: possibly delisted; no timezone found

20 Failed downloads:
['CNTA', 'CMRX', 'CNW', 'CMSS', 'CMPO', 'CMRO', 'CNCE', 'CNXM', 'CNVR', 'CMPI', 'CMVT', 'CNSL', 'CNQR', 'CNIG', 'CNBKA', 'CNHI', 'CND', 'CNST', 'CNGW']: possibly delisted; no timezone found
['CNVO']: possibly delisted; no price data found  (1d 2008-01-01 -> 2026-09-26)
$CORR: possibly delisted; no timezone found
$COOP: possibly delisted; no timezone found
$COBR: possibly delisted; no timezone found
$COMV: possibly delisted; no timezone found
$COB: possibly delisted; no timezone found
$COBZ: possibly delisted; no timezone found
$CNXR: possibly delisted; no timezone found
$CODE: possibly delisted; no timezone found
$CONXU: possibly delisted; no timezone found
$CONN: possibly delisted; no timezone found
$COFI: possibly delisted; no timezone found
$CORE: possibly delisted; no timezone found
$CORNER: possibly delisted; no timezone found
$CONE: possibly delisted; no timezone found
$COBK: possibly delisted; no timezone found
$CORS: possibly delisted; no timezone found
$COLI: possibly delisted; no timezone found
$COEP: possibly delisted; no timezone found
$COG: possibly delisted; no timezone found
$COL: possibly delisted; no timezone found

20 Failed downloads:
['CORR', 'COOP', 'COBR', 'COMV', 'COB', 'COBZ', 'CNXR', 'CODE', 'CONXU', 'CONN', 'COFI', 'CORE', 'CORNER', 'CONE', 'COBK', 'CORS', 'COLI', 'COEP', 'COG', 'COL']: possibly delisted; no timezone found
$CPTKW: possibly delisted; no timezone found
$COWN: possibly delisted; no timezone found
$CPN: possibly delisted; no timezone found
$CPRX: possibly delisted; no timezone found
$CPNO: possibly delisted; no timezone found
$CPLG: possibly delisted; no timezone found
$CPPL: possibly delisted; no timezone found
$COV: possibly delisted; no timezone found
$CPTS: possibly delisted; no timezone found
$CPAA: possibly delisted; no timezone found
$CPE: possibly delisted; no timezone found
$COTV: possibly delisted; no timezone found
$CPLA: possibly delisted; no timezone found
$COSI: possibly delisted; no timezone found
$COVR: possibly delisted; no timezone found
$CPAAU: possibly delisted; no timezone found
$COUP: possibly delisted; no timezone found
$CPHD: possibly delisted; no timezone found
$CPSI: possibly delisted; no timezone found
$COYR: possibly delisted; no timezone found

20 Failed downloads:
['CPTKW', 'COWN', 'CPN', 'CPRX', 'CPNO', 'CPLG', 'CPPL', 'COV', 'CPTS', 'CPAA', 'CPE', 'COTV', 'CPLA', 'COSI', 'COVR', 'CPAAU', 'COUP', 'CPHD', 'CPSI', 'COYR']: possibly delisted; no timezone found
$CRMB: possibly delisted; no timezone found
$CQH: possibly delisted; no timezone found
$CRDA: possibly delisted; no timezone found
$CPY: possibly delisted; no timezone found
$CRDN: possibly delisted; no timezone found
$CRCM: possibly delisted; no timezone found
$CRHM: possibly delisted; no timezone found
$CPX: possibly delisted; no timezone found
$CRRC: possibly delisted; no timezone found
$CRLRF: possibly delisted; no timezone found
$CPWM: possibly delisted; no timezone found
$CRHC: possibly delisted; no timezone found
$CRAY: possibly delisted; no timezone found
$CRR: possibly delisted; no timezone found
$CRGS: possibly delisted; no timezone found
$CRBC: possibly delisted; no timezone found
$CQB: possibly delisted; no timezone found
$CRFN: possibly delisted; no timezone found
$CPUH: possibly delisted; no timezone found
$CRGE: possibly delisted; no timezone found

20 Failed downloads:
['CRMB', 'CQH', 'CRDA', 'CPY', 'CRDN', 'CRCM', 'CRHM', 'CPX', 'CRRC', 'CRLRF', 'CPWM', 'CRHC', 'CRAY', 'CRR', 'CRGS', 'CRBC', 'CQB', 'CRFN', 'CPUH', 'CRGE']: possibly delisted; no timezone found
$CSBK: possibly delisted; no timezone found
$CRTX: possibly delisted; no timezone found
$CSE: possibly delisted; no timezone found
$CSAX: possibly delisted; no timezone found
$CRYO: possibly delisted; no timezone found
$CSC: possibly delisted; no timezone found
$CSGS: possibly delisted; no timezone found
$CRRS: possibly delisted; no timezone found
$CRWN: possibly delisted; no timezone found
$CSLT: possibly delisted; no timezone found
$CSII: possibly delisted; no timezone found
$CSLM: possibly delisted; no timezone found
$CRXT: possibly delisted; no timezone found
$CSH: possibly delisted; no timezone found
$CRZNU: possibly delisted; no timezone found
$CSFL: possibly delisted; no timezone found
$CSOD: possibly delisted; no timezone found
$CSA: possibly delisted; no timezone found
$CRZO: possibly delisted; no timezone found
$CSCD: possibly delisted; no timezone found

20 Failed downloads:
['CSBK', 'CRTX', 'CSE', 'CSAX', 'CRYO', 'CSC', 'CSGS', 'CRRS', 'CRWN', 'CSLT', 'CSII', 'CSLM', 'CRXT', 'CSH', 'CRZNU', 'CSFL', 'CSOD', 'CSA', 'CRZO', 'CSCD']: possibly delisted; no timezone found
$CTCM: possibly delisted; no timezone found
$CSS: possibly delisted; no timezone found
$CST: possibly delisted; no timezone found
$CTAQ: possibly delisted; no timezone found
$CTAC: possibly delisted; no timezone found
$CTFO: possibly delisted; no price data found  (1d 2008-01-01 -> 2026-09-26)
$CSTR: possibly delisted; no timezone found
$CTB: possibly delisted; no timezone found
$CSWI: possibly delisted; no timezone found
$CTIC: possibly delisted; no timezone found
$CTIG: possibly delisted; no timezone found
$CSPR: possibly delisted; no timezone found
$CSSE: possibly delisted; no timezone found
$CTEK: possibly delisted; no timezone found
$CTHR: possibly delisted; no timezone found
$CTCT: possibly delisted; no timezone found
$CTLE: possibly delisted; no timezone found
$CSTU: possibly delisted; no timezone found
$CTG: possibly delisted; no timezone found
$CTF: possibly delisted; no timezone found

20 Failed downloads:
['CTCM', 'CSS', 'CST', 'CTAQ', 'CTAC', 'CSTR', 'CTB', 'CSWI', 'CTIC', 'CTIG', 'CSPR', 'CSSE', 'CTEK', 'CTHR', 'CTCT', 'CTLE', 'CSTU', 'CTG', 'CTF']: possibly delisted; no timezone found
['CTFO']: possibly delisted; no price data found  (1d 2008-01-01 -> 2026-09-26)
$CURO: possibly delisted; no timezone found
$CUTR: possibly delisted; no timezone found
$CTT: possibly delisted; no timezone found
$CTRX: possibly delisted; no timezone found
$CVD: possibly delisted; no timezone found
$CVA: possibly delisted; no timezone found
$CTLP: possibly delisted; no timezone found
$CTP: possibly delisted; no timezone found
$CUDA: possibly delisted; no timezone found
$CUNB: possibly delisted; no timezone found
$CTWS: possibly delisted; no timezone found
$CTLT: possibly delisted; no timezone found
$CTV: possibly delisted; no timezone found
$CTXS: possibly delisted; no timezone found
$CVCY: possibly delisted; no timezone found
$CTRC: possibly delisted; no timezone found
$CVBK: possibly delisted; no timezone found
$CTRL: possibly delisted; no timezone found
$CUAU: possibly delisted; no timezone found
$CVC: possibly delisted; no timezone found

20 Failed downloads:
['CURO', 'CUTR', 'CTT', 'CTRX', 'CVD', 'CVA', 'CTLP', 'CTP', 'CUDA', 'CUNB', 'CTWS', 'CTLT', 'CTV', 'CTXS', 'CVCY', 'CTRC', 'CVBK', 'CTRL', 'CUAU', 'CVC']: possibly delisted; no timezone found
$CVVT: possibly delisted; no timezone found
$CVIA: possibly delisted; no timezone found
$CXAC: possibly delisted; no timezone found
$CVG: possibly delisted; no timezone found
$CVII: possibly delisted; no timezone found
$CWTR: possibly delisted; no timezone found
$CVH: possibly delisted; no timezone found
$CVTV: possibly delisted; no timezone found
$CWBR: possibly delisted; no timezone found
$CWEI: possibly delisted; no timezone found
$CVRR: possibly delisted; no timezone found
$CVET: possibly delisted; no timezone found
$CWAY: possibly delisted; no timezone found
$CVT: possibly delisted; no timezone found
$CVO: possibly delisted; no timezone found
$CVTI: possibly delisted; no timezone found
$CVRS: possibly delisted; no timezone found
$CVGW: possibly delisted; no timezone found
$CWAN: possibly delisted; no price data found  (1d 2008-01-01 -> 2026-09-26)
$CVLY: possibly delisted; no timezone found

20 Failed downloads:
['CVVT', 'CVIA', 'CXAC', 'CVG', 'CVII', 'CWTR', 'CVH', 'CVTV', 'CWBR', 'CWEI', 'CVRR', 'CVET', 'CWAY', 'CVT', 'CVO', 'CVTI', 'CVRS', 'CVGW', 'CVLY']: possibly delisted; no timezone found
['CWAN']: possibly delisted; no price data found  (1d 2008-01-01 -> 2026-09-26)
$CZFC: possibly delisted; no timezone found
$CXPO: possibly delisted; no timezone found
$CYS: possibly delisted; no timezone found
$CXG: possibly delisted; no timezone found
$CXEE: possibly delisted; no timezone found
$CXO: possibly delisted; no timezone found
$CYRN: possibly delisted; no timezone found
$CYXT: possibly delisted; no timezone found
$CYLU: possibly delisted; no timezone found
$CYBE: possibly delisted; no timezone found
$CXP: possibly delisted; no timezone found
$CYIG: possibly delisted; no timezone found
$CYBX: possibly delisted; no timezone found
$CXS: possibly delisted; no timezone found
$CY: possibly delisted; no timezone found
$CYMI: possibly delisted; no timezone found
$CYNI: possibly delisted; no timezone found
$CYNO: possibly delisted; no timezone found
$CYT: possibly delisted; no timezone found
$CXDC: possibly delisted; no timezone found

20 Failed downloads:
['CZFC', 'CXPO', 'CYS', 'CXG', 'CXEE', 'CXO', 'CYRN', 'CYXT', 'CYLU', 'CYBE', 'CXP', 'CYIG', 'CYBX', 'CXS', 'CY', 'CYMI', 'CYNI', 'CYNO', 'CYT', 'CXDC']: possibly delisted; no timezone found
$DENN: possibly delisted; no timezone found
$DAVEY: possibly delisted; no timezone found
$DDE: possibly delisted; no timezone found
$DDCC: possibly delisted; no timezone found
$DBS: possibly delisted; no timezone found
$DAWN: possibly delisted; no timezone found
$DEN: possibly delisted; no timezone found
$DCT: possibly delisted; no timezone found
$DALN: possibly delisted; no timezone found
$DCPH: possibly delisted; no timezone found
$DEL: possibly delisted; no timezone found
$DDIC: possibly delisted; no timezone found
$DAY: possibly delisted; no timezone found
$DAKP: possibly delisted; no timezone found
$DDXS: possibly delisted; no timezone found
$DCBF: possibly delisted; no timezone found
$DBV: possibly delisted; no timezone found
$DALS: possibly delisted; no timezone found
$DEAC: possibly delisted; no timezone found
$DATA: possibly delisted; no timezone found

20 Failed downloads:
['DENN', 'DAVEY', 'DDE', 'DDCC', 'DBS', 'DAWN', 'DEN', 'DCT', 'DALN', 'DCPH', 'DEL', 'DDIC', 'DAY', 'DAKP', 'DDXS', 'DCBF', 'DBV', 'DALS', 'DEAC', 'DATA']: possibly delisted; no timezone found
$DFS: possibly delisted; no timezone found
$DIGIRAD: possibly delisted; no timezone found
$DFZ: possibly delisted; no timezone found
$DHIL: possibly delisted; no timezone found
$DGAS: possibly delisted; no timezone found
$DFG: possibly delisted; no timezone found
$DGIT: possibly delisted; no timezone found
$DHBCU: possibly delisted; no timezone found
$DEXO: possibly delisted; no timezone found
$DIFU: possibly delisted; no timezone found
$DGNU: possibly delisted; no timezone found
$DF: possibly delisted; no timezone found
$DFRG: possibly delisted; no timezone found
$DEST: possibly delisted; no timezone found
$DHCP: possibly delisted; no timezone found
$DIARC: possibly delisted; no timezone found
$DFT: possibly delisted; no timezone found
$DENPARP: possibly delisted; no timezone found
$DGL: possibly delisted; no timezone found
$DGI: possibly delisted; no timezone found

20 Failed downloads:
['DFS', 'DIGIRAD', 'DFZ', 'DHIL', 'DGAS', 'DFG', 'DGIT', 'DHBCU', 'DEXO', 'DIFU', 'DGNU', 'DF', 'DFRG', 'DEST', 'DHCP', 'DIARC', 'DFT', 'DENPARP', 'DGL', 'DGI']: possibly delisted; no timezone found
$DISH: possibly delisted; no timezone found
$DMYS: possibly delisted; no timezone found
$DIL: possibly delisted; no timezone found
$DLGC: possibly delisted; no timezone found
$DMND: possibly delisted; no timezone found
$DNAB: possibly delisted; no timezone found
$DLIA: possibly delisted; no timezone found
$DMYD: possibly delisted; no timezone found
$DM: possibly delisted; no timezone found
$DISA: possibly delisted; no timezone found
$DNB: possibly delisted; no timezone found
$DMS: possibly delisted; no timezone found
$DNAD: possibly delisted; no timezone found
$DLPH: possibly delisted; no timezone found
$DMTX: possibly delisted; no timezone found
$DNBF: possibly delisted; no timezone found
$DMKB: possibly delisted; no timezone found
$DMTK: possibly delisted; no timezone found
$DLM: possibly delisted; no timezone found
$DLA: possibly delisted; no timezone found

20 Failed downloads:
['DISH', 'DMYS', 'DIL', 'DLGC', 'DMND', 'DNAB', 'DLIA', 'DMYD', 'DM', 'DISA', 'DNB', 'DMS', 'DNAD', 'DLPH', 'DMTX', 'DNBF', 'DMKB', 'DMTK', 'DLM', 'DLA']: possibly delisted; no timezone found
$DRFS: possibly delisted; no timezone found
$DRL: possibly delisted; no timezone found
$DO: possibly delisted; no timezone found
$DRJ: possibly delisted; no timezone found
$DOOR: possibly delisted; no timezone found
$DPM: possibly delisted; no timezone found
$DRC: possibly delisted; no timezone found
$DOVA: possibly delisted; no timezone found
$DOTAU: possibly delisted; no timezone found
$DRCO: possibly delisted; no timezone found
$DNDN: possibly delisted; no timezone found
$DPLO: possibly delisted; no timezone found
$DNRG: possibly delisted; no timezone found
$DPL: possibly delisted; no timezone found
$DNZ: possibly delisted; no timezone found
$DNKN: possibly delisted; no timezone found
$DOMA: possibly delisted; no timezone found
$DRE: possibly delisted; no timezone found
$DNMR: possibly delisted; no timezone found
$DPCS: possibly delisted; no timezone found

20 Failed downloads:
['DRFS', 'DRL', 'DO', 'DRJ', 'DOOR', 'DPM', 'DRC', 'DOVA', 'DOTAU', 'DRCO', 'DNDN', 'DPLO', 'DNRG', 'DPL', 'DNZ', 'DNKN', 'DOMA', 'DRE', 'DNMR', 'DPCS']: possibly delisted; no timezone found
$DST: possibly delisted; no timezone found
$DSKE: possibly delisted; no timezone found
$DUF: possibly delisted; no timezone found
$DSCI: possibly delisted; no timezone found
$DSSI: possibly delisted; no timezone found
$DRVD: possibly delisted; no timezone found
$DRRX: possibly delisted; no timezone found
$DSPG: possibly delisted; no timezone found
$DRTX: possibly delisted; no timezone found
$DTC: possibly delisted; no timezone found
$DTLK: possibly delisted; no timezone found
$DRNA: possibly delisted; no timezone found
$DSEY: possibly delisted; no timezone found
$DS: possibly delisted; no timezone found
$DTHR: possibly delisted; no timezone found
$DTEA: possibly delisted; no timezone found
$DSW: possibly delisted; no timezone found
$DTSI: possibly delisted; no timezone found
$DTV: possibly delisted; no timezone found
$DSAQ: possibly delisted; no timezone found

20 Failed downloads:
['DST', 'DSKE', 'DUF', 'DSCI', 'DSSI', 'DRVD', 'DRRX', 'DSPG', 'DRTX', 'DTC', 'DTLK', 'DRNA', 'DSEY', 'DS', 'DTHR', 'DTEA', 'DSW', 'DTSI', 'DTV', 'DSAQ']: possibly delisted; no timezone found
$DWSF: possibly delisted; no timezone found
$DYAX: possibly delisted; no timezone found
$DWSX: possibly delisted; no timezone found
$EB: possibly delisted; no timezone found
$EAR: possibly delisted; no timezone found
$DWST: possibly delisted; no timezone found
$DWSB: possibly delisted; no timezone found
$EACQU: possibly delisted; no timezone found
$DVOX: possibly delisted; no timezone found
$EBIX: possibly delisted; no timezone found
$DVCR: possibly delisted; no timezone found
$DWCH: possibly delisted; no timezone found
$DZSI: possibly delisted; no timezone found
$DYER: possibly delisted; no timezone found
$DWRE: possibly delisted; no timezone found
$DWSS: possibly delisted; no timezone found
$EAC: possibly delisted; no timezone found
$DVAX: possibly delisted; no timezone found
$DWA: possibly delisted; no timezone found
$DVR: possibly delisted; no timezone found

20 Failed downloads:
['DWSF', 'DYAX', 'DWSX', 'EB', 'EAR', 'DWST', 'DWSB', 'EACQU', 'DVOX', 'EBIX', 'DVCR', 'DWCH', 'DZSI', 'DYER', 'DWRE', 'DWSS', 'EAC', 'DVAX', 'DWA', 'DVR']: possibly delisted; no timezone found
$ECTY: possibly delisted; no timezone found
$EDE: possibly delisted; no timezone found
$EDGR: possibly delisted; no timezone found
$EBSB: possibly delisted; no timezone found
$ECTE: possibly delisted; no timezone found
$EDGW: possibly delisted; no timezone found
$EBTC: possibly delisted; no timezone found
$EDMC: possibly delisted; no timezone found
$EDG: possibly delisted; no timezone found
$EDR: possibly delisted; no timezone found
$EEI: possibly delisted; no timezone found
$ECOS: possibly delisted; no timezone found
$ECOM: possibly delisted; no timezone found
$EBTX: possibly delisted; no price data found  (1d 2008-01-01 -> 2026-09-26)
$ECOL: possibly delisted; no timezone found
$EDAC: possibly delisted; no timezone found
$ECYT: possibly delisted; no timezone found
$ECA: possibly delisted; no timezone found
$EDAP: possibly delisted; no timezone found
$EDTX: possibly delisted; no timezone found

20 Failed downloads:
['ECTY', 'EDE', 'EDGR', 'EBSB', 'ECTE', 'EDGW', 'EBTC', 'EDMC', 'EDG', 'EDR', 'EEI', 'ECOS', 'ECOM', 'ECOL', 'EDAC', 'ECYT', 'ECA', 'EDAP', 'EDTX']: possibly delisted; no timezone found
['EBTX']: possibly delisted; no price data found  (1d 2008-01-01 -> 2026-09-26)
$EEP: possibly delisted; no timezone found
$EF: possibly delisted; no price data found  (1d 2008-01-01 -> 2026-09-26)
$EGT: possibly delisted; no timezone found
$EIGR: possibly delisted; no timezone found
$EFJA: possibly delisted; no timezone found
$ELGX: possibly delisted; no timezone found
$EGN: possibly delisted; no timezone found
$EFII: possibly delisted; no timezone found
$ELEV: possibly delisted; no timezone found
$EHAB: possibly delisted; no timezone found
$EGL: possibly delisted; no timezone found
$EGOV: possibly delisted; no timezone found
$EEQ: possibly delisted; no timezone found
$EEPL: possibly delisted; no timezone found
$ELECU: possibly delisted; no timezone found
$EIGI: possibly delisted; no timezone found
$EIHI: possibly delisted; no timezone found
$EGAS: possibly delisted; no timezone found
$EEX: possibly delisted; no timezone found
$EIDX: possibly delisted; no timezone found

20 Failed downloads:
['EEP', 'EGT', 'EIGR', 'EFJA', 'ELGX', 'EGN', 'EFII', 'ELEV', 'EHAB', 'EGL', 'EGOV', 'EEQ', 'EEPL', 'ELECU', 'EIGI', 'EIHI', 'EGAS', 'EEX', 'EIDX']: possibly delisted; no timezone found
['EF']: possibly delisted; no price data found  (1d 2008-01-01 -> 2026-09-26)
$ELRC: possibly delisted; no timezone found
$ENBL: possibly delisted; no timezone found
$EMCI: possibly delisted; no timezone found
$ELX: possibly delisted; no timezone found
$EMESZ: possibly delisted; no timezone found
$ENDP: possibly delisted; no timezone found
$EMG: possibly delisted; no timezone found
$EMRN: possibly delisted; no timezone found
$ENFC: possibly delisted; no timezone found
$ELNK: possibly delisted; no timezone found
$ELVT: possibly delisted; no timezone found
$ELLI: possibly delisted; no timezone found
$ENFN: possibly delisted; no timezone found
$EMAN: possibly delisted; no timezone found
$ENER: possibly delisted; no timezone found
$EMBK: possibly delisted; no timezone found
$EMKR: possibly delisted; no timezone found
$END: possibly delisted; no timezone found
$ELON: possibly delisted; no timezone found
$EMCF: possibly delisted; no timezone found

20 Failed downloads:
['ELRC', 'ENBL', 'EMCI', 'ELX', 'EMESZ', 'ENDP', 'EMG', 'EMRN', 'ENFC', 'ELNK', 'ELVT', 'ELLI', 'ENFN', 'EMAN', 'ENER', 'EMBK', 'EMKR', 'END', 'ELON', 'EMCF']: possibly delisted; no timezone found
$EPAY: possibly delisted; no timezone found
$EPAX: possibly delisted; no timezone found
$ENZ: possibly delisted; no timezone found
$ENTF: possibly delisted; no timezone found
$ENH: possibly delisted; no timezone found
$ENTR: possibly delisted; no timezone found
$ENV: possibly delisted; no timezone found
$ENPC: possibly delisted; no timezone found
$ENLC: possibly delisted; no timezone found
$EOCW: possibly delisted; no timezone found
$ENOC: possibly delisted; no timezone found
$EOPT: possibly delisted; no timezone found
$ENJY: possibly delisted; no timezone found
$ENVI: possibly delisted; no timezone found
$EOX: possibly delisted; no timezone found
$EOPN: possibly delisted; no timezone found
$ENT: possibly delisted; no timezone found
$ENVS: possibly delisted; no timezone found
$ENG: possibly delisted; no timezone found
$EPB: possibly delisted; no timezone found

20 Failed downloads:
['EPAY', 'EPAX', 'ENZ', 'ENTF', 'ENH', 'ENTR', 'ENV', 'ENPC', 'ENLC', 'EOCW', 'ENOC', 'EOPT', 'ENJY', 'ENVI', 'EOX', 'EOPN', 'ENT', 'ENVS', 'ENG', 'EPB']: possibly delisted; no timezone found
$EPHY: possibly delisted; no timezone found
$ESBF: possibly delisted; no timezone found
$ERES: possibly delisted; no timezone found
$ESC: possibly delisted; no timezone found
$EPIX: possibly delisted; no timezone found
$ERN: possibly delisted; no timezone found
$EQY: possibly delisted; no timezone found
$EQD: possibly delisted; no timezone found
$EQC: possibly delisted; no timezone found
$EQRX: possibly delisted; no timezone found
$EPIQ: possibly delisted; no timezone found
$EPE: possibly delisted; no timezone found
$EPHC: possibly delisted; no timezone found
$EQU: possibly delisted; no timezone found
$EPRS: possibly delisted; no timezone found
$EPZM: possibly delisted; no timezone found
$EQGP: possibly delisted; no timezone found
$EPOC: possibly delisted; no timezone found
$EPL: possibly delisted; no timezone found
$EPWR: possibly delisted; no timezone found

20 Failed downloads:
['EPHY', 'ESBF', 'ERES', 'ESC', 'EPIX', 'ERN', 'EQY', 'EQD', 'EQC', 'EQRX', 'EPIQ', 'EPE', 'EPHC', 'EQU', 'EPRS', 'EPZM', 'EQGP', 'EPOC', 'EPL', 'EPWR']: possibly delisted; no timezone found
$ESPR: possibly delisted; no timezone found
$ESRX: possibly delisted; no timezone found
$ETE: possibly delisted; no timezone found
$ESSA: possibly delisted; no timezone found
$ESSX: possibly delisted; no timezone found
$ETFC: possibly delisted; no timezone found
$ETHZ: possibly delisted; no timezone found
$ESMT: possibly delisted; no timezone found
$ESL: possibly delisted; no timezone found
$ETRN: possibly delisted; no timezone found
$ESIO: possibly delisted; no timezone found
$ESGR: possibly delisted; no timezone found
$ESND: possibly delisted; no timezone found
$ETNB: possibly delisted; no timezone found
$ESPH: possibly delisted; no timezone found
$ETTX: possibly delisted; no timezone found
$ETAC: possibly delisted; no timezone found
$ETI: possibly delisted; no timezone found
$ESTE: possibly delisted; no timezone found
$ESCR: possibly delisted; no timezone found

20 Failed downloads:
['ESPR', 'ESRX', 'ETE', 'ESSA', 'ESSX', 'ETFC', 'ETHZ', 'ESMT', 'ESL', 'ETRN', 'ESIO', 'ESGR', 'ESND', 'ETNB', 'ESPH', 'ETTX', 'ETAC', 'ETI', 'ESTE', 'ESCR']: possibly delisted; no timezone found
$EVA: possibly delisted; no timezone found
$EVTV: possibly delisted; no timezone found
$EVHC: possibly delisted; no timezone found
$EVOP: possibly delisted; no timezone found
$EXAR: possibly delisted; no timezone found
$EV: possibly delisted; no timezone found
$EVBS: possibly delisted; no timezone found
$EVRY: possibly delisted; no timezone found
$EVBG: possibly delisted; no timezone found
$EVOK: possibly delisted; no timezone found
$EXAM: possibly delisted; no timezone found
$EWCZ: possibly delisted; no timezone found
$EVBN: possibly delisted; no timezone found
$EVE: possibly delisted; no timezone found
$EWSI: possibly delisted; no timezone found
$EVRI: possibly delisted; no timezone found
$EVDY: possibly delisted; no timezone found
$ETWO: possibly delisted; no timezone found
$EXA: possibly delisted; no timezone found
$EXAC: possibly delisted; no timezone found

20 Failed downloads:
['EVA', 'EVTV', 'EVHC', 'EVOP', 'EXAR', 'EV', 'EVBS', 'EVRY', 'EVBG', 'EVOK', 'EXAM', 'EWCZ', 'EVBN', 'EVE', 'EWSI', 'EVRI', 'EVDY', 'ETWO', 'EXA', 'EXAC']: possibly delisted; no timezone found
$EXAS: possibly delisted; no timezone found
$FACE: possibly delisted; no price data found  (1d 2008-01-01 -> 2026-09-26)
$FARO: possibly delisted; no timezone found
$EXNT: possibly delisted; no timezone found
$EXL: possibly delisted; no timezone found
$FABK: possibly delisted; no timezone found
$FBER: possibly delisted; no timezone found
$FASC: possibly delisted; no timezone found
$FAZE: possibly delisted; no timezone found
$EXCOP: possibly delisted; no timezone found
$EXDX: possibly delisted; no timezone found
$FBC: possibly delisted; no timezone found
$EXXI: possibly delisted; no timezone found
$FBMI: possibly delisted; no timezone found
$EXTN: possibly delisted; no timezone found
$FARM: possibly delisted; no timezone found
$EXPR: possibly delisted; no timezone found
$FACA: possibly delisted; no timezone found
$FBM: possibly delisted; no timezone found
$EXPI: possibly delisted; no timezone found

20 Failed downloads:
['EXAS', 'FARO', 'EXNT', 'EXL', 'FABK', 'FBER', 'FASC', 'FAZE', 'EXCOP', 'EXDX', 'FBC', 'EXXI', 'FBMI', 'EXTN', 'FARM', 'EXPR', 'FACA', 'FBM', 'EXPI']: possibly delisted; no timezone found
['FACE']: possibly delisted; no price data found  (1d 2008-01-01 -> 2026-09-26)
$FCLF: possibly delisted; no timezone found
$FCMP: possibly delisted; no timezone found
$FCCY: possibly delisted; no timezone found
$FBN: possibly delisted; no timezone found
$FCH: possibly delisted; no timezone found
$FCBP: possibly delisted; no timezone found
$FBRC: possibly delisted; no timezone found
$FCTY: possibly delisted; no timezone found
$FCRE: possibly delisted; no timezone found
$FBNK: possibly delisted; no timezone found
$FBSS: possibly delisted; no timezone found
$FBMS: possibly delisted; no timezone found
$FDC: possibly delisted; no timezone found
$FCB: possibly delisted; no timezone found
$FDML: possibly delisted; no timezone found
$FCS: possibly delisted; no timezone found
$FCE: possibly delisted; no price data found  (1d 2008-01-01 -> 2026-09-26)
$FCFC: possibly delisted; no timezone found
$FCSC: possibly delisted; no timezone found
$FCAX: possibly delisted; no timezone found

20 Failed downloads:
['FCLF', 'FCMP', 'FCCY', 'FBN', 'FCH', 'FCBP', 'FBRC', 'FCTY', 'FCRE', 'FBNK', 'FBSS', 'FBMS', 'FDC', 'FCB', 'FDML', 'FCS', 'FCFC', 'FCSC', 'FCAX']: possibly delisted; no timezone found
['FCE']: possibly delisted; no price data found  (1d 2008-01-01 -> 2026-09-26)
$FENCF: possibly delisted; no timezone found
$FENX: possibly delisted; no timezone found
$FETM: possibly delisted; no timezone found
$FEIC: possibly delisted; no timezone found
$FFEX: possibly delisted; no timezone found
$FFKT: possibly delisted; no timezone found
$FDNH: possibly delisted; no timezone found
$FELP: possibly delisted; no timezone found
$FDP: possibly delisted; no timezone found
$FFFLP: possibly delisted; no timezone found
$FEEC: possibly delisted; no timezone found
$FFCH: possibly delisted; no timezone found
$FDO: possibly delisted; no timezone found
$FFN: possibly delisted; no timezone found
$FFIE: possibly delisted; no timezone found
$FFCO: possibly delisted; no timezone found
$FFIC: possibly delisted; no timezone found
$FFFD: possibly delisted; no timezone found
$FFNW: possibly delisted; no timezone found
$FES: possibly delisted; no timezone found

20 Failed downloads:
['FENCF', 'FENX', 'FETM', 'FEIC', 'FFEX', 'FFKT', 'FDNH', 'FELP', 'FDP', 'FFFLP', 'FEEC', 'FFCH', 'FDO', 'FFN', 'FFIE', 'FFCO', 'FFIC', 'FFFD', 'FFNW', 'FES']: possibly delisted; no timezone found
$FIME: possibly delisted; no timezone found
$FINL: possibly delisted; no timezone found
$FHLBD: possibly delisted; no timezone found
$FI: possibly delisted; no timezone found
$FHLTU: possibly delisted; no timezone found
$FIRE: possibly delisted; no timezone found
$FFWM: possibly delisted; no timezone found
$FFSL: possibly delisted; no timezone found
$FGH: possibly delisted; no timezone found
$FIII: possibly delisted; no timezone found
$FICVU: possibly delisted; no timezone found
$FHLBNY: possibly delisted; no timezone found
$FIT: possibly delisted; no timezone found
$FHLBI: possibly delisted; no timezone found
$FGP: possibly delisted; no timezone found
$FIO: possibly delisted; no timezone found
$FHLBSF: possibly delisted; no timezone found
$FINM: possibly delisted; no timezone found
$FIL: possibly delisted; no price data found  (1d 2008-01-01 -> 2026-09-26)
$FHLBPGH: possibly delisted; no timezone found

20 Failed downloads:
['FIME', 'FINL', 'FHLBD', 'FI', 'FHLTU', 'FIRE', 'FFWM', 'FFSL', 'FGH', 'FIII', 'FICVU', 'FHLBNY', 'FIT', 'FHLBI', 'FGP', 'FIO', 'FHLBSF', 'FINM', 'FHLBPGH']: possibly delisted; no timezone found
['FIL']: possibly delisted; no price data found  (1d 2008-01-01 -> 2026-09-26)
$FLAC: possibly delisted; no timezone found
$FMER: possibly delisted; no timezone found
$FNA: possibly delisted; no timezone found
$FLLZ: possibly delisted; no timezone found
$FMCIU: possibly delisted; no timezone found
$FLMN: possibly delisted; no timezone found
$FMTX: possibly delisted; no timezone found
$FMSA: possibly delisted; no timezone found
$FLPC: possibly delisted; no timezone found
$FLTX: possibly delisted; no timezone found
$FMIV: possibly delisted; no timezone found
$FLIC: possibly delisted; no timezone found
$FNCB: possibly delisted; no timezone found
$FL: possibly delisted; no timezone found
$FLT: possibly delisted; no timezone found
$FLIR: possibly delisted; no timezone found
$FIZN: possibly delisted; no timezone found
$FMI: possibly delisted; no timezone found
$FMBI: possibly delisted; no timezone found
$FNBG: possibly delisted; no timezone found

20 Failed downloads:
['FLAC', 'FMER', 'FNA', 'FLLZ', 'FMCIU', 'FLMN', 'FMTX', 'FMSA', 'FLPC', 'FLTX', 'FMIV', 'FLIC', 'FNCB', 'FL', 'FLT', 'FLIR', 'FIZN', 'FMI', 'FMBI', 'FNBG']: possibly delisted; no timezone found
$FNSR: possibly delisted; no timezone found
$FOE: possibly delisted; no timezone found
$FNHC: possibly delisted; no timezone found
$FOMX: possibly delisted; no timezone found
$FNCH: possibly delisted; no timezone found
$FNFG: possibly delisted; no timezone found
$FOLD: possibly delisted; no timezone found
$FORA: possibly delisted; no timezone found
$FORGE: possibly delisted; no timezone found
$FNGN: possibly delisted; no timezone found
$FNM: possibly delisted; no timezone found
$FONR: possibly delisted; no timezone found
$FNJN: possibly delisted; no timezone found
$FPNC: possibly delisted; no timezone found
$FOGO: possibly delisted; no timezone found
$FPFI: possibly delisted; no timezone found
$FOCS: possibly delisted; no timezone found
$FORG: possibly delisted; no timezone found
$FPAC: possibly delisted; no timezone found
$FNVT: possibly delisted; no timezone found

20 Failed downloads:
['FNSR', 'FOE', 'FNHC', 'FOMX', 'FNCH', 'FNFG', 'FOLD', 'FORA', 'FORGE', 'FNGN', 'FNM', 'FONR', 'FNJN', 'FPNC', 'FOGO', 'FPFI', 'FOCS', 'FORG', 'FPAC', 'FNVT']: possibly delisted; no timezone found
$FPRX: possibly delisted; no timezone found
$FRONU: possibly delisted; no timezone found
$FRBK: possibly delisted; no timezone found
$FREY: possibly delisted; no timezone found
$FRF: possibly delisted; no timezone found
$FRM: possibly delisted; no timezone found
$FRGI: possibly delisted; no timezone found
$FREE: possibly delisted; no timezone found
$FRON: possibly delisted; no timezone found
$FRTX: possibly delisted; no timezone found
$FRED: possibly delisted; no timezone found
$FRAN: possibly delisted; no timezone found
$FPVD: possibly delisted; no timezone found
$FRP: possibly delisted; no timezone found
$FRNK: possibly delisted; no timezone found
$FPO: possibly delisted; no timezone found
$FRX: possibly delisted; no timezone found
$FRSG: possibly delisted; no timezone found
$FRTA: possibly delisted; no timezone found
$FREVSOB: possibly delisted; no timezone found

20 Failed downloads:
['FPRX', 'FRONU', 'FRBK', 'FREY', 'FRF', 'FRM', 'FRGI', 'FREE', 'FRON', 'FRTX', 'FRED', 'FRAN', 'FPVD', 'FRP', 'FRNK', 'FPO', 'FRX', 'FRSG', 'FRTA', 'FREVSOB']: possibly delisted; no timezone found
$FTAC: possibly delisted; no timezone found
$FSCT: possibly delisted; no timezone found
$FSBK: possibly delisted; no timezone found
$FSR: possibly delisted; no timezone found
$FST: possibly delisted; no timezone found
$FSTX: possibly delisted; no timezone found
$FSIN: possibly delisted; no price data found  (1d 2008-01-01 -> 2026-09-26)
$FSCI: possibly delisted; no timezone found
$FRXB: possibly delisted; no timezone found
$FSYS: possibly delisted; no timezone found
$FSGI: possibly delisted; no timezone found
$FSL: possibly delisted; no timezone found
$FSAM: possibly delisted; no timezone found
$FTCV: possibly delisted; no timezone found
$FSB: possibly delisted; no timezone found
$FSPI: possibly delisted; no timezone found
$FSRX: possibly delisted; no timezone found
$FSNB: possibly delisted; no timezone found
$FSSI: possibly delisted; no timezone found
$FTAA: possibly delisted; no timezone found

20 Failed downloads:
['FTAC', 'FSCT', 'FSBK', 'FSR', 'FST', 'FSTX', 'FSCI', 'FRXB', 'FSYS', 'FSGI', 'FSL', 'FSAM', 'FTCV', 'FSB', 'FSPI', 'FSRX', 'FSNB', 'FSSI', 'FTAA']: possibly delisted; no timezone found
['FSIN']: possibly delisted; no price data found  (1d 2008-01-01 -> 2026-09-26)
$FTSV: possibly delisted; no timezone found
$FTEV: possibly delisted; no timezone found
$FTD: possibly delisted; no timezone found
$FTSI: possibly delisted; no timezone found
$FURX: possibly delisted; no timezone found
$FVIV: possibly delisted; no timezone found
$FUR: possibly delisted; no timezone found
$FUSN: possibly delisted; no timezone found
$FXCB: possibly delisted; no timezone found
$FWLAF: possibly delisted; no timezone found
$FUV: possibly delisted; no timezone found
$FUEL: possibly delisted; no timezone found
$FVT: possibly delisted; no timezone found
$FWM: possibly delisted; no timezone found
$FUBC: possibly delisted; no timezone found
$FTO: possibly delisted; no timezone found
$FU: possibly delisted; no timezone found
$FTMR: possibly delisted; no timezone found
$FVE: possibly delisted; no timezone found
$FWLT: possibly delisted; no timezone found

20 Failed downloads:
['FTSV', 'FTEV', 'FTD', 'FTSI', 'FURX', 'FVIV', 'FUR', 'FUSN', 'FXCB', 'FWLAF', 'FUV', 'FUEL', 'FVT', 'FWM', 'FUBC', 'FTO', 'FU', 'FTMR', 'FVE', 'FWLT']: possibly delisted; no timezone found
$FYBR: possibly delisted; no timezone found
$GBNK: possibly delisted; no timezone found
$GB: possibly delisted; no timezone found
$FXS: possibly delisted; no timezone found
$GAHR: possibly delisted; no timezone found
$FXEN: possibly delisted; no timezone found
$GAS: possibly delisted; no timezone found
$GAIFB: possibly delisted; no timezone found
$GBIO: possibly delisted; no timezone found
$GAIF: possibly delisted; no timezone found
$FZT: possibly delisted; no timezone found
$GATE: possibly delisted; no timezone found
$FXCM: possibly delisted; no timezone found
$GBBK: possibly delisted; no timezone found
$GCAP: possibly delisted; no timezone found
$GAN: possibly delisted; no timezone found
$GAQ: possibly delisted; no timezone found
$FXLV: possibly delisted; no timezone found
$GBT: possibly delisted; no timezone found
$GBL: possibly delisted; no timezone found

20 Failed downloads:
['FYBR', 'GBNK', 'GB', 'FXS', 'GAHR', 'FXEN', 'GAS', 'GAIFB', 'GBIO', 'GAIF', 'FZT', 'GATE', 'FXCM', 'GBBK', 'GCAP', 'GAN', 'GAQ', 'FXLV', 'GBT', 'GBL']: possibly delisted; no timezone found
$GDI: possibly delisted; no timezone found
$GCIH: possibly delisted; no timezone found
$GCOM: possibly delisted; no timezone found
$GDP: possibly delisted; no timezone found
$GEOY: possibly delisted; no price data found  (1d 2008-01-01 -> 2026-09-26)
$GEEX: possibly delisted; no timezone found
$GCRSF: possibly delisted; no timezone found
$GDEN: possibly delisted; no timezone found
$GEARI: possibly delisted; no timezone found
$GEOI: possibly delisted; no timezone found
$GEC: possibly delisted; no timezone found
$GCM: possibly delisted; no timezone found
$GECR: possibly delisted; no timezone found
$GES: possibly delisted; no timezone found
$GCPWI: possibly delisted; no timezone found
$GCNL: possibly delisted; no timezone found
$GEPC: possibly delisted; no timezone found
$GDFF: possibly delisted; no timezone found
$GETA: possibly delisted; no timezone found
$GCI: possibly delisted; no timezone found

20 Failed downloads:
['GDI', 'GCIH', 'GCOM', 'GDP', 'GEEX', 'GCRSF', 'GDEN', 'GEARI', 'GEOI', 'GEC', 'GCM', 'GECR', 'GES', 'GCPWI', 'GCNL', 'GEPC', 'GDFF', 'GETA', 'GCI']: possibly delisted; no timezone found
['GEOY']: possibly delisted; no price data found  (1d 2008-01-01 -> 2026-09-26)
$GHW: possibly delisted; no price data found  (1d 2008-01-01 -> 2026-09-26)
$GHIX: possibly delisted; no timezone found
$GHLD: possibly delisted; no timezone found
$GFED: possibly delisted; no timezone found
$GGS: possibly delisted; no timezone found
$GGP: possibly delisted; no timezone found
$GIDYL: possibly delisted; no timezone found
$GGAA: possibly delisted; no timezone found
$GHL: possibly delisted; no timezone found
$GFIG: possibly delisted; no timezone found
$GGWY: possibly delisted; no timezone found
$GG: possibly delisted; no timezone found
$GHDX: possibly delisted; no timezone found
$GFXU: possibly delisted; no timezone found
$GFN: possibly delisted; no timezone found
$GFGD: possibly delisted; no timezone found
$GGPI: possibly delisted; no timezone found
$GEVA: possibly delisted; no timezone found
$GI: possibly delisted; no timezone found
$GGMC: possibly delisted; no timezone found

20 Failed downloads:
['GHW']: possibly delisted; no price data found  (1d 2008-01-01 -> 2026-09-26)
['GHIX', 'GHLD', 'GFED', 'GGS', 'GGP', 'GIDYL', 'GGAA', 'GHL', 'GFIG', 'GGWY', 'GG', 'GHDX', 'GFXU', 'GFN', 'GFGD', 'GGPI', 'GEVA', 'GI', 'GGMC']: possibly delisted; no timezone found
$GLAE: possibly delisted; no timezone found
$GIFI: possibly delisted; no timezone found
$GIIX: possibly delisted; no timezone found
$GKNT: possibly delisted; no timezone found
$GLS: possibly delisted; no timezone found
$GLDC: possibly delisted; no timezone found
$GMCP: possibly delisted; no timezone found
$GMCR: possibly delisted; no timezone found
$GLUU: possibly delisted; no timezone found
$GLDD: possibly delisted; no timezone found
$GIG: possibly delisted; no timezone found
$GLF: possibly delisted; no timezone found
$GIMO: possibly delisted; no timezone found
$GLTA: possibly delisted; no timezone found
$GMAN: possibly delisted; no timezone found
$GLHA: possibly delisted; no timezone found
$GLG: possibly delisted; no timezone found
$GLBD: possibly delisted; no timezone found
$GMBT: possibly delisted; no timezone found
$GLCH: possibly delisted; no timezone found

20 Failed downloads:
['GLAE', 'GIFI', 'GIIX', 'GKNT', 'GLS', 'GLDC', 'GMCP', 'GMCR', 'GLUU', 'GLDD', 'GIG', 'GLF', 'GIMO', 'GLTA', 'GMAN', 'GLHA', 'GLG', 'GLBD', 'GMBT', 'GLCH']: possibly delisted; no timezone found
$GNI: possibly delisted; no timezone found
$GMDA: possibly delisted; no timezone found
$GNAC: possibly delisted; no timezone found
$GNRT: possibly delisted; no timezone found
$GOCO: possibly delisted; no timezone found
$GNCA: possibly delisted; no timezone found
$GOEV: possibly delisted; no timezone found
$GMS: possibly delisted; no timezone found
$GNVC: possibly delisted; no timezone found
$GNOW: possibly delisted; no timezone found
$GNMK: possibly delisted; no timezone found
$GMXR: possibly delisted; no timezone found
$GNBC: possibly delisted; no timezone found
$GNOG: possibly delisted; no timezone found
$GOAC: possibly delisted; no timezone found
$GNC: possibly delisted; no timezone found
$GNTY: possibly delisted; no timezone found
$GMT: possibly delisted; no timezone found
$GNRS: possibly delisted; no timezone found
$GMO: possibly delisted; no timezone found

20 Failed downloads:
['GNI', 'GMDA', 'GNAC', 'GNRT', 'GOCO', 'GNCA', 'GOEV', 'GMS', 'GNVC', 'GNOW', 'GNMK', 'GMXR', 'GNBC', 'GNOG', 'GOAC', 'GNC', 'GNTY', 'GMT', 'GNRS', 'GMO']: possibly delisted; no timezone found
