Date,Open,High,Low,Close,Adj Close,Volume,Dividends,Stock Splits
2021-09-10 00:00:00-04:00,210.7493896484375,211.29734802246094,207.28445434570312,207.53424072265625,188.5363311767578,2131418,0.0,0.0
2021-09-13 00:00:00-04:00,209.07333374023438,211.03948974609375,207.69540405273438,211.0072479248047,191.69143676757812,2293368,0.0,0.0
2021-09-14 00:00:00-04:00,211.28927612304688,211.8936309814453,205.2457733154297,205.64060974121094,186.8160858154297,3206124,0.0,0.0
2021-09-15 00:00:00-04:00,206.53504943847656,209.22642517089844,205.38275146484375,206.76068115234375,187.8336639404297,2836802,0.0,0.0
2021-09-16 00:00:00-04:00,207.8726806640625,209.0330352783203,206.31748962402344,208.20306396484375,189.14393615722656,2124468,0.0,0.0
2021-09-17 00:00:00-04:00,205.80177307128906,207.66317749023438,204.7461700439453,205.65672302246094,186.8307342529297,3825258,0.0,0.0
2021-09-20 00:00:00-04:00,203.1506805419922,204.65753173828125,199.9677734375,202.09507751464844,183.59510803222656,4311855,0.0,0.0
2021-09-21 00:00:00-04:00,203.8678436279297,204.5769500732422,200.4673614501953,203.1184539794922,184.52479553222656,5561045,0.0,0.0
2021-09-22 00:00:00-04:00,188.70265197753906,189.34730529785156,184.5124969482422,184.5930633544922,167.6952362060547,22080368,0.0,0.0
2021-09-23 00:00:00-04:00,184.5850067138672,186.37388610839844,183.78726196289062,184.46414184570312,167.57815551757812,8802041,0.0,0.0
2021-09-24 00:00:00-04:00,183.72280883789062,184.5286102294922,182.5946807861328,182.6269073486328,165.90908813476562,6171989,0.0,0.0
2021-09-27 00:00:00-04:00,182.1112060546875,184.7300567626953,181.8533477783203,182.52215576171875,165.81393432617188,5380356,0.0,0.0
2021-09-28 00:00:00-04:00,181.96615600585938,183.76309204101562,178.69459533691406,179.21031188964844,162.80523681640625,5854666,0.0,0.0
2021-09-29 00:00:00-04:00,179.6938018798828,180.6929931640625,177.92103576660156,178.1547088623047,161.8462677001953,4637865,0.0,0.0
2021-09-30 00:00:00-04:00,178.5576171875,179.83078002929688,176.49476623535156,176.7042694091797,160.52859497070312,4788523,0.0,0.0
2021-10-01 00:00:00-04:00,177.28445434570312,180.58016967773438,175.80982971191406,179.3150634765625,162.90042114257812,5005077,0.0,0.0
2021-10-04 00:00:00-04:00,178.2755889892578,180.49960327148438,175.06849670410156,175.56002807617188,159.48910522460938,4869808,0.0,0.0
2021-10-05 00:00:00-04:00,175.2618865966797,182.48187255859375,174.3271484375,180.7171630859375,164.17413330078125,6610683,0.0,0.0
2021-10-06 00:00:00-04:00,178.95245361328125,181.25704956054688,177.139404296875,180.66075134277344,164.12289428710938,4533249,0.0,0.0
2021-10-07 00:00:00-04:00,182.91700744628906,183.44883728027344,179.2747802734375,179.65350341796875,163.20787048339844,4907038,0.0,0.0
2021-10-08 00:00:00-04:00,179.21031188964844,180.4512481689453,178.42062377929688,180.04835510253906,163.56654357910156,2934965,0.0,0.0
2021-10-11 00:00:00-04:00,180.52377319335938,180.9669647216797,176.76068115234375,177.13134765625,160.91659545898438,3579913,0.0,0.0
2021-10-12 00:00:00-04:00,177.13134765625,178.95245361328125,177.01853942871094,178.3400421142578,162.01463317871094,3154002,0.0,0.0
2021-10-13 00:00:00-04:00,178.90411376953125,181.6519012451172,176.8815460205078,180.2820281982422,163.77886962890625,5702767,0.0,0.0
2021-10-14 00:00:00-04:00,182.4335174560547,184.18211364746094,181.92587280273438,183.2796173095703,166.50204467773438,3526177,0.0,0.0
2021-10-15 00:00:00-04:00,184.0048370361328,184.93150329589844,183.18292236328125,184.62530517578125,167.7245635986328,5184774,0.0,0.0
2021-10-18 00:00:00-04:00,183.73892211914062,185.13294982910156,182.65914916992188,183.70669555664062,166.88998413085938,3321909,0.0,0.0
2021-10-19 00:00:00-04:00,184.64947509765625,185.64866638183594,183.46495056152344,184.78646850585938,167.87095642089844,2591332,0.0,0.0
2021-10-20 00:00:00-04:00,185.60032653808594,186.9137725830078,184.65753173828125,186.38194274902344,169.32037353515625,3123473,0.0,0.0
2021-10-21 00:00:00-04:00,186.38194274902344,188.04190063476562,185.84205627441406,187.6228790283203,170.44769287109375,4757249,0.0,0.0
2021-10-22 00:00:00-04:00,187.64706420898438,189.12167358398438,187.23609924316406,187.73570251464844,170.55023193359375,3198553,0.0,0.0
2021-10-25 00:00:00-04:00,188.02578735351562,190.39483642578125,187.34890747070312,189.68572998046875,172.32171630859375,3159338,0.0,0.0
2021-10-26 00:00:00-04:00,192.5785675048828,194.43191528320312,190.89443969726562,191.64382934570312,174.10057067871094,3804161,0.0,0.0
2021-10-27 00:00:00-04:00,192.1837158203125,193.39242553710938,189.42788696289062,189.5970916748047,172.2412109375,3322157,0.0,0.0
2021-10-28 00:00:00-04:00,189.81466674804688,190.2820281982422,187.8726806640625,190.13699340820312,172.73167419433594,2132907,0.0,0.0
2021-10-29 00:00:00-04:00,188.49314880371094,192.07896423339844,188.19500732421875,189.79049682617188,172.41693115234375,2481876,0.0,0.0
2021-11-01 00:00:00-04:00,191.2006378173828,191.30540466308594,189.11361694335938,189.87913513183594,172.4974365234375,1776740,0.0,0.0
2021-11-02 00:00:00-04:00,190.54794311523438,191.28121948242188,189.36341857910156,189.98388671875,172.59262084960938,1848345,0.0,0.0
2021-11-03 00:00:00-04:00,189.7018585205078,193.77920532226562,189.0572052001953,193.40853881835938,175.70376586914062,2518734,0.0,0.0
2021-11-04 00:00:00-04:00,194.79452514648438,197.8646240234375,193.93231201171875,197.4294891357422,179.35662841796875,3585994,0.0,0.0
2021-11-05 00:00:00-04:00,198.67848205566406,198.8557586669922,194.5527801513672,195.62449645996094,177.71685791015625,2462889,0.0,0.0
2021-11-08 00:00:00-05:00,197.27638244628906,201.1603546142578,197.115234375,200.2659149169922,181.9333953857422,3241740,0.0,0.0
2021-11-09 00:00:00-05:00,201.450439453125,201.8452911376953,198.3078155517578,201.03143310546875,182.6288604736328,2273636,0.0,0.0
2021-11-10 00:00:00-05:00,199.60516357421875,202.01451110839844,198.70265197753906,200.2578582763672,181.92608642578125,2308136,0.0,0.0
2021-11-11 00:00:00-05:00,200.9830780029297,204.0290069580078,200.4270782470703,202.24818420410156,183.73423767089844,2544546,0.0,0.0
2021-11-12 00:00:00-05:00,203.01370239257812,205.38275146484375,202.22401428222656,204.5769500732422,185.84982299804688,2625336,0.0,0.0
2021-11-15 00:00:00-05:00,205.07655334472656,205.680908203125,201.6519012451172,203.3037872314453,184.6931915283203,2473561,0.0,0.0
2021-11-16 00:00:00-05:00,203.06204223632812,205.72119140625,202.80418395996094,204.0128936767578,185.33738708496094,1996645,0.0,0.0
2021-11-17 00:00:00-05:00,203.5535888671875,204.12570190429688,199.17002868652344,199.3150634765625,181.06961059570312,2612181,0.0,0.0
2021-11-18 00:00:00-05:00,199.79049682617188,200.62852478027344,194.39161682128906,197.19581604003906,179.14434814453125,2898604,0.0,0.0
2021-11-19 00:00:00-05:00,197.4053192138672,198.38839721679688,195.4391632080078,195.56002807617188,177.65830993652344,2519106,0.0,0.0
2021-11-22 00:00:00-05:00,195.56002807617188,202.33682250976562,195.0362548828125,199.83078002929688,181.53810119628906,2712454,0.0,0.0
2021-11-23 00:00:00-05:00,199.0330352783203,199.5970916748047,196.92184448242188,198.57373046875,180.3961181640625,1765447,0.0,0.0
2021-11-24 00:00:00-05:00,197.4214324951172,198.94439697265625,196.26107788085938,196.26913452148438,178.30245971679688,2042686,0.0,0.0
2021-11-26 00:00:00-05:00,191.22482299804688,192.91700744628906,189.77438354492188,191.9016876220703,174.33480834960938,2203768,0.0,0.0
2021-11-29 00:00:00-05:00,193.39242553710938,194.67364501953125,191.03948974609375,193.8517303466797,176.10638427734375,2103867,0.0,0.0
2021-11-30 00:00:00-05:00,191.94198608398438,192.5946807861328,185.2618865966797,185.63255310058594,168.63955688476562,4177206,0.0,0.0
2021-12-01 00:00:00-05:00,189.36341857910156,191.93392944335938,183.40853881835938,183.5455322265625,166.7436065673828,2900589,0.0,0.0
2021-12-02 00:00:00-05:00,183.5535888671875,191.1603546142578,183.23931884765625,189.60516357421875,172.24853515625,2659587,0.0,0.0
2021-12-03 00:00:00-05:00,190.6768798828125,194.48831176757812,190.4754180908203,194.06930541992188,176.30404663085938,3025930,0.0,0.0
2021-12-06 00:00:00-05:00,195.80982971191406,199.0169219970703,195.18130493164062,197.46173095703125,179.38587951660156,2270410,0.0,0.0
2021-12-07 00:00:00-05:00,199.13778686523438,200.63658142089844,198.38839721679688,199.08139038085938,180.8572998046875,2103247,0.0,0.0
2021-12-08 00:00:00-05:00,199.47622680664062,199.47622680664062,196.4383544921875,197.21998596191406,179.1663055419922,1607716,0.0,0.0
2021-12-09 00:00:00-05:00,196.21273803710938,199.33119201660156,195.89041137695312,197.6228790283203,179.5323028564453,1587239,0.0,0.0
2021-12-10 00:00:00-05:00,198.05801391601562,200.08058166503906,197.01853942871094,198.45286560058594,180.83935546875,1582647,0.604351,0.0
2021-12-13 00:00:00-05:00,197.19581604003906,197.80821228027344,193.79531860351562,194.11764526367188,176.88885498046875,2098283,0.0,0.0
2021-12-14 00:00:00-05:00,193.39242553710938,197.32473754882812,192.876708984375,193.42465209960938,176.25743103027344,2094560,0.0,0.0
2021-12-15 00:00:00-05:00,193.42465209960938,195.19741821289062,192.5946807861328,194.0209503173828,176.80076599121094,2109452,0.0,0.0
2021-12-16 00:00:00-05:00,195.4633331298828,197.21998596191406,192.1192626953125,192.19984436035156,175.1412811279297,5542182,0.0,0.0
2021-12-17 00:00:00-05:00,204.46414184570312,209.91136169433594,199.88719177246094,201.7082977294922,183.80581665039062,12555569,0.0,0.0
2021-12-20 00:00:00-05:00,201.6921844482422,203.77114868164062,197.78404235839844,197.8646240234375,180.30328369140625,3424043,0.0,0.0
2021-12-21 00:00:00-05:00,200.06446838378906,203.67445373535156,199.6938018798828,203.02175903320312,185.00271606445312,3137372,0.0,0.0
2021-12-22 00:00:00-05:00,203.3440704345703,203.65834045410156,200.88638305664062,201.418212890625,183.54150390625,2884456,0.0,0.0
2021-12-23 00:00:00-05:00,202.1514892578125,206.4705810546875,201.97421264648438,204.5286102294922,186.37583923339844,2605231,0.0,0.0
2021-12-27 00:00:00-05:00,205.4713897705078,207.25221252441406,204.9556884765625,206.48670959472656,188.16012573242188,1834943,0.0,0.0
2021-12-28 00:00:00-05:00,206.30137634277344,208.18695068359375,205.86624145507812,206.63980102539062,188.29966735839844,1665918,0.0,0.0
2021-12-29 00:00:00-05:00,206.6720428466797,208.3078155517578,206.47865295410156,207.48590087890625,189.07064819335938,1821043,0.0,0.0
2021-12-30 00:00:00-05:00,207.80821228027344,209.67767333984375,207.49395751953125,208.3480987548828,189.85633850097656,2215557,0.0,0.0
2021-12-31 00:00:00-05:00,207.5503692626953,209.7018585205078,207.03465270996094,208.41256713867188,189.91510009765625,1578924,0.0,0.0
2022-01-03 00:00:00-05:00,209.34730529785156,210.87026977539062,207.05882263183594,208.3400421142578,189.8489532470703,2174728,0.0,0.0
2022-01-04 00:00:00-05:00,209.22642517089844,214.294921875,208.95245361328125,213.46495056152344,194.51904296875,3209971,0.0,0.0
2022-01-05 00:00:00-05:00,213.5374755859375,214.9798583984375,211.0072479248047,211.22482299804688,192.4777069091797,3025062,0.0,0.0
2022-01-06 00:00:00-05:00,211.11199951171875,213.5455322265625,209.61322021484375,212.07896423339844,193.25607299804688,2305530,0.0,0.0
2022-01-07 00:00:00-05:00,211.6760711669922,214.83480834960938,211.1522979736328,212.72361755371094,193.84352111816406,2042686,0.0,0.0
2022-01-10 00:00:00-05:00,211.61965942382812,211.61965942382812,203.47300720214844,206.7284393310547,188.3804473876953,5651266,0.0,0.0
2022-01-11 00:00:00-05:00,206.7284393310547,207.4053192138672,203.17486572265625,205.91458129882812,187.63880920410156,2504710,0.0,0.0
2022-01-12 00:00:00-05:00,206.34971618652344,208.71072387695312,205.3021697998047,206.4544677734375,188.1307373046875,1754154,0.0,0.0
2022-01-13 00:00:00-05:00,207.26026916503906,209.5970916748047,206.52699279785156,207.6309356689453,189.2028045654297,2058199,0.0,0.0
2022-01-14 00:00:00-05:00,205.14907836914062,206.81707763671875,204.07736206054688,206.4625244140625,188.13812255859375,1729458,0.0,0.0
2022-01-18 00:00:00-05:00,203.5938720703125,204.86705017089844,201.6519012451172,204.13375854492188,186.01605224609375,2381107,0.0,0.0
2022-01-19 00:00:00-05:00,204.13375854492188,206.1321563720703,203.20709228515625,203.21514892578125,185.178955078125,1616775,0.0,0.0
2022-01-20 00:00:00-05:00,204.44802856445312,206.28524780273438,201.96615600585938,202.04673767089844,184.11424255371094,2074456,0.0,0.0
2022-01-21 00:00:00-05:00,201.1522979736328,201.4423828125,196.56729125976562,197.34890747070312,179.83334350585938,3801928,0.0,0.0
2022-01-24 00:00:00-05:00,193.03787231445312,198.18695068359375,190.85415649414062,198.00161743164062,180.42811584472656,3786912,0.0,0.0
2022-01-25 00:00:00-05:00,194.79452514648438,198.8235321044922,192.5946807861328,196.64785766601562,179.1945343017578,2521960,0.0,0.0
2022-01-26 00:00:00-05:00,198.07412719726562,200.040283203125,194.37550354003906,195.9387664794922,178.54837036132812,2495403,0.0,0.0
2022-01-27 00:00:00-05:00,197.6228790283203,199.5487518310547,193.1345672607422,194.94761657714844,177.6452178955078,2315334,0.0,0.0
2022-01-28 00:00:00-05:00,194.31103515625,197.34890747070312,192.69137573242188,197.24415588378906,179.7379150390625,2838912,0.0,0.0
2022-01-31 00:00:00-05:00,196.63980102539062,198.35617065429688,194.19822692871094,198.1144256591797,180.53097534179688,4214312,0.0,0.0
2022-02-01 00:00:00-05:00,205.3021697998047,206.6800994873047,202.49798583984375,203.06204223632812,185.03944396972656,5707111,0.0,0.0
2022-02-02 00:00:00-05:00,204.22239685058594,204.270751953125,200.52377319335938,202.91700744628906,184.90725708007812,2167903,0.0,0.0
2022-02-03 00:00:00-05:00,201.35374450683594,202.5624542236328,199.08139038085938,199.2908935546875,181.60296630859375,2237895,0.0,0.0
2022-02-04 00:00:00-05:00,198.42062377929688,199.08944702148438,195.0362548828125,196.7042694091797,179.24595642089844,2658222,0.0,0.0
2022-02-07 00:00:00-05:00,197.34085083007812,197.8565673828125,195.50363159179688,196.3980712890625,178.96694946289062,2013647,0.0,0.0
2022-02-08 00:00:00-05:00,197.21192932128906,198.48509216308594,195.80982971191406,196.50282287597656,179.06236267089844,2461027,0.0,0.0
2022-02-09 00:00:00-05:00,198.05801391601562,200.32232666015625,196.30137634277344,196.80902099609375,179.3413848876953,2145937,0.0,0.0
2022-02-10 00:00:00-05:00,195.3102264404297,196.4705810546875,193.02175903320312,193.72280883789062,176.5290985107422,3243974,0.0,0.0
2022-02-11 00:00:00-05:00,193.43270874023438,193.79531860351562,186.32554626464844,187.115234375,170.5079803466797,5809121,0.0,0.0
2022-02-14 00:00:00-05:00,186.4061279296875,187.123291015625,182.892822265625,184.09347534179688,167.75439453125,3115282,0.0,0.0
2022-02-15 00:00:00-05:00,186.7203826904297,188.69459533691406,185.34246826171875,185.65672302246094,169.1789093017578,3247697,0.0,0.0
2022-02-16 00:00:00-05:00,184.5286102294922,185.64866638183594,180.83802795410156,184.5366668701172,168.15823364257812,3032508,0.0,0.0
2022-02-17 00:00:00-05:00,183.2635040283203,183.6099853515625,180.58016967773438,180.79774475097656,164.75119018554688,1757132,0.0,0.0
2022-02-18 00:00:00-05:00,180.20144653320312,181.36180114746094,177.92909240722656,179.07333374023438,163.17979431152344,2058199,0.0,0.0
2022-02-22 00:00:00-05:00,177.3972625732422,178.60595703125,174.319091796875,175.49557495117188,159.91961669921875,3129057,0.0,0.0
2022-02-23 00:00:00-05:00,176.21273803710938,177.30862426757812,173.04592895507812,173.1184539794922,157.75343322753906,2796345,0.0,0.0
2022-02-24 00:00:00-05:00,167.6067657470703,174.5124969482422,166.24496459960938,173.9887237548828,158.54649353027344,3725978,0.0,0.0
2022-02-25 00:00:00-05:00,174.48831176757812,179.40370178222656,174.18211364746094,177.8565673828125,162.07106018066406,2437200,0.0,0.0
2022-02-28 00:00:00-05:00,175.0040283203125,179.40370178222656,173.8195037841797,179.10556030273438,163.20919799804688,3074826,0.0,0.0
2022-03-01 00:00:00-05:00,178.1144256591797,178.8477020263672,171.34568786621094,173.17486572265625,157.80487060546875,2583514,0.0,0.0
2022-03-02 00:00:00-05:00,174.40773010253906,179.35536193847656,172.68331909179688,176.6720428466797,160.99163818359375,2817815,0.0,0.0
2022-03-03 00:00:00-05:00,179.39564514160156,181.26510620117188,177.4375457763672,178.3319854736328,162.5042724609375,3062416,0.0,0.0
2022-03-04 00:00:00-05:00,175.66477966308594,176.4705810546875,171.07171630859375,172.876708984375,158.06886291503906,3049509,0.604351,0.0
2022-03-07 00:00:00-05:00,170.82997131347656,171.93392944335938,161.6760711669922,162.03868103027344,148.15916442871094,4307635,0.0,0.0
2022-03-08 00:00:00-05:00,163.23931884765625,168.71072387695312,160.37872314453125,164.37550354003906,150.2958221435547,3633896,0.0,0.0
2022-03-09 00:00:00-05:00,168.41256713867188,175.9951629638672,168.41256713867188,174.63336181640625,159.67501831054688,3961768,0.0,0.0
2022-03-10 00:00:00-05:00,171.474609375,177.05076599121094,171.11199951171875,176.6962127685547,161.56121826171875,3146307,0.0,0.0
2022-03-11 00:00:00-05:00,177.27638244628906,177.6067657470703,171.418212890625,171.78082275390625,157.0668487548828,2911758,0.0,0.0
2022-03-14 00:00:00-04:00,171.24093627929688,173.18292236328125,168.25946044921875,170.12892150878906,155.55641174316406,2706249,0.0,0.0
2022-03-15 00:00:00-04:00,173.07815551757812,175.32635498046875,170.77357482910156,174.23851013183594,159.31398010253906,2306274,0.0,0.0
2022-03-16 00:00:00-04:00,176.4061279296875,182.1273193359375,176.26913452148438,182.05479431152344,166.46078491210938,3832208,0.0,0.0
2022-03-17 00:00:00-04:00,178.67042541503906,184.86705017089844,177.5906524658203,183.70669555664062,167.97120666503906,7075437,0.0,0.0
2022-03-18 00:00:00-04:00,177.27638244628906,177.4294891357422,171.57937622070312,176.3980712890625,161.28857421875,11502084,0.0,0.0
2022-03-21 00:00:00-04:00,175.4391632080078,179.85494995117188,175.2377166748047,179.0169219970703,163.68313598632812,4262090,0.0,0.0
2022-03-22 00:00:00-04:00,179.7663116455078,184.286865234375,179.2828369140625,182.5705108642578,166.9322967529297,3260976,0.0,0.0
2022-03-23 00:00:00-04:00,181.09588623046875,182.1676025390625,178.1305389404297,178.46092224121094,163.17477416992188,2151398,0.0,0.0
2022-03-24 00:00:00-04:00,179.43594360351562,181.6680145263672,177.76792907714844,181.402099609375,165.864013671875,2490191,0.0,0.0
2022-03-25 00:00:00-04:00,182.1031494140625,182.95729064941406,180.4673614501953,182.5624542236328,166.92494201660156,1803049,0.0,0.0
2022-03-28 00:00:00-04:00,182.78807067871094,185.4633331298828,181.80499267578125,185.37469482421875,169.49632263183594,2144572,0.0,0.0
2022-03-29 00:00:00-04:00,190.77357482910156,194.65753173828125,190.20950317382812,192.24012756347656,175.77369689941406,5033248,0.0,0.0
2022-03-30 00:00:00-04:00,191.1764678955078,191.93392944335938,188.67848205566406,189.5648651123047,173.3275604248047,2620123,0.0,0.0
2022-03-31 00:00:00-04:00,188.00967407226562,190.0322265625,186.36582946777344,186.4544677734375,170.48358154296875,2207243,0.0,0.0
2022-04-01 00:00:00-04:00,186.4544677734375,186.6881561279297,178.0821990966797,178.2836456298828,163.01260375976562,4263704,0.0,0.0
2022-04-04 00:00:00-04:00,175.9790496826172,177.96937561035156,174.64947509765625,175.65672302246094,160.61073303222656,4318432,0.0,0.0
2022-04-05 00:00:00-04:00,173.51329040527344,176.34165954589844,169.7582550048828,170.04835510253906,155.48275756835938,3877008,0.0,0.0
2022-04-06 00:00:00-04:00,168.8154754638672,168.8154754638672,164.0209503173828,164.38356018066406,150.30319213867188,4334565,0.0,0.0
2022-04-07 00:00:00-04:00,164.15794372558594,165.22158813476562,160.52377319335938,164.19822692871094,150.1337432861328,4000115,0.0,0.0
2022-04-08 00:00:00-04:00,162.844482421875,164.12570190429688,160.82997131347656,162.3851776123047,148.4759979248047,2880609,0.0,0.0
2022-04-11 00:00:00-04:00,160.84608459472656,167.32473754882812,160.84608459472656,164.48025512695312,150.3916015625,2582521,0.0,0.0
2022-04-12 00:00:00-04:00,164.48831176757812,166.93795776367188,163.03787231445312,164.6897735595703,150.58314514160156,2521464,0.0,0.0
2022-04-13 00:00:00-04:00,164.7058868408203,167.24415588378906,163.65028381347656,166.24496459960938,152.005126953125,1694586,0.0,0.0
2022-04-14 00:00:00-04:00,166.8412628173828,168.00967407226562,165.14907836914062,165.78565979003906,151.5851593017578,2385574,0.0,0.0
2022-04-18 00:00:00-04:00,165.60838317871094,166.78485107421875,162.74778747558594,163.78726196289062,149.75796508789062,1874034,0.0,0.0
2022-04-19 00:00:00-04:00,164.82675170898438,169.2908935546875,164.60113525390625,168.25946044921875,153.84710693359375,2185897,0.0,0.0
2022-04-20 00:00:00-04:00,169.65350341796875,172.49798583984375,168.47703552246094,168.565673828125,154.1270751953125,2264701,0.0,0.0
2022-04-21 00:00:00-04:00,169.20225524902344,169.82272338867188,165.59226989746094,166.6881561279297,152.41038513183594,2605480,0.0,0.0
2022-04-22 00:00:00-04:00,165.68896484375,167.53424072265625,164.5930633544922,165.35858154296875,151.19468688964844,2624467,0.0,0.0
2022-04-25 00:00:00-04:00,164.42385864257812,165.83399963378906,159.3070068359375,165.51168823242188,151.33470153808594,2683787,0.0,0.0
2022-04-26 00:00:00-04:00,164.7622833251953,165.4230499267578,159.7340850830078,161.1603546142578,147.35604858398438,2392028,0.0,0.0
2022-04-27 00:00:00-04:00,159.7260284423828,162.4174041748047,158.05801391601562,160.56405639648438,146.81085205078125,2002602,0.0,0.0
2022-04-28 00:00:00-04:00,162.6269073486328,166.8573760986328,161.63577270507812,166.6800994873047,152.4029998779297,2806397,0.0,0.0
2022-04-29 00:00:00-04:00,165.4633331298828,168.3078155517578,159.5487518310547,160.14505004882812,146.427734375,2902203,0.0,0.0
2022-05-02 00:00:00-04:00,160.3061981201172,161.54713439941406,155.37469482421875,158.75100708007812,145.15309143066406,2761970,0.0,0.0
2022-05-03 00:00:00-04:00,158.95245361328125,161.64382934570312,157.6148223876953,160.7091064453125,146.94346618652344,2429630,0.0,0.0
2022-05-04 00:00:00-04:00,161.64382934570312,169.24253845214844,160.4593048095703,168.8074188232422,154.34811401367188,3045910,0.0,0.0
2022-05-05 00:00:00-04:00,166.80096435546875,169.66156005859375,165.13294982910156,166.99435424804688,152.6903533935547,3284307,0.0,0.0
2022-05-06 00:00:00-04:00,166.33360290527344,171.1845245361328,163.77920532226562,169.38758850097656,154.87860107421875,2925782,0.0,0.0
2022-05-09 00:00:00-04:00,167.05882263183594,171.29734802246094,165.7373046875,167.8243408203125,153.4492645263672,2879865,0.0,0.0
2022-05-10 00:00:00-04:00,169.44400024414062,170.4673614501953,163.49717712402344,167.65512084960938,153.29452514648438,2827743,0.0,0.0
2022-05-11 00:00:00-04:00,167.3730926513672,170.9669647216797,166.34165954589844,166.96212768554688,152.66087341308594,3484604,0.0,0.0
2022-05-12 00:00:00-04:00,165.4472198486328,167.8807373046875,163.02175903320312,167.76792907714844,153.39764404296875,2910766,0.0,0.0
2022-05-13 00:00:00-04:00,168.1627655029297,173.2957305908203,168.1063690185547,170.2578582763672,155.67428588867188,2577681,0.0,0.0
2022-05-16 00:00:00-04:00,169.5970916748047,170.78163146972656,167.8887939453125,168.9927520751953,154.51759338378906,1615286,0.0,0.0
2022-05-17 00:00:00-04:00,172.8203125,179.3070068359375,172.3851776123047,178.48509216308594,163.19680786132812,3633028,0.0,0.0
2022-05-18 00:00:00-04:00,175.0362548828125,176.10797119140625,163.2635040283203,164.0370635986328,149.9863739013672,4617885,0.0,0.0
2022-05-19 00:00:00-04:00,162.03868103027344,163.71475219726562,157.5664825439453,160.39483642578125,146.6560821533203,3224987,0.0,0.0
2022-05-20 00:00:00-04:00,162.73973083496094,162.73973083496094,157.47784423828125,161.8855743408203,148.0191650390625,2797090,0.0,0.0
2022-05-23 00:00:00-04:00,162.92506408691406,166.77679443359375,161.6760711669922,164.93955993652344,150.81155395507812,2104984,0.0,0.0
2022-05-24 00:00:00-04:00,163.2957305908203,165.9951629638672,158.96856689453125,165.39080810546875,151.2241668701172,2394758,0.0,0.0
2022-05-25 00:00:00-04:00,163.36019897460938,165.55197143554688,160.20950317382812,164.63336181640625,150.53158569335938,2726849,0.0,0.0
2022-05-26 00:00:00-04:00,167.01046752929688,172.1192626953125,166.64785766601562,171.06365966796875,156.4110870361328,2189372,0.0,0.0
2022-05-27 00:00:00-04:00,171.54713439941406,177.35696411132812,171.54713439941406,177.01046752929688,161.84854125976562,2663931,0.0,0.0
2022-05-31 00:00:00-04:00,175.4875030517578,182.03868103027344,173.38436889648438,180.9669647216797,165.46612548828125,3802176,0.0,0.0
2022-06-01 00:00:00-04:00,181.30540466308594,182.3771209716797,174.2626953125,176.20468139648438,161.1117706298828,2466239,0.0,0.0
2022-06-02 00:00:00-04:00,176.1402130126953,180.82997131347656,175.86624145507812,178.50120544433594,163.21156311035156,2037846,0.0,0.0
2022-06-03 00:00:00-04:00,177.18775939941406,178.2997589111328,175.4552764892578,176.22885131835938,161.13385009765625,1712084,0.0,0.0
2022-06-06 00:00:00-04:00,178.0821990966797,181.42626953125,177.23609924316406,179.5729217529297,164.1914825439453,1939559,0.0,0.0
2022-06-07 00:00:00-04:00,176.4141845703125,178.8638153076172,174.5286102294922,178.38034057617188,163.10107421875,1383839,0.0,0.0
2022-06-08 00:00:00-04:00,175.56808471679688,177.70346069335938,173.8356170654297,174.9959716796875,160.006591796875,1931368,0.0,0.0
2022-06-09 00:00:00-04:00,175.0201416015625,178.37228393554688,173.5697021484375,174.85897827148438,159.88136291503906,2291507,0.0,0.0
2022-06-10 00:00:00-04:00,172.5543975830078,173.3440704345703,166.50282287597656,166.61563110351562,152.34405517578125,2808755,0.0,0.0
2022-06-13 00:00:00-04:00,162.3690643310547,165.2296600341797,159.88719177246094,161.95004272460938,148.07810974121094,2460903,0.0,0.0
2022-06-14 00:00:00-04:00,177.5987091064453,187.1796875,176.93795776367188,185.2941131591797,169.42262268066406,16143797,0.0,0.0
2022-06-15 00:00:00-04:00,185.9387664794922,192.75584411621094,184.81063842773438,187.5745391845703,171.5077362060547,6249428,0.0,0.0
2022-06-16 00:00:00-04:00,182.4012908935547,183.25543212890625,180.024169921875,181.55519104003906,166.0039520263672,3802052,0.0,0.0
2022-06-17 00:00:00-04:00,180.58016967773438,186.48670959472656,179.5809783935547,185.2538299560547,169.3857879638672,6561912,0.0,0.0
2022-06-21 00:00:00-04:00,188.67848205566406,190.57211303710938,184.41578674316406,185.75341796875,169.84262084960938,2906670,0.0,0.0
2022-06-22 00:00:00-04:00,183.03787231445312,186.74456787109375,183.02981567382812,184.5447235107422,168.7374267578125,2523698,0.0,0.0
2022-06-23 00:00:00-04:00,184.93150329589844,185.53585815429688,180.78968811035156,183.8275604248047,168.08168029785156,5342629,0.0,0.0
2022-06-24 00:00:00-04:00,190.9911346435547,200.4512481689453,190.4431915283203,196.0032196044922,180.1224365234375,10418443,0.926672,0.0
2022-06-27 00:00:00-04:00,198.9846954345703,199.78244018554688,193.5535888671875,193.77114868164062,178.07119750976562,3148169,0.0,0.0
2022-06-28 00:00:00-04:00,196.61563110351562,199.959716796875,193.0862274169922,193.46495056152344,177.78981018066406,3211460,0.0,0.0
2022-06-29 00:00:00-04:00,194.19822692871094,195.0040283203125,182.67526245117188,188.40451049804688,173.13937377929688,4637369,0.0,0.0
2022-06-30 00:00:00-04:00,185.0443115234375,186.06768798828125,179.67767333984375,182.68331909179688,167.88174438476562,4562909,0.0,0.0
2022-07-01 00:00:00-04:00,179.36341857910156,180.9750213623047,175.4311065673828,180.18533325195312,165.58616638183594,3216300,0.0,0.0
2022-07-05 00:00:00-04:00,177.75987243652344,186.11602783203125,176.24496459960938,185.0201416015625,170.0292510986328,3552611,0.0,0.0
2022-07-06 00:00:00-04:00,183.67445373535156,185.4713897705078,181.31346130371094,183.49717712402344,168.6296844482422,2077682,0.0,0.0
2022-07-07 00:00:00-04:00,185.4875030517578,186.8332061767578,181.9016876220703,186.4222412109375,171.3177490234375,2017866,0.0,0.0
2022-07-08 00:00:00-04:00,187.115234375,187.69540405273438,183.72280883789062,185.729248046875,170.68089294433594,1355917,0.0,0.0
2022-07-11 00:00:00-04:00,184.24658203125,186.34165954589844,180.37066650390625,180.65269470214844,166.01565551757812,2131666,0.0,0.0
2022-07-12 00:00:00-04:00,179.959716796875,183.3360137939453,178.72683715820312,179.67767333984375,165.11964416503906,2554847,0.0,0.0
2022-07-13 00:00:00-04:00,177.80821228027344,178.01773071289062,173.1506805419922,174.15794372558594,160.047119140625,2472693,0.0,0.0
2022-07-14 00:00:00-04:00,170.6768798828125,172.81224060058594,169.5487518310547,172.67526245117188,158.6845703125,1903198,0.0,0.0
2022-07-15 00:00:00-04:00,175.07655334472656,176.24496459960938,173.25543212890625,175.52780151367188,161.30599975585938,1564405,0.0,0.0
2022-07-18 00:00:00-04:00,176.55921936035156,178.68653869628906,174.93955993652344,175.64866638183594,161.41705322265625,1878502,0.0,0.0
2022-07-19 00:00:00-04:00,176.93795776367188,182.21595764160156,176.33360290527344,181.6519012451172,166.93389892578125,1710843,0.0,0.0
2022-07-20 00:00:00-04:00,182.04673767089844,184.16600036621094,180.6929931640625,183.44883728027344,168.58523559570312,1677212,0.0,0.0
2022-07-21 00:00:00-04:00,182.47381591796875,184.0370635986328,181.8775177001953,183.44883728027344,168.58523559570312,1249067,0.0,0.0
2022-07-22 00:00:00-04:00,184.36744689941406,185.58421325683594,181.61965942382812,183.1587371826172,168.3186798095703,1794238,0.0,0.0
2022-07-25 00:00:00-04:00,184.91539001464844,185.80177307128906,182.77195739746094,183.8597869873047,168.962890625,1209727,0.0,0.0
2022-07-26 00:00:00-04:00,179.6938018798828,182.63497924804688,178.17083740234375,181.2006378173828,166.5192108154297,1935836,0.0,0.0
2022-07-27 00:00:00-04:00,181.79693603515625,184.39967346191406,178.62208557128906,183.42465209960938,168.5630340576172,1516254,0.0,0.0
2022-07-28 00:00:00-04:00,183.73086547851562,185.59226989746094,183.1587371826172,185.18130493164062,170.17735290527344,1732684,0.0,0.0
2022-07-29 00:00:00-04:00,184.62530517578125,188.54150390625,182.00643920898438,187.8243408203125,172.6062469482422,2499002,0.0,0.0
2022-08-01 00:00:00-04:00,186.99435424804688,193.18292236328125,186.94601440429688,191.53907775878906,176.02001953125,2365222,0.0,0.0
2022-08-02 00:00:00-04:00,190.07252502441406,190.6849365234375,186.56729125976562,187.96937561035156,172.73951721191406,1772769,0.0,0.0
2022-08-03 00:00:00-04:00,189.24253845214844,190.2417449951172,186.7284393310547,187.90492248535156,172.68028259277344,1290268,0.0,0.0
2022-08-04 00:00:00-04:00,188.38839721679688,190.4190216064453,188.03384399414062,190.2498016357422,174.8351593017578,1343879,0.0,0.0
2022-08-05 00:00:00-04:00,189.08944702148438,192.48187255859375,188.1547088623047,189.2747802734375,173.9391632080078,1870559,0.0,0.0
2022-08-08 00:00:00-04:00,190.16921997070312,190.2981414794922,184.15794372558594,184.5447235107422,169.59234619140625,2308508,0.0,0.0
2022-08-09 00:00:00-04:00,183.65834045410156,183.65834045410156,179.5809783935547,181.28121948242188,166.59329223632812,2400342,0.0,0.0
2022-08-10 00:00:00-04:00,185.18936157226562,189.0008087158203,184.5366668701172,187.30862426757812,172.1322784423828,2712702,0.0,0.0
2022-08-11 00:00:00-04:00,188.1466522216797,188.5576171875,184.12570190429688,184.7220001220703,169.75531005859375,2533626,0.0,0.0
2022-08-12 00:00:00-04:00,185.39080810546875,185.93069458007812,183.6099853515625,185.88235473632812,170.82162475585938,2085749,0.0,0.0
2022-08-15 00:00:00-04:00,184.5608367919922,188.70265197753906,184.48831176757812,187.92103576660156,172.695068359375,1955692,0.0,0.0
2022-08-16 00:00:00-04:00,187.8646240234375,194.11764526367188,187.47784423828125,191.95809936523438,176.40509033203125,2717045,0.0,0.0
2022-08-17 00:00:00-04:00,189.7018585205078,190.82191467285156,187.6228790283203,188.0902557373047,172.8505859375,1477535,0.0,0.0
2022-08-18 00:00:00-04:00,187.94520568847656,189.68572998046875,186.94601440429688,189.2586669921875,173.9243621826172,1233430,0.0,0.0
2022-08-19 00:00:00-04:00,188.69459533691406,188.9927520751953,185.52780151367188,186.7284393310547,171.59913635253906,1562667,0.0,0.0
2022-08-22 00:00:00-04:00,183.22320556640625,183.64222717285156,179.61322021484375,180.15310668945312,165.5565643310547,2317319,0.0,0.0
2022-08-23 00:00:00-04:00,179.9677734375,182.3851776123047,179.65350341796875,181.51490783691406,166.8080291748047,1267309,0.0,0.0
2022-08-24 00:00:00-04:00,181.20870971679688,183.24737548828125,179.61322021484375,182.1595458984375,167.40042114257812,1370312,0.0,0.0
2022-08-25 00:00:00-04:00,182.77195739746094,184.50442504882812,181.31346130371094,183.74697875976562,168.85923767089844,1444400,0.0,0.0
2022-08-26 00:00:00-04:00,184.0290069580078,184.85092163085938,175.680908203125,175.79371643066406,161.55038452148438,1920944,0.0,0.0
2022-08-29 00:00:00-04:00,174.21434020996094,176.0193328857422,173.03787231445312,174.64141845703125,160.49142456054688,1505333,0.0,0.0
2022-08-30 00:00:00-04:00,175.9387664794922,176.4625244140625,171.32151794433594,172.02256774902344,158.08477783203125,1762716,0.0,0.0
2022-08-31 00:00:00-04:00,172.78807067871094,173.23931884765625,169.5568084716797,169.87107849121094,156.1076202392578,2132286,0.0,0.0
2022-09-01 00:00:00-04:00,168.77517700195312,170.91055297851562,166.77679443359375,170.7171630859375,157.74563598632812,1963758,0.926672,0.0
2022-09-02 00:00:00-04:00,172.6027374267578,172.77195739746094,166.98629760742188,168.18695068359375,155.40769958496094,1765571,0.0,0.0
2022-09-06 00:00:00-04:00,165.18130493164062,166.7203826904297,163.03787231445312,164.5205535888672,152.01986694335938,2927767,0.0,0.0
2022-09-07 00:00:00-04:00,162.28848266601562,163.07009887695312,158.65431213378906,162.46575927734375,150.1212158203125,3845611,0.0,0.0
2022-09-08 00:00:00-04:00,161.7082977294922,163.5858154296875,159.19419860839844,163.47300720214844,151.0519561767578,3071103,0.0,0.0
2022-09-09 00:00:00-04:00,165.0281982421875,168.8718719482422,164.81869506835938,168.46897888183594,155.66830444335938,2158595,0.0,0.0
2022-09-12 00:00:00-04:00,169.42788696289062,173.91619873046875,169.42788696289062,172.31265258789062,159.2199249267578,2828115,0.0,0.0
2022-09-13 00:00:00-04:00,168.3239288330078,169.43594360351562,164.46414184570312,165.4633331298828,152.89100646972656,1972942,0.0,0.0
2022-09-14 00:00:00-04:00,164.9556884765625,165.56002807617188,161.8936309814453,165.19741821289062,152.6453094482422,1874779,0.0,0.0
2022-09-15 00:00:00-04:00,164.86705017089844,166.1240997314453,163.75503540039062,165.08460998535156,152.54110717773438,3822528,0.0,0.0
2022-09-16 00:00:00-04:00,128.37228393554688,130.4109649658203,124.89927673339844,129.7501983642578,119.89146423339844,42444558,0.0,0.0
2022-09-19 00:00:00-04:00,128.92828369140625,133.23931884765625,128.525390625,131.26510620117188,121.291259765625,11696425,0.0,0.0
2022-09-20 00:00:00-04:00,129.87107849121094,129.88719177246094,126.5511703491211,126.83319854736328,117.19610595703125,6666776,0.0,0.0
2022-09-21 00:00:00-04:00,126.64786529541016,128.23529052734375,123.48912048339844,123.48912048339844,114.10610961914062,6815076,0.0,0.0
2022-09-22 00:00:00-04:00,122.9814682006836,129.46011352539062,121.14424133300781,124.52860260009766,115.0666275024414,12739486,0.0,0.0
2022-09-23 00:00:00-04:00,120.68492889404297,123.23932647705078,118.17082977294922,120.33037567138672,111.18739318847656,8929616,0.0,0.0
2022-09-26 00:00:00-04:00,119.63739013671875,121.5471420288086,114.74617004394531,115.1490707397461,106.39976501464844,7071466,0.0,0.0
2022-09-27 00:00:00-04:00,115.63255310058594,117.31668090820312,114.35939025878906,116.80096435546875,107.9261474609375,5542802,0.0,0.0
2022-09-28 00:00:00-04:00,117.42143249511719,121.76470947265625,116.63175201416016,120.8622055053711,111.67880249023438,6154367,0.0,0.0
2022-09-29 00:00:00-04:00,119.17808532714844,122.9734115600586,118.59790802001953,122.7316665649414,113.40621948242188,6452207,0.0,0.0
2022-09-30 00:00:00-04:00,121.63578033447266,123.5858154296875,119.53263854980469,119.63739013671875,110.54705047607422,4520467,0.0,0.0
2022-10-03 00:00:00-04:00,120.96696472167969,123.01370239257812,119.24254608154297,122.04673767089844,112.7733383178711,3352189,0.0,0.0
2022-10-04 00:00:00-04:00,125.05237579345703,128.614013671875,124.45608520507812,128.21917724609375,118.47679138183594,12520945,0.0,0.0
2022-10-05 00:00:00-04:00,125.09266662597656,128.07412719726562,124.52860260009766,126.40612030029297,116.80146789550781,8897101,0.0,0.0
2022-10-06 00:00:00-04:00,126.02739715576172,127.31668090820312,124.75422668457031,125.05237579345703,115.55057525634766,5279959,0.0,0.0
2022-10-07 00:00:00-04:00,122.89282989501953,124.57695770263672,120.03223419189453,124.4238510131836,114.96983337402344,9659324,0.0,0.0
2022-10-10 00:00:00-04:00,125.61643981933594,126.06768798828125,122.60273742675781,123.4568862915039,114.07633209228516,6590331,0.0,0.0
2022-10-11 00:00:00-04:00,122.10314178466797,124.56889343261719,121.74053192138672,122.54633331298828,113.23495483398438,7502590,0.0,0.0
2022-10-12 00:00:00-04:00,122.53827667236328,124.93150329589844,122.19983673095703,123.19903564453125,113.83807373046875,3062912,0.0,0.0
2022-10-13 00:00:00-04:00,121.22481536865234,127.34891510009766,120.008056640625,125.90652465820312,116.33984375,3714809,0.0,0.0
2022-10-14 00:00:00-04:00,126.4141845703125,127.64705657958984,124.82675170898438,126.47864532470703,116.86848449707031,2816822,0.0,0.0
2022-10-17 00:00:00-04:00,127.54230499267578,128.8235321044922,125.22159576416016,126.49475860595703,116.88338470458984,3955067,0.0,0.0
2022-10-18 00:00:00-04:00,129.48428344726562,130.07252502441406,124.94762420654297,125.94681549072266,116.3770751953125,3892024,0.0,0.0
2022-10-19 00:00:00-04:00,125.47945404052734,126.26913452148438,122.1273193359375,123.25543975830078,113.89019012451172,4261222,0.0,0.0
2022-10-20 00:00:00-04:00,123.24738311767578,125.22159576416016,120.76551055908203,120.98307800292969,111.79048156738281,4532256,0.0,0.0
2022-10-21 00:00:00-04:00,121.02336883544922,123.98065948486328,120.5801773071289,123.47300720214844,114.09122467041016,7538951,0.0,0.0
2022-10-24 00:00:00-04:00,122.63497161865234,126.09992218017578,122.0225601196289,124.70587921142578,115.23043060302734,3546282,0.0,0.0
2022-10-25 00:00:00-04:00,125.61643981933594,126.77679443359375,124.77840423583984,125.54391479492188,116.00479888916016,3819426,0.0,0.0
2022-10-26 00:00:00-04:00,126.01128387451172,128.25946044921875,125.36663818359375,127.2844467163086,117.61307525634766,4633646,0.0,0.0
2022-10-27 00:00:00-04:00,128.07412719726562,129.17002868652344,126.21273040771484,126.4383544921875,116.83125305175781,2043555,0.0,0.0
2022-10-28 00:00:00-04:00,126.94601440429688,129.35536193847656,125.51974487304688,129.22642517089844,119.40747833251953,3187633,0.0,0.0
2022-10-31 00:00:00-04:00,128.1385955810547,130.7252197265625,127.81627655029297,129.15391540527344,119.34049987792969,2371551,0.0,0.0
2022-11-01 00:00:00-04:00,130.49960327148438,130.9830780029297,126.2771987915039,127.46977996826172,117.7843246459961,2729580,0.0,0.0
2022-11-02 00:00:00-04:00,126.33360290527344,129.08944702148438,124.35133361816406,124.54472351074219,115.08151245117188,2831838,0.0,0.0
2022-11-03 00:00:00-04:00,123.28767395019531,125.8662338256836,121.95004272460938,124.83480834960938,115.34956359863281,7512021,0.0,0.0
2022-11-04 00:00:00-04:00,126.68815612792969,128.04190063476562,124.1740493774414,126.23690795898438,116.64512634277344,1828986,0.0,0.0
2022-11-07 00:00:00-05:00,127.23609924316406,128.67042541503906,126.5431137084961,128.3158721923828,118.56610870361328,2124468,0.0,0.0
2022-11-08 00:00:00-05:00,128.92828369140625,131.57937622070312,126.77679443359375,128.5576171875,118.78950500488281,4470951,0.0,0.0
2022-11-09 00:00:00-05:00,127.31668090820312,129.83883666992188,127.0104751586914,127.34891510009766,117.67264556884766,2801185,0.0,0.0
2022-11-10 00:00:00-05:00,131.10394287109375,135.0040283203125,131.10394287109375,133.76309204101562,123.5994644165039,4694827,0.0,0.0
2022-11-11 00:00:00-05:00,134.48025512695312,142.5463409423828,133.95648193359375,141.50685119628906,130.75485229492188,5505697,0.0,0.0
2022-11-14 00:00:00-05:00,140.62852478027344,144.14987182617188,140.62852478027344,140.82191467285156,130.1219482421875,3721883,0.0,0.0
2022-11-15 00:00:00-05:00,142.31265258789062,144.64947509765625,139.92747497558594,142.03062438964844,131.23880004882812,6474173,0.0,0.0
2022-11-16 00:00:00-05:00,140.20950317382812,141.51490783691406,136.63174438476562,137.6067657470703,127.15108489990234,2964004,0.0,0.0
2022-11-17 00:00:00-05:00,136.1804962158203,138.3078155517578,134.7300567626953,138.22723388671875,127.72438049316406,2036605,0.0,0.0
2022-11-18 00:00:00-05:00,140.20950317382812,141.1281280517578,138.68653869628906,140.78968811035156,130.09213256835938,2290762,0.0,0.0
2022-11-21 00:00:00-05:00,140.15310668945312,141.1442413330078,139.2989501953125,139.91941833496094,129.28799438476562,1719033,0.0,0.0
2022-11-22 00:00:00-05:00,140.9427947998047,142.51409912109375,140.65269470214844,141.55519104003906,130.7994842529297,1808509,0.0,0.0
2022-11-23 00:00:00-05:00,141.6680145263672,142.53826904296875,141.23287963867188,142.1112060546875,131.31326293945312,2181678,0.0,0.0
2022-11-25 00:00:00-05:00,142.828369140625,143.24737548828125,141.82916259765625,142.3851776123047,131.56640625,552617,0.0,0.0
2022-11-28 00:00:00-05:00,141.61965942382812,142.01451110839844,138.50926208496094,139.5729217529297,128.96783447265625,3297213,0.0,0.0
2022-11-29 00:00:00-05:00,140.80580139160156,143.79531860351562,140.4673614501953,143.2876739501953,132.40036010742188,2063659,0.0,0.0
2022-11-30 00:00:00-05:00,142.64303588867188,147.51007080078125,142.4254608154297,146.8332061767578,135.6764373779297,6222995,0.0,0.0
2022-12-01 00:00:00-05:00,146.6559295654297,147.90492248535156,144.93955993652344,145.4069366455078,134.3585662841797,1939063,0.0,0.0
2022-12-02 00:00:00-05:00,143.5616455078125,147.02659606933594,142.69137573242188,146.1804962158203,135.07333374023438,2556832,0.0,0.0
2022-12-05 00:00:00-05:00,144.68170166015625,144.9798583984375,142.07090759277344,142.30459594726562,131.491943359375,1936829,0.0,0.0
2022-12-06 00:00:00-05:00,142.1756591796875,142.28042602539062,137.8646240234375,139.44400024414062,128.8487091064453,2561548,0.0,0.0
2022-12-07 00:00:00-05:00,138.8154754638672,140.4431915283203,138.3480987548828,138.8235321044922,128.27540588378906,1861748,0.0,0.0
2022-12-08 00:00:00-05:00,138.02578735351562,140.7413330078125,137.3972625732422,138.525390625,127.99991607666016,2766810,0.0,0.0
2022-12-09 00:00:00-05:00,137.107177734375,140.87832641601562,137.107177734375,138.8638153076172,129.17674255371094,1830475,0.926672,0.0
2022-12-12 00:00:00-05:00,138.66236877441406,143.61805725097656,138.66236877441406,142.92506408691406,132.9546661376953,3054846,0.0,0.0
2022-12-13 00:00:00-05:00,148.01773071289062,148.581787109375,141.49073791503906,142.53021240234375,132.58737182617188,3418086,0.0,0.0
2022-12-14 00:00:00-05:00,142.1192626953125,145.79371643066406,141.6680145263672,143.48912048339844,133.47938537597656,2000120,0.0,0.0
2022-12-15 00:00:00-05:00,141.11199951171875,142.06285095214844,138.41256713867188,139.5406951904297,129.806396484375,2237027,0.0,0.0
2022-12-16 00:00:00-05:00,138.92828369140625,139.959716796875,136.6559295654297,138.37228393554688,128.71951293945312,4199172,0.0,0.0
2022-12-19 00:00:00-05:00,137.21998596191406,138.36422729492188,134.5930633544922,136.0032196044922,126.5157241821289,3454696,0.0,0.0
2022-12-20 00:00:00-05:00,135.3102264404297,135.78565979003906,131.03143310546875,132.4335174560547,123.19500732421875,6765187,0.0,0.0
2022-12-21 00:00:00-05:00,140.64463806152344,140.83802795410156,135.50363159179688,136.97824096679688,127.4227066040039,9809857,0.0,0.0
2022-12-22 00:00:00-05:00,135.4149932861328,141.63577270507812,135.07655334472656,141.57131958007812,131.6953887939453,6356526,0.0,0.0
2022-12-23 00:00:00-05:00,141.58743286132812,144.286865234375,141.42626953125,141.76470947265625,131.87525939941406,3767552,0.0,0.0
2022-12-27 00:00:00-05:00,141.59548950195312,143.42465209960938,141.09588623046875,142.66720581054688,132.7147979736328,2403321,0.0,0.0
2022-12-28 00:00:00-05:00,142.73973083496094,143.1184539794922,139.41983032226562,139.44400024414062,129.71646118164062,2116153,0.0,0.0
2022-12-29 00:00:00-05:00,140.08058166503906,142.52215576171875,139.89524841308594,141.45849609375,131.59043884277344,1691359,0.0,0.0
2022-12-30 00:00:00-05:00,140.15310668945312,141.1442413330078,138.23529052734375,139.5648651123047,129.82887268066406,1933850,0.0,0.0
2023-01-03 00:00:00-05:00,140.9911346435547,143.1023406982422,140.63658142089844,142.844482421875,132.8796844482422,2722630,0.0,0.0
2023-01-04 00:00:00-05:00,144.23851013183594,147.50201416015625,144.21434020996094,146.21273803710938,136.0130157470703,2836926,0.0,0.0
2023-01-05 00:00:00-05:00,144.7622833251953,146.55921936035156,143.70669555664062,146.07574462890625,135.8855743408203,3030026,0.0,0.0
2023-01-06 00:00:00-05:00,146.95407104492188,150.2498016357422,145.75341796875,149.6938018798828,139.25120544433594,2530895,0.0,0.0
2023-01-09 00:00:00-05:00,149.7018585205078,154.82675170898438,149.62933349609375,152.892822265625,142.2270965576172,3591826,0.0,0.0
2023-01-10 00:00:00-05:00,152.00643920898438,153.03787231445312,150.2820281982422,152.08702087402344,141.47750854492188,2102750,0.0,0.0
2023-01-11 00:00:00-05:00,153.0942840576172,156.25302124023438,153.0942840576172,154.87510681152344,144.07107543945312,2374033,0.0,0.0
2023-01-12 00:00:00-05:00,154.81869506835938,155.63255310058594,153.46495056152344,154.62530517578125,143.83871459960938,1936705,0.0,0.0
2023-01-13 00:00:00-05:00,153.46495056152344,153.90814208984375,151.6599578857422,151.99838256835938,141.39505004882812,1667656,0.0,0.0
2023-01-17 00:00:00-05:00,151.45849609375,151.8936309814453,149.91941833496094,151.59548950195312,141.02024841308594,2300194,0.0,0.0
2023-01-18 00:00:00-05:00,151.6680145263672,154.48025512695312,151.10394287109375,151.22482299804688,140.67543029785156,1660210,0.0,0.0
2023-01-19 00:00:00-05:00,149.83078002929688,150.57211303710938,147.97743225097656,148.45286560058594,138.0968780517578,1639609,0.0,0.0
2023-01-20 00:00:00-05:00,149.21836853027344,150.66880798339844,148.44480895996094,150.58824157714844,140.083251953125,1980512,0.0,0.0
2023-01-23 00:00:00-05:00,150.84608459472656,154.94761657714844,150.12892150878906,154.0290069580078,143.2840118408203,2037970,0.0,0.0
2023-01-24 00:00:00-05:00,152.28042602539062,154.83480834960938,152.1192626953125,152.49798583984375,141.8598175048828,1537475,0.0,0.0
2023-01-25 00:00:00-05:00,150.4512481689453,151.74859619140625,149.7582550048828,151.33763122558594,140.78036499023438,1266316,0.0,0.0
2023-01-26 00:00:00-05:00,152.21595764160156,153.35214233398438,150.52377319335938,153.21514892578125,142.5269317626953,1297838,0.0,0.0
2023-01-27 00:00:00-05:00,152.93312072753906,155.65672302246094,152.78807067871094,153.5535888671875,142.8417510986328,1781952,0.0,0.0
2023-01-30 00:00:00-05:00,151.53102111816406,151.93392944335938,147.93714904785156,148.3319854736328,137.98443603515625,2595676,0.0,0.0
2023-01-31 00:00:00-05:00,148.67042541503906,156.28524780273438,148.581787109375,156.21273803710938,145.3154296875,3007191,0.0,0.0
2023-02-01 00:00:00-05:00,155.60032653808594,164.43191528320312,155.16519165039062,162.860595703125,151.49952697753906,6530266,0.0,0.0
2023-02-02 00:00:00-05:00,168.63819885253906,175.17324829101562,168.63819885253906,172.844482421875,160.7869415283203,4761097,0.0,0.0
2023-02-03 00:00:00-05:00,171.0233612060547,174.0048370361328,170.36260986328125,172.98146057128906,160.91433715820312,2798579,0.0,0.0
2023-02-06 00:00:00-05:00,171.63577270507812,172.8203125,168.565673828125,169.6938018798828,157.8560333251953,2345490,0.0,0.0
2023-02-07 00:00:00-05:00,168.9846954345703,169.7340850830078,165.9468231201172,169.14584350585938,157.34632873535156,2261474,0.0,0.0
2023-02-08 00:00:00-05:00,168.60595703125,169.991943359375,167.80821228027344,168.7993621826172,157.02398681640625,1769542,0.0,0.0
2023-02-09 00:00:00-05:00,169.2989501953125,170.024169921875,167.50201416015625,168.1063690185547,156.37936401367188,1545541,0.0,0.0
2023-02-10 00:00:00-05:00,166.30943298339844,169.48428344726562,166.08380126953125,168.71072387695312,156.94158935546875,1596795,0.0,0.0
2023-02-13 00:00:00-05:00,167.29251098632812,170.75746154785156,167.00241088867188,170.55599975585938,158.65809631347656,1438940,0.0,0.0
2023-02-14 00:00:00-05:00,169.49234008789062,171.6519012451172,168.0902557373047,171.36985778808594,159.41517639160156,1367458,0.0,0.0
2023-02-15 00:00:00-05:00,170.33843994140625,171.74053955078125,169.21836853027344,171.6680145263672,159.69252014160156,1182797,0.0,0.0
2023-02-16 00:00:00-05:00,168.8315887451172,171.4423828125,168.41256713867188,170.56405639648438,158.6655731201172,1586619,0.0,0.0
2023-02-17 00:00:00-05:00,169.5245819091797,170.7091064453125,168.60595703125,169.46011352539062,157.6386260986328,1232685,0.0,0.0
2023-02-21 00:00:00-05:00,166.54310607910156,167.5987091064453,163.65834045410156,165.713134765625,154.15304565429688,2129432,0.0,0.0
2023-02-22 00:00:00-05:00,165.713134765625,166.94601440429688,160.82997131347656,163.44078063964844,152.0392303466797,2964625,0.0,0.0
2023-02-23 00:00:00-05:00,165.0443115234375,165.64866638183594,163.22320556640625,165.33441162109375,153.80075073242188,1669145,0.0,0.0
2023-02-24 00:00:00-05:00,163.77114868164062,164.49636840820312,161.6760711669922,163.8033905029297,152.37652587890625,1722012,0.0,0.0
2023-02-27 00:00:00-05:00,166.0273895263672,167.68734741210938,164.18211364746094,164.43191528320312,152.96121215820312,1643332,0.0,0.0
2023-02-28 00:00:00-05:00,164.41578674316406,166.59146118164062,163.64222717285156,163.75503540039062,152.3315887451172,1816948,0.0,0.0
2023-03-01 00:00:00-05:00,163.77920532226562,166.4544677734375,163.23931884765625,164.64947509765625,153.16360473632812,1464132,0.0,0.0
2023-03-02 00:00:00-05:00,163.8356170654297,167.30056762695312,163.23931884765625,166.74456787109375,155.11256408691406,1355793,0.0,0.0
2023-03-03 00:00:00-05:00,167.97743225097656,169.2989501953125,166.9057159423828,168.47703552246094,156.72415161132812,2000864,0.0,0.0
2023-03-06 00:00:00-05:00,168.89605712890625,170.7413330078125,168.69459533691406,169.3231201171875,157.51121520996094,2665668,0.0,0.0
2023-03-07 00:00:00-05:00,168.9927520751953,168.9927520751953,166.1240997314453,166.25302124023438,154.6552734375,1894883,0.0,0.0
2023-03-08 00:00:00-05:00,165.91458129882812,169.19419860839844,165.50363159179688,168.8477020263672,157.06893920898438,1332710,0.0,0.0
2023-03-09 00:00:00-05:00,170.08863830566406,171.8855743408203,167.04270935058594,167.46978759765625,155.7871856689453,2425659,0.0,0.0
2023-03-10 00:00:00-05:00,166.95407104492188,166.95407104492188,159.95164489746094,162.1192626953125,151.64903259277344,3149534,0.926672,0.0
2023-03-13 00:00:00-04:00,158.71878051757812,160.65269470214844,156.36582946777344,159.0572052001953,148.7847137451172,2814464,0.0,0.0
2023-03-14 00:00:00-04:00,161.1603546142578,162.72361755371094,157.5664825439453,159.46011352539062,149.16163635253906,3205131,0.0,0.0
2023-03-15 00:00:00-04:00,156.32554626464844,157.3892059326172,153.77114868164062,157.3730926513672,147.20938110351562,3318806,0.0,0.0
2023-03-16 00:00:00-04:00,158.17083740234375,165.2699432373047,157.4053192138672,164.42385864257812,153.80479431152344,6290009,0.0,0.0
2023-03-17 00:00:00-04:00,182.1514892578125,182.1514892578125,176.08380126953125,177.52618408203125,166.06092834472656,15711681,0.0,0.0
2023-03-20 00:00:00-04:00,177.26832580566406,178.3078155517578,173.63417053222656,174.24658203125,162.9931182861328,4140472,0.0,0.0
2023-03-21 00:00:00-04:00,175.84205627441406,178.95245361328125,175.72119140625,177.139404296875,165.69912719726562,2490439,0.0,0.0
2023-03-22 00:00:00-04:00,177.6148223876953,180.17727661132812,174.89927673339844,174.90733337402344,163.6112060546875,2719031,0.0,0.0
2023-03-23 00:00:00-04:00,175.57614135742188,179.40370178222656,174.09347534179688,174.79452514648438,163.50567626953125,3206372,0.0,0.0
2023-03-24 00:00:00-04:00,174.7622833251953,175.83399963378906,172.98146057128906,175.34246826171875,164.01821899414062,2199797,0.0,0.0
2023-03-27 00:00:00-04:00,175.11683654785156,178.37228393554688,174.9798583984375,177.13134765625,165.69158935546875,2320546,0.0,0.0
2023-03-28 00:00:00-04:00,177.1796875,179.61322021484375,176.95407104492188,177.6309356689453,166.158935546875,1685154,0.0,0.0
2023-03-29 00:00:00-04:00,178.70265197753906,180.37066650390625,178.70265197753906,180.21755981445312,168.5784912109375,2078551,0.0,0.0
2023-03-30 00:00:00-04:00,181.09588623046875,181.82916259765625,179.62127685546875,180.82191467285156,169.14378356933594,2044051,0.0,0.0
2023-03-31 00:00:00-04:00,181.29734802246094,184.41578674316406,181.1603546142578,184.11764526367188,172.2266845703125,2053235,0.0,0.0
2023-04-03 00:00:00-04:00,183.17486572265625,184.42385864257812,182.48992919921875,184.39967346191406,172.4905242919922,2458297,0.0,0.0
2023-04-04 00:00:00-04:00,184.16600036621094,184.88316345214844,180.040283203125,182.50604248046875,170.7191619873047,2176094,0.0,0.0
2023-04-05 00:00:00-04:00,187.02659606933594,189.90330505371094,183.5616455078125,185.2779998779297,173.31211853027344,8192213,0.0,0.0
2023-04-06 00:00:00-04:00,186.1482696533203,190.01611328125,186.11602783203125,187.02659606933594,174.94775390625,4561544,0.0,0.0
2023-04-10 00:00:00-04:00,184.81869506835938,188.05801391601562,184.21434020996094,186.62368774414062,174.57086181640625,2334197,0.0,0.0
2023-04-11 00:00:00-04:00,186.6720428466797,187.8323974609375,186.1724395751953,186.56729125976562,174.51812744140625,2446756,0.0,0.0
2023-04-12 00:00:00-04:00,186.75262451171875,187.21192932128906,184.7703399658203,184.90733337402344,172.96536254882812,3111808,0.0,0.0
2023-04-13 00:00:00-04:00,185.33441162109375,186.6881561279297,183.50523376464844,186.1966094970703,174.17140197753906,2231194,0.0,0.0
2023-04-14 00:00:00-04:00,186.22885131835938,187.4375457763672,184.84286499023438,185.89041137695312,173.88494873046875,1893394,0.0,0.0
2023-04-17 00:00:00-04:00,185.9387664794922,186.59146118164062,184.3271484375,184.77841186523438,172.84478759765625,1905431,0.0,0.0
2023-04-18 00:00:00-04:00,185.55197143554688,186.76873779296875,184.0048370361328,184.6978302001953,172.76939392089844,1591831,0.0,0.0
2023-04-19 00:00:00-04:00,183.22320556640625,184.9798583984375,183.06204223632812,184.92344665527344,172.98043823242188,1664057,0.0,0.0
2023-04-20 00:00:00-04:00,184.3271484375,186.50282287597656,183.8275604248047,184.83480834960938,172.8975372314453,1631791,0.0,0.0
2023-04-21 00:00:00-04:00,185.15713500976562,187.34890747070312,184.31103515625,185.68896484375,173.696533203125,2705504,0.0,0.0
2023-04-24 00:00:00-04:00,186.1402130126953,187.46173095703125,185.2699432373047,187.07493591308594,174.9929962158203,1705506,0.0,0.0
2023-04-25 00:00:00-04:00,183.8033905029297,185.2941131591797,180.78163146972656,181.6841278076172,169.95034790039062,2731937,0.0,0.0
2023-04-26 00:00:00-04:00,180.85415649414062,182.4254608154297,178.64625549316406,179.5084686279297,167.91519165039062,2250554,0.0,0.0
2023-04-27 00:00:00-04:00,180.61241149902344,182.3851776123047,179.7018585205078,182.06285095214844,170.3046112060547,1905183,0.0,0.0
2023-04-28 00:00:00-04:00,180.19338989257812,184.21434020996094,180.19338989257812,183.5455322265625,171.69151306152344,1995900,0.0,0.0
2023-05-01 00:00:00-04:00,184.08541870117188,186.29330444335938,183.9806671142578,185.80177307128906,173.80203247070312,1392526,0.0,0.0
2023-05-02 00:00:00-04:00,184.66558837890625,185.31829833984375,182.53826904296875,184.0451202392578,172.15884399414062,1367706,0.0,0.0
2023-05-03 00:00:00-04:00,183.77114868164062,186.6962127685547,182.92506408691406,184.14181518554688,172.2493133544922,1683417,0.0,0.0
2023-05-04 00:00:00-04:00,183.8195037841797,184.39161682128906,181.31346130371094,182.4093475341797,170.62872314453125,1185279,0.0,0.0
2023-05-05 00:00:00-04:00,183.02981567382812,186.11602783203125,182.5705108642578,184.7703399658203,172.8372039794922,1436954,0.0,0.0
2023-05-08 00:00:00-04:00,184.5688934326172,186.6639862060547,184.5688934326172,185.92263793945312,173.91510009765625,1313102,0.0,0.0
2023-05-09 00:00:00-04:00,185.16519165039062,186.20468139648438,184.0128936767578,184.23045349121094,172.33218383789062,1203150,0.0,0.0
2023-05-10 00:00:00-04:00,185.06849670410156,185.49557495117188,180.4351348876953,182.3771209716797,170.5985565185547,1837673,0.0,0.0
2023-05-11 00:00:00-04:00,182.52215576171875,182.52215576171875,180.0,181.1764678955078,169.47547912597656,1596050,0.0,0.0
2023-05-12 00:00:00-04:00,181.49879455566406,182.09507751464844,177.48590087890625,179.63739013671875,168.0357666015625,2037474,0.0,0.0
2023-05-15 00:00:00-04:00,178.71072387695312,180.06446838378906,178.23529052734375,179.22642517089844,167.6513671875,2313100,0.0,0.0
2023-05-16 00:00:00-04:00,178.37228393554688,179.98388671875,176.7364959716797,178.2997589111328,166.7845458984375,1898358,0.0,0.0
2023-05-17 00:00:00-04:00,178.46897888183594,182.1353759765625,178.18695068359375,182.02256774902344,170.2668914794922,3353678,0.0,0.0
2023-05-18 00:00:00-04:00,184.60919189453125,188.67848205566406,184.0370635986328,185.680908203125,173.68899536132812,3177705,0.0,0.0
2023-05-19 00:00:00-04:00,186.34971618652344,186.55116271972656,183.65028381347656,184.5930633544922,172.67138671875,1965868,0.0,0.0
2023-05-22 00:00:00-04:00,184.5447235107422,185.68896484375,183.24737548828125,184.270751953125,172.36990356445312,1271280,0.0,0.0
2023-05-23 00:00:00-04:00,183.1265106201172,184.9556884765625,181.95004272460938,182.6269073486328,170.8322296142578,1114418,0.0,0.0
2023-05-24 00:00:00-04:00,181.30540466308594,182.04673767089844,179.3150634765625,180.13699340820312,168.5031280517578,1280588,0.0,0.0
2023-05-25 00:00:00-04:00,180.9830780029297,182.3932342529297,180.39483642578125,181.36985778808594,169.6563720703125,1260111,0.0,0.0
2023-05-26 00:00:00-04:00,181.93392944335938,182.79612731933594,180.4190216064453,180.62046813964844,168.95538330078125,1511414,0.0,0.0
2023-05-30 00:00:00-04:00,181.76470947265625,183.22320556640625,180.17727661132812,182.22401428222656,170.45533752441406,2573462,0.0,0.0
2023-05-31 00:00:00-04:00,180.2659149169922,180.4270782470703,175.51974487304688,175.64866638183594,164.3046417236328,3724986,0.0,0.0
2023-06-01 00:00:00-04:00,175.2699432373047,175.63255310058594,172.28848266601562,175.09266662597656,163.78457641601562,2693715,0.0,0.0
2023-06-02 00:00:00-04:00,176.09185791015625,179.41983032226562,175.92263793945312,178.67848205566406,167.1387939453125,1913126,0.0,0.0
2023-06-05 00:00:00-04:00,178.8557586669922,179.86300659179688,177.5584259033203,178.1466522216797,166.64134216308594,1474184,0.0,0.0
2023-06-06 00:00:00-04:00,177.27638244628906,177.8323974609375,176.10797119140625,176.8734893798828,165.4503631591797,1830103,0.0,0.0
2023-06-07 00:00:00-04:00,177.63900756835938,181.1603546142578,177.29251098632812,180.9830780029297,169.2945556640625,2657602,0.0,0.0
2023-06-08 00:00:00-04:00,181.36180114746094,182.4335174560547,178.9766387939453,181.31346130371094,169.60360717773438,2024692,0.0,0.0
2023-06-09 00:00:00-04:00,180.85415649414062,180.87832641601562,178.24334716796875,180.3061981201172,169.6111602783203,2052862,1.01531,0.0
2023-06-12 00:00:00-04:00,180.84608459472656,181.37791442871094,179.46011352539062,180.9427947998047,170.2100372314453,1783317,0.0,0.0
2023-06-13 00:00:00-04:00,180.66075134277344,184.5205535888672,178.89605712890625,184.42385864257812,173.48458862304688,2906174,0.0,0.0
2023-06-14 00:00:00-04:00,185.14102172851562,187.31668090820312,183.77920532226562,185.06849670410156,174.0909881591797,2595179,0.0,0.0
2023-06-15 00:00:00-04:00,185.14907836914062,190.87832641601562,185.14907836914062,190.52377319335938,179.22267150878906,2881106,0.0,0.0
2023-06-16 00:00:00-04:00,191.25704956054688,191.78082275390625,188.04190063476562,188.1224822998047,176.9638214111328,4087358,0.0,0.0
2023-06-20 00:00:00-04:00,189.0330352783203,189.15391540527344,185.3021697998047,186.6639862060547,175.59181213378906,6472808,0.0,0.0
2023-06-21 00:00:00-04:00,180.33843994140625,187.23609924316406,179.88719177246094,181.98226928710938,171.18783569335938,8843366,0.0,0.0
2023-06-22 00:00:00-04:00,181.31346130371094,189.19419860839844,180.82191467285156,187.69540405273438,176.56211853027344,4457796,0.0,0.0
2023-06-23 00:00:00-04:00,185.85818481445312,188.38839721679688,185.4552764892578,187.21998596191406,176.11488342285156,3757748,0.0,0.0
2023-06-26 00:00:00-04:00,187.64706420898438,191.0153045654297,187.4214324951172,189.3070068359375,178.0780792236328,2737398,0.0,0.0
2023-06-27 00:00:00-04:00,190.2417449951172,198.94439697265625,190.17727661132812,198.8396453857422,187.04531860351562,5165042,0.0,0.0
2023-06-28 00:00:00-04:00,198.22723388671875,201.28927612304688,197.49395751953125,200.19338989257812,188.31875610351562,3699173,0.0,0.0
2023-06-29 00:00:00-04:00,200.4029083251953,201.4423828125,199.959716796875,201.434326171875,189.48605346679688,2872170,0.0,0.0
2023-06-30 00:00:00-04:00,201.450439453125,201.51490783691406,197.94520568847656,199.7582550048828,187.909423828125,3231812,0.0,0.0
2023-07-03 00:00:00-04:00,199.12167358398438,200.13699340820312,198.37228393554688,199.47622680664062,187.6441192626953,1590466,0.0,0.0
2023-07-05 00:00:00-04:00,198.39645385742188,201.74859619140625,198.38034057617188,200.09669494628906,188.227783203125,2002105,0.0,0.0
2023-07-06 00:00:00-04:00,198.75100708007812,200.91055297851562,198.75100708007812,199.5729217529297,187.73509216308594,2125709,0.0,0.0
2023-07-07 00:00:00-04:00,198.8396453857422,203.9726104736328,198.8396453857422,202.4576873779297,190.44873046875,3007564,0.0,0.0
2023-07-10 00:00:00-04:00,201.82110595703125,203.48912048339844,200.90249633789062,202.81224060058594,190.78224182128906,1952093,0.0,0.0
2023-07-11 00:00:00-04:00,203.06204223632812,208.60595703125,203.04592895507812,208.21917724609375,195.8684844970703,3771895,0.0,0.0
2023-07-12 00:00:00-04:00,209.45205688476562,211.62771606445312,209.0330352783203,210.80580139160156,198.30165100097656,2566760,0.0,0.0
2023-07-13 00:00:00-04:00,211.1925811767578,211.82110595703125,207.09912109375,208.2675323486328,195.91395568847656,2168772,0.0,0.0
2023-07-14 00:00:00-04:00,208.04995727539062,209.2908935546875,206.4141845703125,207.4536590576172,195.14834594726562,1296100,0.0,0.0
2023-07-17 00:00:00-04:00,206.59951782226562,207.01046752929688,204.5850067138672,205.2618865966797,193.0865936279297,1854550,0.0,0.0
2023-07-18 00:00:00-04:00,211.1200714111328,214.0209503173828,209.50039672851562,211.09588623046875,198.57455444335938,3433475,0.0,0.0
2023-07-19 00:00:00-04:00,210.7171630859375,210.9508514404297,207.8243408203125,209.7179718017578,197.27835083007812,3295476,0.0,0.0
2023-07-20 00:00:00-04:00,208.90411376953125,213.1506805419922,208.70265197753906,212.36099243164062,199.7646026611328,2654003,0.0,0.0
2023-07-21 00:00:00-04:00,209.86300659179688,211.49879455566406,208.91217041015625,209.24253845214844,196.8311309814453,2217419,0.0,0.0
2023-07-24 00:00:00-04:00,205.4794464111328,210.16921997070312,205.0281982421875,208.51731872558594,196.14892578125,2494906,0.0,0.0
2023-07-25 00:00:00-04:00,208.0983123779297,210.91860961914062,205.18936157226562,209.23448181152344,196.82357788085938,2933352,0.0,0.0
2023-07-26 00:00:00-04:00,210.2900848388672,217.01853942871094,210.2498016357422,216.05963134765625,203.2438507080078,3414363,0.0,0.0
2023-07-27 00:00:00-04:00,216.55921936035156,217.78404235839844,213.51329040527344,213.8356170654297,201.15174865722656,2413869,0.0,0.0
2023-07-28 00:00:00-04:00,215.35052490234375,217.46978759765625,214.49636840820312,216.63980102539062,203.7895965576172,1313599,0.0,0.0
2023-07-31 00:00:00-04:00,216.63980102539062,218.3319854736328,216.05963134765625,217.52618408203125,204.6234130859375,1310000,0.0,0.0
2023-08-01 00:00:00-04:00,216.98629760742188,218.03384399414062,214.0531768798828,216.08380126953125,203.2666015625,1553608,0.0,0.0
2023-08-02 00:00:00-04:00,215.14907836914062,216.22079467773438,213.6019287109375,213.90008544921875,201.21238708496094,1523203,0.0,0.0
2023-08-03 00:00:00-04:00,213.22320556640625,214.49636840820312,211.418212890625,212.34487915039062,199.74945068359375,2247203,0.0,0.0
2023-08-04 00:00:00-04:00,213.5374755859375,215.36663818359375,211.57937622070312,211.92587280273438,199.3553009033203,1977409,0.0,0.0
2023-08-07 00:00:00-04:00,212.53021240234375,214.9556884765625,211.31346130371094,213.02175903320312,200.38619995117188,1855171,0.0,0.0
2023-08-08 00:00:00-04:00,212.32876586914062,217.49395751953125,212.1595458984375,216.1643829345703,203.34239196777344,2545043,0.0,0.0
2023-08-09 00:00:00-04:00,215.56808471679688,216.1966094970703,213.51329040527344,213.92425537109375,201.23513793945312,1571478,0.0,0.0
2023-08-10 00:00:00-04:00,214.85897827148438,216.04351806640625,213.5294189453125,214.7703399658203,202.0310516357422,1289399,0.0,0.0
2023-08-11 00:00:00-04:00,213.88397216796875,214.7703399658203,212.73167419433594,214.15794372558594,201.45497131347656,1494785,0.0,0.0
2023-08-14 00:00:00-04:00,214.37550354003906,215.4794464111328,213.42465209960938,215.10072326660156,202.34182739257812,2739880,0.0,0.0
2023-08-15 00:00:00-04:00,214.93150329589844,215.2779998779297,213.47300720214844,213.9806671142578,201.28817749023438,1726355,0.0,0.0
2023-08-16 00:00:00-04:00,212.96534729003906,216.29330444335938,212.96534729003906,213.5938720703125,200.92434692382812,1830599,0.0,0.0
2023-08-17 00:00:00-04:00,213.65834045410156,215.05238342285156,212.32876586914062,213.46495056152344,200.80307006835938,2723623,0.0,0.0
2023-08-18 00:00:00-04:00,211.7163543701172,213.36019897460938,210.61241149902344,211.64382934570312,199.0899658203125,2448245,0.0,0.0
2023-08-21 00:00:00-04:00,210.9750213623047,212.24012756347656,208.62208557128906,209.46011352539062,197.0357666015625,2021093,0.0,0.0
2023-08-22 00:00:00-04:00,209.46011352539062,210.58824157714844,207.123291015625,208.68653869628906,196.30810546875,1828241,0.0,0.0
2023-08-23 00:00:00-04:00,208.50926208496094,210.7332763671875,207.30862426757812,209.87107849121094,197.42237854003906,2052242,0.0,0.0
2023-08-24 00:00:00-04:00,208.43675231933594,210.7091064453125,207.70346069335938,208.525390625,196.15650939941406,2228464,0.0,0.0
2023-08-25 00:00:00-04:00,209.0008087158203,209.5406951904297,205.07655334472656,208.48509216308594,196.11862182617188,1756015,0.0,0.0
2023-08-28 00:00:00-04:00,209.33119201660156,211.8936309814453,207.29251098632812,208.17889404296875,195.83058166503906,1315212,0.0,0.0
2023-08-29 00:00:00-04:00,207.3892059326172,210.01611328125,207.22804260253906,209.975830078125,197.5209197998047,2225982,0.0,0.0
2023-08-30 00:00:00-04:00,210.85415649414062,213.39242553710938,209.41175842285156,212.64303588867188,200.02992248535156,1891780,0.0,0.0
2023-08-31 00:00:00-04:00,212.46575927734375,213.23931884765625,209.991943359375,210.33038330078125,197.85447692871094,1891656,0.0,0.0
2023-09-01 00:00:00-04:00,211.7244110107422,212.4174041748047,209.12973022460938,210.2900848388672,197.81651306152344,1782697,0.0,0.0
2023-09-05 00:00:00-04:00,209.65350341796875,209.77438354492188,206.60757446289062,206.78485107421875,194.5192413330078,1520101,0.0,0.0
2023-09-06 00:00:00-04:00,207.4536590576172,208.51731872558594,205.86624145507812,207.46978759765625,195.1634979248047,1364976,0.0,0.0
2023-09-07 00:00:00-04:00,207.4053192138672,207.4456024169922,205.10072326660156,206.4141845703125,194.1705322265625,1500493,0.0,0.0
2023-09-08 00:00:00-04:00,205.06849670410156,205.64866638183594,202.892822265625,204.11764526367188,192.95936584472656,1464008,1.01531,0.0
2023-09-11 00:00:00-04:00,205.56808471679688,206.1402130126953,204.11764526367188,205.2377166748047,194.01820373535156,1568252,0.0,0.0
2023-09-12 00:00:00-04:00,204.41578674316406,205.18936157226562,202.02256774902344,202.63497924804688,191.55770874023438,1407046,0.0,0.0
2023-09-13 00:00:00-04:00,202.19178771972656,205.2377166748047,201.37791442871094,203.19097900390625,192.0833282470703,1892029,0.0,0.0
2023-09-14 00:00:00-04:00,204.67364501953125,208.04190063476562,204.45608520507812,207.115234375,195.79307556152344,1946012,0.0,0.0
2023-09-15 00:00:00-04:00,208.38839721679688,208.39645385742188,203.5616455078125,204.7381134033203,193.54588317871094,2575447,0.0,0.0
2023-09-18 00:00:00-04:00,204.50442504882812,205.2296600341797,200.6929931640625,200.88638305664062,189.90472412109375,2209601,0.0,0.0
2023-09-19 00:00:00-04:00,200.64463806152344,202.4093475341797,198.2675323486328,201.4423828125,190.43032836914062,2752042,0.0,0.0
2023-09-20 00:00:00-04:00,202.78001403808594,204.81869506835938,201.58743286132812,201.8694610595703,190.83407592773438,4982119,0.0,0.0
2023-09-21 00:00:00-04:00,211.1200714111328,216.26107788085938,208.88800048828125,210.9991912841797,199.4647216796875,8785660,0.0,0.0
2023-09-22 00:00:00-04:00,211.1442413330078,213.3360137939453,208.75906372070312,210.38677978515625,198.88577270507812,3507935,0.0,0.0
2023-09-25 00:00:00-04:00,209.7421417236328,216.30137634277344,209.68572998046875,214.6897735595703,202.95355224609375,2923672,0.0,0.0
2023-09-26 00:00:00-04:00,213.65028381347656,214.62530517578125,209.5326385498047,210.62852478027344,199.11431884765625,2939060,0.0,0.0
2023-09-27 00:00:00-04:00,211.03948974609375,211.99032592773438,209.5487518310547,211.6921844482422,200.1198272705078,2340278,0.0,0.0
2023-09-28 00:00:00-04:00,211.1684112548828,216.09185791015625,210.31427001953125,214.6978302001953,202.96115112304688,2529779,0.0,0.0
2023-09-29 00:00:00-04:00,217.07493591308594,217.93714904785156,212.4496307373047,213.47300720214844,201.80328369140625,2946382,0.0,0.0
2023-10-02 00:00:00-04:00,214.34327697753906,214.92344665527344,212.3771209716797,213.62611389160156,201.94801330566406,2374033,0.0,0.0
2023-10-03 00:00:00-04:00,212.99758911132812,213.94036865234375,208.94439697265625,209.66156005859375,198.2001953125,2594062,0.0,0.0
2023-10-04 00:00:00-04:00,209.63739013671875,210.7171630859375,206.0193328857422,209.5487518310547,198.09356689453125,2671377,0.0,0.0
2023-10-05 00:00:00-04:00,208.46092224121094,209.5729217529297,207.48590087890625,208.8315887451172,197.41558837890625,1811984,0.0,0.0
2023-10-06 00:00:00-04:00,208.8557586669922,209.85494995117188,207.35696411132812,207.8162841796875,196.45582580566406,1961525,0.0,0.0
2023-10-09 00:00:00-04:00,205.4794464111328,206.98629760742188,203.77114868164062,206.05963134765625,194.79519653320312,2141842,0.0,0.0
2023-10-10 00:00:00-04:00,205.9709930419922,208.8718719482422,205.76954650878906,206.92184448242188,195.61026000976562,1862741,0.0,0.0
2023-10-11 00:00:00-04:00,206.6881561279297,207.02659606933594,203.5294189453125,205.85012817382812,194.5971221923828,2667157,0.0,0.0
2023-10-12 00:00:00-04:00,205.60838317871094,206.28524780273438,201.51490783691406,203.0942840576172,191.991943359375,3120867,0.0,0.0
2023-10-13 00:00:00-04:00,202.80418395996094,204.5124969482422,194.23045349121094,195.680908203125,184.98382568359375,3622727,0.0,0.0
2023-10-16 00:00:00-04:00,196.82513427734375,202.30459594726562,195.93069458007812,199.48428344726562,188.5792694091797,2514018,0.0,0.0
2023-10-17 00:00:00-04:00,197.71151733398438,201.0072479248047,197.24415588378906,199.86300659179688,188.9373016357422,1814963,0.0,0.0
2023-10-18 00:00:00-04:00,197.50201416015625,198.2836456298828,194.93955993652344,196.30137634277344,185.5703582763672,2286418,0.0,0.0
2023-10-19 00:00:00-04:00,196.7364959716797,199.2506103515625,195.2779998779297,196.04351806640625,185.32662963867188,1723004,0.0,0.0
2023-10-20 00:00:00-04:00,196.92184448242188,198.07412719726562,192.28042602539062,193.89202880859375,183.292724609375,2085128,0.0,0.0
2023-10-23 00:00:00-04:00,193.1506805419922,194.89122009277344,190.93472290039062,191.75665283203125,181.27407836914062,1666539,0.0,0.0
2023-10-24 00:00:00-04:00,192.83642578125,195.86624145507812,192.65109252929688,194.7461700439453,184.1001739501953,1823650,0.0,0.0
2023-10-25 00:00:00-04:00,193.96453857421875,194.50442504882812,188.8235321044922,189.5326385498047,179.17166137695312,2000988,0.0,0.0
2023-10-26 00:00:00-04:00,188.89605712890625,189.94358825683594,181.05560302734375,183.66639709472656,173.62608337402344,3707860,0.0,0.0
2023-10-27 00:00:00-04:00,184.09347534179688,187.90492248535156,182.98953247070312,184.39967346191406,174.31932067871094,2487585,0.0,0.0
2023-10-30 00:00:00-04:00,184.9556884765625,191.48268127441406,184.5850067138672,190.82997131347656,180.39805603027344,2583390,0.0,0.0
2023-10-31 00:00:00-04:00,191.92587280273438,193.94036865234375,190.7332763671875,193.47300720214844,182.89662170410156,1924046,0.0,0.0
2023-11-01 00:00:00-04:00,193.8436737060547,197.67929077148438,193.1426239013672,195.9951629638672,185.2808837890625,2580411,0.0,0.0
2023-11-02 00:00:00-04:00,197.5987091064453,200.82997131347656,197.5987091064453,199.23448181152344,188.34315490722656,1849338,0.0,0.0
2023-11-03 00:00:00-04:00,200.81385803222656,201.450439453125,198.95245361328125,199.14584350585938,188.25930786132812,1749190,0.0,0.0
2023-11-06 00:00:00-05:00,199.3231201171875,199.5970916748047,194.93150329589844,197.68734741210938,186.88055419921875,1263338,0.0,0.0
2023-11-07 00:00:00-05:00,195.78565979003906,197.93714904785156,195.2618865966797,196.77679443359375,186.019775390625,1177213,0.0,0.0
2023-11-08 00:00:00-05:00,197.4133758544922,197.8726806640625,195.705078125,197.71957397460938,186.91107177734375,1371057,0.0,0.0
2023-11-09 00:00:00-05:00,198.67042541503906,199.0330352783203,193.9967803955078,194.35133361816406,183.72691345214844,1171628,0.0,0.0
2023-11-10 00:00:00-05:00,195.14102172851562,198.8638153076172,193.9967803955078,198.25140380859375,187.4137725830078,1538220,0.0,0.0
2023-11-13 00:00:00-05:00,197.33279418945312,198.25946044921875,195.2457733154297,197.73570251464844,186.92626953125,1174234,0.0,0.0
2023-11-14 00:00:00-05:00,200.60435485839844,206.20468139648438,200.04835510253906,204.81869506835938,193.6220703125,2356783,0.0,0.0
2023-11-15 00:00:00-05:00,204.61724853515625,211.05560302734375,204.61724853515625,207.4294891357422,196.09014892578125,2633278,0.0,0.0
2023-11-16 00:00:00-05:00,206.99435424804688,207.68734741210938,202.68331909179688,205.4311065673828,194.20101928710938,1856660,0.0,0.0
2023-11-17 00:00:00-05:00,206.97018432617188,207.5584259033203,204.37550354003906,206.24496459960938,194.97039794921875,1528167,0.0,0.0
2023-11-20 00:00:00-05:00,205.76954650878906,206.76873779296875,203.36825561523438,205.91458129882812,194.65805053710938,1491186,0.0,0.0
2023-11-21 00:00:00-05:00,205.52780151367188,206.75262451171875,204.08541870117188,206.1724395751953,194.9018096923828,1056960,0.0,0.0
2023-11-22 00:00:00-05:00,207.5423126220703,207.5423126220703,205.57614135742188,206.6559295654297,195.35887145996094,1184783,0.0,0.0
2023-11-24 00:00:00-05:00,207.27638244628906,208.8718719482422,206.6559295654297,207.5825958251953,196.2349090576172,561180,0.0,0.0
2023-11-27 00:00:00-05:00,206.1482696533203,206.96212768554688,202.78807067871094,204.35133361816406,193.1802520751953,2218163,0.0,0.0
2023-11-28 00:00:00-05:00,204.7220001220703,206.52699279785156,203.19097900390625,204.19822692871094,193.0355224609375,1417098,0.0,0.0
2023-11-29 00:00:00-05:00,205.9548797607422,207.30056762695312,204.21434020996094,204.61724853515625,193.43165588378906,1256016,0.0,0.0
2023-11-30 00:00:00-05:00,204.5366668701172,208.8557586669922,203.19903564453125,208.565673828125,197.16421508789062,2241991,0.0,0.0
2023-12-01 00:00:00-05:00,208.8235321044922,213.77920532226562,208.3239288330078,213.07009887695312,201.42242431640625,2475671,0.0,0.0
2023-12-04 00:00:00-05:00,211.62771606445312,215.79371643066406,211.03143310546875,214.0209503173828,202.32127380371094,1762592,0.0,0.0
2023-12-05 00:00:00-05:00,212.90895080566406,215.37469482421875,211.53102111816406,214.40773010253906,202.68690490722656,1459664,0.0,0.0
2023-12-06 00:00:00-05:00,215.49557495117188,216.79290771484375,214.65753173828125,215.31829833984375,203.54769897460938,2046781,0.0,0.0
2023-12-07 00:00:00-05:00,215.9548797607422,216.74456787109375,213.95648193359375,215.65672302246094,203.8675994873047,1739137,0.0,0.0
2023-12-08 00:00:00-05:00,215.4875030517578,220.59629821777344,215.4552764892578,219.34730529785156,208.33734130859375,2539582,1.01531,0.0
2023-12-11 00:00:00-05:00,219.14584350585938,220.7091064453125,218.44480895996094,218.67848205566406,207.7020721435547,1607716,0.0,0.0
2023-12-12 00:00:00-05:00,220.37066650390625,222.6027374267578,219.2908935546875,219.991943359375,208.9495849609375,1911016,0.0,0.0
2023-12-13 00:00:00-05:00,219.21031188964844,221.49073791503906,216.4061279296875,220.65269470214844,209.57717895507812,1861500,0.0,0.0
2023-12-14 00:00:00-05:00,223.6099853515625,227.4294891357422,222.3771209716797,225.18936157226562,213.88613891601562,3586118,0.0,0.0
2023-12-15 00:00:00-05:00,223.89202880859375,229.2667236328125,223.1184539794922,226.6639862060547,215.2867431640625,3434840,0.0,0.0
2023-12-18 00:00:00-05:00,228.24334716796875,230.08058166503906,226.1402130126953,227.171630859375,215.76890563964844,3064153,0.0,0.0
2023-12-19 00:00:00-05:00,226.48670959472656,228.50926208496094,224.41578674316406,225.62449645996094,214.2994384765625,8538452,0.0,0.0
2023-12-20 00:00:00-05:00,198.63014221191406,203.6099853515625,198.17083740234375,198.42868041992188,188.46868896484375,23351277,0.0,0.0
2023-12-21 00:00:00-05:00,199.92747497558594,200.4431915283203,197.123291015625,199.3231201171875,189.31822204589844,7261960,0.0,0.0
2023-12-22 00:00:00-05:00,199.21031188964844,200.9830780029297,198.1063690185547,199.86300659179688,189.83102416992188,4154123,0.0,0.0
2023-12-26 00:00:00-05:00,201.450439453125,204.10153198242188,200.80580139160156,203.05398559570312,192.86183166503906,4460775,0.0,0.0
2023-12-27 00:00:00-05:00,203.67445373535156,205.19741821289062,202.03062438964844,202.20790100097656,192.05821228027344,3889790,0.0,0.0
2023-12-28 00:00:00-05:00,202.07896423339844,204.65753173828125,201.93392944335938,204.33522033691406,194.07876586914062,2788403,0.0,0.0
2023-12-29 00:00:00-05:00,204.7300567626953,205.9871063232422,202.95729064941406,203.8436737060547,193.61187744140625,2418709,0.0,0.0
2024-01-02 00:00:00-05:00,202.66720581054688,203.8195037841797,201.63577270507812,203.25543212890625,193.0531463623047,3087608,0.0,0.0
2024-01-03 00:00:00-05:00,201.6680145263672,201.6680145263672,198.06607055664062,199.5487518310547,189.5325164794922,3660826,0.0,0.0
2024-01-04 00:00:00-05:00,199.23448181152344,199.62933349609375,197.48590087890625,197.65512084960938,187.73397827148438,3613544,0.0,0.0
2024-01-05 00:00:00-05:00,197.4536590576172,200.50765991210938,197.02659606933594,198.8799285888672,188.8972625732422,2814836,0.0,0.0
2024-01-08 00:00:00-05:00,200.05641174316406,201.32151794433594,198.3158721923828,200.31427001953125,190.25962829589844,2763335,0.0,0.0
2024-01-09 00:00:00-05:00,199.11361694335938,200.4109649658203,198.74295043945312,199.23448181152344,189.23403930664062,1878998,0.0,0.0
2024-01-10 00:00:00-05:00,198.8638153076172,202.32876586914062,198.25140380859375,202.1031494140625,191.95870971679688,2443157,0.0,0.0
2024-01-11 00:00:00-05:00,201.56324768066406,202.844482421875,200.15310668945312,202.1353759765625,191.9893341064453,2507316,0.0,0.0
2024-01-12 00:00:00-05:00,201.6680145263672,202.68331909179688,199.5165252685547,200.2981414794922,190.24432373046875,1990564,0.0,0.0
2024-01-16 00:00:00-05:00,199.23448181152344,199.23448181152344,196.34165954589844,197.4536590576172,187.54263305664062,3481005,0.0,0.0
2024-01-17 00:00:00-05:00,195.0040283203125,197.25221252441406,194.60113525390625,196.04351806640625,186.2032470703125,2363112,0.0,0.0
2024-01-18 00:00:00-05:00,197.35696411132812,197.35696411132812,195.0040283203125,196.6720428466797,186.8002166748047,2476167,0.0,0.0
2024-01-19 00:00:00-05:00,197.25221252441406,198.75100708007812,195.0201416015625,198.65431213378906,188.6829833984375,3016251,0.0,0.0
2024-01-22 00:00:00-05:00,199.35536193847656,202.844482421875,199.35536193847656,202.00643920898438,191.8668670654297,2854300,0.0,0.0
2024-01-23 00:00:00-05:00,202.4012908935547,202.93312072753906,200.88638305664062,202.1353759765625,191.9893341064453,2027422,0.0,0.0
2024-01-24 00:00:00-05:00,203.19903564453125,204.286865234375,200.4754180908203,201.23287963867188,191.13214111328125,3060927,0.0,0.0
2024-01-25 00:00:00-05:00,202.94117736816406,205.35858154296875,202.6269073486328,203.9726104736328,193.7343292236328,2127695,0.0,0.0
2024-01-26 00:00:00-05:00,204.20628356933594,205.0281982421875,202.07896423339844,202.69943237304688,192.52505493164062,2178948,0.0,0.0
2024-01-29 00:00:00-05:00,202.1434326171875,202.26429748535156,198.23529052734375,199.86300659179688,189.83102416992188,3241740,0.0,0.0
2024-01-30 00:00:00-05:00,196.06768798828125,199.07333374023438,194.48025512695312,196.4302978515625,186.57061767578125,4916222,0.0,0.0
2024-01-31 00:00:00-05:00,196.1402130126953,196.97824096679688,193.8275604248047,194.43191528320312,184.6725311279297,3711335,0.0,0.0
2024-02-01 00:00:00-05:00,194.5124969482422,195.4794464111328,192.73167419433594,194.9637451171875,185.1776885986328,2999621,0.0,0.0
2024-02-02 00:00:00-05:00,194.60113525390625,196.4705810546875,192.860595703125,195.2941131591797,185.491455078125,2481007,0.0,0.0
2024-02-05 00:00:00-05:00,194.0290069580078,194.68170166015625,191.74053955078125,192.03062438964844,182.39178466796875,3257501,0.0,0.0
2024-02-06 00:00:00-05:00,192.50604248046875,196.4383544921875,192.35293579101562,194.45608520507812,184.6955108642578,3257625,0.0,0.0
2024-02-07 00:00:00-05:00,195.0201416015625,196.03546142578125,193.65834045410156,195.10877990722656,185.3154296875,2674976,0.0,0.0
2024-02-08 00:00:00-05:00,194.92344665527344,196.08380126953125,193.72280883789062,194.80258178710938,185.0246124267578,2292499,0.0,0.0
2024-02-09 00:00:00-05:00,195.05238342285156,195.66477966308594,193.49717712402344,195.50363159179688,185.69046020507812,2216798,0.0,0.0
2024-02-12 00:00:00-05:00,195.57614135742188,197.09912109375,194.89122009277344,196.97018432617188,187.0833740234375,2200541,0.0,0.0
2024-02-13 00:00:00-05:00,193.9967803955078,194.06930541992188,189.40370178222656,190.4834747314453,180.92225646972656,3119378,0.0,0.0
2024-02-14 00:00:00-05:00,191.31346130371094,191.53907775878906,189.61322021484375,190.83802795410156,181.25901794433594,1804414,0.0,0.0
2024-02-15 00:00:00-05:00,190.38677978515625,192.03868103027344,189.959716796875,190.58824157714844,181.02182006835938,1886816,0.0,0.0
2024-02-16 00:00:00-05:00,190.01611328125,191.93392944335938,188.92022705078125,191.450439453125,181.8407440185547,2621985,0.0,0.0
2024-02-20 00:00:00-05:00,190.58824157714844,193.1184539794922,189.62127685546875,193.02175903320312,183.3331756591797,2074456,0.0,0.0
2024-02-21 00:00:00-05:00,193.1667938232422,194.63336181640625,191.95004272460938,194.5286102294922,184.76438903808594,1856536,0.0,0.0
2024-02-22 00:00:00-05:00,195.11683654785156,196.8573760986328,194.66558837890625,196.74456787109375,186.86911010742188,1669021,0.0,0.0
2024-02-23 00:00:00-05:00,196.80096435546875,197.3811492919922,195.4230499267578,196.1804962158203,186.3333740234375,1400841,0.0,0.0
2024-02-26 00:00:00-05:00,194.6978302001953,196.52699279785156,193.8114471435547,194.294921875,184.54241943359375,1606723,0.0,0.0
2024-02-27 00:00:00-05:00,194.45608520507812,195.4875030517578,194.11764526367188,194.5205535888672,184.75672912597656,1278106,0.0,0.0
2024-02-28 00:00:00-05:00,192.8525390625,197.03465270996094,192.64303588867188,196.9137725830078,187.02980041503906,1790267,0.0,0.0
2024-02-29 00:00:00-05:00,198.04995727539062,201.0153045654297,197.5906524658203,200.62046813964844,190.55047607421875,3461397,0.0,0.0
2024-03-01 00:00:00-05:00,199.87107849121094,200.78968811035156,197.8807373046875,198.71072387695312,188.736572265625,2088107,0.0,0.0
2024-03-04 00:00:00-05:00,197.4536590576172,199.91941833496094,197.04270935058594,198.8477020263672,188.86668395996094,1978899,0.0,0.0
2024-03-05 00:00:00-05:00,197.8887939453125,200.4754180908203,197.5503692626953,200.4190216064453,190.35911560058594,1713821,0.0,0.0
2024-03-06 00:00:00-05:00,201.29734802246094,202.78001403808594,199.37953186035156,200.16116333007812,190.1142120361328,2047526,0.0,0.0
2024-03-07 00:00:00-05:00,201.21676635742188,202.3932342529297,200.63658142089844,201.64382934570312,191.5224609375,1906921,0.0,0.0
2024-03-08 00:00:00-05:00,201.50685119628906,201.6841278076172,199.42788696289062,199.5809783935547,190.52244567871094,1386197,1.01531,0.0
2024-03-11 00:00:00-04:00,199.7099151611328,204.19017028808594,199.7099151611328,203.62611389160156,194.38400268554688,1830475,0.0,0.0
2024-03-12 00:00:00-04:00,204.06930541992188,208.06607055664062,204.0209503173828,204.85092163085938,195.55322265625,2373164,0.0,0.0
2024-03-13 00:00:00-04:00,205.92263793945312,208.04190063476562,205.60838317871094,205.65672302246094,196.3224334716797,1851944,0.0,0.0
2024-03-14 00:00:00-04:00,205.21353149414062,206.57534790039062,204.31103515625,205.90652465820312,196.56089782714844,1655370,0.0,0.0
2024-03-15 00:00:00-04:00,203.76309204101562,206.1321563720703,203.3279571533203,204.10153198242188,194.8378448486328,4091205,0.0,0.0
2024-03-18 00:00:00-04:00,204.12570190429688,205.4311065673828,202.80418395996094,204.0128936767578,194.7532196044922,1934223,0.0,0.0
2024-03-19 00:00:00-04:00,203.8114471435547,207.30862426757812,203.47300720214844,206.78485107421875,197.3993682861328,1792376,0.0,0.0
2024-03-20 00:00:00-04:00,206.78485107421875,209.65350341796875,205.4875030517578,209.50039672851562,199.9916534423828,2345738,0.0,0.0
2024-03-21 00:00:00-04:00,209.14584350585938,213.96453857421875,209.13778686523438,213.41659545898438,203.7301025390625,6055335,0.0,0.0
2024-03-22 00:00:00-04:00,230.4593048095703,234.7058868408203,226.75262451171875,229.10556030273438,218.7069854736328,10159571,0.0,0.0
2024-03-25 00:00:00-04:00,226.25302124023438,228.05801391601562,223.65028381347656,227.69540405273438,217.36083984375,3758244,0.0,0.0
2024-03-26 00:00:00-04:00,228.1466522216797,234.38356018066406,227.92909240722656,232.86865234375,222.29928588867188,5618752,0.0,0.0
2024-03-27 00:00:00-04:00,233.5294189453125,233.5294189453125,229.08944702148438,231.97421264648438,221.4454345703125,2217047,0.0,0.0
2024-03-28 00:00:00-04:00,231.49073791503906,234.0370635986328,230.82997131347656,233.47300720214844,222.87620544433594,2048519,0.0,0.0
2024-04-01 00:00:00-04:00,229.0410919189453,231.33763122558594,225.11683654785156,225.729248046875,215.48390197753906,3454944,0.0,0.0
2024-04-02 00:00:00-04:00,222.81224060058594,223.95648193359375,220.66075134277344,221.82916259765625,211.76084899902344,3122852,0.0,0.0
2024-04-03 00:00:00-04:00,222.94923400878906,225.33441162109375,221.59548950195312,224.40773010253906,214.22238159179688,2240998,0.0,0.0
2024-04-04 00:00:00-04:00,225.9709930419922,226.58340454101562,221.11199951171875,222.00643920898438,211.93006896972656,2279097,0.0,0.0
2024-04-05 00:00:00-04:00,221.59548950195312,222.36099243164062,219.3070068359375,220.4029083251953,210.39932250976562,1947005,0.0,0.0
2024-04-08 00:00:00-04:00,221.57937622070312,222.8203125,220.9991912841797,222.05479431152344,211.9762420654297,2542437,0.0,0.0
2024-04-09 00:00:00-04:00,221.61965942382812,222.844482421875,220.4673614501953,222.69943237304688,212.59161376953125,1518736,0.0,0.0
2024-04-10 00:00:00-04:00,219.36341857910156,220.6849365234375,215.76148986816406,217.80821228027344,207.9224090576172,3230447,0.0,0.0
2024-04-11 00:00:00-04:00,217.8807373046875,220.0322265625,217.32473754882812,219.3231201171875,209.36854553222656,1280588,0.0,0.0
2024-04-12 00:00:00-04:00,218.46092224121094,218.95245361328125,214.2626953125,215.79371643066406,205.9993133544922,1460037,0.0,0.0
2024-04-15 00:00:00-04:00,218.22723388671875,218.8638153076172,214.46414184570312,214.93955993652344,205.18394470214844,1239635,0.0,0.0
2024-04-16 00:00:00-04:00,214.81063842773438,215.0281982421875,212.05479431152344,213.48912048339844,203.79934692382812,1763585,0.0,0.0
2024-04-17 00:00:00-04:00,213.05398559570312,214.286865234375,211.29734802246094,211.98226928710938,202.36090087890625,1702404,0.0,0.0
2024-04-18 00:00:00-04:00,212.8203125,213.69862365722656,211.1845245361328,212.22401428222656,202.59165954589844,1319928,0.0,0.0
2024-04-19 00:00:00-04:00,212.92506408691406,216.8412628173828,212.29653930664062,215.14102172851562,205.3762664794922,2350826,0.0,0.0
2024-04-22 00:00:00-04:00,216.49476623535156,219.12973022460938,215.16519165039062,217.68734741210938,207.8070526123047,1547031,0.0,0.0
2024-04-23 00:00:00-04:00,217.90492248535156,220.7171630859375,217.5664825439453,218.9766387939453,209.0377655029297,1473067,0.0,0.0
2024-04-24 00:00:00-04:00,217.97743225097656,218.63819885253906,212.3932342529297,214.39967346191406,204.66856384277344,2105481,0.0,0.0
2024-04-25 00:00:00-04:00,212.68331909179688,214.18211364746094,211.6841278076172,213.95648193359375,204.24549865722656,1087240,0.0,0.0
2024-04-26 00:00:00-04:00,212.83642578125,215.51168823242188,212.1756591796875,214.21434020996094,204.4916534423828,1189995,0.0,0.0
2024-04-29 00:00:00-04:00,214.7703399658203,216.1482696533203,212.69943237304688,214.23045349121094,204.50701904296875,976419,0.0,0.0
2024-04-30 00:00:00-04:00,213.40853881835938,213.51329040527344,210.84608459472656,210.9427947998047,201.3685760498047,1059690,0.0,0.0
2024-05-01 00:00:00-04:00,210.83802795410156,211.95004272460938,209.33119201660156,210.09669494628906,200.56089782714844,1118141,0.0,0.0
2024-05-02 00:00:00-04:00,212.1595458984375,212.63497924804688,209.5165252685547,211.1442413330078,201.56088256835938,1627696,0.0,0.0
2024-05-03 00:00:00-04:00,212.32876586914062,213.9967803955078,209.38758850097656,210.0322265625,200.49932861328125,1346609,0.0,0.0
2024-05-06 00:00:00-04:00,211.79693603515625,211.92587280273438,209.64544677734375,209.7421417236328,200.22242736816406,1153634,0.0,0.0
2024-05-07 00:00:00-04:00,210.49960327148438,211.1522979736328,208.2917022705078,209.08139038085938,199.5916748046875,1682920,0.0,0.0
2024-05-08 00:00:00-04:00,207.71957397460938,208.70265197753906,206.1321563720703,207.90492248535156,198.4685821533203,1804290,0.0,0.0
2024-05-09 00:00:00-04:00,208.04190063476562,211.53102111816406,208.04190063476562,211.1684112548828,201.5839385986328,1146312,0.0,0.0
2024-05-10 00:00:00-04:00,211.1684112548828,214.302978515625,211.1684112548828,214.12570190429688,204.40704345703125,1355668,0.0,0.0
2024-05-13 00:00:00-04:00,214.36744689941406,216.22079467773438,213.5616455078125,215.06044006347656,205.2993621826172,2526924,0.0,0.0
2024-05-14 00:00:00-04:00,215.32635498046875,215.65672302246094,208.17889404296875,208.73489379882812,199.2609100341797,3144694,0.0,0.0
2024-05-15 00:00:00-04:00,209.5084686279297,210.09669494628906,208.04995727539062,208.96051025390625,199.47630310058594,1421690,0.0,0.0
2024-05-16 00:00:00-04:00,208.3480987548828,210.3061981201172,207.4214324951172,208.525390625,199.06089782714844,1410148,0.0,0.0
2024-05-17 00:00:00-04:00,209.5729217529297,209.5729217529297,206.51087951660156,207.29251098632812,197.8839874267578,1761848,0.0,0.0
2024-05-20 00:00:00-04:00,207.08299255371094,207.4214324951172,204.7300567626953,205.2457733154297,195.93016052246094,1116155,0.0,0.0
2024-05-21 00:00:00-04:00,204.67364501953125,205.31829833984375,202.19984436035156,203.3279571533203,194.099365234375,1274755,0.0,0.0
2024-05-22 00:00:00-04:00,203.06204223632812,203.5938720703125,201.28121948242188,203.1184539794922,193.89938354492188,2191606,0.0,0.0
2024-05-23 00:00:00-04:00,202.69943237304688,203.18292236328125,198.95245361328125,200.87832641601562,191.76092529296875,1795107,0.0,0.0
2024-05-24 00:00:00-04:00,201.450439453125,202.1676025390625,198.47703552246094,199.5084686279297,190.45323181152344,1360881,0.0,0.0
2024-05-28 00:00:00-04:00,199.19419860839844,200.9911346435547,198.7993621826172,199.87107849121094,190.7993927001953,1526182,0.0,0.0
2024-05-29 00:00:00-04:00,198.0983123779297,199.0572052001953,196.8654327392578,197.51007080078125,188.54554748535156,1375028,0.0,0.0
2024-05-30 00:00:00-04:00,198.3480987548828,201.20870971679688,197.8323974609375,201.11199951171875,191.98399353027344,1345616,0.0,0.0
2024-05-31 00:00:00-04:00,201.450439453125,204.93955993652344,199.93553161621094,204.64141845703125,195.35317993164062,2167903,0.0,0.0
2024-06-03 00:00:00-04:00,204.17405700683594,204.66558837890625,198.7993621826172,200.33843994140625,191.24554443359375,1749562,0.0,0.0
2024-06-04 00:00:00-04:00,199.83883666992188,200.10475158691406,196.82513427734375,198.18695068359375,189.19171142578125,1555718,0.0,0.0
2024-06-05 00:00:00-04:00,199.7582550048828,200.11280822753906,196.99435424804688,199.87913513183594,190.8070831298828,1154378,0.0,0.0
2024-06-06 00:00:00-04:00,199.87913513183594,202.48992919921875,199.2828369140625,201.6680145263672,192.51478576660156,1453459,0.0,0.0
2024-06-07 00:00:00-04:00,199.80661010742188,202.5543975830078,199.15391540527344,199.62127685546875,190.56094360351562,1590838,0.0,0.0
2024-06-10 00:00:00-04:00,199.0330352783203,204.84286499023438,198.1627655029297,204.44802856445312,195.16864013671875,1830847,0.0,0.0
2024-06-11 00:00:00-04:00,203.19097900390625,203.5374755859375,201.36985778808594,203.40853881835938,194.17628479003906,1460533,0.0,0.0
2024-06-12 00:00:00-04:00,204.17405700683594,204.91539001464844,199.94358825683594,200.32232666015625,191.23013305664062,1930872,0.0,0.0
2024-06-13 00:00:00-04:00,200.75746154785156,201.04754638671875,196.82513427734375,200.32232666015625,191.23013305664062,1260360,0.0,0.0
2024-06-14 00:00:00-04:00,198.67042541503906,199.7663116455078,195.745361328125,198.57373046875,189.56092834472656,1546038,0.0,0.0
2024-06-17 00:00:00-04:00,197.8565673828125,201.82916259765625,197.30056762695312,201.49879455566406,192.35324096679688,1553980,0.0,0.0
2024-06-18 00:00:00-04:00,201.61160278320312,203.39242553710938,199.5165252685547,199.91136169433594,190.8378448486328,1869070,0.0,0.0
2024-06-20 00:00:00-04:00,200.4512481689453,204.14987182617188,200.21755981445312,203.48106384277344,194.24551391601562,1847353,0.0,0.0
2024-06-21 00:00:00-04:00,203.8517303466797,206.1966094970703,202.74778747558594,204.39967346191406,195.12245178222656,3899843,0.0,0.0
2024-06-24 00:00:00-04:00,204.65753173828125,207.34085083007812,203.9806671142578,206.6962127685547,198.39407348632812,2354425,1.112006,0.0
2024-06-25 00:00:00-04:00,206.4061279296875,206.92990112304688,203.5455322265625,206.59146118164062,198.2935333251953,6933095,0.0,0.0
2024-06-26 00:00:00-04:00,232.4174041748047,239.21031188964844,228.8477020263672,238.67042541503906,229.08401489257812,13807490,0.0,0.0
2024-06-27 00:00:00-04:00,236.1966094970703,238.39645385742188,232.4012908935547,238.0902557373047,228.52716064453125,4950597,0.0,0.0
2024-06-28 00:00:00-04:00,236.82513427734375,243.68251037597656,236.4544677734375,241.61160278320312,231.9070587158203,5310115,0.0,0.0
2024-07-01 00:00:00-04:00,240.22561645507812,242.77195739746094,239.49234008789062,240.6768798828125,231.00987243652344,3064153,0.0,0.0
2024-07-02 00:00:00-04:00,238.91217041015625,242.71554565429688,238.91217041015625,240.3061981201172,230.6540985107422,2276490,0.0,0.0
2024-07-03 00:00:00-04:00,241.1281280517578,241.33763122558594,235.81788635253906,236.6720428466797,227.16590881347656,1581406,0.0,0.0
2024-07-05 00:00:00-04:00,236.6720428466797,237.68734741210938,235.35052490234375,236.9057159423828,227.39016723632812,1836928,0.0,0.0
2024-07-08 00:00:00-04:00,237.31668090820312,240.040283203125,236.59951782226562,238.1385955810547,228.57354736328125,1902453,0.0,0.0
2024-07-09 00:00:00-04:00,238.51731872558594,239.19419860839844,235.713134765625,235.88235473632812,226.40792846679688,1553856,0.0,0.0
2024-07-10 00:00:00-04:00,235.88235473632812,236.63174438476562,233.24737548828125,236.31748962402344,226.8256072998047,1820051,0.0,0.0
2024-07-11 00:00:00-04:00,237.70346069335938,242.49798583984375,237.4536590576172,241.36985778808594,231.67503356933594,2308260,0.0,0.0
2024-07-12 00:00:00-04:00,240.58016967773438,242.5543975830078,239.87107849121094,240.9508514404297,231.2728729248047,1794114,0.0,0.0
2024-07-15 00:00:00-04:00,242.1112060546875,246.24496459960938,240.9830780029297,245.78565979003906,235.91346740722656,2567257,0.0,0.0
2024-07-16 00:00:00-04:00,246.4464111328125,252.892822265625,246.3900146484375,252.63497924804688,242.48768615722656,3490437,0.0,0.0
2024-07-17 00:00:00-04:00,250.14505004882812,252.75584411621094,248.2675323486328,250.14505004882812,240.09776306152344,1970832,0.0,0.0
2024-07-18 00:00:00-04:00,248.9766387939453,252.34487915039062,246.28524780273438,247.07493591308594,237.15097045898438,1989323,0.0,0.0
2024-07-19 00:00:00-04:00,247.07493591308594,248.77517700195312,244.9798583984375,246.82513427734375,236.91119384765625,1606599,0.0,0.0
2024-07-22 00:00:00-04:00,247.3811492919922,247.97743225097656,242.86865234375,247.72764587402344,237.77745056152344,1755022,0.0,0.0
2024-07-23 00:00:00-04:00,240.93472290039062,245.0362548828125,239.92747497558594,242.3851776123047,232.64956665039062,2815084,0.0,0.0
2024-07-24 00:00:00-04:00,242.3932342529297,242.3932342529297,238.9846954345703,240.35455322265625,230.70050048828125,1912505,0.0,0.0
2024-07-25 00:00:00-04:00,240.36260986328125,244.39161682128906,240.13699340820312,240.60435485839844,230.94027709960938,1566887,0.0,0.0
2024-07-26 00:00:00-04:00,241.61965942382812,243.49717712402344,239.7018585205078,241.8533477783203,232.1391143798828,1490193,0.0,0.0
2024-07-29 00:00:00-04:00,241.99838256835938,243.3279571533203,240.17727661132812,241.1200714111328,231.43528747558594,1073341,0.0,0.0
2024-07-30 00:00:00-04:00,241.7082977294922,244.15794372558594,241.1845245361328,242.4496307373047,232.71142578125,1288779,0.0,0.0
2024-07-31 00:00:00-04:00,242.5866241455078,246.26107788085938,242.4496307373047,243.5535888671875,233.7710418701172,1175723,0.0,0.0
2024-08-01 00:00:00-04:00,244.33522033691406,246.4705810546875,238.75100708007812,239.991943359375,230.3524627685547,1901957,0.0,0.0
2024-08-02 00:00:00-04:00,236.08380126953125,237.34085083007812,231.8533477783203,235.53585815429688,226.07537841796875,2795601,0.0,0.0
2024-08-05 00:00:00-04:00,229.33924865722656,233.02175903320312,225.3021697998047,228.1144256591797,218.95201110839844,3330844,0.0,0.0
2024-08-06 00:00:00-04:00,229.49234008789062,233.44078063964844,227.69540405273438,230.2417449951172,220.993896484375,1767805,0.0,0.0
2024-08-07 00:00:00-04:00,232.876708984375,232.876708984375,223.25543212890625,224.11764526367188,215.1157684326172,2222631,0.0,0.0
2024-08-08 00:00:00-04:00,224.91539001464844,227.07493591308594,222.77195739746094,224.5124969482422,215.49476623535156,1952589,0.0,0.0
2024-08-09 00:00:00-04:00,223.5616455078125,223.9887237548828,220.91055297851562,223.5374755859375,214.55892944335938,1558820,0.0,0.0
2024-08-12 00:00:00-04:00,224.9879150390625,226.76068115234375,223.6019287109375,224.93955993652344,215.90469360351562,1547775,0.0,0.0
2024-08-13 00:00:00-04:00,225.80982971191406,228.35617065429688,224.9798583984375,228.1224822998047,218.95977783203125,1528912,0.0,0.0
2024-08-14 00:00:00-04:00,228.2917022705078,229.67767333984375,227.8968505859375,228.3078155517578,219.13763427734375,953336,0.0,0.0
2024-08-15 00:00:00-04:00,231.50685119628906,235.05238342285156,227.75181579589844,228.9927520751953,219.79505920410156,1604489,0.0,0.0
2024-08-16 00:00:00-04:00,228.8477020263672,230.09669494628906,224.93955993652344,229.975830078125,220.7386474609375,1636010,0.0,0.0
2024-08-19 00:00:00-04:00,230.36260986328125,232.77195739746094,230.07252502441406,232.4093475341797,223.0744171142578,997888,0.0,0.0
2024-08-20 00:00:00-04:00,232.06285095214844,232.876708984375,230.82997131347656,232.4254608154297,223.0898895263672,734300,0.0,0.0
2024-08-21 00:00:00-04:00,234.294921875,235.80177307128906,233.1103973388672,234.90733337402344,225.47207641601562,976915,0.0,0.0
2024-08-22 00:00:00-04:00,235.77760314941406,237.4133758544922,234.22239685058594,237.13134765625,227.60678100585938,1216180,0.0,0.0
2024-08-23 00:00:00-04:00,238.44480895996094,240.58824157714844,237.5825958251953,239.46817016601562,229.8497314453125,1074210,0.0,0.0
2024-08-26 00:00:00-04:00,240.58824157714844,241.1845245361328,238.3158721923828,239.5165252685547,229.89614868164062,957556,0.0,0.0
2024-08-27 00:00:00-04:00,239.5084686279297,239.83883666992188,235.88235473632812,237.6309356689453,228.08627319335938,1028293,0.0,0.0
2024-08-28 00:00:00-04:00,237.63900756835938,239.79049682617188,237.06687927246094,238.62208557128906,229.03761291503906,883840,0.0,0.0
2024-08-29 00:00:00-04:00,239.92747497558594,241.08782958984375,238.0821990966797,238.71878051757812,229.13043212890625,905930,0.0,0.0
2024-08-30 00:00:00-04:00,239.39564514160156,241.0153045654297,237.47784423828125,240.7493896484375,231.07949829101562,1361253,0.0,0.0
2024-09-03 00:00:00-04:00,238.565673828125,239.45205688476562,234.93955993652344,236.48670959472656,226.98800659179688,1413251,0.0,0.0
2024-09-04 00:00:00-04:00,236.8332061767578,238.00161743164062,235.2941131591797,235.9709930419922,226.49302673339844,892279,0.0,0.0
2024-09-05 00:00:00-04:00,236.4705810546875,236.8654327392578,228.64625549316406,229.90330505371094,220.66905212402344,1635638,0.0,0.0
2024-09-06 00:00:00-04:00,229.959716796875,232.07896423339844,227.75987243652344,228.07412719726562,218.91334533691406,1386693,0.0,0.0
2024-09-09 00:00:00-04:00,228.44480895996094,230.60435485839844,227.98548889160156,228.2836456298828,220.18800354003906,1092080,1.112006,0.0
2024-09-10 00:00:00-04:00,228.78323364257812,229.5084686279297,225.68896484375,228.72683715820312,220.61549377441406,1166664,0.0,0.0
2024-09-11 00:00:00-04:00,227.76792907714844,229.95164489746094,223.92425537109375,229.5406951904297,221.4004669189453,1163686,0.0,0.0
2024-09-12 00:00:00-04:00,230.19338989257812,232.32070922851562,229.11361694335938,230.4593048095703,222.28652954101562,1064778,0.0,0.0
2024-09-13 00:00:00-04:00,231.7244110107422,231.7244110107422,226.32554626464844,230.76551818847656,222.58184814453125,1417967,0.0,0.0
2024-09-16 00:00:00-04:00,233.47300720214844,236.75262451171875,232.35293579101562,235.80177307128906,227.43951416015625,1416602,0.0,0.0
2024-09-17 00:00:00-04:00,238.51731872558594,242.1031494140625,237.46978759765625,239.5970916748047,231.10023498535156,1652143,0.0,0.0
2024-09-18 00:00:00-04:00,238.1305389404297,242.5543975830078,238.1305389404297,240.2659149169922,231.74533081054688,1704514,0.0,0.0
2024-09-19 00:00:00-04:00,245.06849670410156,248.18695068359375,240.024169921875,242.05479431152344,233.4707794189453,5237641,0.0,0.0
2024-09-20 00:00:00-04:00,210.12892150878906,211.57131958007812,204.270751953125,205.18936157226562,197.91270446777344,21662276,0.0,0.0
2024-09-23 00:00:00-04:00,205.89041137695312,210.09669494628906,205.88235473632812,208.533447265625,201.13818359375,4629675,0.0,0.0
2024-09-24 00:00:00-04:00,208.7993621826172,216.22079467773438,208.7993621826172,215.2538299560547,207.62026977539062,5099269,0.0,0.0
2024-09-25 00:00:00-04:00,214.35133361816406,215.76954650878906,211.80499267578125,212.5463409423828,205.0087890625,3218782,0.0,0.0
2024-09-26 00:00:00-04:00,215.22158813476562,218.36422729492188,213.70669555664062,214.60919189453125,206.9984893798828,2311238,0.0,0.0
2024-09-27 00:00:00-04:00,215.2296600341797,217.95326232910156,214.7461700439453,215.59226989746094,207.9467010498047,2257627,0.0,0.0
2024-09-30 00:00:00-04:00,217.26026916503906,223.00564575195312,216.80902099609375,220.53182983398438,212.71109008789062,3606470,0.0,0.0
2024-10-01 00:00:00-04:00,220.6768798828125,221.8533477783203,215.9548797607422,217.21192932128906,209.5089111328125,2114416,0.0,0.0
2024-10-02 00:00:00-04:00,216.7042694091797,217.1796875,214.63336181640625,215.09266662597656,207.46481323242188,1745342,0.0,0.0
2024-10-03 00:00:00-04:00,214.34327697753906,214.5366668701172,210.61241149902344,211.1845245361328,203.69528198242188,2150777,0.0,0.0
2024-10-04 00:00:00-04:00,213.37631225585938,213.5616455078125,208.92022705078125,210.18533325195312,202.73150634765625,2031889,0.0,0.0
2024-10-07 00:00:00-04:00,209.0088653564453,210.4834747314453,207.97743225097656,209.91136169433594,202.46725463867188,1665794,0.0,0.0
2024-10-08 00:00:00-04:00,210.2659149169922,211.36180114746094,208.9927520751953,210.63658142089844,203.16676330566406,1331717,0.0,0.0
2024-10-09 00:00:00-04:00,212.35293579101562,215.22158813476562,211.7163543701172,213.24737548828125,205.68496704101562,1623600,0.0,0.0
2024-10-10 00:00:00-04:00,212.20790100097656,214.3271484375,212.08702087402344,212.94923400878906,205.3973846435547,1083145,0.0,0.0
2024-10-11 00:00:00-04:00,213.8195037841797,215.2941131591797,212.86865234375,213.02175903320312,205.4673309326172,1198434,0.0,0.0
2024-10-14 00:00:00-04:00,213.00564575195312,215.87429809570312,212.69137573242188,215.51168823242188,207.8689727783203,1144574,0.0,0.0
2024-10-15 00:00:00-04:00,215.76954650878906,216.81707763671875,214.0531768798828,214.27880859375,206.6798095703125,1691731,0.0,0.0
2024-10-16 00:00:00-04:00,216.76068115234375,219.90330505371094,216.28524780273438,219.0169219970703,211.24989318847656,2126702,0.0,0.0
2024-10-17 00:00:00-04:00,218.95245361328125,222.03868103027344,217.69540405273438,220.9991912841797,213.16188049316406,1989323,0.0,0.0
2024-10-18 00:00:00-04:00,222.49798583984375,222.49798583984375,219.5890350341797,221.11199951171875,213.2706756591797,1510173,0.0,0.0
2024-10-21 00:00:00-04:00,219.77438354492188,220.2417449951172,215.76148986816406,216.60757446289062,208.92599487304688,1790763,0.0,0.0
2024-10-22 00:00:00-04:00,215.9468231201172,218.45286560058594,215.729248046875,217.3972625732422,209.68768310546875,1206252,0.0,0.0
2024-10-23 00:00:00-04:00,216.92184448242188,217.92103576660156,215.0120849609375,215.9951629638672,208.33529663085938,1430749,0.0,0.0
2024-10-24 00:00:00-04:00,223.94842529296875,224.5688934326172,218.21112060546875,219.87913513183594,212.08154296875,2030028,0.0,0.0
2024-10-25 00:00:00-04:00,221.0072479248047,222.1434326171875,219.08139038085938,219.2747802734375,211.49862670898438,1036483,0.0,0.0
2024-10-28 00:00:00-04:00,219.67767333984375,222.28042602539062,219.2747802734375,221.95809936523438,214.08677673339844,1464132,0.0,0.0
2024-10-29 00:00:00-04:00,220.49960327148438,223.3037872314453,219.98388671875,221.62771606445312,213.7681121826172,1476914,0.0,0.0
2024-10-30 00:00:00-04:00,220.85415649414062,224.44802856445312,220.7171630859375,220.85415649414062,213.02200317382812,1485229,0.0,0.0
2024-10-31 00:00:00-04:00,220.2900848388672,222.98146057128906,219.991943359375,220.66880798339844,212.8432159423828,1364480,0.0,0.0
2024-11-01 00:00:00-04:00,220.61241149902344,223.5938720703125,220.12086486816406,221.07171630859375,213.23182678222656,1700666,0.0,0.0
2024-11-04 00:00:00-05:00,220.78968811035156,221.57937622070312,218.1224822998047,218.51731872558594,210.76800537109375,1265820,0.0,0.0
2024-11-05 00:00:00-05:00,218.48509216308594,221.95809936523438,217.1796875,221.93392944335938,214.06346130371094,1177213,0.0,0.0
2024-11-06 00:00:00-05:00,222.4012908935547,226.59146118164062,218.8718719482422,225.6728515625,217.66978454589844,3275992,0.0,0.0
2024-11-07 00:00:00-05:00,227.18775939941406,230.05641174316406,225.62449645996094,228.21112060546875,220.11805725097656,1634645,0.0,0.0
2024-11-08 00:00:00-05:00,228.67042541503906,232.95729064941406,227.92909240722656,230.6849365234375,222.50411987304688,2152266,0.0,0.0
2024-11-11 00:00:00-05:00,232.63497924804688,236.4625244140625,232.63497924804688,233.51329040527344,225.232177734375,1978030,0.0,0.0
2024-11-12 00:00:00-05:00,233.44883728027344,234.7058868408203,229.991943359375,231.48268127441406,223.2736053466797,1533256,0.0,0.0
2024-11-13 00:00:00-05:00,231.57131958007812,236.9057159423828,231.57131958007812,235.20547485351562,226.86436462402344,2354053,0.0,0.0
2024-11-14 00:00:00-05:00,236.1563262939453,237.90492248535156,235.06849670410156,235.52780151367188,227.17526245117188,1549140,0.0,0.0
2024-11-15 00:00:00-05:00,234.44802856445312,238.41256713867188,234.44802856445312,237.27638244628906,228.86181640625,1868698,0.0,0.0
2024-11-18 00:00:00-05:00,236.59146118164062,239.79049682617188,236.4302978515625,237.8807373046875,229.4447479248047,1811860,0.0,0.0
2024-11-19 00:00:00-05:00,234.9637451171875,237.90492248535156,234.48025512695312,236.1482696533203,227.77374267578125,1829979,0.0,0.0
2024-11-20 00:00:00-05:00,236.8332061767578,237.25221252441406,229.85494995117188,232.09507751464844,223.86427307128906,1728465,0.0,0.0
2024-11-21 00:00:00-05:00,232.1112060546875,238.1466522216797,232.1112060546875,237.8404541015625,229.40589904785156,1981753,0.0,0.0
2024-11-22 00:00:00-05:00,238.67042541503906,243.65834045410156,237.8485107421875,241.7163543701172,233.14434814453125,2290638,0.0,0.0
2024-11-25 00:00:00-05:00,243.06204223632812,248.614013671875,242.21595764160156,245.89041137695312,237.1703643798828,2997760,0.0,0.0
2024-11-26 00:00:00-05:00,244.20628356933594,244.9637451171875,241.42626953125,244.14181518554688,235.48379516601562,2071601,0.0,0.0
2024-11-27 00:00:00-05:00,244.7542266845703,245.59226989746094,243.00564575195312,244.47219848632812,235.80247497558594,1140975,0.0,0.0
2024-11-29 00:00:00-05:00,244.19017028808594,245.57614135742188,243.24737548828125,243.89202880859375,235.2428436279297,825886,0.0,0.0
2024-12-02 00:00:00-05:00,243.02175903320312,243.36825561523438,236.76068115234375,239.07333374023438,230.59506225585938,1959167,0.0,0.0
2024-12-03 00:00:00-05:00,237.30862426757812,237.30862426757812,227.80015563964844,227.92103576660156,219.83824157714844,3262589,0.0,0.0
2024-12-04 00:00:00-05:00,227.00241088867188,230.37872314453125,225.64060974121094,228.38839721679688,220.28903198242188,2283564,0.0,0.0
2024-12-05 00:00:00-05:00,229.0008087158203,230.2820281982422,224.9959716796875,225.15713500976562,217.17236328125,1876888,0.0,0.0
2024-12-06 00:00:00-05:00,226.74456787109375,227.5987091064453,223.8114471435547,226.1724395751953,218.1516571044922,2580039,0.0,0.0
2024-12-09 00:00:00-05:00,226.34165954589844,227.8968505859375,224.81869506835938,225.2457733154297,218.331298828125,1694958,1.112006,0.0
2024-12-10 00:00:00-05:00,225.4713897705078,226.3980712890625,223.62611389160156,225.07655334472656,218.1672821044922,1120375,0.0,0.0
2024-12-11 00:00:00-05:00,225.38275146484375,227.3972625732422,224.62530517578125,226.55921936035156,219.60443115234375,1497887,0.0,0.0
2024-12-12 00:00:00-05:00,226.8412628173828,229.2506103515625,225.11683654785156,228.597900390625,221.58053588867188,1346361,0.0,0.0
2024-12-13 00:00:00-05:00,228.3078155517578,228.93634033203125,227.115234375,228.38034057617188,221.36965942382812,1197193,0.0,0.0
2024-12-16 00:00:00-05:00,228.3480987548828,230.6849365234375,227.8485107421875,228.39645385742188,221.38528442382812,1969591,0.0,0.0
2024-12-17 00:00:00-05:00,226.4302978515625,227.5906524658203,221.39404296875,223.5535888671875,216.69107055664062,3011038,0.0,0.0
2024-12-18 00:00:00-05:00,223.78726196289062,226.6800994873047,219.86300659179688,220.11280822753906,213.35592651367188,2367208,0.0,0.0
2024-12-19 00:00:00-05:00,221.20870971679688,224.39967346191406,220.13699340820312,222.30459594726562,215.48043823242188,5216544,0.0,0.0
2024-12-20 00:00:00-05:00,236.9057159423828,237.90492248535156,218.2917022705078,222.1837158203125,215.36326599121094,10085359,0.0,0.0
2024-12-23 00:00:00-05:00,221.59548950195312,221.6841278076172,213.6099853515625,216.76873779296875,210.11451721191406,4344369,0.0,0.0
2024-12-24 00:00:00-05:00,216.76068115234375,219.60516357421875,215.63255310058594,219.0491485595703,212.3249053955078,1257257,0.0,0.0
2024-12-26 00:00:00-05:00,217.8485107421875,225.86624145507812,217.80821228027344,224.5447235107422,217.6517791748047,2205629,0.0,0.0
2024-12-27 00:00:00-05:00,223.47300720214844,226.9137725830078,222.83642578125,225.91458129882812,218.9795684814453,1927521,0.0,0.0
2024-12-30 00:00:00-05:00,223.05398559570312,227.5664825439453,221.99838256835938,226.06768798828125,219.1279754638672,1969963,0.0,0.0
2024-12-31 00:00:00-05:00,226.8493194580078,228.95245361328125,226.09185791015625,226.6962127685547,219.7372283935547,1609329,0.0,0.0
2025-01-02 00:00:00-05:00,226.8654327392578,227.21998596191406,220.0322265625,221.0153045654297,214.230712890625,1586246,0.0,0.0
2025-01-03 00:00:00-05:00,221.27316284179688,222.32070922851562,219.0169219970703,221.1200714111328,214.332275390625,1465745,0.0,0.0
2025-01-06 00:00:00-05:00,222.30459594726562,224.5769500732422,219.47622680664062,220.76551818847656,213.9886016845703,2048891,0.0,0.0
2025-01-07 00:00:00-05:00,220.82997131347656,224.0128936767578,220.33038330078125,221.59548950195312,214.7930908203125,1883714,0.0,0.0
2025-01-08 00:00:00-05:00,221.61160278320312,223.1426239013672,220.85415649414062,221.51490783691406,214.71498107910156,2439310,0.0,0.0
2025-01-10 00:00:00-05:00,221.2006378173828,221.2006378173828,217.92909240722656,218.1547088623047,211.45791625976562,1831220,0.0,0.0
2025-01-13 00:00:00-05:00,216.35777282714844,221.76470947265625,216.1321563720703,221.26510620117188,214.47283935546875,1697316,0.0,0.0
2025-01-14 00:00:00-05:00,221.59548950195312,223.9806671142578,221.0072479248047,223.70669555664062,216.8394775390625,1688877,0.0,0.0
2025-01-15 00:00:00-05:00,226.0273895263672,226.49476623535156,222.6269073486328,222.876708984375,216.0349578857422,2293368,0.0,0.0
2025-01-16 00:00:00-05:00,222.884765625,223.9806671142578,220.56405639648438,223.50523376464844,216.6442108154297,1759242,0.0,0.0
2025-01-17 00:00:00-05:00,223.0862274169922,223.5777587890625,221.35374450683594,221.6760711669922,214.87120056152344,1963014,0.0,0.0
2025-01-21 00:00:00-05:00,221.99032592773438,224.254638671875,219.87107849121094,222.05479431152344,215.23828125,1818313,0.0,0.0
2025-01-22 00:00:00-05:00,221.0072479248047,221.450439453125,217.09104919433594,217.91297912597656,211.2236328125,2430250,0.0,0.0
2025-01-23 00:00:00-05:00,218.04995727539062,218.63819885253906,216.0193328857422,217.5906524658203,210.91119384765625,2182547,0.0,0.0
2025-01-24 00:00:00-05:00,217.5664825439453,220.38677978515625,217.18775939941406,220.21755981445312,213.45745849609375,1916725,0.0,0.0
2025-01-27 00:00:00-05:00,220.66075134277344,227.155517578125,220.66075134277344,226.8573760986328,219.89344787597656,1927149,0.0,0.0
2025-01-28 00:00:00-05:00,226.4141845703125,226.48670959472656,224.06930541992188,224.5366668701172,217.6439666748047,1294611,0.0,0.0
2025-01-29 00:00:00-05:00,224.5366668701172,225.12489318847656,221.60354614257812,221.64382934570312,214.83995056152344,1338294,0.0,0.0
2025-01-30 00:00:00-05:00,213.5374755859375,218.46092224121094,212.1676025390625,216.95407104492188,210.29415893554688,3508803,0.0,0.0
2025-01-31 00:00:00-05:00,217.64706420898438,218.36422729492188,212.5624542236328,213.43270874023438,206.88087463378906,2905429,0.0,0.0
2025-02-03 00:00:00-05:00,207.52618408203125,208.533447265625,198.8074188232422,199.3070068359375,193.1887969970703,4684403,0.0,0.0
2025-02-04 00:00:00-05:00,200.66075134277344,202.47381591796875,199.0169219970703,202.21595764160156,196.00845336914062,2712454,0.0,0.0
2025-02-05 00:00:00-05:00,201.8452911376953,203.69862365722656,200.2417449951172,203.39242553710938,197.14877319335938,1904935,0.0,0.0
2025-02-06 00:00:00-05:00,204.254638671875,209.2667236328125,203.8597869873047,208.51731872558594,202.11636352539062,3151768,0.0,0.0
2025-02-07 00:00:00-05:00,208.65431213378906,208.90411376953125,205.37469482421875,206.34971618652344,200.0153045654297,1728589,0.0,0.0
2025-02-10 00:00:00-05:00,207.18775939941406,208.50120544433594,204.7381134033203,208.0821990966797,201.69461059570312,1509428,0.0,0.0
2025-02-11 00:00:00-05:00,208.38034057617188,211.20870971679688,207.107177734375,210.52377319335938,204.0612335205078,1755767,0.0,0.0
2025-02-12 00:00:00-05:00,207.94520568847656,212.30459594726562,207.80821228027344,211.64382934570312,205.14691162109375,2423301,0.0,0.0
2025-02-13 00:00:00-05:00,211.32957458496094,213.6019287109375,211.1522979736328,212.02256774902344,205.5140380859375,1617644,0.0,0.0
2025-02-14 00:00:00-05:00,213.04592895507812,216.34165954589844,213.04592895507812,215.76954650878906,209.14598083496094,1569865,0.0,0.0
2025-02-18 00:00:00-05:00,216.7203826904297,217.115234375,213.90814208984375,215.51168823242188,208.89602661132812,1151152,0.0,0.0
2025-02-19 00:00:00-05:00,214.60919189453125,216.3900146484375,213.01370239257812,215.0443115234375,208.44300842285156,1187885,0.0,0.0
2025-02-20 00:00:00-05:00,214.7381134033203,216.63980102539062,213.6099853515625,216.32554626464844,209.68490600585938,877511,0.0,0.0
2025-02-21 00:00:00-05:00,216.0112762451172,216.0112762451172,196.97824096679688,204.82675170898438,198.5391082763672,5375143,0.0,0.0
2025-02-24 00:00:00-05:00,205.07655334472656,206.22079467773438,202.75584411621094,204.302978515625,198.03138732910156,1801436,0.0,0.0
2025-02-25 00:00:00-05:00,205.21353149414062,206.8412628173828,204.319091796875,206.6720428466797,200.32774353027344,1650902,0.0,0.0
2025-02-26 00:00:00-05:00,206.97824096679688,208.60595703125,204.07736206054688,206.38194274902344,200.0465545654297,1360384,0.0,0.0
2025-02-27 00:00:00-05:00,207.23609924316406,210.76551818847656,205.90652465820312,208.3319854736328,201.93673706054688,1457430,0.0,0.0
2025-02-28 00:00:00-05:00,209.2989501953125,213.1023406982422,208.04190063476562,211.8452911376953,205.34217834472656,2436455,0.0,0.0
2025-03-03 00:00:00-05:00,212.4254608154297,213.5374755859375,207.21192932128906,208.51731872558594,202.11636352539062,1520721,0.0,0.0
2025-03-04 00:00:00-05:00,205.80177307128906,206.08380126953125,198.89605712890625,199.62933349609375,193.50123596191406,2897115,0.0,0.0
2025-03-05 00:00:00-05:00,199.91136169433594,203.2715606689453,199.44400024414062,201.78082275390625,195.586669921875,1700915,0.0,0.0
2025-03-06 00:00:00-05:00,200.2498016357422,201.35374450683594,197.4214324951172,201.28121948242188,195.1024169921875,2361251,0.0,0.0
2025-03-07 00:00:00-05:00,201.1684112548828,204.62530517578125,199.7179718017578,204.60919189453125,198.32821655273438,1947501,0.0,0.0
2025-03-10 00:00:00-04:00,202.19178771972656,203.24737548828125,195.91458129882812,198.63819885253906,193.59263610839844,2057454,1.112006,0.0
2025-03-11 00:00:00-04:00,198.1063690185547,199.12167358398438,194.82675170898438,195.77760314941406,190.80471801757812,2439806,0.0,0.0
2025-03-12 00:00:00-04:00,196.22885131835938,196.8493194580078,192.98953247070312,196.22079467773438,191.2366485595703,2113547,0.0,0.0
2025-03-13 00:00:00-04:00,196.4141845703125,198.39645385742188,193.1506805419922,194.18211364746094,189.249755859375,1942661,0.0,0.0
2025-03-14 00:00:00-04:00,195.0040283203125,195.745361328125,193.1426239013672,195.16519165039062,190.2078399658203,1776864,0.0,0.0
2025-03-17 00:00:00-04:00,196.0273895263672,198.8638153076172,194.7461700439453,197.66317749023438,192.6423797607422,1575698,0.0,0.0
2025-03-18 00:00:00-04:00,197.64706420898438,199.17808532714844,196.28524780273438,198.06607055664062,193.03506469726562,1970212,0.0,0.0
2025-03-19 00:00:00-04:00,198.0821990966797,200.82191467285156,197.4214324951172,199.12973022460938,194.07168579101562,1850827,0.0,0.0
2025-03-20 00:00:00-04:00,197.33279418945312,201.61160278320312,195.81788635253906,198.39645385742188,193.35704040527344,3946504,0.0,0.0
2025-03-21 00:00:00-04:00,177.123291015625,186.8412628173828,175.0362548828125,185.60032653808594,180.88595581054688,11687986,0.0,0.0
2025-03-24 00:00:00-04:00,189.36341857910156,196.93795776367188,189.15391540527344,195.2618865966797,190.30210876464844,4962759,0.0,0.0
2025-03-25 00:00:00-04:00,195.19741821289062,197.53424072265625,192.99758911132812,194.254638671875,189.32040405273438,3312105,0.0,0.0
2025-03-26 00:00:00-04:00,195.0040283203125,197.52618408203125,193.39242553710938,196.34971618652344,191.3623046875,2718907,0.0,0.0
2025-03-27 00:00:00-04:00,196.35777282714844,197.35696411132812,195.2296600341797,196.55116271972656,191.5586395263672,2077682,0.0,0.0
2025-03-28 00:00:00-04:00,195.89041137695312,197.23609924316406,193.90814208984375,194.7703399658203,189.8230438232422,2084632,0.0,0.0
2025-03-31 00:00:00-04:00,193.23931884765625,197.77598571777344,192.78807067871094,196.4383544921875,191.4486846923828,2582149,0.0,0.0
2025-04-01 00:00:00-04:00,196.61563110351562,196.97018432617188,192.77195739746094,194.9879150390625,190.0350799560547,1699674,0.0,0.0
2025-04-02 00:00:00-04:00,193.8356170654297,198.00161743164062,193.65834045410156,197.5584259033203,192.54029846191406,1229707,0.0,0.0
2025-04-03 00:00:00-04:00,185.4794464111328,187.66317749023438,172.1756591796875,173.94036865234375,169.52215576171875,6287527,0.0,0.0
2025-04-04 00:00:00-04:00,170.82997131347656,172.4415740966797,164.302978515625,169.3150634765625,165.01434326171875,4490559,0.0,0.0
2025-04-07 00:00:00-04:00,164.14987182617188,173.8436737060547,160.83802795410156,165.37469482421875,161.17405700683594,3752536,0.0,0.0
2025-04-08 00:00:00-04:00,168.25140380859375,170.3061981201172,157.5584259033203,159.60516357421875,155.5510711669922,2987832,0.0,0.0
2025-04-09 00:00:00-04:00,156.59951782226562,178.24334716796875,156.56729125976562,175.61643981933594,171.1556396484375,4379613,0.0,0.0
2025-04-10 00:00:00-04:00,171.1925811767578,172.03062438964844,162.28042602539062,166.31748962402344,162.09291076660156,3484108,0.0,0.0
2025-04-11 00:00:00-04:00,165.0201416015625,168.41256713867188,161.03948974609375,167.4214324951172,163.16880798339844,2727718,0.0,0.0
2025-04-14 00:00:00-04:00,170.63658142089844,172.5866241455078,168.65431213378906,169.5809783935547,165.2734832763672,1870435,0.0,0.0
2025-04-15 00:00:00-04:00,169.17002868652344,169.82272338867188,166.26107788085938,167.08299255371094,162.83897399902344,1341893,0.0,0.0
2025-04-16 00:00:00-04:00,165.59226989746094,166.80096435546875,161.99032592773438,164.0290069580078,159.86256408691406,1579048,0.0,0.0
2025-04-17 00:00:00-04:00,165.2457733154297,169.09750366210938,164.9879150390625,167.24415588378906,162.99603271484375,1373787,0.0,0.0
2025-04-21 00:00:00-04:00,166.23690795898438,166.23690795898438,162.04673767089844,165.2860565185547,161.08767700195312,1466986,0.0,0.0
2025-04-22 00:00:00-04:00,166.63980102539062,168.50120544433594,164.47219848632812,166.4544677734375,162.2263946533203,1699550,0.0,0.0
2025-04-23 00:00:00-04:00,170.9911346435547,176.05963134765625,169.3231201171875,170.05641174316406,165.73684692382812,1694958,0.0,0.0
2025-04-24 00:00:00-04:00,169.21836853027344,174.0612335205078,168.3239288330078,173.8033905029297,169.38865661621094,1405805,0.0,0.0
2025-04-25 00:00:00-04:00,171.78082275390625,172.1353759765625,167.6309356689453,170.4754180908203,166.14523315429688,1649165,0.0,0.0
2025-04-28 00:00:00-04:00,171.61965942382812,172.48187255859375,168.8557586669922,170.4270782470703,166.09812927246094,1688753,0.0,0.0
2025-04-29 00:00:00-04:00,167.78404235839844,170.07252502441406,167.4536590576172,169.09750366210938,164.80230712890625,2044299,0.0,0.0
2025-04-30 00:00:00-04:00,167.20387268066406,169.7099151611328,164.64947509765625,169.48428344726562,165.17926025390625,1587115,0.0,0.0
2025-05-01 00:00:00-04:00,169.47622680664062,170.7413330078125,167.47784423828125,169.2667236328125,164.96722412109375,1698184,0.0,0.0
2025-05-02 00:00:00-04:00,172.8525390625,178.565673828125,170.7413330078125,177.05076599121094,172.5535430908203,2706001,0.0,0.0
2025-05-05 00:00:00-04:00,175.06849670410156,177.09104919433594,174.39967346191406,174.85092163085938,170.4095916748047,1565770,0.0,0.0
2025-05-06 00:00:00-04:00,172.34487915039062,173.8356170654297,171.34568786621094,171.96615600585938,167.5980987548828,1370188,0.0,0.0
2025-05-07 00:00:00-04:00,172.5624542236328,174.7622833251953,172.08702087402344,173.69862365722656,169.28656005859375,1523576,0.0,0.0
2025-05-08 00:00:00-04:00,176.08380126953125,179.13778686523438,174.47219848632812,176.63980102539062,172.1530303955078,1655990,0.0,0.0
2025-05-09 00:00:00-04:00,176.1321563720703,177.5987091064453,174.93150329589844,175.52780151367188,171.06927490234375,1449364,0.0,0.0
2025-05-12 00:00:00-04:00,185.10072326660156,192.1112060546875,185.10072326660156,187.71151733398438,182.94351196289062,4208107,0.0,0.0
2025-05-13 00:00:00-04:00,189.36341857910156,189.40370178222656,185.6728515625,186.26107788085938,181.5299072265625,2793243,0.0,0.0
2025-05-14 00:00:00-04:00,186.37388610839844,187.1474609375,184.64141845703125,186.78485107421875,182.04037475585938,2778227,0.0,0.0
2025-05-15 00:00:00-04:00,187.06687927246094,188.5576171875,185.9548797607422,186.22885131835938,181.49851989746094,3257005,0.0,0.0
2025-05-16 00:00:00-04:00,186.55116271972656,187.34085083007812,182.63497924804688,184.93955993652344,180.24195861816406,2819552,0.0,0.0
2025-05-19 00:00:00-04:00,181.95004272460938,182.99758911132812,181.1522979736328,182.20790100097656,177.57968139648438,2298953,0.0,0.0
2025-05-20 00:00:00-04:00,179.77438354492188,181.03948974609375,177.28445434570312,178.19500732421875,173.66873168945312,3025062,0.0,0.0
2025-05-21 00:00:00-04:00,177.05076599121094,177.5825958251953,174.286865234375,174.7058868408203,170.2682342529297,2090340,0.0,0.0
2025-05-22 00:00:00-04:00,174.7381134033203,177.4375457763672,173.8195037841797,176.31748962402344,171.8389129638672,1877261,0.0,0.0
2025-05-23 00:00:00-04:00,172.78001403808594,175.68896484375,172.72361755371094,174.5447235107422,170.1111602783203,1856908,0.0,0.0
2025-05-27 00:00:00-04:00,175.697021484375,178.42062377929688,175.4633331298828,177.08299255371094,172.58494567871094,2378997,0.0,0.0
2025-05-28 00:00:00-04:00,177.09104919433594,177.09104919433594,174.45608520507812,174.9798583984375,170.53524780273438,1548023,0.0,0.0
2025-05-29 00:00:00-04:00,175.56002807617188,178.0821990966797,175.18130493164062,177.48590087890625,172.97763061523438,1813970,0.0,0.0
2025-05-30 00:00:00-04:00,176.8493194580078,176.8493194580078,173.9967803955078,175.745361328125,171.2812957763672,2902823,0.0,0.0
2025-06-02 00:00:00-04:00,175.32635498046875,176.0032196044922,173.1023406982422,175.57614135742188,171.1163787841797,1705630,0.0,0.0
2025-06-03 00:00:00-04:00,174.5608367919922,177.64706420898438,173.41659545898438,177.09912109375,172.60067749023438,2918708,0.0,0.0
2025-06-04 00:00:00-04:00,178.1385955810547,178.40451049804688,176.28524780273438,176.38194274902344,171.90171813964844,1783317,0.0,0.0
2025-06-05 00:00:00-04:00,176.1966094970703,176.34971618652344,174.14181518554688,174.64141845703125,170.2053985595703,2433973,0.0,0.0
2025-06-06 00:00:00-04:00,176.8332061767578,178.0821990966797,176.56729125976562,176.96212768554688,172.4671630859375,2090092,0.0,0.0
2025-06-09 00:00:00-04:00,178.66236877441406,180.32232666015625,177.71957397460938,179.0330352783203,174.48545837402344,2663310,0.0,0.0
2025-06-10 00:00:00-04:00,180.2578582763672,183.90814208984375,180.0,183.69056701660156,179.0247039794922,2524194,0.0,0.0
2025-06-11 00:00:00-04:00,184.43191528320312,185.22158813476562,179.87913513183594,180.49960327148438,175.91477966308594,2391531,0.0,0.0
2025-06-12 00:00:00-04:00,180.4834747314453,181.96615600585938,179.12167358398438,181.30540466308594,176.70010375976562,2308881,0.0,0.0
2025-06-13 00:00:00-04:00,178.96856689453125,181.24899291992188,178.96856689453125,180.80580139160156,176.21319580078125,2343504,0.0,0.0
2025-06-16 00:00:00-04:00,182.05479431152344,184.302978515625,181.54713439941406,182.73167419433594,178.0901641845703,2360878,0.0,0.0
2025-06-17 00:00:00-04:00,181.402099609375,182.5463409423828,178.63014221191406,179.3150634765625,174.7603302001953,2207615,0.0,0.0
2025-06-18 00:00:00-04:00,179.2828369140625,182.1112060546875,179.12167358398438,179.93553161621094,175.36505126953125,1884086,0.0,0.0
2025-06-20 00:00:00-04:00,181.6599578857422,182.91700744628906,180.65269470214844,182.1434326171875,177.516845703125,2790016,0.0,0.0
2025-06-23 00:00:00-04:00,180.33843994140625,184.7622833251953,180.2900848388672,184.7139434814453,181.184326171875,2537845,1.168413,0.0
2025-06-24 00:00:00-04:00,187.26832580566406,187.50201416015625,184.14987182617188,184.93955993652344,181.4056396484375,5796215,0.0,0.0
2025-06-25 00:00:00-04:00,176.1321563720703,182.08702087402344,174.18211364746094,178.88800048828125,175.46971130371094,10056692,0.0,0.0
2025-06-26 00:00:00-04:00,180.4351348876953,182.3690643310547,177.115234375,178.1385955810547,174.73463439941406,5940791,0.0,0.0
2025-06-27 00:00:00-04:00,179.42788696289062,184.87510681152344,179.0410919189453,184.45608520507812,180.931396484375,5029649,0.0,0.0
2025-06-30 00:00:00-04:00,184.3271484375,185.86624145507812,182.97340393066406,183.1667938232422,179.66673278808594,3226352,0.0,0.0
2025-07-01 00:00:00-04:00,182.4335174560547,191.21676635742188,182.27235412597656,188.8235321044922,185.21539306640625,3376265,0.0,0.0
2025-07-02 00:00:00-04:00,189.83883666992188,192.97340393066406,188.96051025390625,192.69943237304688,189.01722717285156,3097288,0.0,0.0
2025-07-03 00:00:00-04:00,196.4141845703125,198.03384399414062,193.48912048339844,194.38356018066406,190.66917419433594,2991306,0.0,0.0
2025-07-07 00:00:00-04:00,193.79531860351562,195.2457733154297,188.96051025390625,189.43594360351562,185.8161163330078,3238638,0.0,0.0
2025-07-08 00:00:00-04:00,190.0322265625,193.3118438720703,189.36341857910156,192.35293579101562,188.67738342285156,2432732,0.0,0.0
2025-07-09 00:00:00-04:00,192.48992919921875,192.75584411621094,190.2981414794922,190.58016967773438,186.9384765625,2405554,0.0,0.0
2025-07-10 00:00:00-04:00,190.87832641601562,193.68251037597656,190.66880798339844,192.3690643310547,188.69317626953125,2408036,0.0,0.0
2025-07-11 00:00:00-04:00,191.07977294921875,191.39404296875,189.0169219970703,190.21755981445312,186.58277893066406,2069243,0.0,0.0
2025-07-14 00:00:00-04:00,189.5406951904297,189.84689331054688,186.6559295654297,188.54150390625,184.93875122070312,1778353,0.0,0.0
2025-07-15 00:00:00-04:00,188.549560546875,189.17808532714844,185.86624145507812,185.86624145507812,182.3146209716797,2134396,0.0,0.0
2025-07-16 00:00:00-04:00,186.62368774414062,187.51812744140625,182.69137573242188,184.3271484375,180.80491638183594,2365967,0.0,0.0
2025-07-17 00:00:00-04:00,184.5286102294922,185.49557495117188,182.4335174560547,184.0209503173828,180.50457763671875,1649165,0.0,0.0
2025-07-18 00:00:00-04:00,184.85092163085938,185.11683654785156,181.08782958984375,182.6107940673828,179.1213836669922,2205009,0.0,0.0
2025-07-21 00:00:00-04:00,183.22320556640625,184.270751953125,181.8452911376953,181.8936309814453,178.41790771484375,1426405,0.0,0.0
2025-07-22 00:00:00-04:00,182.53826904296875,187.06687927246094,182.29653930664062,186.7042694091797,183.13662719726562,2275498,0.0,0.0
2025-07-23 00:00:00-04:00,187.91297912597656,193.1667938232422,186.52699279785156,191.7002410888672,188.03712463378906,2798579,0.0,0.0
2025-07-24 00:00:00-04:00,191.37791442871094,192.90087890625,190.4270782470703,190.58016967773438,186.9384765625,2581032,0.0,0.0
2025-07-25 00:00:00-04:00,191.94198608398438,196.32554626464844,191.41015625,195.9709930419922,192.22625732421875,2249685,0.0,0.0
2025-07-28 00:00:00-04:00,193.69056701660156,196.93795776367188,192.94923400878906,195.33441162109375,191.60186767578125,2016005,0.0,0.0
2025-07-29 00:00:00-04:00,193.61805725097656,194.7220001220703,188.75906372070312,188.9927520751953,185.38137817382812,2567505,0.0,0.0
2025-07-30 00:00:00-04:00,188.1063690185547,188.5576171875,179.11361694335938,180.38677978515625,176.93984985351562,4489069,0.0,0.0
2025-07-31 00:00:00-04:00,179.41983032226562,181.36180114746094,178.06607055664062,180.08863830566406,176.6474151611328,2849584,0.0,0.0
2025-08-01 00:00:00-04:00,178.75100708007812,178.75906372070312,174.16600036621094,174.93955993652344,171.59674072265625,2747450,0.0,0.0
2025-08-04 00:00:00-04:00,175.66477966308594,176.06768798828125,174.13375854492188,175.2538299560547,171.9049835205078,2258496,0.0,0.0
2025-08-05 00:00:00-04:00,175.35858154296875,179.81466674804688,174.61724853515625,179.21836853027344,175.7937774658203,2448245,0.0,0.0
2025-08-06 00:00:00-04:00,180.0322265625,183.6019287109375,178.60595703125,182.47381591796875,178.9870147705078,2644199,0.0,0.0
2025-08-07 00:00:00-04:00,184.3271484375,185.33441162109375,180.58824157714844,181.03143310546875,177.57220458984375,1805159,0.0,0.0
2025-08-08 00:00:00-04:00,182.1273193359375,184.2626953125,179.22642517089844,183.76309204101562,180.25164794921875,1644077,0.0,0.0
2025-08-11 00:00:00-04:00,184.15794372558594,186.4625244140625,179.0572052001953,180.9911346435547,177.53265380859375,1889298,0.0,0.0
2025-08-12 00:00:00-04:00,182.92506408691406,188.21112060546875,182.1514892578125,185.6728515625,182.1249237060547,2383961,0.0,0.0
2025-08-13 00:00:00-04:00,185.33441162109375,185.92263793945312,177.27638244628906,185.7373046875,182.18814086914062,4202771,0.0,0.0
2025-08-14 00:00:00-04:00,184.0612335205078,188.03384399414062,182.95729064941406,186.1966094970703,182.638671875,2006449,0.0,0.0
2025-08-15 00:00:00-04:00,186.49476623535156,187.03465270996094,182.99758911132812,183.1265106201172,179.6272430419922,2232187,0.0,0.0
2025-08-18 00:00:00-04:00,181.53102111816406,184.09347534179688,180.2981414794922,183.49717712402344,179.99081420898438,1635638,0.0,0.0
2025-08-19 00:00:00-04:00,184.81869506835938,189.0410919189453,184.294921875,187.8565673828125,184.26690673828125,1749562,0.0,0.0
2025-08-20 00:00:00-04:00,187.04270935058594,188.0983123779297,183.02175903320312,183.0862274169922,179.5877227783203,1594809,0.0,0.0
2025-08-21 00:00:00-04:00,182.36099243164062,183.1587371826172,181.05560302734375,181.53102111816406,178.06222534179688,1776864,0.0,0.0
2025-08-22 00:00:00-04:00,182.73973083496094,191.8533477783203,182.73973083496094,190.81385803222656,187.16769409179688,2172246,0.0,0.0
2025-08-25 00:00:00-04:00,190.10475158691406,190.9750213623047,186.61563110351562,187.75181579589844,184.16415405273438,1824642,0.0,0.0
2025-08-26 00:00:00-04:00,187.34890747070312,187.6148223876953,185.3021697998047,186.22079467773438,182.66238403320312,2164056,0.0,0.0
2025-08-27 00:00:00-04:00,186.0032196044922,187.63900756835938,185.50363159179688,187.115234375,183.5397491455078,1345120,0.0,0.0
2025-08-28 00:00:00-04:00,187.74375915527344,187.74375915527344,183.74697875976562,186.35777282714844,182.79673767089844,1738021,0.0,0.0
2025-08-29 00:00:00-04:00,186.57534790039062,187.8807373046875,185.3102264404297,186.1966094970703,182.638671875,1843506,0.0,0.0
2025-09-02 00:00:00-04:00,182.1031494140625,183.07815551757812,179.5648651123047,180.64463806152344,177.1927947998047,2577929,0.0,0.0
2025-09-03 00:00:00-04:00,181.30540466308594,182.19178771972656,180.10475158691406,181.57937622070312,178.1096649169922,2139360,0.0,0.0
2025-09-04 00:00:00-04:00,181.8614044189453,181.8614044189453,178.3319854736328,181.53102111816406,178.06222534179688,2201286,0.0,0.0
2025-09-05 00:00:00-04:00,180.87026977539062,185.06044006347656,180.78968811035156,183.49717712402344,179.99081420898438,2066761,0.0,0.0
2025-09-08 00:00:00-04:00,182.90895080566406,182.90895080566406,178.93634033203125,181.30540466308594,178.98057556152344,2597041,1.168413,0.0
2025-09-09 00:00:00-04:00,180.87026977539062,182.6027374267578,180.49960327148438,181.9097442626953,179.57716369628906,1480389,0.0,0.0
2025-09-10 00:00:00-04:00,181.82916259765625,183.72280883789062,180.92666625976562,181.8614044189453,179.52944946289062,1794734,0.0,0.0
2025-09-11 00:00:00-04:00,179.14584350585938,185.58421325683594,179.14584350585938,184.37550354003906,182.01132202148438,2396867,0.0,0.0
2025-09-12 00:00:00-04:00,183.1265106201172,186.09991455078125,182.90895080566406,184.9718017578125,182.59996032714844,2095801,0.0,0.0
2025-09-15 00:00:00-04:00,186.7203826904297,187.4214324951172,181.8372344970703,181.8614044189453,179.52944946289062,2670012,0.0,0.0
2025-09-16 00:00:00-04:00,184.35939025878906,185.33441162109375,181.98226928710938,183.48106384277344,181.1283416748047,2275622,0.0,0.0
2025-09-17 00:00:00-04:00,181.7244110107422,187.64706420898438,180.79774475097656,181.93392944335938,179.60105895996094,3876015,0.0,0.0
2025-09-18 00:00:00-04:00,183.62611389160156,184.60919189453125,181.1281280517578,182.51409912109375,180.1737823486328,7910258,0.0,0.0
2025-09-19 00:00:00-04:00,183.96453857421875,189.62127685546875,181.49879455566406,186.74456787109375,184.34999084472656,10410004,0.0,0.0
2025-09-22 00:00:00-04:00,185.34246826171875,186.1402130126953,181.6680145263672,185.4311065673828,183.05337524414062,4778595,0.0,0.0
2025-09-23 00:00:00-04:00,185.86624145507812,190.0322265625,185.65672302246094,188.3158721923828,185.90115356445312,3573708,0.0,0.0
2025-09-24 00:00:00-04:00,187.95326232910156,190.07252502441406,187.93714904785156,188.35617065429688,185.94093322753906,2093567,0.0,0.0
2025-09-25 00:00:00-04:00,188.03384399414062,190.7493896484375,187.34890747070312,190.50765991210938,188.06483459472656,2195081,0.0,0.0
2025-09-26 00:00:00-04:00,190.9750213623047,195.0040283203125,189.06527709960938,191.63577270507812,189.178466796875,2852066,0.0,0.0
2025-09-29 00:00:00-04:00,192.6188507080078,192.92506408691406,188.8396453857422,190.63658142089844,188.19210815429688,1618885,0.0,0.0
2025-09-30 00:00:00-04:00,189.38758850097656,190.10475158691406,186.8654327392578,190.01611328125,187.57958984375,1792128,0.0,0.0
2025-10-01 00:00:00-04:00,189.37147521972656,193.5938720703125,188.7993621826172,193.02981567382812,190.5546417236328,1777608,0.0,0.0
2025-10-02 00:00:00-04:00,193.25543212890625,197.72764587402344,192.5866241455078,195.2618865966797,192.7581024169922,2185773,0.0,0.0
2025-10-03 00:00:00-04:00,195.87429809570312,197.95326232910156,195.61643981933594,197.107177734375,194.57972717285156,2158595,0.0,0.0
2025-10-06 00:00:00-04:00,197.21998596191406,201.52296447753906,196.30137634277344,199.0572052001953,196.50474548339844,2524690,0.0,0.0
2025-10-07 00:00:00-04:00,199.5809783935547,200.53988647460938,195.18130493164062,195.2699432373047,192.7660675048828,1709229,0.0,0.0
2025-10-08 00:00:00-04:00,191.93392944335938,195.2941131591797,190.9750213623047,193.3360137939453,190.85690307617188,2031145,0.0,0.0
2025-10-09 00:00:00-04:00,194.60919189453125,195.4875030517578,189.94358825683594,190.9750213623047,188.5261993408203,1557083,0.0,0.0
2025-10-10 00:00:00-04:00,192.19178771972656,192.30459594726562,180.9911346435547,181.0072479248047,178.68624877929688,3023324,0.0,0.0
2025-10-13 00:00:00-04:00,183.04592895507812,185.93069458007812,182.21595764160156,185.05238342285156,182.6795196533203,1676839,0.0,0.0
2025-10-14 00:00:00-04:00,183.72280883789062,189.44400024414062,182.92506408691406,189.09750366210938,186.67276000976562,1523576,0.0,0.0
2025-10-15 00:00:00-04:00,189.7582550048828,191.35374450683594,186.3980712890625,190.008056640625,187.57164001464844,1803794,0.0,0.0
2025-10-16 00:00:00-04:00,190.9750213623047,192.5866241455078,187.75181579589844,190.90249633789062,188.45458984375,1754898,0.0,0.0
2025-10-17 00:00:00-04:00,190.90249633789062,193.3118438720703,190.21755981445312,191.61965942382812,189.16258239746094,1975672,0.0,0.0
2025-10-20 00:00:00-04:00,191.92587280273438,194.68170166015625,191.59548950195312,193.23931884765625,190.761474609375,1108585,0.0,0.0
2025-10-21 00:00:00-04:00,192.50604248046875,198.41256713867188,192.07896423339844,195.680908203125,193.1717529296875,1417470,0.0,0.0
2025-10-22 00:00:00-04:00,196.34971618652344,197.5825958251953,192.74778747558594,192.91700744628906,190.4432830810547,1355668,0.0,0.0
2025-10-23 00:00:00-04:00,193.5294189453125,194.5286102294922,188.9846954345703,191.9178009033203,189.45689392089844,1627572,0.0,0.0
2025-10-24 00:00:00-04:00,193.1426239013672,195.18936157226562,192.1353759765625,194.319091796875,191.827392578125,1371677,0.0,0.0
2025-10-27 00:00:00-04:00,197.23609924316406,200.21755981445312,196.8573760986328,199.3070068359375,196.7513427734375,1968474,0.0,0.0
2025-10-28 00:00:00-04:00,202.25624084472656,204.67364501953125,200.9669647216797,201.08782958984375,198.50933837890625,2223996,0.0,0.0
2025-10-29 00:00:00-04:00,200.6849365234375,203.5616455078125,199.83883666992188,201.1603546142578,198.5809326171875,1847229,0.0,0.0
2025-10-30 00:00:00-04:00,200.6929931640625,203.61805725097656,199.92747497558594,200.58824157714844,198.01614379882812,2193592,0.0,0.0
2025-10-31 00:00:00-04:00,199.79855346679688,205.90652465820312,199.44400024414062,204.5286102294922,201.906005859375,2038467,0.0,0.0
2025-11-03 00:00:00-05:00,203.70669555664062,205.19741821289062,201.31346130371094,203.8597869873047,201.24575805664062,1975548,0.0,0.0
2025-11-04 00:00:00-05:00,202.25624084472656,205.713134765625,202.25624084472656,202.96534729003906,200.36277770996094,1988827,0.0,0.0
2025-11-05 00:00:00-05:00,202.78001403808594,208.8557586669922,201.6519012451172,206.36582946777344,203.7196502685547,2087610,0.0,0.0
2025-11-06 00:00:00-05:00,206.34971618652344,210.56405639648438,206.24496459960938,208.58984375,205.9151611328125,2760480,0.0,0.0
2025-11-07 00:00:00-05:00,208.57373046875,212.33682250976562,208.1144256591797,211.1925811767578,208.48451232910156,2046161,0.0,0.0
2025-11-10 00:00:00-05:00,211.1200714111328,211.49073791503906,204.42385864257812,204.5850067138672,201.961669921875,2507813,0.0,0.0
2025-11-11 00:00:00-05:00,205.14102172851562,217.8243408203125,204.67364501953125,215.729248046875,212.96302795410156,4368444,0.0,0.0
2025-11-12 00:00:00-05:00,216.06768798828125,219.15391540527344,215.4713897705078,216.49476623535156,213.71871948242188,2173115,0.0,0.0
2025-11-13 00:00:00-05:00,217.4536590576172,218.533447265625,214.80258178710938,215.4230499267578,212.66075134277344,1623352,0.0,0.0
2025-11-14 00:00:00-05:00,213.94036865234375,217.31668090820312,213.04592895507812,215.60032653808594,212.83575439453125,1956809,0.0,0.0
2025-11-17 00:00:00-05:00,214.35133361816406,216.51893615722656,211.92587280273438,213.3199005126953,210.58456420898438,2196570,0.0,0.0
2025-11-18 00:00:00-05:00,211.466552734375,213.49717712402344,209.33924865722656,211.99032592773438,209.27203369140625,1923550,0.0,0.0
2025-11-19 00:00:00-05:00,211.99032592773438,214.0128936767578,210.19338989257812,211.57937622070312,208.86636352539062,1284807,0.0,0.0
2025-11-20 00:00:00-05:00,213.94036865234375,218.18695068359375,211.9178009033203,212.00643920898438,209.28794860839844,1951473,0.0,0.0
2025-11-21 00:00:00-05:00,212.27235412597656,218.8557586669922,212.02256774902344,217.107177734375,214.32327270507812,2138739,0.0,0.0
2025-11-24 00:00:00-05:00,216.60757446289062,217.91297912597656,214.24658203125,215.13294982910156,212.3743438720703,2383216,0.0,0.0
2025-11-25 00:00:00-05:00,216.7203826904297,221.59548950195312,215.9790496826172,220.6849365234375,217.8551483154297,1576566,0.0,0.0
2025-11-26 00:00:00-05:00,221.03143310546875,222.884765625,219.66156005859375,222.26429748535156,219.4142608642578,1271280,0.0,0.0
2025-11-28 00:00:00-05:00,221.78887939453125,223.1023406982422,221.11199951171875,222.1434326171875,219.29495239257812,628815,0.0,0.0
2025-12-01 00:00:00-05:00,221.6519012451172,222.32070922851562,219.7582550048828,220.2578582763672,217.4335479736328,1522831,0.0,0.0
2025-12-02 00:00:00-05:00,219.98388671875,220.33843994140625,215.36663818359375,217.8646240234375,215.07101440429688,2004587,0.0,0.0
2025-12-03 00:00:00-05:00,218.2836456298828,220.9589080810547,216.52699279785156,217.92909240722656,215.13465881347656,2119380,0.0,0.0
2025-12-04 00:00:00-05:00,218.9766387939453,222.26429748535156,214.34327697753906,220.82997131347656,217.9983367919922,2539831,0.0,0.0
2025-12-05 00:00:00-05:00,220.78163146972656,222.884765625,219.98388671875,221.0233612060547,218.1892547607422,1283194,0.0,0.0
2025-12-08 00:00:00-05:00,223.6019287109375,225.2457733154297,222.4415740966797,222.91700744628906,220.05860900878906,1626331,0.0,0.0
2025-12-09 00:00:00-05:00,222.80418395996094,224.18211364746094,221.57937622070312,221.7002410888672,218.85743713378906,1074954,0.0,0.0
2025-12-10 00:00:00-05:00,222.01451110839844,230.04835510253906,221.8372344970703,229.09750366210938,226.15985107421875,1625710,0.0,0.0
2025-12-11 00:00:00-05:00,229.37953186035156,232.4254608154297,229.12973022460938,229.47622680664062,226.53372192382812,1684782,0.0,0.0
2025-12-12 00:00:00-05:00,230.4593048095703,231.7002410888672,228.20306396484375,229.12167358398438,226.1837158203125,1519356,0.0,0.0
2025-12-15 00:00:00-05:00,227.47784423828125,228.04190063476562,224.5769500732422,226.61563110351562,224.85647583007812,2483241,1.168413,0.0
2025-12-16 00:00:00-05:00,227.24415588378906,228.92022705078125,226.30943298339844,227.6067657470703,225.8399200439453,2023699,0.0,0.0
2025-12-17 00:00:00-05:00,227.5987091064453,229.65350341796875,226.7284393310547,227.4053192138672,225.64002990722656,1935588,0.0,0.0
2025-12-18 00:00:00-05:00,228.1547088623047,232.1112060546875,226.9137725830078,231.36180114746094,229.5657958984375,5041563,0.0,0.0
2025-12-19 00:00:00-05:00,219.22642517089844,234.13375854492188,218.21112060546875,232.69943237304688,230.89303588867188,7079657,0.0,0.0
2025-12-22 00:00:00-05:00,231.6599578857422,236.0032196044922,230.83802795410156,235.92263793945312,234.0912322998047,2980510,0.0,0.0
2025-12-23 00:00:00-05:00,236.09991455078125,238.06607055664062,234.35133361816406,237.8807373046875,236.0341339111328,2140973,0.0,0.0
2025-12-24 00:00:00-05:00,237.20387268066406,238.597900390625,235.87429809570312,238.43675231933594,236.58583068847656,799204,0.0,0.0
2025-12-26 00:00:00-05:00,237.97743225097656,239.0330352783203,237.07493591308594,238.78323364257812,236.9296112060547,869196,0.0,0.0
2025-12-29 00:00:00-05:00,238.51731872558594,239.3231201171875,234.5769500732422,236.0112762451172,234.17918395996094,1683789,0.0,0.0
2025-12-30 00:00:00-05:00,235.76148986816406,237.4294891357422,234.302978515625,234.5366668701172,232.7160186767578,1151152,0.0,0.0
2025-12-31 00:00:00-05:00,234.5850067138672,234.87510681152344,232.71554565429688,232.76390075683594,230.95701599121094,995530,0.0,0.0
2026-01-02 00:00:00-05:00,232.8203125,236.4222412109375,231.8694610595703,236.20468139648438,234.37107849121094,1613052,0.0,0.0
2026-01-05 00:00:00-05:00,235.32635498046875,240.12892150878906,234.79452514648438,239.6938018798828,237.83311462402344,2087362,0.0,0.0
2026-01-06 00:00:00-05:00,239.42788696289062,248.2675323486328,239.42788696289062,248.1305389404297,246.204345703125,3756507,0.0,0.0
2026-01-07 00:00:00-05:00,246.49476623535156,250.31427001953125,245.2941131591797,247.64706420898438,245.72462463378906,2444894,0.0,0.0
2026-01-08 00:00:00-05:00,246.80096435546875,254.14987182617188,245.4069366455078,249.0008087158203,247.06787109375,3096543,0.0,0.0
2026-01-09 00:00:00-05:00,253.03787231445312,256.9137878417969,249.0008087158203,251.7002410888672,249.74635314941406,2782198,0.0,0.0
2026-01-12 00:00:00-05:00,250.17727661132812,252.5785675048828,248.597900390625,251.34568786621094,249.39456176757812,1680935,0.0,0.0
2026-01-13 00:00:00-05:00,250.2820281982422,251.50685119628906,248.21112060546875,249.5245819091797,247.58758544921875,1769418,0.0,0.0
2026-01-14 00:00:00-05:00,249.08944702148438,252.76390075683594,248.581787109375,252.65914916992188,250.69781494140625,2077682,0.0,0.0
2026-01-15 00:00:00-05:00,254.63336181640625,256.2449645996094,251.82916259765625,252.34487915039062,250.385986328125,2350206,0.0,0.0
2026-01-16 00:00:00-05:00,252.21595764160156,253.75503540039062,247.76792907714844,248.3319854736328,246.40423583984375,2504834,0.0,0.0
2026-01-20 00:00:00-05:00,245.90652465820312,249.79049682617188,241.82916259765625,242.5705108642578,240.6875,3527046,0.0,0.0
2026-01-21 00:00:00-05:00,243.23126220703125,249.5729217529297,241.1361846923828,247.34085083007812,245.42079162597656,2387932,0.0,0.0
2026-01-22 00:00:00-05:00,248.38034057617188,250.9830780029297,247.53424072265625,249.64544677734375,247.70751953125,1755395,0.0,0.0
2026-01-23 00:00:00-05:00,248.79129028320312,249.64544677734375,243.69056701660156,245.13294982910156,243.23004150390625,2161326,0.0,0.0
2026-01-26 00:00:00-05:00,245.9468231201172,246.63980102539062,242.49798583984375,245.34246826171875,243.43792724609375,1877757,0.0,0.0
2026-01-27 00:00:00-05:00,245.76954650878906,253.1265106201172,244.84286499023438,251.74859619140625,249.79432678222656,2632533,0.0,0.0
2026-01-28 00:00:00-05:00,251.1925811767578,255.83399963378906,251.1684112548828,253.5455322265625,251.57733154296875,1729334,0.0,0.0
2026-01-29 00:00:00-05:00,255.63255310058594,257.8001708984375,253.38436889648438,257.8001708984375,255.79893493652344,2036977,0.0,0.0
2026-01-30 00:00:00-05:00,254.270751953125,260.072509765625,254.270751953125,259.66961669921875,257.6538391113281,3212453,0.0,0.0
2026-02-02 00:00:00-05:00,259.3472900390625,270.43511962890625,259.0652770996094,270.1853332519531,268.08795166015625,3231936,0.0,0.0
2026-02-03 00:00:00-05:00,276.6639709472656,286.1805114746094,275.8259582519531,284.7945251464844,282.583740234375,4958416,0.0,0.0
2026-02-04 00:00:00-05:00,286.9621276855469,294.3996887207031,286.5108642578125,292.1353759765625,289.86761474609375,3141592,0.0,0.0
2026-02-05 00:00:00-05:00,291.70025634765625,295.29412841796875,287.8726806640625,293.27960205078125,291.0029296875,2903320,0.0,0.0
2026-02-06 00:00:00-05:00,293.3763122558594,298.8396301269531,291.9580993652344,297.52618408203125,295.2165832519531,2725732,0.0,0.0
2026-02-09 00:00:00-05:00,296.4947509765625,297.8887939453125,292.6188659667969,293.7953186035156,291.5146484375,1842265,0.0,0.0
2026-02-10 00:00:00-05:00,293.4729919433594,297.3327941894531,291.8936462402344,296.4947509765625,294.193115234375,1834819,0.0,0.0
2026-02-11 00:00:00-05:00,298.14666748046875,302.0144958496094,295.6728515625,295.8581848144531,293.5614929199219,2294609,0.0,0.0
2026-02-12 00:00:00-05:00,295.0201416015625,306.8976745605469,292.0306091308594,297.7115173339844,295.40045166015625,4569362,0.0,0.0
2026-02-13 00:00:00-05:00,298.14666748046875,305.0120849609375,293.8194885253906,301.9500427246094,299.6060791015625,2291879,0.0,0.0
2026-02-17 00:00:00-05:00,304.56085205078125,307.8082275390625,301.36181640625,302.41741943359375,300.06982421875,1446137,0.0,0.0
2026-02-18 00:00:00-05:00,302.1917724609375,309.0975036621094,302.1917724609375,308.6865539550781,306.290283203125,1874282,0.0,0.0
2026-02-19 00:00:00-05:00,307.0104675292969,309.7502136230469,305.9468078613281,308.7348937988281,306.3382568359375,1487587,0.0,0.0
2026-02-20 00:00:00-05:00,307.6228942871094,315.28607177734375,307.0024108886719,313.0378723144531,310.6078186035156,1877385,0.0,0.0
2026-02-23 00:00:00-05:00,312.44964599609375,315.5922546386719,306.4383544921875,309.1941833496094,306.7939758300781,2010296,0.0,0.0
2026-02-24 00:00:00-05:00,309.1941833496094,313.92425537109375,308.3239440917969,311.49072265625,309.07269287109375,1115039,0.0,0.0
2026-02-25 00:00:00-05:00,312.780029296875,314.2626953125,307.6390075683594,308.29168701171875,305.89849853515625,1702776,0.0,0.0
2026-02-26 00:00:00-05:00,310.2336730957031,315.8662414550781,310.2256164550781,312.3932189941406,309.9681701660156,2217667,0.0,0.0
2026-02-27 00:00:00-05:00,311.369873046875,316.5672912597656,310.6607666015625,311.84527587890625,309.42449951171875,3411757,0.0,0.0
2026-03-02 00:00:00-05:00,309.71795654296875,312.2320861816406,307.46173095703125,312.0467224121094,309.6243591308594,1796720,0.0,0.0
2026-03-03 00:00:00-05:00,302.7558288574219,310.1853332519531,301.2167663574219,308.24334716796875,305.85052490234375,2065893,0.0,0.0
2026-03-04 00:00:00-05:00,309.2747802734375,311.84527587890625,305.6083679199219,309.5003967285156,307.0978088378906,2374902,0.0,0.0
2026-03-05 00:00:00-05:00,308.3481140136719,309.65350341796875,299.2022705078125,300.8460998535156,298.51068115234375,2340030,0.0,0.0
2026-03-06 00:00:00-05:00,294.0934753417969,294.0934753417969,285.1490783691406,289.3634033203125,287.1171569824219,3517118,0.0,0.0
2026-03-09 00:00:00-04:00,283.3279724121094,291.6921691894531,278.8154602050781,290.9750061035156,289.8867492675781,2373785,1.168413,0.0
2026-03-10 00:00:00-04:00,292.7477722167969,296.8976745605469,288.8074035644531,289.66156005859375,288.5782165527344,1890415,0.0,0.0
2026-03-11 00:00:00-04:00,289.911376953125,291.74859619140625,286.78485107421875,291.2087097167969,290.1195983886719,1271901,0.0,0.0
2026-03-12 00:00:00-04:00,286.6156311035156,289.7824401855469,283.86785888671875,284.5527648925781,283.488525390625,1952217,0.0,0.0
2026-03-13 00:00:00-04:00,285.8179016113281,287.3489074707031,281.04754638671875,283.3843688964844,282.3244934082031,2116401,0.0,0.0
2026-03-16 00:00:00-04:00,286.3013610839844,288.0902404785156,283.89202880859375,283.92425537109375,282.86236572265625,1527919,0.0,0.0
2026-03-17 00:00:00-04:00,288.18695068359375,288.18695068359375,282.44158935546875,285.78564453125,284.716796875,1847725,0.0,0.0
2026-03-18 00:00:00-04:00,285.777587890625,286.85736083984375,281.07171630859375,281.82110595703125,280.76708984375,1518860,0.0,0.0
2026-03-19 00:00:00-04:00,278.4528503417969,287.4053039550781,277.3166809082031,286.9540710449219,285.880859375,6018726,0.0,0.0
2026-03-20 00:00:00-04:00,306.86541748046875,308.7671203613281,287.3005676269531,289.1619567871094,288.0804748535156,8647164,0.0,0.0
2026-03-23 00:00:00-04:00,294.1176452636719,298.0419006347656,286.5028076171875,286.6881408691406,285.6159362792969,3128189,0.0,0.0
2026-03-24 00:00:00-04:00,284.4963684082031,290.33038330078125,282.796142578125,290.056396484375,288.9715881347656,2609203,0.0,0.0
2026-03-25 00:00:00-04:00,291.01531982421875,291.70025634765625,284.254638671875,288.0902404785156,287.0127868652344,2761970,0.0,0.0
2026-03-26 00:00:00-04:00,286.2771911621094,286.3335876464844,281.514892578125,281.6679992675781,280.61456298828125,1972570,0.0,0.0
2026-03-27 00:00:00-04:00,280.9186096191406,281.2328796386719,275.72119140625,277.171630859375,276.135009765625,1980884,0.0,0.0
2026-03-30 00:00:00-04:00,280.31427001953125,280.33843994140625,274.9798583984375,275.39080810546875,274.36083984375,1600021,0.0,0.0
2026-03-31 00:00:00-04:00,278.92022705078125,287.55841064453125,277.50201416015625,287.0104675292969,285.9370422363281,2498133,0.0,0.0
2026-04-01 00:00:00-04:00,289.1941833496094,294.8670349121094,288.3158874511719,289.5326232910156,288.44976806640625,2365718,0.0,0.0
2026-04-02 00:00:00-04:00,285.2538146972656,293.7630920410156,284.8509216308594,291.402099609375,290.312255859375,1759986,0.0,0.0
2026-04-06 00:00:00-04:00,289.4520568847656,290.8058166503906,287.44561767578125,289.1539001464844,288.07244873046875,1583392,0.0,0.0
2026-04-07 00:00:00-04:00,288.4125671386719,290.2175598144531,285.9468078613281,287.6712341308594,286.5953369140625,1296845,0.0,0.0
2026-04-08 00:00:00-04:00,293.3118591308594,300.9347229003906,293.3118591308594,300.9105529785156,299.78515625,2327620,0.0,0.0
2026-04-09 00:00:00-04:00,300.4593200683594,306.3174743652344,299.5326232910156,303.7872619628906,302.6510925292969,2003346,0.0,0.0
2026-04-10 00:00:00-04:00,304.238525390625,305.2215881347656,300.5962829589844,301.434326171875,300.30694580078125,1413995,0.0,0.0
2026-04-13 00:00:00-04:00,298.3642272949219,301.3295593261719,296.84124755859375,299.66961669921875,298.5488586425781,1521838,0.0,0.0
2026-04-14 00:00:00-04:00,292.46575927734375,299.4923400878906,291.81304931640625,298.25946044921875,297.1439514160156,2707117,0.0,0.0
2026-04-15 00:00:00-04:00,296.4464111328125,298.14666748046875,290.5882263183594,294.0531921386719,292.95343017578125,2050753,0.0,0.0
2026-04-16 00:00:00-04:00,293.6986389160156,306.9218444824219,292.7558288574219,306.9137878417969,305.76593017578125,2042562,0.0,0.0
2026-04-17 00:00:00-04:00,308.92022705078125,316.5672912597656,308.0580139160156,316.1805114746094,314.99798583984375,2887187,0.0,0.0
2026-04-20 00:00:00-04:00,314.3835754394531,319.0169372558594,313.4488220214844,317.2925109863281,316.1058349609375,1440801,0.0,0.0
2026-04-21 00:00:00-04:00,318.6784973144531,322.0548095703125,315.6728515625,317.9613342285156,316.77215576171875,1842637,0.0,0.0
2026-04-22 00:00:00-04:00,319.0572204589844,319.2989501953125,310.5157165527344,310.99920654296875,309.8360595703125,1663685,0.0,0.0
2026-04-23 00:00:00-04:00,315.75341796875,319.0975036621094,313.0137023925781,316.4302978515625,315.2468566894531,1816079,0.0,0.0
2026-04-24 00:00:00-04:00,316.1885681152344,316.2771911621094,311.2087097167969,312.6349792480469,311.4657287597656,1065771,0.0,0.0
2026-04-27 00:00:00-04:00,312.53826904296875,316.15631103515625,309.8952331542969,312.56243896484375,311.3934631347656,1317446,0.0,0.0
2026-04-28 00:00:00-04:00,313.0217590332031,315.99517822265625,308.0338439941406,314.4319152832031,313.2559509277344,1501734,0.0,0.0
2026-04-29 00:00:00-04:00,314.8912048339844,318.6704406738281,308.63818359375,313.12652587890625,311.9554138183594,1633777,0.0,0.0
2026-04-30 00:00:00-04:00,314.8106384277344,325.5680847167969,312.2401428222656,324.9879150390625,323.7724609375,2408781,0.0,0.0
2026-05-01 00:00:00-04:00,324.7381286621094,325.42303466796875,316.8976745605469,317.219970703125,316.0335693359375,1329111,0.0,0.0
2026-05-04 00:00:00-04:00,305.8017578125,305.8662414550781,285.36663818359375,288.3158874511719,287.2375793457031,6236273,0.0,0.0
2026-05-05 00:00:00-04:00,287.6712341308594,294.56085205078125,287.6712341308594,292.3045959472656,291.21136474609375,2284433,0.0,0.0
2026-05-06 00:00:00-04:00,293.7147521972656,304.7945251464844,293.7147521972656,303.94036865234375,302.8036193847656,2822158,0.0,0.0
2026-05-07 00:00:00-04:00,306.1966247558594,307.0104675292969,300.9347229003906,302.925048828125,301.7921142578125,1961276,0.0,0.0
2026-05-08 00:00:00-04:00,304.7622985839844,308.87188720703125,302.57855224609375,305.0604248046875,303.91949462890625,1699798,0.0,0.0
2026-05-11 00:00:00-04:00,306.82513427734375,309.57293701171875,303.3199157714844,305.31829833984375,304.1763916015625,1155495,0.0,0.0
2026-05-12 00:00:00-04:00,306.01129150390625,306.01129150390625,299.959716796875,303.3199157714844,302.18548583984375,1236408,0.0,0.0
2026-05-13 00:00:00-04:00,304.8428649902344,306.12408447265625,295.8098449707031,297.9049072265625,296.7907409667969,1958050,0.0,0.0
2026-05-14 00:00:00-04:00,298.95245361328125,306.2691345214844,296.9701843261719,306.1885681152344,305.0434265136719,1797961,0.0,0.0
2026-05-15 00:00:00-04:00,303.5858154296875,304.1498718261719,300.1611633300781,302.80419921875,301.6717224121094,1443035,0.0,0.0
2026-05-18 00:00:00-04:00,301.78082275390625,302.57855224609375,295.8179016113281,297.9210205078125,296.8067932128906,1759614,0.0,0.0
2026-05-19 00:00:00-04:00,297.171630859375,303.21514892578125,290.9830627441406,302.1514892578125,301.0214538574219,1951100,0.0,0.0
2026-05-20 00:00:00-04:00,303.6664123535156,313.4085388183594,302.58660888671875,311.71636962890625,310.550537109375,1761475,0.0,0.0
2026-05-21 00:00:00-04:00,312.0386657714844,316.09991455078125,306.6156311035156,313.3843688964844,312.2123107910156,1165299,0.0,0.0
2026-05-22 00:00:00-04:00,317.42144775390625,321.353759765625,315.8742980957031,317.6470642089844,316.45904541015625,1871552,0.0,0.0
2026-05-26 00:00:00-04:00,320.088623046875,324.7622985839844,320.072509765625,322.3207092285156,321.115234375,1543184,0.0,0.0
2026-05-27 00:00:00-04:00,329.58905029296875,333.3601989746094,328.24334716796875,331.81304931640625,330.5720520019531,2300318,0.0,0.0
2026-05-28 00:00:00-04:00,330.37872314453125,332.49798583984375,325.1571350097656,331.5068359375,330.2669982910156,2408036,0.0,0.0
2026-05-29 00:00:00-04:00,331.5310363769531,333.4971923828125,329.66961669921875,331.78887939453125,330.5479736328125,2728711,0.0,0.0
2026-06-01 00:00:00-04:00,325.010009765625,341.1400146484375,321.80999755859375,338.489990234375,337.2240295410156,2399300,0.0,1.241
2026-06-02 00:00:00-04:00,337.3399963378906,337.3399963378906,327.0,329.0,327.76953125,3307800,0.0,0.0
2026-06-03 00:00:00-04:00,327.5199890136719,329.9700012207031,324.1700134277344,324.4599914550781,323.24652099609375,2005300,0.0,0.0
2026-06-04 00:00:00-04:00,328.1600036621094,334.42999267578125,327.760009765625,328.0,326.7732849121094,1894900,0.0,0.0
2026-06-05 00:00:00-04:00,327.7300109863281,333.3999938964844,326.1099853515625,331.0,329.7620544433594,2584700,0.0,0.0
2026-06-08 00:00:00-04:00,331.20001220703125,332.9700012207031,328.2200012207031,330.2200012207031,328.9849853515625,1761000,0.0,0.0
2026-06-09 00:00:00-04:00,333.739990234375,337.489990234375,325.54998779296875,331.760009765625,330.51922607421875,1656900,0.0,0.0
2026-06-10 00:00:00-04:00,326.5799865722656,331.4800109863281,318.9599914550781,319.25,318.0559997558594,1700400,0.0,0.0
2026-06-11 00:00:00-04:00,324.8800048828125,338.94000244140625,322.8399963378906,338.0,336.7358703613281,2521600,0.0,0.0
2026-06-12 00:00:00-04:00,342.0,342.80999755859375,335.0,338.30999755859375,337.0447082519531,1176600,0.0,0.0
2026-06-15 00:00:00-04:00,340.8599853515625,345.3699951171875,337.82000732421875,338.75,337.4830627441406,1956300,0.0,0.0
2026-06-16 00:00:00-04:00,339.0899963378906,342.1400146484375,334.8599853515625,335.739990234375,334.48431396484375,1367100,0.0,0.0
2026-06-17 00:00:00-04:00,335.75,338.17999267578125,325.0400085449219,325.92999267578125,324.71099853515625,1266200,0.0,0.0
2026-06-18 00:00:00-04:00,329.95001220703125,331.1000061035156,324.4700012207031,326.20001220703125,324.9800109863281,2531800,0.0,0.0
2026-06-22 00:00:00-04:00,326.30999755859375,332.3999938964844,325.6600036621094,328.7799987792969,328.7799987792969,2347400,1.22,0.0
2026-06-23 00:00:00-04:00,326.010009765625,327.3999938964844,316.3599853515625,317.239990234375,317.239990234375,3551000,0.0,0.0
2026-06-24 00:00:00-04:00,314.7699890136719,323.67999267578125,306.04998779296875,316.8299865722656,316.8299865722656,5960700,0.0,0.0
2026-06-25 00:00:00-04:00,319.0400085449219,329.489990234375,317.75,329.44000244140625,329.44000244140625,2707900,0.0,0.0
2026-06-26 00:00:00-04:00,327.5799865722656,327.6199951171875,316.1199951171875,318.5299987792969,318.5299987792969,3422600,0.0,0.0
2026-06-29 00:00:00-04:00,317.9100036621094,325.7300109863281,317.9100036621094,325.3999938964844,325.3999938964844,3053400,0.0,0.0
2026-06-30 00:00:00-04:00,324.55999755859375,325.7300109863281,309.0199890136719,313.1300048828125,313.1300048828125,3182400,0.0,0.0
2026-07-01 00:00:00-04:00,313.0,317.0799865722656,310.6099853515625,313.8900146484375,313.8900146484375,2115100,0.0,0.0
2026-07-02 00:00:00-04:00,317.82000732421875,317.989990234375,310.29998779296875,313.0,313.0,1249200,0.0,0.0
2026-07-06 00:00:00-04:00,313.04998779296875,317.0400085449219,307.6600036621094,309.92999267578125,309.92999267578125,1422100,0.0,0.0
2026-07-07 00:00:00-04:00,311.7900085449219,313.94000244140625,309.5,312.8800048828125,312.8800048828125,1381200,0.0,0.0
2026-07-08 00:00:00-04:00,312.760009765625,314.1600036621094,306.3599853515625,309.760009765625,309.760009765625,1749800,0.0,0.0
2026-07-09 00:00:00-04:00,313.25,320.57000732421875,304.05999755859375,310.8399963378906,310.8399963378906,2425600,0.0,0.0
2026-07-10 00:00:00-04:00,313.8500061035156,317.6400146484375,311.30999755859375,314.69000244140625,314.69000244140625,1640200,0.0,0.0
2026-07-13 00:00:00-04:00,315.7799987792969,317.25,311.5400085449219,313.739990234375,313.739990234375,1573900,0.0,0.0
2026-07-14 00:00:00-04:00,315.1400146484375,316.45001220703125,311.010009765625,313.6600036621094,313.6600036621094,1440100,0.0,0.0
2026-07-15 00:00:00-04:00,316.0,320.1600036621094,311.739990234375,313.4200134277344,313.4200134277344,1468200,0.0,0.0
2026-07-16 00:00:00-04:00,313.32000732421875,319.0400085449219,312.6000061035156,318.20001220703125,318.20001220703125,1435000,0.0,0.0
2026-07-17 00:00:00-04:00,316.1499938964844,318.6600036621094,312.1300048828125,312.9800109863281,312.9800109863281,1465300,0.0,0.0
2026-07-20 00:00:00-04:00,314.0,314.0,305.70001220703125,306.2200012207031,306.2200012207031,1832800,0.0,0.0
2026-07-21 00:00:00-04:00,312.0,317.0,309.0,315.19000244140625,315.19000244140625,1619000,0.0,0.0
2026-07-22 00:00:00-04:00,313.5799865722656,322.1300048828125,313.5,321.0199890136719,321.0199890136719,1607800,0.0,0.0
2026-07-23 00:00:00-04:00,319.9700012207031,321.5,314.30999755859375,315.6199951171875,315.6199951171875,1623800,0.0,0.0
2026-07-24 00:00:00-04:00,316.0400085449219,318.55999755859375,314.0,314.9599914550781,314.9599914550781,1076700,0.0,0.0
2026-07-27 00:00:00-04:00,314.5,315.989990234375,308.7099914550781,310.7900085449219,310.7900085449219,1782200,0.0,0.0
2026-07-28 00:00:00-04:00,310.8500061035156,313.75,303.0,312.6400146484375,312.6400146484375,1461200,0.0,0.0
2026-07-29 00:00:00-04:00,312.0,312.8500061035156,307.6600036621094,308.6099853515625,308.6099853515625,1833100,0.0,0.0
2026-07-30 00:00:00-04:00,311.2799987792969,311.3299865722656,304.17999267578125,308.54998779296875,308.54998779296875,1536300,0.0,0.0
2026-07-31 00:00:00-04:00,311.010009765625,311.45001220703125,306.9800109863281,307.3999938964844,307.3999938964844,1309100,0.0,0.0
2026-08-03 00:00:00-04:00,307.5199890136719,310.54998779296875,306.9100036621094,309.239990234375,309.239990234375,944400,0.0,0.0
2026-08-04 00:00:00-04:00,310.25,314.9599914550781,307.80999755859375,313.3399963378906,313.3399963378906,1273500,0.0,0.0
2026-08-05 00:00:00-04:00,312.5,313.739990234375,309.07000732421875,310.7200012207031,310.7200012207031,1283000,0.0,0.0
2026-08-06 00:00:00-04:00,312.6400146484375,318.5,312.3900146484375,315.8699951171875,315.8699951171875,1920200,0.0,0.0
2026-08-07 00:00:00-04:00,315.05999755859375,319.69000244140625,313.30999755859375,318.57000732421875,318.57000732421875,1214800,0.0,0.0
2026-08-10 00:00:00-04:00,317.6199951171875,326.1400146484375,316.8999938964844,325.0799865722656,325.0799865722656,1674700,0.0,0.0
2026-08-11 00:00:00-04:00,327.2099914550781,328.3500061035156,320.760009765625,322.42999267578125,322.42999267578125,2145400,0.0,0.0
2026-08-12 00:00:00-04:00,322.9599914550781,326.80999755859375,321.1199951171875,326.7699890136719,326.7699890136719,1449000,0.0,0.0
2026-08-13 00:00:00-04:00,326.989990234375,340.25,326.989990234375,339.3500061035156,339.3500061035156,2497000,0.0,0.0
2026-08-14 00:00:00-04:00,339.0299987792969,341.69000244140625,333.489990234375,334.6400146484375,334.6400146484375,1314900,0.0,0.0
2026-08-17 00:00:00-04:00,334.760009765625,340.0899963378906,331.4200134277344,331.489990234375,331.489990234375,1469200,0.0,0.0
2026-08-18 00:00:00-04:00,333.3800048828125,334.1499938964844,328.0400085449219,328.3800048828125,328.3800048828125,1072100,0.0,0.0
2026-08-19 00:00:00-04:00,330.95001220703125,338.0400085449219,327.05999755859375,328.3800048828125,328.3800048828125,1295600,0.0,0.0
2026-08-20 00:00:00-04:00,326.1700134277344,333.2300109863281,325.3800048828125,326.0400085449219,326.0400085449219,1666000,0.0,0.0
2026-08-21 00:00:00-04:00,328.29998779296875,330.6300048828125,324.6600036621094,325.0799865722656,325.0799865722656,1776700,0.0,0.0
2026-08-24 00:00:00-04:00,325.0,334.3699951171875,324.29998779296875,334.04998779296875,334.04998779296875,1489800,0.0,0.0
2026-08-25 00:00:00-04:00,336.9700012207031,336.9700012207031,328.8699951171875,333.7099914550781,333.7099914550781,1096900,0.0,0.0
2026-08-26 00:00:00-04:00,333.82000732421875,340.8299865722656,330.4100036621094,335.989990234375,335.989990234375,1169700,0.0,0.0
2026-08-27 00:00:00-04:00,333.45001220703125,335.0299987792969,331.20001220703125,331.4100036621094,331.4100036621094,815000,0.0,0.0
2026-08-28 00:00:00-04:00,332.3800048828125,334.0799865722656,328.8299865722656,330.8800048828125,330.8800048828125,956900,0.0,0.0
2026-08-31 00:00:00-04:00,328.6499938964844,329.57000732421875,324.70001220703125,327.3999938964844,327.3999938964844,1900200,0.0,0.0
2026-09-01 00:00:00-04:00,327.5400085449219,330.4800109863281,319.3599853515625,324.8800048828125,324.8800048828125,1813600,0.0,0.0
2026-09-02 00:00:00-04:00,325.4599914550781,325.6199951171875,315.8699951171875,316.5400085449219,316.5400085449219,1279700,0.0,0.0
2026-09-03 00:00:00-04:00,318.69000244140625,324.44000244140625,315.3299865722656,324.30999755859375,324.30999755859375,2529200,0.0,0.0
2026-09-04 00:00:00-04:00,323.75,325.04998779296875,321.0899963378906,322.5199890136719,322.5199890136719,1971800,0.0,0.0
2026-09-08 00:00:00-04:00,320.0,321.1499938964844,314.05999755859375,314.1300048828125,314.1300048828125,1677200,0.0,0.0
2026-09-09 00:00:00-04:00,311.8599853515625,313.0,308.5799865722656,309.19000244140625,309.19000244140625,1350800,0.0,0.0
2026-09-10 00:00:00-04:00,307.69000244140625,313.8349914550781,306.7900085449219,311.8299865722656,311.8299865722656,348233,0.0,0.0
