Date,Open,High,Low,Close,Adj Close,Volume,Dividends,Stock Splits
2021-09-10 00:00:00-04:00,72.9800033569336,72.9800033569336,71.37999725341797,71.44000244140625,66.81964111328125,4099900,0.0,0.0
2021-09-13 00:00:00-04:00,72.0,72.25,70.83999633789062,71.88999938964844,67.24052429199219,3180200,0.0,0.0
2021-09-14 00:00:00-04:00,71.77999877929688,72.19000244140625,69.12999725341797,69.7300033569336,65.22024536132812,5572700,0.0,0.0
2021-09-15 00:00:00-04:00,69.91999816894531,71.38999938964844,69.43000030517578,71.1500015258789,66.54837799072266,4248900,0.0,0.0
2021-09-16 00:00:00-04:00,71.37000274658203,71.95999908447266,70.37000274658203,70.77999877929688,66.20230865478516,3054600,0.0,0.0
2021-09-17 00:00:00-04:00,70.27999877929688,70.93000030517578,69.81999969482422,70.43000030517578,65.87496185302734,10256800,0.0,0.0
2021-09-20 00:00:00-04:00,68.63999938964844,68.97000122070312,67.30999755859375,68.80000305175781,64.35037994384766,5848600,0.0,0.0
2021-09-21 00:00:00-04:00,69.2300033569336,69.41999816894531,68.12999725341797,68.44000244140625,64.01365661621094,4243100,0.0,0.0
2021-09-22 00:00:00-04:00,69.45999908447266,71.11000061035156,69.08000183105469,70.4000015258789,65.84687805175781,4957000,0.0,0.0
2021-09-23 00:00:00-04:00,71.20999908447266,74.41999816894531,71.04000091552734,74.30000305175781,69.4946517944336,5860900,0.0,0.0
2021-09-24 00:00:00-04:00,74.02999877929688,75.94000244140625,73.94000244140625,75.58999633789062,70.70122528076172,6437400,0.0,0.0
2021-09-27 00:00:00-04:00,76.0,77.68000030517578,75.94000244140625,77.37999725341797,72.37547302246094,6584100,0.0,0.0
2021-09-28 00:00:00-04:00,77.5,77.97000122070312,75.44000244140625,76.18000030517578,71.25308227539062,8754700,0.0,0.0
2021-09-29 00:00:00-04:00,76.48999786376953,76.5,74.7300033569336,75.37999725341797,70.50479888916016,6075700,0.0,0.0
2021-09-30 00:00:00-04:00,75.97000122070312,75.97000122070312,72.7699966430664,72.83999633789062,68.12911224365234,7077400,0.0,0.0
2021-10-01 00:00:00-04:00,72.97000122070312,74.94000244140625,72.05000305175781,74.41999816894531,69.60690307617188,4814800,0.0,0.0
2021-10-04 00:00:00-04:00,74.16999816894531,75.12000274658203,72.91999816894531,73.2300033569336,68.49385833740234,5938700,0.0,0.0
2021-10-05 00:00:00-04:00,73.66000366210938,76.55999755859375,73.66000366210938,75.9000015258789,70.99118041992188,7569900,0.0,0.0
2021-10-06 00:00:00-04:00,75.0199966430664,76.11000061035156,73.97000122070312,75.70999908447266,70.81348419189453,5731600,0.0,0.0
2021-10-07 00:00:00-04:00,76.5,77.75,76.23999786376953,76.38999938964844,71.4494857788086,4560900,0.0,0.0
2021-10-08 00:00:00-04:00,76.33000183105469,77.86000061035156,76.19000244140625,77.33999633789062,72.33804321289062,3485100,0.0,0.0
2021-10-11 00:00:00-04:00,77.79000091552734,78.94000244140625,76.55000305175781,76.61000061035156,71.65525817871094,4229100,0.0,0.0
2021-10-12 00:00:00-04:00,77.08999633789062,77.91999816894531,76.3499984741211,77.2699966430664,72.27259063720703,6138200,0.0,0.0
2021-10-13 00:00:00-04:00,77.52999877929688,77.72000122070312,74.91999816894531,76.2699966430664,71.3372573852539,6066000,0.0,0.0
2021-10-14 00:00:00-04:00,77.22000122070312,78.37999725341797,76.63999938964844,78.11000061035156,73.05824279785156,4799500,0.0,0.0
2021-10-15 00:00:00-04:00,79.41999816894531,81.0,78.36000061035156,80.9000015258789,75.66781616210938,9004400,0.0,0.0
2021-10-18 00:00:00-04:00,80.75,81.23999786376953,79.70999908447266,80.55000305175781,75.34044647216797,6323200,0.0,0.0
2021-10-19 00:00:00-04:00,80.58999633789062,81.62999725341797,80.2300033569336,81.54000091552734,76.26641845703125,5346500,0.0,0.0
2021-10-20 00:00:00-04:00,81.13999938964844,81.80999755859375,80.58000183105469,81.58999633789062,76.31318664550781,6157200,0.0,0.0
2021-10-21 00:00:00-04:00,81.5,82.56999969482422,80.73999786376953,82.23999786376953,76.921142578125,5938000,0.0,0.0
2021-10-22 00:00:00-04:00,82.37000274658203,83.73999786376953,82.26000213623047,83.55000305175781,78.14642333984375,5740200,0.0,0.0
2021-10-25 00:00:00-04:00,83.69000244140625,84.01000213623047,82.8499984741211,82.88999938964844,77.52910614013672,4213500,0.0,0.0
2021-10-26 00:00:00-04:00,83.48999786376953,84.48999786376953,83.0199966430664,83.05999755859375,77.68811798095703,6362400,0.0,0.0
2021-10-27 00:00:00-04:00,82.66999816894531,83.7300033569336,81.08999633789062,81.1500015258789,75.90165710449219,6539200,0.0,0.0
2021-10-28 00:00:00-04:00,81.51000213623047,82.4000015258789,81.33999633789062,81.98999786376953,76.68730926513672,3579600,0.0,0.0
2021-10-29 00:00:00-04:00,82.0,82.70999908447266,81.73999786376953,82.02999877929688,76.72471618652344,4421600,0.0,0.0
2021-11-01 00:00:00-04:00,82.55000305175781,82.77999877929688,81.41000366210938,81.87000274658203,76.57508850097656,4095700,0.0,0.0
2021-11-02 00:00:00-04:00,81.87999725341797,82.5199966430664,81.37999725341797,81.7699966430664,76.4815444946289,3682600,0.0,0.0
2021-11-03 00:00:00-04:00,81.70999908447266,83.8499984741211,81.51000213623047,83.33000183105469,77.94065856933594,7051500,0.0,0.0
2021-11-04 00:00:00-04:00,82.94999694824219,83.12999725341797,80.30999755859375,81.44999694824219,76.18222045898438,5782900,0.0,0.0
2021-11-05 00:00:00-04:00,82.0999984741211,82.95999908447266,80.81999969482422,81.1500015258789,75.90165710449219,4107600,0.0,0.0
2021-11-08 00:00:00-05:00,81.72000122070312,82.66000366210938,81.37999725341797,81.68000030517578,76.3973617553711,3420000,0.0,0.0
2021-11-09 00:00:00-05:00,80.9000015258789,81.36000061035156,79.93000030517578,80.77999877929688,75.55557250976562,4193800,0.0,0.0
2021-11-10 00:00:00-05:00,80.33000183105469,81.06999969482422,79.81999969482422,80.75,75.6961898803711,4739000,0.18,0.0
2021-11-11 00:00:00-05:00,81.20999908447266,82.08000183105469,80.56999969482422,81.4000015258789,76.30550384521484,2794800,0.0,0.0
2021-11-12 00:00:00-05:00,81.33999633789062,82.31999969482422,80.61000061035156,82.11000061035156,76.97106170654297,4681400,0.0,0.0
2021-11-15 00:00:00-05:00,82.48999786376953,82.55000305175781,81.62000274658203,81.91999816894531,76.79296112060547,3302400,0.0,0.0
2021-11-16 00:00:00-05:00,81.73999786376953,82.16999816894531,81.05000305175781,81.80999755859375,76.6898422241211,4383200,0.0,0.0
2021-11-17 00:00:00-05:00,81.52999877929688,81.75,80.1500015258789,81.41999816894531,76.32424926757812,5613500,0.0,0.0
2021-11-18 00:00:00-05:00,81.69999694824219,82.08000183105469,81.22000122070312,81.72000122070312,76.60546875,3297500,0.0,0.0
2021-11-19 00:00:00-05:00,80.76000213623047,80.98999786376953,78.8499984741211,80.16999816894531,75.1524887084961,6394900,0.0,0.0
2021-11-22 00:00:00-05:00,81.22000122070312,83.27999877929688,81.0,81.91999816894531,76.79296112060547,5896200,0.0,0.0
2021-11-23 00:00:00-05:00,82.33000183105469,83.12999725341797,81.6500015258789,82.94000244140625,77.7491226196289,4321800,0.0,0.0
2021-11-24 00:00:00-05:00,82.38999938964844,83.45999908447266,82.38999938964844,83.13999938964844,77.93661499023438,4725400,0.0,0.0
2021-11-26 00:00:00-05:00,79.72000122070312,79.81999969482422,77.94000244140625,79.1500015258789,74.19632720947266,5773800,0.0,0.0
2021-11-29 00:00:00-05:00,80.43000030517578,80.87999725341797,78.93000030517578,80.0999984741211,75.08686065673828,6017600,0.0,0.0
2021-11-30 00:00:00-05:00,78.79000091552734,79.0999984741211,77.22000122070312,77.38999938964844,72.54647827148438,9711300,0.0,0.0
2021-12-01 00:00:00-05:00,79.5999984741211,80.29000091552734,76.45999908447266,76.52999877929688,71.74031066894531,6029400,0.0,0.0
2021-12-02 00:00:00-05:00,77.27999877929688,80.5,76.87999725341797,80.12000274658203,75.10562133789062,8382000,0.0,0.0
2021-12-03 00:00:00-05:00,80.5,81.0,77.66000366210938,78.47000122070312,73.55889892578125,7344000,0.0,0.0
2021-12-06 00:00:00-05:00,79.69000244140625,80.9800033569336,78.6500015258789,80.37000274658203,75.33998107910156,4488800,0.0,0.0
2021-12-07 00:00:00-05:00,81.30000305175781,82.22000122070312,80.9000015258789,81.30999755859375,76.22114562988281,4333000,0.0,0.0
2021-12-08 00:00:00-05:00,81.29000091552734,81.88999938964844,80.51000213623047,81.19999694824219,76.11801147460938,4138300,0.0,0.0
2021-12-09 00:00:00-05:00,80.72000122070312,81.81999969482422,80.30999755859375,80.66000366210938,75.61182403564453,3652800,0.0,0.0
2021-12-10 00:00:00-05:00,81.18000030517578,81.18000030517578,79.62000274658203,80.80999755859375,75.75243377685547,3864900,0.0,0.0
2021-12-13 00:00:00-05:00,80.4800033569336,80.68000030517578,78.77999877929688,79.37999725341797,74.41191101074219,5057400,0.0,0.0
2021-12-14 00:00:00-05:00,79.26000213623047,81.2699966430664,79.02999877929688,80.79000091552734,75.73369598388672,6068800,0.0,0.0
2021-12-15 00:00:00-05:00,80.9000015258789,81.87999725341797,79.55000305175781,81.5999984741211,76.49298095703125,5307200,0.0,0.0
2021-12-16 00:00:00-05:00,83.5,85.75,82.98999786376953,83.88999938964844,78.63967895507812,9825000,0.0,0.0
2021-12-17 00:00:00-05:00,83.5199966430664,84.19000244140625,81.62000274658203,82.94999694824219,77.75849914550781,13350300,0.0,0.0
2021-12-20 00:00:00-05:00,81.62000274658203,81.62000274658203,78.95999908447266,80.68000030517578,75.63057708740234,6446300,0.0,0.0
2021-12-21 00:00:00-05:00,81.72000122070312,83.26000213623047,81.72000122070312,83.19000244140625,77.98348236083984,4353500,0.0,0.0
2021-12-22 00:00:00-05:00,82.98999786376953,84.5,82.61000061035156,84.37999725341797,79.0989990234375,3945200,0.0,0.0
2021-12-23 00:00:00-05:00,85.05999755859375,86.0,85.04000091552734,85.12999725341797,79.80204772949219,3570400,0.0,0.0
2021-12-27 00:00:00-05:00,85.3499984741211,85.81999969482422,85.0199966430664,85.81999969482422,80.44888305664062,2815000,0.0,0.0
2021-12-28 00:00:00-05:00,85.62000274658203,86.43000030517578,85.26000213623047,85.5,80.14891052246094,2719000,0.0,0.0
2021-12-29 00:00:00-05:00,85.54000091552734,86.16000366210938,84.69999694824219,84.95999908447266,79.64269256591797,4196900,0.0,0.0
2021-12-30 00:00:00-05:00,85.16000366210938,86.19000244140625,84.38999938964844,84.4800033569336,79.19275665283203,3079200,0.0,0.0
2021-12-31 00:00:00-05:00,84.41999816894531,84.79000091552734,83.72000122070312,84.0999984741211,78.83650970458984,3223200,0.0,0.0
2022-01-03 00:00:00-05:00,84.56999969482422,85.86000061035156,84.13999938964844,85.76000213623047,80.39262390136719,6739700,0.0,0.0
2022-01-04 00:00:00-05:00,87.02999877929688,90.8499984741211,86.80999755859375,89.95999908447266,84.32976531982422,12870700,0.0,0.0
2022-01-05 00:00:00-05:00,90.0,90.66000366210938,89.30000305175781,89.30999755859375,83.7204360961914,9568800,0.0,0.0
2022-01-06 00:00:00-05:00,90.91000366210938,91.5,89.44999694824219,90.73999786376953,85.06095123291016,7941200,0.0,0.0
2022-01-07 00:00:00-05:00,90.55000305175781,92.31999969482422,90.0999984741211,91.73999786376953,85.99836730957031,7344300,0.0,0.0
2022-01-10 00:00:00-05:00,91.4800033569336,92.13999938964844,88.97000122070312,91.6500015258789,85.91400146484375,6821800,0.0,0.0
2022-01-11 00:00:00-05:00,92.36000061035156,94.0999984741211,91.7300033569336,93.91000366210938,88.03255462646484,8977700,0.0,0.0
2022-01-12 00:00:00-05:00,94.3499984741211,95.05000305175781,93.37000274658203,94.81999969482422,88.88558959960938,8669100,0.0,0.0
2022-01-13 00:00:00-05:00,93.4000015258789,94.75,92.86000061035156,93.37999725341797,87.53571319580078,9123000,0.0,0.0
2022-01-14 00:00:00-05:00,93.0,95.62000274658203,92.58999633789062,95.52999877929688,89.5511703491211,10057100,0.0,0.0
2022-01-18 00:00:00-05:00,94.91000366210938,95.01000213623047,89.63999938964844,92.16000366210938,86.39208984375,15343500,0.0,0.0
2022-01-19 00:00:00-05:00,93.0,93.31999969482422,90.97000122070312,91.51000213623047,85.78276824951172,9110700,0.0,0.0
2022-01-20 00:00:00-05:00,92.52999877929688,93.31999969482422,91.41999816894531,91.43000030517578,85.707763671875,8790900,0.0,0.0
2022-01-21 00:00:00-05:00,91.06999969482422,91.06999969482422,88.33000183105469,89.19999694824219,83.6173324584961,9773200,0.0,0.0
2022-01-24 00:00:00-05:00,86.44999694824219,89.05999755859375,85.18000030517578,88.70999908447266,83.15800476074219,13314700,0.0,0.0
2022-01-25 00:00:00-05:00,87.2699966430664,89.69000244140625,85.73999786376953,88.52999877929688,82.98927307128906,9155100,0.0,0.0
2022-01-26 00:00:00-05:00,89.98999786376953,91.27999877929688,89.0,90.01000213623047,84.37664794921875,8703900,0.0,0.0
2022-01-27 00:00:00-05:00,91.01000213623047,92.9000015258789,89.05000305175781,89.69999694824219,84.08602905273438,10986500,0.0,0.0
2022-01-28 00:00:00-05:00,88.95999908447266,90.43000030517578,86.18000030517578,88.91000366210938,83.34549713134766,13898000,0.0,0.0
2022-01-31 00:00:00-05:00,87.87000274658203,88.2699966430664,84.91999816894531,87.69999694824219,82.21121978759766,12540800,0.0,0.0
2022-02-01 00:00:00-05:00,88.62000274658203,90.41000366210938,87.58000183105469,90.05999755859375,84.42350006103516,9309100,0.0,0.0
2022-02-02 00:00:00-05:00,89.94999694824219,90.69999694824219,88.30000305175781,90.36000061035156,84.70474243164062,6511500,0.0,0.0
2022-02-03 00:00:00-05:00,90.33999633789062,91.5999984741211,88.75,88.88999938964844,83.32673645019531,7044400,0.0,0.0
2022-02-04 00:00:00-05:00,88.94999694824219,93.06999969482422,88.94999694824219,91.9000015258789,86.14834594726562,8962400,0.0,0.0
2022-02-07 00:00:00-05:00,92.55999755859375,93.83999633789062,91.88999938964844,93.13999938964844,87.31073760986328,5368300,0.0,0.0
2022-02-08 00:00:00-05:00,93.7699966430664,95.27999877929688,93.69000244140625,94.95999908447266,89.01683044433594,8092700,0.0,0.0
2022-02-09 00:00:00-05:00,95.63999938964844,96.23999786376953,94.2300033569336,94.5199966430664,88.6043701171875,5545100,0.0,0.0
2022-02-10 00:00:00-05:00,93.66000366210938,95.5199966430664,92.51000213623047,92.8499984741211,87.22347259521484,9336400,0.2,0.0
2022-02-11 00:00:00-05:00,92.2300033569336,92.63999938964844,88.51000213623047,89.11000061035156,83.71009826660156,12520300,0.0,0.0
2022-02-14 00:00:00-05:00,89.22000122070312,89.37000274658203,86.2300033569336,87.73999786376953,82.42311096191406,9735700,0.0,0.0
2022-02-15 00:00:00-05:00,89.1500015258789,90.41999816894531,88.9000015258789,89.63999938964844,84.20797729492188,6049500,0.0,0.0
2022-02-16 00:00:00-05:00,88.55999755859375,89.83999633789062,88.23999786376953,89.33000183105469,83.91676330566406,4936600,0.0,0.0
2022-02-17 00:00:00-05:00,88.0,88.33999633789062,85.91000366210938,86.0199966430664,80.80733489990234,7858200,0.0,0.0
2022-02-18 00:00:00-05:00,85.7300033569336,86.8499984741211,85.33999633789062,85.61000061035156,80.42220306396484,5605800,0.0,0.0
2022-02-22 00:00:00-05:00,85.2699966430664,86.30000305175781,84.12000274658203,84.56999969482422,79.44522094726562,7000700,0.0,0.0
2022-02-23 00:00:00-05:00,85.37000274658203,86.5199966430664,82.18000030517578,82.55000305175781,77.54762268066406,7808600,0.0,0.0
2022-02-24 00:00:00-05:00,79.16999816894531,82.58999633789062,77.5199966430664,82.2699966430664,77.28458404541016,10687500,0.0,0.0
2022-02-25 00:00:00-05:00,82.41999816894531,86.47000122070312,82.37999725341797,85.75,80.55370330810547,9128100,0.0,0.0
2022-02-28 00:00:00-05:00,83.01000213623047,85.48999786376953,82.63999938964844,84.45999908447266,79.34186553955078,9401400,0.0,0.0
2022-03-01 00:00:00-05:00,83.16000366210938,83.62000274658203,76.51000213623047,77.86000061035156,73.1418228149414,14470700,0.0,0.0
2022-03-02 00:00:00-05:00,79.0,82.54000091552734,78.81999969482422,81.80999755859375,76.85246276855469,10446900,0.0,0.0
2022-03-03 00:00:00-05:00,82.0,82.29000091552734,80.04000091552734,80.70999908447266,75.8191146850586,6544700,0.0,0.0
2022-03-04 00:00:00-05:00,78.5,79.5999984741211,77.66000366210938,79.2300033569336,74.4288330078125,6676000,0.0,0.0
2022-03-07 00:00:00-05:00,78.38999938964844,79.27999877929688,76.2300033569336,76.36000061035156,71.73271179199219,7950500,0.0,0.0
2022-03-08 00:00:00-05:00,77.1500015258789,77.69999694824219,74.62999725341797,75.69000244140625,71.10330963134766,7100700,0.0,0.0
2022-03-09 00:00:00-05:00,79.18000030517578,80.16000366210938,78.16000366210938,79.38999938964844,74.5791015625,5883900,0.0,0.0
2022-03-10 00:00:00-05:00,78.12999725341797,79.83000183105469,77.70999908447266,79.6500015258789,74.82334899902344,5030900,0.0,0.0
2022-03-11 00:00:00-05:00,81.30000305175781,81.6500015258789,80.16000366210938,80.23999786376953,75.37760925292969,6321000,0.0,0.0
2022-03-14 00:00:00-04:00,82.30000305175781,84.81999969482422,81.83000183105469,83.26000213623047,78.21459197998047,9527100,0.0,0.0
2022-03-15 00:00:00-04:00,84.11000061035156,84.37999725341797,82.30000305175781,83.16999816894531,78.13005828857422,5805400,0.0,0.0
2022-03-16 00:00:00-04:00,84.94999694824219,88.98999786376953,84.56999969482422,88.94000244140625,83.55039978027344,10413500,0.0,0.0
2022-03-17 00:00:00-04:00,87.72000122070312,89.81999969482422,86.76000213623047,89.77999877929688,84.33950805664062,6689600,0.0,0.0
2022-03-18 00:00:00-04:00,89.98999786376953,90.7699966430664,89.43000030517578,90.0,84.54615783691406,13003200,0.0,0.0
2022-03-21 00:00:00-04:00,90.05000305175781,90.33000183105469,88.23999786376953,89.01000213623047,83.61616516113281,5782200,0.0,0.0
2022-03-22 00:00:00-04:00,90.26000213623047,93.0,90.26000213623047,92.19999694824219,86.61283111572266,8382700,0.0,0.0
2022-03-23 00:00:00-04:00,91.2300033569336,92.02999877929688,89.75,89.75,84.31130981445312,6159300,0.0,0.0
2022-03-24 00:00:00-04:00,90.61000061035156,91.51000213623047,89.88999938964844,90.93000030517578,85.41981506347656,6164600,0.0,0.0
2022-03-25 00:00:00-04:00,89.98999786376953,91.47000122070312,89.2300033569336,91.36000061035156,85.82376098632812,6894600,0.0,0.0
2022-03-28 00:00:00-04:00,91.44999694824219,91.8499984741211,90.6500015258789,91.80000305175781,86.2370834350586,4194000,0.0,0.0
2022-03-29 00:00:00-04:00,93.06999969482422,93.16000366210938,91.02999877929688,91.22000122070312,85.69223022460938,6072600,0.0,0.0
2022-03-30 00:00:00-04:00,91.41999816894531,91.52999877929688,88.37999725341797,88.76000213623047,83.38130187988281,7478300,0.0,0.0
2022-03-31 00:00:00-04:00,88.44999694824219,88.80000305175781,84.19000244140625,84.30999755859375,79.20095825195312,12792300,0.0,0.0
2022-04-01 00:00:00-04:00,85.37000274658203,85.52999877929688,82.72000122070312,83.54000091552734,78.47763061523438,10638900,0.0,0.0
2022-04-04 00:00:00-04:00,83.08000183105469,84.01000213623047,82.08999633789062,82.30000305175781,77.31277465820312,9851100,0.0,0.0
2022-04-05 00:00:00-04:00,82.27999877929688,84.4000015258789,81.66000366210938,81.86000061035156,76.89942932128906,8913800,0.0,0.0
2022-04-06 00:00:00-04:00,81.19999694824219,82.48999786376953,80.62999725341797,80.87000274658203,75.96941375732422,7083100,0.0,0.0
2022-04-07 00:00:00-04:00,80.43000030517578,80.69000244140625,78.5999984741211,80.02999877929688,75.18032836914062,8144100,0.0,0.0
2022-04-08 00:00:00-04:00,80.69999694824219,82.27999877929688,80.12999725341797,81.69000244140625,76.73973083496094,6617700,0.0,0.0
2022-04-11 00:00:00-04:00,81.62000274658203,83.47000122070312,81.12999725341797,81.58000183105469,76.63640594482422,5632300,0.0,0.0
2022-04-12 00:00:00-04:00,81.69000244140625,82.76000213623047,79.58000183105469,80.06999969482422,75.21788787841797,7596900,0.0,0.0
2022-04-13 00:00:00-04:00,80.08000183105469,84.05000305175781,79.69000244140625,83.83000183105469,78.75005340576172,9598100,0.0,0.0
2022-04-14 00:00:00-04:00,84.0,85.58999633789062,82.45999908447266,82.75,77.73551177978516,11563000,0.0,0.0
2022-04-18 00:00:00-04:00,76.30000305175781,77.0,72.9000015258789,74.94000244140625,70.39877319335938,24023500,0.0,0.0
2022-04-19 00:00:00-04:00,75.04000091552734,77.68000030517578,74.98999786376953,76.9000015258789,72.24000549316406,15361200,0.0,0.0
2022-04-20 00:00:00-04:00,77.55999755859375,78.12999725341797,76.3499984741211,76.44999694824219,71.81726837158203,8671300,0.0,0.0
2022-04-21 00:00:00-04:00,77.61000061035156,78.23999786376953,70.77999877929688,73.2699966430664,68.82997131347656,18283400,0.0,0.0
2022-04-22 00:00:00-04:00,73.30000305175781,73.5199966430664,70.25,70.31999969482422,66.05872344970703,11945500,0.0,0.0
2022-04-25 00:00:00-04:00,69.61000061035156,70.7300033569336,68.55000305175781,70.30999755859375,66.0493392944336,9841800,0.0,0.0
2022-04-26 00:00:00-04:00,69.76000213623047,70.5999984741211,68.51000213623047,68.54000091552734,64.38660430908203,8661200,0.0,0.0
2022-04-27 00:00:00-04:00,69.0,70.33999633789062,68.54000091552734,68.58000183105469,64.42418670654297,6988200,0.0,0.0
2022-04-28 00:00:00-04:00,69.12999725341797,69.62000274658203,67.55000305175781,69.12000274658203,64.93144989013672,6481100,0.0,0.0
2022-04-29 00:00:00-04:00,69.0,69.61000061035156,66.1500015258789,66.33000183105469,62.310523986816406,7744600,0.0,0.0
2022-05-02 00:00:00-04:00,67.62000274658203,68.72000122070312,66.45999908447266,67.88999938964844,63.775978088378906,8411800,0.0,0.0
2022-05-03 00:00:00-04:00,68.1500015258789,70.0199966430664,67.94000244140625,69.45999908447266,65.25084686279297,9513300,0.0,0.0
2022-05-04 00:00:00-04:00,69.58000183105469,71.5999984741211,68.87000274658203,71.36000061035156,67.03572082519531,6842000,0.0,0.0
2022-05-05 00:00:00-04:00,70.4000015258789,70.55000305175781,68.33999633789062,69.8499984741211,65.61721801757812,7036300,0.0,0.0
2022-05-06 00:00:00-04:00,69.33000183105469,69.55000305175781,66.72000122070312,67.41999816894531,63.33445358276367,8118100,0.0,0.0
2022-05-09 00:00:00-04:00,66.44000244140625,66.48999786376953,63.779998779296875,64.12999725341797,60.24382781982422,9216400,0.0,0.0
2022-05-10 00:00:00-04:00,64.75,65.7699966430664,63.4900016784668,64.58000183105469,60.66656494140625,6661700,0.0,0.0
2022-05-11 00:00:00-04:00,65.01000213623047,67.5,64.54000091552734,65.12000274658203,61.173851013183594,10257400,0.0,0.0
2022-05-12 00:00:00-04:00,64.68000030517578,65.77999877929688,63.34000015258789,64.94999694824219,61.202110290527344,8308100,0.2,0.0
2022-05-13 00:00:00-04:00,65.7699966430664,66.18000030517578,64.91000366210938,65.61000061035156,61.82403564453125,6799100,0.0,0.0
2022-05-16 00:00:00-04:00,64.75,65.30000305175781,63.400001525878906,64.04000091552734,60.344627380371094,6051600,0.0,0.0
2022-05-17 00:00:00-04:00,65.69999694824219,66.27999877929688,64.33000183105469,65.19999694824219,61.437679290771484,8095200,0.0,0.0
2022-05-18 00:00:00-04:00,64.41999816894531,64.45999908447266,62.84000015258789,63.27000045776367,59.61905288696289,7867300,0.0,0.0
2022-05-19 00:00:00-04:00,62.209999084472656,63.65999984741211,61.95000076293945,62.65999984741211,59.044254302978516,9179100,0.0,0.0
2022-05-20 00:00:00-04:00,63.31999969482422,63.630001068115234,61.529998779296875,63.279998779296875,59.628482818603516,7793700,0.0,0.0
2022-05-23 00:00:00-04:00,64.12999725341797,65.31999969482422,63.560001373291016,65.2699966430664,61.50364303588867,6723400,0.0,0.0
2022-05-24 00:00:00-04:00,64.91000366210938,64.98999786376953,62.849998474121094,63.939998626708984,60.250396728515625,5758700,0.0,0.0
2022-05-25 00:00:00-04:00,63.869998931884766,66.75,63.36000061035156,65.80000305175781,62.00307846069336,10584800,0.0,0.0
2022-05-26 00:00:00-04:00,66.91999816894531,69.44000244140625,66.8499984741211,68.81999969482422,64.84880828857422,7846700,0.0,0.0
2022-05-27 00:00:00-04:00,69.20999908447266,70.62999725341797,68.87000274658203,70.58999633789062,66.51667022705078,7402900,0.0,0.0
2022-05-31 00:00:00-04:00,70.12000274658203,70.9800033569336,69.7300033569336,70.0999984741211,66.05493927001953,11549000,0.0,0.0
2022-06-01 00:00:00-04:00,70.58999633789062,70.94999694824219,68.87999725341797,69.56999969482422,65.5555191040039,5065800,0.0,0.0
2022-06-02 00:00:00-04:00,70.0,71.7300033569336,69.26000213623047,71.66999816894531,67.53434753417969,5380700,0.0,0.0
2022-06-03 00:00:00-04:00,70.48999786376953,71.31999969482422,69.94000244140625,70.06999969482422,66.02667999267578,3561900,0.0,0.0
2022-06-06 00:00:00-04:00,71.08999633789062,71.43000030517578,67.87999725341797,68.05999755859375,64.13265991210938,8687300,0.0,0.0
2022-06-07 00:00:00-04:00,67.13999938964844,67.6500015258789,66.51000213623047,67.48999786376953,63.59554672241211,14689200,0.0,0.0
2022-06-08 00:00:00-04:00,66.5,66.80999755859375,65.36000061035156,65.7300033569336,61.937095642089844,10059100,0.0,0.0
2022-06-09 00:00:00-04:00,65.6500015258789,65.95999908447266,64.20999908447266,64.25,60.542503356933594,7698400,0.0,0.0
2022-06-10 00:00:00-04:00,63.209999084472656,63.209999084472656,61.66999816894531,62.220001220703125,58.629642486572266,8355100,0.0,0.0
2022-06-13 00:00:00-04:00,60.209999084472656,61.619998931884766,59.349998474121094,60.2400016784668,56.76390075683594,12359000,0.0,0.0
2022-06-14 00:00:00-04:00,60.939998626708984,62.029998779296875,60.11000061035156,61.11000061035156,57.58369064331055,11800900,0.0,0.0
2022-06-15 00:00:00-04:00,61.880001068115234,62.91999816894531,61.25,61.5099983215332,57.96062088012695,11274400,0.0,0.0
2022-06-16 00:00:00-04:00,60.279998779296875,61.0,59.79999923706055,60.86000061035156,57.34812545776367,9045900,0.0,0.0
2022-06-17 00:00:00-04:00,61.47999954223633,61.619998931884766,59.91999816894531,59.9900016784668,56.52832794189453,16943900,0.0,0.0
2022-06-21 00:00:00-04:00,62.290000915527344,63.61000061035156,62.06999969482422,62.380001068115234,58.78042221069336,10367600,0.0,0.0
2022-06-22 00:00:00-04:00,61.38999938964844,62.86000061035156,61.220001220703125,62.439998626708984,58.836952209472656,6636600,0.0,0.0
2022-06-23 00:00:00-04:00,62.59000015258789,62.81999969482422,60.790000915527344,62.029998779296875,58.450599670410156,6216700,0.0,0.0
2022-06-24 00:00:00-04:00,62.83000183105469,64.68000030517578,62.709999084472656,64.43000030517578,60.71211624145508,16120000,0.0,0.0
2022-06-27 00:00:00-04:00,65.4000015258789,65.4000015258789,63.5099983215332,64.1500015258789,60.44827651977539,6530900,0.0,0.0
2022-06-28 00:00:00-04:00,65.13999938964844,65.61000061035156,63.970001220703125,64.16999816894531,60.46712875366211,7243500,0.0,0.0
2022-06-29 00:00:00-04:00,64.1500015258789,64.44999694824219,63.13999938964844,63.619998931884766,59.94886016845703,5628900,0.0,0.0
2022-06-30 00:00:00-04:00,62.52000045776367,63.52000045776367,60.9900016784668,63.18000030517578,59.53425216674805,7550100,0.0,0.0
2022-07-01 00:00:00-04:00,63.189998626708984,63.970001220703125,62.439998626708984,63.91999816894531,60.23155212402344,4653800,0.0,0.0
2022-07-05 00:00:00-04:00,62.66999816894531,63.400001525878906,61.38999938964844,63.38999938964844,59.73213577270508,4476900,0.0,0.0
2022-07-06 00:00:00-04:00,62.9900016784668,64.08999633789062,62.72999954223633,63.439998626708984,59.77924346923828,6266000,0.0,0.0
2022-07-07 00:00:00-04:00,63.91999816894531,64.47000122070312,63.650001525878906,64.23999786376953,60.5330810546875,4713500,0.0,0.0
2022-07-08 00:00:00-04:00,64.12000274658203,64.55999755859375,63.18000030517578,64.36000061035156,60.646156311035156,4558600,0.0,0.0
2022-07-11 00:00:00-04:00,63.56999969482422,63.630001068115234,62.709999084472656,62.939998626708984,59.308109283447266,4999200,0.0,0.0
2022-07-12 00:00:00-04:00,62.439998626708984,63.86000061035156,62.04999923706055,62.25,58.65790939331055,6283000,0.0,0.0
2022-07-13 00:00:00-04:00,61.380001068115234,62.0,60.720001220703125,61.54999923706055,57.99830627441406,4370300,0.0,0.0
2022-07-14 00:00:00-04:00,60.290000915527344,61.16999816894531,59.59000015258789,60.56999969482422,57.074859619140625,5681100,0.0,0.0
2022-07-15 00:00:00-04:00,61.349998474121094,62.529998779296875,60.939998626708984,62.18000030517578,58.591957092285156,7219800,0.0,0.0
2022-07-18 00:00:00-04:00,63.689998626708984,63.689998626708984,60.83000183105469,61.2400016784668,57.70619201660156,9338600,0.0,0.0
2022-07-19 00:00:00-04:00,61.95000076293945,63.369998931884766,61.68000030517578,63.20000076293945,59.55309295654297,6802700,0.0,0.0
2022-07-20 00:00:00-04:00,63.18000030517578,63.54999923706055,62.400001525878906,62.83000183105469,59.20445251464844,6765800,0.0,0.0
2022-07-21 00:00:00-04:00,63.0,63.150001525878906,61.959999084472656,63.130001068115234,59.48714065551758,6901300,0.0,0.0
2022-07-22 00:00:00-04:00,63.369998931884766,63.88999938964844,62.619998931884766,62.9900016784668,59.35520935058594,6794100,0.0,0.0
2022-07-25 00:00:00-04:00,63.5,63.93000030517578,63.0099983215332,63.65999984741211,59.98654556274414,6720300,0.0,0.0
2022-07-26 00:00:00-04:00,63.41999816894531,63.43000030517578,60.93000030517578,61.16999816894531,57.640235900878906,5592300,0.0,0.0
2022-07-27 00:00:00-04:00,61.349998474121094,62.849998474121094,61.150001525878906,62.5099983215332,58.90291213989258,5267500,0.0,0.0
2022-07-28 00:00:00-04:00,64.11000061035156,67.7300033569336,62.81999969482422,67.69999694824219,63.793426513671875,16393500,0.0,0.0
2022-07-29 00:00:00-04:00,67.69999694824219,70.2699966430664,67.62000274658203,69.05000305175781,65.06554412841797,9927900,0.0,0.0
2022-08-01 00:00:00-04:00,67.94000244140625,69.11000061035156,67.30000305175781,68.72000122070312,64.75457763671875,5941400,0.0,0.0
2022-08-02 00:00:00-04:00,65.70999908447266,68.0,65.58999633789062,67.55000305175781,63.6520881652832,13210100,0.0,0.0
2022-08-03 00:00:00-04:00,68.58000183105469,69.5999984741211,68.45999908447266,68.9800033569336,64.99957275390625,6793600,0.0,0.0
2022-08-04 00:00:00-04:00,69.11000061035156,69.41999816894531,68.5,69.0,65.01840209960938,5798900,0.0,0.0
2022-08-05 00:00:00-04:00,68.30000305175781,70.30999755859375,68.16999816894531,69.30999755859375,65.31050872802734,4870900,0.0,0.0
2022-08-08 00:00:00-04:00,69.37000274658203,69.61000061035156,68.06999969482422,68.44999694824219,64.5001449584961,4403900,0.0,0.0
2022-08-09 00:00:00-04:00,68.80999755859375,69.12999725341797,68.38999938964844,69.04000091552734,65.05608367919922,3940000,0.0,0.0
2022-08-10 00:00:00-04:00,70.0,70.30000305175781,68.94000244140625,69.94000244140625,65.9041748046875,6992600,0.0,0.0
2022-08-11 00:00:00-04:00,70.8499984741211,72.7699966430664,70.7699966430664,72.56999969482422,68.59819793701172,16375600,0.22,0.0
2022-08-12 00:00:00-04:00,73.0,75.19999694824219,71.88999938964844,75.0,70.89518737792969,15009800,0.0,0.0
2022-08-15 00:00:00-04:00,74.18000030517578,76.55000305175781,73.93000030517578,75.86000061035156,71.7081298828125,12471500,0.0,0.0
2022-08-16 00:00:00-04:00,75.36000061035156,77.41000366210938,75.2699966430664,77.18000030517578,72.95587921142578,11219100,0.0,0.0
2022-08-17 00:00:00-04:00,75.8499984741211,76.70999908447266,74.98999786376953,75.45999908447266,71.33000946044922,9084300,0.0,0.0
2022-08-18 00:00:00-04:00,75.3499984741211,76.16999816894531,75.01000213623047,75.75,71.60415649414062,3790300,0.0,0.0
2022-08-19 00:00:00-04:00,75.0999984741211,75.23999786376953,73.44999694824219,73.86000061035156,69.81759643554688,5133600,0.0,0.0
2022-08-22 00:00:00-04:00,72.5,72.94999694824219,71.8499984741211,72.55000305175781,68.57927703857422,3994900,0.0,0.0
2022-08-23 00:00:00-04:00,72.2699966430664,73.12999725341797,72.19999694824219,72.79000091552734,68.80613708496094,3902800,0.0,0.0
2022-08-24 00:00:00-04:00,72.94000244140625,73.76000213623047,72.72000122070312,73.31999969482422,69.30713653564453,3712200,0.0,0.0
2022-08-25 00:00:00-04:00,73.68000030517578,74.30000305175781,73.26000213623047,74.0,69.9499282836914,4297600,0.0,0.0
2022-08-26 00:00:00-04:00,74.44999694824219,74.61000061035156,71.83000183105469,71.88999938964844,67.95539855957031,5369800,0.0,0.0
2022-08-29 00:00:00-04:00,71.5199966430664,72.88999938964844,71.05999755859375,71.94000244140625,68.00267028808594,5363600,0.0,0.0
2022-08-30 00:00:00-04:00,72.4800033569336,72.9000015258789,70.91999816894531,72.5,68.53202056884766,6952100,0.0,0.0
2022-08-31 00:00:00-04:00,72.83999633789062,72.83999633789062,70.94000244140625,70.94999694824219,67.06684875488281,7519000,0.0,0.0
2022-09-01 00:00:00-04:00,71.0,71.8499984741211,69.4000015258789,71.72000122070312,67.7947006225586,5949300,0.0,0.0
2022-09-02 00:00:00-04:00,72.05000305175781,72.44000244140625,70.0,70.33999633789062,66.49024200439453,6188300,0.0,0.0
2022-09-06 00:00:00-04:00,71.02999877929688,71.33999633789062,69.41999816894531,70.47000122070312,66.61312103271484,4903600,0.0,0.0
2022-09-07 00:00:00-04:00,69.94000244140625,72.16999816894531,69.87999725341797,71.79000091552734,67.86087799072266,5208000,0.0,0.0
2022-09-08 00:00:00-04:00,71.69000244140625,73.30999755859375,71.25,73.16000366210938,69.15589141845703,5304000,0.0,0.0
2022-09-09 00:00:00-04:00,73.80000305175781,74.86000061035156,73.68000030517578,74.54000091552734,70.46035766601562,6471700,0.0,0.0
2022-09-12 00:00:00-04:00,74.68000030517578,75.0199966430664,73.95999908447266,74.91999816894531,70.81958770751953,4511700,0.0,0.0
2022-09-13 00:00:00-04:00,73.13999938964844,73.86000061035156,72.5199966430664,72.94999694824219,68.9573745727539,5310200,0.0,0.0
2022-09-14 00:00:00-04:00,73.13999938964844,73.4000015258789,72.04000091552734,72.75,68.7683334350586,5270000,0.0,0.0
2022-09-15 00:00:00-04:00,71.58000183105469,73.4800033569336,71.56999969482422,72.58000183105469,68.60763549804688,4910100,0.0,0.0
2022-09-16 00:00:00-04:00,71.95999908447266,72.19999694824219,70.69000244140625,71.87000274658203,67.9365005493164,12599100,0.0,0.0
2022-09-19 00:00:00-04:00,71.2699966430664,73.87999725341797,71.12000274658203,73.70999908447266,69.67579650878906,7608900,0.0,0.0
2022-09-20 00:00:00-04:00,73.08000183105469,74.5199966430664,72.9000015258789,73.3499984741211,69.33549499511719,7442400,0.0,0.0
2022-09-21 00:00:00-04:00,74.36000061035156,75.33999633789062,72.8499984741211,72.91000366210938,68.91958618164062,8087200,0.0,0.0
2022-09-22 00:00:00-04:00,73.58000183105469,74.16999816894531,71.5999984741211,72.05999755859375,68.11611938476562,8132800,0.0,0.0
2022-09-23 00:00:00-04:00,71.1500015258789,71.33000183105469,69.80999755859375,70.88999938964844,67.01013946533203,7988600,0.0,0.0
2022-09-26 00:00:00-04:00,70.45999908447266,71.9800033569336,70.2699966430664,70.88999938964844,67.01013946533203,10467400,0.0,0.0
2022-09-27 00:00:00-04:00,71.7699966430664,72.66000366210938,70.6500015258789,71.62999725341797,67.70963287353516,6557600,0.0,0.0
2022-09-28 00:00:00-04:00,71.5999984741211,73.7699966430664,71.48999786376953,73.25,69.24095916748047,8273400,0.0,0.0
2022-09-29 00:00:00-04:00,72.38999938964844,73.26000213623047,71.56999969482422,72.63999938964844,68.66436004638672,7057500,0.0,0.0
2022-09-30 00:00:00-04:00,72.44000244140625,73.63999938964844,71.33999633789062,71.87000274658203,67.9365005493164,7633200,0.0,0.0
2022-10-03 00:00:00-04:00,72.94999694824219,73.48999786376953,72.01000213623047,73.20999908447266,69.20317077636719,8144000,0.0,0.0
2022-10-04 00:00:00-04:00,74.68000030517578,76.58999633789062,74.58000183105469,76.22000122070312,72.04840850830078,8491600,0.0,0.0
2022-10-05 00:00:00-04:00,75.45999908447266,76.79000091552734,75.30000305175781,75.93000030517578,71.77429962158203,6384300,0.0,0.0
2022-10-06 00:00:00-04:00,75.73999786376953,77.04000091552734,75.5,75.98999786376953,71.83099365234375,6276900,0.0,0.0
2022-10-07 00:00:00-04:00,75.5,75.87999725341797,73.58999633789062,74.30999755859375,70.24295806884766,8063000,0.0,0.0
2022-10-10 00:00:00-04:00,74.83999633789062,75.30999755859375,73.25,73.55999755859375,69.53401184082031,6192300,0.0,0.0
2022-10-11 00:00:00-04:00,72.87999725341797,73.11000061035156,71.2300033569336,71.70999908447266,67.78526306152344,9676100,0.0,0.0
2022-10-12 00:00:00-04:00,71.70999908447266,72.66999816894531,70.73999786376953,71.88999938964844,67.95539855957031,8460000,0.0,0.0
2022-10-13 00:00:00-04:00,70.31999969482422,74.58000183105469,70.08999633789062,74.06999969482422,70.0160903930664,9491900,0.0,0.0
2022-10-14 00:00:00-04:00,74.31999969482422,75.0,68.45999908447266,68.9800033569336,65.20467376708984,13326300,0.0,0.0
2022-10-17 00:00:00-04:00,70.56999969482422,70.56999969482422,65.38999938964844,67.43000030517578,63.739505767822266,20113300,0.0,0.0
2022-10-18 00:00:00-04:00,69.63999938964844,70.94000244140625,68.2699966430664,68.61000061035156,64.85491943359375,11732200,0.0,0.0
2022-10-19 00:00:00-04:00,68.20999908447266,69.62000274658203,68.19999694824219,68.70999908447266,64.94945526123047,5917800,0.0,0.0
2022-10-20 00:00:00-04:00,68.66000366210938,69.9800033569336,67.83000183105469,68.0,64.27831268310547,7761700,0.0,0.0
2022-10-21 00:00:00-04:00,68.26000213623047,70.3499984741211,67.7699966430664,70.31999969482422,66.4713363647461,6621300,0.0,0.0
2022-10-24 00:00:00-04:00,70.30999755859375,71.29000091552734,69.5199966430664,70.69999694824219,66.83052825927734,5456300,0.0,0.0
2022-10-25 00:00:00-04:00,70.94000244140625,72.68000030517578,70.63999938964844,72.45999908447266,68.49420166015625,5144600,0.0,0.0
2022-10-26 00:00:00-04:00,72.5999984741211,74.30999755859375,72.5999984741211,72.94999694824219,68.9573745727539,5788500,0.0,0.0
2022-10-27 00:00:00-04:00,73.47000122070312,77.77999877929688,73.30999755859375,77.33000183105469,73.09767150878906,16821900,0.0,0.0
2022-10-28 00:00:00-04:00,78.63999938964844,80.69000244140625,78.08000183105469,80.19000244140625,75.80115509033203,11482000,0.0,0.0
2022-10-31 00:00:00-04:00,79.88999938964844,80.4800033569336,78.97000122070312,79.66999816894531,75.30961608886719,10450800,0.0,0.0
2022-11-01 00:00:00-04:00,80.08000183105469,81.08000183105469,79.43000030517578,79.88999938964844,75.5175552368164,5430600,0.0,0.0
2022-11-02 00:00:00-04:00,79.72000122070312,80.63999938964844,78.36000061035156,78.93000030517578,74.61009979248047,5139100,0.0,0.0
2022-11-03 00:00:00-04:00,78.22000122070312,80.04000091552734,77.58999633789062,78.94999694824219,74.62902069091797,5370400,0.0,0.0
2022-11-04 00:00:00-04:00,79.98999786376953,80.86000061035156,78.88999938964844,79.05000305175781,74.72354888916016,9053600,0.0,0.0
2022-11-07 00:00:00-05:00,79.36000061035156,79.68000030517578,78.22000122070312,79.6500015258789,75.29071044921875,5633700,0.0,0.0
2022-11-08 00:00:00-05:00,80.0,80.36000061035156,79.0,79.62999725341797,75.27178955078125,5142500,0.0,0.0
2022-11-09 00:00:00-05:00,79.41000366210938,79.69999694824219,78.12999725341797,78.2699966430664,74.1911849975586,4194300,0.22,0.0
2022-11-10 00:00:00-05:00,80.44000244140625,80.95999908447266,76.05999755859375,78.55999755859375,74.46607208251953,12947100,0.0,0.0
2022-11-11 00:00:00-05:00,79.94000244140625,80.19000244140625,77.51000213623047,78.36000061035156,74.27650451660156,12172300,0.0,0.0
2022-11-14 00:00:00-05:00,77.12999725341797,77.47000122070312,75.62000274658203,76.47000122070312,72.4849853515625,12606400,0.0,0.0
2022-11-15 00:00:00-05:00,77.44000244140625,78.94999694824219,77.19999694824219,78.30000305175781,74.21963500976562,6709500,0.0,0.0
2022-11-16 00:00:00-05:00,78.0199966430664,78.36000061035156,77.37999725341797,77.41000366210938,73.37602996826172,6278100,0.0,0.0
2022-11-17 00:00:00-05:00,76.36000061035156,78.04000091552734,76.0,77.9000015258789,73.8404769897461,6787200,0.0,0.0
2022-11-18 00:00:00-05:00,78.97000122070312,80.2300033569336,78.83999633789062,79.80999755859375,75.65094757080078,7540900,0.0,0.0
2022-11-21 00:00:00-05:00,79.93000030517578,80.30000305175781,79.47000122070312,80.0,75.83103942871094,5858500,0.0,0.0
2022-11-22 00:00:00-05:00,80.77999877929688,82.20999908447266,80.66000366210938,81.26000213623047,77.02538299560547,6901000,0.0,0.0
2022-11-23 00:00:00-05:00,81.77999877929688,82.38999938964844,81.26000213623047,81.41000366210938,77.16758728027344,4386400,0.0,0.0
2022-11-25 00:00:00-05:00,81.63999938964844,81.77999877929688,80.87999725341797,81.61000061035156,77.3571548461914,1683400,0.0,0.0
2022-11-28 00:00:00-05:00,80.91999816894531,81.2699966430664,79.75,79.83000183105469,75.66989135742188,5833900,0.0,0.0
2022-11-29 00:00:00-05:00,79.80999755859375,80.83000183105469,79.80999755859375,80.38999938964844,76.20072174072266,6043100,0.0,0.0
2022-11-30 00:00:00-05:00,80.04000091552734,82.66000366210938,79.56999969482422,82.54000091552734,78.2386703491211,10237600,0.0,0.0
2022-12-01 00:00:00-05:00,82.58000183105469,82.66999816894531,80.75,81.7300033569336,77.47088623046875,6122000,0.0,0.0
2022-12-02 00:00:00-05:00,81.27999877929688,82.54000091552734,80.7300033569336,82.45999908447266,78.16284942626953,4227000,0.0,0.0
2022-12-05 00:00:00-05:00,81.72000122070312,81.98999786376953,80.38999938964844,81.23999786376953,77.00643920898438,4943200,0.0,0.0
2022-12-06 00:00:00-05:00,80.9800033569336,81.80999755859375,80.04000091552734,80.58999633789062,76.39030456542969,4989600,0.0,0.0
2022-12-07 00:00:00-05:00,80.13999938964844,81.26000213623047,79.98999786376953,80.19000244140625,76.01114654541016,5911100,0.0,0.0
2022-12-08 00:00:00-05:00,80.81999969482422,80.8499984741211,79.83999633789062,80.25,76.06802368164062,3898800,0.0,0.0
2022-12-09 00:00:00-05:00,79.91999816894531,80.30000305175781,79.7300033569336,79.81999969482422,75.66043090820312,5098400,0.0,0.0
2022-12-12 00:00:00-05:00,79.5999984741211,80.55000305175781,79.51000213623047,80.29000091552734,76.10592651367188,6803900,0.0,0.0
2022-12-13 00:00:00-05:00,82.02999877929688,82.29000091552734,77.30000305175781,77.75,73.69831085205078,10448800,0.0,0.0
2022-12-14 00:00:00-05:00,77.5,79.01000213623047,77.01000213623047,77.31999969482422,73.29071044921875,8753100,0.0,0.0
2022-12-15 00:00:00-05:00,76.72000122070312,77.31999969482422,75.9800033569336,77.05999755859375,73.04425811767578,7854500,0.0,0.0
2022-12-16 00:00:00-05:00,76.66999816894531,78.55999755859375,76.55000305175781,78.19000244140625,74.11537170410156,13857700,0.0,0.0
2022-12-19 00:00:00-05:00,78.25,79.54000091552734,78.0199966430664,78.26000213623047,74.18172454833984,6478200,0.0,0.0
2022-12-20 00:00:00-05:00,78.76000213623047,80.16999816894531,78.41000366210938,79.55999755859375,75.41397094726562,7110700,0.0,0.0
2022-12-21 00:00:00-05:00,80.55999755859375,81.69999694824219,80.5199966430664,81.25,77.01590728759766,7123500,0.0,0.0
2022-12-22 00:00:00-05:00,81.11000061035156,81.44000244140625,79.83000183105469,80.80000305175781,76.58934783935547,6124600,0.0,0.0
2022-12-23 00:00:00-05:00,80.77999877929688,82.1500015258789,80.26000213623047,81.7699966430664,77.5088119506836,4756400,0.0,0.0
2022-12-27 00:00:00-05:00,82.11000061035156,82.7699966430664,81.70999908447266,82.22000122070312,77.93536376953125,5346500,0.0,0.0
2022-12-28 00:00:00-05:00,82.37000274658203,82.98999786376953,81.94000244140625,82.3499984741211,78.0585708618164,3382700,0.0,0.0
2022-12-29 00:00:00-05:00,82.75,82.97000122070312,82.23999786376953,82.66000366210938,78.3524398803711,3378500,0.0,0.0
2022-12-30 00:00:00-05:00,82.22000122070312,83.37999725341797,82.0,83.26000213623047,78.92117309570312,5058400,0.0,0.0
2023-01-03 00:00:00-05:00,83.56999969482422,83.8499984741211,81.23999786376953,81.94000244140625,77.66995239257812,7443200,0.0,0.0
2023-01-04 00:00:00-05:00,83.19000244140625,83.7300033569336,82.20999908447266,83.3499984741211,79.0064697265625,6199100,0.0,0.0
2023-01-05 00:00:00-05:00,82.9000015258789,83.5999984741211,82.19999694824219,83.11000061035156,78.77897644042969,4562400,0.0,0.0
2023-01-06 00:00:00-05:00,84.01000213623047,84.97000122070312,83.20999908447266,84.54000091552734,80.13446044921875,6462600,0.0,0.0
2023-01-09 00:00:00-05:00,85.0,86.62999725341797,84.83999633789062,85.43000030517578,80.97808074951172,8036900,0.0,0.0
2023-01-10 00:00:00-05:00,85.43000030517578,85.91999816894531,84.97000122070312,85.62000274658203,81.15817260742188,3986600,0.0,0.0
2023-01-11 00:00:00-05:00,85.55000305175781,85.91000366210938,83.08999633789062,83.41999816894531,79.07281494140625,10252000,0.0,0.0
2023-01-12 00:00:00-05:00,83.63999938964844,84.04000091552734,82.72000122070312,83.4800033569336,79.12970733642578,8211600,0.0,0.0
2023-01-13 00:00:00-05:00,82.76000213623047,83.18000030517578,81.54000091552734,82.9800033569336,78.65576171875,9309500,0.0,0.0
2023-01-17 00:00:00-05:00,82.75,84.51000213623047,81.87999725341797,83.48999786376953,79.13916778564453,9365000,0.0,0.0
2023-01-18 00:00:00-05:00,81.5,81.86000061035156,79.33999633789062,81.37999725341797,77.13912963867188,14026500,0.0,0.0
2023-01-19 00:00:00-05:00,77.97000122070312,78.4000015258789,75.47000122070312,76.31999969482422,72.34281158447266,23537100,0.0,0.0
2023-01-20 00:00:00-05:00,76.69999694824219,78.04000091552734,76.47000122070312,77.02999877929688,73.01581573486328,11544500,0.0,0.0
2023-01-23 00:00:00-05:00,76.51000213623047,77.9000015258789,76.51000213623047,77.7300033569336,73.67935180664062,8610500,0.0,0.0
2023-01-24 00:00:00-05:00,77.18000030517578,79.76000213623047,77.18000030517578,79.25,75.12013244628906,6555600,0.0,0.0
2023-01-25 00:00:00-05:00,78.12000274658203,79.58999633789062,78.08999633789062,79.20999908447266,75.08220672607422,7206500,0.0,0.0
2023-01-26 00:00:00-05:00,79.55000305175781,79.66000366210938,77.75,78.05000305175781,73.982666015625,11540300,0.0,0.0
2023-01-27 00:00:00-05:00,78.41000366210938,79.08000183105469,74.12000274658203,74.69000244140625,70.79776763916016,19831100,0.0,0.0
2023-01-30 00:00:00-05:00,74.33000183105469,76.3499984741211,73.56999969482422,75.5,71.56554412841797,14849100,0.0,0.0
2023-01-31 00:00:00-05:00,75.4800033569336,77.47000122070312,75.36000061035156,77.41999816894531,73.38549041748047,12526800,0.0,0.0
2023-02-01 00:00:00-05:00,77.08999633789062,79.11000061035156,77.08999633789062,78.25,74.1722412109375,9718100,0.0,0.0
2023-02-02 00:00:00-05:00,78.29000091552734,78.41000366210938,75.72000122070312,76.62000274658203,72.62718200683594,13198100,0.0,0.0
2023-02-03 00:00:00-05:00,76.76000213623047,80.19000244140625,76.73999786376953,79.0199966430664,74.90211486816406,9523200,0.0,0.0
2023-02-06 00:00:00-05:00,78.94999694824219,80.66000366210938,78.9000015258789,79.86000061035156,75.69833374023438,7816300,0.0,0.0
2023-02-07 00:00:00-05:00,79.12999725341797,81.55000305175781,79.0,81.19000244140625,76.95905303955078,5974400,0.0,0.0
2023-02-08 00:00:00-05:00,80.08999633789062,81.95999908447266,80.08999633789062,80.61000061035156,76.40924835205078,7128600,0.0,0.0
2023-02-09 00:00:00-05:00,80.37999725341797,80.8499984741211,78.91999816894531,79.58000183105469,75.6676025390625,6292800,0.25,0.0
2023-02-10 00:00:00-05:00,79.5999984741211,80.73999786376953,79.41999816894531,80.45999908447266,76.50434112548828,4809400,0.0,0.0
2023-02-13 00:00:00-05:00,80.5,81.36000061035156,80.38999938964844,80.41999816894531,76.46630859375,5760000,0.0,0.0
2023-02-14 00:00:00-05:00,81.0,81.55999755859375,80.37000274658203,80.7699966430664,76.7990951538086,4482200,0.0,0.0
2023-02-15 00:00:00-05:00,80.36000061035156,81.18000030517578,80.0,80.4800033569336,76.52336120605469,4184800,0.0,0.0
2023-02-16 00:00:00-05:00,79.56999969482422,81.0999984741211,79.36000061035156,80.33999633789062,76.39022064208984,4665100,0.0,0.0
2023-02-17 00:00:00-05:00,79.97000122070312,80.94999694824219,79.87000274658203,80.31999969482422,76.37123107910156,4764700,0.0,0.0
2023-02-21 00:00:00-05:00,79.66999816894531,80.62999725341797,79.5999984741211,79.9000015258789,75.97186279296875,5828300,0.0,0.0
2023-02-22 00:00:00-05:00,79.66999816894531,80.18000030517578,79.08999633789062,80.0,76.06696319580078,5389100,0.0,0.0
2023-02-23 00:00:00-05:00,80.33000183105469,80.55000305175781,78.68000030517578,78.97000122070312,75.08759307861328,5260800,0.0,0.0
2023-02-24 00:00:00-05:00,78.80000305175781,80.80999755859375,78.61000061035156,80.5999984741211,76.63745880126953,6470400,0.0,0.0
2023-02-27 00:00:00-05:00,81.12000274658203,81.31999969482422,77.7300033569336,77.87999725341797,74.05117797851562,7722100,0.0,0.0
2023-02-28 00:00:00-05:00,78.16000366210938,78.80000305175781,77.33999633789062,77.91999816894531,74.0892105102539,9474800,0.0,0.0
2023-03-01 00:00:00-05:00,77.72000122070312,78.18000030517578,76.30999755859375,77.41000366210938,73.60429382324219,7389500,0.0,0.0
2023-03-02 00:00:00-05:00,76.86000061035156,77.5,75.43000030517578,76.08999633789062,72.34918212890625,8579900,0.0,0.0
2023-03-03 00:00:00-05:00,76.37000274658203,77.80999755859375,76.0,77.41000366210938,73.60429382324219,5845600,0.0,0.0
2023-03-06 00:00:00-05:00,76.63999938964844,77.31999969482422,75.94000244140625,76.5999984741211,72.8341064453125,6969900,0.0,0.0
2023-03-07 00:00:00-05:00,76.4000015258789,76.63999938964844,74.87999725341797,74.94999694824219,71.2652359008789,6377900,0.0,0.0
2023-03-08 00:00:00-05:00,74.9000015258789,76.47000122070312,74.80999755859375,76.19999694824219,72.45377349853516,5371900,0.0,0.0
2023-03-09 00:00:00-05:00,72.61000061035156,73.16000366210938,64.36000061035156,66.47000122070312,63.20213317871094,40220100,0.0,0.0
2023-03-10 00:00:00-05:00,65.66000366210938,65.66000366210938,57.310001373291016,58.70000076293945,55.81412887573242,88882900,0.0,0.0
2023-03-13 00:00:00-04:00,51.7599983215332,54.900001525878906,45.0,51.90999984741211,49.35795211791992,148476900,0.0,0.0
2023-03-14 00:00:00-04:00,59.290000915527344,61.11000061035156,55.0,56.68000030517578,53.89344024658203,112494900,0.0,0.0
2023-03-15 00:00:00-04:00,57.04999923706055,59.97999954223633,54.540000915527344,59.54999923706055,56.62234115600586,87012300,0.0,0.0
2023-03-16 00:00:00-04:00,58.40999984741211,60.0,55.84000015258789,57.880001068115234,55.03444290161133,66199500,0.0,0.0
2023-03-17 00:00:00-04:00,56.529998779296875,57.310001373291016,53.7599983215332,56.40999984741211,53.63671112060547,64528800,0.0,0.0
2023-03-20 00:00:00-04:00,58.560001373291016,59.970001220703125,55.95000076293945,56.11000061035156,53.35145950317383,46523700,0.0,0.0
2023-03-21 00:00:00-04:00,58.5,60.0,57.31999969482422,59.470001220703125,56.5462646484375,39433900,0.0,0.0
2023-03-22 00:00:00-04:00,59.060001373291016,59.290000915527344,56.25,56.2599983215332,53.49408721923828,35735700,0.0,0.0
2023-03-23 00:00:00-04:00,56.150001525878906,56.88999938964844,52.79999923706055,52.88999938964844,50.28976058959961,46162500,0.0,0.0
2023-03-24 00:00:00-04:00,52.09000015258789,54.11000061035156,51.11000061035156,53.2599983215332,50.64157485961914,45393100,0.0,0.0
2023-03-27 00:00:00-04:00,54.81999969482422,55.29999923706055,54.099998474121094,54.86000061035156,52.16291427612305,27218100,0.0,0.0
2023-03-28 00:00:00-04:00,54.34000015258789,54.540000915527344,52.970001220703125,53.849998474121094,51.20256805419922,23163200,0.0,0.0
2023-03-29 00:00:00-04:00,53.970001220703125,55.2400016784668,53.09000015258789,55.209999084472656,52.49570846557617,26360200,0.0,0.0
2023-03-30 00:00:00-04:00,53.77000045776367,54.16999816894531,51.869998931884766,52.470001220703125,49.89042282104492,45460400,0.0,0.0
2023-03-31 00:00:00-04:00,52.45000076293945,52.650001525878906,50.7599983215332,52.380001068115234,49.804832458496094,43886100,0.0,0.0
2023-04-03 00:00:00-04:00,52.779998779296875,53.59000015258789,51.540000915527344,51.56999969482422,49.0346565246582,24883200,0.0,0.0
2023-04-04 00:00:00-04:00,51.650001525878906,51.939998626708984,49.88999938964844,50.0,47.541839599609375,29144500,0.0,0.0
2023-04-05 00:00:00-04:00,49.06999969482422,49.41999816894531,48.36000061035156,48.869998931884766,46.467403411865234,37753000,0.0,0.0
2023-04-06 00:00:00-04:00,48.79999923706055,49.7400016784668,48.56999969482422,49.349998474121094,46.92380142211914,28155000,0.0,0.0
2023-04-10 00:00:00-04:00,49.5099983215332,52.16999816894531,49.4900016784668,51.720001220703125,49.177284240722656,31528500,0.0,0.0
2023-04-11 00:00:00-04:00,51.54999923706055,52.290000915527344,51.22999954223633,51.709999084472656,49.16777801513672,19861900,0.0,0.0
2023-04-12 00:00:00-04:00,52.06999969482422,52.779998779296875,51.27000045776367,51.91999816894531,49.36745071411133,19174400,0.0,0.0
2023-04-13 00:00:00-04:00,51.619998931884766,51.95000076293945,51.29999923706055,51.4900016784668,48.958595275878906,16165100,0.0,0.0
2023-04-14 00:00:00-04:00,52.15999984741211,52.279998779296875,50.119998931884766,50.77000045776367,48.27399444580078,32171900,0.0,0.0
2023-04-17 00:00:00-04:00,49.5,52.81999969482422,49.0,52.77000045776367,50.175662994384766,52377600,0.0,0.0
2023-04-18 00:00:00-04:00,52.5,54.25,52.279998779296875,54.0,51.34518814086914,36872300,0.0,0.0
2023-04-19 00:00:00-04:00,54.0,56.27000045776367,53.9900016784668,55.54999923706055,52.81898880004883,35415600,0.0,0.0
2023-04-20 00:00:00-04:00,54.560001373291016,55.880001068115234,53.75,54.0,51.34518814086914,24735700,0.0,0.0
2023-04-21 00:00:00-04:00,54.2599983215332,54.310001373291016,53.099998474121094,53.79999923706055,51.15502166748047,17572800,0.0,0.0
2023-04-24 00:00:00-04:00,53.650001525878906,54.220001220703125,53.0099983215332,53.119998931884766,50.50845718383789,13246100,0.0,0.0
2023-04-25 00:00:00-04:00,52.630001068115234,52.84000015258789,50.86000061035156,51.029998779296875,48.521202087402344,17042900,0.0,0.0
2023-04-26 00:00:00-04:00,50.52000045776367,51.27000045776367,50.29999923706055,50.599998474121094,48.11235427856445,11422600,0.0,0.0
2023-04-27 00:00:00-04:00,50.72999954223633,52.29999923706055,50.36000061035156,51.72999954223633,49.186790466308594,12315900,0.0,0.0
2023-04-28 00:00:00-04:00,51.15999984741211,52.43000030517578,50.79999923706055,52.2400016784668,49.671722412109375,12797300,0.0,0.0
2023-05-01 00:00:00-04:00,52.11000061035156,53.08000183105469,51.400001525878906,51.810001373291016,49.26286315917969,11041000,0.0,0.0
2023-05-02 00:00:00-04:00,51.599998474121094,51.70000076293945,49.04999923706055,50.099998474121094,47.63692855834961,20934400,0.0,0.0
2023-05-03 00:00:00-04:00,50.380001068115234,50.59000015258789,47.75,48.029998779296875,45.668701171875,22505400,0.0,0.0
2023-05-04 00:00:00-04:00,47.18000030517578,47.599998474121094,45.650001525878906,47.369998931884766,45.041141510009766,26316200,0.0,0.0
2023-05-05 00:00:00-04:00,49.099998474121094,50.279998779296875,48.56999969482422,49.2400016784668,46.819210052490234,22019600,0.0,0.0
2023-05-08 00:00:00-04:00,49.97999954223633,50.2599983215332,47.5,47.630001068115234,45.288360595703125,19204700,0.0,0.0
2023-05-09 00:00:00-04:00,47.540000915527344,48.279998779296875,47.11000061035156,47.939998626708984,45.58312225341797,11467400,0.0,0.0
2023-05-10 00:00:00-04:00,48.63999938964844,48.720001220703125,47.20000076293945,47.54999923706055,45.21229553222656,12343400,0.0,0.0
2023-05-11 00:00:00-04:00,47.150001525878906,47.779998779296875,46.54999923706055,47.72999954223633,45.623321533203125,11764000,0.25,0.0
2023-05-12 00:00:00-04:00,48.70000076293945,49.790000915527344,48.31999969482422,48.939998626708984,46.7799072265625,19336800,0.0,0.0
2023-05-15 00:00:00-04:00,50.5099983215332,51.79999923706055,50.20000076293945,50.939998626708984,48.69163513183594,22098000,0.0,0.0
2023-05-16 00:00:00-04:00,50.66999816894531,51.20000076293945,50.08000183105469,50.09000015258789,47.87915802001953,12351700,0.0,0.0
2023-05-17 00:00:00-04:00,50.709999084472656,52.16999816894531,50.06999969482422,51.81999969482422,49.532798767089844,19884400,0.0,0.0
2023-05-18 00:00:00-04:00,51.959999084472656,52.150001525878906,51.0,51.75,49.465885162353516,12764900,0.0,0.0
2023-05-19 00:00:00-04:00,52.130001068115234,52.220001220703125,51.119998931884766,51.66999816894531,49.3894157409668,11963900,0.0,0.0
2023-05-22 00:00:00-04:00,52.0,52.13999938964844,51.2599983215332,51.970001220703125,49.676170349121094,9277400,0.0,0.0
2023-05-23 00:00:00-04:00,52.220001220703125,53.349998474121094,52.15999984741211,52.790000915527344,50.45998764038086,14865300,0.0,0.0
2023-05-24 00:00:00-04:00,52.27000045776367,52.650001525878906,51.939998626708984,52.08000183105469,49.78131866455078,10073300,0.0,0.0
2023-05-25 00:00:00-04:00,51.900001525878906,54.27000045776367,51.709999084472656,54.2400016784668,51.845985412597656,18822400,0.0,0.0
2023-05-26 00:00:00-04:00,54.220001220703125,54.5,53.380001068115234,53.66999816894531,51.3011360168457,11521400,0.0,0.0
2023-05-30 00:00:00-04:00,54.0,54.349998474121094,53.189998626708984,53.84000015258789,51.46364212036133,12334200,0.0,0.0
2023-05-31 00:00:00-04:00,53.380001068115234,53.54999923706055,52.470001220703125,52.689998626708984,50.36439895629883,17631500,0.0,0.0
2023-06-01 00:00:00-04:00,53.25,53.310001373291016,52.369998931884766,52.70000076293945,50.37394714355469,10750300,0.0,0.0
2023-06-02 00:00:00-04:00,53.150001525878906,54.66999816894531,53.150001525878906,54.369998931884766,51.970245361328125,12279800,0.0,0.0
2023-06-05 00:00:00-04:00,54.400001525878906,54.59000015258789,53.45000076293945,54.40999984741211,52.00847244262695,8658000,0.0,0.0
2023-06-06 00:00:00-04:00,53.84000015258789,54.68000030517578,53.689998626708984,54.61000061035156,52.19965744018555,10894800,0.0,0.0
2023-06-07 00:00:00-04:00,54.97999954223633,56.119998931884766,54.34000015258789,55.630001068115234,53.17463302612305,15622200,0.0,0.0
2023-06-08 00:00:00-04:00,55.459999084472656,55.599998474121094,53.90999984741211,55.029998779296875,52.601112365722656,11732600,0.0,0.0
2023-06-09 00:00:00-04:00,55.13999938964844,55.33000183105469,54.720001220703125,55.0,52.57243728637695,7863000,0.0,0.0
2023-06-12 00:00:00-04:00,54.95000076293945,55.040000915527344,53.11000061035156,53.970001220703125,51.587894439697266,11268600,0.0,0.0
2023-06-13 00:00:00-04:00,54.0,55.119998931884766,53.83000183105469,54.75,52.33347702026367,10611600,0.0,0.0
2023-06-14 00:00:00-04:00,54.20000076293945,55.34000015258789,53.709999084472656,54.349998474121094,51.95112991333008,14994400,0.0,0.0
2023-06-15 00:00:00-04:00,54.130001068115234,55.599998474121094,53.95000076293945,55.5099983215332,53.0599250793457,12833800,0.0,0.0
2023-06-16 00:00:00-04:00,55.88999938964844,55.88999938964844,54.27000045776367,54.400001525878906,51.99892044067383,19693500,0.0,0.0
2023-06-20 00:00:00-04:00,53.9900016784668,54.13999938964844,53.40999984741211,53.93000030517578,51.549659729003906,9151500,0.0,0.0
2023-06-21 00:00:00-04:00,53.79999923706055,54.119998931884766,53.40999984741211,53.970001220703125,51.587894439697266,13934100,0.0,0.0
2023-06-22 00:00:00-04:00,53.95000076293945,53.97999954223633,52.75,53.209999084472656,50.861446380615234,9009500,0.0,0.0
2023-06-23 00:00:00-04:00,52.70000076293945,53.36000061035156,52.5099983215332,53.16999816894531,50.82320785522461,21942900,0.0,0.0
2023-06-26 00:00:00-04:00,53.310001373291016,53.63999938964844,52.970001220703125,53.40999984741211,51.05261993408203,10131400,0.0,0.0
2023-06-27 00:00:00-04:00,53.7400016784668,55.400001525878906,53.06999969482422,55.220001220703125,52.78273010253906,12367300,0.0,0.0
2023-06-28 00:00:00-04:00,55.459999084472656,55.810001373291016,55.040000915527344,55.779998779296875,53.31800842285156,9910600,0.0,0.0
2023-06-29 00:00:00-04:00,56.81999969482422,57.349998474121094,56.4900016784668,57.13999938964844,54.617984771728516,15151100,0.0,0.0
2023-06-30 00:00:00-04:00,57.54999923706055,57.81999969482422,56.06999969482422,56.68000030517578,54.178287506103516,18007600,0.0,0.0
2023-07-03 00:00:00-04:00,56.63999938964844,58.099998474121094,56.63999938964844,57.720001220703125,55.172386169433594,6410600,0.0,0.0
2023-07-05 00:00:00-04:00,57.380001068115234,57.560001373291016,56.56999969482422,56.689998626708984,54.187843322753906,7979600,0.0,0.0
2023-07-06 00:00:00-04:00,56.16999816894531,56.5,55.439998626708984,55.959999084472656,53.490055084228516,8730300,0.0,0.0
2023-07-07 00:00:00-04:00,55.810001373291016,57.400001525878906,55.72999954223633,56.790000915527344,54.28342819213867,9493600,0.0,0.0
2023-07-10 00:00:00-04:00,57.75,57.9900016784668,57.09000015258789,57.83000183105469,55.277523040771484,8258900,0.0,0.0
2023-07-11 00:00:00-04:00,58.0,58.130001068115234,57.380001068115234,57.58000183105469,55.0385627746582,8430600,0.0,0.0
2023-07-12 00:00:00-04:00,58.20000076293945,58.79999923706055,58.0,58.40999984741211,55.83192825317383,8909900,0.0,0.0
2023-07-13 00:00:00-04:00,58.7400016784668,59.97999954223633,58.70000076293945,59.93000030517578,57.28483963012695,12598300,0.0,0.0
2023-07-14 00:00:00-04:00,60.2599983215332,60.27000045776367,58.47999954223633,58.52000045776367,55.93707275390625,12775200,0.0,0.0
2023-07-17 00:00:00-04:00,58.380001068115234,59.34000015258789,58.099998474121094,58.63999938964844,56.05177307128906,15512600,0.0,0.0
2023-07-18 00:00:00-04:00,64.6500015258789,66.94999694824219,64.0,66.01000213623047,63.09647750854492,45975500,0.0,0.0
2023-07-19 00:00:00-04:00,67.87000274658203,68.80000305175781,66.0199966430664,66.04000091552734,63.12515640258789,22153000,0.0,0.0
2023-07-20 00:00:00-04:00,65.97000122070312,67.9800033569336,65.77999877929688,67.94000244140625,64.94129180908203,13621600,0.0,0.0
2023-07-21 00:00:00-04:00,68.19000244140625,68.26000213623047,66.45999908447266,66.4800033569336,63.545738220214844,9887900,0.0,0.0
2023-07-24 00:00:00-04:00,66.69000244140625,67.33999633789062,66.33999633789062,66.55999755859375,63.62221145629883,7414600,0.0,0.0
2023-07-25 00:00:00-04:00,66.19999694824219,66.66999816894531,65.1500015258789,65.44000244140625,62.5516471862793,9973200,0.0,0.0
2023-07-26 00:00:00-04:00,65.68000030517578,67.06999969482422,65.6500015258789,66.62000274658203,63.679569244384766,6704700,0.0,0.0
2023-07-27 00:00:00-04:00,66.44999694824219,67.5199966430664,65.58000183105469,65.81999969482422,62.914878845214844,9199000,0.0,0.0
2023-07-28 00:00:00-04:00,66.0999984741211,66.56999969482422,65.70999908447266,65.95999908447266,63.0486946105957,6675500,0.0,0.0
2023-07-31 00:00:00-04:00,66.12000274658203,66.20999908447266,65.2300033569336,66.0999984741211,63.18250274658203,8651900,0.0,0.0
2023-08-01 00:00:00-04:00,65.73999786376953,65.94000244140625,65.37999725341797,65.72000122070312,62.81928634643555,5942300,0.0,0.0
2023-08-02 00:00:00-04:00,65.12999725341797,65.58999633789062,64.83000183105469,65.33999633789062,62.45603561401367,9585300,0.0,0.0
2023-08-03 00:00:00-04:00,65.05999755859375,66.26000213623047,65.0,65.87000274658203,62.9626579284668,7426600,0.0,0.0
2023-08-04 00:00:00-04:00,65.80999755859375,65.94999694824219,64.72000122070312,64.91999816894531,62.054588317871094,7367000,0.0,0.0
2023-08-07 00:00:00-04:00,65.37000274658203,66.06999969482422,65.19999694824219,65.97000122070312,63.05824279785156,5825100,0.0,0.0
2023-08-08 00:00:00-04:00,64.77999877929688,65.69000244140625,63.86000061035156,65.5199966430664,62.62811279296875,6325600,0.0,0.0
2023-08-09 00:00:00-04:00,65.4000015258789,65.94000244140625,64.8499984741211,65.29000091552734,62.408267974853516,6617500,0.0,0.0
2023-08-10 00:00:00-04:00,65.23999786376953,65.9000015258789,64.5,64.54000091552734,61.928489685058594,7347000,0.25,0.0
2023-08-11 00:00:00-04:00,64.23999786376953,64.87999725341797,63.939998626708984,64.08000183105469,61.487098693847656,6573200,0.0,0.0
2023-08-14 00:00:00-04:00,63.72999954223633,63.77000045776367,61.540000915527344,61.779998779296875,59.28016662597656,12327500,0.0,0.0
2023-08-15 00:00:00-04:00,61.0,61.36000061035156,60.380001068115234,60.970001220703125,58.50294494628906,8753400,0.0,0.0
2023-08-16 00:00:00-04:00,60.5099983215332,61.040000915527344,60.369998931884766,60.45000076293945,58.003990173339844,6402800,0.0,0.0
2023-08-17 00:00:00-04:00,60.29999923706055,60.63999938964844,59.63999938964844,59.77000045776367,57.351505279541016,8660700,0.0,0.0
2023-08-18 00:00:00-04:00,59.09000015258789,59.849998474121094,58.959999084472656,59.52000045776367,57.11162185668945,5949400,0.0,0.0
2023-08-21 00:00:00-04:00,59.540000915527344,59.689998626708984,58.66999816894531,59.400001525878906,56.9964714050293,7448800,0.0,0.0
2023-08-22 00:00:00-04:00,59.70000076293945,59.70000076293945,56.2599983215332,56.459999084472656,54.17543411254883,17490000,0.0,0.0
2023-08-23 00:00:00-04:00,56.45000076293945,58.119998931884766,56.349998474121094,58.02000045776367,55.67231369018555,10628400,0.0,0.0
2023-08-24 00:00:00-04:00,58.0,58.689998626708984,57.38999938964844,57.84000015258789,55.499595642089844,6727400,0.0,0.0
2023-08-25 00:00:00-04:00,58.22999954223633,58.54999923706055,57.58000183105469,58.150001525878906,55.79705810546875,8367200,0.0,0.0
2023-08-28 00:00:00-04:00,58.52000045776367,59.16999816894531,58.470001220703125,59.04999923706055,56.66063690185547,4952700,0.0,0.0
2023-08-29 00:00:00-04:00,59.119998931884766,59.900001525878906,58.5,59.45000076293945,57.04444885253906,7604200,0.0,0.0
2023-08-30 00:00:00-04:00,59.61000061035156,60.2599983215332,59.290000915527344,59.779998779296875,57.3610954284668,10299000,0.0,0.0
2023-08-31 00:00:00-04:00,59.779998779296875,59.849998474121094,59.029998779296875,59.150001525878906,56.75658416748047,6687700,0.0,0.0
2023-09-01 00:00:00-04:00,59.56999969482422,60.86000061035156,59.5,60.5,58.051963806152344,9392600,0.0,0.0
2023-09-05 00:00:00-04:00,60.70000076293945,60.959999084472656,59.630001068115234,59.68000030517578,57.265140533447266,6085800,0.0,0.0
2023-09-06 00:00:00-04:00,58.970001220703125,59.29999923706055,57.66999816894531,58.27000045776367,55.912193298339844,8534800,0.0,0.0
2023-09-07 00:00:00-04:00,58.25,58.599998474121094,57.619998931884766,57.81999969482422,55.480411529541016,6351600,0.0,0.0
2023-09-08 00:00:00-04:00,57.630001068115234,59.43000030517578,57.58000183105469,59.33000183105469,56.92930603027344,9554100,0.0,0.0
2023-09-11 00:00:00-04:00,59.88999938964844,60.59000015258789,59.619998931884766,59.81999969482422,57.399478912353516,7641700,0.0,0.0
2023-09-12 00:00:00-04:00,59.90999984741211,61.150001525878906,59.810001373291016,60.52000045776367,58.0711555480957,9448200,0.0,0.0
2023-09-13 00:00:00-04:00,60.79999923706055,60.97999954223633,57.900001525878906,58.72999954223633,56.353580474853516,13621300,0.0,0.0
2023-09-14 00:00:00-04:00,59.349998474121094,59.93000030517578,59.06999969482422,59.7599983215332,57.34190368652344,8074200,0.0,0.0
2023-09-15 00:00:00-04:00,58.0,58.619998931884766,56.81999969482422,58.220001220703125,55.864219665527344,23653400,0.0,0.0
2023-09-18 00:00:00-04:00,57.9900016784668,58.25,56.939998626708984,57.86000061035156,55.51878356933594,8713500,0.0,0.0
2023-09-19 00:00:00-04:00,57.84000015258789,58.20000076293945,57.38999938964844,57.72999954223633,55.394046783447266,7313900,0.0,0.0
2023-09-20 00:00:00-04:00,57.90999984741211,58.38999938964844,56.630001068115234,56.66999816894531,54.37693786621094,8867700,0.0,0.0
2023-09-21 00:00:00-04:00,56.2400016784668,56.849998474121094,55.95000076293945,56.0099983215332,53.74364471435547,8686200,0.0,0.0
2023-09-22 00:00:00-04:00,56.0,56.20000076293945,55.119998931884766,55.150001525878906,52.91844940185547,7019500,0.0,0.0
2023-09-25 00:00:00-04:00,54.959999084472656,55.529998779296875,54.560001373291016,55.349998474121094,53.1103515625,6994300,0.0,0.0
2023-09-26 00:00:00-04:00,54.7400016784668,54.97999954223633,53.529998779296875,54.20000076293945,52.00688934326172,8948800,0.0,0.0
2023-09-27 00:00:00-04:00,54.43000030517578,55.22999954223633,54.119998931884766,54.380001068115234,52.179595947265625,7746700,0.0,0.0
2023-09-28 00:00:00-04:00,54.52000045776367,54.779998779296875,53.90999984741211,54.54999923706055,52.34272003173828,6154300,0.0,0.0
2023-09-29 00:00:00-04:00,55.099998474121094,55.810001373291016,54.63999938964844,54.900001525878906,52.67856216430664,8061700,0.0,0.0
2023-10-02 00:00:00-04:00,54.7400016784668,54.959999084472656,53.27000045776367,53.54999923706055,51.3831787109375,8859300,0.0,0.0
2023-10-03 00:00:00-04:00,52.93000030517578,53.0099983215332,50.75,51.29999923706055,49.22421646118164,15459400,0.0,0.0
2023-10-04 00:00:00-04:00,51.2599983215332,51.58000183105469,50.7400016784668,51.40999984741211,49.32977294921875,10421900,0.0,0.0
2023-10-05 00:00:00-04:00,51.11000061035156,51.40999984741211,50.02000045776367,51.060001373291016,48.99393844604492,8601700,0.0,0.0
2023-10-06 00:00:00-04:00,50.540000915527344,51.849998474121094,49.65999984741211,51.52000045776367,49.435325622558594,11471300,0.0,0.0
2023-10-09 00:00:00-04:00,50.86000061035156,51.779998779296875,50.84000015258789,51.75,49.65602111816406,8168600,0.0,0.0
2023-10-10 00:00:00-04:00,52.15999984741211,52.59000015258789,51.709999084472656,51.779998779296875,49.6848030090332,8373800,0.0,0.0
2023-10-11 00:00:00-04:00,51.869998931884766,52.4900016784668,51.119998931884766,51.90999984741211,49.80955123901367,8068500,0.0,0.0
2023-10-12 00:00:00-04:00,52.029998779296875,52.130001068115234,50.77000045776367,51.5099983215332,49.42572784423828,9412300,0.0,0.0
2023-10-13 00:00:00-04:00,52.0099983215332,52.2400016784668,51.08000183105469,51.33000183105469,49.25301742553711,12412900,0.0,0.0
2023-10-16 00:00:00-04:00,50.61000061035156,54.599998474121094,50.33000183105469,53.720001220703125,51.546302795410156,20509400,0.0,0.0
2023-10-17 00:00:00-04:00,53.25,54.310001373291016,52.06999969482422,53.689998626708984,51.51751708984375,15991300,0.0,0.0
2023-10-18 00:00:00-04:00,53.5,53.90999984741211,51.65999984741211,51.84000015258789,49.74237823486328,9949100,0.0,0.0
2023-10-19 00:00:00-04:00,52.099998474121094,52.5,51.58000183105469,51.900001525878906,49.799949645996094,9981700,0.0,0.0
2023-10-20 00:00:00-04:00,51.5,51.849998474121094,50.529998779296875,50.869998931884766,48.81163024902344,9786400,0.0,0.0
2023-10-23 00:00:00-04:00,50.70000076293945,50.90999984741211,49.279998779296875,49.33000183105469,47.33394241333008,10885600,0.0,0.0
2023-10-24 00:00:00-04:00,49.72999954223633,50.16999816894531,49.279998779296875,49.83000183105469,47.8137092590332,9022900,0.0,0.0
2023-10-25 00:00:00-04:00,49.4900016784668,49.61000061035156,48.65999984741211,49.369998931884766,47.37232971191406,8056400,0.0,0.0
2023-10-26 00:00:00-04:00,49.189998626708984,51.83000183105469,49.15999984741211,51.43000030517578,49.34897232055664,14097600,0.0,0.0
2023-10-27 00:00:00-04:00,51.040000915527344,51.38999938964844,49.900001525878906,50.119998931884766,48.091976165771484,10574800,0.0,0.0
2023-10-30 00:00:00-04:00,50.720001220703125,51.11000061035156,49.709999084472656,50.75,48.69647979736328,9293000,0.0,0.0
2023-10-31 00:00:00-04:00,50.880001068115234,52.16999816894531,50.29999923706055,52.040000915527344,49.93428421020508,13193500,0.0,0.0
2023-11-01 00:00:00-04:00,52.060001373291016,53.52000045776367,51.86000061035156,52.81999969482422,50.68272018432617,13862700,0.0,0.0
2023-11-02 00:00:00-04:00,53.58000183105469,55.09000015258789,53.5099983215332,54.93000030517578,52.70735168457031,14948800,0.0,0.0
2023-11-03 00:00:00-04:00,56.40999984741211,56.84000015258789,55.470001220703125,55.83000183105469,53.57093811035156,12839200,0.0,0.0
2023-11-06 00:00:00-05:00,55.970001220703125,56.20000076293945,54.58000183105469,55.619998931884766,53.369422912597656,10606400,0.0,0.0
2023-11-07 00:00:00-05:00,55.5099983215332,55.869998931884766,54.40999984741211,55.22999954223633,52.99520492553711,10955900,0.0,0.0
2023-11-08 00:00:00-05:00,55.22999954223633,55.34000015258789,54.630001068115234,54.900001525878906,52.67856216430664,6386800,0.0,0.0
2023-11-09 00:00:00-05:00,55.0,55.150001525878906,53.959999084472656,54.15999984741211,52.20623779296875,8548700,0.25,0.0
2023-11-10 00:00:00-05:00,54.650001525878906,54.650001525878906,53.4900016784668,54.40999984741211,52.44721603393555,6356000,0.0,0.0
2023-11-13 00:00:00-05:00,53.97999954223633,54.61000061035156,53.599998474121094,53.959999084472656,52.013458251953125,9827200,0.0,0.0
2023-11-14 00:00:00-05:00,55.599998474121094,55.939998626708984,54.2400016784668,54.790000915527344,52.81351089477539,15361400,0.0,0.0
2023-11-15 00:00:00-05:00,55.29999923706055,56.790000915527344,55.27000045776367,56.08000183105469,54.056976318359375,10245500,0.0,0.0
2023-11-16 00:00:00-05:00,56.02000045776367,56.119998931884766,55.09000015258789,55.66999816894531,53.66175842285156,10189400,0.0,0.0
2023-11-17 00:00:00-05:00,56.40999984741211,56.79999923706055,55.849998474121094,56.779998779296875,54.731712341308594,7366700,0.0,0.0
2023-11-20 00:00:00-05:00,56.689998626708984,56.970001220703125,56.040000915527344,56.560001373291016,54.5196647644043,8233100,0.0,0.0
2023-11-21 00:00:00-05:00,56.38999938964844,56.45000076293945,55.900001525878906,55.9900016784668,53.970218658447266,4901200,0.0,0.0
2023-11-22 00:00:00-05:00,56.31999969482422,56.47999954223633,55.41999816894531,55.93000030517578,53.912384033203125,6830100,0.0,0.0
2023-11-24 00:00:00-05:00,56.09000015258789,56.470001220703125,55.79999923706055,56.43000030517578,54.39434814453125,2725600,0.0,0.0
2023-11-27 00:00:00-05:00,56.0,56.34000015258789,55.779998779296875,56.0,53.979862213134766,8715200,0.0,0.0
2023-11-28 00:00:00-05:00,55.970001220703125,56.599998474121094,55.59000015258789,55.810001373291016,53.796714782714844,7866000,0.0,0.0
2023-11-29 00:00:00-05:00,56.0,59.93000030517578,56.0,59.61000061035156,57.459632873535156,15656600,0.0,0.0
2023-11-30 00:00:00-05:00,59.65999984741211,61.79999923706055,59.61000061035156,61.31999969482422,59.107948303222656,20200300,0.0,0.0
2023-12-01 00:00:00-05:00,60.869998931884766,63.16999816894531,60.36000061035156,63.15999984741211,60.88156509399414,17131600,0.0,0.0
2023-12-04 00:00:00-05:00,62.5,63.349998474121094,62.29999923706055,62.63999938964844,60.38032913208008,11690900,0.0,0.0
2023-12-05 00:00:00-05:00,62.310001373291016,62.38999938964844,61.52000045776367,62.22999954223633,59.9851188659668,7172600,0.0,0.0
2023-12-06 00:00:00-05:00,62.88999938964844,63.619998931884766,62.09000015258789,62.15999984741211,59.917640686035156,8544500,0.0,0.0
2023-12-07 00:00:00-05:00,62.689998626708984,63.040000915527344,62.08000183105469,62.959999084472656,60.688785552978516,9500600,0.0,0.0
2023-12-08 00:00:00-05:00,63.0,64.33000183105469,62.86000061035156,64.06999969482422,61.75873947143555,10159700,0.0,0.0
2023-12-11 00:00:00-05:00,63.95000076293945,64.37000274658203,63.63999938964844,64.0199966430664,61.71054458618164,8281700,0.0,0.0
2023-12-12 00:00:00-05:00,64.02999877929688,64.62999725341797,63.59000015258789,64.56999969482422,62.240699768066406,8274200,0.0,0.0
2023-12-13 00:00:00-05:00,64.73999786376953,66.41000366210938,64.30000305175781,66.30000305175781,63.90830612182617,13922500,0.0,0.0
2023-12-14 00:00:00-05:00,67.70999908447266,71.16999816894531,67.70999908447266,70.94000244140625,68.38092041015625,26968400,0.0,0.0
2023-12-15 00:00:00-05:00,70.66999816894531,71.4000015258789,70.0999984741211,70.9800033569336,68.41947937011719,21428000,0.0,0.0
2023-12-18 00:00:00-05:00,71.12999725341797,71.33999633789062,69.22000122070312,69.30999755859375,66.80970764160156,12870800,0.0,0.0
2023-12-19 00:00:00-05:00,69.26000213623047,69.8499984741211,68.87000274658203,69.73999786376953,67.22418975830078,10781100,0.0,0.0
2023-12-20 00:00:00-05:00,69.18000030517578,71.0,67.05999755859375,67.12000274658203,64.69872283935547,11408600,0.0,0.0
2023-12-21 00:00:00-05:00,67.62000274658203,68.55000305175781,67.33000183105469,68.18000030517578,65.72046661376953,8674300,0.0,0.0
2023-12-22 00:00:00-05:00,68.25,69.12999725341797,68.02999877929688,68.58000183105469,66.10604095458984,4456900,0.0,0.0
2023-12-26 00:00:00-05:00,68.4000015258789,69.19999694824219,68.2699966430664,68.94999694824219,66.46269989013672,3565700,0.0,0.0
2023-12-27 00:00:00-05:00,68.79000091552734,69.37000274658203,68.41999816894531,69.2699966430664,66.77116394042969,4320000,0.0,0.0
2023-12-28 00:00:00-05:00,69.31999969482422,69.83999633789062,69.26000213623047,69.55000305175781,67.04105377197266,4352200,0.0,0.0
2023-12-29 00:00:00-05:00,69.6500015258789,69.69999694824219,68.7300033569336,68.80000305175781,66.31810760498047,6047700,0.0,0.0
2024-01-02 00:00:00-05:00,68.12999725341797,69.19000244140625,67.55000305175781,69.0999984741211,66.60728454589844,10111200,0.0,0.0
2024-01-03 00:00:00-05:00,67.05000305175781,67.61000061035156,66.30000305175781,67.05000305175781,64.63124084472656,10661900,0.0,0.0
2024-01-04 00:00:00-05:00,66.73999786376953,67.93000030517578,66.43000030517578,66.88999938964844,64.47701263427734,6755000,0.0,0.0
2024-01-05 00:00:00-05:00,66.91000366210938,68.04000091552734,66.62000274658203,67.2300033569336,64.80475616455078,7243200,0.0,0.0
2024-01-08 00:00:00-05:00,67.0,68.16000366210938,66.5199966430664,67.80000305175781,65.35417938232422,6534200,0.0,0.0
2024-01-09 00:00:00-05:00,67.0,67.36000061035156,66.61000061035156,66.75,64.34207916259766,7069300,0.0,0.0
2024-01-10 00:00:00-05:00,65.86000061035156,66.33000183105469,65.5,65.81999969482422,63.445621490478516,7990100,0.0,0.0
2024-01-11 00:00:00-05:00,65.48999786376953,65.66999816894531,64.81999969482422,65.26000213623047,62.90582275390625,8294800,0.0,0.0
2024-01-12 00:00:00-05:00,65.6500015258789,66.05000305175781,64.47000122070312,65.2300033569336,62.87689208984375,8457700,0.0,0.0
2024-01-16 00:00:00-05:00,64.30000305175781,64.87999725341797,63.75,64.30999755859375,61.99007797241211,12604100,0.0,0.0
2024-01-17 00:00:00-05:00,60.93000030517578,63.869998931884766,59.66999816894531,63.45000076293945,61.161109924316406,24688400,0.0,0.0
2024-01-18 00:00:00-05:00,63.22999954223633,63.22999954223633,61.93000030517578,62.720001220703125,60.45744705200195,11301800,0.0,0.0
2024-01-19 00:00:00-05:00,63.029998779296875,63.79999923706055,61.900001525878906,63.779998779296875,61.47920608520508,12711200,0.0,0.0
2024-01-22 00:00:00-05:00,63.849998474121094,64.54000091552734,63.290000915527344,63.630001068115234,61.334617614746094,10041700,0.0,0.0
2024-01-23 00:00:00-05:00,64.0,64.29000091552734,63.439998626708984,63.91999816894531,61.61415100097656,5857400,0.0,0.0
2024-01-24 00:00:00-05:00,64.5,64.69000244140625,63.43000030517578,63.47999954223633,61.19002151489258,5977600,0.0,0.0
2024-01-25 00:00:00-05:00,63.939998626708984,64.05000305175781,63.13999938964844,63.709999084472656,61.41173553466797,5904400,0.0,0.0
2024-01-26 00:00:00-05:00,63.95000076293945,64.72000122070312,63.7400016784668,64.04000091552734,61.72982406616211,5108500,0.0,0.0
2024-01-29 00:00:00-05:00,63.68000030517578,64.08000183105469,63.380001068115234,63.939998626708984,61.633426666259766,5546800,0.0,0.0
2024-01-30 00:00:00-05:00,63.58000183105469,64.4800033569336,63.369998931884766,64.37999725341797,62.05755615234375,5641200,0.0,0.0
2024-01-31 00:00:00-05:00,63.66999816894531,64.16999816894531,62.88999938964844,62.91999816894531,60.65021896362305,8916100,0.0,0.0
2024-02-01 00:00:00-05:00,62.91999816894531,63.380001068115234,61.16999816894531,62.27000045776367,60.023677825927734,8942600,0.0,0.0
2024-02-02 00:00:00-05:00,62.0,63.31999969482422,61.540000915527344,62.939998626708984,60.66950607299805,9803100,0.0,0.0
2024-02-05 00:00:00-05:00,62.5,62.7599983215332,61.47999954223633,62.369998931884766,60.12007141113281,6953800,0.0,0.0
2024-02-06 00:00:00-05:00,62.36000061035156,62.880001068115234,61.66999816894531,61.88999938964844,59.65739059448242,6171000,0.0,0.0
2024-02-07 00:00:00-05:00,62.06999969482422,62.779998779296875,61.68000030517578,62.43000030517578,60.17790222167969,6990500,0.0,0.0
2024-02-08 00:00:00-05:00,62.2400016784668,62.90999984741211,61.90999984741211,62.470001220703125,60.45857238769531,5689100,0.25,0.0
2024-02-09 00:00:00-05:00,62.52000045776367,63.40999984741211,62.349998474121094,63.369998931884766,61.32958984375,7562800,0.0,0.0
2024-02-12 00:00:00-05:00,63.310001373291016,65.12000274658203,63.310001373291016,64.5,62.42320251464844,6692400,0.0,0.0
2024-02-13 00:00:00-05:00,63.650001525878906,63.91999816894531,61.68000030517578,62.709999084472656,60.690834045410156,8998800,0.0,0.0
2024-02-14 00:00:00-05:00,63.15999984741211,63.400001525878906,62.15999984741211,63.029998779296875,61.00054168701172,6324900,0.0,0.0
2024-02-15 00:00:00-05:00,63.2599983215332,65.25,63.20000076293945,64.62999725341797,62.549015045166016,8268300,0.0,0.0
2024-02-16 00:00:00-05:00,64.44000244140625,64.9000015258789,63.869998931884766,64.4000015258789,62.326419830322266,6057200,0.0,0.0
2024-02-20 00:00:00-05:00,63.93000030517578,64.37999725341797,63.380001068115234,63.58000183105469,61.5328254699707,5357500,0.0,0.0
2024-02-21 00:00:00-05:00,63.369998931884766,64.18000030517578,62.900001525878906,64.12999725341797,62.06511306762695,5184900,0.0,0.0
2024-02-22 00:00:00-05:00,64.70999908447266,65.19000244140625,64.33999633789062,64.62999725341797,62.549015045166016,6084300,0.0,0.0
2024-02-23 00:00:00-05:00,64.55000305175781,65.1500015258789,64.30000305175781,64.44000244140625,62.365135192871094,4196900,0.0,0.0
2024-02-26 00:00:00-05:00,64.44000244140625,65.16000366210938,64.27999877929688,64.4000015258789,62.326419830322266,5377300,0.0,0.0
2024-02-27 00:00:00-05:00,64.54000091552734,65.41000366210938,64.48999786376953,65.3499984741211,63.24583435058594,5484200,0.0,0.0
2024-02-28 00:00:00-05:00,65.18000030517578,66.06999969482422,64.88999938964844,65.6500015258789,63.53617477416992,5126700,0.0,0.0
2024-02-29 00:00:00-05:00,66.0199966430664,66.83999633789062,65.87000274658203,66.77999877929688,64.62979888916016,8522900,0.0,0.0
2024-03-01 00:00:00-05:00,66.62000274658203,66.91999816894531,65.69999694824219,66.47000122070312,64.32978057861328,7875300,0.0,0.0
2024-03-04 00:00:00-05:00,66.63999938964844,68.16999816894531,66.61000061035156,67.63999938964844,65.46209716796875,5805100,0.0,0.0
2024-03-05 00:00:00-05:00,67.2699966430664,68.47000122070312,67.20999908447266,68.0999984741211,65.90728759765625,6170200,0.0,0.0
2024-03-06 00:00:00-05:00,68.48999786376953,68.56999969482422,67.12999725341797,68.0999984741211,65.90728759765625,6624700,0.0,0.0
2024-03-07 00:00:00-05:00,68.55000305175781,68.81999969482422,68.1500015258789,68.19000244140625,65.99440002441406,5326200,0.0,0.0
2024-03-08 00:00:00-05:00,68.41000366210938,69.02999877929688,67.1500015258789,67.16999816894531,65.00723266601562,9029600,0.0,0.0
2024-03-11 00:00:00-04:00,67.19999694824219,67.66999816894531,66.83000183105469,66.94999694824219,64.79432678222656,8456500,0.0,0.0
2024-03-12 00:00:00-04:00,67.16999816894531,67.37000274658203,65.8499984741211,66.5,64.35881805419922,9497900,0.0,0.0
2024-03-13 00:00:00-04:00,66.70999908447266,67.61000061035156,66.66999816894531,67.12999725341797,64.96852111816406,8202500,0.0,0.0
2024-03-14 00:00:00-04:00,66.72000122070312,67.33000183105469,66.02999877929688,66.5999984741211,64.4555892944336,11673800,0.0,0.0
2024-03-15 00:00:00-04:00,66.12999725341797,67.80999755859375,66.12999725341797,67.04000091552734,64.88142395019531,11825900,0.0,0.0
2024-03-18 00:00:00-04:00,66.72000122070312,67.56999969482422,66.66999816894531,67.4000015258789,65.2298355102539,6567400,0.0,0.0
2024-03-19 00:00:00-04:00,67.5999984741211,68.45999908447266,67.36000061035156,68.3499984741211,66.14923858642578,7979200,0.0,0.0
2024-03-20 00:00:00-04:00,68.37000274658203,69.77999877929688,68.05999755859375,69.66999816894531,67.42671966552734,6836100,0.0,0.0
2024-03-21 00:00:00-04:00,69.98999786376953,72.0,69.94000244140625,71.8499984741211,69.53653717041016,10466900,0.0,0.0
2024-03-22 00:00:00-04:00,72.63999938964844,72.94000244140625,71.55999755859375,71.5999984741211,69.29459381103516,7231300,0.0,0.0
2024-03-25 00:00:00-04:00,71.45999908447266,72.31999969482422,70.98999786376953,71.33000183105469,69.03329467773438,6578600,0.0,0.0
2024-03-26 00:00:00-04:00,71.38999938964844,71.52999877929688,70.91000366210938,71.0,68.71391296386719,5659100,0.0,0.0
2024-03-27 00:00:00-04:00,71.4000015258789,72.44999694824219,71.30000305175781,72.37999725341797,70.04947662353516,7358000,0.0,0.0
2024-03-28 00:00:00-04:00,72.4000015258789,72.5999984741211,71.69999694824219,72.33999633789062,70.0107650756836,6865000,0.0,0.0
2024-04-01 00:00:00-04:00,72.29000091552734,72.62999725341797,71.8499984741211,72.37000274658203,70.03981018066406,4070800,0.0,0.0
2024-04-02 00:00:00-04:00,72.0,72.16000366210938,70.97000122070312,71.45999908447266,69.15909576416016,5373600,0.0,0.0
2024-04-03 00:00:00-04:00,71.43000030517578,72.23999786376953,71.27999877929688,71.41999816894531,69.12039184570312,5295900,0.0,0.0
2024-04-04 00:00:00-04:00,72.2300033569336,72.97000122070312,71.08000183105469,71.3499984741211,69.05264282226562,7855300,0.0,0.0
2024-04-05 00:00:00-04:00,71.4800033569336,72.12999725341797,71.20999908447266,71.88999938964844,69.57525634765625,4255200,0.0,0.0
2024-04-08 00:00:00-04:00,72.2699966430664,72.77999877929688,71.81999969482422,72.37000274658203,70.03981018066406,5846000,0.0,0.0
2024-04-09 00:00:00-04:00,72.54000091552734,72.80000305175781,71.48999786376953,72.27999877929688,69.95270538330078,5024000,0.0,0.0
2024-04-10 00:00:00-04:00,71.55000305175781,72.06999969482422,70.12000274658203,71.0999984741211,68.81068420410156,7750200,0.0,0.0
2024-04-11 00:00:00-04:00,70.86000061035156,71.27999877929688,69.81999969482422,70.62000274658203,68.34615325927734,5891800,0.0,0.0
2024-04-12 00:00:00-04:00,69.70999908447266,70.87000274658203,69.47000122070312,70.02999877929688,67.775146484375,8615000,0.0,0.0
2024-04-15 00:00:00-04:00,70.5,73.6500015258789,70.47000122070312,71.2300033569336,68.9365234375,14417600,0.0,0.0
2024-04-16 00:00:00-04:00,71.5,73.26000213623047,70.37000274658203,73.06999969482422,70.71726989746094,12021600,0.0,0.0
2024-04-17 00:00:00-04:00,73.5,73.87999725341797,72.31999969482422,72.5,70.16561126708984,9852800,0.0,0.0
2024-04-18 00:00:00-04:00,72.52999877929688,73.83999633789062,71.95999908447266,72.93000030517578,70.58177185058594,8208300,0.0,0.0
2024-04-19 00:00:00-04:00,73.4000015258789,73.87999725341797,72.86000061035156,73.41999816894531,71.05598449707031,8489400,0.0,0.0
2024-04-22 00:00:00-04:00,73.95999908447266,74.9800033569336,73.22000122070312,74.26000213623047,71.86894226074219,8847500,0.0,0.0
2024-04-23 00:00:00-04:00,74.3499984741211,75.37000274658203,74.18000030517578,75.2300033569336,72.8077163696289,9244400,0.0,0.0
2024-04-24 00:00:00-04:00,74.47000122070312,75.55000305175781,74.36000061035156,75.19000244140625,72.76899719238281,6038800,0.0,0.0
2024-04-25 00:00:00-04:00,74.93000030517578,75.45999908447266,74.0,74.88999938964844,72.4786605834961,6375400,0.0,0.0
2024-04-26 00:00:00-04:00,74.95999908447266,75.30000305175781,74.5199966430664,74.98999786376953,72.575439453125,5560700,0.0,0.0
2024-04-29 00:00:00-04:00,74.91000366210938,75.48999786376953,74.43000030517578,74.55999755859375,72.15928649902344,5743200,0.0,0.0
2024-04-30 00:00:00-04:00,74.37000274658203,74.44000244140625,73.62000274658203,73.94999694824219,71.56892395019531,6725700,0.0,0.0
2024-05-01 00:00:00-04:00,73.95999908447266,75.37000274658203,73.44999694824219,74.56999969482422,72.1689682006836,7015000,0.0,0.0
2024-05-02 00:00:00-04:00,75.37000274658203,75.47000122070312,74.3499984741211,75.33000183105469,72.90448760986328,5591300,0.0,0.0
2024-05-03 00:00:00-04:00,76.08000183105469,76.47000122070312,75.16999816894531,76.04000091552734,73.59164428710938,5414700,0.0,0.0
2024-05-06 00:00:00-04:00,76.5,76.93000030517578,75.87000274658203,76.86000061035156,74.38523864746094,4857600,0.0,0.0
2024-05-07 00:00:00-04:00,76.98999786376953,77.05000305175781,75.41000366210938,75.54000091552734,73.10774230957031,7336800,0.0,0.0
2024-05-08 00:00:00-04:00,75.44000244140625,76.61000061035156,75.31999969482422,76.4000015258789,73.9400405883789,5190100,0.0,0.0
2024-05-09 00:00:00-04:00,75.98999786376953,76.3499984741211,75.44000244140625,75.44000244140625,73.25064849853516,6091500,0.25,0.0
2024-05-10 00:00:00-04:00,75.80000305175781,76.25,75.52999877929688,76.11000061035156,73.90120697021484,5103000,0.0,0.0
2024-05-13 00:00:00-04:00,76.16999816894531,76.41000366210938,74.66999816894531,74.69999694824219,72.53213500976562,5488100,0.0,0.0
2024-05-14 00:00:00-04:00,75.0,77.2699966430664,74.8499984741211,77.06999969482422,74.83334350585938,9566100,0.0,0.0
2024-05-15 00:00:00-04:00,77.41999816894531,78.79000091552734,77.37999725341797,78.68000030517578,76.3966064453125,6601300,0.0,0.0
2024-05-16 00:00:00-04:00,78.06999969482422,78.5199966430664,77.31999969482422,78.04000091552734,75.77517700195312,7992900,0.0,0.0
2024-05-17 00:00:00-04:00,78.30000305175781,79.22000122070312,77.7699966430664,78.77999877929688,76.49372100830078,6467200,0.0,0.0
2024-05-20 00:00:00-04:00,78.80000305175781,79.12999725341797,78.1500015258789,78.66000366210938,76.37720489501953,5559400,0.0,0.0
2024-05-21 00:00:00-04:00,78.5,79.33999633789062,78.08000183105469,78.9000015258789,76.61022186279297,6067500,0.0,0.0
2024-05-22 00:00:00-04:00,78.66000366210938,79.48999786376953,75.01000213623047,75.2699966430664,73.08557891845703,13806600,0.0,0.0
2024-05-23 00:00:00-04:00,74.58999633789062,74.7300033569336,71.69000244140625,72.33999633789062,70.24061584472656,14676500,0.0,0.0
2024-05-24 00:00:00-04:00,72.63999938964844,73.08999633789062,72.16999816894531,72.2699966430664,70.17263793945312,6152200,0.0,0.0
2024-05-28 00:00:00-04:00,72.08999633789062,72.08999633789062,70.55999755859375,70.79000091552734,68.735595703125,8486300,0.0,0.0
2024-05-29 00:00:00-04:00,69.9000015258789,70.76000213623047,69.4800033569336,70.52999877929688,68.48314666748047,5617300,0.0,0.0
2024-05-30 00:00:00-04:00,70.7300033569336,72.0,70.5999984741211,71.87999725341797,69.79395294189453,7078300,0.0,0.0
2024-05-31 00:00:00-04:00,71.76000213623047,73.37000274658203,71.58000183105469,73.27999877929688,71.15332794189453,8617400,0.0,0.0
2024-06-03 00:00:00-04:00,73.20999908447266,73.33000183105469,72.04000091552734,72.37000274658203,70.2697525024414,4365000,0.0,0.0
2024-06-04 00:00:00-04:00,71.83000183105469,72.54000091552734,71.6500015258789,71.98999786376953,69.90077209472656,3887900,0.0,0.0
2024-06-05 00:00:00-04:00,72.41999816894531,74.66999816894531,72.33000183105469,74.38999938964844,72.23112487792969,7010100,0.0,0.0
2024-06-06 00:00:00-04:00,74.45999908447266,74.5999984741211,73.7300033569336,74.25,72.09518432617188,4669400,0.0,0.0
2024-06-07 00:00:00-04:00,74.0,74.87000274658203,73.72000122070312,73.93000030517578,71.78446960449219,5371000,0.0,0.0
2024-06-10 00:00:00-04:00,73.44000244140625,74.18000030517578,73.13999938964844,74.11000061035156,71.95925903320312,5337700,0.0,0.0
2024-06-11 00:00:00-04:00,73.7699966430664,73.87000274658203,72.62000274658203,73.44999694824219,71.31839752197266,6048500,0.0,0.0
2024-06-12 00:00:00-04:00,74.55000305175781,75.0,73.48999786376953,73.55999755859375,71.42520141601562,5587300,0.0,0.0
2024-06-13 00:00:00-04:00,73.5199966430664,73.69999694824219,72.70999908447266,73.38999938964844,71.26013946533203,4147300,0.0,0.0
2024-06-14 00:00:00-04:00,72.48999786376953,73.48999786376953,72.11000061035156,73.25,71.12419128417969,5756200,0.0,0.0
2024-06-17 00:00:00-04:00,72.91000366210938,72.91999816894531,72.02999877929688,72.80999755859375,70.69697570800781,5689100,0.0,0.0
2024-06-18 00:00:00-04:00,72.76000213623047,73.13999938964844,72.44000244140625,72.83999633789062,70.72608947753906,5868600,0.0,0.0
2024-06-20 00:00:00-04:00,72.54000091552734,73.0199966430664,72.18000030517578,72.69999694824219,70.59015655517578,5785200,0.0,0.0
2024-06-21 00:00:00-04:00,72.58000183105469,73.58000183105469,71.93000030517578,73.33999633789062,71.21158599853516,11933200,0.0,0.0
2024-06-24 00:00:00-04:00,73.36000061035156,74.97000122070312,73.19000244140625,74.52999877929688,72.36705017089844,8341000,0.0,0.0
2024-06-25 00:00:00-04:00,74.30000305175781,74.3499984741211,73.48999786376953,73.9000015258789,71.7553482055664,5840400,0.0,0.0
2024-06-26 00:00:00-04:00,73.56999969482422,74.05999755859375,73.18000030517578,73.26000213623047,71.13391876220703,4684100,0.0,0.0
2024-06-27 00:00:00-04:00,72.77999877929688,73.62000274658203,72.51000213623047,73.55999755859375,71.42520141601562,5564300,0.0,0.0
2024-06-28 00:00:00-04:00,74.0,74.20999908447266,73.0999984741211,73.69000244140625,71.55144500732422,8997500,0.0,0.0
2024-07-01 00:00:00-04:00,73.97000122070312,74.16999816894531,73.2699966430664,73.41999816894531,71.28926086425781,3902800,0.0,0.0
2024-07-02 00:00:00-04:00,73.25,74.18000030517578,73.22000122070312,74.1500015258789,71.99808502197266,4925300,0.0,0.0
2024-07-03 00:00:00-04:00,74.25,74.61000061035156,73.80000305175781,74.12999725341797,71.97865295410156,2502100,0.0,0.0
2024-07-05 00:00:00-04:00,73.87000274658203,74.1500015258789,73.1500015258789,73.19999694824219,71.07565307617188,3233000,0.0,0.0
2024-07-08 00:00:00-04:00,74.19999694824219,74.51000213623047,73.11000061035156,73.23999786376953,71.114501953125,5338100,0.0,0.0
2024-07-09 00:00:00-04:00,73.02999877929688,74.88999938964844,72.88999938964844,74.52999877929688,72.36705017089844,4971800,0.0,0.0
2024-07-10 00:00:00-04:00,74.3499984741211,74.7300033569336,74.05999755859375,74.62999725341797,72.46414947509766,4527300,0.0,0.0
2024-07-11 00:00:00-04:00,74.97000122070312,76.44000244140625,74.69999694824219,76.08000183105469,73.87207794189453,5796000,0.0,0.0
2024-07-12 00:00:00-04:00,76.31999969482422,76.69999694824219,75.18000030517578,75.37999725341797,73.19239044189453,6543500,0.0,0.0
2024-07-15 00:00:00-04:00,73.61000061035156,76.0999984741211,73.36000061035156,75.06999969482422,72.8913803100586,10069300,0.0,0.0
2024-07-16 00:00:00-04:00,70.20999908447266,70.70999908447266,67.38999938964844,67.43000030517578,65.47310638427734,34310900,0.0,0.0
2024-07-17 00:00:00-04:00,66.26000213623047,66.5999984741211,61.0099983215332,63.79999923706055,61.948448181152344,42877600,0.0,0.0
2024-07-18 00:00:00-04:00,62.88999938964844,63.400001525878906,61.849998474121094,62.27000045776367,60.46285629272461,21576200,0.0,0.0
2024-07-19 00:00:00-04:00,62.66999816894531,62.779998779296875,61.31999969482422,62.08000183105469,60.27837371826172,14768600,0.0,0.0
2024-07-22 00:00:00-04:00,62.939998626708984,64.88999938964844,62.869998931884766,64.75,62.87088394165039,16727200,0.0,0.0
2024-07-23 00:00:00-04:00,64.63999938964844,66.37000274658203,64.63999938964844,65.13999938964844,63.24955368041992,14758600,0.0,0.0
2024-07-24 00:00:00-04:00,65.30999755859375,66.38999938964844,64.0,64.08000183105469,62.22032165527344,11836500,0.0,0.0
2024-07-25 00:00:00-04:00,64.38999938964844,66.88999938964844,64.38999938964844,66.23999786376953,64.31764221191406,12194300,0.0,0.0
2024-07-26 00:00:00-04:00,66.54000091552734,67.4000015258789,66.4800033569336,66.5999984741211,64.66719055175781,11168800,0.0,0.0
2024-07-29 00:00:00-04:00,65.97000122070312,66.38999938964844,65.04000091552734,65.30000305175781,63.40492630004883,9962700,0.0,0.0
2024-07-30 00:00:00-04:00,65.91999816894531,65.98999786376953,64.16999816894531,64.91000366210938,63.0262451171875,8022600,0.0,0.0
2024-07-31 00:00:00-04:00,65.31999969482422,65.55999755859375,64.56999969482422,65.19000244140625,63.29812240600586,6982700,0.0,0.0
2024-08-01 00:00:00-04:00,65.19999694824219,65.55000305175781,63.40999984741211,63.709999084472656,61.86106872558594,9896000,0.0,0.0
2024-08-02 00:00:00-04:00,62.7400016784668,64.0999984741211,62.130001068115234,63.38999938964844,61.55034637451172,10258500,0.0,0.0
2024-08-05 00:00:00-04:00,61.619998931884766,62.91999816894531,61.150001525878906,62.290000915527344,60.482276916503906,7873800,0.0,0.0
2024-08-06 00:00:00-04:00,62.41999816894531,63.77000045776367,61.58000183105469,62.79999923706055,60.97747802734375,7691900,0.0,0.0
2024-08-07 00:00:00-04:00,63.540000915527344,63.95000076293945,62.08000183105469,62.220001220703125,60.414306640625,7331100,0.0,0.0
2024-08-08 00:00:00-04:00,62.790000915527344,63.189998626708984,62.130001068115234,62.779998779296875,60.95805358886719,6138700,0.0,0.0
2024-08-09 00:00:00-04:00,62.380001068115234,62.79999923706055,62.08000183105469,62.40999984741211,60.841068267822266,4255100,0.25,0.0
2024-08-12 00:00:00-04:00,62.689998626708984,62.779998779296875,61.209999084472656,61.77000045776367,60.217159271240234,6994000,0.0,0.0
2024-08-13 00:00:00-04:00,61.970001220703125,62.5099983215332,61.31999969482422,62.4900016784668,60.91905975341797,8774000,0.0,0.0
2024-08-14 00:00:00-04:00,63.75,65.95999908447266,63.15999984741211,65.36000061035156,63.71691131591797,15942100,0.0,0.0
2024-08-15 00:00:00-04:00,66.0,66.37999725341797,64.58999633789062,65.2300033569336,63.59017562866211,7612800,0.0,0.0
2024-08-16 00:00:00-04:00,65.0199966430664,65.56999969482422,64.93000030517578,65.55000305175781,63.90214920043945,5335000,0.0,0.0
2024-08-19 00:00:00-04:00,65.58000183105469,66.1500015258789,65.30999755859375,65.58000183105469,63.93138885498047,4303600,0.0,0.0
2024-08-20 00:00:00-04:00,65.5,65.62999725341797,64.72000122070312,64.83999633789062,63.20998001098633,5381400,0.0,0.0
2024-08-21 00:00:00-04:00,65.0,65.11000061035156,64.20999908447266,64.56999969482422,62.9467658996582,7814400,0.0,0.0
2024-08-22 00:00:00-04:00,62.68000030517578,64.5,62.599998474121094,64.2699966430664,62.65431213378906,19988800,0.0,0.0
2024-08-23 00:00:00-04:00,64.69999694824219,65.12999725341797,63.75,64.38999938964844,62.77129364013672,13127800,0.0,0.0
2024-08-26 00:00:00-04:00,64.6500015258789,65.30000305175781,64.1500015258789,64.4800033569336,62.85904312133789,7439200,0.0,0.0
2024-08-27 00:00:00-04:00,64.36000061035156,64.47000122070312,63.709999084472656,63.90999984741211,62.30336380004883,7006000,0.0,0.0
2024-08-28 00:00:00-04:00,63.90999984741211,64.43000030517578,63.209999084472656,63.97999954223633,62.37160110473633,8135500,0.0,0.0
2024-08-29 00:00:00-04:00,64.29000091552734,65.04000091552734,63.83000183105469,64.93000030517578,63.29772186279297,6429500,0.0,0.0
2024-08-30 00:00:00-04:00,65.0999984741211,65.54000091552734,64.54000091552734,65.0999984741211,63.46345138549805,6549100,0.0,0.0
2024-09-03 00:00:00-04:00,64.22000122070312,65.0,64.1500015258789,64.79000091552734,63.1612434387207,6540800,0.0,0.0
2024-09-04 00:00:00-04:00,64.80000305175781,65.05999755859375,63.380001068115234,63.900001525878906,62.293617248535156,5489900,0.0,0.0
2024-09-05 00:00:00-04:00,64.54000091552734,64.66000366210938,63.400001525878906,63.689998626708984,62.08889389038086,5552100,0.0,0.0
2024-09-06 00:00:00-04:00,63.77000045776367,64.36000061035156,62.45000076293945,62.900001525878906,61.318756103515625,8331700,0.0,0.0
2024-09-09 00:00:00-04:00,63.540000915527344,63.63999938964844,62.86000061035156,63.0099983215332,61.42598342895508,6247100,0.0,0.0
2024-09-10 00:00:00-04:00,63.15999984741211,63.15999984741211,61.83000183105469,63.060001373291016,61.4747314453125,8567900,0.0,0.0
2024-09-11 00:00:00-04:00,62.79999923706055,63.65999984741211,61.4900016784668,63.40999984741211,61.8159294128418,8781300,0.0,0.0
2024-09-12 00:00:00-04:00,63.459999084472656,63.66999816894531,61.15999984741211,61.7400016784668,60.18791580200195,10621900,0.0,0.0
2024-09-13 00:00:00-04:00,62.0,62.77000045776367,61.810001373291016,62.119998931884766,60.55836486816406,10840600,0.0,0.0
2024-09-16 00:00:00-04:00,63.0099983215332,64.0999984741211,62.369998931884766,63.689998626708984,62.08889389038086,11797200,0.0,0.0
2024-09-17 00:00:00-04:00,63.56999969482422,64.41000366210938,63.41999816894531,63.84000015258789,62.23512649536133,8158200,0.0,0.0
2024-09-18 00:00:00-04:00,63.560001373291016,64.48999786376953,63.25,63.560001373291016,61.96216583251953,8802800,0.0,0.0
2024-09-19 00:00:00-04:00,64.29000091552734,65.0999984741211,63.36000061035156,64.76000213623047,63.13199234008789,9825400,0.0,0.0
2024-09-20 00:00:00-04:00,65.69000244140625,65.97000122070312,64.52999877929688,65.38999938964844,63.746158599853516,12332400,0.0,0.0
2024-09-23 00:00:00-04:00,65.62000274658203,65.83999633789062,64.81999969482422,64.93000030517578,63.29772186279297,5872900,0.0,0.0
2024-09-24 00:00:00-04:00,64.83000183105469,65.0999984741211,64.29000091552734,64.58000183105469,62.95652770996094,6030100,0.0,0.0
2024-09-25 00:00:00-04:00,64.51000213623047,64.79000091552734,63.720001220703125,64.04000091552734,62.43009567260742,5097500,0.0,0.0
2024-09-26 00:00:00-04:00,64.08999633789062,64.54000091552734,63.59000015258789,63.84000015258789,62.23512649536133,7602100,0.0,0.0
2024-09-27 00:00:00-04:00,64.05000305175781,64.58000183105469,63.720001220703125,64.41999816894531,62.8005485534668,6521100,0.0,0.0
2024-09-30 00:00:00-04:00,64.33999633789062,64.8499984741211,64.2300033569336,64.80999755859375,63.18073654174805,6078900,0.0,0.0
2024-10-01 00:00:00-04:00,64.62000274658203,64.68000030517578,63.45000076293945,63.90999984741211,62.30336380004883,6331500,0.0,0.0
2024-10-02 00:00:00-04:00,63.83000183105469,64.16999816894531,63.209999084472656,63.349998474121094,61.7574462890625,4817400,0.0,0.0
2024-10-03 00:00:00-04:00,63.0,63.68000030517578,62.40999984741211,63.400001525878906,61.80618667602539,8144400,0.0,0.0
2024-10-04 00:00:00-04:00,64.16999816894531,64.98999786376953,64.06999969482422,64.75,63.122249603271484,7141400,0.0,0.0
2024-10-07 00:00:00-04:00,64.4800033569336,65.4000015258789,64.16000366210938,64.29000091552734,62.6738166809082,7060200,0.0,0.0
2024-10-08 00:00:00-04:00,64.52999877929688,65.08000183105469,64.26000213623047,64.9000015258789,63.26848220825195,7510100,0.0,0.0
2024-10-09 00:00:00-04:00,65.25,66.7300033569336,64.97000122070312,66.69999694824219,65.02322387695312,11115600,0.0,0.0
2024-10-10 00:00:00-04:00,66.4000015258789,67.16000366210938,66.25,66.6500015258789,64.97447967529297,6463300,0.0,0.0
2024-10-11 00:00:00-04:00,66.95999908447266,68.08999633789062,66.80999755859375,67.68000030517578,65.97859191894531,7369900,0.0,0.0
2024-10-14 00:00:00-04:00,67.86000061035156,68.3499984741211,67.54000091552734,67.81999969482422,66.11507415771484,7672200,0.0,0.0
2024-10-15 00:00:00-04:00,72.5999984741211,73.91999816894531,71.41999816894531,71.95999908447266,70.1510009765625,21705700,0.0,0.0
2024-10-16 00:00:00-04:00,72.68000030517578,74.18000030517578,71.70999908447266,72.08000183105469,70.26798248291016,13643700,0.0,0.0
2024-10-17 00:00:00-04:00,72.5199966430664,72.70999908447266,71.76000213623047,71.91000366210938,70.10224914550781,8717600,0.0,0.0
2024-10-18 00:00:00-04:00,72.58000183105469,72.61000061035156,71.19000244140625,71.36000061035156,69.56607818603516,8948400,0.0,0.0
2024-10-21 00:00:00-04:00,71.19999694824219,71.25,70.4800033569336,70.87000274658203,69.08839416503906,5438500,0.0,0.0
2024-10-22 00:00:00-04:00,70.81999969482422,71.05000305175781,69.93000030517578,70.91000366210938,69.12738800048828,5559600,0.0,0.0
2024-10-23 00:00:00-04:00,70.83000183105469,71.98999786376953,70.73999786376953,71.70999908447266,69.90727996826172,6593700,0.0,0.0
2024-10-24 00:00:00-04:00,71.9000015258789,72.6500015258789,71.31999969482422,72.58999633789062,70.7651596069336,6727500,0.0,0.0
2024-10-25 00:00:00-04:00,72.76000213623047,72.91000366210938,71.5199966430664,71.81999969482422,70.01451873779297,4503900,0.0,0.0
2024-10-28 00:00:00-04:00,72.2699966430664,72.58000183105469,71.6500015258789,72.04000091552734,70.2289810180664,5758700,0.0,0.0
2024-10-29 00:00:00-04:00,72.16000366210938,72.45999908447266,71.87000274658203,71.88999938964844,70.08274841308594,6006000,0.0,0.0
2024-10-30 00:00:00-04:00,71.75,72.25,70.95999908447266,71.0999984741211,69.31261444091797,6426100,0.0,0.0
2024-10-31 00:00:00-04:00,70.72000122070312,71.55000305175781,70.4800033569336,70.83000183105469,69.04940795898438,6997100,0.0,0.0
2024-11-01 00:00:00-04:00,70.94999694824219,71.36000061035156,70.41999816894531,70.94000244140625,69.15664672851562,6266000,0.0,0.0
2024-11-04 00:00:00-05:00,70.94000244140625,71.1500015258789,70.29000091552734,70.95999908447266,69.17613220214844,3924600,0.0,0.0
2024-11-05 00:00:00-05:00,70.43000030517578,71.4000015258789,70.37999725341797,71.30999755859375,69.51731872558594,4232100,0.0,0.0
2024-11-06 00:00:00-05:00,74.56999969482422,76.2300033569336,73.41000366210938,75.75,73.8457260131836,16218400,0.0,0.0
2024-11-07 00:00:00-05:00,75.63999938964844,75.63999938964844,72.9000015258789,73.16999816894531,71.33058166503906,10380200,0.0,0.0
2024-11-08 00:00:00-05:00,73.45999908447266,74.98999786376953,73.12999725341797,73.9000015258789,72.28923034667969,8728200,0.25,0.0
2024-11-11 00:00:00-05:00,75.04000091552734,77.95999908447266,75.01000213623047,77.8499984741211,76.15312194824219,13162800,0.0,0.0
2024-11-12 00:00:00-05:00,77.94000244140625,78.54000091552734,77.41000366210938,78.19000244140625,76.48571014404297,10244800,0.0,0.0
2024-11-13 00:00:00-05:00,77.75,79.05000305175781,77.75,78.25,76.54440307617188,8731500,0.0,0.0
2024-11-14 00:00:00-05:00,82.08999633789062,82.5,79.80999755859375,80.19000244140625,78.44212341308594,14717700,0.0,0.0
2024-11-15 00:00:00-05:00,80.1500015258789,81.0,79.88999938964844,80.63999938964844,78.88230895996094,9372300,0.0,0.0
2024-11-18 00:00:00-05:00,81.0,81.87999725341797,80.38999938964844,81.38999938964844,79.61595916748047,9447700,0.0,0.0
2024-11-19 00:00:00-05:00,80.38999938964844,80.7300033569336,79.9000015258789,80.19000244140625,78.44212341308594,6549300,0.0,0.0
2024-11-20 00:00:00-05:00,79.69000244140625,80.5199966430664,79.41999816894531,80.45999908447266,78.70623016357422,6613500,0.0,0.0
2024-11-21 00:00:00-05:00,80.58999633789062,81.69000244140625,80.22000122070312,80.80000305175781,79.03882598876953,5081800,0.0,0.0
2024-11-22 00:00:00-05:00,80.80999755859375,81.7699966430664,80.80999755859375,81.26000213623047,79.48880004882812,7738000,0.0,0.0
2024-11-25 00:00:00-05:00,81.93000030517578,82.4000015258789,81.11000061035156,81.7699966430664,79.9876708984375,13029300,0.0,0.0
2024-11-26 00:00:00-05:00,81.7699966430664,82.33000183105469,81.2300033569336,82.25,80.45720672607422,5120900,0.0,0.0
2024-11-27 00:00:00-05:00,82.0,82.66000366210938,81.79000091552734,82.5999984741211,80.79957580566406,3977400,0.0,0.0
2024-11-29 00:00:00-05:00,82.86000061035156,83.3499984741211,82.63999938964844,82.76000213623047,80.95610809326172,3201600,0.0,0.0
2024-12-02 00:00:00-05:00,82.75,83.05000305175781,81.33999633789062,81.38999938964844,79.61595916748047,5658500,0.0,0.0
2024-12-03 00:00:00-05:00,81.77999877929688,81.97000122070312,80.87999725341797,81.12000274658203,79.35185241699219,4840200,0.0,0.0
2024-12-04 00:00:00-05:00,80.68000030517578,81.69000244140625,80.19000244140625,81.51000213623047,79.73334503173828,6035200,0.0,0.0
2024-12-05 00:00:00-05:00,80.01000213623047,82.2300033569336,80.0,81.80999755859375,80.02679443359375,6796600,0.0,0.0
2024-12-06 00:00:00-05:00,81.69000244140625,82.16999816894531,81.41000366210938,81.47000122070312,79.69422149658203,5071300,0.0,0.0
2024-12-09 00:00:00-05:00,82.47000122070312,82.81999969482422,80.94999694824219,81.51000213623047,79.73334503173828,9564300,0.0,0.0
2024-12-10 00:00:00-05:00,81.5999984741211,83.12999725341797,81.2300033569336,82.31999969482422,80.52568817138672,5923400,0.0,0.0
2024-12-11 00:00:00-05:00,82.5,82.72000122070312,81.91999816894531,82.41000366210938,80.61373138427734,6323800,0.0,0.0
2024-12-12 00:00:00-05:00,82.76000213623047,83.30000305175781,82.4000015258789,82.8499984741211,81.04412841796875,7469400,0.0,0.0
2024-12-13 00:00:00-05:00,83.04000091552734,83.08000183105469,78.70999908447266,79.54000091552734,77.80628204345703,14089400,0.0,0.0
2024-12-16 00:00:00-05:00,79.98999786376953,79.98999786376953,77.66999816894531,77.94000244140625,76.24115753173828,12313800,0.0,0.0
2024-12-17 00:00:00-05:00,77.5,77.81999969482422,76.58000183105469,76.76000213623047,75.08686828613281,8409200,0.0,0.0
2024-12-18 00:00:00-05:00,76.76000213623047,77.16999816894531,73.51000213623047,73.97000122070312,72.35769653320312,14116700,0.0,0.0
2024-12-19 00:00:00-05:00,74.5199966430664,75.16000366210938,73.4000015258789,73.62000274658203,72.01531982421875,9749000,0.0,0.0
2024-12-20 00:00:00-05:00,73.5199966430664,75.0,73.31999969482422,74.30999755859375,72.69026184082031,12322400,0.0,0.0
2024-12-23 00:00:00-05:00,73.97000122070312,74.73999786376953,73.73999786376953,74.70999908447266,73.0815658569336,6863600,0.0,0.0
2024-12-24 00:00:00-05:00,74.73999786376953,74.86000061035156,74.12000274658203,74.83999633789062,73.20872497558594,2150300,0.0,0.0
2024-12-26 00:00:00-05:00,74.69999694824219,75.11000061035156,74.44000244140625,75.05000305175781,73.41415405273438,2926900,0.0,0.0
2024-12-27 00:00:00-05:00,74.83999633789062,75.1500015258789,74.16999816894531,74.73999786376953,73.11090850830078,3967500,0.0,0.0
2024-12-30 00:00:00-05:00,74.0999984741211,74.31999969482422,73.31999969482422,73.93000030517578,72.31856536865234,5321700,0.0,0.0
2024-12-31 00:00:00-05:00,74.19999694824219,74.3499984741211,73.68000030517578,74.01000213623047,72.3968276977539,4082400,0.0,0.0
2025-01-02 00:00:00-05:00,74.37999725341797,74.5999984741211,73.27999877929688,73.83999633789062,72.23052215576172,5870000,0.0,0.0
2025-01-03 00:00:00-05:00,74.2300033569336,74.51000213623047,73.31999969482422,74.44999694824219,72.82722473144531,4541400,0.0,0.0
2025-01-06 00:00:00-05:00,74.55999755859375,75.86000061035156,74.29000091552734,74.4800033569336,72.85657501220703,7435000,0.0,0.0
2025-01-07 00:00:00-05:00,74.9800033569336,75.02999877929688,71.44999694824219,72.26000213623047,70.68496704101562,12617600,0.0,0.0
2025-01-08 00:00:00-05:00,72.70999908447266,73.02999877929688,71.79000091552734,73.0,71.4088363647461,9576700,0.0,0.0
2025-01-10 00:00:00-05:00,71.91999816894531,73.45999908447266,71.4800033569336,72.7699966430664,71.183837890625,10866900,0.0,0.0
2025-01-13 00:00:00-05:00,72.19999694824219,72.75,71.8499984741211,72.66000366210938,71.07624053955078,6701500,0.0,0.0
2025-01-14 00:00:00-05:00,72.76000213623047,72.97000122070312,71.30999755859375,72.33999633789062,70.76322174072266,6609900,0.0,0.0
2025-01-15 00:00:00-05:00,73.94000244140625,74.0999984741211,72.58000183105469,73.66000366210938,72.054443359375,8474900,0.0,0.0
2025-01-16 00:00:00-05:00,73.61000061035156,75.5199966430664,73.51000213623047,75.51000213623047,73.8641357421875,8044900,0.0,0.0
2025-01-17 00:00:00-05:00,75.7699966430664,76.55999755859375,75.11000061035156,76.41000366210938,74.74449920654297,12288300,0.0,0.0
2025-01-21 00:00:00-05:00,78.83000183105469,82.5999984741211,78.18000030517578,80.93000030517578,79.16598510742188,22648600,0.0,0.0
2025-01-22 00:00:00-05:00,81.08000183105469,81.7300033569336,79.98999786376953,80.5999984741211,78.84317779541016,9767300,0.0,0.0
2025-01-23 00:00:00-05:00,80.47000122070312,82.12999725341797,79.8499984741211,82.08000183105469,80.29090881347656,8861400,0.0,0.0
2025-01-24 00:00:00-05:00,81.33000183105469,82.47000122070312,81.18000030517578,81.83000183105469,80.04637145996094,6665500,0.0,0.0
2025-01-27 00:00:00-05:00,81.38999938964844,82.55999755859375,80.7300033569336,82.52999877929688,80.73110961914062,6983900,0.0,0.0
2025-01-28 00:00:00-05:00,82.27999877929688,83.0,81.58999633789062,81.69999694824219,79.91919708251953,9057200,0.0,0.0
2025-01-29 00:00:00-05:00,82.30000305175781,82.6500015258789,81.4000015258789,82.05999755859375,80.2713623046875,8717900,0.0,0.0
2025-01-30 00:00:00-05:00,82.5,83.83999633789062,82.06999969482422,83.5999984741211,81.77778625488281,7192600,0.0,0.0
2025-01-31 00:00:00-05:00,83.2300033569336,83.7300033569336,82.27999877929688,82.72000122070312,80.9169692993164,7663700,0.0,0.0
2025-02-03 00:00:00-05:00,81.29000091552734,83.22000122070312,80.79000091552734,82.75,80.9463119506836,6524800,0.0,0.0
2025-02-04 00:00:00-05:00,82.5999984741211,82.75,81.75,81.80000305175781,80.01702117919922,5225900,0.0,0.0
2025-02-05 00:00:00-05:00,82.23999786376953,82.23999786376953,81.04000091552734,81.87000274658203,80.08549499511719,6475200,0.0,0.0
2025-02-06 00:00:00-05:00,82.52999877929688,83.94000244140625,82.33000183105469,83.63999938964844,81.8169174194336,5837400,0.0,0.0
2025-02-07 00:00:00-05:00,83.80000305175781,84.04000091552734,83.02999877929688,83.18000030517578,81.366943359375,4133700,0.0,0.0
2025-02-10 00:00:00-05:00,81.55000305175781,81.76000213623047,80.26000213623047,81.16999816894531,79.40074920654297,17849300,0.0,0.0
2025-02-11 00:00:00-05:00,82.05000305175781,84.5,81.69999694824219,83.19999694824219,81.38650512695312,59327300,0.0,0.0
2025-02-12 00:00:00-05:00,83.08999633789062,83.16000366210938,81.26000213623047,82.27999877929688,80.48656463623047,60765000,0.0,0.0
2025-02-13 00:00:00-05:00,82.26000213623047,82.47000122070312,79.94000244140625,81.56999969482422,79.79203796386719,27501400,0.0,0.0
2025-02-14 00:00:00-05:00,81.55000305175781,81.75,80.05000305175781,80.33999633789062,78.8498306274414,9583500,0.27,0.0
2025-02-18 00:00:00-05:00,81.0,81.76000213623047,80.88999938964844,81.4800033569336,79.96869659423828,9766000,0.0,0.0
2025-02-19 00:00:00-05:00,81.0999984741211,82.22000122070312,80.87000274658203,82.01000213623047,80.48887634277344,8908200,0.0,0.0
2025-02-20 00:00:00-05:00,82.0199966430664,82.16999816894531,80.76000213623047,81.83000183105469,80.31220245361328,9361800,0.0,0.0
2025-02-21 00:00:00-05:00,81.98999786376953,82.55999755859375,80.41999816894531,80.44000244140625,78.94798278808594,9856800,0.0,0.0
2025-02-24 00:00:00-05:00,80.9800033569336,81.0999984741211,79.38999938964844,80.12000274658203,78.63392639160156,7489400,0.0,0.0
2025-02-25 00:00:00-05:00,80.2300033569336,80.66000366210938,78.48999786376953,79.0,77.5346908569336,16317700,0.0,0.0
2025-02-26 00:00:00-05:00,79.38999938964844,80.12000274658203,78.37999725341797,78.69999694824219,77.24024963378906,7544800,0.0,0.0
2025-02-27 00:00:00-05:00,79.0,79.54000091552734,78.19000244140625,78.43000030517578,76.97526550292969,7218200,0.0,0.0
2025-02-28 00:00:00-05:00,78.80999755859375,80.12999725341797,77.95999908447266,79.52999877929688,78.05486297607422,12686600,0.0,0.0
2025-03-03 00:00:00-05:00,79.9000015258789,79.94999694824219,77.6500015258789,78.12000274658203,76.67102813720703,9984000,0.0,0.0
2025-03-04 00:00:00-05:00,77.63999938964844,77.66999816894531,73.97000122070312,75.1500015258789,73.75611114501953,15423600,0.0,0.0
2025-03-05 00:00:00-05:00,75.12000274658203,77.0999984741211,74.97000122070312,76.73999786376953,75.3166275024414,10896200,0.0,0.0
2025-03-06 00:00:00-05:00,75.69000244140625,76.9800033569336,74.73999786376953,75.55999755859375,74.15850067138672,10412200,0.0,0.0
2025-03-07 00:00:00-05:00,75.08999633789062,75.9000015258789,72.4800033569336,74.62999725341797,73.24574279785156,12013700,0.0,0.0
2025-03-10 00:00:00-04:00,72.88999938964844,73.0,69.45999908447266,71.23999786376953,69.91863250732422,19050000,0.0,0.0
2025-03-11 00:00:00-04:00,70.73999786376953,73.05999755859375,70.72000122070312,72.47000122070312,71.12581634521484,14302500,0.0,0.0
2025-03-12 00:00:00-04:00,73.91000366210938,74.95999908447266,72.93000030517578,74.22000122070312,72.8433609008789,11310500,0.0,0.0
2025-03-13 00:00:00-04:00,74.58999633789062,74.72000122070312,72.93000030517578,73.51000213623047,72.14652252197266,9664000,0.0,0.0
2025-03-14 00:00:00-04:00,76.1500015258789,78.22000122070312,75.5999984741211,77.11000061035156,75.67974853515625,14199000,0.0,0.0
2025-03-17 00:00:00-04:00,76.47000122070312,78.31999969482422,76.23999786376953,77.7699966430664,76.32750701904297,6550400,0.0,0.0
2025-03-18 00:00:00-04:00,77.9000015258789,77.98999786376953,77.05999755859375,77.55999755859375,76.12139892578125,6014000,0.0,0.0
2025-03-19 00:00:00-04:00,77.94000244140625,79.41000366210938,77.37000274658203,78.7300033569336,77.26970672607422,6530700,0.0,0.0
2025-03-20 00:00:00-04:00,78.11000061035156,79.55000305175781,78.05000305175781,78.56999969482422,77.11266326904297,8635100,0.0,0.0
2025-03-21 00:00:00-04:00,78.02999877929688,78.7699966430664,77.72000122070312,78.38999938964844,76.9360122680664,11842800,0.0,0.0
2025-03-24 00:00:00-04:00,79.22000122070312,80.41000366210938,79.05999755859375,79.95999908447266,78.47689056396484,7542400,0.0,0.0
2025-03-25 00:00:00-04:00,80.33000183105469,81.02999877929688,79.91999816894531,80.75,79.25223541259766,7661000,0.0,0.0
2025-03-26 00:00:00-04:00,80.97000122070312,81.23999786376953,79.68000030517578,80.13999938964844,78.6535415649414,9268000,0.0,0.0
2025-03-27 00:00:00-04:00,79.6500015258789,80.61000061035156,79.16000366210938,79.5999984741211,78.12356567382812,5811100,0.0,0.0
2025-03-28 00:00:00-04:00,79.2699966430664,79.69000244140625,77.41999816894531,77.80999755859375,76.36676025390625,6457300,0.0,0.0
2025-03-31 00:00:00-04:00,77.37000274658203,78.77999877929688,76.97000122070312,78.27999877929688,76.82805633544922,10906800,0.0,0.0
2025-04-01 00:00:00-04:00,77.70999908447266,78.02999877929688,76.06999969482422,77.66999816894531,76.22936248779297,11417900,0.0,0.0
2025-04-02 00:00:00-04:00,77.87999725341797,79.18000030517578,77.27999877929688,78.58999633789062,77.13229370117188,8873900,0.0,0.0
2025-04-03 00:00:00-04:00,74.70999908447266,76.73999786376953,74.05000305175781,74.87000274658203,73.48130798339844,13517900,0.0,0.0
2025-04-04 00:00:00-04:00,72.01000213623047,72.87999725341797,68.58999633789062,69.05999755859375,67.77906799316406,25465600,0.0,0.0
2025-04-07 00:00:00-04:00,67.04000091552734,71.36000061035156,65.87999725341797,70.04000091552734,68.74089050292969,24498000,0.0,0.0
2025-04-08 00:00:00-04:00,72.25,74.55000305175781,69.08000183105469,69.93000030517578,68.63292694091797,22473400,0.0,0.0
2025-04-09 00:00:00-04:00,67.9800033569336,76.5199966430664,67.5999984741211,75.25,73.854248046875,24973100,0.0,0.0
2025-04-10 00:00:00-04:00,74.19000244140625,74.41000366210938,71.2300033569336,73.8499984741211,72.480224609375,11599200,0.0,0.0
2025-04-11 00:00:00-04:00,73.20999908447266,77.33000183105469,72.80000305175781,76.95999908447266,75.53253173828125,14847900,0.0,0.0
2025-04-14 00:00:00-04:00,78.33999633789062,78.48999786376953,76.30000305175781,76.91999816894531,75.49327087402344,7967000,0.0,0.0
2025-04-15 00:00:00-04:00,77.55000305175781,78.12000274658203,77.02999877929688,77.19000244140625,75.75827026367188,6921500,0.0,0.0
2025-04-16 00:00:00-04:00,76.31999969482422,76.75,74.5999984741211,75.69999694824219,74.2958984375,12653000,0.0,0.0
2025-04-17 00:00:00-04:00,77.66999816894531,79.0999984741211,76.1500015258789,76.1500015258789,74.73756408691406,19271600,0.0,0.0
2025-04-21 00:00:00-04:00,75.63999938964844,75.97000122070312,73.76000213623047,74.94999694824219,73.55980682373047,12824100,0.0,0.0
2025-04-22 00:00:00-04:00,75.4800033569336,77.05999755859375,75.43000030517578,76.58000183105469,75.15959167480469,9741700,0.0,0.0
2025-04-23 00:00:00-04:00,78.27999877929688,80.0199966430664,77.66000366210938,77.8499984741211,76.4060287475586,9826600,0.0,0.0
2025-04-24 00:00:00-04:00,77.94000244140625,79.5,77.51000213623047,79.37999725341797,77.90763854980469,8423300,0.0,0.0
2025-04-25 00:00:00-04:00,80.2300033569336,81.13999938964844,79.30000305175781,79.94000244140625,78.45726013183594,7781000,0.0,0.0
2025-04-28 00:00:00-04:00,80.44999694824219,80.4800033569336,79.30000305175781,80.18000030517578,78.69281005859375,6576900,0.0,0.0
2025-04-29 00:00:00-04:00,80.20999908447266,81.47000122070312,79.61000061035156,81.26000213623047,79.75277709960938,7776500,0.0,0.0
2025-04-30 00:00:00-04:00,79.94999694824219,81.66000366210938,79.47000122070312,81.4000015258789,79.89017486572266,8236100,0.0,0.0
2025-05-01 00:00:00-04:00,81.12999725341797,82.06999969482422,80.9800033569336,81.51000213623047,79.99813079833984,7997800,0.0,0.0
2025-05-02 00:00:00-04:00,83.06999969482422,83.68000030517578,82.62999725341797,83.11000061035156,81.56846618652344,9348100,0.0,0.0
2025-05-05 00:00:00-04:00,82.66999816894531,83.8499984741211,82.04000091552734,83.37000274658203,81.82363891601562,5242600,0.0,0.0
2025-05-06 00:00:00-04:00,82.70999908447266,83.58000183105469,82.4000015258789,82.83000183105469,81.29365539550781,5724000,0.0,0.0
2025-05-07 00:00:00-04:00,83.20999908447266,84.26000213623047,83.19000244140625,84.01000213623047,82.45176696777344,9393700,0.0,0.0
2025-05-08 00:00:00-04:00,84.55999755859375,85.19000244140625,83.80000305175781,84.37000274658203,82.80508422851562,8554000,0.0,0.0
2025-05-09 00:00:00-04:00,84.58000183105469,84.73999786376953,83.62000274658203,84.47000122070312,83.16940307617188,5910000,0.27,0.0
2025-05-12 00:00:00-04:00,86.98999786376953,87.0,84.05999755859375,85.37000274658203,84.05554962158203,9421900,0.0,0.0
2025-05-13 00:00:00-04:00,85.51000213623047,86.87000274658203,85.11000061035156,86.22000122070312,84.89244842529297,9564900,0.0,0.0
2025-05-14 00:00:00-04:00,85.80999755859375,87.29000091552734,85.77999877929688,87.16000366210938,85.81797790527344,9279300,0.0,0.0
2025-05-15 00:00:00-04:00,87.20999908447266,88.37000274658203,86.94999694824219,88.11000061035156,86.75334930419922,8619400,0.0,0.0
2025-05-16 00:00:00-04:00,88.41999816894531,88.87000274658203,87.72000122070312,88.69000244140625,87.32441711425781,6566900,0.0,0.0
2025-05-19 00:00:00-04:00,88.55999755859375,89.38999938964844,88.25,89.2300033569336,87.85610961914062,6797200,0.0,0.0
2025-05-20 00:00:00-04:00,89.11000061035156,89.8499984741211,88.80000305175781,89.18000030517578,87.80687713623047,6533000,0.0,0.0
2025-05-21 00:00:00-04:00,88.91999816894531,88.91999816894531,87.31999969482422,87.58000183105469,86.23150634765625,8581400,0.0,0.0
2025-05-22 00:00:00-04:00,87.22000122070312,87.66999816894531,86.95999908447266,87.30999755859375,85.96566772460938,6596300,0.0,0.0
2025-05-23 00:00:00-04:00,86.19999694824219,87.76000213623047,86.02999877929688,87.4000015258789,86.05428314208984,5166700,0.0,0.0
2025-05-27 00:00:00-04:00,88.13999938964844,88.94999694824219,87.61000061035156,88.62999725341797,87.26533508300781,6808800,0.0,0.0
2025-05-28 00:00:00-04:00,88.44000244140625,88.5999984741211,87.98999786376953,88.05000305175781,86.69427490234375,5792300,0.0,0.0
2025-05-29 00:00:00-04:00,88.33999633789062,88.5,87.16000366210938,87.76000213623047,86.40873718261719,7800000,0.0,0.0
2025-05-30 00:00:00-04:00,87.56999969482422,88.5199966430664,86.94999694824219,88.33999633789062,86.97980499267578,11834400,0.0,0.0
2025-06-02 00:00:00-04:00,87.76000213623047,88.16999816894531,86.91000366210938,88.11000061035156,86.75334930419922,6012600,0.0,0.0
2025-06-03 00:00:00-04:00,87.97000122070312,88.5199966430664,87.44999694824219,88.0,86.6450424194336,6124000,0.0,0.0
2025-06-04 00:00:00-04:00,88.0199966430664,88.2300033569336,87.31999969482422,87.4800033569336,86.133056640625,5543700,0.0,0.0
2025-06-05 00:00:00-04:00,87.66000366210938,87.77999877929688,86.93000030517578,87.23999786376953,85.89673614501953,6172100,0.0,0.0
2025-06-06 00:00:00-04:00,88.1500015258789,88.5999984741211,87.75,88.25,86.89118957519531,4858800,0.0,0.0
2025-06-09 00:00:00-04:00,88.29000091552734,88.6500015258789,87.6500015258789,88.20999908447266,86.85181427001953,5117000,0.0,0.0
2025-06-10 00:00:00-04:00,88.01000213623047,88.44000244140625,87.56999969482422,88.2699966430664,86.910888671875,5438100,0.0,0.0
2025-06-11 00:00:00-04:00,88.20999908447266,89.3499984741211,87.88999938964844,88.4000015258789,87.03888702392578,6761300,0.0,0.0
2025-06-12 00:00:00-04:00,88.05000305175781,88.54000091552734,87.5999984741211,88.5,87.1373519897461,4380400,0.0,0.0
2025-06-13 00:00:00-04:00,87.91000366210938,88.0999984741211,85.76000213623047,87.36000061035156,86.014892578125,8938900,0.0,0.0
2025-06-16 00:00:00-04:00,87.81999969482422,89.68000030517578,87.7699966430664,88.97000122070312,87.6001205444336,7396200,0.0,0.0
2025-06-17 00:00:00-04:00,88.62000274658203,89.31999969482422,88.41999816894531,88.95999908447266,87.59025573730469,7077400,0.0,0.0
2025-06-18 00:00:00-04:00,88.95999908447266,90.19000244140625,88.73999786376953,89.91000366210938,88.525634765625,8081600,0.0,0.0
2025-06-20 00:00:00-04:00,90.05999755859375,90.5999984741211,89.1500015258789,89.20999908447266,87.8364028930664,12981000,0.0,0.0
2025-06-23 00:00:00-04:00,89.04000091552734,89.54000091552734,87.16999816894531,88.37999725341797,87.0191879272461,10245900,0.0,0.0
2025-06-24 00:00:00-04:00,89.19000244140625,90.4800033569336,88.91000366210938,89.31999969482422,87.94471740722656,9769100,0.0,0.0
2025-06-25 00:00:00-04:00,89.5,89.91999816894531,88.88999938964844,89.80000305175781,88.41732788085938,6585800,0.0,0.0
2025-06-26 00:00:00-04:00,89.87999725341797,90.86000061035156,89.02999877929688,89.44000244140625,88.0628662109375,11575300,0.0,0.0
2025-06-27 00:00:00-04:00,89.54000091552734,90.69000244140625,88.83000183105469,89.9800033569336,88.59456634521484,9335400,0.0,0.0
2025-06-30 00:00:00-04:00,90.25,91.36000061035156,90.12000274658203,91.23999786376953,89.83515930175781,9525100,0.0,0.0
2025-07-01 00:00:00-04:00,90.91999816894531,91.68000030517578,90.13999938964844,91.16999816894531,89.76622772216797,8199600,0.0,0.0
2025-07-02 00:00:00-04:00,91.37000274658203,91.81999969482422,90.87999725341797,91.33999633789062,89.9336166381836,6121700,0.0,0.0
2025-07-03 00:00:00-04:00,91.5,92.1500015258789,91.0999984741211,91.4800033569336,90.07146453857422,5765500,0.0,0.0
2025-07-07 00:00:00-04:00,91.5,92.6500015258789,91.31999969482422,92.5999984741211,91.17420959472656,7300400,0.0,0.0
2025-07-08 00:00:00-04:00,92.6500015258789,92.80000305175781,91.29000091552734,91.94999694824219,90.53421783447266,7089500,0.0,0.0
2025-07-09 00:00:00-04:00,92.30999755859375,92.66999816894531,91.95999908447266,92.31999969482422,90.89852142333984,6139700,0.0,0.0
2025-07-10 00:00:00-04:00,92.41000366210938,93.3499984741211,92.02999877929688,93.04000091552734,91.60742950439453,6740700,0.0,0.0
2025-07-11 00:00:00-04:00,92.52999877929688,92.98999786376953,91.83000183105469,91.97000122070312,90.55391693115234,6815800,0.0,0.0
2025-07-14 00:00:00-04:00,92.08000183105469,93.0,91.33999633789062,92.69999694824219,91.27265930175781,6116100,0.0,0.0
2025-07-15 00:00:00-04:00,92.7300033569336,92.9000015258789,91.58000183105469,91.61000061035156,90.19945526123047,7259200,0.0,0.0
2025-07-16 00:00:00-04:00,91.77999877929688,91.98999786376953,89.94999694824219,91.26000213623047,89.85484313964844,10825600,0.0,0.0
2025-07-17 00:00:00-04:00,91.26000213623047,93.43000030517578,91.11000061035156,93.0999984741211,91.66651153564453,12584800,0.0,0.0
2025-07-18 00:00:00-04:00,95.69999694824219,97.5,94.66999816894531,95.80000305175781,94.324951171875,23554000,0.0,0.0
2025-07-21 00:00:00-04:00,96.0199966430664,97.08000183105469,95.1500015258789,96.25,94.76801300048828,11871300,0.0,0.0
2025-07-22 00:00:00-04:00,96.33999633789062,96.62000274658203,94.9800033569336,95.38999938964844,93.9212646484375,8865300,0.0,0.0
2025-07-23 00:00:00-04:00,95.61000061035156,95.87000274658203,94.8499984741211,95.1500015258789,93.68495178222656,8802000,0.0,0.0
2025-07-24 00:00:00-04:00,95.19999694824219,96.75,94.72000122070312,96.5,95.01416015625,9052400,0.0,0.0
2025-07-25 00:00:00-04:00,97.4800033569336,98.27999877929688,96.6500015258789,97.05999755859375,95.56553649902344,9105900,0.0,0.0
2025-07-28 00:00:00-04:00,97.08999633789062,98.08000183105469,96.9000015258789,97.91000366210938,96.40245819091797,7197600,0.0,0.0
2025-07-29 00:00:00-04:00,99.0,99.58999633789062,97.72000122070312,97.91000366210938,96.40245819091797,9532000,0.0,0.0
2025-07-30 00:00:00-04:00,98.0,98.87999725341797,97.5999984741211,98.56999969482422,97.05229187011719,5962800,0.0,0.0
2025-07-31 00:00:00-04:00,98.0,98.75,97.55000305175781,97.7300033569336,96.22522735595703,8164900,0.0,0.0
2025-08-01 00:00:00-04:00,96.2300033569336,96.5,94.41000366210938,95.52999877929688,94.05909729003906,9792500,0.0,0.0
2025-08-04 00:00:00-04:00,96.0999984741211,97.26000213623047,95.83999633789062,97.0999984741211,95.60491943359375,9032100,0.0,0.0
2025-08-05 00:00:00-04:00,97.3499984741211,97.81999969482422,95.83000183105469,96.44000244140625,94.95509338378906,6236400,0.0,0.0
2025-08-06 00:00:00-04:00,96.79000091552734,97.22000122070312,96.19999694824219,96.70999908447266,95.2209243774414,5712200,0.0,0.0
2025-08-07 00:00:00-04:00,97.12999725341797,97.30000305175781,94.69000244140625,95.98999786376953,94.51200866699219,7313000,0.0,0.0
2025-08-08 00:00:00-04:00,96.26000213623047,97.2300033569336,95.94999694824219,97.08000183105469,95.8548583984375,5032100,0.27,0.0
2025-08-11 00:00:00-04:00,97.16000366210938,97.91000366210938,96.91000366210938,97.62999725341797,96.39791107177734,7337600,0.0,0.0
2025-08-12 00:00:00-04:00,98.16000366210938,99.23999786376953,97.94000244140625,98.69000244140625,97.44453430175781,7549400,0.0,0.0
2025-08-13 00:00:00-04:00,98.97000122070312,99.41999816894531,95.27999877929688,95.58999633789062,94.38365936279297,12456300,0.0,0.0
2025-08-14 00:00:00-04:00,97.36000061035156,98.20999908447266,95.5999984741211,97.77999877929688,96.5460205078125,11310500,0.0,0.0
2025-08-15 00:00:00-04:00,97.1500015258789,97.16999816894531,95.88999938964844,96.11000061035156,94.89710235595703,9538100,0.0,0.0
2025-08-18 00:00:00-04:00,96.08999633789062,96.69999694824219,95.70999908447266,96.16999816894531,94.95633697509766,6803200,0.0,0.0
2025-08-19 00:00:00-04:00,96.0,96.7300033569336,95.54000091552734,95.76000213623047,94.55152130126953,6778400,0.0,0.0
2025-08-20 00:00:00-04:00,95.91000366210938,96.1500015258789,94.37999725341797,95.51000213623047,94.30467224121094,9435500,0.0,0.0
2025-08-21 00:00:00-04:00,95.37999725341797,96.08000183105469,95.18000030517578,95.81999969482422,94.61075592041016,5162700,0.0,0.0
2025-08-22 00:00:00-04:00,96.16999816894531,97.04000091552734,94.3499984741211,95.83000183105469,94.62063598632812,12859500,0.0,0.0
2025-08-25 00:00:00-04:00,95.88999938964844,96.52999877929688,95.33999633789062,96.19000244140625,94.97608947753906,5962000,0.0,0.0
2025-08-26 00:00:00-04:00,96.0999984741211,97.4800033569336,95.93000030517578,97.23999786376953,96.01283264160156,7721700,0.0,0.0
2025-08-27 00:00:00-04:00,97.29000091552734,97.52999877929688,96.83000183105469,96.87000274658203,95.64750671386719,5072900,0.0,0.0
2025-08-28 00:00:00-04:00,96.94999694824219,97.37999725341797,96.5199966430664,97.08999633789062,95.8647232055664,6611900,0.0,0.0
2025-08-29 00:00:00-04:00,97.08000183105469,97.4000015258789,94.98999786376953,95.83999633789062,94.63050079345703,8829400,0.0,0.0
2025-09-02 00:00:00-04:00,95.3499984741211,96.12000274658203,94.04000091552734,96.12000274658203,94.90696716308594,7741300,0.0,0.0
2025-09-03 00:00:00-04:00,96.20999908447266,96.62000274658203,95.26000213623047,96.22000122070312,95.00569915771484,7261500,0.0,0.0
2025-09-04 00:00:00-04:00,96.87000274658203,97.73999786376953,96.20999908447266,97.62999725341797,96.39791107177734,7504600,0.0,0.0
2025-09-05 00:00:00-04:00,97.2300033569336,97.5999984741211,91.5199966430664,92.05000305175781,90.88834381103516,18240700,0.0,0.0
2025-09-08 00:00:00-04:00,92.18000030517578,93.6500015258789,91.8499984741211,93.44999694824219,92.27066802978516,12681500,0.0,0.0
2025-09-09 00:00:00-04:00,93.56999969482422,94.05000305175781,91.43000030517578,93.66999816894531,92.48788452148438,10773600,0.0,0.0
2025-09-10 00:00:00-04:00,93.1500015258789,93.36000061035156,91.86000061035156,92.23999786376953,91.075927734375,12543900,0.0,0.0
2025-09-11 00:00:00-04:00,92.27999877929688,94.08000183105469,91.83000183105469,93.94000244140625,92.75447845458984,8724400,0.0,0.0
2025-09-12 00:00:00-04:00,93.93000030517578,94.5,93.36000061035156,93.54000091552734,92.35953521728516,7701800,0.0,0.0
2025-09-15 00:00:00-04:00,93.76000213623047,94.0999984741211,91.68000030517578,92.0999984741211,90.93769836425781,9645700,0.0,0.0
2025-09-16 00:00:00-04:00,92.33000183105469,92.4000015258789,90.5,91.02999877929688,89.8812026977539,13613800,0.0,0.0
2025-09-17 00:00:00-04:00,91.06999969482422,92.19000244140625,90.55000305175781,92.08999633789062,90.92782592773438,14497000,0.0,0.0
2025-09-18 00:00:00-04:00,91.91999816894531,93.73999786376953,91.9000015258789,93.27999877929688,92.10281372070312,10439800,0.0,0.0
2025-09-19 00:00:00-04:00,93.36000061035156,94.55999755859375,92.80000305175781,94.33000183105469,93.13957214355469,15163100,0.0,0.0
2025-09-22 00:00:00-04:00,93.66999816894531,94.4800033569336,93.33999633789062,94.43000030517578,93.23829650878906,11076300,0.0,0.0
2025-09-23 00:00:00-04:00,94.01000213623047,94.93000030517578,93.36000061035156,93.91000366210938,92.72486114501953,6914800,0.0,0.0
2025-09-24 00:00:00-04:00,94.05999755859375,94.12999725341797,91.69999694824219,92.37000274658203,91.20429992675781,10336200,0.0,0.0
2025-09-25 00:00:00-04:00,92.38999938964844,94.80000305175781,92.0,94.77999877929688,93.5838851928711,9203700,0.0,0.0
2025-09-26 00:00:00-04:00,95.12999725341797,95.9800033569336,94.73999786376953,95.45999908447266,94.25529479980469,5288300,0.0,0.0
2025-09-29 00:00:00-04:00,95.76000213623047,96.9800033569336,95.44999694824219,96.88999938964844,95.66724395751953,8356100,0.0,0.0
2025-09-30 00:00:00-04:00,96.8499984741211,97.30000305175781,94.45999908447266,95.47000122070312,94.26516723632812,8609100,0.0,0.0
2025-10-01 00:00:00-04:00,94.5999984741211,94.72000122070312,92.16999816894531,92.25,91.08580780029297,11649200,0.0,0.0
2025-10-02 00:00:00-04:00,92.48999786376953,93.06999969482422,92.12999725341797,92.69999694824219,91.5301284790039,6881600,0.0,0.0
2025-10-03 00:00:00-04:00,92.69999694824219,94.36000061035156,92.5999984741211,94.08000183105469,92.89271545410156,6762200,0.0,0.0
2025-10-06 00:00:00-04:00,94.43000030517578,95.08999633789062,93.41999816894531,94.0,92.813720703125,6284000,0.0,0.0
2025-10-07 00:00:00-04:00,94.6500015258789,94.7300033569336,93.37000274658203,94.01000213623047,92.82360076904297,7582100,0.0,0.0
2025-10-08 00:00:00-04:00,94.12999725341797,94.41999816894531,92.66999816894531,93.79000091552734,92.60636901855469,6115700,0.0,0.0
2025-10-09 00:00:00-04:00,94.0999984741211,94.36000061035156,92.77999877929688,94.0199966430664,92.8334732055664,8584300,0.0,0.0
2025-10-10 00:00:00-04:00,94.30000305175781,94.86000061035156,91.95999908447266,91.95999908447266,90.7994613647461,8023600,0.0,0.0
2025-10-13 00:00:00-04:00,92.37999725341797,93.77999877929688,91.9800033569336,93.48999786376953,92.3101577758789,8773400,0.0,0.0
2025-10-14 00:00:00-04:00,93.12999725341797,94.9800033569336,93.02999877929688,93.38999938964844,92.21141052246094,8934100,0.0,0.0
2025-10-15 00:00:00-04:00,94.30999755859375,94.94999694824219,93.18000030517578,94.33000183105469,93.13957214355469,15688800,0.0,0.0
2025-10-16 00:00:00-04:00,94.7699966430664,97.16000366210938,93.20999908447266,93.41000366210938,92.23117065429688,17319200,0.0,0.0
2025-10-17 00:00:00-04:00,94.72000122070312,94.86000061035156,92.83000183105469,94.13999938964844,92.95195007324219,9199700,0.0,0.0
2025-10-20 00:00:00-04:00,94.19999694824219,95.68000030517578,94.19999694824219,94.94999694824219,93.7517318725586,7380900,0.0,0.0
2025-10-21 00:00:00-04:00,94.56999969482422,95.41000366210938,93.80000305175781,95.08999633789062,93.88996124267578,7450900,0.0,0.0
2025-10-22 00:00:00-04:00,95.30000305175781,95.76000213623047,93.62999725341797,94.30999755859375,93.11981201171875,10388200,0.0,0.0
2025-10-23 00:00:00-04:00,94.80999755859375,95.1500015258789,93.94000244140625,94.5999984741211,93.4061508178711,7708000,0.0,0.0
2025-10-24 00:00:00-04:00,95.0,95.41999816894531,94.30999755859375,94.41999816894531,93.22842407226562,7124300,0.0,0.0
2025-10-27 00:00:00-04:00,95.0,95.27999877929688,94.54000091552734,94.83999633789062,93.64311218261719,7577900,0.0,0.0
2025-10-28 00:00:00-04:00,94.97000122070312,95.0,93.51000213623047,93.8499984741211,92.66561889648438,7090300,0.0,0.0
2025-10-29 00:00:00-04:00,93.48999786376953,95.11000061035156,93.25,94.61000061035156,93.41603088378906,11773900,0.0,0.0
2025-10-30 00:00:00-04:00,94.69000244140625,95.52999877929688,93.54000091552734,94.41000366210938,93.21855163574219,5753500,0.0,0.0
2025-10-31 00:00:00-04:00,94.0199966430664,94.83000183105469,93.11000061035156,94.5199966430664,93.32715606689453,6275200,0.0,0.0
2025-11-03 00:00:00-05:00,94.88999938964844,95.04000091552734,92.61000061035156,93.1500015258789,91.97444915771484,6980300,0.0,0.0
2025-11-04 00:00:00-05:00,92.80000305175781,94.12000274658203,92.12999725341797,93.83999633789062,92.6557388305664,7719800,0.0,0.0
2025-11-05 00:00:00-05:00,93.54000091552734,94.06999969482422,92.77999877929688,93.68000030517578,92.49776458740234,8338800,0.0,0.0
2025-11-06 00:00:00-05:00,94.0,94.75,93.52999877929688,94.19999694824219,93.01119995117188,6350300,0.0,0.0
2025-11-07 00:00:00-05:00,94.51000213623047,95.48999786376953,93.31999969482422,95.23999786376953,94.03807067871094,6743700,0.0,0.0
2025-11-10 00:00:00-05:00,94.9000015258789,96.0199966430664,94.72000122070312,95.58000183105469,94.37378692626953,8498900,0.0,0.0
2025-11-11 00:00:00-05:00,95.0,97.12999725341797,94.91999816894531,96.12000274658203,94.90696716308594,5641900,0.0,0.0
2025-11-12 00:00:00-05:00,96.27999877929688,98.5,96.12999725341797,97.70999908447266,96.47689819335938,10610500,0.0,0.0
2025-11-13 00:00:00-05:00,97.87000274658203,98.26000213623047,94.91999816894531,95.36000061035156,94.15656280517578,8347600,0.0,0.0
2025-11-14 00:00:00-05:00,94.93000030517578,95.62999725341797,93.33999633789062,94.38999938964844,93.46343231201172,9356800,0.27,0.0
2025-11-17 00:00:00-05:00,94.55999755859375,94.58000183105469,91.58999633789062,91.91000366210938,91.00777435302734,9141200,0.0,0.0
2025-11-18 00:00:00-05:00,91.5999984741211,93.3499984741211,91.26000213623047,92.27999877929688,91.37413787841797,8505800,0.0,0.0
2025-11-19 00:00:00-05:00,92.0199966430664,93.38999938964844,91.5999984741211,92.63999938964844,91.73060607910156,6193800,0.0,0.0
2025-11-20 00:00:00-05:00,93.58999633789062,94.38999938964844,90.45999908447266,90.48999786376953,89.60171508789062,14227600,0.0,0.0
2025-11-21 00:00:00-05:00,90.98999786376953,91.19999694824219,89.3499984741211,90.51000213623047,89.62152099609375,8270200,0.0,0.0
2025-11-24 00:00:00-05:00,90.6500015258789,90.9000015258789,89.63999938964844,90.5199966430664,89.63141632080078,9966500,0.0,0.0
2025-11-25 00:00:00-05:00,90.29000091552734,91.13999938964844,89.5,90.73999786376953,89.8492660522461,8979600,0.0,0.0
2025-11-26 00:00:00-05:00,91.0,92.37000274658203,90.94999694824219,91.80000305175781,90.89886474609375,6697200,0.0,0.0
2025-11-28 00:00:00-05:00,91.8499984741211,93.23999786376953,91.58000183105469,92.7300033569336,91.81973266601562,6707800,0.0,0.0
2025-12-01 00:00:00-05:00,92.02999877929688,93.20999908447266,91.81999969482422,92.69000244140625,91.78012084960938,7974500,0.0,0.0
2025-12-02 00:00:00-05:00,92.80000305175781,93.12000274658203,92.02999877929688,92.06999969482422,91.16620635986328,10610500,0.0,0.0
2025-12-03 00:00:00-05:00,92.0199966430664,94.0199966430664,91.5999984741211,93.98999786376953,93.0673599243164,9688300,0.0,0.0
2025-12-04 00:00:00-05:00,94.12000274658203,95.41000366210938,93.95999908447266,95.02999877929688,94.09715270996094,8367600,0.0,0.0
2025-12-05 00:00:00-05:00,94.69999694824219,95.62000274658203,93.79000091552734,93.81999969482422,92.89903259277344,9043200,0.0,0.0
2025-12-08 00:00:00-05:00,93.63999938964844,94.41999816894531,92.75,94.27999877929688,93.35450744628906,8371100,0.0,0.0
2025-12-09 00:00:00-05:00,94.08000183105469,95.7699966430664,94.01000213623047,94.16000366210938,93.2356948852539,6479300,0.0,0.0
2025-12-10 00:00:00-05:00,94.36000061035156,96.37999725341797,94.06999969482422,95.80999755859375,94.86949157714844,8521900,0.0,0.0
2025-12-11 00:00:00-05:00,95.55999755859375,97.08999633789062,94.86000061035156,97.05000305175781,96.09732055664062,10564900,0.0,0.0
2025-12-12 00:00:00-05:00,96.98999786376953,97.4000015258789,94.37999725341797,96.6500015258789,95.70125579833984,13406700,0.0,0.0
2025-12-15 00:00:00-05:00,96.7300033569336,97.16000366210938,94.51000213623047,95.27999877929688,94.34469604492188,9842800,0.0,0.0
2025-12-16 00:00:00-05:00,95.30000305175781,96.44000244140625,95.02999877929688,96.0,95.05762481689453,9624500,0.0,0.0
2025-12-17 00:00:00-05:00,96.56999969482422,97.19999694824219,95.81999969482422,96.61000061035156,95.6616439819336,10929800,0.0,0.0
2025-12-18 00:00:00-05:00,96.9000015258789,97.37999725341797,95.91999816894531,97.2300033569336,96.27555847167969,9627500,0.0,0.0
2025-12-19 00:00:00-05:00,97.4000015258789,99.52999877929688,97.22000122070312,98.81999969482422,97.84994506835938,23213100,0.0,0.0
2025-12-22 00:00:00-05:00,99.55999755859375,101.73999786376953,99.05000305175781,101.41000366210938,100.4145278930664,9307900,0.0,0.0
2025-12-23 00:00:00-05:00,101.5199966430664,102.05000305175781,100.9000015258789,101.18000030517578,100.18678283691406,5727400,0.0,0.0
2025-12-24 00:00:00-05:00,101.3499984741211,102.11000061035156,100.88999938964844,101.8499984741211,100.85021209716797,2859500,0.0,0.0
2025-12-26 00:00:00-05:00,101.87000274658203,102.27999877929688,101.54000091552734,101.88999938964844,100.88980865478516,2778100,0.0,0.0
2025-12-29 00:00:00-05:00,101.70999908447266,101.80000305175781,101.22000122070312,101.30999755859375,100.31550598144531,7958200,0.0,0.0
2025-12-30 00:00:00-05:00,101.58000183105469,101.6500015258789,100.31999969482422,100.55000305175781,99.56297302246094,3943400,0.0,0.0
2025-12-31 00:00:00-05:00,100.80000305175781,100.91000366210938,99.88999938964844,99.91000366210938,98.92925262451172,4380500,0.0,0.0
2026-01-02 00:00:00-05:00,99.7699966430664,101.83000183105469,99.41000366210938,101.56999969482422,100.57295227050781,8409300,0.0,0.0
2026-01-05 00:00:00-05:00,101.73999786376953,104.44000244140625,101.73999786376953,103.73999786376953,102.72164916992188,9206500,0.0,0.0
2026-01-06 00:00:00-05:00,104.33999633789062,104.76000213623047,103.5199966430664,103.56999969482422,102.5533218383789,7285600,0.0,0.0
2026-01-07 00:00:00-05:00,103.87000274658203,103.94999694824219,101.83999633789062,101.93000030517578,100.92941284179688,7352000,0.0,0.0
2026-01-08 00:00:00-05:00,102.27999877929688,102.48999786376953,101.13999938964844,101.33999633789062,100.34521484375,6500700,0.0,0.0
2026-01-09 00:00:00-05:00,101.33999633789062,101.62000274658203,100.13999938964844,100.16999816894531,99.18669128417969,6839500,0.0,0.0
2026-01-12 00:00:00-05:00,100.23999786376953,102.27999877929688,100.05000305175781,101.9000015258789,100.89971923828125,8849800,0.0,0.0
2026-01-13 00:00:00-05:00,101.98999786376953,102.26000213623047,100.38999938964844,101.18000030517578,100.18678283691406,7029000,0.0,0.0
2026-01-14 00:00:00-05:00,100.86000061035156,101.94000244140625,99.5999984741211,101.91999816894531,100.91951751708984,6643000,0.0,0.0
2026-01-15 00:00:00-05:00,102.19999694824219,103.5999984741211,102.01000213623047,102.76000213623047,101.75127410888672,8317700,0.0,0.0
2026-01-16 00:00:00-05:00,102.63999938964844,104.9800033569336,102.63999938964844,103.81999969482422,102.80086517333984,10868200,0.0,0.0
2026-01-20 00:00:00-05:00,102.30999755859375,103.44999694824219,100.9000015258789,100.98999786376953,99.99864196777344,12978300,0.0,0.0
2026-01-21 00:00:00-05:00,101.33000183105469,104.83000183105469,99.69000244140625,101.79000091552734,100.7907943725586,17879500,0.0,0.0
2026-01-22 00:00:00-05:00,103.06999969482422,105.80999755859375,103.01000213623047,104.05000305175781,103.02861022949219,13539500,0.0,0.0
2026-01-23 00:00:00-05:00,103.66999816894531,104.08000183105469,101.23999786376953,102.18000030517578,101.17696380615234,8712700,0.0,0.0
2026-01-26 00:00:00-05:00,102.5199966430664,103.69000244140625,102.47000122070312,102.94000244140625,101.92950439453125,7357400,0.0,0.0
2026-01-27 00:00:00-05:00,102.56999969482422,104.0999984741211,102.25,103.72000122070312,102.70185089111328,8837500,0.0,0.0
2026-01-28 00:00:00-05:00,103.56999969482422,103.79000091552734,102.75,103.47000122070312,102.45429992675781,7531000,0.0,0.0
2026-01-29 00:00:00-05:00,104.18000030517578,104.9800033569336,102.69000244140625,103.47000122070312,102.45429992675781,10033900,0.0,0.0
2026-01-30 00:00:00-05:00,103.3499984741211,104.86000061035156,102.87999725341797,103.91999816894531,102.8998794555664,11335300,0.0,0.0
2026-02-02 00:00:00-05:00,103.7300033569336,105.19000244140625,103.08999633789062,105.16999816894531,104.13761138916016,9897200,0.0,0.0
2026-02-03 00:00:00-05:00,105.22000122070312,105.72000122070312,102.44000244140625,103.7300033569336,102.71175384521484,13372700,0.0,0.0
2026-02-04 00:00:00-05:00,103.76000213623047,105.04000091552734,102.95999908447266,103.87999725341797,102.86026763916016,10779700,0.0,0.0
2026-02-05 00:00:00-05:00,103.93000030517578,103.93000030517578,101.56999969482422,102.0,100.99873352050781,9683400,0.0,0.0
2026-02-06 00:00:00-05:00,103.25,105.27999877929688,103.0,105.08000183105469,104.04850006103516,7527600,0.0,0.0
2026-02-09 00:00:00-05:00,104.83999633789062,107.2699966430664,104.77999877929688,107.20999908447266,106.15758514404297,10177800,0.0,0.0
2026-02-10 00:00:00-05:00,107.0,107.5,97.01000213623047,99.25,98.2757339477539,40420200,0.0,0.0
2026-02-11 00:00:00-05:00,100.91000366210938,101.1500015258789,95.08999633789062,95.44999694824219,94.51303100585938,25148900,0.0,0.0
2026-02-12 00:00:00-05:00,96.0,96.47000122070312,92.80000305175781,95.08000183105469,94.14666748046875,24881800,0.0,0.0
2026-02-13 00:00:00-05:00,94.05999755859375,94.5199966430664,93.01000213623047,93.72000122070312,93.11339569091797,12653700,0.32,0.0
2026-02-17 00:00:00-05:00,94.2300033569336,94.47000122070312,92.30000305175781,93.08000183105469,92.4775390625,11250900,0.0,0.0
2026-02-18 00:00:00-05:00,93.91000366210938,95.86000061035156,93.5,95.37999725341797,94.76264190673828,16284800,0.0,0.0
2026-02-19 00:00:00-05:00,94.86000061035156,94.88999938964844,93.05999755859375,93.87000274658203,93.2624282836914,13403200,0.0,0.0
2026-02-20 00:00:00-05:00,93.37000274658203,94.2300033569336,92.7300033569336,94.02999877929688,93.42138671875,8491800,0.0,0.0
2026-02-23 00:00:00-05:00,93.51000213623047,93.91999816894531,91.27999877929688,92.75,92.14967346191406,11226900,0.0,0.0
2026-02-24 00:00:00-05:00,92.19000244140625,94.55000305175781,91.86000061035156,93.12000274658203,92.51727294921875,13635200,0.0,0.0
2026-02-25 00:00:00-05:00,93.87000274658203,95.80000305175781,93.5199966430664,95.3499984741211,94.73284149169922,8788600,0.0,0.0
2026-02-26 00:00:00-05:00,95.4800033569336,97.61000061035156,95.4800033569336,97.5199966430664,96.8887939453125,9895700,0.0,0.0
2026-02-27 00:00:00-05:00,96.48999786376953,96.98999786376953,93.62000274658203,95.19999694824219,94.58380889892578,13146100,0.0,0.0
2026-03-02 00:00:00-05:00,94.2300033569336,96.5999984741211,93.93000030517578,95.48999786376953,94.87193298339844,11412300,0.0,0.0
2026-03-03 00:00:00-05:00,94.0,95.98999786376953,93.5,95.23999786376953,94.62355041503906,8257400,0.0,0.0
2026-03-04 00:00:00-05:00,96.22000122070312,96.80000305175781,95.37999725341797,96.04000091552734,95.41838073730469,8268100,0.0,0.0
2026-03-05 00:00:00-05:00,95.47000122070312,96.83999633789062,94.16000366210938,95.41000366210938,94.7924575805664,12027400,0.0,0.0
2026-03-06 00:00:00-05:00,93.87999725341797,95.2699966430664,92.55000305175781,95.2300033569336,94.61361694335938,9745100,0.0,0.0
2026-03-09 00:00:00-04:00,94.0999984741211,94.86000061035156,92.2699966430664,94.37999725341797,93.76911926269531,8517400,0.0,0.0
2026-03-10 00:00:00-04:00,94.4000015258789,94.62000274658203,92.58999633789062,93.16999816894531,92.56694793701172,7017500,0.0,0.0
2026-03-11 00:00:00-04:00,92.94999694824219,93.48999786376953,91.20999908447266,92.66999816894531,92.07018280029297,6460400,0.0,0.0
2026-03-12 00:00:00-04:00,91.81999969482422,92.04000091552734,90.51000213623047,91.23999786376953,90.6494369506836,9215100,0.0,0.0
2026-03-13 00:00:00-04:00,92.0,93.80000305175781,91.93000030517578,93.05999755859375,92.45765686035156,11043500,0.0,0.0
2026-03-16 00:00:00-04:00,94.12999725341797,95.23999786376953,93.26000213623047,93.62999725341797,93.02397155761719,8835600,0.0,0.0
2026-03-17 00:00:00-04:00,94.2699966430664,95.38999938964844,93.7699966430664,93.93000030517578,93.32203674316406,5972100,0.0,0.0
2026-03-18 00:00:00-04:00,93.80000305175781,94.22000122070312,92.87000274658203,93.27999877929688,92.67623901367188,8175300,0.0,0.0
2026-03-19 00:00:00-04:00,93.37000274658203,94.1500015258789,92.79000091552734,93.98999786376953,93.38163757324219,8001300,0.0,0.0
2026-03-20 00:00:00-04:00,94.11000061035156,94.87000274658203,93.5,94.66000366210938,94.04730987548828,13145400,0.0,0.0
2026-03-23 00:00:00-04:00,95.58999633789062,96.44999694824219,93.98999786376953,95.30000305175781,94.68317413330078,8933300,0.0,0.0
2026-03-24 00:00:00-04:00,95.58000183105469,96.73999786376953,95.19999694824219,95.68000030517578,95.06069946289062,6456200,0.0,0.0
2026-03-25 00:00:00-04:00,95.94999694824219,96.6500015258789,94.38999938964844,94.98999786376953,94.37516784667969,6454300,0.0,0.0
2026-03-26 00:00:00-04:00,94.68000030517578,95.16000366210938,93.83999633789062,94.47000122070312,93.8585433959961,6984000,0.0,0.0
2026-03-27 00:00:00-04:00,93.87000274658203,93.95999908447266,91.97000122070312,92.36000061035156,91.76219177246094,7252400,0.0,0.0
2026-03-30 00:00:00-04:00,92.98999786376953,93.7300033569336,92.37000274658203,93.05999755859375,92.45765686035156,6406400,0.0,0.0
2026-03-31 00:00:00-04:00,94.0,94.12999725341797,92.16999816894531,93.9800033569336,93.37171173095703,9731000,0.0,0.0
2026-04-01 00:00:00-04:00,95.01000213623047,95.44000244140625,90.0,92.36000061035156,91.76219177246094,15988700,0.0,0.0
2026-04-02 00:00:00-04:00,91.0999984741211,94.0199966430664,90.88999938964844,93.7699966430664,93.16307067871094,7970400,0.0,0.0
2026-04-06 00:00:00-04:00,93.9000015258789,94.75,92.04000091552734,92.98999786376953,92.38811492919922,10968100,0.0,0.0
2026-04-07 00:00:00-04:00,92.20999908447266,93.7300033569336,91.30000305175781,93.33999633789062,92.73584747314453,11971800,0.0,0.0
2026-04-08 00:00:00-04:00,94.88999938964844,96.77999877929688,94.5,96.69999694824219,96.0740966796875,10783100,0.0,0.0
2026-04-09 00:00:00-04:00,96.27999877929688,97.9800033569336,95.83000183105469,97.2699966430664,96.64041137695312,5794500,0.0,0.0
2026-04-10 00:00:00-04:00,97.19000244140625,97.25,94.1500015258789,94.80000305175781,94.1864013671875,9346800,0.0,0.0
2026-04-13 00:00:00-04:00,94.72000122070312,96.8499984741211,94.19999694824219,96.79000091552734,96.16352081298828,7449700,0.0,0.0
2026-04-14 00:00:00-04:00,97.27999877929688,99.05999755859375,96.88999938964844,98.37999725341797,97.74322509765625,12167600,0.0,0.0
2026-04-15 00:00:00-04:00,99.4000015258789,100.76000213623047,99.08999633789062,100.2699966430664,99.62098693847656,10983400,0.0,0.0
2026-04-16 00:00:00-04:00,95.76000213623047,98.75,91.91999816894531,92.62000274658203,92.02051544189453,27859500,0.0,0.0
2026-04-17 00:00:00-04:00,93.3499984741211,93.93000030517578,90.56999969482422,92.27999877929688,91.68270874023438,20191300,0.0,0.0
2026-04-20 00:00:00-04:00,91.9800033569336,93.58999633789062,91.6500015258789,93.1500015258789,92.54708099365234,11271600,0.0,0.0
2026-04-21 00:00:00-04:00,93.26000213623047,94.16000366210938,91.83000183105469,91.97000122070312,91.37471771240234,12842800,0.0,0.0
2026-04-22 00:00:00-04:00,92.19000244140625,93.0,91.1500015258789,91.70999908447266,91.11640167236328,10798300,0.0,0.0
2026-04-23 00:00:00-04:00,91.13999938964844,91.5999984741211,87.83999633789062,88.91999816894531,88.34445190429688,17899600,0.0,0.0
2026-04-24 00:00:00-04:00,88.91999816894531,89.86000061035156,88.29000091552734,88.5,87.92717742919922,11670500,0.0,0.0
2026-04-27 00:00:00-04:00,88.26000213623047,91.12000274658203,88.1500015258789,90.76000213623047,90.17255401611328,8399200,0.0,0.0
2026-04-28 00:00:00-04:00,91.30000305175781,91.9000015258789,90.18000030517578,90.83000183105469,90.24209594726562,9259100,0.0,0.0
2026-04-29 00:00:00-04:00,90.33000183105469,91.48999786376953,89.44000244140625,91.16000366210938,90.5699691772461,8328300,0.0,0.0
2026-04-30 00:00:00-04:00,90.3499984741211,92.52999877929688,89.87999725341797,91.63999938964844,91.0468521118164,12560300,0.0,0.0
2026-05-01 00:00:00-04:00,92.02999877929688,92.86000061035156,91.2699966430664,91.54000091552734,90.94750213623047,8532600,0.0,0.0
2026-05-04 00:00:00-04:00,91.37000274658203,92.72000122070312,90.94999694824219,91.4800033569336,90.88789367675781,7005800,0.0,0.0
2026-05-05 00:00:00-04:00,91.76000213623047,92.88999938964844,91.5,92.4000015258789,91.80194091796875,5784300,0.0,0.0
2026-05-06 00:00:00-04:00,92.36000061035156,92.75,91.58999633789062,92.1500015258789,91.55355834960938,6883300,0.0,0.0
2026-05-07 00:00:00-04:00,91.80999755859375,92.43000030517578,88.66000366210938,89.5,88.92070770263672,14792000,0.0,0.0
2026-05-08 00:00:00-04:00,89.29000091552734,89.69999694824219,88.30999755859375,88.61000061035156,88.35236358642578,9954000,0.32,0.0
2026-05-11 00:00:00-04:00,88.62000274658203,88.87000274658203,87.61000061035156,87.83000183105469,87.57463836669922,9542700,0.0,0.0
2026-05-12 00:00:00-04:00,88.0199966430664,90.38999938964844,87.63999938964844,90.18000030517578,89.91780090332031,9489900,0.0,0.0
2026-05-13 00:00:00-04:00,89.44999694824219,91.77999877929688,89.26000213623047,91.16999816894531,90.90492248535156,9299800,0.0,0.0
2026-05-14 00:00:00-04:00,91.6500015258789,92.16999816894531,89.12999725341797,89.44000244140625,89.1799545288086,14178800,0.0,0.0
2026-05-15 00:00:00-04:00,90.4800033569336,92.87000274658203,89.76000213623047,90.87999725341797,90.61576080322266,14262000,0.0,0.0
2026-05-18 00:00:00-04:00,91.0,93.43000030517578,90.77999877929688,92.38999938964844,92.12137603759766,8266100,0.0,0.0
2026-05-19 00:00:00-04:00,92.19999694824219,92.93000030517578,91.45999908447266,91.80999755859375,91.54306030273438,8681800,0.0,0.0
2026-05-20 00:00:00-04:00,92.31999969482422,92.55999755859375,89.7300033569336,90.11000061035156,89.84800720214844,12827800,0.0,0.0
2026-05-21 00:00:00-04:00,90.18000030517578,90.69999694824219,89.27999877929688,90.41000366210938,90.14713287353516,8077900,0.0,0.0
2026-05-22 00:00:00-04:00,90.36000061035156,91.38999938964844,90.11000061035156,90.1500015258789,89.88788604736328,7065600,0.0,0.0
2026-05-26 00:00:00-04:00,89.69999694824219,90.41999816894531,89.37000274658203,89.4000015258789,89.14006805419922,8359900,0.0,0.0
2026-05-27 00:00:00-04:00,89.0,89.26000213623047,84.72000122070312,85.61000061035156,85.36109161376953,21847900,0.0,0.0
2026-05-28 00:00:00-04:00,85.12000274658203,85.62000274658203,83.95999908447266,85.3499984741211,85.10184478759766,16763700,0.0,0.0
2026-05-29 00:00:00-04:00,86.0,87.4800033569336,85.93000030517578,87.3499984741211,87.09602355957031,20459400,0.0,0.0
2026-06-01 00:00:00-04:00,86.80999755859375,89.19999694824219,86.0199966430664,88.73999786376953,88.48198699951172,13961600,0.0,0.0
2026-06-02 00:00:00-04:00,87.94000244140625,88.62000274658203,86.22000122070312,87.61000061035156,87.35527038574219,11612000,0.0,0.0
2026-06-03 00:00:00-04:00,87.0,87.55999755859375,85.58000183105469,86.58999633789062,86.3382339477539,11339400,0.0,0.0
2026-06-04 00:00:00-04:00,87.51000213623047,88.5,86.69999694824219,88.0,87.744140625,11790000,0.0,0.0
2026-06-05 00:00:00-04:00,88.45999908447266,88.94000244140625,87.68000030517578,88.83999633789062,88.58169555664062,9213900,0.0,0.0
2026-06-08 00:00:00-04:00,88.27999877929688,88.91999816894531,87.7699966430664,88.08000183105469,87.82390594482422,7473300,0.0,0.0
2026-06-09 00:00:00-04:00,88.25,88.91999816894531,87.18000030517578,88.7699966430664,88.51189422607422,10830600,0.0,0.0
2026-06-10 00:00:00-04:00,88.44999694824219,90.25,87.86000061035156,89.2699966430664,89.01044464111328,11177400,0.0,0.0
2026-06-11 00:00:00-04:00,89.26000213623047,89.94000244140625,88.54000091552734,88.69999694824219,88.44210052490234,11380700,0.0,0.0
2026-06-12 00:00:00-04:00,89.52999877929688,92.20999908447266,89.25,91.0999984741211,90.83512115478516,11399400,0.0,0.0
2026-06-15 00:00:00-04:00,91.61000061035156,92.38999938964844,90.76000213623047,90.94999694824219,90.68556213378906,11479900,0.0,0.0
2026-06-16 00:00:00-04:00,92.0,93.69999694824219,91.44000244140625,93.66999816894531,93.39765167236328,12346400,0.0,0.0
2026-06-17 00:00:00-04:00,93.55000305175781,94.83000183105469,92.45999908447266,94.51000213623047,94.23521423339844,12107300,0.0,0.0
2026-06-18 00:00:00-04:00,94.58000183105469,94.79000091552734,90.86000061035156,91.69999694824219,91.43338012695312,27430200,0.0,0.0
2026-06-22 00:00:00-04:00,92.5,92.69000244140625,91.36000061035156,92.02999877929688,91.76242065429688,11599200,0.0,0.0
2026-06-23 00:00:00-04:00,92.38999938964844,93.30000305175781,92.02999877929688,93.16999816894531,92.89910125732422,11700800,0.0,0.0
2026-06-24 00:00:00-04:00,92.80999755859375,92.9000015258789,91.0199966430664,91.38999938964844,91.12428283691406,12928600,0.0,0.0
2026-06-25 00:00:00-04:00,91.38999938964844,92.5999984741211,89.26000213623047,89.44000244140625,89.1799545288086,10917000,0.0,0.0
2026-06-26 00:00:00-04:00,89.5999984741211,90.66999816894531,87.62999725341797,90.66999816894531,90.4063720703125,17567400,0.0,0.0
2026-06-29 00:00:00-04:00,90.3499984741211,91.5999984741211,90.19999694824219,90.55000305175781,90.28672790527344,9170300,0.0,0.0
2026-06-30 00:00:00-04:00,91.48999786376953,94.16999816894531,91.29000091552734,92.2699966430664,92.00171661376953,9834900,0.0,0.0
2026-07-01 00:00:00-04:00,92.76000213623047,96.06999969482422,92.30999755859375,95.77999877929688,95.50151824951172,10685400,0.0,0.0
2026-07-02 00:00:00-04:00,96.73999786376953,97.44999694824219,96.20999908447266,97.0,96.71797180175781,8892800,0.0,0.0
2026-07-06 00:00:00-04:00,97.19000244140625,101.16999816894531,97.19000244140625,100.62000274658203,100.32744598388672,11391100,0.0,0.0
2026-07-07 00:00:00-04:00,101.20999908447266,102.54000091552734,100.88999938964844,101.93000030517578,101.63363647460938,9405300,0.0,0.0
2026-07-08 00:00:00-04:00,101.91000366210938,103.06999969482422,101.26000213623047,101.69999694824219,101.40430450439453,8948300,0.0,0.0
2026-07-09 00:00:00-04:00,101.41999816894531,103.44000244140625,100.51000213623047,101.91000366210938,101.61370086669922,6374500,0.0,0.0
2026-07-10 00:00:00-04:00,103.25,103.56999969482422,101.80000305175781,103.12000274658203,102.82018280029297,5680000,0.0,0.0
2026-07-13 00:00:00-04:00,103.51000213623047,103.97000122070312,102.11000061035156,102.37999725341797,102.08232879638672,7419600,0.0,0.0
2026-07-14 00:00:00-04:00,101.13999938964844,103.36000061035156,100.75,101.0999984741211,100.80604553222656,7747200,0.0,0.0
2026-07-15 00:00:00-04:00,101.55999755859375,103.4000015258789,101.33999633789062,102.79000091552734,102.49113464355469,7971900,0.0,0.0
2026-07-16 00:00:00-04:00,103.4000015258789,103.80000305175781,101.94999694824219,102.80000305175781,102.50111389160156,10311700,0.0,0.0
2026-07-17 00:00:00-04:00,102.31999969482422,102.80999755859375,100.80999755859375,101.55999755859375,101.26470947265625,8312000,0.0,0.0
2026-07-20 00:00:00-04:00,100.61000061035156,103.08999633789062,100.30000305175781,102.54000091552734,102.24186706542969,13660300,0.0,0.0
2026-07-21 00:00:00-04:00,104.18000030517578,104.4800033569336,99.70999908447266,99.95999908447266,99.66936492919922,14815100,0.0,0.0
2026-07-22 00:00:00-04:00,101.33999633789062,101.33999633789062,99.41999816894531,100.80000305175781,100.50692749023438,7797300,0.0,0.0
2026-07-23 00:00:00-04:00,100.2699966430664,102.70999908447266,100.2699966430664,101.61000061035156,101.31456756591797,8258400,0.0,0.0
2026-07-24 00:00:00-04:00,101.61000061035156,102.0,100.55000305175781,101.97000122070312,101.67352294921875,5175300,0.0,0.0
2026-07-27 00:00:00-04:00,102.68000030517578,104.29000091552734,102.36000061035156,104.18000030517578,103.8770980834961,7276400,0.0,0.0
2026-07-28 00:00:00-04:00,104.23999786376953,106.29000091552734,103.44999694824219,105.97000122070312,105.6618881225586,7809100,0.0,0.0
2026-07-29 00:00:00-04:00,106.0,106.7300033569336,104.38999938964844,104.47000122070312,104.16625213623047,7149300,0.0,0.0
2026-07-30 00:00:00-04:00,103.93000030517578,104.81999969482422,103.06999969482422,104.33000183105469,104.02665710449219,7497700,0.0,0.0
2026-07-31 00:00:00-04:00,104.9800033569336,105.69000244140625,104.05000305175781,105.23999786376953,104.93401336669922,8546900,0.0,0.0
2026-08-03 00:00:00-04:00,105.86000061035156,106.80999755859375,105.05000305175781,105.87000274658203,105.56218719482422,6443500,0.0,0.0
2026-08-04 00:00:00-04:00,105.26000213623047,106.76000213623047,105.2300033569336,106.3499984741211,106.04078674316406,6861800,0.0,0.0
2026-08-05 00:00:00-04:00,106.98999786376953,108.55000305175781,106.51000213623047,108.0199966430664,107.70592498779297,11677500,0.0,0.0
2026-08-06 00:00:00-04:00,108.5999984741211,109.05000305175781,106.80999755859375,107.66000366210938,107.34697723388672,6358600,0.0,0.0
2026-08-07 00:00:00-04:00,107.06999969482422,107.62999725341797,106.19000244140625,107.5999984741211,107.28714752197266,7154300,0.0,0.0
2026-08-10 00:00:00-04:00,107.51000213623047,109.31999969482422,107.13999938964844,107.98999786376953,107.67601776123047,6748900,0.0,0.0
2026-08-11 00:00:00-04:00,107.5199966430664,108.4000015258789,107.37000274658203,107.69999694824219,107.38685607910156,4063500,0.0,0.0
2026-08-12 00:00:00-04:00,107.0,109.66000366210938,106.75,109.33999633789062,109.02208709716797,5537500,0.0,0.0
2026-08-13 00:00:00-04:00,109.73999786376953,110.19999694824219,108.9000015258789,110.05999755859375,109.73999786376953,5155200,0.0,0.0
2026-08-14 00:00:00-04:00,109.75,111.18000030517578,109.19000244140625,111.08999633789062,111.08999633789062,5986000,0.32,0.0
2026-08-17 00:00:00-04:00,110.94000244140625,111.63999938964844,110.41000366210938,110.58000183105469,110.58000183105469,6236700,0.0,0.0
2026-08-18 00:00:00-04:00,111.33000183105469,112.19999694824219,110.58999633789062,111.68000030517578,111.68000030517578,7092000,0.0,0.0
2026-08-19 00:00:00-04:00,111.41000366210938,112.08000183105469,110.54000091552734,110.87999725341797,110.87999725341797,6510900,0.0,0.0
2026-08-20 00:00:00-04:00,111.45999908447266,111.86000061035156,109.55000305175781,109.79000091552734,109.79000091552734,6641000,0.0,0.0
2026-08-21 00:00:00-04:00,110.2699966430664,112.4000015258789,110.16999816894531,112.30000305175781,112.30000305175781,6938600,0.0,0.0
2026-08-24 00:00:00-04:00,112.88999938964844,114.52999877929688,112.51000213623047,113.6500015258789,113.6500015258789,8275200,0.0,0.0
2026-08-25 00:00:00-04:00,113.04000091552734,113.37999725341797,112.08000183105469,112.2699966430664,112.2699966430664,5047700,0.0,0.0
2026-08-26 00:00:00-04:00,108.25,110.31999969482422,106.33999633789062,109.38999938964844,109.38999938964844,13947700,0.0,0.0
2026-08-27 00:00:00-04:00,108.94999694824219,109.52999877929688,107.2300033569336,108.05000305175781,108.05000305175781,10104700,0.0,0.0
2026-08-28 00:00:00-04:00,108.4000015258789,111.01000213623047,107.77999877929688,110.16000366210938,110.16000366210938,12819300,0.0,0.0
2026-08-31 00:00:00-04:00,109.4000015258789,110.31999969482422,109.4000015258789,109.81999969482422,109.81999969482422,6160700,0.0,0.0
2026-09-01 00:00:00-04:00,109.44000244140625,109.80000305175781,107.97000122070312,108.27999877929688,108.27999877929688,8172200,0.0,0.0
2026-09-02 00:00:00-04:00,108.5,109.9000015258789,108.18000030517578,108.23999786376953,108.23999786376953,7159300,0.0,0.0
2026-09-03 00:00:00-04:00,108.77999877929688,110.72000122070312,108.77999877929688,110.37999725341797,110.37999725341797,6346300,0.0,0.0
2026-09-04 00:00:00-04:00,109.58999633789062,110.4000015258789,108.5199966430664,109.29000091552734,109.29000091552734,5883400,0.0,0.0
2026-09-08 00:00:00-04:00,109.0,109.31999969482422,106.81999969482422,106.87000274658203,106.87000274658203,6851400,0.0,0.0
2026-09-09 00:00:00-04:00,106.9800033569336,107.83000183105469,106.19000244140625,106.54000091552734,106.54000091552734,8521700,0.0,0.0
2026-09-10 00:00:00-04:00,107.2699966430664,107.6449966430664,106.53500366210938,107.0,107.0,2802623,0.0,0.0
