date,source,url,sector,cum_return_pre,cum_return_post_short,cum_return_post_full,peak_offset,peak_value,reversion_ratio
1999-03-17,Beige_Book,https://www.federalreserve.gov/fomc/beigebook/1999/19990317/default.htm,XLB,0.0004389645725604,0.0244415968566167,0.0057370651696337,4,0.0281793389262052,0.20359119086000105
1999-03-17,Beige_Book,https://www.federalreserve.gov/fomc/beigebook/1999/19990317/default.htm,XLE,0.0013312456801085,0.0077474567215565,0.0104190054463452,4,0.0190631132026213,0.5465531959865044
1999-03-17,Beige_Book,https://www.federalreserve.gov/fomc/beigebook/1999/19990317/default.htm,XLF,0.0105789221484865,0.0057609430680054,-0.0068767967848238,5,-0.0078358945846916,0.8776020032554397
1999-03-17,Beige_Book,https://www.federalreserve.gov/fomc/beigebook/1999/19990317/default.htm,XLI,0.0029456486236827,0.000276703183324,-0.0025386307603033,1,-0.0136075707145726,0.18656017400553598
1999-03-17,Beige_Book,https://www.federalreserve.gov/fomc/beigebook/1999/19990317/default.htm,XLK,-0.0209758953752809,-0.0111348278818632,0.007627301290588,7,0.007627301290588,1.0
1999-03-17,Beige_Book,https://www.federalreserve.gov/fomc/beigebook/1999/19990317/default.htm,XLP,-0.008327567431368,0.0111418931611462,-0.0036663312610994,6,-0.007435942526541,0.4930553521646002
1999-03-17,Beige_Book,https://www.federalreserve.gov/fomc/beigebook/1999/19990317/default.htm,XLU,-2.1760053684150016e-05,-0.0013267475815799,-0.0255067985352693,7,-0.0255067985352693,1.0
1999-03-17,Beige_Book,https://www.federalreserve.gov/fomc/beigebook/1999/19990317/default.htm,XLV,-0.0016051105014235,0.0057366724646457,0.0018196114678284,2,0.0104166481194671,0.174683011940072
1999-03-17,Beige_Book,https://www.federalreserve.gov/fomc/beigebook/1999/19990317/default.htm,XLY,0.0015255612395881,-0.0082891639608351,-0.012676125868081,5,-0.0234076643630117,0.5415374072140041
1999-05-05,Beige_Book,https://www.federalreserve.gov/fomc/beigebook/1999/19990505/default.htm,XLB,-0.0080854422375364,0.0086184608767834,-0.0031731708783151,4,-0.0031731708783151,1.0
1999-05-05,Beige_Book,https://www.federalreserve.gov/fomc/beigebook/1999/19990505/default.htm,XLE,-0.0153596113421783,-0.0046167735303278,-0.0114253443690136,4,-0.0114253443690136,1.0
1999-05-05,Beige_Book,https://www.federalreserve.gov/fomc/beigebook/1999/19990505/default.htm,XLF,0.0169715007321179,0.0026813849484421,0.0044518281861944,4,0.0044518281861944,1.0
1999-05-05,Beige_Book,https://www.federalreserve.gov/fomc/beigebook/1999/19990505/default.htm,XLI,-0.0185523562861185,0.0112333475083833,0.0180089202668799,2,0.0197977482459816,0.9096448769387305
1999-05-05,Beige_Book,https://www.federalreserve.gov/fomc/beigebook/1999/19990505/default.htm,XLK,0.000872296655756,0.0040419022706181,0.0089967004103619,4,0.0089967004103619,1.0
1999-05-05,Beige_Book,https://www.federalreserve.gov/fomc/beigebook/1999/19990505/default.htm,XLP,-0.005900960506986,-0.0167465164399394,-0.0225957034815942,4,-0.0225957034815942,1.0
1999-05-05,Beige_Book,https://www.federalreserve.gov/fomc/beigebook/1999/19990505/default.htm,XLU,-0.0058628003287063,-0.0078025935260289,-0.0141954744632922,1,-0.0149106733731733,0.9520344325181277
1999-05-05,Beige_Book,https://www.federalreserve.gov/fomc/beigebook/1999/19990505/default.htm,XLV,0.0047482325896879,0.0024875113343714,0.0084096558782784,1,0.0104159600344497,0.8073817344214399
1999-05-05,Beige_Book,https://www.federalreserve.gov/fomc/beigebook/1999/19990505/default.htm,XLY,-0.0028445940745447,0.0029859083069432,0.0130361759677604,4,0.0130361759677604,1.0
1999-05-18,FOMC_statement,https://www.federalreserve.gov/boarddocs/press/general/1999/19990518/,XLB,0.0041897275153948,0.0021336858950128,0.0146235866245283,4,0.0146235866245283,1.0
1999-05-18,FOMC_statement,https://www.federalreserve.gov/boarddocs/press/general/1999/19990518/,XLE,0.006969051986064,0.0453951689547548,0.038198718102358,3,0.0453951689547548,0.8414709975070369
1999-05-18,FOMC_statement,https://www.federalreserve.gov/boarddocs/press/general/1999/19990518/,XLF,0.0219937767414283,-0.0039704632625604,-0.0092019108272017,4,-0.0092019108272017,1.0
1999-05-18,FOMC_statement,https://www.federalreserve.gov/boarddocs/press/general/1999/19990518/,XLI,0.0051825871638748,0.0105451578426399,0.0185221214316916,4,0.0185221214316916,1.0
1999-05-18,FOMC_statement,https://www.federalreserve.gov/boarddocs/press/general/1999/19990518/,XLK,-0.0111294546213294,-0.01686009596913,-0.0218513672569707,4,-0.0218513672569707,1.0
1999-05-18,FOMC_statement,https://www.federalreserve.gov/boarddocs/press/general/1999/19990518/,XLP,-0.0036381892914838,0.0178371417435182,0.0085576154361995,3,0.0178371417435182,0.4797638298360909
1999-05-18,FOMC_statement,https://www.federalreserve.gov/boarddocs/press/general/1999/19990518/,XLU,-0.0177193655815075,0.0136634523186035,0.040340437919312,4,0.040340437919312,1.0
1999-05-18,FOMC_statement,https://www.federalreserve.gov/boarddocs/press/general/1999/19990518/,XLV,0.0094467317012972,0.0186368633459736,0.0116966012488238,2,0.0241728834298724,0.4838728190104684
1999-05-18,FOMC_statement,https://www.federalreserve.gov/boarddocs/press/general/1999/19990518/,XLY,0.0231846252509579,-0.0052127274626885,-0.0102884434750374,1,-0.0190611252843351,0.5397605504168579
1999-06-16,Beige_Book,https://www.federalreserve.gov/fomc/beigebook/1999/19990616/default.htm,XLB,-0.0020838231789062,-0.0311428488463035,-0.0275111005557988,4,-0.0372280019742784,0.7389894460306194
1999-06-16,Beige_Book,https://www.federalreserve.gov/fomc/beigebook/1999/19990616/default.htm,XLE,-0.0057121830113884,-0.0332334014414256,-0.0240484677977047,4,-0.0367961022585578,0.6535601958251344
1999-06-16,Beige_Book,https://www.federalreserve.gov/fomc/beigebook/1999/19990616/default.htm,XLF,0.0016119361887378,0.0140364684138778,0.0051954785373803,3,0.0140364684138778,0.3701414333140629
1999-06-16,Beige_Book,https://www.federalreserve.gov/fomc/beigebook/1999/19990616/default.htm,XLI,0.0035129609171162,-0.0109049211625721,-0.0005992384889432,3,-0.0109049211625721,0.054951198638639225
1999-06-16,Beige_Book,https://www.federalreserve.gov/fomc/beigebook/1999/19990616/default.htm,XLK,-0.0022674441995877,0.0322360188410097,0.0306124043289995,3,0.0322360188410097,0.9496335288790475
1999-06-16,Beige_Book,https://www.federalreserve.gov/fomc/beigebook/1999/19990616/default.htm,XLP,0.0042039523507044,-0.0163206113439563,-0.0094345903177119,3,-0.0163206113439563,0.5780782422225642
1999-06-16,Beige_Book,https://www.federalreserve.gov/fomc/beigebook/1999/19990616/default.htm,XLU,0.0057133295983897,-0.0255334772739849,-0.0203625208503933,3,-0.0255334772739849,0.7974832660626254
1999-06-16,Beige_Book,https://www.federalreserve.gov/fomc/beigebook/1999/19990616/default.htm,XLV,-0.004377314025544,-0.0176836916296746,-0.0052664125889528,3,-0.0176836916296746,0.2978118313325117
1999-06-16,Beige_Book,https://www.federalreserve.gov/fomc/beigebook/1999/19990616/default.htm,XLY,0.0134680971894869,0.007209265678274,-0.0015280179528621,1,-0.0143264632284563,0.1066570254287908
1999-06-30,FOMC_statement,https://www.federalreserve.gov/boarddocs/press/general/1999/19990630/default.htm,XLB,0.0153464534328712,0.0079215246484527,0.000714437109506,2,0.0123649634282483,0.05777915265595022
1999-06-30,FOMC_statement,https://www.federalreserve.gov/boarddocs/press/general/1999/19990630/default.htm,XLE,-0.0043776919779783,0.012584779122103,0.008534835824014,3,0.012584779122103,0.6781871768431779
1999-06-30,FOMC_statement,https://www.federalreserve.gov/boarddocs/press/general/1999/19990630/default.htm,XLF,0.0063108152289135,0.0018074462209608,-0.003063155415397,2,-0.0067104635163834,0.45647449060983575
1999-06-30,FOMC_statement,https://www.federalreserve.gov/boarddocs/press/general/1999/19990630/default.htm,XLI,0.0040139052242615,-0.0109830982686965,-0.0196200492770289,4,-0.0196200492770289,1.0
1999-06-30,FOMC_statement,https://www.federalreserve.gov/boarddocs/press/general/1999/19990630/default.htm,XLK,-0.0033227174999055,0.0012524003109116,0.0116543498067015,4,0.0116543498067015,1.0
1999-06-30,FOMC_statement,https://www.federalreserve.gov/boarddocs/press/general/1999/19990630/default.htm,XLP,-0.0084348252830714,-0.0069057929372668,-0.0124814255750437,4,-0.0124814255750437,1.0
1999-06-30,FOMC_statement,https://www.federalreserve.gov/boarddocs/press/general/1999/19990630/default.htm,XLU,0.0088553838707112,-0.0233921208581933,-0.0155012977240434,3,-0.0233921208581933,0.6626717525108003
1999-06-30,FOMC_statement,https://www.federalreserve.gov/boarddocs/press/general/1999/19990630/default.htm,XLV,-0.0004277563539081,-0.0161928749481573,-0.0111551599214138,3,-0.0161928749481573,0.6888931062042954
1999-06-30,FOMC_statement,https://www.federalreserve.gov/boarddocs/press/general/1999/19990630/default.htm,XLY,-0.0074812223323825,0.0015082746249132,-0.0091053471711772,4,-0.0091053471711772,1.0
1999-08-11,Beige_Book,https://www.federalreserve.gov/fomc/beigebook/1999/19990811/default.htm,XLB,-0.0074350251979353,-0.0333914395941358,-0.027470046996782,3,-0.0333914395941358,0.8226673462022969
1999-08-11,Beige_Book,https://www.federalreserve.gov/fomc/beigebook/1999/19990811/default.htm,XLE,-0.0052935771019728,-0.0380179455258942,-0.0371561352056495,3,-0.0380179455258942,0.9773314862672492
1999-08-11,Beige_Book,https://www.federalreserve.gov/fomc/beigebook/1999/19990811/default.htm,XLF,0.0063993901190897,0.0064728145987082,0.0362475502261367,4,0.0362475502261367,1.0
1999-08-11,Beige_Book,https://www.federalreserve.gov/fomc/beigebook/1999/19990811/default.htm,XLI,-0.001693674515844,-0.0095485728156041,-0.0021415084743752,3,-0.0095485728156041,0.2242752415183541
1999-08-11,Beige_Book,https://www.federalreserve.gov/fomc/beigebook/1999/19990811/default.htm,XLK,0.0057035363960032,-0.0046763403718929,-0.0066031336571322,1,-0.011978687053726,0.5512401841300528
1999-08-11,Beige_Book,https://www.federalreserve.gov/fomc/beigebook/1999/19990811/default.htm,XLP,-0.0077898005361908,0.0044124090827423,0.0029954426340023,1,0.0191065449524706,0.1567757353018956
1999-08-11,Beige_Book,https://www.federalreserve.gov/fomc/beigebook/1999/19990811/default.htm,XLU,0.0072059971256286,-0.0269033208483329,-0.022541572347752,3,-0.0269033208483329,0.8378732304026631
1999-08-11,Beige_Book,https://www.federalreserve.gov/fomc/beigebook/1999/19990811/default.htm,XLV,0.0089047394747314,-0.009749953374739,-0.0038338957999662,3,-0.009749953374739,0.39322196246593133
1999-08-11,Beige_Book,https://www.federalreserve.gov/fomc/beigebook/1999/19990811/default.htm,XLY,-0.0110495646955861,0.0187143840629849,0.0098970268983322,3,0.0187143840629849,0.5288459863291727
1999-08-24,FOMC_statement,https://www.federalreserve.gov/boarddocs/press/general/1999/19990824/default.htm,XLB,0.0179643940893099,-0.021123378782923,-0.0221021047307888,1,-0.0343712697401223,0.6430400999992314
1999-08-24,FOMC_statement,https://www.federalreserve.gov/boarddocs/press/general/1999/19990824/default.htm,XLE,0.0139008506365192,-0.0172438205252384,-0.0122556062651918,2,-0.0288189223056358,0.42526247634163283
1999-08-24,FOMC_statement,https://www.federalreserve.gov/boarddocs/press/general/1999/19990824/default.htm,XLF,-0.0074122850307032,-0.0335547115377659,-0.0479065215641918,4,-0.0479065215641918,1.0
1999-08-24,FOMC_statement,https://www.federalreserve.gov/boarddocs/press/general/1999/19990824/default.htm,XLI,-0.002287619449858,0.0081748318182456,0.0013805120244101,3,0.0081748318182456,0.16887344658625303
1999-08-24,FOMC_statement,https://www.federalreserve.gov/boarddocs/press/general/1999/19990824/default.htm,XLK,-0.0038742053188316,0.0171231687234292,0.0191652790696035,4,0.0191652790696035,1.0
1999-08-24,FOMC_statement,https://www.federalreserve.gov/boarddocs/press/general/1999/19990824/default.htm,XLP,-0.0029039785246238,0.0144651377894723,0.034211542912945,4,0.034211542912945,1.0
1999-08-24,FOMC_statement,https://www.federalreserve.gov/boarddocs/press/general/1999/19990824/default.htm,XLU,0.0144190167206672,0.0150514610349216,0.019976646907151,4,0.019976646907151,1.0
1999-08-24,FOMC_statement,https://www.federalreserve.gov/boarddocs/press/general/1999/19990824/default.htm,XLV,0.0096285979041261,0.0191166725997734,0.013590561817367,3,0.0191166725997734,0.7109271630005368
1999-08-24,FOMC_statement,https://www.federalreserve.gov/boarddocs/press/general/1999/19990824/default.htm,XLY,0.003154205255297,0.0004775618954973,-0.0026776577427694,2,-0.0076623577070157,0.3494561132688599
1999-09-22,Beige_Book,https://www.federalreserve.gov/fomc/beigebook/1999/19990922/default.htm,XLB,-0.0087910486753831,0.0033911267195069,-0.0086650719085441,2,-0.0152947871060765,0.5665375953550562
1999-09-22,Beige_Book,https://www.federalreserve.gov/fomc/beigebook/1999/19990922/default.htm,XLE,0.0118370534611981,0.0029335286452247,-0.0111781568316193,4,-0.0111781568316193,1.0
1999-09-22,Beige_Book,https://www.federalreserve.gov/fomc/beigebook/1999/19990922/default.htm,XLF,-0.0051839561355728,-0.0021918694243179,-0.0016769335067404,3,-0.0021918694243179,0.7650699846147332
1999-09-22,Beige_Book,https://www.federalreserve.gov/fomc/beigebook/1999/19990922/default.htm,XLI,-0.0082847629705919,-0.0012542264874496,-0.0114120347434631,4,-0.0114120347434631,1.0
1999-09-22,Beige_Book,https://www.federalreserve.gov/fomc/beigebook/1999/19990922/default.htm,XLK,-0.0005237327807507,-0.0088491470724459,-0.0023895945935012,1,-0.0157751550431758,0.15147835865707823
1999-09-22,Beige_Book,https://www.federalreserve.gov/fomc/beigebook/1999/19990922/default.htm,XLP,-0.0037609614405421,-0.016875991846359,-0.0297571885787976,4,-0.0297571885787976,1.0
1999-09-22,Beige_Book,https://www.federalreserve.gov/fomc/beigebook/1999/19990922/default.htm,XLU,-0.0077098215940661,0.006493602607703,-0.002816682643733,4,-0.002816682643733,1.0
1999-09-22,Beige_Book,https://www.federalreserve.gov/fomc/beigebook/1999/19990922/default.htm,XLV,-0.0030898722467905,-0.0035710861823901,-0.0109736874097577,4,-0.0109736874097577,1.0
1999-09-22,Beige_Book,https://www.federalreserve.gov/fomc/beigebook/1999/19990922/default.htm,XLY,0.0015613277184491,0.0168809183267599,0.0158155067190177,1,0.0257549933011461,0.6140753575080102
1999-10-05,FOMC_statement,https://www.federalreserve.gov/boarddocs/press/general/1999/19991005/DEFAULT.HTM,XLB,0.0164457370830193,0.0006980394349351,0.0042616030616258,2,0.009391079225357,0.453792685522126
1999-10-05,FOMC_statement,https://www.federalreserve.gov/boarddocs/press/general/1999/19991005/DEFAULT.HTM,XLE,0.0291863814296023,-0.0369167956331392,-0.0203218354176989,3,-0.0369167956331392,0.5504766887041664
1999-10-05,FOMC_statement,https://www.federalreserve.gov/boarddocs/press/general/1999/19991005/DEFAULT.HTM,XLF,-0.0203177425688751,0.0007065227902784,-0.0084121814995223,4,-0.0084121814995223,1.0
1999-10-05,FOMC_statement,https://www.federalreserve.gov/boarddocs/press/general/1999/19991005/DEFAULT.HTM,XLI,0.0001261467886217,0.0039495582178774,0.0071783104833749,4,0.0071783104833749,1.0
1999-10-05,FOMC_statement,https://www.federalreserve.gov/boarddocs/press/general/1999/19991005/DEFAULT.HTM,XLK,-0.0066322251392059,-0.0184672494887819,-0.0069108024898846,3,-0.0184672494887819,0.37421937111331227
1999-10-05,FOMC_statement,https://www.federalreserve.gov/boarddocs/press/general/1999/19991005/DEFAULT.HTM,XLP,0.006270525225563,0.0334716024496554,0.0363830703211717,4,0.0363830703211717,1.0
1999-10-05,FOMC_statement,https://www.federalreserve.gov/boarddocs/press/general/1999/19991005/DEFAULT.HTM,XLU,0.0013809669546847,-0.0166054692465804,-0.0213272569736863,4,-0.0213272569736863,1.0
1999-10-05,FOMC_statement,https://www.federalreserve.gov/boarddocs/press/general/1999/19991005/DEFAULT.HTM,XLV,0.0025526710355423,0.0020883074532765,0.0008799118175365,1,0.0097914172973019,0.08986562321054035
1999-10-05,FOMC_statement,https://www.federalreserve.gov/boarddocs/press/general/1999/19991005/DEFAULT.HTM,XLY,-0.0144233775519631,0.0118661060047928,0.0207261620106984,4,0.0207261620106984,1.0
1999-11-03,Beige_Book,https://www.federalreserve.gov/fomc/beigebook/1999/19991103/default.htm,XLB,-0.0162484247539911,-0.0169406749996235,-0.003674913954541,3,-0.0169406749996235,0.21692842549796118
1999-11-03,Beige_Book,https://www.federalreserve.gov/fomc/beigebook/1999/19991103/default.htm,XLE,0.0021077645477523,-0.0207563358682149,0.009844374977065,4,0.009844374977065,1.0
1999-11-03,Beige_Book,https://www.federalreserve.gov/fomc/beigebook/1999/19991103/default.htm,XLF,-0.0059084013486105,0.012661233823326,0.002748244437669,2,0.0189706738347499,0.14486804536351522
1999-11-03,Beige_Book,https://www.federalreserve.gov/fomc/beigebook/1999/19991103/default.htm,XLI,-0.0196887885382153,-0.0143815315418213,-0.0044182357148544,2,-0.0151706525227605,0.2912357071144916
1999-11-03,Beige_Book,https://www.federalreserve.gov/fomc/beigebook/1999/19991103/default.htm,XLK,-0.0027275780858195,0.0101608516622986,0.0085786293973693,3,0.0101608516622986,0.844282515136003
1999-11-03,Beige_Book,https://www.federalreserve.gov/fomc/beigebook/1999/19991103/default.htm,XLP,0.0123262498136856,-0.0164495354494275,-0.0245069526143357,4,-0.0245069526143357,1.0
1999-11-03,Beige_Book,https://www.federalreserve.gov/fomc/beigebook/1999/19991103/default.htm,XLU,0.0021608641810769,-0.0088313116711579,-0.0140774489215566,2,-0.0142398495904151,0.9885953381861693
1999-11-03,Beige_Book,https://www.federalreserve.gov/fomc/beigebook/1999/19991103/default.htm,XLV,0.0056035507030376,-0.0099367170604927,-0.0071899427007676,2,-0.010694761318974,0.6722864107319194
1999-11-03,Beige_Book,https://www.federalreserve.gov/fomc/beigebook/1999/19991103/default.htm,XLY,6.0072821914336494e-05,-0.0026131914590227,-0.0037468336159601,4,-0.0037468336159601,1.0
1999-11-16,FOMC_statement,https://www.federalreserve.gov/boarddocs/press/general/1999/19991116/DEFAULT.HTM,XLB,-0.0233256207366692,-0.0232459672562947,-0.0344122355261407,4,-0.0344122355261407,1.0
1999-11-16,FOMC_statement,https://www.federalreserve.gov/boarddocs/press/general/1999/19991116/DEFAULT.HTM,XLE,-0.0032578843956214,-0.0139248336668474,-0.0296926717036093,4,-0.0296926717036093,1.0
1999-11-16,FOMC_statement,https://www.federalreserve.gov/boarddocs/press/general/1999/19991116/DEFAULT.HTM,XLF,0.0029501995757909,-0.0479965752839302,-0.051440486383839,4,-0.051440486383839,1.0
1999-11-16,FOMC_statement,https://www.federalreserve.gov/boarddocs/press/general/1999/19991116/DEFAULT.HTM,XLI,-0.0032574943246521,-0.0109226795067586,-0.0150707629251223,4,-0.0150707629251223,1.0
1999-11-16,FOMC_statement,https://www.federalreserve.gov/boarddocs/press/general/1999/19991116/DEFAULT.HTM,XLK,0.0068361168521801,0.0248881822735206,0.0313503502030697,4,0.0313503502030697,1.0
1999-11-16,FOMC_statement,https://www.federalreserve.gov/boarddocs/press/general/1999/19991116/DEFAULT.HTM,XLP,0.0067557800516878,-0.0156426074085622,-0.0047982434885884,3,-0.0156426074085622,0.3067419237257092
1999-11-16,FOMC_statement,https://www.federalreserve.gov/boarddocs/press/general/1999/19991116/DEFAULT.HTM,XLU,0.0071046303645727,-0.0082516780936603,-0.0192032328678022,4,-0.0192032328678022,1.0
1999-11-16,FOMC_statement,https://www.federalreserve.gov/boarddocs/press/general/1999/19991116/DEFAULT.HTM,XLV,-0.0019539367553833,-0.0172488966912139,-0.0276912867295161,4,-0.0276912867295161,1.0
1999-11-16,FOMC_statement,https://www.federalreserve.gov/boarddocs/press/general/1999/19991116/DEFAULT.HTM,XLY,0.000715280276669,-0.0223619360350915,-0.033656509545239,4,-0.033656509545239,1.0
1999-12-08,Beige_Book,https://www.federalreserve.gov/fomc/beigebook/1999/19991208/default.htm,XLB,0.003308779031425,-0.0003921463450775,0.019358933591005,4,0.019358933591005,1.0
1999-12-08,Beige_Book,https://www.federalreserve.gov/fomc/beigebook/1999/19991208/default.htm,XLE,0.0109229815436677,-0.0247208118254501,-0.0174070226632666,2,-0.0288970194723224,0.6023812483477428
1999-12-08,Beige_Book,https://www.federalreserve.gov/fomc/beigebook/1999/19991208/default.htm,XLF,-0.0061662761569357,0.0106424962527204,-0.003646070601331,4,-0.003646070601331,1.0
1999-12-08,Beige_Book,https://www.federalreserve.gov/fomc/beigebook/1999/19991208/default.htm,XLI,0.0108535995107498,-0.0127723106658163,-0.0030972031133325,1,-0.0316867756916255,0.09774434431178367
1999-12-08,Beige_Book,https://www.federalreserve.gov/fomc/beigebook/1999/19991208/default.htm,XLK,-0.0105999385380103,-0.0008249096333996,-0.0102058809060263,4,-0.0102058809060263,1.0
1999-12-08,Beige_Book,https://www.federalreserve.gov/fomc/beigebook/1999/19991208/default.htm,XLP,0.0079168570814512,-0.0270688166633131,-0.0187396731853892,3,-0.0270688166633131,0.6922974660649812
1999-12-08,Beige_Book,https://www.federalreserve.gov/fomc/beigebook/1999/19991208/default.htm,XLU,-0.0155682786814618,-0.0169000998323818,-0.0077621980848321,3,-0.0169000998323818,0.4592989486345621
1999-12-08,Beige_Book,https://www.federalreserve.gov/fomc/beigebook/1999/19991208/default.htm,XLV,-0.005443089341919,-0.0076976961967102,0.0040829799429915,1,0.0104100733304448,0.392214330618653
1999-12-08,Beige_Book,https://www.federalreserve.gov/fomc/beigebook/1999/19991208/default.htm,XLY,0.0086050807476325,0.0460524270528893,0.0426933134355361,3,0.0460524270528893,0.9270589232247108
1999-12-21,FOMC_statement,https://www.federalreserve.gov/boarddocs/press/general/1999/19991221/DEFAULT.HTM,XLB,0.0380917015555916,0.0027648902773764,0.0027648902773764,3,0.0027648902773764,1.0
1999-12-21,FOMC_statement,https://www.federalreserve.gov/boarddocs/press/general/1999/19991221/DEFAULT.HTM,XLE,0.0147625921088948,-0.0009101863865457,-0.0009101863865457,1,-0.0079163371025469,0.1149756983255385
1999-12-21,FOMC_statement,https://www.federalreserve.gov/boarddocs/press/general/1999/19991221/DEFAULT.HTM,XLF,0.0009032978525675,-0.0089790140298319,-0.0089790140298319,3,-0.0089790140298319,1.0
1999-12-21,FOMC_statement,https://www.federalreserve.gov/boarddocs/press/general/1999/19991221/DEFAULT.HTM,XLI,0.0228938685272838,0.0017514758522417,0.0017514758522417,3,0.0017514758522417,1.0
1999-12-21,FOMC_statement,https://www.federalreserve.gov/boarddocs/press/general/1999/19991221/DEFAULT.HTM,XLK,-0.016924493730193,-0.0042341614670085,-0.0042341614670085,2,-0.0132368243138305,0.31987743937829827
1999-12-21,FOMC_statement,https://www.federalreserve.gov/boarddocs/press/general/1999/19991221/DEFAULT.HTM,XLP,0.0056807266083289,0.0260518637343254,0.0260518637343254,3,0.0260518637343254,1.0
1999-12-21,FOMC_statement,https://www.federalreserve.gov/boarddocs/press/general/1999/19991221/DEFAULT.HTM,XLU,0.0158911319611911,-0.0415224429793551,-0.0415224429793551,3,-0.0415224429793551,1.0
1999-12-21,FOMC_statement,https://www.federalreserve.gov/boarddocs/press/general/1999/19991221/DEFAULT.HTM,XLV,-0.0037273262603728,0.0048643352338169,0.0048643352338169,3,0.0048643352338169,1.0
1999-12-21,FOMC_statement,https://www.federalreserve.gov/boarddocs/press/general/1999/19991221/DEFAULT.HTM,XLY,0.0217575019961798,0.0144403951010847,0.0144403951010847,3,0.0144403951010847,1.0
2000-01-19,Beige_Book,https://www.federalreserve.gov/fomc/beigebook/2000/20000119/default.htm,XLB,0.0162512722708854,-0.0026006514690053,-0.0247527840662211,4,-0.0326791867796686,0.7574479815887304
2000-01-19,Beige_Book,https://www.federalreserve.gov/fomc/beigebook/2000/20000119/default.htm,XLE,-0.0201166620779144,0.0379553081023736,0.0166739909605314,2,0.0450586583835245,0.37005076401982206
2000-01-19,Beige_Book,https://www.federalreserve.gov/fomc/beigebook/2000/20000119/default.htm,XLF,0.0254444087648869,-0.003110937212683,0.041493335542655,5,0.041493335542655,1.0
2000-01-19,Beige_Book,https://www.federalreserve.gov/fomc/beigebook/2000/20000119/default.htm,XLI,-0.0067898695546996,-0.0018949839673056,-0.0030079571548012,4,-0.0189297222636366,0.15890128301456333
2000-01-19,Beige_Book,https://www.federalreserve.gov/fomc/beigebook/2000/20000119/default.htm,XLK,-0.0131859159014678,0.0202091235662106,0.0054309345971801,4,0.03023834936317,0.17960420166964944
2000-01-19,Beige_Book,https://www.federalreserve.gov/fomc/beigebook/2000/20000119/default.htm,XLP,0.0089503926294421,-0.0079690754112322,-0.0147343328842524,4,-0.0317391092636757,0.4642327156016104
2000-01-19,Beige_Book,https://www.federalreserve.gov/fomc/beigebook/2000/20000119/default.htm,XLU,-0.0038115548662107,0.0694134595464144,0.0380342353030966,3,0.0694134595464144,0.547937468491459
2000-01-19,Beige_Book,https://www.federalreserve.gov/fomc/beigebook/2000/20000119/default.htm,XLV,0.0106334757197785,0.0062591709636983,0.005382050418371,2,0.0077598406898378,0.6935774371527076
2000-01-19,Beige_Book,https://www.federalreserve.gov/fomc/beigebook/2000/20000119/default.htm,XLY,-0.0021646046907325,-0.0257507376169169,-0.0157423857349263,4,-0.0309273902397361,0.5090111261538061
2000-02-02,FOMC_statement,https://www.federalreserve.gov/boarddocs/press/general/2000/20000202/default.htm,XLB,-0.0082321412043073,-0.0470888634524376,-0.0621954283940013,4,-0.0634185721286979,0.9807131618760758
2000-02-02,FOMC_statement,https://www.federalreserve.gov/boarddocs/press/general/2000/20000202/default.htm,XLE,0.0121408439892964,-0.0389007275162172,-0.073488395525038,5,-0.073488395525038,1.0
2000-02-02,FOMC_statement,https://www.federalreserve.gov/boarddocs/press/general/2000/20000202/default.htm,XLF,0.0044324916481544,-0.0361646927095036,-0.0410929069105658,5,-0.0410929069105658,1.0
2000-02-02,FOMC_statement,https://www.federalreserve.gov/boarddocs/press/general/2000/20000202/default.htm,XLI,0.0167486468875101,-0.0232007598362099,-0.0222134960504665,4,-0.0327046951197688,0.6792142831210571
2000-02-02,FOMC_statement,https://www.federalreserve.gov/boarddocs/press/general/2000/20000202/default.htm,XLK,-0.0111614601431786,0.0426926866952401,0.046777016100521,5,0.046777016100521,1.0
2000-02-02,FOMC_statement,https://www.federalreserve.gov/boarddocs/press/general/2000/20000202/default.htm,XLP,0.0199388618311044,-0.0250058459978526,-0.0140570608504471,1,-0.0286230320464389,0.49111012514818436
2000-02-02,FOMC_statement,https://www.federalreserve.gov/boarddocs/press/general/2000/20000202/default.htm,XLU,0.0172010494270096,-0.0191429667697174,-0.0094353211168465,4,-0.0304400607668277,0.3099639382825647
2000-02-02,FOMC_statement,https://www.federalreserve.gov/boarddocs/press/general/2000/20000202/default.htm,XLV,-0.0031207678399027,-0.0132107431048116,-0.0126454364010741,4,-0.0157756618289266,0.8015788204769418
2000-02-02,FOMC_statement,https://www.federalreserve.gov/boarddocs/press/general/2000/20000202/default.htm,XLY,-0.0263337106462429,-0.0283025914380649,-0.0148391627990162,3,-0.0283025914380649,0.5243040317169904
2000-03-08,Beige_Book,https://www.federalreserve.gov/fomc/beigebook/2000/20000308/default.htm,XLB,0.0127198866085515,0.0093286727692988,0.0061623497963062,3,0.0093286727692988,0.6605816227777705
2000-03-08,Beige_Book,https://www.federalreserve.gov/fomc/beigebook/2000/20000308/default.htm,XLE,-0.0883486176173515,-0.0398326804841321,-0.0130562824535067,3,-0.0398326804841321,0.32777815338608335
2000-03-08,Beige_Book,https://www.federalreserve.gov/fomc/beigebook/2000/20000308/default.htm,XLF,0.0108016764758821,0.0057908052652443,0.0161380870412897,4,0.0161380870412897,1.0
2000-03-08,Beige_Book,https://www.federalreserve.gov/fomc/beigebook/2000/20000308/default.htm,XLI,0.0205625983114552,-0.0152576296154285,-0.0065910823822251,1,-0.0187874501804528,0.3508236785150718
2000-03-08,Beige_Book,https://www.federalreserve.gov/fomc/beigebook/2000/20000308/default.htm,XLK,0.008175948067197,0.0047168851717983,-0.0039013010766437,4,-0.0039013010766437,1.0
2000-03-08,Beige_Book,https://www.federalreserve.gov/fomc/beigebook/2000/20000308/default.htm,XLP,0.0343702885135291,-0.0140435416807732,-0.0055149962867647,3,-0.0140435416807732,0.3927069404661075
2000-03-08,Beige_Book,https://www.federalreserve.gov/fomc/beigebook/2000/20000308/default.htm,XLU,-0.0076993361407702,-0.0019127628710254,0.0055929030622782,4,0.0055929030622782,1.0
2000-03-08,Beige_Book,https://www.federalreserve.gov/fomc/beigebook/2000/20000308/default.htm,XLV,-0.0009778218970839,-0.0052610946911342,0.011772190492952,4,0.011772190492952,1.0
2000-03-08,Beige_Book,https://www.federalreserve.gov/fomc/beigebook/2000/20000308/default.htm,XLY,0.008538974918934,-0.0145367406664047,0.0015615218122518,4,0.0015615218122518,1.0
2000-03-21,FOMC_statement,https://www.federalreserve.gov/boarddocs/press/general/2000/20000321/default.htm,XLB,-0.017178454822552,-0.0289712511911358,-0.0225528785742101,1,-0.0317323762722778,0.7107213900622017
2000-03-21,FOMC_statement,https://www.federalreserve.gov/boarddocs/press/general/2000/20000321/default.htm,XLE,0.0106433633149258,-0.0357166950151581,-0.0217896679251121,3,-0.0357166950151581,0.610069546352612
2000-03-21,FOMC_statement,https://www.federalreserve.gov/boarddocs/press/general/2000/20000321/default.htm,XLF,0.0137765279050738,0.0258189116347185,0.0037377038056581,3,0.0258189116347185,0.14476612564226127
2000-03-21,FOMC_statement,https://www.federalreserve.gov/boarddocs/press/general/2000/20000321/default.htm,XLI,-0.0107675420683578,-0.0042845785396681,-0.0060754165980696,1,-0.0104839640463203,0.5794961305883123
2000-03-21,FOMC_statement,https://www.federalreserve.gov/boarddocs/press/general/2000/20000321/default.htm,XLK,-0.0009288633579087,0.0159782545911768,0.0346189388337827,4,0.0346189388337827,1.0
2000-03-21,FOMC_statement,https://www.federalreserve.gov/boarddocs/press/general/2000/20000321/default.htm,XLP,0.0037842041347418,-0.0631868247571162,-0.065513273220625,4,-0.065513273220625,1.0
2000-03-21,FOMC_statement,https://www.federalreserve.gov/boarddocs/press/general/2000/20000321/default.htm,XLU,-0.00099893003346,-0.0447571073084962,-0.0203202404020845,3,-0.0447571073084962,0.4540114771498454
2000-03-21,FOMC_statement,https://www.federalreserve.gov/boarddocs/press/general/2000/20000321/default.htm,XLV,-0.0242945005502238,0.0090212193001744,0.0125953371150306,1,0.0193942234152808,0.6494375590778578
2000-03-21,FOMC_statement,https://www.federalreserve.gov/boarddocs/press/general/2000/20000321/default.htm,XLY,0.0042929780932935,-0.0274088985202672,-0.0195824127372304,3,-0.0274088985202672,0.7144545674737861
2000-05-03,Beige_Book,https://www.federalreserve.gov/fomc/beigebook/2000/20000503/default.htm,XLB,-0.0508727972949006,-0.007942502325048,0.0179958976520376,4,0.0179958976520376,1.0
2000-05-03,Beige_Book,https://www.federalreserve.gov/fomc/beigebook/2000/20000503/default.htm,XLE,-0.0343515948398623,0.0366819891777633,0.0452025677793369,4,0.0452025677793369,1.0
2000-05-03,Beige_Book,https://www.federalreserve.gov/fomc/beigebook/2000/20000503/default.htm,XLF,-0.0101886680134507,-0.0011505017112811,0.0042022672556525,4,0.0042022672556525,1.0
2000-05-03,Beige_Book,https://www.federalreserve.gov/fomc/beigebook/2000/20000503/default.htm,XLI,-0.0096641007481095,0.0066815515213577,0.0067562252053372,4,0.0067562252053372,1.0
2000-05-03,Beige_Book,https://www.federalreserve.gov/fomc/beigebook/2000/20000503/default.htm,XLK,-0.0014864234358439,-0.0273643387935583,-0.0378529890494587,4,-0.0378529890494587,1.0
2000-05-03,Beige_Book,https://www.federalreserve.gov/fomc/beigebook/2000/20000503/default.htm,XLP,-0.0227359278346891,0.0321197469496491,0.044740928804751,4,0.044740928804751,1.0
2000-05-03,Beige_Book,https://www.federalreserve.gov/fomc/beigebook/2000/20000503/default.htm,XLU,0.0162308290524266,-0.00478422122808,-0.0001547958103281,2,-0.0190975954719843,0.00810551310269304
2000-05-03,Beige_Book,https://www.federalreserve.gov/fomc/beigebook/2000/20000503/default.htm,XLV,6.734621439830057e-05,-0.0143095747684854,-0.0133290755303741,2,-0.0239875208791873,0.5556670736215609
2000-05-03,Beige_Book,https://www.federalreserve.gov/fomc/beigebook/2000/20000503/default.htm,XLY,-0.0130950390694513,-0.0186773403182046,-0.0005345187075277,1,-0.0237682824253866,0.0224887393191183
2000-05-16,FOMC_statement,https://www.federalreserve.gov/boarddocs/press/general/2000/20000516/default.htm,XLB,-0.0002571451330013,0.035757742042072,0.0379109308238577,4,0.0379109308238577,1.0
2000-05-16,FOMC_statement,https://www.federalreserve.gov/boarddocs/press/general/2000/20000516/default.htm,XLE,-0.0034749086096792,0.043835398019783,0.0430141907145258,3,0.043835398019783,0.9812661150039841
2000-05-16,FOMC_statement,https://www.federalreserve.gov/boarddocs/press/general/2000/20000516/default.htm,XLF,-0.0273327705561043,0.016434040559719,0.0368823596961683,4,0.0368823596961683,1.0
2000-05-16,FOMC_statement,https://www.federalreserve.gov/boarddocs/press/general/2000/20000516/default.htm,XLI,0.0006714452199887,-0.000396565964823,-0.0102355004477164,4,-0.0102355004477164,1.0
2000-05-16,FOMC_statement,https://www.federalreserve.gov/boarddocs/press/general/2000/20000516/default.htm,XLK,-0.001416435760809,-0.0401343240448874,-0.0371100272603283,3,-0.0401343240448874,0.92464562798724
2000-05-16,FOMC_statement,https://www.federalreserve.gov/boarddocs/press/general/2000/20000516/default.htm,XLP,-0.007512211931782,0.0469414993494575,0.0512130837604628,4,0.0512130837604628,1.0
2000-05-16,FOMC_statement,https://www.federalreserve.gov/boarddocs/press/general/2000/20000516/default.htm,XLU,-0.0021370762278583,0.012700480813759,0.0269640026397987,4,0.0269640026397987,1.0
2000-05-16,FOMC_statement,https://www.federalreserve.gov/boarddocs/press/general/2000/20000516/default.htm,XLV,0.0006561442511781,-0.0004803369929683,-0.0043274193275306,4,-0.0043274193275306,1.0
2000-05-16,FOMC_statement,https://www.federalreserve.gov/boarddocs/press/general/2000/20000516/default.htm,XLY,0.0140179556372181,0.0091309227375048,0.0016679738718707,2,0.0188707696290751,0.08838928695842764
2000-06-14,Beige_Book,https://www.federalreserve.gov/fomc/beigebook/2000/20000614/default.htm,XLB,0.0471916144260813,-0.0341504858371202,-0.0528912385262688,5,-0.0528912385262688,1.0
2000-06-14,Beige_Book,https://www.federalreserve.gov/fomc/beigebook/2000/20000614/default.htm,XLE,0.0187656986139406,-0.0124443568277345,0.0040621968511013,2,0.0087118299492769,0.4662851404070934
2000-06-14,Beige_Book,https://www.federalreserve.gov/fomc/beigebook/2000/20000614/default.htm,XLF,0.0199926819622554,-0.0510064717976114,-0.0674078732763291,5,-0.0674078732763291,1.0
2000-06-14,Beige_Book,https://www.federalreserve.gov/fomc/beigebook/2000/20000614/default.htm,XLI,0.014486967714413,-0.0248539294570735,-0.0479637723054041,4,-0.0523213939690649,0.9167143431568882
2000-06-14,Beige_Book,https://www.federalreserve.gov/fomc/beigebook/2000/20000614/default.htm,XLK,-0.0024609238629564,0.0483814314873898,0.0640572033855971,5,0.0640572033855971,1.0
2000-06-14,Beige_Book,https://www.federalreserve.gov/fomc/beigebook/2000/20000614/default.htm,XLP,0.0075597667206672,-0.004675651613338,0.0015989994740494,1,0.0165467670158421,0.0966351597577035
2000-06-14,Beige_Book,https://www.federalreserve.gov/fomc/beigebook/2000/20000614/default.htm,XLU,-0.0027512866122252,-0.0068962381060674,-0.0103230265110054,4,-0.0139785901395202,0.7384883888840972
2000-06-14,Beige_Book,https://www.federalreserve.gov/fomc/beigebook/2000/20000614/default.htm,XLV,0.0325220399894343,0.0167356110264976,0.0145438132961143,1,0.0263667688502091,0.5515963438196927
2000-06-14,Beige_Book,https://www.federalreserve.gov/fomc/beigebook/2000/20000614/default.htm,XLY,-0.000722460907399,-0.0215166767388379,-0.0461134890963407,5,-0.0461134890963407,1.0
2000-06-28,FOMC_statement,https://www.federalreserve.gov/boarddocs/press/general/2000/20000628/default.htm,XLB,-0.0476881618536324,-0.0271656997118113,-0.004486794969855,2,-0.04124388832688,0.10878690520871204
2000-06-28,FOMC_statement,https://www.federalreserve.gov/boarddocs/press/general/2000/20000628/default.htm,XLE,-0.0003547194254065,-0.0169012219482498,-0.0403195928321589,4,-0.0403195928321589,1.0
2000-06-28,FOMC_statement,https://www.federalreserve.gov/boarddocs/press/general/2000/20000628/default.htm,XLF,-0.0170119828923887,-0.0185164405564869,0.0105005073471458,4,0.0105005073471458,1.0
2000-06-28,FOMC_statement,https://www.federalreserve.gov/boarddocs/press/general/2000/20000628/default.htm,XLI,-0.011796688434952,-0.0143858546120649,-0.0050752746875185,3,-0.0143858546120649,0.35279618933880014
2000-06-28,FOMC_statement,https://www.federalreserve.gov/boarddocs/press/general/2000/20000628/default.htm,XLK,0.0024315151774153,-0.004593359781844,-0.0186314227346167,4,-0.0186314227346167,1.0
2000-06-28,FOMC_statement,https://www.federalreserve.gov/boarddocs/press/general/2000/20000628/default.htm,XLP,-0.022756950939812,0.0094283641601335,0.029935466131496,4,0.029935466131496,1.0
2000-06-28,FOMC_statement,https://www.federalreserve.gov/boarddocs/press/general/2000/20000628/default.htm,XLU,0.0196554391685297,-0.0215828286809265,0.0053606973873719,4,0.0053606973873719,1.0
2000-06-28,FOMC_statement,https://www.federalreserve.gov/boarddocs/press/general/2000/20000628/default.htm,XLV,-0.005232366202156,0.0042319019275534,0.0286223448713275,4,0.0286223448713275,1.0
2000-06-28,FOMC_statement,https://www.federalreserve.gov/boarddocs/press/general/2000/20000628/default.htm,XLY,-0.0359790214436837,-0.0043543639041397,0.0257287424569976,4,0.0257287424569976,1.0
2000-08-09,Beige_Book,https://www.federalreserve.gov/fomc/beigebook/2000/20000809/default.htm,XLB,-0.0207419952382654,-0.0069886976791632,-0.0001987464384567,1,-0.0100836989262323,0.019709675974127896
2000-08-09,Beige_Book,https://www.federalreserve.gov/fomc/beigebook/2000/20000809/default.htm,XLE,0.0017408012062243,0.0095423825946735,0.0064350685270168,1,0.0139477224106842,0.4613705619841864
2000-08-09,Beige_Book,https://www.federalreserve.gov/fomc/beigebook/2000/20000809/default.htm,XLF,0.003797120663384,0.0100819363454075,-0.0073526161724415,4,-0.0073526161724415,1.0
2000-08-09,Beige_Book,https://www.federalreserve.gov/fomc/beigebook/2000/20000809/default.htm,XLI,-0.0050340171516662,0.0062976432996897,-0.0053905377817797,4,-0.0053905377817797,1.0
2000-08-09,Beige_Book,https://www.federalreserve.gov/fomc/beigebook/2000/20000809/default.htm,XLK,0.0020119782926375,-0.0097230054492265,-0.0065246201498828,2,-0.0174850964176138,0.3731532268423841
2000-08-09,Beige_Book,https://www.federalreserve.gov/fomc/beigebook/2000/20000809/default.htm,XLP,-0.0006220097135452,0.0154425198890043,0.0143677333861259,2,0.024965185960735,0.575510769626284
2000-08-09,Beige_Book,https://www.federalreserve.gov/fomc/beigebook/2000/20000809/default.htm,XLU,0.0300146501406722,0.0047095332037855,0.0121325552997719,4,0.0121325552997719,1.0
2000-08-09,Beige_Book,https://www.federalreserve.gov/fomc/beigebook/2000/20000809/default.htm,XLV,0.0006756890993977,0.0072556508665503,0.0029588259725118,2,0.0085523138128958,0.34596789094084307
2000-08-09,Beige_Book,https://www.federalreserve.gov/fomc/beigebook/2000/20000809/default.htm,XLY,-0.0258887112514982,-0.0142313811187622,-0.0422284843088401,4,-0.0422284843088401,1.0
2000-08-22,FOMC_statement,https://www.federalreserve.gov/boarddocs/press/general/2000/20000822/default.htm,XLB,0.0106874151682181,-0.0150453037813144,-0.019992948371764,4,-0.019992948371764,1.0
2000-08-22,FOMC_statement,https://www.federalreserve.gov/boarddocs/press/general/2000/20000822/default.htm,XLE,0.0015688380861127,0.0006569004205344,0.0010795975512746,1,0.0220857615736262,0.048882061307942655
2000-08-22,FOMC_statement,https://www.federalreserve.gov/boarddocs/press/general/2000/20000822/default.htm,XLF,-0.0025169666354949,-0.0347185207523561,-0.0192162919073384,3,-0.0347185207523561,0.5534882100653533
2000-08-22,FOMC_statement,https://www.federalreserve.gov/boarddocs/press/general/2000/20000822/default.htm,XLI,-0.0088136943921557,0.0034343064547117,0.0134575355721837,4,0.0134575355721837,1.0
2000-08-22,FOMC_statement,https://www.federalreserve.gov/boarddocs/press/general/2000/20000822/default.htm,XLK,0.0008157032003341,0.009115059586139,0.013900380785616,4,0.013900380785616,1.0
2000-08-22,FOMC_statement,https://www.federalreserve.gov/boarddocs/press/general/2000/20000822/default.htm,XLP,-0.0048669469425566,-0.0027679476544592,-0.0093621537470292,4,-0.0093621537470292,1.0
2000-08-22,FOMC_statement,https://www.federalreserve.gov/boarddocs/press/general/2000/20000822/default.htm,XLU,-0.0012602164370796,-0.0021371893605913,0.0123119522473799,4,0.0123119522473799,1.0
2000-08-22,FOMC_statement,https://www.federalreserve.gov/boarddocs/press/general/2000/20000822/default.htm,XLV,0.0023164324646034,0.0085671358482848,-0.0046410594156396,2,-0.0086269364874611,0.5379730594267376
2000-08-22,FOMC_statement,https://www.federalreserve.gov/boarddocs/press/general/2000/20000822/default.htm,XLY,0.0293238626503835,-0.0035891463539007,-0.0231568629043773,4,-0.0231568629043773,1.0
2000-09-20,Beige_Book,https://www.federalreserve.gov/fomc/beigebook/2000/20000920/default.htm,XLB,0.0363768900504718,-0.003886790042533,-0.0009540551828187,2,-0.0083070400586707,0.11484899267132809
2000-09-20,Beige_Book,https://www.federalreserve.gov/fomc/beigebook/2000/20000920/default.htm,XLE,0.0357282965756932,-0.0250359674898059,0.0115547489683877,4,0.0115547489683877,1.0
2000-09-20,Beige_Book,https://www.federalreserve.gov/fomc/beigebook/2000/20000920/default.htm,XLF,-0.0123711562777779,0.0283188617289676,0.034532391617933,4,0.034532391617933,1.0
2000-09-20,Beige_Book,https://www.federalreserve.gov/fomc/beigebook/2000/20000920/default.htm,XLI,0.0205200186868346,0.029404030808049,0.0432063680446364,4,0.0432063680446364,1.0
2000-09-20,Beige_Book,https://www.federalreserve.gov/fomc/beigebook/2000/20000920/default.htm,XLK,-0.0299697172384814,-0.065704207905776,-0.0739854962549739,4,-0.0739854962549739,1.0
2000-09-20,Beige_Book,https://www.federalreserve.gov/fomc/beigebook/2000/20000920/default.htm,XLP,0.0077528069056373,0.0556285099579033,0.0595604403760541,4,0.0595604403760541,1.0
2000-09-20,Beige_Book,https://www.federalreserve.gov/fomc/beigebook/2000/20000920/default.htm,XLU,0.0255506736781958,0.0442094703802161,0.0713351473372614,4,0.0713351473372614,1.0
2000-09-20,Beige_Book,https://www.federalreserve.gov/fomc/beigebook/2000/20000920/default.htm,XLV,0.0155150724213746,0.0196269968576419,0.0324082996758207,4,0.0324082996758207,1.0
2000-09-20,Beige_Book,https://www.federalreserve.gov/fomc/beigebook/2000/20000920/default.htm,XLY,0.026012516209288,0.0192701248045721,0.0097745959604644,1,0.0522425878895769,0.1871001486588792
2000-10-03,FOMC_statement,https://www.federalreserve.gov/boarddocs/press/general/2000/20001003/default.htm,XLB,0.0247388659002193,0.0007698417598613,0.0108264307899593,4,0.0108264307899593,1.0
2000-10-03,FOMC_statement,https://www.federalreserve.gov/boarddocs/press/general/2000/20001003/default.htm,XLE,-0.0189833460956105,-0.0253798608699121,-0.0023439061578176,2,-0.0427115956349027,0.05487751330700056
2000-10-03,FOMC_statement,https://www.federalreserve.gov/boarddocs/press/general/2000/20001003/default.htm,XLF,-0.0124858912463121,-0.0348307770620929,-0.0428879368559446,4,-0.0428879368559446,1.0
2000-10-03,FOMC_statement,https://www.federalreserve.gov/boarddocs/press/general/2000/20001003/default.htm,XLI,0.0117472835897544,-0.0091770514051151,0.00455278687594,4,0.00455278687594,1.0
2000-10-03,FOMC_statement,https://www.federalreserve.gov/boarddocs/press/general/2000/20001003/default.htm,XLK,0.0089355131144474,0.0017786553027628,0.0036829766970858,1,0.0185150328113898,0.19891818365129557
2000-10-03,FOMC_statement,https://www.federalreserve.gov/boarddocs/press/general/2000/20001003/default.htm,XLP,0.0033985917401052,0.0195324048316734,0.0227190711815717,4,0.0227190711815717,1.0
2000-10-03,FOMC_statement,https://www.federalreserve.gov/boarddocs/press/general/2000/20001003/default.htm,XLU,-0.0042856777639948,0.0138008368891118,0.0213327509223074,4,0.0213327509223074,1.0
2000-10-03,FOMC_statement,https://www.federalreserve.gov/boarddocs/press/general/2000/20001003/default.htm,XLV,-0.0113805559847406,0.0033105542904605,0.0044521769063174,2,0.0050383722047473,0.8836538321091939
2000-10-03,FOMC_statement,https://www.federalreserve.gov/boarddocs/press/general/2000/20001003/default.htm,XLY,0.0172165130756971,-0.0169840771955518,-0.0029458874988735,3,-0.0169840771955518,0.17344995933279436
2000-11-01,Beige_Book,https://www.federalreserve.gov/fomc/beigebook/2000/20001101/default.htm,XLB,0.0100679553805747,-0.0139612337128059,0.0315160989626343,5,0.0315160989626343,1.0
2000-11-01,Beige_Book,https://www.federalreserve.gov/fomc/beigebook/2000/20001101/default.htm,XLE,0.010322743973931,-0.0443181515681575,-0.0042871000926273,3,-0.0443181515681575,0.09673463222025651
2000-11-01,Beige_Book,https://www.federalreserve.gov/fomc/beigebook/2000/20001101/default.htm,XLF,0.0090148110298151,0.0066181629782487,0.0079951367374911,5,0.0079951367374911,1.0
2000-11-01,Beige_Book,https://www.federalreserve.gov/fomc/beigebook/2000/20001101/default.htm,XLI,-0.019035601074969,-0.0101204704544287,0.0097966848139776,5,0.0097966848139776,1.0
2000-11-01,Beige_Book,https://www.federalreserve.gov/fomc/beigebook/2000/20001101/default.htm,XLK,-0.0291387817768919,0.0086239960969785,-0.0144525003723959,5,-0.0144525003723959,1.0
2000-11-01,Beige_Book,https://www.federalreserve.gov/fomc/beigebook/2000/20001101/default.htm,XLP,0.0207305810380241,-0.0031371483447273,0.0322872525090567,5,0.0322872525090567,1.0
2000-11-01,Beige_Book,https://www.federalreserve.gov/fomc/beigebook/2000/20001101/default.htm,XLU,0.0093960341493162,-0.0179571053319941,0.0109266632042505,5,0.0109266632042505,1.0
2000-11-01,Beige_Book,https://www.federalreserve.gov/fomc/beigebook/2000/20001101/default.htm,XLV,-0.0055183233109816,0.0028993730124666,0.0211671902811624,5,0.0211671902811624,1.0
2000-11-01,Beige_Book,https://www.federalreserve.gov/fomc/beigebook/2000/20001101/default.htm,XLY,-0.0272549644214092,-0.0014274823654734,0.022329265146005,5,0.022329265146005,1.0
2000-11-15,FOMC_statement,https://www.federalreserve.gov/boarddocs/press/general/2000/20001115/default.htm,XLB,0.0182596668111034,-0.0069946063419186,0.0027026532452238,5,0.0027026532452238,1.0
2000-11-15,FOMC_statement,https://www.federalreserve.gov/boarddocs/press/general/2000/20001115/default.htm,XLE,0.0203846570058798,0.0262246237128433,0.0516606627461303,5,0.0516606627461303,1.0
2000-11-15,FOMC_statement,https://www.federalreserve.gov/boarddocs/press/general/2000/20001115/default.htm,XLF,0.0206357090919984,-0.0057739002415667,-0.0087459513513561,5,-0.0087459513513561,1.0
2000-11-15,FOMC_statement,https://www.federalreserve.gov/boarddocs/press/general/2000/20001115/default.htm,XLI,0.0065485864928398,0.0221367479094896,0.037006229890799,5,0.037006229890799,1.0
2000-11-15,FOMC_statement,https://www.federalreserve.gov/boarddocs/press/general/2000/20001115/default.htm,XLK,-0.0279290660815207,-0.0294503440637429,-0.0422426329381506,5,-0.0422426329381506,1.0
2000-11-15,FOMC_statement,https://www.federalreserve.gov/boarddocs/press/general/2000/20001115/default.htm,XLP,0.0139189434495266,0.0347402385576613,0.0669346647364443,5,0.0669346647364443,1.0
2000-11-15,FOMC_statement,https://www.federalreserve.gov/boarddocs/press/general/2000/20001115/default.htm,XLU,0.0435985752239718,0.0415608723272876,0.0581131345235675,5,0.0581131345235675,1.0
2000-11-15,FOMC_statement,https://www.federalreserve.gov/boarddocs/press/general/2000/20001115/default.htm,XLV,0.0021485389286968,0.0111393504384481,-0.0032620581012877,4,-0.0174290638082185,0.18716198053905278
2000-11-15,FOMC_statement,https://www.federalreserve.gov/boarddocs/press/general/2000/20001115/default.htm,XLY,-0.0035618125438297,-0.0006894310404962,-0.0005052225281902,4,-0.0137300492037868,0.036796847607134406
2000-12-06,Beige_Book,https://www.federalreserve.gov/fomc/beigebook/2000/20001206/default.htm,XLB,0.025358185370591,-0.0364701298551639,-0.0367885424388058,4,-0.0367885424388058,1.0
2000-12-06,Beige_Book,https://www.federalreserve.gov/fomc/beigebook/2000/20001206/default.htm,XLE,0.0537056583795085,-0.0044584298735509,0.0113880683275106,1,0.0301142186575953,0.3781625037991262
2000-12-06,Beige_Book,https://www.federalreserve.gov/fomc/beigebook/2000/20001206/default.htm,XLF,-0.0088572927121377,0.015928392211558,0.0084029218877249,2,0.0425683341003717,0.19739841986561382
2000-12-06,Beige_Book,https://www.federalreserve.gov/fomc/beigebook/2000/20001206/default.htm,XLI,-0.0036535380133744,0.0020835968667687,-0.0084941117089086,4,-0.0084941117089086,1.0
2000-12-06,Beige_Book,https://www.federalreserve.gov/fomc/beigebook/2000/20001206/default.htm,XLK,-0.0618327605855779,0.0276374012791053,0.0115446500467872,3,0.0276374012791053,0.41771836397350787
2000-12-06,Beige_Book,https://www.federalreserve.gov/fomc/beigebook/2000/20001206/default.htm,XLP,0.0406932346420836,-0.026644673477812,-0.0182971199414312,3,-0.026644673477812,0.6867083568003897
2000-12-06,Beige_Book,https://www.federalreserve.gov/fomc/beigebook/2000/20001206/default.htm,XLU,0.0263470837515538,-0.0452533685542195,-0.0381667901492945,3,-0.0452533685542195,0.8434021901279163
2000-12-06,Beige_Book,https://www.federalreserve.gov/fomc/beigebook/2000/20001206/default.htm,XLV,0.0067826643149466,-0.0080016628943839,-0.0015205867148495,3,-0.0080016628943839,0.19003383858082162
2000-12-06,Beige_Book,https://www.federalreserve.gov/fomc/beigebook/2000/20001206/default.htm,XLY,0.0089701632138718,-0.0386811353052611,-0.0325192798229585,3,-0.0386811353052611,0.8407012763799486
2000-12-19,FOMC_statement,https://www.federalreserve.gov/boarddocs/press/general/2000/20001219/default.htm,XLB,-0.0014491392774262,0.0418600246990782,0.0418600246990782,3,0.0418600246990782,1.0
2000-12-19,FOMC_statement,https://www.federalreserve.gov/boarddocs/press/general/2000/20001219/default.htm,XLE,-0.0175860047211473,-0.0166325111418099,-0.0166325111418099,3,-0.0166325111418099,1.0
2000-12-19,FOMC_statement,https://www.federalreserve.gov/boarddocs/press/general/2000/20001219/default.htm,XLF,-0.0159333524830493,0.0142851946894573,0.0142851946894573,2,0.0360871648894971,0.39585250692871415
2000-12-19,FOMC_statement,https://www.federalreserve.gov/boarddocs/press/general/2000/20001219/default.htm,XLI,-0.0052323886150753,-0.0112394605909835,-0.0112394605909835,3,-0.0112394605909835,1.0
2000-12-19,FOMC_statement,https://www.federalreserve.gov/boarddocs/press/general/2000/20001219/default.htm,XLK,0.0331820797462982,-0.0108207557363011,-0.0108207557363011,2,-0.0497076642774667,0.21768787356211233
2000-12-19,FOMC_statement,https://www.federalreserve.gov/boarddocs/press/general/2000/20001219/default.htm,XLP,0.0076215562065866,-0.0130430917629861,-0.0130430917629861,3,-0.0130430917629861,1.0
2000-12-19,FOMC_statement,https://www.federalreserve.gov/boarddocs/press/general/2000/20001219/default.htm,XLU,0.0151159222726233,-0.0072885293358895,-0.0072885293358895,3,-0.0072885293358895,1.0
2000-12-19,FOMC_statement,https://www.federalreserve.gov/boarddocs/press/general/2000/20001219/default.htm,XLV,0.0188258554052278,-0.0290839018784949,-0.0290839018784949,3,-0.0290839018784949,1.0
2000-12-19,FOMC_statement,https://www.federalreserve.gov/boarddocs/press/general/2000/20001219/default.htm,XLY,-0.0083762804350793,0.0277629370753863,0.0277629370753863,2,0.0408919203463934,0.6789345386621087
2001-01-03,FOMC_statement,https://www.federalreserve.gov/boarddocs/press/general/2001/20010103/default.htm,XLB,0.0015905600019201,0.0511152574550111,0.0044883753512389,2,0.0559319467609662,0.08024707901587377
2001-01-03,FOMC_statement,https://www.federalreserve.gov/boarddocs/press/general/2001/20010103/default.htm,XLE,-0.0204580025715417,0.0227324076437329,-0.0058178351248286,1,-0.020243407190607,0.2873940671177178
2001-01-03,FOMC_statement,https://www.federalreserve.gov/boarddocs/press/general/2001/20010103/default.htm,XLF,0.0099683482550518,-0.0131810972010534,-0.028374246196797,5,-0.028374246196797,1.0
2001-01-03,FOMC_statement,https://www.federalreserve.gov/boarddocs/press/general/2001/20010103/default.htm,XLI,0.0263961943875851,0.006638194443697,0.004076828281733,2,0.0225755097104242,0.18058632270218608
2001-01-03,FOMC_statement,https://www.federalreserve.gov/boarddocs/press/general/2001/20010103/default.htm,XLK,0.0397804126930209,-0.0177056080029842,0.0197337513947396,1,0.0208008742342515,0.948698173572208
2001-01-03,FOMC_statement,https://www.federalreserve.gov/boarddocs/press/general/2001/20010103/default.htm,XLP,-0.0049740808056205,0.0094197685083837,-0.0006695493789268,1,-0.0287471967041662,0.023290945055166552
2001-01-03,FOMC_statement,https://www.federalreserve.gov/boarddocs/press/general/2001/20010103/default.htm,XLU,-0.0030376916512863,0.0251508846136795,0.0122069536915065,4,0.0322336817621626,0.3787018120230867
2001-01-03,FOMC_statement,https://www.federalreserve.gov/boarddocs/press/general/2001/20010103/default.htm,XLV,0.0226076228059861,0.0237378192578373,0.0289151709811468,2,0.0458590805825102,0.6305222567452542
2001-01-03,FOMC_statement,https://www.federalreserve.gov/boarddocs/press/general/2001/20010103/default.htm,XLY,-0.0162715056646594,0.0035649463865219,-0.0130681997392964,5,-0.0130681997392964,1.0
2001-01-17,Beige_Book,https://www.federalreserve.gov/fomc/beigebook/2001/20010117/default.htm,XLB,-0.0268883892075544,-0.0362460194590014,-0.0400026901688795,4,-0.0409580961813612,0.9766735736873318
2001-01-17,Beige_Book,https://www.federalreserve.gov/fomc/beigebook/2001/20010117/default.htm,XLE,0.0068869514185205,-0.0237135801876562,-0.0199153068358987,1,-0.028895400846755,0.6892206459262606
2001-01-17,Beige_Book,https://www.federalreserve.gov/fomc/beigebook/2001/20010117/default.htm,XLF,-0.011297538426898,-0.0149758265750644,-0.0101026423060327,2,-0.026068572029633,0.38754107031826274
2001-01-17,Beige_Book,https://www.federalreserve.gov/fomc/beigebook/2001/20010117/default.htm,XLI,-0.003214407239976,-0.0168753984012041,-0.0200988569079675,5,-0.0200988569079675,1.0
2001-01-17,Beige_Book,https://www.federalreserve.gov/fomc/beigebook/2001/20010117/default.htm,XLK,0.0179883311351077,0.0368838921213294,0.0550778523427502,2,0.0619954995008136,0.8884169461692519
2001-01-17,Beige_Book,https://www.federalreserve.gov/fomc/beigebook/2001/20010117/default.htm,XLP,-0.0075642807681624,-0.004803604793848,-0.0126346027123335,5,-0.0126346027123335,1.0
2001-01-17,Beige_Book,https://www.federalreserve.gov/fomc/beigebook/2001/20010117/default.htm,XLU,0.0224077066668166,0.0018489478609999,-0.0085117473674026,5,-0.0085117473674026,1.0
2001-01-17,Beige_Book,https://www.federalreserve.gov/fomc/beigebook/2001/20010117/default.htm,XLV,-0.0042239028084363,-0.0455970019732172,-0.0427417217551493,3,-0.0455970019732172,0.937380088722828
2001-01-17,Beige_Book,https://www.federalreserve.gov/fomc/beigebook/2001/20010117/default.htm,XLY,-0.0168912583508831,-0.0279197529413379,-0.0258712983043618,2,-0.0590791601826892,0.43790903974194195
2001-01-31,FOMC_statement,https://www.federalreserve.gov/boarddocs/press/general/2001/20010131/default.htm,XLB,-0.0289222375159081,0.019738831231704,0.0193162734728027,3,0.019738831231704,0.9785925643752099
2001-01-31,FOMC_statement,https://www.federalreserve.gov/boarddocs/press/general/2001/20010131/default.htm,XLE,0.0002185996516288,0.0328105729803936,0.0500275157051803,5,0.0500275157051803,1.0
2001-01-31,FOMC_statement,https://www.federalreserve.gov/boarddocs/press/general/2001/20010131/default.htm,XLF,-1.6317833813062066e-05,0.0195498489605279,0.0057702751485338,2,0.0201259199419292,0.2867086406575799
2001-01-31,FOMC_statement,https://www.federalreserve.gov/boarddocs/press/general/2001/20010131/default.htm,XLI,-0.0074488807061474,-0.0027312792269571,0.0015566367039192,4,0.0050513515434005,0.3081624176311621
2001-01-31,FOMC_statement,https://www.federalreserve.gov/boarddocs/press/general/2001/20010131/default.htm,XLK,0.0064259372499808,-0.0419923956804223,-0.0537691540292807,5,-0.0537691540292807,1.0
2001-01-31,FOMC_statement,https://www.federalreserve.gov/boarddocs/press/general/2001/20010131/default.htm,XLP,-0.0027051541984954,0.0230140683444649,0.0374505633232875,5,0.0374505633232875,1.0
2001-01-31,FOMC_statement,https://www.federalreserve.gov/boarddocs/press/general/2001/20010131/default.htm,XLU,0.0087847846830697,0.0171357286228258,0.0315831243428226,5,0.0315831243428226,1.0
2001-01-31,FOMC_statement,https://www.federalreserve.gov/boarddocs/press/general/2001/20010131/default.htm,XLV,0.0108221874349607,0.0095503368656338,0.0282587913804439,5,0.0282587913804439,1.0
2001-01-31,FOMC_statement,https://www.federalreserve.gov/boarddocs/press/general/2001/20010131/default.htm,XLY,0.0058860084974798,-0.0173361830749637,-0.0059883337108725,3,-0.0173361830749637,0.34542400048374194
2001-03-07,Beige_Book,https://www.federalreserve.gov/fomc/beigebook/2001/20010307/default.htm,XLB,0.0130117477141125,0.0264823697383345,0.0017257856759765,3,0.0264823697383345,0.06516734314294927
2001-03-07,Beige_Book,https://www.federalreserve.gov/fomc/beigebook/2001/20010307/default.htm,XLE,0.0055928463914998,0.0434692412017786,0.0151988346230157,3,0.0434692412017786,0.349645731161137
2001-03-07,Beige_Book,https://www.federalreserve.gov/fomc/beigebook/2001/20010307/default.htm,XLF,0.0078204295782449,0.0030188743877338,0.0133572602900567,4,0.0133572602900567,1.0
2001-03-07,Beige_Book,https://www.federalreserve.gov/fomc/beigebook/2001/20010307/default.htm,XLI,-0.0036770729284818,0.0016546686261148,-0.0133723326386382,4,-0.0133723326386382,1.0
2001-03-07,Beige_Book,https://www.federalreserve.gov/fomc/beigebook/2001/20010307/default.htm,XLK,-0.0315106973136265,-0.0674392911896729,-0.034064216480531,3,-0.0674392911896729,0.5051093491585705
2001-03-07,Beige_Book,https://www.federalreserve.gov/fomc/beigebook/2001/20010307/default.htm,XLP,0.0310894064634297,0.0550320362887674,0.0334839543984492,3,0.0550320362887674,0.6084447652045836
2001-03-07,Beige_Book,https://www.federalreserve.gov/fomc/beigebook/2001/20010307/default.htm,XLU,0.0120067002101057,0.0839950912959931,0.0443233480809953,3,0.0839950912959931,0.527689742306521
2001-03-07,Beige_Book,https://www.federalreserve.gov/fomc/beigebook/2001/20010307/default.htm,XLV,0.0072276577535097,0.0181707497761255,0.0021076124585562,2,0.0253861746005612,0.08302205793974206
2001-03-07,Beige_Book,https://www.federalreserve.gov/fomc/beigebook/2001/20010307/default.htm,XLY,-0.0146222138604523,0.0402007714833854,0.019239067559408,3,0.0402007714833854,0.478574585747921
2001-03-20,FOMC_statement,https://www.federalreserve.gov/boarddocs/press/general/2001/20010320/default.htm,XLB,-0.0033572143638289,-0.0562393049850394,-0.0588657914060041,4,-0.0588657914060041,1.0
2001-03-20,FOMC_statement,https://www.federalreserve.gov/boarddocs/press/general/2001/20010320/default.htm,XLE,0.0076274307988455,-0.0532836037291855,-0.0529346940724877,3,-0.0532836037291855,0.9934518382339315
2001-03-20,FOMC_statement,https://www.federalreserve.gov/boarddocs/press/general/2001/20010320/default.htm,XLF,0.0087860104651122,-0.0156656838531287,-0.0125208715622334,2,-0.0276815226091163,0.4523187448550943
2001-03-20,FOMC_statement,https://www.federalreserve.gov/boarddocs/press/general/2001/20010320/default.htm,XLI,0.0003534928695791,-0.0360996481545642,-0.0308386564001029,3,-0.0360996481545642,0.8542647359903386
2001-03-20,FOMC_statement,https://www.federalreserve.gov/boarddocs/press/general/2001/20010320/default.htm,XLK,-0.0107075303004906,0.0688871398624849,0.0430748112771532,2,0.0777835831004759,0.5537776682453918
2001-03-20,FOMC_statement,https://www.federalreserve.gov/boarddocs/press/general/2001/20010320/default.htm,XLP,0.0088280817059844,-0.0146029999444191,-0.0138598925665441,3,-0.0146029999444191,0.9491126904948735
2001-03-20,FOMC_statement,https://www.federalreserve.gov/boarddocs/press/general/2001/20010320/default.htm,XLU,0.0077220212216573,-0.0397214723972626,-0.0193134092471162,3,-0.0397214723972626,0.4862208795776458
2001-03-20,FOMC_statement,https://www.federalreserve.gov/boarddocs/press/general/2001/20010320/default.htm,XLV,0.0203462688737914,-0.0290114203410923,-0.0243223449001902,3,-0.0290114203410923,0.8383713935487533
2001-03-20,FOMC_statement,https://www.federalreserve.gov/boarddocs/press/general/2001/20010320/default.htm,XLY,0.0085816525296669,-0.02916545593927,-0.0244443168682335,3,-0.02916545593927,0.8381256551974662
2001-04-18,FOMC_statement,https://www.federalreserve.gov/boarddocs/press/general/2001/20010418/default.htm,XLB,0.0155181931205912,-0.0117932434880126,-0.018532776779346,1,-0.0294864580195119,0.628518242750025
2001-04-18,FOMC_statement,https://www.federalreserve.gov/boarddocs/press/general/2001/20010418/default.htm,XLE,0.0088483045221248,0.033881693223564,0.0422814374795974,5,0.0422814374795974,1.0
2001-04-18,FOMC_statement,https://www.federalreserve.gov/boarddocs/press/general/2001/20010418/default.htm,XLF,0.0057918374069509,-0.0101830599136359,-0.0122708442876556,2,-0.0159449392688986,0.7695761069213035
2001-04-18,FOMC_statement,https://www.federalreserve.gov/boarddocs/press/general/2001/20010418/default.htm,XLI,0.0015254434120983,-0.0006274054965292,0.0050630683307351,5,0.0050630683307351,1.0
2001-04-18,FOMC_statement,https://www.federalreserve.gov/boarddocs/press/general/2001/20010418/default.htm,XLK,0.0036904798358337,0.0101800559229006,0.004538262643045,1,0.0497404887780688,0.09123880272455176
2001-04-18,FOMC_statement,https://www.federalreserve.gov/boarddocs/press/general/2001/20010418/default.htm,XLP,-0.0079704855420521,0.0039266344712795,0.004491761413202,5,0.004491761413202,1.0
2001-04-18,FOMC_statement,https://www.federalreserve.gov/boarddocs/press/general/2001/20010418/default.htm,XLU,-0.0090524808141216,0.0062299946576843,0.0208306745144624,5,0.0208306745144624,1.0
2001-04-18,FOMC_statement,https://www.federalreserve.gov/boarddocs/press/general/2001/20010418/default.htm,XLV,-0.003107770365414,-0.0053138394887941,0.0014568593710923,4,0.0029111042543138,0.5004490543179492
2001-04-18,FOMC_statement,https://www.federalreserve.gov/boarddocs/press/general/2001/20010418/default.htm,XLY,0.0003303313210663,-0.0002964795563168,-0.0246726823652652,5,-0.0246726823652652,1.0
2001-05-02,Beige_Book,https://www.federalreserve.gov/fomc/beigebook/2001/20010502/default.htm,XLB,-0.0082327303400242,0.0076658677586171,0.0108169436119216,2,0.0109275551204212,0.9898777441723545
2001-05-02,Beige_Book,https://www.federalreserve.gov/fomc/beigebook/2001/20010502/default.htm,XLE,0.0095742823465936,0.0179770475234889,0.0175366235720089,3,0.0179770475234889,0.9755007627974204
2001-05-02,Beige_Book,https://www.federalreserve.gov/fomc/beigebook/2001/20010502/default.htm,XLF,-0.0052837065137492,0.0104800695110903,0.0006425533785682,1,0.0130534162774116,0.04922492050453583
2001-05-02,Beige_Book,https://www.federalreserve.gov/fomc/beigebook/2001/20010502/default.htm,XLI,-0.0060332828063378,0.0085582020630696,0.0106983225571953,4,0.0106983225571953,1.0
2001-05-02,Beige_Book,https://www.federalreserve.gov/fomc/beigebook/2001/20010502/default.htm,XLK,-0.0208708888534179,-0.014179144188986,-0.0092998479687952,2,-0.0218018243559189,0.4265628333195161
2001-05-02,Beige_Book,https://www.federalreserve.gov/fomc/beigebook/2001/20010502/default.htm,XLP,-0.0080308618437074,0.0075258238674924,0.0044600233730299,1,0.0075634908113232,0.589677899304493
2001-05-02,Beige_Book,https://www.federalreserve.gov/fomc/beigebook/2001/20010502/default.htm,XLU,-0.0063721684498316,0.0069150189223647,-0.0069512935226626,4,-0.0069512935226626,1.0
2001-05-02,Beige_Book,https://www.federalreserve.gov/fomc/beigebook/2001/20010502/default.htm,XLV,-0.0125456219464328,-0.0095509181509141,-0.0256675152853108,4,-0.0256675152853108,1.0
2001-05-02,Beige_Book,https://www.federalreserve.gov/fomc/beigebook/2001/20010502/default.htm,XLY,-0.007910019708202,-0.0056571245078277,-0.0059077743905707,2,-0.0067280563622206,0.878080395364113
2001-05-15,FOMC_statement,https://www.federalreserve.gov/boarddocs/press/general/2001/20010515/default.htm,XLB,-0.0050443795369714,0.0277772098990853,0.0216688836569249,2,0.0372432235362518,0.5818208414702032
2001-05-15,FOMC_statement,https://www.federalreserve.gov/boarddocs/press/general/2001/20010515/default.htm,XLE,-0.0135654466953563,0.0027932433621575,-0.0142350639300448,1,-0.0152360412323577,0.934302008832382
2001-05-15,FOMC_statement,https://www.federalreserve.gov/boarddocs/press/general/2001/20010515/default.htm,XLF,-0.0063504709845358,-0.0136911165968357,-0.0143243627463992,4,-0.0143243627463992,1.0
2001-05-15,FOMC_statement,https://www.federalreserve.gov/boarddocs/press/general/2001/20010515/default.htm,XLI,-0.0026546567744234,0.0223323168171365,0.0173130960601433,2,0.0237613988136697,0.7286227631591808
2001-05-15,FOMC_statement,https://www.federalreserve.gov/boarddocs/press/general/2001/20010515/default.htm,XLK,0.0160330256090035,0.0211989067972413,0.0508985966544428,4,0.0508985966544428,1.0
2001-05-15,FOMC_statement,https://www.federalreserve.gov/boarddocs/press/general/2001/20010515/default.htm,XLP,-0.0067391621379471,0.0004435542995453,-0.0150479585592887,4,-0.0150479585592887,1.0
2001-05-15,FOMC_statement,https://www.federalreserve.gov/boarddocs/press/general/2001/20010515/default.htm,XLU,-0.0112778718451638,-0.0081870562463853,-0.01930471106011,4,-0.01930471106011,1.0
2001-05-15,FOMC_statement,https://www.federalreserve.gov/boarddocs/press/general/2001/20010515/default.htm,XLV,0.0064871512793146,0.0093309612695255,0.0098913335014532,2,0.0112348099200605,0.8804184113334723
2001-05-15,FOMC_statement,https://www.federalreserve.gov/boarddocs/press/general/2001/20010515/default.htm,XLY,0.0044984475234171,-0.0029120521526768,-0.006437873048573,1,-0.0113578167152272,0.566823114863429
2001-06-13,Beige_Book,https://www.federalreserve.gov/fomc/beigebook/2001/20010613/default.htm,XLB,0.0069134664525515,-0.0126527415246617,-0.0109405603869681,4,-0.0147516923381563,0.7416478147845833
2001-06-13,Beige_Book,https://www.federalreserve.gov/fomc/beigebook/2001/20010613/default.htm,XLE,-0.0093483286921176,0.0017272990028303,-0.0275853049201518,5,-0.0275853049201518,1.0
2001-06-13,Beige_Book,https://www.federalreserve.gov/fomc/beigebook/2001/20010613/default.htm,XLF,-0.0049394631741797,0.0158622332510146,0.0206543018330161,5,0.0206543018330161,1.0
2001-06-13,Beige_Book,https://www.federalreserve.gov/fomc/beigebook/2001/20010613/default.htm,XLI,-0.0083706001673014,0.0125534791395928,-0.0030646041768921,5,-0.0030646041768921,1.0
2001-06-13,Beige_Book,https://www.federalreserve.gov/fomc/beigebook/2001/20010613/default.htm,XLK,0.0059615687573922,-0.0444022863690208,-0.0397220042823739,4,-0.0448950164554696,0.8847753585695486
2001-06-13,Beige_Book,https://www.federalreserve.gov/fomc/beigebook/2001/20010613/default.htm,XLP,-0.0135234487917599,0.0221941733775871,0.02121220046334,3,0.0221941733775871,0.9557553733792693
2001-06-13,Beige_Book,https://www.federalreserve.gov/fomc/beigebook/2001/20010613/default.htm,XLU,-0.0104452197084778,0.003565535494582,0.0004105761345669,3,0.003565535494582,0.11515132444783957
2001-06-13,Beige_Book,https://www.federalreserve.gov/fomc/beigebook/2001/20010613/default.htm,XLV,0.0006085692300604,-0.0108687856291731,0.0040407271320028,5,0.0040407271320028,1.0
2001-06-13,Beige_Book,https://www.federalreserve.gov/fomc/beigebook/2001/20010613/default.htm,XLY,-0.0093274332442221,0.0159634267138402,0.0242575044234125,5,0.0242575044234125,1.0
2001-06-27,FOMC_statement,https://www.federalreserve.gov/boarddocs/press/general/2001/20010627/default.htm,XLB,-0.0106770284097946,-0.0062451344294176,-0.0091445103233468,4,-0.0091445103233468,1.0
2001-06-27,FOMC_statement,https://www.federalreserve.gov/boarddocs/press/general/2001/20010627/default.htm,XLE,-0.0074942716728142,-0.0322004149368236,-0.0332811315219057,4,-0.0332811315219057,1.0
2001-06-27,FOMC_statement,https://www.federalreserve.gov/boarddocs/press/general/2001/20010627/default.htm,XLF,0.0112046610540043,-0.0028890278597927,-0.0033432811342276,4,-0.0033432811342276,1.0
2001-06-27,FOMC_statement,https://www.federalreserve.gov/boarddocs/press/general/2001/20010627/default.htm,XLI,-0.0041445877316884,-0.0150022579990365,-0.008622697891512,2,-0.017056783411796,0.5055289548643023
2001-06-27,FOMC_statement,https://www.federalreserve.gov/boarddocs/press/general/2001/20010627/default.htm,XLK,-0.0069975949703319,0.020867460718687,0.0175561536633395,2,0.0340566597761029,0.5154984011573095
2001-06-27,FOMC_statement,https://www.federalreserve.gov/boarddocs/press/general/2001/20010627/default.htm,XLP,-0.001396415685927,-0.0182335402176846,-0.0260334799473679,2,-0.028790288021875,0.9042452068415411
2001-06-27,FOMC_statement,https://www.federalreserve.gov/boarddocs/press/general/2001/20010627/default.htm,XLU,-0.0162824390933761,-0.0058056531215395,-0.0030037125557951,3,-0.0058056531215395,0.5173771999314003
2001-06-27,FOMC_statement,https://www.federalreserve.gov/boarddocs/press/general/2001/20010627/default.htm,XLV,0.0140248570535441,-0.0026183400827253,-0.0023771069382758,3,-0.0026183400827253,0.9078679098864757
2001-06-27,FOMC_statement,https://www.federalreserve.gov/boarddocs/press/general/2001/20010627/default.htm,XLY,0.0119994175128673,0.0082901532501047,0.0067418863875319,2,0.011011632282915,0.6122513188160318
2001-08-08,Beige_Book,https://www.federalreserve.gov/fomc/beigebook/2001/20010808/default.htm,XLB,0.0112699155876381,0.0131647575954202,0.0089976239657569,3,0.0131647575954202,0.6834629426740849
2001-08-08,Beige_Book,https://www.federalreserve.gov/fomc/beigebook/2001/20010808/default.htm,XLE,0.0039066122357911,0.0051206909207621,0.011034576142244,4,0.011034576142244,1.0
2001-08-08,Beige_Book,https://www.federalreserve.gov/fomc/beigebook/2001/20010808/default.htm,XLF,-0.0068387959281099,-0.0023115695800753,-0.0015316812710368,3,-0.0023115695800753,0.6626152568537024
2001-08-08,Beige_Book,https://www.federalreserve.gov/fomc/beigebook/2001/20010808/default.htm,XLI,-0.0034483899092556,0.002989942095096,0.0041045078609059,2,0.0125386185073324,0.3273492895972267
2001-08-08,Beige_Book,https://www.federalreserve.gov/fomc/beigebook/2001/20010808/default.htm,XLK,0.0095521575265823,-0.0039110712302201,-0.0163618629038537,4,-0.0163618629038537,1.0
2001-08-08,Beige_Book,https://www.federalreserve.gov/fomc/beigebook/2001/20010808/default.htm,XLP,0.0019025888912138,0.0089371342931068,0.0077748045770337,3,0.0089371342931068,0.8699438010045789
2001-08-08,Beige_Book,https://www.federalreserve.gov/fomc/beigebook/2001/20010808/default.htm,XLU,-0.0039643260135,0.0035090547048713,0.0039288234845784,2,0.0148142661254495,0.26520540749764543
2001-08-08,Beige_Book,https://www.federalreserve.gov/fomc/beigebook/2001/20010808/default.htm,XLV,0.0011287197948171,-0.00174226639043,-0.014161412798589,4,-0.014161412798589,1.0
2001-08-08,Beige_Book,https://www.federalreserve.gov/fomc/beigebook/2001/20010808/default.htm,XLY,-0.0073850980266936,-0.0222523370981857,-0.0189608900283958,3,-0.0222523370981857,0.8520853312950099
2001-08-21,FOMC_statement,https://www.federalreserve.gov/boarddocs/press/general/2001/20010821/default.htm,XLB,0.0083289224248734,-0.008344689171889,-0.0005814004215751,1,-0.0126517988239965,0.04595397300124354
2001-08-21,FOMC_statement,https://www.federalreserve.gov/boarddocs/press/general/2001/20010821/default.htm,XLE,0.0164105256336322,-0.0097418947981636,-0.0051272153730548,3,-0.0097418947981636,0.5263057628194987
2001-08-21,FOMC_statement,https://www.federalreserve.gov/boarddocs/press/general/2001/20010821/default.htm,XLF,-0.0006828454281728,-0.0201630802977582,-0.0240840794777833,4,-0.0240840794777833,1.0
2001-08-21,FOMC_statement,https://www.federalreserve.gov/boarddocs/press/general/2001/20010821/default.htm,XLI,0.0099561350294412,-0.0077657348952677,-0.00214619793911,1,-0.0121273245483485,0.17697208733498185
2001-08-21,FOMC_statement,https://www.federalreserve.gov/boarddocs/press/general/2001/20010821/default.htm,XLK,0.0026197234034894,0.0305514340395736,0.0341130065953327,4,0.0341130065953327,1.0
2001-08-21,FOMC_statement,https://www.federalreserve.gov/boarddocs/press/general/2001/20010821/default.htm,XLP,0.0104290149920862,-0.0142769284111016,-0.0102342404610947,3,-0.0142769284111016,0.7168376955043533
2001-08-21,FOMC_statement,https://www.federalreserve.gov/boarddocs/press/general/2001/20010821/default.htm,XLU,0.0012504800579224,-0.0245277503870544,-0.0159255810785541,3,-0.0245277503870544,0.6492882888664557
2001-08-21,FOMC_statement,https://www.federalreserve.gov/boarddocs/press/general/2001/20010821/default.htm,XLV,0.0017203022260403,-0.0080692558857956,-0.0145995102138071,4,-0.0145995102138071,1.0
2001-08-21,FOMC_statement,https://www.federalreserve.gov/boarddocs/press/general/2001/20010821/default.htm,XLY,-0.0032584935277237,-0.0110698203743586,-0.006203995212535,3,-0.0110698203743586,0.5604422657937183
2001-10-02,FOMC_statement,https://www.federalreserve.gov/boarddocs/press/general/2001/20011002/default.htm,XLB,-0.0047527374454888,-0.002931818126889,-0.0173431221673101,2,-0.0225580854973519,0.7688206594192584
2001-10-02,FOMC_statement,https://www.federalreserve.gov/boarddocs/press/general/2001/20011002/default.htm,XLE,0.0123145768097495,0.0290975604907869,0.0374639325304058,4,0.0374639325304058,1.0
2001-10-02,FOMC_statement,https://www.federalreserve.gov/boarddocs/press/general/2001/20011002/default.htm,XLF,0.001207696964786,-0.0349410919607187,-0.0508987047709019,4,-0.0508987047709019,1.0
2001-10-02,FOMC_statement,https://www.federalreserve.gov/boarddocs/press/general/2001/20011002/default.htm,XLI,0.0072442621150542,0.00900838545289,0.0037049728800859,3,0.00900838545289,0.41128045635495086
2001-10-02,FOMC_statement,https://www.federalreserve.gov/boarddocs/press/general/2001/20011002/default.htm,XLK,0.0113592410180397,0.0720150738744317,0.0853166333115369,4,0.0853166333115369,1.0
2001-10-02,FOMC_statement,https://www.federalreserve.gov/boarddocs/press/general/2001/20011002/default.htm,XLP,-0.0100081276459748,-0.016729822582742,-0.0121682044418036,2,-0.0294196760776648,0.4136076960766271
2001-10-02,FOMC_statement,https://www.federalreserve.gov/boarddocs/press/general/2001/20011002/default.htm,XLU,-0.0101719134251397,-0.0128612473372146,0.0030287116829146,4,0.0030287116829146,1.0
2001-10-02,FOMC_statement,https://www.federalreserve.gov/boarddocs/press/general/2001/20011002/default.htm,XLV,0.0170960046977176,0.0079440076746816,0.006941154553089,1,0.0204792237191493,0.3389364093229083
2001-10-02,FOMC_statement,https://www.federalreserve.gov/boarddocs/press/general/2001/20011002/default.htm,XLY,-0.0007571456907412,0.0066107525656083,-0.0071928124315726,4,-0.0071928124315726,1.0
2001-10-24,Beige_Book,https://www.federalreserve.gov/fomc/beigebook/2001/20011024/default.htm,XLB,-0.01800584747384,0.0013986193384838,0.0059707471340541,4,0.0059707471340541,1.0
2001-10-24,Beige_Book,https://www.federalreserve.gov/fomc/beigebook/2001/20011024/default.htm,XLE,-0.0014501345329067,0.045701867099397,0.0241940451821844,3,0.045701867099397,0.5293885505720098
2001-10-24,Beige_Book,https://www.federalreserve.gov/fomc/beigebook/2001/20011024/default.htm,XLF,-0.007525175798146,-0.0002030589986256,0.0097697800798594,4,0.0097697800798594,1.0
2001-10-24,Beige_Book,https://www.federalreserve.gov/fomc/beigebook/2001/20011024/default.htm,XLI,0.0001160888522052,0.0076883633394259,-0.0021244689113562,1,-0.0022516011951767,0.9435369442453494
2001-10-24,Beige_Book,https://www.federalreserve.gov/fomc/beigebook/2001/20011024/default.htm,XLK,-0.00603562846054,-0.0121059322068304,-0.0205665795721967,4,-0.0205665795721967,1.0
2001-10-24,Beige_Book,https://www.federalreserve.gov/fomc/beigebook/2001/20011024/default.htm,XLP,0.0076500282133861,0.0100012121629557,0.0114012743755138,4,0.0114012743755138,1.0
2001-10-24,Beige_Book,https://www.federalreserve.gov/fomc/beigebook/2001/20011024/default.htm,XLU,0.0204283978623892,0.0185401389091948,0.015656978291154,3,0.0185401389091948,0.8444908836896078
2001-10-24,Beige_Book,https://www.federalreserve.gov/fomc/beigebook/2001/20011024/default.htm,XLV,-0.0113268420700776,-0.0006448726307404,-0.0025993378677192,1,-0.0120967278488282,0.2148794203029868
2001-10-24,Beige_Book,https://www.federalreserve.gov/fomc/beigebook/2001/20011024/default.htm,XLY,-0.0071478986552002,-0.0045583643501694,-0.0115856917276072,4,-0.0115856917276072,1.0
2001-11-06,FOMC_statement,https://www.federalreserve.gov/boarddocs/press/general/2001/20011106/default.htm,XLB,0.009179215196029,0.000488433453354,-0.0071737500735485,4,-0.0071737500735485,1.0
2001-11-06,FOMC_statement,https://www.federalreserve.gov/boarddocs/press/general/2001/20011106/default.htm,XLE,0.0191201770977604,0.0401054550022892,0.0436668416154768,4,0.0436668416154768,1.0
2001-11-06,FOMC_statement,https://www.federalreserve.gov/boarddocs/press/general/2001/20011106/default.htm,XLF,-0.0086318666860691,-0.0024264903178314,-0.0009711153097101,3,-0.0024264903178314,0.40021396441342655
2001-11-06,FOMC_statement,https://www.federalreserve.gov/boarddocs/press/general/2001/20011106/default.htm,XLI,-0.0017284349093029,0.0018731620339083,-0.0036247860454812,4,-0.0036247860454812,1.0
2001-11-06,FOMC_statement,https://www.federalreserve.gov/boarddocs/press/general/2001/20011106/default.htm,XLK,-0.0176513553820254,-0.0057906925627823,0.0079804449295287,4,0.0079804449295287,1.0
2001-11-06,FOMC_statement,https://www.federalreserve.gov/boarddocs/press/general/2001/20011106/default.htm,XLP,0.0111242291598216,-0.0086922690081915,-0.0009958133143467,2,-0.0099954532149327,0.09962662952181153
2001-11-06,FOMC_statement,https://www.federalreserve.gov/boarddocs/press/general/2001/20011106/default.htm,XLU,0.0034669496469983,0.0040027918743557,0.0066326019661053,4,0.0066326019661053,1.0
2001-11-06,FOMC_statement,https://www.federalreserve.gov/boarddocs/press/general/2001/20011106/default.htm,XLV,-0.0022758831813656,-0.0060158450389067,0.0025371257372255,4,0.0025371257372255,1.0
2001-11-06,FOMC_statement,https://www.federalreserve.gov/boarddocs/press/general/2001/20011106/default.htm,XLY,-0.0105107863331168,-0.0066422729160624,0.0029668608515798,4,0.0029668608515798,1.0
2001-11-28,Beige_Book,https://www.federalreserve.gov/fomc/beigebook/2001/20011128/default.htm,XLB,-0.0120398246993087,-0.0123945966631414,-0.0099575955824217,1,-0.0139552073186002,0.7135397816089567
2001-11-28,Beige_Book,https://www.federalreserve.gov/fomc/beigebook/2001/20011128/default.htm,XLE,-0.0050924220056915,0.0250679002010574,0.0221404019288224,3,0.0250679002010574,0.8832172519933874
2001-11-28,Beige_Book,https://www.federalreserve.gov/fomc/beigebook/2001/20011128/default.htm,XLF,-0.0065644966440974,-0.013795274468162,-0.017031918316687,4,-0.017031918316687,1.0
2001-11-28,Beige_Book,https://www.federalreserve.gov/fomc/beigebook/2001/20011128/default.htm,XLI,0.002353701359973,-0.0052792376330088,-0.0100332733276566,4,-0.0100332733276566,1.0
2001-11-28,Beige_Book,https://www.federalreserve.gov/fomc/beigebook/2001/20011128/default.htm,XLK,-0.001088532162852,0.0100286051672635,0.0245114097115457,4,0.0245114097115457,1.0
2001-11-28,Beige_Book,https://www.federalreserve.gov/fomc/beigebook/2001/20011128/default.htm,XLP,0.006776625266182,0.0168590244751229,0.0003084855968298,3,0.0168590244751229,0.01829795058931197
2001-11-28,Beige_Book,https://www.federalreserve.gov/fomc/beigebook/2001/20011128/default.htm,XLU,0.0091392782108506,-0.0032999313301641,-0.0089303916242856,1,-0.0138623849586129,0.6442175463275545
2001-11-28,Beige_Book,https://www.federalreserve.gov/fomc/beigebook/2001/20011128/default.htm,XLV,-0.0009402017317594,0.0068415649453149,0.0027951999126442,3,0.0068415649453149,0.40856148191041464
2001-11-28,Beige_Book,https://www.federalreserve.gov/fomc/beigebook/2001/20011128/default.htm,XLY,0.0137586639164567,-0.0002364847822188,0.0050501140501871,2,0.0083992795785114,0.601255619959031
2001-12-11,FOMC_statement,https://www.federalreserve.gov/boarddocs/press/general/2001/20011211/default.htm,XLB,-0.0015627376531082,-0.0261575614913036,-0.0195188229288223,3,-0.0261575614913036,0.7462019322906521
2001-12-11,FOMC_statement,https://www.federalreserve.gov/boarddocs/press/general/2001/20011211/default.htm,XLE,-0.0048451926477378,0.0049483157153777,-0.0077841063428968,4,-0.0077841063428968,1.0
2001-12-11,FOMC_statement,https://www.federalreserve.gov/boarddocs/press/general/2001/20011211/default.htm,XLF,-0.002805260065894,-0.0162851961017244,-0.0129014953961515,3,-0.0162851961017244,0.7922222929071999
2001-12-11,FOMC_statement,https://www.federalreserve.gov/boarddocs/press/general/2001/20011211/default.htm,XLI,-0.0032556150552535,-0.003632847177718,0.0012228406067438,2,0.0160708533059134,0.07609058358424851
2001-12-11,FOMC_statement,https://www.federalreserve.gov/boarddocs/press/general/2001/20011211/default.htm,XLK,0.0031721849173702,-0.01874631063967,-0.009920386250377,3,-0.01874631063967,0.5291913934992616
2001-12-11,FOMC_statement,https://www.federalreserve.gov/boarddocs/press/general/2001/20011211/default.htm,XLP,0.0006621711787739,-0.0032498623893473,0.0118626137790061,4,0.0118626137790061,1.0
2001-12-11,FOMC_statement,https://www.federalreserve.gov/boarddocs/press/general/2001/20011211/default.htm,XLU,-0.0118431646404693,0.0117756431619342,0.0058535474693213,2,0.0282741596969039,0.20702816748829075
2001-12-11,FOMC_statement,https://www.federalreserve.gov/boarddocs/press/general/2001/20011211/default.htm,XLV,0.0041315628126589,-0.0190296465707089,-0.0199017598628934,4,-0.0199017598628934,1.0
2001-12-11,FOMC_statement,https://www.federalreserve.gov/boarddocs/press/general/2001/20011211/default.htm,XLY,-0.005540190353292,0.0073834358896939,0.0079463854240618,2,0.0088705918823045,0.8958123121314653
2002-01-16,Beige_Book,https://www.federalreserve.gov/fomc/beigebook/2002/20020116/default.htm,XLB,0.0032757049386689,0.0069836054603886,0.0156504520175495,4,0.0156504520175495,1.0
2002-01-16,Beige_Book,https://www.federalreserve.gov/fomc/beigebook/2002/20020116/default.htm,XLE,-0.0081021672681347,-0.0120560125153259,0.0086078073994113,4,0.0086078073994113,1.0
2002-01-16,Beige_Book,https://www.federalreserve.gov/fomc/beigebook/2002/20020116/default.htm,XLF,-0.013738955061666,0.006271664241426,0.003172159713124,3,0.006271664241426,0.5057923369320453
2002-01-16,Beige_Book,https://www.federalreserve.gov/fomc/beigebook/2002/20020116/default.htm,XLI,0.0069989306009001,0.0207711913615858,0.0080848913696137,3,0.0207711913615858,0.3892358039975445
2002-01-16,Beige_Book,https://www.federalreserve.gov/fomc/beigebook/2002/20020116/default.htm,XLK,0.0016663965595076,-0.0405087555907718,-0.0330564770916351,3,-0.0405087555907718,0.816032894853122
2002-01-16,Beige_Book,https://www.federalreserve.gov/fomc/beigebook/2002/20020116/default.htm,XLP,0.006953084853021,0.0202991240420071,0.016184961128534,3,0.0202991240420071,0.797323130546952
2002-01-16,Beige_Book,https://www.federalreserve.gov/fomc/beigebook/2002/20020116/default.htm,XLU,0.0077861041650049,-0.0295782102077712,-0.0224441209760055,3,-0.0295782102077712,0.7588059188959536
2002-01-16,Beige_Book,https://www.federalreserve.gov/fomc/beigebook/2002/20020116/default.htm,XLV,-0.0042897144441944,-9.369280219651e-05,-0.0114647476846352,4,-0.0114647476846352,1.0
2002-01-16,Beige_Book,https://www.federalreserve.gov/fomc/beigebook/2002/20020116/default.htm,XLY,0.0017246926156624,0.0194057707866018,0.033398821795947,4,0.033398821795947,1.0
2002-01-30,FOMC_statement,https://www.federalreserve.gov/boarddocs/press/general/2002/20020130/default.htm,XLB,-0.0184621486206078,0.0255357676401208,0.0258926190977714,5,0.0258926190977714,1.0
2002-01-30,FOMC_statement,https://www.federalreserve.gov/boarddocs/press/general/2002/20020130/default.htm,XLE,-0.0041525061121572,0.0204701925335545,0.0310121564160293,5,0.0310121564160293,1.0
2002-01-30,FOMC_statement,https://www.federalreserve.gov/boarddocs/press/general/2002/20020130/default.htm,XLF,0.0121184645610802,-0.0138783070953079,-0.0175233468480267,5,-0.0175233468480267,1.0
2002-01-30,FOMC_statement,https://www.federalreserve.gov/boarddocs/press/general/2002/20020130/default.htm,XLI,0.0066232069947725,-0.0184951880636777,-0.014398804818948,4,-0.0261209019891457,0.5512368916253846
2002-01-30,FOMC_statement,https://www.federalreserve.gov/boarddocs/press/general/2002/20020130/default.htm,XLK,0.0040474898990413,-0.0145021776607082,-0.0252976452918021,5,-0.0252976452918021,1.0
2002-01-30,FOMC_statement,https://www.federalreserve.gov/boarddocs/press/general/2002/20020130/default.htm,XLP,-0.0190919361313245,0.0135071173513416,0.0308639002233958,4,0.0313068979605968,0.9858498361045366
2002-01-30,FOMC_statement,https://www.federalreserve.gov/boarddocs/press/general/2002/20020130/default.htm,XLU,-0.0185845723407761,0.0164155629484084,-0.0065665550084659,5,-0.0065665550084659,1.0
2002-01-30,FOMC_statement,https://www.federalreserve.gov/boarddocs/press/general/2002/20020130/default.htm,XLV,-0.0126232759520233,0.0070541247861471,0.0175786892111285,4,0.018589846964626,0.9456069888352714
2002-01-30,FOMC_statement,https://www.federalreserve.gov/boarddocs/press/general/2002/20020130/default.htm,XLY,-0.0104006168769068,0.0060345216759352,0.0074787981201489,4,0.0111816121367905,0.668847928962019
2002-03-06,Beige_Book,https://www.federalreserve.gov/fomc/beigebook/2002/20020306/default.htm,XLB,0.0254809782370529,-0.0164289289737669,-0.0141306711036494,3,-0.0164289289737669,0.8601090872212503
2002-03-06,Beige_Book,https://www.federalreserve.gov/fomc/beigebook/2002/20020306/default.htm,XLE,-0.003558630972791,0.0093060416397422,0.0186692315423064,4,0.0186692315423064,1.0
2002-03-06,Beige_Book,https://www.federalreserve.gov/fomc/beigebook/2002/20020306/default.htm,XLF,-0.0039443024219734,-0.0026680090507397,-0.0017048432408959,1,-0.0066657811112426,0.2557604596437299
2002-03-06,Beige_Book,https://www.federalreserve.gov/fomc/beigebook/2002/20020306/default.htm,XLI,0.009236054722001,-0.0072531419747372,-0.0087582053872128,1,-0.0097293383795409,0.9001850943564443
2002-03-06,Beige_Book,https://www.federalreserve.gov/fomc/beigebook/2002/20020306/default.htm,XLK,-0.006311374558243,0.0217336522623993,0.0009269695608762,3,0.0217336522623993,0.04265134776633565
2002-03-06,Beige_Book,https://www.federalreserve.gov/fomc/beigebook/2002/20020306/default.htm,XLP,0.0143200656186385,-0.0080474041814472,-0.0078362375141289,3,-0.0080474041814472,0.973759654348525
2002-03-06,Beige_Book,https://www.federalreserve.gov/fomc/beigebook/2002/20020306/default.htm,XLU,-0.0039143849950316,-0.0098140523398194,-0.019467515405229,4,-0.019467515405229,1.0
2002-03-06,Beige_Book,https://www.federalreserve.gov/fomc/beigebook/2002/20020306/default.htm,XLV,-0.0018087497519174,-0.0061679057052956,-0.0090077728886592,4,-0.0090077728886592,1.0
2002-03-06,Beige_Book,https://www.federalreserve.gov/fomc/beigebook/2002/20020306/default.htm,XLY,0.0260501724604422,0.0044981447778964,0.0070811353782255,2,0.0112481144318524,0.6295397705212838
2002-03-19,FOMC_statement,https://www.federalreserve.gov/boarddocs/press/general/2002/20020319/,XLB,-0.0036249892242123,-0.0084172256904683,-0.0088455145440804,4,-0.0088455145440804,1.0
2002-03-19,FOMC_statement,https://www.federalreserve.gov/boarddocs/press/general/2002/20020319/,XLE,-0.0074996644733791,-0.0078850250777864,-0.004603930680137,3,-0.0078850250777864,0.5838828202470959
2002-03-19,FOMC_statement,https://www.federalreserve.gov/boarddocs/press/general/2002/20020319/,XLF,0.0023446111895043,0.0049323870465194,0.0014956708908165,3,0.0049323870465194,0.3032346968537148
2002-03-19,FOMC_statement,https://www.federalreserve.gov/boarddocs/press/general/2002/20020319/,XLI,0.004089349665054,-0.0162942508414996,-0.0196557822954022,4,-0.0196557822954022,1.0
2002-03-19,FOMC_statement,https://www.federalreserve.gov/boarddocs/press/general/2002/20020319/,XLK,-0.0029875227263038,-0.0045430438770979,-0.0146414614059016,4,-0.0146414614059016,1.0
2002-03-19,FOMC_statement,https://www.federalreserve.gov/boarddocs/press/general/2002/20020319/,XLP,0.003197273431402,0.0097531207490051,0.0122444589350709,4,0.0122444589350709,1.0
2002-03-19,FOMC_statement,https://www.federalreserve.gov/boarddocs/press/general/2002/20020319/,XLU,-0.0044864995274158,0.0135702080907691,0.0274305104295816,4,0.0274305104295816,1.0
2002-03-19,FOMC_statement,https://www.federalreserve.gov/boarddocs/press/general/2002/20020319/,XLV,-0.0086063605599659,0.0091312781985076,0.0066503911866201,1,0.0191515878904462,0.34725011965914626
2002-03-19,FOMC_statement,https://www.federalreserve.gov/boarddocs/press/general/2002/20020319/,XLY,-0.0001563443029288,-0.0004262456282742,-0.0062994775386996,4,-0.0062994775386996,1.0
2002-04-24,Beige_Book,https://www.federalreserve.gov/fomc/beigebook/2002/20020424/default.htm,XLB,0.0078449730539967,0.0074730541780153,0.0143090301092095,2,0.0193439438969851,0.739716274272263
2002-04-24,Beige_Book,https://www.federalreserve.gov/fomc/beigebook/2002/20020424/default.htm,XLE,-0.0018677232075814,0.0130512470118073,0.0120196062481237,2,0.0145899648657502,0.823826949463025
2002-04-24,Beige_Book,https://www.federalreserve.gov/fomc/beigebook/2002/20020424/default.htm,XLF,0.000485204507755,0.0015407713107412,0.00403612532043,2,0.0053232157642755,0.7582118589888353
2002-04-24,Beige_Book,https://www.federalreserve.gov/fomc/beigebook/2002/20020424/default.htm,XLI,-0.002404901934115,-0.0206610948473271,-0.0016338215877831,3,-0.0206610948473271,0.0790772028227955
2002-04-24,Beige_Book,https://www.federalreserve.gov/fomc/beigebook/2002/20020424/default.htm,XLK,0.0161350165730753,-0.0101849156131053,0.0002629110361915,1,0.0061763174624189,0.042567604044195816
2002-04-24,Beige_Book,https://www.federalreserve.gov/fomc/beigebook/2002/20020424/default.htm,XLP,0.0038531402363332,0.0099694932443995,0.0050060262566719,2,0.0153180366850563,0.32680599737403626
2002-04-24,Beige_Book,https://www.federalreserve.gov/fomc/beigebook/2002/20020424/default.htm,XLU,-0.009189797766256,-0.0142025259691257,-0.002342249766115,3,-0.0142025259691257,0.16491783019490494
2002-04-24,Beige_Book,https://www.federalreserve.gov/fomc/beigebook/2002/20020424/default.htm,XLV,0.0029562823581456,-0.0126275247444898,-0.0120280510376573,3,-0.0126275247444898,0.9525264278659133
2002-04-24,Beige_Book,https://www.federalreserve.gov/fomc/beigebook/2002/20020424/default.htm,XLY,-0.0060035778382481,0.0091548696256652,0.0021991054671898,2,0.0150850415390757,0.1457805377262849
2002-05-07,FOMC_statement,https://www.federalreserve.gov/boarddocs/press/monetary/2002/20020507/default.htm,XLB,-0.0135944678772111,0.0013802339638523,-0.011719660086524,1,-0.026473468732699,0.442694540895139
2002-05-07,FOMC_statement,https://www.federalreserve.gov/boarddocs/press/monetary/2002/20020507/default.htm,XLE,0.0146258551980706,0.0044095719221356,0.0033238069290409,3,0.0044095719221356,0.7537708847327627
2002-05-07,FOMC_statement,https://www.federalreserve.gov/boarddocs/press/monetary/2002/20020507/default.htm,XLF,0.0035470029411703,-0.0020029377478136,-0.004360074335562,2,-0.0080030498868713,0.5448015940416087
2002-05-07,FOMC_statement,https://www.federalreserve.gov/boarddocs/press/monetary/2002/20020507/default.htm,XLI,0.0085781359511462,0.002710123678288,-0.0112392554369458,4,-0.0112392554369458,1.0
2002-05-07,FOMC_statement,https://www.federalreserve.gov/boarddocs/press/monetary/2002/20020507/default.htm,XLK,0.0087673981038132,0.0298330938415668,0.0489407218824421,1,0.0664627403388422,0.7363632861499713
2002-05-07,FOMC_statement,https://www.federalreserve.gov/boarddocs/press/monetary/2002/20020507/default.htm,XLP,-0.0124844279284288,-0.0009370187230133,-0.0112180525443748,1,-0.0189990657685841,0.5904528507356612
2002-05-07,FOMC_statement,https://www.federalreserve.gov/boarddocs/press/monetary/2002/20020507/default.htm,XLU,-0.0143098536386476,-0.0238601777291042,-0.0320633912594418,4,-0.0320633912594418,1.0
2002-05-07,FOMC_statement,https://www.federalreserve.gov/boarddocs/press/monetary/2002/20020507/default.htm,XLV,-0.0007262142857042,-0.0091532672491282,-0.0177943180769341,4,-0.0177943180769341,1.0
2002-05-07,FOMC_statement,https://www.federalreserve.gov/boarddocs/press/monetary/2002/20020507/default.htm,XLY,-0.0014807838056825,-0.0237613233880115,-0.0332660155178757,4,-0.0332660155178757,1.0
2002-06-12,Beige_Book,https://www.federalreserve.gov/fomc/beigebook/2002/20020612/default.htm,XLB,-0.0059020298548965,-0.0163191414191019,0.0010414837491353,5,0.0010414837491353,1.0
2002-06-12,Beige_Book,https://www.federalreserve.gov/fomc/beigebook/2002/20020612/default.htm,XLE,-0.0021001258578483,0.0083307192971213,0.0087307945390153,2,0.0091968297701066,0.9493265350407917
2002-06-12,Beige_Book,https://www.federalreserve.gov/fomc/beigebook/2002/20020612/default.htm,XLF,0.0004195071279955,0.0156004096555342,0.0231181135393931,5,0.0231181135393931,1.0
2002-06-12,Beige_Book,https://www.federalreserve.gov/fomc/beigebook/2002/20020612/default.htm,XLI,-0.0052337711900302,0.0052907087018924,0.0221711233583011,5,0.0221711233583011,1.0
2002-06-12,Beige_Book,https://www.federalreserve.gov/fomc/beigebook/2002/20020612/default.htm,XLK,0.0049351737514221,-0.0001379259375926,-0.0353634639692332,5,-0.0353634639692332,1.0
2002-06-12,Beige_Book,https://www.federalreserve.gov/fomc/beigebook/2002/20020612/default.htm,XLP,0.0096465239480714,0.005037381620543,0.0139708518955389,5,0.0139708518955389,1.0
2002-06-12,Beige_Book,https://www.federalreserve.gov/fomc/beigebook/2002/20020612/default.htm,XLU,-0.0005387510777188,-0.0067318504484481,-0.0116864639621172,5,-0.0116864639621172,1.0
2002-06-12,Beige_Book,https://www.federalreserve.gov/fomc/beigebook/2002/20020612/default.htm,XLV,-0.0096651489893974,-0.0129747865222504,0.0032675806989385,5,0.0032675806989385,1.0
2002-06-12,Beige_Book,https://www.federalreserve.gov/fomc/beigebook/2002/20020612/default.htm,XLY,-0.0119408589820296,-0.0181515831250811,-0.0102948839739723,4,-0.0294463403355181,0.3496150576496135
2002-06-26,FOMC_statement,https://www.federalreserve.gov/boarddocs/press/monetary/2002/20020626/default.htm,XLB,-0.0290552537744561,0.0248576366509034,0.0107063235750851,4,0.0261318995322367,0.40970322734777165
2002-06-26,FOMC_statement,https://www.federalreserve.gov/boarddocs/press/monetary/2002/20020626/default.htm,XLE,-0.0182065612759654,0.010686221969849,0.0128665435532866,5,0.0128665435532866,1.0
2002-06-26,FOMC_statement,https://www.federalreserve.gov/boarddocs/press/monetary/2002/20020626/default.htm,XLF,-0.0128488683782064,0.0203382436346015,0.0109521597637277,4,0.0277587401952452,0.3945481562453507
2002-06-26,FOMC_statement,https://www.federalreserve.gov/boarddocs/press/monetary/2002/20020626/default.htm,XLI,-0.0012135365208134,-0.0005841455837948,0.000829112982446,4,0.0052084663947693,0.1591856257877851
2002-06-26,FOMC_statement,https://www.federalreserve.gov/boarddocs/press/monetary/2002/20020626/default.htm,XLK,0.0119942971237821,-0.0103116199180171,0.0122642653714023,2,0.0125366582581315,0.9782722890645502
2002-06-26,FOMC_statement,https://www.federalreserve.gov/boarddocs/press/monetary/2002/20020626/default.htm,XLP,-0.0017944558782707,0.0166762633767029,0.01882450378909,4,0.0312306252369138,0.6027578265336783
2002-06-26,FOMC_statement,https://www.federalreserve.gov/boarddocs/press/monetary/2002/20020626/default.htm,XLU,-0.0158309049053,0.0058939831029484,-0.0056356403149782,1,-0.0183409620118139,0.30727070430374015
2002-06-26,FOMC_statement,https://www.federalreserve.gov/boarddocs/press/monetary/2002/20020626/default.htm,XLV,-0.0067975561845999,-0.0281619289517499,-0.0336990607381264,5,-0.0336990607381264,1.0
2002-06-26,FOMC_statement,https://www.federalreserve.gov/boarddocs/press/monetary/2002/20020626/default.htm,XLY,-0.0056113593448626,-0.0135805376905452,0.0010168119884872,5,0.0010168119884872,1.0
2002-07-31,Beige_Book,https://www.federalreserve.gov/fomc/beigebook/2002/20020731/default.htm,XLB,0.0505562220060955,0.0006659918455346,0.0093309235262214,1,0.0197859757654101,0.4715927906135287
2002-07-31,Beige_Book,https://www.federalreserve.gov/fomc/beigebook/2002/20020731/default.htm,XLE,0.0285677492109213,-0.0240504548711748,-0.0216109949237595,1,-0.0328197655208888,0.6584749945883906
2002-07-31,Beige_Book,https://www.federalreserve.gov/fomc/beigebook/2002/20020731/default.htm,XLF,0.0108254224612545,-0.0060172183414187,-0.0069006708303055,4,-0.0069006708303055,1.0
2002-07-31,Beige_Book,https://www.federalreserve.gov/fomc/beigebook/2002/20020731/default.htm,XLI,0.0013628726789969,-0.0082851512936261,-0.0078015565007523,2,-0.0100620628555859,0.7753436460021026
2002-07-31,Beige_Book,https://www.federalreserve.gov/fomc/beigebook/2002/20020731/default.htm,XLK,-0.0024813815019717,-0.0251418129079742,-0.0166831516265016,3,-0.0251418129079742,0.6635619987932623
2002-07-31,Beige_Book,https://www.federalreserve.gov/fomc/beigebook/2002/20020731/default.htm,XLP,0.0230142238160669,0.0582644002946632,0.025564295182705,3,0.0582644002946632,0.43876355121510785
2002-07-31,Beige_Book,https://www.federalreserve.gov/fomc/beigebook/2002/20020731/default.htm,XLU,-0.0683313375911205,0.0316687416280824,0.0392682837193757,4,0.0392682837193757,1.0
2002-07-31,Beige_Book,https://www.federalreserve.gov/fomc/beigebook/2002/20020731/default.htm,XLV,0.0057088666636002,0.0045564201369449,-0.0045200523248881,4,-0.0045200523248881,1.0
2002-07-31,Beige_Book,https://www.federalreserve.gov/fomc/beigebook/2002/20020731/default.htm,XLY,0.0167219752122749,-0.0148255578117136,-0.0187946792276455,2,-0.0264176708872365,0.7114434617597576
2002-08-13,FOMC_statement,https://www.federalreserve.gov/boarddocs/press/monetary/2002/20020813/default.htm,XLB,-0.0025414391394975,-0.0530720590291944,-0.0557469828781955,4,-0.0557469828781955,1.0
2002-08-13,FOMC_statement,https://www.federalreserve.gov/boarddocs/press/monetary/2002/20020813/default.htm,XLE,-0.0051221763547412,0.0040222077484081,-0.0112078900648736,4,-0.0112078900648736,1.0
2002-08-13,FOMC_statement,https://www.federalreserve.gov/boarddocs/press/monetary/2002/20020813/default.htm,XLF,0.0037859333235866,-0.002317140606052,-0.0002574713079055,3,-0.002317140606052,0.1111159621617377
2002-08-13,FOMC_statement,https://www.federalreserve.gov/boarddocs/press/monetary/2002/20020813/default.htm,XLI,0.0042006933916483,-0.0185974059436905,-0.0183012666696659,2,-0.0206989414570228,0.8841643766018088
2002-08-13,FOMC_statement,https://www.federalreserve.gov/boarddocs/press/monetary/2002/20020813/default.htm,XLK,0.0019128255456054,0.0528171881245729,0.066098633727909,4,0.066098633727909,1.0
2002-08-13,FOMC_statement,https://www.federalreserve.gov/boarddocs/press/monetary/2002/20020813/default.htm,XLP,-0.0041373732671959,-0.0280138858015503,-0.0436677670610829,4,-0.0436677670610829,1.0
2002-08-13,FOMC_statement,https://www.federalreserve.gov/boarddocs/press/monetary/2002/20020813/default.htm,XLU,-0.024466092438228,-0.0310876548394076,-0.0388473636120521,4,-0.0388473636120521,1.0
2002-08-13,FOMC_statement,https://www.federalreserve.gov/boarddocs/press/monetary/2002/20020813/default.htm,XLV,-0.0088091106819421,-0.0232714734008687,-0.032706678794923,4,-0.032706678794923,1.0
2002-08-13,FOMC_statement,https://www.federalreserve.gov/boarddocs/press/monetary/2002/20020813/default.htm,XLY,0.0068541502216149,0.0471057293878077,0.0470603944901243,3,0.0471057293878077,0.9990375927032109
2002-09-11,Beige_Book,https://www.federalreserve.gov/fomc/beigebook/2002/20020911/default.htm,XLB,0.0059908429454893,-0.019800999892247,-0.0157328670152583,3,-0.019800999892247,0.7945491187754835
2002-09-11,Beige_Book,https://www.federalreserve.gov/fomc/beigebook/2002/20020911/default.htm,XLE,-0.0100337793685747,0.0068366106643522,-0.0026623625072098,1,-0.0062564759657763,0.4255370789839605
2002-09-11,Beige_Book,https://www.federalreserve.gov/fomc/beigebook/2002/20020911/default.htm,XLF,0.0175298463212241,-0.0090759722810377,-0.0076644387087612,1,-0.0095855365235287,0.7995836946578875
2002-09-11,Beige_Book,https://www.federalreserve.gov/fomc/beigebook/2002/20020911/default.htm,XLI,0.0003913506418247,-0.0142878862457105,-0.0120380764267594,2,-0.0217968079098029,0.5522862098236593
2002-09-11,Beige_Book,https://www.federalreserve.gov/fomc/beigebook/2002/20020911/default.htm,XLK,-0.0056104648127301,-0.035571562422131,-0.0250909258693153,3,-0.035571562422131,0.7053647397198632
2002-09-11,Beige_Book,https://www.federalreserve.gov/fomc/beigebook/2002/20020911/default.htm,XLP,0.0119345474417005,0.020670283513179,0.0182177545354421,3,0.020670283513179,0.8813500077938838
2002-09-11,Beige_Book,https://www.federalreserve.gov/fomc/beigebook/2002/20020911/default.htm,XLU,0.0341984641729592,-0.0089682966605753,-0.0224702214589854,4,-0.0224702214589854,1.0
2002-09-11,Beige_Book,https://www.federalreserve.gov/fomc/beigebook/2002/20020911/default.htm,XLV,0.0077401304571402,0.0021620272652438,0.0100644024049999,4,0.0100644024049999,1.0
2002-09-11,Beige_Book,https://www.federalreserve.gov/fomc/beigebook/2002/20020911/default.htm,XLY,-0.0008751206797035,0.0016232422073572,0.0133936887527874,4,0.0133936887527874,1.0
2002-09-24,FOMC_statement,https://www.federalreserve.gov/boarddocs/press/monetary/2002/20020924/default.htm,XLB,0.0103095399800214,0.0039400998723656,-4.082791662285423e-05,2,-0.0021716429079596,0.018800474273744535
2002-09-24,FOMC_statement,https://www.federalreserve.gov/boarddocs/press/monetary/2002/20020924/default.htm,XLE,-0.0025380440369485,0.0444143710401706,0.0365534541079447,3,0.0444143710401706,0.8230096081937964
2002-09-24,FOMC_statement,https://www.federalreserve.gov/boarddocs/press/monetary/2002/20020924/default.htm,XLF,-0.0086628317914927,0.0113106915770773,0.0238802378170874,4,0.0238802378170874,1.0
2002-09-24,FOMC_statement,https://www.federalreserve.gov/boarddocs/press/monetary/2002/20020924/default.htm,XLI,0.0045593877225247,-0.0057791759590681,-0.0038174281867261,3,-0.0057791759590681,0.6605488764771346
2002-09-24,FOMC_statement,https://www.federalreserve.gov/boarddocs/press/monetary/2002/20020924/default.htm,XLK,0.0229975904242415,-0.0044662073390733,-0.026361933038461,4,-0.026361933038461,1.0
2002-09-24,FOMC_statement,https://www.federalreserve.gov/boarddocs/press/monetary/2002/20020924/default.htm,XLP,-0.0042579538399224,-0.0051490812376335,-0.0040480867486467,1,-0.016780265666825,0.24124092127157842
2002-09-24,FOMC_statement,https://www.federalreserve.gov/boarddocs/press/monetary/2002/20020924/default.htm,XLU,0.0181790813165282,0.045616296605351,0.0707897694073897,4,0.0707897694073897,1.0
2002-09-24,FOMC_statement,https://www.federalreserve.gov/boarddocs/press/monetary/2002/20020924/default.htm,XLV,0.0035300409854229,0.0027439538138812,0.0096393488319894,4,0.0096393488319894,1.0
2002-09-24,FOMC_statement,https://www.federalreserve.gov/boarddocs/press/monetary/2002/20020924/default.htm,XLY,0.0230571849288498,0.0082317281607044,-0.016307363648536,4,-0.016307363648536,1.0
2002-10-23,Beige_Book,https://www.federalreserve.gov/fomc/beigebook/2002/20021023/default.htm,XLB,0.0162607541942747,-0.0128767786233451,-0.016323146273839,5,-0.016323146273839,1.0
2002-10-23,Beige_Book,https://www.federalreserve.gov/fomc/beigebook/2002/20021023/default.htm,XLE,0.0209355540989913,-0.0275876080132906,-0.0215047589338761,4,-0.0450009084571985,0.4778738845756818
2002-10-23,Beige_Book,https://www.federalreserve.gov/fomc/beigebook/2002/20021023/default.htm,XLF,0.0019817841546726,0.0105633597239617,0.0125808071224197,5,0.0125808071224197,1.0
2002-10-23,Beige_Book,https://www.federalreserve.gov/fomc/beigebook/2002/20021023/default.htm,XLI,0.0065894415104629,-0.016181870477731,-0.0216064088883041,5,-0.0216064088883041,1.0
2002-10-23,Beige_Book,https://www.federalreserve.gov/fomc/beigebook/2002/20021023/default.htm,XLK,-0.0029409800856851,0.0149121752391764,0.0346178711136944,5,0.0346178711136944,1.0
2002-10-23,Beige_Book,https://www.federalreserve.gov/fomc/beigebook/2002/20021023/default.htm,XLP,0.0101057438973751,-0.0239620109274326,-0.0034735153688535,3,-0.0239620109274326,0.14495925986232194
2002-10-23,Beige_Book,https://www.federalreserve.gov/fomc/beigebook/2002/20021023/default.htm,XLU,0.0055081362874659,0.0408895575909096,0.0584895383262855,5,0.0584895383262855,1.0
2002-10-23,Beige_Book,https://www.federalreserve.gov/fomc/beigebook/2002/20021023/default.htm,XLV,0.0113632292421043,0.0034935306768999,-0.0004058184302601,5,-0.0004058184302601,1.0
2002-10-23,Beige_Book,https://www.federalreserve.gov/fomc/beigebook/2002/20021023/default.htm,XLY,-0.0015635826703529,-0.0019302130164767,-0.0186568168212971,5,-0.0186568168212971,1.0
2002-11-06,FOMC_statement,https://www.federalreserve.gov/boarddocs/press/monetary/2002/20021106/default.htm,XLB,-0.0005030814545814,-0.012553144529147,-0.0090156243234125,3,-0.012553144529147,0.7181964887346933
2002-11-06,FOMC_statement,https://www.federalreserve.gov/boarddocs/press/monetary/2002/20021106/default.htm,XLE,-0.0127891804138806,0.0152187070554339,-0.0192833361116159,5,-0.0192833361116159,1.0
2002-11-06,FOMC_statement,https://www.federalreserve.gov/boarddocs/press/monetary/2002/20021106/default.htm,XLF,0.0044331295980777,-0.0001248068839774,-0.0035620744907511,1,-0.011701367724635,0.3044152251750734
2002-11-06,FOMC_statement,https://www.federalreserve.gov/boarddocs/press/monetary/2002/20021106/default.htm,XLI,-0.0017284420698746,-0.0030685543255124,-0.0134964489840175,5,-0.0134964489840175,1.0
2002-11-06,FOMC_statement,https://www.federalreserve.gov/boarddocs/press/monetary/2002/20021106/default.htm,XLK,0.014233740087687,-0.0293367872496945,-0.0056900603841787,3,-0.0293367872496945,0.1939564934547478
2002-11-06,FOMC_statement,https://www.federalreserve.gov/boarddocs/press/monetary/2002/20021106/default.htm,XLP,-0.0019274242421642,0.0404741986364636,0.0166446266685594,3,0.0404741986364636,0.4112404254883528
2002-11-06,FOMC_statement,https://www.federalreserve.gov/boarddocs/press/monetary/2002/20021106/default.htm,XLU,0.0079006885700267,-0.0361636127476727,-0.0574047631386526,4,-0.0627181381242455,0.9152816849398969
2002-11-06,FOMC_statement,https://www.federalreserve.gov/boarddocs/press/monetary/2002/20021106/default.htm,XLV,-0.0046130733397473,0.027841435937308,0.0079537349143529,3,0.027841435937308,0.28567976638355635
2002-11-06,FOMC_statement,https://www.federalreserve.gov/boarddocs/press/monetary/2002/20021106/default.htm,XLY,-0.0055959281085202,-0.0013513509684685,0.0077738876779608,5,0.0077738876779608,1.0
2002-11-27,Beige_Book,https://www.federalreserve.gov/fomc/beigebook/2002/20021127/default.htm,XLB,-0.0095503386590435,0.0071331480019983,0.0071331480019983,1,0.0256325970587854,0.2782842482031473
2002-11-27,Beige_Book,https://www.federalreserve.gov/fomc/beigebook/2002/20021127/default.htm,XLE,-0.000121793207522,0.0400430574794955,0.0400430574794955,3,0.0400430574794955,1.0
2002-11-27,Beige_Book,https://www.federalreserve.gov/fomc/beigebook/2002/20021127/default.htm,XLF,0.0081576624851491,-0.0080322379546916,-0.0080322379546916,3,-0.0080322379546916,1.0
2002-11-27,Beige_Book,https://www.federalreserve.gov/fomc/beigebook/2002/20021127/default.htm,XLI,-0.0049829913938572,0.0025554806514576,0.0025554806514576,2,0.0057675145962321,0.4430817831179981
2002-11-27,Beige_Book,https://www.federalreserve.gov/fomc/beigebook/2002/20021127/default.htm,XLK,0.0097487408997226,-0.0229037855755946,-0.0229037855755946,3,-0.0229037855755946,1.0
2002-11-27,Beige_Book,https://www.federalreserve.gov/fomc/beigebook/2002/20021127/default.htm,XLP,-0.0125278543539599,0.0070521434286214,0.0070521434286214,3,0.0070521434286214,1.0
2002-11-27,Beige_Book,https://www.federalreserve.gov/fomc/beigebook/2002/20021127/default.htm,XLU,0.0061429217705766,0.0151513735992281,0.0151513735992281,3,0.0151513735992281,1.0
2002-11-27,Beige_Book,https://www.federalreserve.gov/fomc/beigebook/2002/20021127/default.htm,XLV,-0.0031681186476428,-0.0045730648888466,-0.0045730648888466,2,-0.0113982580386916,0.4012073488179725
2002-11-27,Beige_Book,https://www.federalreserve.gov/fomc/beigebook/2002/20021127/default.htm,XLY,0.0083075392790873,-0.0186810677060605,-0.0186810677060605,3,-0.0186810677060605,1.0
2002-12-10,FOMC_statement,https://www.federalreserve.gov/boarddocs/press/monetary/2002/20021210/default.htm,XLB,-0.0046854280533201,0.0105618105190805,0.0176000876321067,4,0.0176000876321067,1.0
2002-12-10,FOMC_statement,https://www.federalreserve.gov/boarddocs/press/monetary/2002/20021210/default.htm,XLE,-0.0100241758018254,0.0159125114864686,0.0071085945328155,3,0.0159125114864686,0.44672989168682653
2002-12-10,FOMC_statement,https://www.federalreserve.gov/boarddocs/press/monetary/2002/20021210/default.htm,XLF,-0.0082270885479335,-6.056108730279064e-06,0.0027087226465722,4,0.0027087226465722,1.0
2002-12-10,FOMC_statement,https://www.federalreserve.gov/boarddocs/press/monetary/2002/20021210/default.htm,XLI,-0.0117996154320375,-0.0007856260997428,-0.0018123389469445,4,-0.0018123389469445,1.0
2002-12-10,FOMC_statement,https://www.federalreserve.gov/boarddocs/press/monetary/2002/20021210/default.htm,XLK,0.0197425578476181,-0.004167782747654,0.0040073248317857,1,0.0068195661759804,0.5876216651288079
2002-12-10,FOMC_statement,https://www.federalreserve.gov/boarddocs/press/monetary/2002/20021210/default.htm,XLP,-0.0245230143068019,0.003197881322384,-0.0177029424977592,4,-0.0177029424977592,1.0
2002-12-10,FOMC_statement,https://www.federalreserve.gov/boarddocs/press/monetary/2002/20021210/default.htm,XLU,-0.0412355541720095,0.0374322531960332,0.0273652728487711,3,0.0374322531960332,0.7310613311322406
2002-12-10,FOMC_statement,https://www.federalreserve.gov/boarddocs/press/monetary/2002/20021210/default.htm,XLV,-0.0231231988101201,-0.0022198022049969,-0.0180683275806717,4,-0.0180683275806717,1.0
2002-12-10,FOMC_statement,https://www.federalreserve.gov/boarddocs/press/monetary/2002/20021210/default.htm,XLY,0.0051615037387612,-0.010439342995696,-0.0116360018166156,4,-0.0116360018166156,1.0
2003-01-15,Beige_Book,https://www.federalreserve.gov/fomc/beigebook/2003/20030115/default.htm,XLB,-0.0016582955329822,0.0102236328731654,0.0101730240359542,2,0.0164646818761839,0.6178694561156046
2003-01-15,Beige_Book,https://www.federalreserve.gov/fomc/beigebook/2003/20030115/default.htm,XLE,-0.0008649836971061,0.0133727479363616,0.0227085450786184,4,0.0227085450786184,1.0
2003-01-15,Beige_Book,https://www.federalreserve.gov/fomc/beigebook/2003/20030115/default.htm,XLF,-0.0044117965433156,0.0051438585799604,0.0013998595653211,2,0.0060418134399844,0.23169526487807518
2003-01-15,Beige_Book,https://www.federalreserve.gov/fomc/beigebook/2003/20030115/default.htm,XLI,0.0013376415057242,-0.0031828675471009,-0.0099402048184114,4,-0.0099402048184114,1.0
2003-01-15,Beige_Book,https://www.federalreserve.gov/fomc/beigebook/2003/20030115/default.htm,XLK,-0.0107572290878077,-0.0422829421971656,-0.0367959924751155,2,-0.0512649321483982,0.7177614586244061
2003-01-15,Beige_Book,https://www.federalreserve.gov/fomc/beigebook/2003/20030115/default.htm,XLP,0.0002921754017919,0.0360710668490703,0.0363785752910651,4,0.0363785752910651,1.0
2003-01-15,Beige_Book,https://www.federalreserve.gov/fomc/beigebook/2003/20030115/default.htm,XLU,0.0012094697559974,0.0075843080875886,0.0108763602665571,2,0.0128332041899249,0.8475171208680619
2003-01-15,Beige_Book,https://www.federalreserve.gov/fomc/beigebook/2003/20030115/default.htm,XLV,0.0039510799691174,0.0233856415983129,0.0328838982405592,4,0.0328838982405592,1.0
2003-01-15,Beige_Book,https://www.federalreserve.gov/fomc/beigebook/2003/20030115/default.htm,XLY,0.0019921298857579,-0.0075076959563923,-0.0097045078847518,4,-0.0097045078847518,1.0
2003-01-29,FOMC_statement,https://www.federalreserve.gov/boarddocs/press/monetary/2003/20030129/default.htm,XLB,-0.0011341602814176,-0.0062240392394673,0.00295207358282,5,0.00295207358282,1.0
2003-01-29,FOMC_statement,https://www.federalreserve.gov/boarddocs/press/monetary/2003/20030129/default.htm,XLE,-0.0095543692850716,0.0146999697392481,0.0303591061908502,4,0.0313942680458124,0.9670270428521657
2003-01-29,FOMC_statement,https://www.federalreserve.gov/boarddocs/press/monetary/2003/20030129/default.htm,XLF,-0.0070240440466855,-0.0007274404385591,-0.0179601565561799,5,-0.0179601565561799,1.0
2003-01-29,FOMC_statement,https://www.federalreserve.gov/boarddocs/press/monetary/2003/20030129/default.htm,XLI,0.001196418618915,0.0104162421803497,0.018856740367395,5,0.018856740367395,1.0
2003-01-29,FOMC_statement,https://www.federalreserve.gov/boarddocs/press/monetary/2003/20030129/default.htm,XLK,-0.0063790855119121,-0.0207726985027065,-0.0253434821657502,4,-0.0280610928110625,0.9031537843657699
2003-01-29,FOMC_statement,https://www.federalreserve.gov/boarddocs/press/monetary/2003/20030129/default.htm,XLP,0.004281109019357,0.0138580754791948,0.0232017324080772,4,0.0242337919635822,0.9574123786712394
2003-01-29,FOMC_statement,https://www.federalreserve.gov/boarddocs/press/monetary/2003/20030129/default.htm,XLU,-0.0227419743070906,0.0010241416736929,-0.0027053467416323,5,-0.0027053467416323,1.0
2003-01-29,FOMC_statement,https://www.federalreserve.gov/boarddocs/press/monetary/2003/20030129/default.htm,XLV,-0.0096991423691561,-0.0002263902202987,-0.0032225786442785,5,-0.0032225786442785,1.0
2003-01-29,FOMC_statement,https://www.federalreserve.gov/boarddocs/press/monetary/2003/20030129/default.htm,XLY,-0.007423466186329,-0.0139265355615457,-0.0211110227384943,4,-0.0245854807102434,0.8586784609706051
2003-03-05,Beige_Book,https://www.federalreserve.gov/fomc/beigebook/2003/20030305/default.htm,XLB,0.0081346209733896,-0.0053318801431764,-0.0029832373546289,2,-0.0101264946113287,0.29459723913658104
2003-03-05,Beige_Book,https://www.federalreserve.gov/fomc/beigebook/2003/20030305/default.htm,XLE,-0.0110441108354394,0.0162131045113568,0.0162154820619417,4,0.0162154820619417,1.0
2003-03-05,Beige_Book,https://www.federalreserve.gov/fomc/beigebook/2003/20030305/default.htm,XLF,-0.001525816144973,-0.0158921709511432,-0.022595573214215,4,-0.022595573214215,1.0
2003-03-05,Beige_Book,https://www.federalreserve.gov/fomc/beigebook/2003/20030305/default.htm,XLI,0.0023890825889121,-0.0036638357408357,-0.0123549142626439,4,-0.0123549142626439,1.0
2003-03-05,Beige_Book,https://www.federalreserve.gov/fomc/beigebook/2003/20030305/default.htm,XLK,-0.0047230796684173,-0.0128170536859011,-0.0080855863543083,2,-0.0161067568906965,0.5019996520204918
2003-03-05,Beige_Book,https://www.federalreserve.gov/fomc/beigebook/2003/20030305/default.htm,XLP,-0.0072954008232697,0.0034666017598041,0.0234049928470256,4,0.0234049928470256,1.0
2003-03-05,Beige_Book,https://www.federalreserve.gov/fomc/beigebook/2003/20030305/default.htm,XLU,-0.0097628688542761,0.005459379615923,0.0135857567049233,4,0.0135857567049233,1.0
2003-03-05,Beige_Book,https://www.federalreserve.gov/fomc/beigebook/2003/20030305/default.htm,XLV,-0.0050574025210237,0.0202347151414801,0.0167705111464975,3,0.0202347151414801,0.8287989739039536
2003-03-05,Beige_Book,https://www.federalreserve.gov/fomc/beigebook/2003/20030305/default.htm,XLY,0.0119186868775209,0.0053464759790853,0.0066609328836538,4,0.0066609328836538,1.0
2003-03-18,FOMC_statement,https://www.federalreserve.gov/boarddocs/press/monetary/2003/20030318/default.htm,XLB,-0.0021655867067651,0.0028846838909709,-0.0030478376512756,2,-0.0119240922924136,0.25560332615126685
2003-03-18,FOMC_statement,https://www.federalreserve.gov/boarddocs/press/monetary/2003/20030318/default.htm,XLE,0.018655088617455,-0.0311742047275728,-0.0126861977578565,3,-0.0311742047275728,0.4069453533368207
2003-03-18,FOMC_statement,https://www.federalreserve.gov/boarddocs/press/monetary/2003/20030318/default.htm,XLF,0.0008871795914946,0.0100947353909186,0.0085173333263648,3,0.0100947353909186,0.8437401275547194
2003-03-18,FOMC_statement,https://www.federalreserve.gov/boarddocs/press/monetary/2003/20030318/default.htm,XLI,0.0031525247128931,0.009366767286896,0.0071284621371038,3,0.009366767286896,0.7610376044119764
2003-03-18,FOMC_statement,https://www.federalreserve.gov/boarddocs/press/monetary/2003/20030318/default.htm,XLK,-0.0143595315641003,-0.0194084791662902,-0.0267419069016184,4,-0.0267419069016184,1.0
2003-03-18,FOMC_statement,https://www.federalreserve.gov/boarddocs/press/monetary/2003/20030318/default.htm,XLP,0.0028666682697531,0.0054254013199556,0.011977831505524,4,0.011977831505524,1.0
2003-03-18,FOMC_statement,https://www.federalreserve.gov/boarddocs/press/monetary/2003/20030318/default.htm,XLU,0.0091659744782388,-0.0085250848079314,0.0001614704991711,4,0.0001614704991711,1.0
2003-03-18,FOMC_statement,https://www.federalreserve.gov/boarddocs/press/monetary/2003/20030318/default.htm,XLV,0.0032084777074419,0.0050075438635566,0.0100762462751403,4,0.0100762462751403,1.0
2003-03-18,FOMC_statement,https://www.federalreserve.gov/boarddocs/press/monetary/2003/20030318/default.htm,XLY,-0.0165734703698772,0.0268478723121621,0.0143641111130842,3,0.0268478723121621,0.535018602072882
2003-04-23,Beige_Book,https://www.federalreserve.gov/fomc/beigebook/2003/20030423/default.htm,XLB,-0.0018847420477137,0.0007244528325351,0.0058372081741802,4,0.0058372081741802,1.0
2003-04-23,Beige_Book,https://www.federalreserve.gov/fomc/beigebook/2003/20030423/default.htm,XLE,0.0049431285323608,-0.0075018133569886,-0.0248643289435726,4,-0.0248643289435726,1.0
2003-04-23,Beige_Book,https://www.federalreserve.gov/fomc/beigebook/2003/20030423/default.htm,XLF,-0.0119041935119796,-0.0100900101787877,-0.0122876713987636,4,-0.0122876713987636,1.0
2003-04-23,Beige_Book,https://www.federalreserve.gov/fomc/beigebook/2003/20030423/default.htm,XLI,-0.0111687499620343,0.0046807766953028,0.0040376454488354,3,0.0046807766953028,0.8626015962024448
2003-04-23,Beige_Book,https://www.federalreserve.gov/fomc/beigebook/2003/20030423/default.htm,XLK,-0.0029313232635845,-0.0026073853980161,0.0041431280072807,4,0.0041431280072807,1.0
2003-04-23,Beige_Book,https://www.federalreserve.gov/fomc/beigebook/2003/20030423/default.htm,XLP,0.0009180295977351,-0.003602891619828,0.0018075598284512,1,0.0021462688052263,0.8421870662470972
2003-04-23,Beige_Book,https://www.federalreserve.gov/fomc/beigebook/2003/20030423/default.htm,XLU,0.0048758985208117,0.0243265380577853,0.0223413890106022,2,0.0279241250478309,0.8000748088734706
2003-04-23,Beige_Book,https://www.federalreserve.gov/fomc/beigebook/2003/20030423/default.htm,XLV,0.0020225022381146,0.0044873114026131,0.007199534738624,1,0.0150962463399817,0.4769089332860428
2003-04-23,Beige_Book,https://www.federalreserve.gov/fomc/beigebook/2003/20030423/default.htm,XLY,-0.0013589933151281,-0.0037921477850973,0.0010256658408031,4,0.0010256658408031,1.0
2003-05-06,FOMC_statement,https://www.federalreserve.gov/boarddocs/press/monetary/2003/20030506/default.htm,XLB,0.0005484094518641,0.003483568691185,0.0055206829775681,4,0.0055206829775681,1.0
2003-05-06,FOMC_statement,https://www.federalreserve.gov/boarddocs/press/monetary/2003/20030506/default.htm,XLE,-0.0081284642348054,0.0162351337147808,0.0087422555970639,2,0.0235241354174857,0.37162919877453615
2003-05-06,FOMC_statement,https://www.federalreserve.gov/boarddocs/press/monetary/2003/20030506/default.htm,XLF,0.0022830372707789,-0.0095410662673625,-0.0103405631327415,4,-0.0103405631327415,1.0
2003-05-06,FOMC_statement,https://www.federalreserve.gov/boarddocs/press/monetary/2003/20030506/default.htm,XLI,0.0013441811679948,0.0061209209350345,0.0013109291389981,3,0.0061209209350345,0.2141718791848291
2003-05-06,FOMC_statement,https://www.federalreserve.gov/boarddocs/press/monetary/2003/20030506/default.htm,XLK,0.0005548079416578,0.0011162794972814,0.0041658602684326,4,0.0041658602684326,1.0
2003-05-06,FOMC_statement,https://www.federalreserve.gov/boarddocs/press/monetary/2003/20030506/default.htm,XLP,0.0043018735708691,0.0121961857218804,0.0086764021025735,2,0.0135348089418023,0.641043559601082
2003-05-06,FOMC_statement,https://www.federalreserve.gov/boarddocs/press/monetary/2003/20030506/default.htm,XLU,-0.0059560978476522,0.0052872156030462,0.0005182610484787,2,0.0125895798558349,0.04116587323908997
2003-05-06,FOMC_statement,https://www.federalreserve.gov/boarddocs/press/monetary/2003/20030506/default.htm,XLV,-0.0033553193202977,0.0007971709127456,-0.0015289820120749,1,-0.0029764564354218,0.5136920513530798
2003-05-06,FOMC_statement,https://www.federalreserve.gov/boarddocs/press/monetary/2003/20030506/default.htm,XLY,0.001611451258466,0.0030355306739361,0.0059592698343317,4,0.0059592698343317,1.0
2003-06-11,Beige_Book,https://www.federalreserve.gov/fomc/beigebook/2003/20030611/default.htm,XLB,0.0029914271652931,0.0020118807644081,-0.0035619955602287,5,-0.0035619955602287,1.0
2003-06-11,Beige_Book,https://www.federalreserve.gov/fomc/beigebook/2003/20030611/default.htm,XLE,0.0041128553554332,-0.0404896752155273,-0.0553122605216739,5,-0.0553122605216739,1.0
2003-06-11,Beige_Book,https://www.federalreserve.gov/fomc/beigebook/2003/20030611/default.htm,XLF,0.0017413400861185,0.0052189132492982,-0.0039148337569931,1,-0.0050529585285534,0.7747607139205769
2003-06-11,Beige_Book,https://www.federalreserve.gov/fomc/beigebook/2003/20030611/default.htm,XLI,0.0048377445065832,0.0021043763734288,-0.0017088780961467,5,-0.0017088780961467,1.0
2003-06-11,Beige_Book,https://www.federalreserve.gov/fomc/beigebook/2003/20030611/default.htm,XLK,-0.0039812960223062,-0.0062813044760218,0.0089108565366538,5,0.0089108565366538,1.0
2003-06-11,Beige_Book,https://www.federalreserve.gov/fomc/beigebook/2003/20030611/default.htm,XLP,0.007219922502875,7.891391735037612e-05,-0.0067481082075455,5,-0.0067481082075455,1.0
2003-06-11,Beige_Book,https://www.federalreserve.gov/fomc/beigebook/2003/20030611/default.htm,XLU,0.0056490035875558,0.004335898196107,0.0052449221749284,1,0.0089902288607961,0.5834025202406197
2003-06-11,Beige_Book,https://www.federalreserve.gov/fomc/beigebook/2003/20030611/default.htm,XLV,0.0025633643983598,0.0125438037986577,0.0306937742325704,4,0.0324049695996396,0.9471934277917597
2003-06-11,Beige_Book,https://www.federalreserve.gov/fomc/beigebook/2003/20030611/default.htm,XLY,-0.0009367368341361,0.0049141275467819,-0.003453248942557,5,-0.003453248942557,1.0
2003-06-25,FOMC_statement,https://www.federalreserve.gov/boarddocs/press/monetary/2003/20030625/default.htm,XLB,-0.0014000152274646,0.0047789429666554,-0.0068642353617102,5,-0.0068642353617102,1.0
2003-06-25,FOMC_statement,https://www.federalreserve.gov/boarddocs/press/monetary/2003/20030625/default.htm,XLE,0.0018357265103609,-0.0155882659439383,-0.0394716523872562,5,-0.0394716523872562,1.0
2003-06-25,FOMC_statement,https://www.federalreserve.gov/boarddocs/press/monetary/2003/20030625/default.htm,XLF,-0.0046609812838818,-0.0047570298523456,-0.0022679857490659,3,-0.0047570298523456,0.47676508650615257
2003-06-25,FOMC_statement,https://www.federalreserve.gov/boarddocs/press/monetary/2003/20030625/default.htm,XLI,0.0005743950856391,0.0029743579336356,-0.0139228163612219,5,-0.0139228163612219,1.0
2003-06-25,FOMC_statement,https://www.federalreserve.gov/boarddocs/press/monetary/2003/20030625/default.htm,XLK,0.0050925065232398,0.0072688155750666,0.0203219550880473,5,0.0203219550880473,1.0
2003-06-25,FOMC_statement,https://www.federalreserve.gov/boarddocs/press/monetary/2003/20030625/default.htm,XLP,-0.00988586724711,0.0013434853062846,-0.0056324392970333,1,-0.0065572111999132,0.8589687178457602
2003-06-25,FOMC_statement,https://www.federalreserve.gov/boarddocs/press/monetary/2003/20030625/default.htm,XLU,0.0072998132713892,-0.0001313749050542,-0.0214340679830307,5,-0.0214340679830307,1.0
2003-06-25,FOMC_statement,https://www.federalreserve.gov/boarddocs/press/monetary/2003/20030625/default.htm,XLV,0.0003422649351372,-0.0087474114884028,-0.0156012889311624,5,-0.0156012889311624,1.0
2003-06-25,FOMC_statement,https://www.federalreserve.gov/boarddocs/press/monetary/2003/20030625/default.htm,XLY,0.0010159011017973,0.0066711702621824,-0.0080977017233896,5,-0.0080977017233896,1.0
2003-07-30,Beige_Book,https://www.federalreserve.gov/fomc/beigebook/2003/20030730/default.htm,XLB,-0.0018979288683119,0.0102718803358091,0.0130028144961619,4,0.0130028144961619,1.0
2003-07-30,Beige_Book,https://www.federalreserve.gov/fomc/beigebook/2003/20030730/default.htm,XLE,0.0095384589366519,0.0009579020356772,0.0178062574624601,4,0.0178062574624601,1.0
2003-07-30,Beige_Book,https://www.federalreserve.gov/fomc/beigebook/2003/20030730/default.htm,XLF,0.0061955835145226,-0.0129568397504692,-0.0080428050597241,2,-0.014150704894435,0.568367803563416
2003-07-30,Beige_Book,https://www.federalreserve.gov/fomc/beigebook/2003/20030730/default.htm,XLI,0.0091618611874577,0.010092528777073,0.0143519800448045,4,0.0143519800448045,1.0
2003-07-30,Beige_Book,https://www.federalreserve.gov/fomc/beigebook/2003/20030730/default.htm,XLK,0.0049546784905107,0.0168523928804883,0.0131527410452181,3,0.0168523928804883,0.7804672688616429
2003-07-30,Beige_Book,https://www.federalreserve.gov/fomc/beigebook/2003/20030730/default.htm,XLP,0.0008628424500665,0.000612872712862,0.009834313694555,4,0.009834313694555,1.0
2003-07-30,Beige_Book,https://www.federalreserve.gov/fomc/beigebook/2003/20030730/default.htm,XLU,-0.0002912099277703,0.0036291973471604,0.0092731605057793,4,0.0092731605057793,1.0
2003-07-30,Beige_Book,https://www.federalreserve.gov/fomc/beigebook/2003/20030730/default.htm,XLV,-0.0001317029337534,-0.0121041935725281,-0.0073796786570426,2,-0.0138612942875964,0.5323946309722469
2003-07-30,Beige_Book,https://www.federalreserve.gov/fomc/beigebook/2003/20030730/default.htm,XLY,0.0018466973094424,6.511861317282097e-06,0.0047690867943318,2,0.0076263873015759,0.6253402306681076
2003-08-12,FOMC_statement,https://www.federalreserve.gov/boarddocs/press/monetary/2003/20030812/default.htm,XLB,-0.0012410823663102,0.0106120747025036,0.0153419960971713,2,0.0177271865315138,0.8654501417863278
2003-08-12,FOMC_statement,https://www.federalreserve.gov/boarddocs/press/monetary/2003/20030812/default.htm,XLE,-0.000846858881748,0.0054851173366792,-0.0031479296906133,4,-0.0031479296906133,1.0
2003-08-12,FOMC_statement,https://www.federalreserve.gov/boarddocs/press/monetary/2003/20030812/default.htm,XLF,0.0057405959180203,0.0005199575523353,-0.0069413905770499,4,-0.0069413905770499,1.0
2003-08-12,FOMC_statement,https://www.federalreserve.gov/boarddocs/press/monetary/2003/20030812/default.htm,XLI,-0.0041513790608878,0.0169562441376642,0.0231857723787956,4,0.0231857723787956,1.0
2003-08-12,FOMC_statement,https://www.federalreserve.gov/boarddocs/press/monetary/2003/20030812/default.htm,XLK,-0.0009437294549652,0.0016298205334355,0.0223585003058139,4,0.0223585003058139,1.0
2003-08-12,FOMC_statement,https://www.federalreserve.gov/boarddocs/press/monetary/2003/20030812/default.htm,XLP,0.0052526691104305,0.0047030546119049,-0.0019707220625828,4,-0.0019707220625828,1.0
2003-08-12,FOMC_statement,https://www.federalreserve.gov/boarddocs/press/monetary/2003/20030812/default.htm,XLU,0.0037653605982288,-0.0083466583597969,-0.01938854652671,4,-0.01938854652671,1.0
2003-08-12,FOMC_statement,https://www.federalreserve.gov/boarddocs/press/monetary/2003/20030812/default.htm,XLV,0.0058652214518833,-0.0179057822654713,-0.0197772886527185,4,-0.0197772886527185,1.0
2003-08-12,FOMC_statement,https://www.federalreserve.gov/boarddocs/press/monetary/2003/20030812/default.htm,XLY,-0.0006016728299989,0.0075072271196621,0.0045478405045882,3,0.0075072271196621,0.6057949802367107
2003-09-16,FOMC_statement,https://www.federalreserve.gov/boarddocs/press/monetary/2003/20030916/default.htm,XLB,0.0003890547998705,-0.0076511709981499,-0.0188307395781383,7,-0.0193814946026164,0.9715834595953322
2003-09-16,FOMC_statement,https://www.federalreserve.gov/boarddocs/press/monetary/2003/20030916/default.htm,XLE,0.0030199164419351,-0.0045605761361062,0.0185626034333584,6,0.0252000463124496,0.7366098936170566
2003-09-16,FOMC_statement,https://www.federalreserve.gov/boarddocs/press/monetary/2003/20030916/default.htm,XLF,-0.0035136324127683,0.0192577236178556,0.0205209019594547,7,0.0227306199846809,0.9027867243957526
2003-09-16,FOMC_statement,https://www.federalreserve.gov/boarddocs/press/monetary/2003/20030916/default.htm,XLI,-0.0047609532235469,-0.0011524370584454,-0.0119212654862322,8,-0.0119212654862322,1.0
2003-09-16,FOMC_statement,https://www.federalreserve.gov/boarddocs/press/monetary/2003/20030916/default.htm,XLK,0.0022967932970928,0.0086958760704846,-0.0153228393261994,8,-0.0153228393261994,1.0
2003-09-16,FOMC_statement,https://www.federalreserve.gov/boarddocs/press/monetary/2003/20030916/default.htm,XLP,-0.0025431941250638,0.0039889835064684,0.0257680703811117,8,0.0257680703811117,1.0
2003-09-16,FOMC_statement,https://www.federalreserve.gov/boarddocs/press/monetary/2003/20030916/default.htm,XLU,0.0020268655546028,0.0051414273331166,0.0397215076684288,8,0.0397215076684288,1.0
2003-09-16,FOMC_statement,https://www.federalreserve.gov/boarddocs/press/monetary/2003/20030916/default.htm,XLV,-0.000753107247684,-0.0118076376007306,-0.0098395588176048,4,-0.0145496756250523,0.6762734146912935
2003-09-16,FOMC_statement,https://www.federalreserve.gov/boarddocs/press/monetary/2003/20030916/default.htm,XLY,-0.0070345099531864,-0.0044768464916167,-0.0087585548318323,4,-0.008902639662084,0.9838154934131106
2003-10-15,Beige_Book,https://www.federalreserve.gov/fomc/beigebook/2003/20031015/default.htm,XLB,-0.0029774586902853,-0.0026718789210368,0.0016352993932281,4,0.0016352993932281,1.0
2003-10-15,Beige_Book,https://www.federalreserve.gov/fomc/beigebook/2003/20031015/default.htm,XLE,0.0075278030517411,0.002762135424822,0.0077255419608698,2,0.0106496144839166,0.7254292606119376
2003-10-15,Beige_Book,https://www.federalreserve.gov/fomc/beigebook/2003/20031015/default.htm,XLF,-0.0023914684964911,-0.0079332694699364,-0.00659197940573,3,-0.0079332694699364,0.8309284628122997
2003-10-15,Beige_Book,https://www.federalreserve.gov/fomc/beigebook/2003/20031015/default.htm,XLI,-0.001423810273466,-0.0046513738045147,-0.0045834382933632,3,-0.0046513738045147,0.9853945277230651
2003-10-15,Beige_Book,https://www.federalreserve.gov/fomc/beigebook/2003/20031015/default.htm,XLK,0.0060789198526348,-0.0013801002592708,0.0059311190326043,4,0.0059311190326043,1.0
2003-10-15,Beige_Book,https://www.federalreserve.gov/fomc/beigebook/2003/20031015/default.htm,XLP,-0.0016932505796065,-0.004816227324962,-0.0045273096839464,3,-0.004816227324962,0.9400116270429822
2003-10-15,Beige_Book,https://www.federalreserve.gov/fomc/beigebook/2003/20031015/default.htm,XLU,0.0008144522295954,0.0026627866677506,0.0030112453527515,2,0.0051123105673367,0.5890184708242857
2003-10-15,Beige_Book,https://www.federalreserve.gov/fomc/beigebook/2003/20031015/default.htm,XLV,0.0021058338413415,-0.0015480861265259,0.0094218568767775,4,0.0094218568767775,1.0
2003-10-15,Beige_Book,https://www.federalreserve.gov/fomc/beigebook/2003/20031015/default.htm,XLY,-0.0018671123599613,-0.0112942016358157,-0.0065176274607472,3,-0.0112942016358157,0.5770773066489951
2003-10-28,FOMC_statement,https://www.federalreserve.gov/boarddocs/press/monetary/2003/20031028/default.htm,XLB,-0.006512863556046,0.0266159371090938,0.0221542791332082,2,0.0273379708487999,0.810384913194124
2003-10-28,FOMC_statement,https://www.federalreserve.gov/boarddocs/press/monetary/2003/20031028/default.htm,XLE,0.0045943093565267,-0.0026728467724984,-0.0154038284547661,2,-0.0190966971200434,0.8066226509189717
2003-10-28,FOMC_statement,https://www.federalreserve.gov/boarddocs/press/monetary/2003/20031028/default.htm,XLF,0.0004829802823103,0.0030660587675445,0.0071868641386488,4,0.0071868641386488,1.0
2003-10-28,FOMC_statement,https://www.federalreserve.gov/boarddocs/press/monetary/2003/20031028/default.htm,XLI,6.719074123773261e-05,0.0134732532040401,0.0117731410860589,3,0.0134732532040401,0.8738157672661119
2003-10-28,FOMC_statement,https://www.federalreserve.gov/boarddocs/press/monetary/2003/20031028/default.htm,XLK,-0.0047717960810407,-0.0009428751758812,0.0159495968828055,4,0.0159495968828055,1.0
2003-10-28,FOMC_statement,https://www.federalreserve.gov/boarddocs/press/monetary/2003/20031028/default.htm,XLP,0.0009613572604568,0.002731069619778,0.0051232253435208,4,0.0051232253435208,1.0
2003-10-28,FOMC_statement,https://www.federalreserve.gov/boarddocs/press/monetary/2003/20031028/default.htm,XLU,-0.0036260977538298,0.0030164880905202,0.0014528745885779,2,0.0038795151423507,0.37449901218778725
2003-10-28,FOMC_statement,https://www.federalreserve.gov/boarddocs/press/monetary/2003/20031028/default.htm,XLV,0.0029869078701598,-0.0059555779130282,-0.0153662144263946,2,-0.015550101227704,0.9881745592123999
2003-10-28,FOMC_statement,https://www.federalreserve.gov/boarddocs/press/monetary/2003/20031028/default.htm,XLY,-0.0105176476176511,-0.0018027965304683,-0.0007122066872282,1,-0.0033281829515098,0.21399264932389425
2003-11-26,Beige_Book,https://www.federalreserve.gov/fomc/beigebook/2003/20031126/default.htm,XLB,-0.0105152933501331,0.0216684504430917,0.0216684504430917,3,0.0216684504430917,1.0
2003-11-26,Beige_Book,https://www.federalreserve.gov/fomc/beigebook/2003/20031126/default.htm,XLE,-0.002021036493508,0.0080482439731833,0.0080482439731833,3,0.0080482439731833,1.0
2003-11-26,Beige_Book,https://www.federalreserve.gov/fomc/beigebook/2003/20031126/default.htm,XLF,-0.0018089675831782,-0.0019912865038098,-0.0019912865038098,1,-0.0022276954896621,0.8938773333476745
2003-11-26,Beige_Book,https://www.federalreserve.gov/fomc/beigebook/2003/20031126/default.htm,XLI,-0.0042155970917752,0.0048615115988743,0.0048615115988743,3,0.0048615115988743,1.0
2003-11-26,Beige_Book,https://www.federalreserve.gov/fomc/beigebook/2003/20031126/default.htm,XLK,0.0047997262687624,5.632874784178288e-05,5.632874784178288e-05,1,0.0027776806096917,0.02027905859487384
2003-11-26,Beige_Book,https://www.federalreserve.gov/fomc/beigebook/2003/20031126/default.htm,XLP,0.0014498055744809,-0.0160286289010949,-0.0160286289010949,3,-0.0160286289010949,1.0
2003-11-26,Beige_Book,https://www.federalreserve.gov/fomc/beigebook/2003/20031126/default.htm,XLU,-0.001724637069544,-0.002257641113872,-0.002257641113872,2,-0.0065721784080221,0.34351488558440363
2003-11-26,Beige_Book,https://www.federalreserve.gov/fomc/beigebook/2003/20031126/default.htm,XLV,0.0086498864781914,0.0056331628878812,0.0056331628878812,3,0.0056331628878812,1.0
2003-11-26,Beige_Book,https://www.federalreserve.gov/fomc/beigebook/2003/20031126/default.htm,XLY,-0.0058491994620408,-0.0073273896324287,-0.0073273896324287,3,-0.0073273896324287,1.0
2003-12-09,FOMC_statement,https://www.federalreserve.gov/boarddocs/press/monetary/2003/20031209/default.htm,XLB,-0.0098622075464207,-0.0063434129211107,-0.0025101319404344,2,-0.0129821954758414,0.19335188297738323
2003-12-09,FOMC_statement,https://www.federalreserve.gov/boarddocs/press/monetary/2003/20031209/default.htm,XLE,-0.0042292970749637,0.0038704253634664,-0.003698041484761,2,-0.0053461162232564,0.6917248578835548
2003-12-09,FOMC_statement,https://www.federalreserve.gov/boarddocs/press/monetary/2003/20031209/default.htm,XLF,-0.0024865133937304,-0.0041958727332734,-0.0017611730818521,1,-0.0054387229870588,0.3238210671958717
2003-12-09,FOMC_statement,https://www.federalreserve.gov/boarddocs/press/monetary/2003/20031209/default.htm,XLI,-0.0022989812825859,0.0021015707370932,0.0082451977517603,4,0.0082451977517603,1.0
2003-12-09,FOMC_statement,https://www.federalreserve.gov/boarddocs/press/monetary/2003/20031209/default.htm,XLK,0.0042166265582139,0.0124801221545123,0.0049422082445387,2,0.013421698771749,0.3682252394861842
2003-12-09,FOMC_statement,https://www.federalreserve.gov/boarddocs/press/monetary/2003/20031209/default.htm,XLP,0.0043900283983717,-0.0060422363936302,-0.0075884432191198,2,-0.0106796186559855,0.7105537625977666
2003-12-09,FOMC_statement,https://www.federalreserve.gov/boarddocs/press/monetary/2003/20031209/default.htm,XLU,0.0040519863133121,-0.0018744155949705,-0.0004447197174549,2,-0.0021614966797607,0.2057461950411763
2003-12-09,FOMC_statement,https://www.federalreserve.gov/boarddocs/press/monetary/2003/20031209/default.htm,XLV,-0.0008532200929454,-0.0044294995113682,-0.0011409811642086,1,-0.0067837346446733,0.1681936608626809
2003-12-09,FOMC_statement,https://www.federalreserve.gov/boarddocs/press/monetary/2003/20031209/default.htm,XLY,0.0023935140451871,0.0029733665325324,0.0036882082343488,4,0.0036882082343488,1.0
2004-01-14,Beige_Book,https://www.federalreserve.gov/fomc/beigebook/2004/20040114/default.htm,XLB,0.0070005367195637,-0.0103186458177298,-0.0174350137228672,4,-0.0174350137228672,1.0
2004-01-14,Beige_Book,https://www.federalreserve.gov/fomc/beigebook/2004/20040114/default.htm,XLE,-0.0061861859230315,0.0116941769280835,0.0097820959444426,3,0.0116941769280835,0.836492897670374
2004-01-14,Beige_Book,https://www.federalreserve.gov/fomc/beigebook/2004/20040114/default.htm,XLF,-0.0009080394810611,0.0039958148916549,0.0110337882663503,4,0.0110337882663503,1.0
2004-01-14,Beige_Book,https://www.federalreserve.gov/fomc/beigebook/2004/20040114/default.htm,XLI,-0.0017539262865905,0.0017665514890765,0.0008040369952915,2,0.0137335444855144,0.05854548300619453
2004-01-14,Beige_Book,https://www.federalreserve.gov/fomc/beigebook/2004/20040114/default.htm,XLK,0.0084372126855939,0.0131216340546633,-0.0024522305071688,4,-0.0024522305071688,1.0
2004-01-14,Beige_Book,https://www.federalreserve.gov/fomc/beigebook/2004/20040114/default.htm,XLP,-0.0044358265355669,-0.0089374346017809,-0.012636178687343,4,-0.012636178687343,1.0
2004-01-14,Beige_Book,https://www.federalreserve.gov/fomc/beigebook/2004/20040114/default.htm,XLU,-0.0011044869137794,-0.0039959391637431,0.0055699953164751,4,0.0055699953164751,1.0
2004-01-14,Beige_Book,https://www.federalreserve.gov/fomc/beigebook/2004/20040114/default.htm,XLV,-0.0015345515414445,-0.0044993690370209,0.0044178704932957,4,0.0044178704932957,1.0
2004-01-14,Beige_Book,https://www.federalreserve.gov/fomc/beigebook/2004/20040114/default.htm,XLY,-0.004239416585041,-0.0105620888790189,-0.0060662554696713,3,-0.0105620888790189,0.5743423994207846
2004-01-28,FOMC_statement,https://www.federalreserve.gov/boarddocs/press/monetary/2004/20040128/default.htm,XLB,-0.0075412596960432,-0.0043986175547559,-0.006804510820076,4,-0.0082459914921975,0.8251901334744944
2004-01-28,FOMC_statement,https://www.federalreserve.gov/boarddocs/press/monetary/2004/20040128/default.htm,XLE,-0.0081963412789772,-0.0098047010611924,-0.0109342845683438,4,-0.0120210191261493,0.9095971359498524
2004-01-28,FOMC_statement,https://www.federalreserve.gov/boarddocs/press/monetary/2004/20040128/default.htm,XLF,-0.0034931148859412,0.0095894209431297,0.0122513350335854,4,0.012282101280085,0.9974950339687
2004-01-28,FOMC_statement,https://www.federalreserve.gov/boarddocs/press/monetary/2004/20040128/default.htm,XLI,-0.0005474105332917,-0.008614454596184,-0.007316642024135,4,-0.0106540154197875,0.6867497122771139
2004-01-28,FOMC_statement,https://www.federalreserve.gov/boarddocs/press/monetary/2004/20040128/default.htm,XLK,0.005149560905055,-0.0099689903170234,-0.0231528501559151,5,-0.0231528501559151,1.0
2004-01-28,FOMC_statement,https://www.federalreserve.gov/boarddocs/press/monetary/2004/20040128/default.htm,XLP,-0.0052546516378911,0.0072536061714602,0.0280384615358221,5,0.0280384615358221,1.0
2004-01-28,FOMC_statement,https://www.federalreserve.gov/boarddocs/press/monetary/2004/20040128/default.htm,XLU,-0.0068878199465171,-0.0048144656696201,-0.0024330194755074,3,-0.0048144656696201,0.5053560753086406
2004-01-28,FOMC_statement,https://www.federalreserve.gov/boarddocs/press/monetary/2004/20040128/default.htm,XLV,-0.0038540245157101,0.0168243028630202,0.0362050489188227,5,0.0362050489188227,1.0
2004-01-28,FOMC_statement,https://www.federalreserve.gov/boarddocs/press/monetary/2004/20040128/default.htm,XLY,-0.0034183734986158,-0.0023757415127613,0.0007314948036499,1,0.0054546497605489,0.1341048162139543
2004-03-03,Beige_Book,https://www.federalreserve.gov/fomc/beigebook/2004/20040303/default.htm,XLB,0.0066087568928328,0.0007033431113472,-0.0103159456912097,4,-0.0103159456912097,1.0
2004-03-03,Beige_Book,https://www.federalreserve.gov/fomc/beigebook/2004/20040303/default.htm,XLE,0.0027494825013968,0.0162736555293719,0.0136571728090849,3,0.0162736555293719,0.839219730590673
2004-03-03,Beige_Book,https://www.federalreserve.gov/fomc/beigebook/2004/20040303/default.htm,XLF,-0.0008691912361613,0.012258611681485,0.0096589230864878,3,0.012258611681485,0.787929607157417
2004-03-03,Beige_Book,https://www.federalreserve.gov/fomc/beigebook/2004/20040303/default.htm,XLI,-0.0025167491331906,-0.0048264639144915,-0.0075995054483485,4,-0.0075995054483485,1.0
2004-03-03,Beige_Book,https://www.federalreserve.gov/fomc/beigebook/2004/20040303/default.htm,XLK,-0.0020365168371514,-0.0143608042524061,-0.0103593548295941,3,-0.0143608042524061,0.721363138687614
2004-03-03,Beige_Book,https://www.federalreserve.gov/fomc/beigebook/2004/20040303/default.htm,XLP,0.0040255707917224,0.0040877513060076,0.0080892007288196,4,0.0080892007288196,1.0
2004-03-03,Beige_Book,https://www.federalreserve.gov/fomc/beigebook/2004/20040303/default.htm,XLU,-0.001341875015217,0.0181868251504229,0.0164854773824915,3,0.0181868251504229,0.9064516344188948
2004-03-03,Beige_Book,https://www.federalreserve.gov/fomc/beigebook/2004/20040303/default.htm,XLV,0.0005157282070081,0.0148498406662684,0.0074586103273189,3,0.0148498406662684,0.5022687108193172
2004-03-03,Beige_Book,https://www.federalreserve.gov/fomc/beigebook/2004/20040303/default.htm,XLY,-0.0030577088497133,0.0035703443553416,0.0010178193449883,2,0.0052198050024883,0.19499183293305053
2004-03-16,FOMC_statement,https://www.federalreserve.gov/boarddocs/press/monetary/2004/20040316/default.htm,XLB,0.011885387577315,0.015104514355418,0.0058564632018959,3,0.015104514355418,0.3877293280730461
2004-03-16,FOMC_statement,https://www.federalreserve.gov/boarddocs/press/monetary/2004/20040316/default.htm,XLE,-0.0143084796028106,0.0064618640290816,0.0095948517337691,2,0.0126348457412726,0.7593960330221408
2004-03-16,FOMC_statement,https://www.federalreserve.gov/boarddocs/press/monetary/2004/20040316/default.htm,XLF,0.0022830731161423,0.0037782383558213,0.0035060344799973,3,0.0037782383558213,0.9279548164544453
2004-03-16,FOMC_statement,https://www.federalreserve.gov/boarddocs/press/monetary/2004/20040316/default.htm,XLI,7.342209553229395e-05,0.0038081337173474,0.0029639326999789,3,0.0038081337173474,0.7783163407516747
2004-03-16,FOMC_statement,https://www.federalreserve.gov/boarddocs/press/monetary/2004/20040316/default.htm,XLK,0.0065907339300571,-0.0044896375304154,-0.0079957614154713,4,-0.0079957614154713,1.0
2004-03-16,FOMC_statement,https://www.federalreserve.gov/boarddocs/press/monetary/2004/20040316/default.htm,XLP,-0.0025324546718958,0.0123552315050619,0.0117593139590103,3,0.0123552315050619,0.951767998373203
2004-03-16,FOMC_statement,https://www.federalreserve.gov/boarddocs/press/monetary/2004/20040316/default.htm,XLU,-0.0093423966249363,0.0082697492345551,0.009347054561672,4,0.009347054561672,1.0
2004-03-16,FOMC_statement,https://www.federalreserve.gov/boarddocs/press/monetary/2004/20040316/default.htm,XLV,-0.0033325909942261,-0.0149069622500167,-0.0147197920872776,3,-0.0149069622500167,0.9874441110402028
2004-03-16,FOMC_statement,https://www.federalreserve.gov/boarddocs/press/monetary/2004/20040316/default.htm,XLY,0.0075188788893438,0.0088516450698188,0.0061333890258296,3,0.0088516450698188,0.6929095074928434
2004-04-21,Beige_Book,https://www.federalreserve.gov/fomc/beigebook/2004/20040421/default.htm,XLB,0.0039839096269647,0.0074222601563661,0.00845356686903,1,0.0194530059048061,0.43456352763155454
2004-04-21,Beige_Book,https://www.federalreserve.gov/fomc/beigebook/2004/20040421/default.htm,XLE,0.0035686798595861,0.0039828816968848,0.023919140429287,4,0.023919140429287,1.0
2004-04-21,Beige_Book,https://www.federalreserve.gov/fomc/beigebook/2004/20040421/default.htm,XLF,0.001611659940255,-0.0035692803073971,-0.0019943770233931,3,-0.0035692803073971,0.5587616694771447
2004-04-21,Beige_Book,https://www.federalreserve.gov/fomc/beigebook/2004/20040421/default.htm,XLI,-0.0067603152678558,-0.0011099764749669,-0.0012497011273653,4,-0.0012497011273653,1.0
2004-04-21,Beige_Book,https://www.federalreserve.gov/fomc/beigebook/2004/20040421/default.htm,XLK,0.0048744200848522,0.0029098353432717,-0.0008915695192102,4,-0.0008915695192102,1.0
2004-04-21,Beige_Book,https://www.federalreserve.gov/fomc/beigebook/2004/20040421/default.htm,XLP,-0.0090040016772731,-0.004883930979627,-0.003175833372555,3,-0.004883930979627,0.6502617227398958
2004-04-21,Beige_Book,https://www.federalreserve.gov/fomc/beigebook/2004/20040421/default.htm,XLU,-0.0056492776377189,0.0009787945082785,0.0017966275399022,4,0.0017966275399022,1.0
2004-04-21,Beige_Book,https://www.federalreserve.gov/fomc/beigebook/2004/20040421/default.htm,XLV,-0.0001922069797049,-0.0138567985863444,-0.0108837378417525,3,-0.0138567985863444,0.7854438941241599
2004-04-21,Beige_Book,https://www.federalreserve.gov/fomc/beigebook/2004/20040421/default.htm,XLY,-0.0105112747813045,-0.0055026931330429,0.0004967071226146,1,0.0061341743306944,0.08097375389694408
2004-05-04,FOMC_statement,https://www.federalreserve.gov/boarddocs/press/monetary/2004/20040504/default.htm,XLB,0.0075141103044813,-0.0305278187811667,-0.0219169967580477,3,-0.0305278187811667,0.7179352352408744
2004-05-04,FOMC_statement,https://www.federalreserve.gov/boarddocs/press/monetary/2004/20040504/default.htm,XLE,-0.0123987762815884,-0.0071617000762438,-0.0257820583221946,4,-0.0257820583221946,1.0
2004-05-04,FOMC_statement,https://www.federalreserve.gov/boarddocs/press/monetary/2004/20040504/default.htm,XLF,0.0039683393491327,-0.0146443804040142,-0.0127436907704197,3,-0.0146443804040142,0.8702103072197238
2004-05-04,FOMC_statement,https://www.federalreserve.gov/boarddocs/press/monetary/2004/20040504/default.htm,XLI,-0.0006378735000356,-0.003359840084763,-0.0075761241471176,4,-0.0075761241471176,1.0
2004-05-04,FOMC_statement,https://www.federalreserve.gov/boarddocs/press/monetary/2004/20040504/default.htm,XLK,0.0050517978003306,0.0141767371844163,0.0203721257668457,4,0.0203721257668457,1.0
2004-05-04,FOMC_statement,https://www.federalreserve.gov/boarddocs/press/monetary/2004/20040504/default.htm,XLP,0.0046857436411291,0.0066459814647639,0.0121272613434524,4,0.0121272613434524,1.0
2004-05-04,FOMC_statement,https://www.federalreserve.gov/boarddocs/press/monetary/2004/20040504/default.htm,XLU,0.0038527151292748,-0.0149330250955445,-0.0187283179188277,4,-0.0187283179188277,1.0
2004-05-04,FOMC_statement,https://www.federalreserve.gov/boarddocs/press/monetary/2004/20040504/default.htm,XLV,-0.0022365770763039,0.0139505287577531,0.0113490080077709,3,0.0139505287577531,0.8135181257171784
2004-05-04,FOMC_statement,https://www.federalreserve.gov/boarddocs/press/monetary/2004/20040504/default.htm,XLY,0.0056275525916389,-0.0180711625366293,-0.0203193120029652,4,-0.0203193120029652,1.0
2004-06-16,Beige_Book,https://www.federalreserve.gov/fomc/beigebook/2004/20040616/default.htm,XLB,-0.0031860708428956,0.0171054638057502,0.0192676819085243,5,0.0192676819085243,1.0
2004-06-16,Beige_Book,https://www.federalreserve.gov/fomc/beigebook/2004/20040616/default.htm,XLE,-0.0072621254901674,0.0112571151723072,0.0212500082030296,5,0.0212500082030296,1.0
2004-06-16,Beige_Book,https://www.federalreserve.gov/fomc/beigebook/2004/20040616/default.htm,XLF,0.0031994924800415,0.0021965391675655,-0.0040786002507791,5,-0.0040786002507791,1.0
2004-06-16,Beige_Book,https://www.federalreserve.gov/fomc/beigebook/2004/20040616/default.htm,XLI,-0.001998470266217,0.0058504086816838,0.0157165674473654,5,0.0157165674473654,1.0
2004-06-16,Beige_Book,https://www.federalreserve.gov/fomc/beigebook/2004/20040616/default.htm,XLK,-0.0078523834075754,-0.010409726647009,0.0002471755441483,5,0.0002471755441483,1.0
2004-06-16,Beige_Book,https://www.federalreserve.gov/fomc/beigebook/2004/20040616/default.htm,XLP,0.0023510280344325,-0.0018759607712095,-0.0138020571437436,5,-0.0138020571437436,1.0
2004-06-16,Beige_Book,https://www.federalreserve.gov/fomc/beigebook/2004/20040616/default.htm,XLU,0.0027606725255897,0.0223447639488005,0.0125220750295312,3,0.0223447639488005,0.5604031019626593
2004-06-16,Beige_Book,https://www.federalreserve.gov/fomc/beigebook/2004/20040616/default.htm,XLV,0.0057699160716155,-0.0022518669970629,-0.014244948326235,5,-0.014244948326235,1.0
2004-06-16,Beige_Book,https://www.federalreserve.gov/fomc/beigebook/2004/20040616/default.htm,XLY,0.0010615012306343,0.0021998341651752,-0.0079537946226833,5,-0.0079537946226833,1.0
2004-06-30,FOMC_statement,https://www.federalreserve.gov/boarddocs/press/monetary/2004/20040630/default.htm,XLB,-0.0095813897617704,-0.0084738068054718,0.0001412554133634,4,0.0001412554133634,1.0
2004-06-30,FOMC_statement,https://www.federalreserve.gov/boarddocs/press/monetary/2004/20040630/default.htm,XLE,-0.0013274689745543,0.0307904021383466,0.033830852793432,4,0.033830852793432,1.0
2004-06-30,FOMC_statement,https://www.federalreserve.gov/boarddocs/press/monetary/2004/20040630/default.htm,XLF,0.0083423768774615,0.0119781109868128,0.0069052766639901,3,0.0119781109868128,0.5764912907880387
2004-06-30,FOMC_statement,https://www.federalreserve.gov/boarddocs/press/monetary/2004/20040630/default.htm,XLI,-0.0036414350800637,-0.0024639363597462,-0.0036237175649644,2,-0.0090918219257805,0.3985689111100047
2004-06-30,FOMC_statement,https://www.federalreserve.gov/boarddocs/press/monetary/2004/20040630/default.htm,XLK,-0.0061763284340019,-0.0273933565386297,-0.0237337360561027,3,-0.0273933565386297,0.8664048168990807
2004-06-30,FOMC_statement,https://www.federalreserve.gov/boarddocs/press/monetary/2004/20040630/default.htm,XLP,0.0032713363297922,0.0136613329238308,0.0115860023284712,3,0.0136613329238308,0.8480872542283632
2004-06-30,FOMC_statement,https://www.federalreserve.gov/boarddocs/press/monetary/2004/20040630/default.htm,XLU,0.0116938648581171,0.0199352853885315,0.0190971480694264,3,0.0199352853885315,0.9579570945301206
2004-06-30,FOMC_statement,https://www.federalreserve.gov/boarddocs/press/monetary/2004/20040630/default.htm,XLV,-0.001138698653825,0.0011437753898807,-0.0041476511083494,4,-0.0041476511083494,1.0
2004-06-30,FOMC_statement,https://www.federalreserve.gov/boarddocs/press/monetary/2004/20040630/default.htm,XLY,0.011688373830735,0.0053744448428298,-0.000471854224764,4,-0.000471854224764,1.0
2004-07-28,Beige_Book,https://www.federalreserve.gov/fomc/beigebook/2004/20040728/default.htm,XLB,-0.0076700105678699,0.0085584423917021,0.0064268353468066,1,0.0088685525305791,0.7246769215885717
2004-07-28,Beige_Book,https://www.federalreserve.gov/fomc/beigebook/2004/20040728/default.htm,XLE,-0.0007600357867392,0.0008586746803724,0.0206354861586752,4,0.0206354861586752,1.0
2004-07-28,Beige_Book,https://www.federalreserve.gov/fomc/beigebook/2004/20040728/default.htm,XLF,0.001037135247021,0.000166742243754,0.001868217824127,4,0.001868217824127,1.0
2004-07-28,Beige_Book,https://www.federalreserve.gov/fomc/beigebook/2004/20040728/default.htm,XLI,-0.0008318142703214,-0.0044772542935287,-0.0020923917171936,2,-0.0070678320054373,0.29604434791091777
2004-07-28,Beige_Book,https://www.federalreserve.gov/fomc/beigebook/2004/20040728/default.htm,XLK,-0.000113646171141,0.0099625678242689,0.0012871082626226,3,0.0099625678242689,0.12919442911968873
2004-07-28,Beige_Book,https://www.federalreserve.gov/fomc/beigebook/2004/20040728/default.htm,XLP,-0.0010560933077987,-0.0104688557262891,-0.0067849968223038,2,-0.01841703970404,0.3684086547750358
2004-07-28,Beige_Book,https://www.federalreserve.gov/fomc/beigebook/2004/20040728/default.htm,XLU,0.0106560738015636,0.0129237800040427,0.0186097862797893,4,0.0186097862797893,1.0
2004-07-28,Beige_Book,https://www.federalreserve.gov/fomc/beigebook/2004/20040728/default.htm,XLV,0.0051886424675069,-0.0014727123056096,0.0052323153558235,4,0.0052323153558235,1.0
2004-07-28,Beige_Book,https://www.federalreserve.gov/fomc/beigebook/2004/20040728/default.htm,XLY,-0.0076947967051843,0.0030744051937336,0.0006906509634775,3,0.0030744051937336,0.22464539315937207
2004-08-10,FOMC_statement,https://www.federalreserve.gov/boarddocs/press/monetary/2004/20040810/default.htm,XLB,-0.0049723355307829,-0.0097872756349698,0.0077124036228334,4,0.0077124036228334,1.0
2004-08-10,FOMC_statement,https://www.federalreserve.gov/boarddocs/press/monetary/2004/20040810/default.htm,XLE,-0.0147613809409063,0.0053828871297508,0.0011309939746456,3,0.0053828871297508,0.21010917512921345
2004-08-10,FOMC_statement,https://www.federalreserve.gov/boarddocs/press/monetary/2004/20040810/default.htm,XLF,0.0025014410409126,0.0045142211559185,0.0094261831407311,4,0.0094261831407311,1.0
2004-08-10,FOMC_statement,https://www.federalreserve.gov/boarddocs/press/monetary/2004/20040810/default.htm,XLI,-0.0008425166209087,-0.0067037748809347,0.0016398665999143,4,0.0016398665999143,1.0
2004-08-10,FOMC_statement,https://www.federalreserve.gov/boarddocs/press/monetary/2004/20040810/default.htm,XLK,-0.0051389566261592,-0.02814048207715,-0.0296313323814823,2,-0.0317479790092825,0.9333297206987149
2004-08-10,FOMC_statement,https://www.federalreserve.gov/boarddocs/press/monetary/2004/20040810/default.htm,XLP,-0.0022994422476148,0.0210372111064595,0.0170258168804956,3,0.0210372111064595,0.8093191057662488
2004-08-10,FOMC_statement,https://www.federalreserve.gov/boarddocs/press/monetary/2004/20040810/default.htm,XLU,0.0038678430359528,0.0109916925616709,0.0051313152998594,2,0.016619386384936,0.3087547988240097
2004-08-10,FOMC_statement,https://www.federalreserve.gov/boarddocs/press/monetary/2004/20040810/default.htm,XLV,0.0060661691338531,0.0143510035404622,0.0174472522645913,2,0.0240418864813317,0.7257022978683029
2004-08-10,FOMC_statement,https://www.federalreserve.gov/boarddocs/press/monetary/2004/20040810/default.htm,XLY,0.0027746805178752,-0.0073325069200419,0.0060807054061596,4,0.0060807054061596,1.0
2004-09-08,Beige_Book,https://www.federalreserve.gov/fomc/beigebook/2004/20040908/default.htm,XLB,-0.0022788235854307,-0.0149511409947725,-0.0181000509332883,4,-0.0181000509332883,1.0
2004-09-08,Beige_Book,https://www.federalreserve.gov/fomc/beigebook/2004/20040908/default.htm,XLE,0.0078184949949001,0.0083134675767508,0.010783930188118,1,0.0152037243583982,0.7092952972513735
2004-09-08,Beige_Book,https://www.federalreserve.gov/fomc/beigebook/2004/20040908/default.htm,XLF,-0.0054355600269542,-0.0064986945143559,-0.0071575596639816,4,-0.0071575596639816,1.0
2004-09-08,Beige_Book,https://www.federalreserve.gov/fomc/beigebook/2004/20040908/default.htm,XLI,-0.00084936063709,-0.006123816896951,-0.0056857199086024,3,-0.006123816896951,0.9284601424698499
2004-09-08,Beige_Book,https://www.federalreserve.gov/fomc/beigebook/2004/20040908/default.htm,XLK,0.0022830903066834,0.0290915421969431,0.0312048375186906,4,0.0312048375186906,1.0
2004-09-08,Beige_Book,https://www.federalreserve.gov/fomc/beigebook/2004/20040908/default.htm,XLP,0.0066002175377821,-0.0097604647964708,-0.0113414965149305,4,-0.0113414965149305,1.0
2004-09-08,Beige_Book,https://www.federalreserve.gov/fomc/beigebook/2004/20040908/default.htm,XLU,-0.0005540847646667,-0.0090931824282569,-0.0127161981094604,4,-0.0127161981094604,1.0
2004-09-08,Beige_Book,https://www.federalreserve.gov/fomc/beigebook/2004/20040908/default.htm,XLV,-0.0001220917862911,-0.0118915880617233,-0.0061885356859011,3,-0.0118915880617233,0.5204128879826226
2004-09-08,Beige_Book,https://www.federalreserve.gov/fomc/beigebook/2004/20040908/default.htm,XLY,-0.0001917089320522,-0.0004163607632624,0.0020360337029857,4,0.0020360337029857,1.0
2004-09-21,FOMC_statement,https://www.federalreserve.gov/boarddocs/press/monetary/2004/20040921/default.htm,XLB,-0.0071417955356001,0.0047068390989766,0.0099411490034531,4,0.0099411490034531,1.0
2004-09-21,FOMC_statement,https://www.federalreserve.gov/boarddocs/press/monetary/2004/20040921/default.htm,XLE,-0.0063044588455198,0.0090685788171241,0.0148609897969556,4,0.0148609897969556,1.0
2004-09-21,FOMC_statement,https://www.federalreserve.gov/boarddocs/press/monetary/2004/20040921/default.htm,XLF,0.004253368887236,-0.0111509903525001,-0.0096997451086918,3,-0.0111509903525001,0.8698550354782681
2004-09-21,FOMC_statement,https://www.federalreserve.gov/boarddocs/press/monetary/2004/20040921/default.htm,XLI,-0.0007633597540052,-0.0067508351080942,-0.0082436281010652,4,-0.0082436281010652,1.0
2004-09-21,FOMC_statement,https://www.federalreserve.gov/boarddocs/press/monetary/2004/20040921/default.htm,XLK,-0.0096444106725586,-0.0089738398801978,-0.0115657099361914,4,-0.0115657099361914,1.0
2004-09-21,FOMC_statement,https://www.federalreserve.gov/boarddocs/press/monetary/2004/20040921/default.htm,XLP,0.0107405071543437,0.0082064272438364,0.010396588943201,2,0.0137314528342354,0.7571368498808894
2004-09-21,FOMC_statement,https://www.federalreserve.gov/boarddocs/press/monetary/2004/20040921/default.htm,XLU,-0.0024329165131773,-0.0006564638861334,0.0069204916303574,1,0.008119329346061,0.8523476922037652
2004-09-21,FOMC_statement,https://www.federalreserve.gov/boarddocs/press/monetary/2004/20040921/default.htm,XLV,0.005045605827776,-0.0036233928384735,-0.0030816116156958,3,-0.0036233928384735,0.8504768191223928
2004-09-21,FOMC_statement,https://www.federalreserve.gov/boarddocs/press/monetary/2004/20040921/default.htm,XLY,0.0016282800895507,0.006338407590522,0.0056571765841847,2,0.0080420190067406,0.7034522772755211
2004-10-27,Beige_Book,https://www.federalreserve.gov/fomc/beigebook/2004/20041027/default.htm,XLB,0.0055461871096771,-0.0028205289552254,-0.0058136397039666,1,-0.0158556664242836,0.3666600664014206
2004-10-27,Beige_Book,https://www.federalreserve.gov/fomc/beigebook/2004/20041027/default.htm,XLE,0.0043087269102484,-0.01527537597433,-0.0230558594999229,4,-0.0305145231320603,0.7555700411945516
2004-10-27,Beige_Book,https://www.federalreserve.gov/fomc/beigebook/2004/20041027/default.htm,XLF,-0.0069794716641353,0.0042494298758323,0.0013833177017196,4,0.0080783923999278,0.17123675519054551
2004-10-27,Beige_Book,https://www.federalreserve.gov/fomc/beigebook/2004/20041027/default.htm,XLI,0.0001734451149641,2.167262188246255e-05,-0.0007659204013308,1,-0.0051100425011826,0.14988532896811438
2004-10-27,Beige_Book,https://www.federalreserve.gov/fomc/beigebook/2004/20041027/default.htm,XLK,0.0132286592438992,0.0054558547535003,-0.0005401223738538,5,-0.0005401223738538,1.0
2004-10-27,Beige_Book,https://www.federalreserve.gov/fomc/beigebook/2004/20041027/default.htm,XLP,0.0044734464928375,-0.0041798974270902,-0.0029228130774817,3,-0.0041798974270902,0.699254737338469
2004-10-27,Beige_Book,https://www.federalreserve.gov/fomc/beigebook/2004/20041027/default.htm,XLU,0.0053111315896312,0.002069653293123,-0.0093272815974509,4,-0.0179201089835872,0.5204924593926097
2004-10-27,Beige_Book,https://www.federalreserve.gov/fomc/beigebook/2004/20041027/default.htm,XLV,-0.0036740477299337,-0.0137387044535649,-0.0045895521740975,4,-0.0216206731683237,0.21227609974797737
2004-10-27,Beige_Book,https://www.federalreserve.gov/fomc/beigebook/2004/20041027/default.htm,XLY,-0.0013427382947037,0.002769304204782,-0.0040490318562724,5,-0.0040490318562724,1.0
2004-11-10,FOMC_statement,https://www.federalreserve.gov/boarddocs/press/monetary/2004/20041110/default.htm,XLB,-0.0121828751326367,-0.0060604186878769,-0.0030706899339915,3,-0.0060604186878769,0.5066795038656366
2004-11-10,FOMC_statement,https://www.federalreserve.gov/boarddocs/press/monetary/2004/20041110/default.htm,XLE,0.0071421087829195,-0.0206230275638668,-0.003741972928529,3,-0.0206230275638668,0.1814463427806903
2004-11-10,FOMC_statement,https://www.federalreserve.gov/boarddocs/press/monetary/2004/20041110/default.htm,XLF,-0.0009427879806351,-0.0013863803137239,-0.0061615121235798,5,-0.0061615121235798,1.0
2004-11-10,FOMC_statement,https://www.federalreserve.gov/boarddocs/press/monetary/2004/20041110/default.htm,XLI,-0.0056426372181876,-0.0033701818220289,-0.0014467296368093,3,-0.0033701818220289,0.4292734674885722
2004-11-10,FOMC_statement,https://www.federalreserve.gov/boarddocs/press/monetary/2004/20041110/default.htm,XLK,-0.0014805503272333,0.0143810351849889,0.0194653503697637,5,0.0194653503697637,1.0
2004-11-10,FOMC_statement,https://www.federalreserve.gov/boarddocs/press/monetary/2004/20041110/default.htm,XLP,-0.001524093719382,-0.0043726653077396,-0.0087881039044807,5,-0.0087881039044807,1.0
2004-11-10,FOMC_statement,https://www.federalreserve.gov/boarddocs/press/monetary/2004/20041110/default.htm,XLU,-0.0023314180679265,-0.0003224271267461,-0.0092327791141149,5,-0.0092327791141149,1.0
2004-11-10,FOMC_statement,https://www.federalreserve.gov/boarddocs/press/monetary/2004/20041110/default.htm,XLV,-0.0023121381663131,-0.0061309094003976,-0.01008555711489,5,-0.01008555711489,1.0
2004-11-10,FOMC_statement,https://www.federalreserve.gov/boarddocs/press/monetary/2004/20041110/default.htm,XLY,-0.002855784667699,0.0006435798975263,-0.0065795723082436,5,-0.0065795723082436,1.0
2004-12-01,Beige_Book,https://www.federalreserve.gov/fomc/beigebook/2004/20041201/default.htm,XLB,0.0047289095736369,-0.0156590595170038,-0.0275010581852772,4,-0.0275010581852772,1.0
2004-12-01,Beige_Book,https://www.federalreserve.gov/fomc/beigebook/2004/20041201/default.htm,XLE,-0.0006556444172096,-0.0159520572203369,-0.0274680845711463,4,-0.0274680845711463,1.0
2004-12-01,Beige_Book,https://www.federalreserve.gov/fomc/beigebook/2004/20041201/default.htm,XLF,0.0016953466412694,-0.0024942385077373,-0.0015165794019534,1,-0.0025013090444385,0.6063142838448599
2004-12-01,Beige_Book,https://www.federalreserve.gov/fomc/beigebook/2004/20041201/default.htm,XLI,-0.0016236419269974,-0.0082403580964016,-0.0070668340312557,3,-0.0082403580964016,0.8575882199029246
2004-12-01,Beige_Book,https://www.federalreserve.gov/fomc/beigebook/2004/20041201/default.htm,XLK,0.006365731692835,0.014119145005948,0.0100723042851966,3,0.014119145005948,0.7133791940626305
2004-12-01,Beige_Book,https://www.federalreserve.gov/fomc/beigebook/2004/20041201/default.htm,XLP,0.0082315712193082,0.0011158127064901,0.0077795618973429,1,0.008436562743141,0.9221245825105434
2004-12-01,Beige_Book,https://www.federalreserve.gov/fomc/beigebook/2004/20041201/default.htm,XLU,0.0114938540980725,0.0043513699965551,0.0059736169138477,4,0.0059736169138477,1.0
2004-12-01,Beige_Book,https://www.federalreserve.gov/fomc/beigebook/2004/20041201/default.htm,XLV,-0.0028176233311101,0.0009233819392193,-3.9709976492940946e-05,4,-3.9709976492940946e-05,1.0
2004-12-01,Beige_Book,https://www.federalreserve.gov/fomc/beigebook/2004/20041201/default.htm,XLY,0.0115007927741664,-0.0036172355441912,-0.0013195616796627,3,-0.0036172355441912,0.3647983836114131
2004-12-14,FOMC_statement,https://www.federalreserve.gov/boarddocs/press/monetary/2004/20041214/default.htm,XLB,-0.0057723695084859,0.0080113004656766,0.011861857000131,4,0.011861857000131,1.0
2004-12-14,FOMC_statement,https://www.federalreserve.gov/boarddocs/press/monetary/2004/20041214/default.htm,XLE,-0.0090068019126778,0.0035737899451692,0.015527806550288,4,0.015527806550288,1.0
2004-12-14,FOMC_statement,https://www.federalreserve.gov/boarddocs/press/monetary/2004/20041214/default.htm,XLF,0.0020576688457478,0.0018035062565587,-0.0001145717134682,2,-0.0017777431706877,0.06444784339904354
2004-12-14,FOMC_statement,https://www.federalreserve.gov/boarddocs/press/monetary/2004/20041214/default.htm,XLI,-0.0023059005792298,0.0009330001661798,0.0013279888942632,4,0.0013279888942632,1.0
2004-12-14,FOMC_statement,https://www.federalreserve.gov/boarddocs/press/monetary/2004/20041214/default.htm,XLK,-0.0030326510585352,-0.0025107447046363,-0.0084876121947177,4,-0.0084876121947177,1.0
2004-12-14,FOMC_statement,https://www.federalreserve.gov/boarddocs/press/monetary/2004/20041214/default.htm,XLP,0.0065328370529509,-0.0041253468631062,-0.0039389885311401,3,-0.0041253468631062,0.9548260211443698
2004-12-14,FOMC_statement,https://www.federalreserve.gov/boarddocs/press/monetary/2004/20041214/default.htm,XLU,-0.0060610691171649,0.0142026900101913,0.0194023494002298,4,0.0194023494002298,1.0
2004-12-14,FOMC_statement,https://www.federalreserve.gov/boarddocs/press/monetary/2004/20041214/default.htm,XLV,0.0039678344567632,0.0034959947127904,-0.0088769675997183,4,-0.0088769675997183,1.0
2004-12-14,FOMC_statement,https://www.federalreserve.gov/boarddocs/press/monetary/2004/20041214/default.htm,XLY,0.0052264746185974,0.0047224203475302,0.003312020430317,3,0.0047224203475302,0.701339606934645
2005-01-19,Beige_Book,https://www.federalreserve.gov/fomc/beigebook/2005/20050119/default.htm,XLB,0.0065990978961674,-0.0095587954862942,-0.0082894519276205,3,-0.0095587954862942,0.8672067458192051
2005-01-19,Beige_Book,https://www.federalreserve.gov/fomc/beigebook/2005/20050119/default.htm,XLE,0.0005296084552752,0.0150971698422575,0.0231197952462107,5,0.0231197952462107,1.0
2005-01-19,Beige_Book,https://www.federalreserve.gov/fomc/beigebook/2005/20050119/default.htm,XLF,-0.0054006527199952,0.0021192783870365,0.0017045340134025,3,0.0021192783870365,0.8042992481917587
2005-01-19,Beige_Book,https://www.federalreserve.gov/fomc/beigebook/2005/20050119/default.htm,XLI,0.0064150493571515,-0.0042684205219748,0.001442238709853,4,0.0024170578365839,0.5966918490834953
2005-01-19,Beige_Book,https://www.federalreserve.gov/fomc/beigebook/2005/20050119/default.htm,XLK,-0.0004772205638252,-0.0079640751629251,-0.0020534764571912,4,-0.0092621628895807,0.22170593215340886
2005-01-19,Beige_Book,https://www.federalreserve.gov/fomc/beigebook/2005/20050119/default.htm,XLP,5.395663145879581e-05,0.0008900130752387,-0.0019003015788765,5,-0.0019003015788765,1.0
2005-01-19,Beige_Book,https://www.federalreserve.gov/fomc/beigebook/2005/20050119/default.htm,XLU,0.0016910968660719,0.0156830930048561,0.0186019242024365,5,0.0186019242024365,1.0
2005-01-19,Beige_Book,https://www.federalreserve.gov/fomc/beigebook/2005/20050119/default.htm,XLV,0.0023146109297143,-0.0061351490039112,0.0010457333092723,5,0.0010457333092723,1.0
2005-01-19,Beige_Book,https://www.federalreserve.gov/fomc/beigebook/2005/20050119/default.htm,XLY,0.001999263750533,-0.0171462710907702,-0.0148980301810867,4,-0.0172811480999312,0.8620972457927153
2005-02-02,FOMC_statement,https://www.federalreserve.gov/boarddocs/press/monetary/2005/20050202/default.htm,XLB,-0.0019792887849798,-0.0015690253484389,-0.0091419126850668,5,-0.0091419126850668,1.0
2005-02-02,FOMC_statement,https://www.federalreserve.gov/boarddocs/press/monetary/2005/20050202/default.htm,XLE,-0.0106963318092907,-0.0048987238362797,0.0068493174052407,1,0.0075059634426418,0.9125167551881939
2005-02-02,FOMC_statement,https://www.federalreserve.gov/boarddocs/press/monetary/2005/20050202/default.htm,XLF,-0.0043653446516251,0.0015835179039335,0.0013240545523659,3,0.0015835179039335,0.8361475099693624
2005-02-02,FOMC_statement,https://www.federalreserve.gov/boarddocs/press/monetary/2005/20050202/default.htm,XLI,0.0033671944211297,-0.0020953488837149,-0.0006454677345214,2,-0.0027701170319172,0.2330109981218632
2005-02-02,FOMC_statement,https://www.federalreserve.gov/boarddocs/press/monetary/2005/20050202/default.htm,XLK,0.0003231642758185,0.0008787301308943,-0.0050915920060292,5,-0.0050915920060292,1.0
2005-02-02,FOMC_statement,https://www.federalreserve.gov/boarddocs/press/monetary/2005/20050202/default.htm,XLP,0.0059193520407998,-0.0050288386600029,-0.0063271518456459,5,-0.0063271518456459,1.0
2005-02-02,FOMC_statement,https://www.federalreserve.gov/boarddocs/press/monetary/2005/20050202/default.htm,XLU,-0.0003328154674495,0.0036915654829483,0.010046646810744,5,0.010046646810744,1.0
2005-02-02,FOMC_statement,https://www.federalreserve.gov/boarddocs/press/monetary/2005/20050202/default.htm,XLV,-0.0032250243362612,2.3650082084047952e-05,-0.0020051852375817,5,-0.0020051852375817,1.0
2005-02-02,FOMC_statement,https://www.federalreserve.gov/boarddocs/press/monetary/2005/20050202/default.htm,XLY,0.0054596878910322,0.002986916720711,-0.0041528206994322,5,-0.0041528206994322,1.0
2005-03-09,Beige_Book,https://www.federalreserve.gov/fomc/beigebook/2005/20050309/default.htm,XLB,-0.0012166316531981,-0.0083330466566421,-0.004855024272416,1,-0.0148819495132802,0.3262357709306515
2005-03-09,Beige_Book,https://www.federalreserve.gov/fomc/beigebook/2005/20050309/default.htm,XLE,-0.0026256783240614,-0.0062721263320829,-0.0119345731017775,1,-0.0225414097608239,0.5294510515717312
2005-03-09,Beige_Book,https://www.federalreserve.gov/fomc/beigebook/2005/20050309/default.htm,XLF,-0.0020908651925418,0.0009660370354329,0.0025203611110204,1,0.0034768076163118,0.7249066929087095
2005-03-09,Beige_Book,https://www.federalreserve.gov/fomc/beigebook/2005/20050309/default.htm,XLI,-0.0031096854301803,0.0037130454731377,0.0065180348921715,4,0.0065180348921715,1.0
2005-03-09,Beige_Book,https://www.federalreserve.gov/fomc/beigebook/2005/20050309/default.htm,XLK,0.0046405598009972,-0.005844990094415,-0.0076045734651305,4,-0.0076045734651305,1.0
2005-03-09,Beige_Book,https://www.federalreserve.gov/fomc/beigebook/2005/20050309/default.htm,XLP,0.0009036777053027,-0.0039835206702744,-0.0017314597768463,3,-0.0039835206702744,0.4346556526659194
2005-03-09,Beige_Book,https://www.federalreserve.gov/fomc/beigebook/2005/20050309/default.htm,XLU,0.0029376993163675,0.0160183002738415,0.0198964152085149,4,0.0198964152085149,1.0
2005-03-09,Beige_Book,https://www.federalreserve.gov/fomc/beigebook/2005/20050309/default.htm,XLV,0.0027642142252838,-0.0040527421478322,-0.0073670334986941,4,-0.0073670334986941,1.0
2005-03-09,Beige_Book,https://www.federalreserve.gov/fomc/beigebook/2005/20050309/default.htm,XLY,0.0015044572479071,0.0006268745722507,0.0100656911995964,4,0.0100656911995964,1.0
2005-03-22,FOMC_statement,https://www.federalreserve.gov/boarddocs/press/monetary/2005/20050322/default.htm,XLB,0.0021270379667484,-0.018942414005637,-0.018942414005637,3,-0.018942414005637,1.0
2005-03-22,FOMC_statement,https://www.federalreserve.gov/boarddocs/press/monetary/2005/20050322/default.htm,XLE,0.0049680602694394,-0.022149827628066,-0.022149827628066,3,-0.022149827628066,1.0
2005-03-22,FOMC_statement,https://www.federalreserve.gov/boarddocs/press/monetary/2005/20050322/default.htm,XLF,0.0052631925818784,0.0007851293950921,0.0007851293950921,1,0.0012735421087117,0.6164926858102301
2005-03-22,FOMC_statement,https://www.federalreserve.gov/boarddocs/press/monetary/2005/20050322/default.htm,XLI,-0.0069814441246022,-0.0057678255577267,-0.0057678255577267,1,-0.0070826250930722,0.8143626807761492
2005-03-22,FOMC_statement,https://www.federalreserve.gov/boarddocs/press/monetary/2005/20050322/default.htm,XLK,-0.0037118404079642,0.002194333645743,0.002194333645743,1,0.0032935428423452,0.6662532569883023
2005-03-22,FOMC_statement,https://www.federalreserve.gov/boarddocs/press/monetary/2005/20050322/default.htm,XLP,0.0019331324908431,0.0035210914295665,0.0035210914295665,1,0.0057320841618393,0.6142776920492143
2005-03-22,FOMC_statement,https://www.federalreserve.gov/boarddocs/press/monetary/2005/20050322/default.htm,XLU,-0.0033684590996475,0.0038914641220196,0.0038914641220196,3,0.0038914641220196,1.0
2005-03-22,FOMC_statement,https://www.federalreserve.gov/boarddocs/press/monetary/2005/20050322/default.htm,XLV,0.0003449888669829,0.0070195628450017,0.0070195628450017,1,0.0100027204868715,0.7017653701525327
2005-03-22,FOMC_statement,https://www.federalreserve.gov/boarddocs/press/monetary/2005/20050322/default.htm,XLY,0.0010759025424862,0.0016694582944388,0.0016694582944388,3,0.0016694582944388,1.0
2005-04-20,Beige_Book,https://www.federalreserve.gov/fomc/beigebook/2005/20050420/default.htm,XLB,-0.0042128058756383,-0.0030707844009106,-0.0123972003114886,4,-0.0123972003114886,1.0
2005-04-20,Beige_Book,https://www.federalreserve.gov/fomc/beigebook/2005/20050420/default.htm,XLE,-0.0155384473733981,0.0285018991550169,0.0217950367017388,3,0.0285018991550169,0.7646871734125282
2005-04-20,Beige_Book,https://www.federalreserve.gov/fomc/beigebook/2005/20050420/default.htm,XLF,0.0065166436517134,-0.0063171111623903,-0.0022993351248317,1,-0.013633542962063,0.16865279489197205
2005-04-20,Beige_Book,https://www.federalreserve.gov/fomc/beigebook/2005/20050420/default.htm,XLI,0.0034711929024511,0.0046089750292809,0.0015025422615381,1,0.0072508121984851,0.20722399372749217
2005-04-20,Beige_Book,https://www.federalreserve.gov/fomc/beigebook/2005/20050420/default.htm,XLK,-0.0044912594805808,-0.000415270017959,0.0024383380628243,1,0.0075334057170108,0.3236700842115025
2005-04-20,Beige_Book,https://www.federalreserve.gov/fomc/beigebook/2005/20050420/default.htm,XLP,0.0053054073759803,-0.0051874652945553,-0.0029107942051979,2,-0.009222351283336,0.31562387028755406
2005-04-20,Beige_Book,https://www.federalreserve.gov/fomc/beigebook/2005/20050420/default.htm,XLU,-0.00613261890149,-0.0001570243181412,-0.0031436314587278,1,-0.0105373083594813,0.2983334407120402
2005-04-20,Beige_Book,https://www.federalreserve.gov/fomc/beigebook/2005/20050420/default.htm,XLV,0.0086011289662464,-0.009921095535238,-0.006424577846563,3,-0.009921095535238,0.6475673804111675
2005-04-20,Beige_Book,https://www.federalreserve.gov/fomc/beigebook/2005/20050420/default.htm,XLY,0.0066791454201684,-0.0035548681435633,-0.0007991554612974,2,-0.0059135528255507,0.13513965037134484
2005-05-03,FOMC_statement,https://www.federalreserve.gov/boarddocs/press/monetary/2005/20050503/default.htm,XLB,-0.0025960832612306,0.0078027402364341,0.0001767985217663,3,0.0078027402364341,0.0226585169323922
2005-05-03,FOMC_statement,https://www.federalreserve.gov/boarddocs/press/monetary/2005/20050503/default.htm,XLE,-0.0123869185765812,0.0153095902847859,0.0224559228371543,4,0.0224559228371543,1.0
2005-05-03,FOMC_statement,https://www.federalreserve.gov/boarddocs/press/monetary/2005/20050503/default.htm,XLF,0.0031537235313356,0.0033222796891905,0.005783075929995,1,0.0115516790721423,0.5006264365447358
2005-05-03,FOMC_statement,https://www.federalreserve.gov/boarddocs/press/monetary/2005/20050503/default.htm,XLI,0.0001587399455156,0.0063956922731295,0.0069215553061657,4,0.0069215553061657,1.0
2005-05-03,FOMC_statement,https://www.federalreserve.gov/boarddocs/press/monetary/2005/20050503/default.htm,XLK,0.0066758884700028,0.0036711478764984,0.0016181177190738,3,0.0036711478764984,0.44076615094491556
2005-05-03,FOMC_statement,https://www.federalreserve.gov/boarddocs/press/monetary/2005/20050503/default.htm,XLP,-0.0018473577308613,-0.0033312947757424,-0.0034978864539931,4,-0.0034978864539931,1.0
2005-05-03,FOMC_statement,https://www.federalreserve.gov/boarddocs/press/monetary/2005/20050503/default.htm,XLU,0.0029531334270245,-0.0095687348188143,-0.007420004348101,2,-0.0103764208428186,0.7150832122654603
2005-05-03,FOMC_statement,https://www.federalreserve.gov/boarddocs/press/monetary/2005/20050503/default.htm,XLV,0.0014082319313102,0.0009776254315752,0.0021215281354491,2,0.0022989113574979,0.9228403385496946
2005-05-03,FOMC_statement,https://www.federalreserve.gov/boarddocs/press/monetary/2005/20050503/default.htm,XLY,0.0004623227177464,0.0112187685913909,0.0106427802435671,1,0.0136657294204873,0.778793426687618
2005-06-15,Beige_Book,https://www.federalreserve.gov/fomc/beigebook/2005/20050615/default.htm,XLB,0.0005558678009236,-0.0061502878893293,-0.0138718010409714,5,-0.0138718010409714,1.0
2005-06-15,Beige_Book,https://www.federalreserve.gov/fomc/beigebook/2005/20050615/default.htm,XLE,-0.003840168132426,0.0248199889099696,0.0080704508239267,3,0.0248199889099696,0.32515932433333966
2005-06-15,Beige_Book,https://www.federalreserve.gov/fomc/beigebook/2005/20050615/default.htm,XLF,-0.0004034485202411,0.0013867612314497,0.0023593989477964,4,0.0045316544442075,0.5206484688637847
2005-06-15,Beige_Book,https://www.federalreserve.gov/fomc/beigebook/2005/20050615/default.htm,XLI,0.0046394303117098,-0.0010874054189567,-0.0077784287243035,5,-0.0077784287243035,1.0
2005-06-15,Beige_Book,https://www.federalreserve.gov/fomc/beigebook/2005/20050615/default.htm,XLK,0.0082475369200208,-0.0056043162011804,-0.0005999930402748,3,-0.0056043162011804,0.10705909851204103
2005-06-15,Beige_Book,https://www.federalreserve.gov/fomc/beigebook/2005/20050615/default.htm,XLP,0.0040279711811191,-0.0073444141706392,-0.0100308971442126,4,-0.0100673300613083,0.9963810745377544
2005-06-15,Beige_Book,https://www.federalreserve.gov/fomc/beigebook/2005/20050615/default.htm,XLU,-0.0002716260222974,0.0064866939378535,0.0154207630416279,5,0.0154207630416279,1.0
2005-06-15,Beige_Book,https://www.federalreserve.gov/fomc/beigebook/2005/20050615/default.htm,XLV,-0.0063184530793711,0.0034630043391338,-0.0030031286885646,5,-0.0030031286885646,1.0
2005-06-15,Beige_Book,https://www.federalreserve.gov/fomc/beigebook/2005/20050615/default.htm,XLY,-0.0082271790822234,0.0002293922041527,-0.0008740963218876,5,-0.0008740963218876,1.0
2005-06-30,FOMC_statement,https://www.federalreserve.gov/boarddocs/press/monetary/2005/20050630/default.htm,XLB,0.0016685238002209,-0.0040518867191366,-0.0057713850032617,2,-0.0091239653717464,0.6325522695574425
2005-06-30,FOMC_statement,https://www.federalreserve.gov/boarddocs/press/monetary/2005/20050630/default.htm,XLE,-0.0017703232310111,0.0316670514276675,0.0405698831909553,2,0.0412333342028787,0.9839098383686594
2005-06-30,FOMC_statement,https://www.federalreserve.gov/boarddocs/press/monetary/2005/20050630/default.htm,XLF,-0.0074057569434186,-0.0008296724280792,-0.0027308798690456,4,-0.0027308798690456,1.0
2005-06-30,FOMC_statement,https://www.federalreserve.gov/boarddocs/press/monetary/2005/20050630/default.htm,XLI,0.0037201227990697,-0.0072892924101651,-0.0088291833784149,4,-0.0088291833784149,1.0
2005-06-30,FOMC_statement,https://www.federalreserve.gov/boarddocs/press/monetary/2005/20050630/default.htm,XLK,-0.0041581229248605,0.0039455982716208,0.0020075115056256,3,0.0039455982716208,0.508797745595357
2005-06-30,FOMC_statement,https://www.federalreserve.gov/boarddocs/press/monetary/2005/20050630/default.htm,XLP,-5.635893178834728e-05,-0.002956776738849,-0.0086495860717538,4,-0.0086495860717538,1.0
2005-06-30,FOMC_statement,https://www.federalreserve.gov/boarddocs/press/monetary/2005/20050630/default.htm,XLU,0.0001820056897161,-0.008435857168151,-0.0044003776299685,3,-0.008435857168151,0.5216278016870441
2005-06-30,FOMC_statement,https://www.federalreserve.gov/boarddocs/press/monetary/2005/20050630/default.htm,XLV,-0.0013852157754411,-0.0067560502434986,-0.0110138822169856,4,-0.0110138822169856,1.0
2005-06-30,FOMC_statement,https://www.federalreserve.gov/boarddocs/press/monetary/2005/20050630/default.htm,XLY,0.0033692719157129,0.0002443839426349,-0.0006477374200328,4,-0.0006477374200328,1.0
2005-07-27,Beige_Book,https://www.federalreserve.gov/fomc/beigebook/2005/20050727/default.htm,XLB,0.0152384256148014,0.0036314204881123,0.0127342327698328,4,0.0127342327698328,1.0
2005-07-27,Beige_Book,https://www.federalreserve.gov/fomc/beigebook/2005/20050727/default.htm,XLE,0.003517851564638,0.0041180401369177,0.0147655654587016,4,0.0147655654587016,1.0
2005-07-27,Beige_Book,https://www.federalreserve.gov/fomc/beigebook/2005/20050727/default.htm,XLF,-0.0001139928668092,-0.0048617172894711,-0.0034962010335142,2,-0.0055886496295569,0.6255895905557778
2005-07-27,Beige_Book,https://www.federalreserve.gov/fomc/beigebook/2005/20050727/default.htm,XLI,-0.0037358836775334,-0.0011633137679456,-0.0084599194948929,4,-0.0084599194948929,1.0
2005-07-27,Beige_Book,https://www.federalreserve.gov/fomc/beigebook/2005/20050727/default.htm,XLK,-0.0064560990499291,-0.0031611389754612,0.000826338571526,4,0.000826338571526,1.0
2005-07-27,Beige_Book,https://www.federalreserve.gov/fomc/beigebook/2005/20050727/default.htm,XLP,-0.0039545288624354,0.0002928376260845,-0.0022674938007062,4,-0.0022674938007062,1.0
2005-07-27,Beige_Book,https://www.federalreserve.gov/fomc/beigebook/2005/20050727/default.htm,XLU,-0.0022402591968742,-0.005378053136594,0.0118713991163731,4,0.0118713991163731,1.0
2005-07-27,Beige_Book,https://www.federalreserve.gov/fomc/beigebook/2005/20050727/default.htm,XLV,-0.0035884028970973,0.0087248753795347,0.0065033442098479,3,0.0087248753795347,0.7453796102466194
2005-07-27,Beige_Book,https://www.federalreserve.gov/fomc/beigebook/2005/20050727/default.htm,XLY,-0.0069457134838535,0.0006228581153525,-0.0004562817858707,4,-0.0004562817858707,1.0
2005-08-09,FOMC_statement,https://www.federalreserve.gov/boarddocs/press/monetary/2005/20050809/default.htm,XLB,-0.0018719037615443,0.0068788740905454,1.0687671700759792e-05,2,0.007957242723699,0.001343137575649009
2005-08-09,FOMC_statement,https://www.federalreserve.gov/boarddocs/press/monetary/2005/20050809/default.htm,XLE,-0.0163375198277283,0.0268356765756704,0.0108928405326592,3,0.0268356765756704,0.40590892135489526
2005-08-09,FOMC_statement,https://www.federalreserve.gov/boarddocs/press/monetary/2005/20050809/default.htm,XLF,0.0021763533110827,0.0026615395343468,0.0011979967630252,3,0.0026615395343468,0.45011420930075147
2005-08-09,FOMC_statement,https://www.federalreserve.gov/boarddocs/press/monetary/2005/20050809/default.htm,XLI,0.0004596202525081,0.0060034356017444,0.001809014160673,3,0.0060034356017444,0.3013298185704466
2005-08-09,FOMC_statement,https://www.federalreserve.gov/boarddocs/press/monetary/2005/20050809/default.htm,XLK,0.0061629106664748,-0.0143339092222111,-0.0152192497568895,4,-0.0152192497568895,1.0
2005-08-09,FOMC_statement,https://www.federalreserve.gov/boarddocs/press/monetary/2005/20050809/default.htm,XLP,-0.0001433056640308,6.492901516452765e-05,-0.0013444515143591,2,-0.0026188728700548,0.5133702860234554
2005-08-09,FOMC_statement,https://www.federalreserve.gov/boarddocs/press/monetary/2005/20050809/default.htm,XLU,0.0184976217424054,0.0074059651485778,0.0050111616995667,3,0.0074059651485778,0.6766385743158696
2005-08-09,FOMC_statement,https://www.federalreserve.gov/boarddocs/press/monetary/2005/20050809/default.htm,XLV,0.0019309528329841,0.0014267034110627,-0.0041197162614751,4,-0.0041197162614751,1.0
2005-08-09,FOMC_statement,https://www.federalreserve.gov/boarddocs/press/monetary/2005/20050809/default.htm,XLY,0.000473536592449,0.0038252988320168,0.0049065582456317,4,0.0049065582456317,1.0
2005-09-07,Beige_Book,https://www.federalreserve.gov/fomc/beigebook/2005/20050907/default.htm,XLB,0.0047862898363246,0.0039900306938343,-0.0011482364617161,1,-0.0020755459215756,0.5532214198587543
2005-09-07,Beige_Book,https://www.federalreserve.gov/fomc/beigebook/2005/20050907/default.htm,XLE,0.0046290614508328,0.0033561549608536,0.00039744909792,2,0.0218040747948111,0.018228202831820424
2005-09-07,Beige_Book,https://www.federalreserve.gov/fomc/beigebook/2005/20050907/default.htm,XLF,-0.0005126958874734,0.0024930886002632,-0.0003020626362661,2,-0.0025265733263547,0.11955427262501468
2005-09-07,Beige_Book,https://www.federalreserve.gov/fomc/beigebook/2005/20050907/default.htm,XLI,-6.565357094823199e-05,0.0027252308401809,0.0040005663735088,4,0.0040005663735088,1.0
2005-09-07,Beige_Book,https://www.federalreserve.gov/fomc/beigebook/2005/20050907/default.htm,XLK,0.0001228551154333,0.0021171189649636,0.0086144050360922,4,0.0086144050360922,1.0
2005-09-07,Beige_Book,https://www.federalreserve.gov/fomc/beigebook/2005/20050907/default.htm,XLP,0.0008629813136509,-0.0010061346750168,-0.004854295381356,2,-0.0051525989167044,0.9421061991878859
2005-09-07,Beige_Book,https://www.federalreserve.gov/fomc/beigebook/2005/20050907/default.htm,XLU,0.0023006486249477,-0.0013864510411759,-0.0045196440194706,1,-0.0053922835704917,0.8381688315138947
2005-09-07,Beige_Book,https://www.federalreserve.gov/fomc/beigebook/2005/20050907/default.htm,XLV,-0.0041232343452553,-0.004198742782888,-0.0091758364083458,4,-0.0091758364083458,1.0
2005-09-07,Beige_Book,https://www.federalreserve.gov/fomc/beigebook/2005/20050907/default.htm,XLY,-0.0055518187949044,-0.0020331525610582,-0.0109337171540452,4,-0.0109337171540452,1.0
2005-09-20,FOMC_statement,https://www.federalreserve.gov/boarddocs/press/monetary/2005/20050920/default.htm,XLB,0.0038661784236211,0.0002547642014067,-0.0020059690706341,1,-0.0020523943825085,0.9773799264556271
2005-09-20,FOMC_statement,https://www.federalreserve.gov/boarddocs/press/monetary/2005/20050920/default.htm,XLE,-0.0297162981364152,-0.0059201898221148,0.0111918099780026,1,0.0234512389430348,0.4772374715548517
2005-09-20,FOMC_statement,https://www.federalreserve.gov/boarddocs/press/monetary/2005/20050920/default.htm,XLF,0.0056944394528483,-0.0006418651658688,-0.0072460979645776,1,-0.0072588476465669,0.9982435666637348
2005-09-20,FOMC_statement,https://www.federalreserve.gov/boarddocs/press/monetary/2005/20050920/default.htm,XLI,0.009964556356225,0.0131016385227195,0.0106040878457561,3,0.0131016385227195,0.8093711200601049
2005-09-20,FOMC_statement,https://www.federalreserve.gov/boarddocs/press/monetary/2005/20050920/default.htm,XLK,0.0047832823661753,-0.0027068519456618,-0.005318439130629,4,-0.005318439130629,1.0
2005-09-20,FOMC_statement,https://www.federalreserve.gov/boarddocs/press/monetary/2005/20050920/default.htm,XLP,0.0027455087098426,0.0019906302992467,-0.0026814116659165,1,-0.0029406726465506,0.9118361641040827
2005-09-20,FOMC_statement,https://www.federalreserve.gov/boarddocs/press/monetary/2005/20050920/default.htm,XLU,-0.000343342607064,-0.0154636272736378,-0.0083537753505097,2,-0.0170931936499968,0.48871940033928446
2005-09-20,FOMC_statement,https://www.federalreserve.gov/boarddocs/press/monetary/2005/20050920/default.htm,XLV,0.0038674320040564,0.0030692094379922,0.0003277014262689,1,0.0045824845128064,0.07151173677796228
2005-09-20,FOMC_statement,https://www.federalreserve.gov/boarddocs/press/monetary/2005/20050920/default.htm,XLY,0.0087496443450739,0.0089455989322065,0.006554081057574,3,0.0089455989322065,0.7326598372276216
2005-10-19,Beige_Book,https://www.federalreserve.gov/fomc/beigebook/2005/20051019/default.htm,XLB,-0.0002718430628241,0.0235460982614954,0.0248095608969495,4,0.0248095608969495,1.0
2005-10-19,Beige_Book,https://www.federalreserve.gov/fomc/beigebook/2005/20051019/default.htm,XLE,0.0355537565854765,-0.001303422033862,0.0214689520461037,4,0.0214689520461037,1.0
2005-10-19,Beige_Book,https://www.federalreserve.gov/fomc/beigebook/2005/20051019/default.htm,XLF,-0.0029258102446392,0.0149649784981659,0.0112874242326221,3,0.0149649784981659,0.7542559606086625
2005-10-19,Beige_Book,https://www.federalreserve.gov/fomc/beigebook/2005/20051019/default.htm,XLI,-0.0037566267470084,-0.0059249787028926,-0.0052697477547878,3,-0.0059249787028926,0.8894121007076509
2005-10-19,Beige_Book,https://www.federalreserve.gov/fomc/beigebook/2005/20051019/default.htm,XLK,-0.0088292705109459,0.0096638417990873,0.0048121775670048,2,0.0122649866440545,0.39235081999355637
2005-10-19,Beige_Book,https://www.federalreserve.gov/fomc/beigebook/2005/20051019/default.htm,XLP,-0.0034382048280677,-0.0017159105643648,-0.0031833753534524,4,-0.0031833753534524,1.0
2005-10-19,Beige_Book,https://www.federalreserve.gov/fomc/beigebook/2005/20051019/default.htm,XLU,0.0058369631271076,0.0109377758509305,0.0142233938026893,4,0.0142233938026893,1.0
2005-10-19,Beige_Book,https://www.federalreserve.gov/fomc/beigebook/2005/20051019/default.htm,XLV,-0.0095311905818792,-0.0203662692257539,-0.024599453243896,4,-0.024599453243896,1.0
2005-10-19,Beige_Book,https://www.federalreserve.gov/fomc/beigebook/2005/20051019/default.htm,XLY,-0.0003366495453078,0.001902209854532,-0.0033251055477767,4,-0.0033251055477767,1.0
2005-11-01,FOMC_statement,https://www.federalreserve.gov/boarddocs/press/monetary/2005/20051101/default.htm,XLB,-0.000156509343391,-0.0061352266844842,-0.00173169403248,3,-0.0061352266844842,0.2822542868480151
2005-11-01,FOMC_statement,https://www.federalreserve.gov/boarddocs/press/monetary/2005/20051101/default.htm,XLE,-0.0086397420444062,-0.0048881670529397,-0.0232445426534922,4,-0.0232445426534922,1.0
2005-11-01,FOMC_statement,https://www.federalreserve.gov/boarddocs/press/monetary/2005/20051101/default.htm,XLF,-0.0008747709805403,-0.0028820596464583,0.0046242826985564,4,0.0046242826985564,1.0
2005-11-01,FOMC_statement,https://www.federalreserve.gov/boarddocs/press/monetary/2005/20051101/default.htm,XLI,5.6433944296774285e-05,0.0017095939580989,0.0043826211334691,4,0.0043826211334691,1.0
2005-11-01,FOMC_statement,https://www.federalreserve.gov/boarddocs/press/monetary/2005/20051101/default.htm,XLK,-0.0076363282771116,0.0114121285516409,0.0123438714702824,4,0.0123438714702824,1.0
2005-11-01,FOMC_statement,https://www.federalreserve.gov/boarddocs/press/monetary/2005/20051101/default.htm,XLP,-0.0011453625753428,-0.0073504349620778,-0.00617662084383,2,-0.0082278893856169,0.7506932281597387
2005-11-01,FOMC_statement,https://www.federalreserve.gov/boarddocs/press/monetary/2005/20051101/default.htm,XLU,-0.0101289611498076,-0.0114666329358723,-0.01503918434677,4,-0.01503918434677,1.0
2005-11-01,FOMC_statement,https://www.federalreserve.gov/boarddocs/press/monetary/2005/20051101/default.htm,XLV,-0.001873241998249,-0.0019010955760875,-0.0009264702987891,1,-0.0104574988901282,0.08859387015222933
2005-11-01,FOMC_statement,https://www.federalreserve.gov/boarddocs/press/monetary/2005/20051101/default.htm,XLY,-0.0138536164586271,0.0081723533550531,0.015180032641768,4,0.015180032641768,1.0
2005-11-30,Beige_Book,https://www.federalreserve.gov/fomc/beigebook/2005/20051130/default.htm,XLB,-0.0102246490827772,0.0085659933832458,0.0139550435615027,4,0.0139550435615027,1.0
2005-11-30,Beige_Book,https://www.federalreserve.gov/fomc/beigebook/2005/20051130/default.htm,XLE,-0.002731933804592,0.0303579566347533,0.0327315104652223,4,0.0327315104652223,1.0
2005-11-30,Beige_Book,https://www.federalreserve.gov/fomc/beigebook/2005/20051130/default.htm,XLF,-0.0004895093387302,-0.0036905640673194,-0.0087065206084853,4,-0.0087065206084853,1.0
2005-11-30,Beige_Book,https://www.federalreserve.gov/fomc/beigebook/2005/20051130/default.htm,XLI,-0.003335851527855,-0.0073524786329107,-0.0051237103320967,3,-0.0073524786329107,0.6968684423185225
2005-11-30,Beige_Book,https://www.federalreserve.gov/fomc/beigebook/2005/20051130/default.htm,XLK,-0.0011089112415302,-4.335807309030493e-05,-0.0005701180391162,4,-0.0005701180391162,1.0
2005-11-30,Beige_Book,https://www.federalreserve.gov/fomc/beigebook/2005/20051130/default.htm,XLP,-0.0002608525658822,-0.0067470820343468,-0.0094962823609027,4,-0.0094962823609027,1.0
2005-11-30,Beige_Book,https://www.federalreserve.gov/fomc/beigebook/2005/20051130/default.htm,XLU,-0.0036382780917408,-0.0045664790707941,-0.0093150547631696,4,-0.0093150547631696,1.0
2005-11-30,Beige_Book,https://www.federalreserve.gov/fomc/beigebook/2005/20051130/default.htm,XLV,-0.0020784405222288,0.0062016020872077,0.0023852167514023,3,0.0062016020872077,0.3846129948134507
2005-11-30,Beige_Book,https://www.federalreserve.gov/fomc/beigebook/2005/20051130/default.htm,XLY,0.0003889246701455,-0.0005292388847717,0.0005701867710483,2,0.0032969401411642,0.17294422908356422
2005-12-13,FOMC_statement,https://www.federalreserve.gov/boarddocs/press/monetary/2005/20051213/default.htm,XLB,0.0009504757904974,-0.012481202308421,-0.0120350850735263,3,-0.012481202308421,0.9642568701419327
2005-12-13,FOMC_statement,https://www.federalreserve.gov/boarddocs/press/monetary/2005/20051213/default.htm,XLE,-0.0119787793450503,-0.0180213978982697,-0.0211007419503187,4,-0.0211007419503187,1.0
2005-12-13,FOMC_statement,https://www.federalreserve.gov/boarddocs/press/monetary/2005/20051213/default.htm,XLF,0.0053391017348357,0.0027863416812168,-0.0008252927254241,2,-0.0028771365435501,0.28684517155580347
2005-12-13,FOMC_statement,https://www.federalreserve.gov/boarddocs/press/monetary/2005/20051213/default.htm,XLI,0.000632739114317,0.0139157933341282,0.0092715078569066,3,0.0139157933341282,0.6662579440705271
2005-12-13,FOMC_statement,https://www.federalreserve.gov/boarddocs/press/monetary/2005/20051213/default.htm,XLK,-0.0017993245811676,-0.0020409862166059,-0.008949758528289,4,-0.008949758528289,1.0
2005-12-13,FOMC_statement,https://www.federalreserve.gov/boarddocs/press/monetary/2005/20051213/default.htm,XLP,-0.0011894543181685,0.0114579562723506,0.014921377314667,4,0.014921377314667,1.0
2005-12-13,FOMC_statement,https://www.federalreserve.gov/boarddocs/press/monetary/2005/20051213/default.htm,XLU,0.0103251831904582,0.015466397831658,0.0073016976844052,3,0.015466397831658,0.4721007285522836
2005-12-13,FOMC_statement,https://www.federalreserve.gov/boarddocs/press/monetary/2005/20051213/default.htm,XLV,0.0006300087819528,0.0102229247193859,0.024199913051591,4,0.024199913051591,1.0
2005-12-13,FOMC_statement,https://www.federalreserve.gov/boarddocs/press/monetary/2005/20051213/default.htm,XLY,-0.000248489537773,0.0028170618220426,-0.0028139651162789,4,-0.0028139651162789,1.0
2006-01-18,Beige_Book,https://www.federalreserve.gov/fomc/beigebook/2006/20060118/default.htm,XLB,-0.0037008055298032,0.0180286156787345,0.0281410536824451,4,0.0281410536824451,1.0
2006-01-18,Beige_Book,https://www.federalreserve.gov/fomc/beigebook/2006/20060118/default.htm,XLE,-0.0247549962155045,0.0436654116756524,0.0366751841446645,3,0.0436654116756524,0.8399138525725703
2006-01-18,Beige_Book,https://www.federalreserve.gov/fomc/beigebook/2006/20060118/default.htm,XLF,0.0077349173432742,-0.0106751169274573,-0.00724439978902,3,-0.0106751169274573,0.67862486549321
2006-01-18,Beige_Book,https://www.federalreserve.gov/fomc/beigebook/2006/20060118/default.htm,XLI,0.0023396834487955,-0.0055617333854217,0.0008345250058726,1,0.0009288056117044,0.8984926397475238
2006-01-18,Beige_Book,https://www.federalreserve.gov/fomc/beigebook/2006/20060118/default.htm,XLK,0.0072214171267406,-0.0102526412611199,-0.0079776438344167,3,-0.0102526412611199,0.7781062100231233
2006-01-18,Beige_Book,https://www.federalreserve.gov/fomc/beigebook/2006/20060118/default.htm,XLP,0.0011129026657424,-0.0019159313692511,0.0005057665115657,2,0.0007931501043585,0.6376680892890559
2006-01-18,Beige_Book,https://www.federalreserve.gov/fomc/beigebook/2006/20060118/default.htm,XLU,-0.0132791303680165,0.0124207956713554,0.0202723474768676,4,0.0202723474768676,1.0
2006-01-18,Beige_Book,https://www.federalreserve.gov/fomc/beigebook/2006/20060118/default.htm,XLV,5.1915712963701566e-05,-0.0035752137601208,-0.0092981350521427,4,-0.0092981350521427,1.0
2006-01-18,Beige_Book,https://www.federalreserve.gov/fomc/beigebook/2006/20060118/default.htm,XLY,0.0026433528208492,0.0007334859141889,0.0097267313308042,4,0.0097267313308042,1.0
2006-01-31,FOMC_statement,https://www.federalreserve.gov/newsevents/pressreleases/monetary20060131a.htm,XLB,-0.0036263471128594,-0.0112697594374565,0.0041350748439993,4,0.0041350748439993,1.0
2006-01-31,FOMC_statement,https://www.federalreserve.gov/newsevents/pressreleases/monetary20060131a.htm,XLE,-0.0237257311412608,-0.0332703871609615,-0.0163252695169043,3,-0.0332703871609615,0.49068468719413927
2006-01-31,FOMC_statement,https://www.federalreserve.gov/newsevents/pressreleases/monetary20060131a.htm,XLF,0.0023303469140305,-0.0020262669739545,-0.0017898314693338,1,-0.0076059248679744,0.2353206875432186
2006-01-31,FOMC_statement,https://www.federalreserve.gov/newsevents/pressreleases/monetary20060131a.htm,XLI,-0.0029924309283231,0.0074408093886189,0.0083262735256548,4,0.0083262735256548,1.0
2006-01-31,FOMC_statement,https://www.federalreserve.gov/newsevents/pressreleases/monetary20060131a.htm,XLK,-0.0040027314380906,-0.0051968074697436,-0.0106300974467991,4,-0.0106300974467991,1.0
2006-01-31,FOMC_statement,https://www.federalreserve.gov/newsevents/pressreleases/monetary20060131a.htm,XLP,0.003046180989308,0.0053178481484994,0.0005526601620967,2,0.0067695737185065,0.08163884242605272
2006-01-31,FOMC_statement,https://www.federalreserve.gov/newsevents/pressreleases/monetary20060131a.htm,XLU,0.0060138213752389,-0.0056663438778851,-0.0022792759003796,3,-0.0056663438778851,0.40224807203729307
2006-01-31,FOMC_statement,https://www.federalreserve.gov/newsevents/pressreleases/monetary20060131a.htm,XLV,0.0038672591012666,0.0059012137819328,-0.0057717339403867,4,-0.0057717339403867,1.0
2006-01-31,FOMC_statement,https://www.federalreserve.gov/newsevents/pressreleases/monetary20060131a.htm,XLY,0.0016151144745315,0.0068948605530657,0.0039800068544932,3,0.0068948605530657,0.5772425452061605
2006-03-15,Beige_Book,https://www.federalreserve.gov/fomc/beigebook/2006/20060315/default.htm,XLB,-0.008004626363572,-0.0032231746936162,-0.0115682063564416,4,-0.0115682063564416,1.0
2006-03-15,Beige_Book,https://www.federalreserve.gov/fomc/beigebook/2006/20060315/default.htm,XLE,-0.0080327027893836,-0.0203088373504283,-0.0157366347347683,3,-0.0203088373504283,0.7748663531660234
2006-03-15,Beige_Book,https://www.federalreserve.gov/fomc/beigebook/2006/20060315/default.htm,XLF,-0.0011596499804387,0.0055777807484675,0.0019021290266807,3,0.0055777807484675,0.34101896658510855
2006-03-15,Beige_Book,https://www.federalreserve.gov/fomc/beigebook/2006/20060315/default.htm,XLI,0.001036534998096,0.0051609552108029,0.0075944876075259,4,0.0075944876075259,1.0
2006-03-15,Beige_Book,https://www.federalreserve.gov/fomc/beigebook/2006/20060315/default.htm,XLK,-0.0009898040881761,-0.0026181029578591,-0.000393717767662,1,-0.0083764917545317,0.0470027046166431
2006-03-15,Beige_Book,https://www.federalreserve.gov/fomc/beigebook/2006/20060315/default.htm,XLP,0.0129614038573121,0.0072977675201656,0.0069464685195482,3,0.0072977675201656,0.9518621277470581
2006-03-15,Beige_Book,https://www.federalreserve.gov/fomc/beigebook/2006/20060315/default.htm,XLU,-0.0002301107617235,-0.0130681014352332,-0.0143561412716872,4,-0.0143561412716872,1.0
2006-03-15,Beige_Book,https://www.federalreserve.gov/fomc/beigebook/2006/20060315/default.htm,XLV,0.0033819361183007,0.0029008620001047,0.0030871345208421,4,0.0030871345208421,1.0
2006-03-15,Beige_Book,https://www.federalreserve.gov/fomc/beigebook/2006/20060315/default.htm,XLY,-0.0003163876236338,9.993997005652844e-05,0.0007897598024987,2,0.0008436248767935,0.9361504434298648
2006-03-28,FOMC_statement,https://www.federalreserve.gov/newsevents/pressreleases/monetary20060328a.htm,XLB,-0.0083234652012067,0.0063396826200282,0.0194750108328711,4,0.0194750108328711,1.0
2006-03-28,FOMC_statement,https://www.federalreserve.gov/newsevents/pressreleases/monetary20060328a.htm,XLE,-0.0066579318010562,-0.0075010946489835,-0.0012161206288719,3,-0.0075010946489835,0.16212575441061805
2006-03-28,FOMC_statement,https://www.federalreserve.gov/newsevents/pressreleases/monetary20060328a.htm,XLF,-0.0008509582583688,-0.005929594487914,-0.0036225480814865,2,-0.006005867897167,0.6031681254919502
2006-03-28,FOMC_statement,https://www.federalreserve.gov/newsevents/pressreleases/monetary20060328a.htm,XLI,-0.0023504421885993,0.0051316705369752,0.0094522273140275,4,0.0094522273140275,1.0
2006-03-28,FOMC_statement,https://www.federalreserve.gov/newsevents/pressreleases/monetary20060328a.htm,XLK,-0.0028173427973177,0.0076736285702332,0.0143153754215196,4,0.0143153754215196,1.0
2006-03-28,FOMC_statement,https://www.federalreserve.gov/newsevents/pressreleases/monetary20060328a.htm,XLP,0.0018768086026474,-0.0093167480631818,-0.0051569674160247,3,-0.0093167480631818,0.5535158170053086
2006-03-28,FOMC_statement,https://www.federalreserve.gov/newsevents/pressreleases/monetary20060328a.htm,XLU,0.0052090522731015,-0.0149710302475827,-0.0129032426470058,3,-0.0149710302475827,0.8618807412461961
2006-03-28,FOMC_statement,https://www.federalreserve.gov/newsevents/pressreleases/monetary20060328a.htm,XLV,0.0061907315731578,-0.0093892994886622,-0.0092444242297931,3,-0.0093892994886622,0.984570173840547
2006-03-28,FOMC_statement,https://www.federalreserve.gov/newsevents/pressreleases/monetary20060328a.htm,XLY,-0.0011633038528203,-0.0028941680379152,-0.0056890472762971,4,-0.0056890472762971,1.0
2006-04-26,Beige_Book,https://www.federalreserve.gov/fomc/beigebook/2006/20060426/default.htm,XLB,0.0028758291381362,-0.0089685585273042,-0.0026742007772875,1,-0.0248145070360853,0.10776763662476438
2006-04-26,Beige_Book,https://www.federalreserve.gov/fomc/beigebook/2006/20060426/default.htm,XLE,0.0087932024301825,0.0163545308514192,0.0192824434747618,4,0.0310492251688647,0.6210281696207253
2006-04-26,Beige_Book,https://www.federalreserve.gov/fomc/beigebook/2006/20060426/default.htm,XLF,0.0019121670618306,0.0095559574474007,0.0111592253860084,2,0.0170236657021651,0.6555124836943403
2006-04-26,Beige_Book,https://www.federalreserve.gov/fomc/beigebook/2006/20060426/default.htm,XLI,0.0075855426701267,-0.0049287653763636,-0.0003406877042249,2,-0.0156742960612766,0.021735438892632002
2006-04-26,Beige_Book,https://www.federalreserve.gov/fomc/beigebook/2006/20060426/default.htm,XLK,-0.0036712719462318,-0.0193914439522856,-0.0208602966271089,4,-0.0222924469168878,0.9357562543439786
2006-04-26,Beige_Book,https://www.federalreserve.gov/fomc/beigebook/2006/20060426/default.htm,XLP,-0.0041251477705248,0.0033180152070135,-0.0012687361857131,2,-0.0044015751161095,0.28824594656344765
2006-04-26,Beige_Book,https://www.federalreserve.gov/fomc/beigebook/2006/20060426/default.htm,XLU,0.0101424194743311,0.0081785650028204,0.0173341973306714,5,0.0173341973306714,1.0
2006-04-26,Beige_Book,https://www.federalreserve.gov/fomc/beigebook/2006/20060426/default.htm,XLV,0.0019961960896458,-0.0041695990469208,-0.0190233254951597,5,-0.0190233254951597,1.0
2006-04-26,Beige_Book,https://www.federalreserve.gov/fomc/beigebook/2006/20060426/default.htm,XLY,-0.0026399535267322,0.0017681484377507,0.0015197301742491,1,0.0031467498535897,0.4829523301686805
2006-05-10,FOMC_statement,https://www.federalreserve.gov/newsevents/pressreleases/monetary20060510a.htm,XLB,-0.004650312337082,-0.0250450785002529,-0.0312331442159261,5,-0.0312331442159261,1.0
2006-05-10,FOMC_statement,https://www.federalreserve.gov/newsevents/pressreleases/monetary20060510a.htm,XLE,-0.004008894321799,-0.0446802945636398,-0.0460592935527296,5,-0.0460592935527296,1.0
2006-05-10,FOMC_statement,https://www.federalreserve.gov/newsevents/pressreleases/monetary20060510a.htm,XLF,0.000200290941553,0.0034859130859986,0.0027145119873628,4,0.00375580419282,0.7227512000098817
2006-05-10,FOMC_statement,https://www.federalreserve.gov/newsevents/pressreleases/monetary20060510a.htm,XLI,0.0019642687532357,0.0025781910460396,0.0021702411240673,1,0.0070246212735869,0.30894777661929884
2006-05-10,FOMC_statement,https://www.federalreserve.gov/newsevents/pressreleases/monetary20060510a.htm,XLK,0.0060646026206516,-0.0061764020129995,-0.008670456709241,4,-0.0142332159459045,0.609170600811116
2006-05-10,FOMC_statement,https://www.federalreserve.gov/newsevents/pressreleases/monetary20060510a.htm,XLP,-0.0009293165594783,0.0137218555232899,0.0254838988059007,5,0.0254838988059007,1.0
2006-05-10,FOMC_statement,https://www.federalreserve.gov/newsevents/pressreleases/monetary20060510a.htm,XLU,0.0104195670088578,0.0090410248545704,0.0097564503831695,5,0.0097564503831695,1.0
2006-05-10,FOMC_statement,https://www.federalreserve.gov/newsevents/pressreleases/monetary20060510a.htm,XLV,0.0091140284627677,0.0330030948391699,0.0457338480698424,5,0.0457338480698424,1.0
2006-05-10,FOMC_statement,https://www.federalreserve.gov/newsevents/pressreleases/monetary20060510a.htm,XLY,-0.0009208447932851,0.0058194137859116,0.0054407398876915,3,0.0058194137859116,0.934929202123959
2006-06-14,Beige_Book,https://www.federalreserve.gov/fomc/beigebook/2006/20060614/default.htm,XLB,0.005330470474795,0.0014017596051714,0.0191719388514493,5,0.0191719388514493,1.0
2006-06-14,Beige_Book,https://www.federalreserve.gov/fomc/beigebook/2006/20060614/default.htm,XLE,0.0179691133754472,-0.0083431887632403,-0.0014360127523322,4,-0.0164363792098918,0.08736794971656371
2006-06-14,Beige_Book,https://www.federalreserve.gov/fomc/beigebook/2006/20060614/default.htm,XLF,0.0078732716096068,0.0028966859695079,0.0031382215868253,5,0.0031382215868253,1.0
2006-06-14,Beige_Book,https://www.federalreserve.gov/fomc/beigebook/2006/20060614/default.htm,XLI,-0.0085295444456021,0.0086596667900059,0.0084696595259098,3,0.0086596667900059,0.9780583631329339
2006-06-14,Beige_Book,https://www.federalreserve.gov/fomc/beigebook/2006/20060614/default.htm,XLK,-0.0126353650258664,0.0133477440505936,0.0139995501155471,5,0.0139995501155471,1.0
2006-06-14,Beige_Book,https://www.federalreserve.gov/fomc/beigebook/2006/20060614/default.htm,XLP,-0.008229247627931,-0.0006862837347054,-0.000535384451779,1,-0.0131847733481824,0.0406062688861319
2006-06-14,Beige_Book,https://www.federalreserve.gov/fomc/beigebook/2006/20060614/default.htm,XLU,0.0003721916772669,-0.0050671912279971,-0.0142963078956825,5,-0.0142963078956825,1.0
2006-06-14,Beige_Book,https://www.federalreserve.gov/fomc/beigebook/2006/20060614/default.htm,XLV,-0.0089569947155153,-0.0026426577226896,-0.0121051314452129,5,-0.0121051314452129,1.0
2006-06-14,Beige_Book,https://www.federalreserve.gov/fomc/beigebook/2006/20060614/default.htm,XLY,-0.0036620874528739,0.0079128595773421,0.0032045015733667,3,0.0079128595773421,0.404973896231213
2006-06-29,FOMC_statement,https://www.federalreserve.gov/newsevents/pressreleases/monetary20060629a.htm,XLB,0.0041682287167288,0.0060737178174417,0.0022265254057113,2,0.0123684871836393,0.18001598519311948
2006-06-29,FOMC_statement,https://www.federalreserve.gov/newsevents/pressreleases/monetary20060629a.htm,XLE,-0.0104214225444125,0.0201891175498122,0.0146739158036108,3,0.0201891175498122,0.7268230405517302
2006-06-29,FOMC_statement,https://www.federalreserve.gov/newsevents/pressreleases/monetary20060629a.htm,XLF,0.0013975388486711,0.0010487106241521,0.0012221527326514,2,0.0048108531825601,0.25404074626135864
2006-06-29,FOMC_statement,https://www.federalreserve.gov/newsevents/pressreleases/monetary20060629a.htm,XLI,0.0037506322616867,-0.0025664510239777,-0.0028059564456122,4,-0.0028059564456122,1.0
2006-06-29,FOMC_statement,https://www.federalreserve.gov/newsevents/pressreleases/monetary20060629a.htm,XLK,0.000212589526676,-0.0120798097653335,-0.0139995886600613,4,-0.0139995886600613,1.0
2006-06-29,FOMC_statement,https://www.federalreserve.gov/newsevents/pressreleases/monetary20060629a.htm,XLP,0.002161671703351,-0.0058210915773376,0.0028709611926188,4,0.0028709611926188,1.0
2006-06-29,FOMC_statement,https://www.federalreserve.gov/newsevents/pressreleases/monetary20060629a.htm,XLU,0.0039375781359556,0.009689728448341,0.0015357224997951,2,0.0107156231816312,0.14331620977748144
2006-06-29,FOMC_statement,https://www.federalreserve.gov/newsevents/pressreleases/monetary20060629a.htm,XLV,0.0067791410633806,0.0081957451208084,0.008917893332896,4,0.008917893332896,1.0
2006-06-29,FOMC_statement,https://www.federalreserve.gov/newsevents/pressreleases/monetary20060629a.htm,XLY,0.0058598845117405,-0.0056250436520497,-0.007933382054039,4,-0.007933382054039,1.0
2006-07-26,Beige_Book,https://www.federalreserve.gov/fomc/beigebook/2006/20060726/default.htm,XLB,-0.0118444102638215,-0.0076427985414361,-0.0108057085299445,1,-0.0210605797557629,0.5130774487339403
2006-07-26,Beige_Book,https://www.federalreserve.gov/fomc/beigebook/2006/20060726/default.htm,XLE,-0.0138978675370442,-0.0010658593011758,0.0050558902437984,4,0.0050558902437984,1.0
2006-07-26,Beige_Book,https://www.federalreserve.gov/fomc/beigebook/2006/20060726/default.htm,XLF,0.0011182823614235,0.0024450232036672,0.0043497770918471,4,0.0043497770918471,1.0
2006-07-26,Beige_Book,https://www.federalreserve.gov/fomc/beigebook/2006/20060726/default.htm,XLI,0.0063584742215535,-0.0026421747680921,-0.0039852993407718,4,-0.0039852993407718,1.0
2006-07-26,Beige_Book,https://www.federalreserve.gov/fomc/beigebook/2006/20060726/default.htm,XLK,-0.0073209621964642,0.0048015613587409,-0.0044113733377848,4,-0.0044113733377848,1.0
2006-07-26,Beige_Book,https://www.federalreserve.gov/fomc/beigebook/2006/20060726/default.htm,XLP,-0.0013095099899596,-0.0100171489400234,-0.009973070164937,3,-0.0100171489400234,0.9955996685932977
2006-07-26,Beige_Book,https://www.federalreserve.gov/fomc/beigebook/2006/20060726/default.htm,XLU,-0.000580551476141,-0.0135957726811862,0.0037438868439249,4,0.0037438868439249,1.0
2006-07-26,Beige_Book,https://www.federalreserve.gov/fomc/beigebook/2006/20060726/default.htm,XLV,-0.0049873153543484,-0.0111591465513015,-0.006231239448495,3,-0.0111591465513015,0.5583974921243637
2006-07-26,Beige_Book,https://www.federalreserve.gov/fomc/beigebook/2006/20060726/default.htm,XLY,-0.0054916376799094,0.0026041906676677,-0.0017615863431195,4,-0.0017615863431195,1.0
2006-08-08,FOMC_statement,https://www.federalreserve.gov/newsevents/pressreleases/monetary20060808a.htm,XLB,-0.0071504986509872,-0.0045748283277289,-0.0079627006852525,4,-0.0079627006852525,1.0
2006-08-08,FOMC_statement,https://www.federalreserve.gov/newsevents/pressreleases/monetary20060808a.htm,XLE,-0.0128861246647734,0.0038869810968328,-0.0175365490193066,4,-0.0175365490193066,1.0
2006-08-08,FOMC_statement,https://www.federalreserve.gov/newsevents/pressreleases/monetary20060808a.htm,XLF,-0.0002343505053526,-0.006851566481696,-0.0064122131544112,1,-0.0084645708028281,0.7575355329615547
2006-08-08,FOMC_statement,https://www.federalreserve.gov/newsevents/pressreleases/monetary20060808a.htm,XLI,0.0017147264383647,-0.0100595510205367,-0.0089254700721066,1,-0.0121067737417589,0.7372294438212477
2006-08-08,FOMC_statement,https://www.federalreserve.gov/newsevents/pressreleases/monetary20060808a.htm,XLK,0.0012024915026654,0.0077486181926733,0.0155864512035319,4,0.0155864512035319,1.0
2006-08-08,FOMC_statement,https://www.federalreserve.gov/newsevents/pressreleases/monetary20060808a.htm,XLP,8.56578149563969e-05,0.0052227275977173,0.0064480807614334,4,0.0064480807614334,1.0
2006-08-08,FOMC_statement,https://www.federalreserve.gov/newsevents/pressreleases/monetary20060808a.htm,XLU,0.0094010920284492,-0.0004030162098184,0.0056002413736028,4,0.0056002413736028,1.0
2006-08-08,FOMC_statement,https://www.federalreserve.gov/newsevents/pressreleases/monetary20060808a.htm,XLV,0.0008026344627214,-0.001599939050848,-0.0001690873754969,3,-0.001599939050848,0.1056836355155406
2006-08-08,FOMC_statement,https://www.federalreserve.gov/newsevents/pressreleases/monetary20060808a.htm,XLY,-0.0001827403495031,0.0026924306085284,0.0047149834990641,4,0.0047149834990641,1.0
2006-09-06,Beige_Book,https://www.federalreserve.gov/fomc/beigebook/2006/20060906/default.htm,XLB,-0.0040003912961519,-0.0331706577652564,-0.0283219744684919,3,-0.0331706577652564,0.8538261335943991
2006-09-06,Beige_Book,https://www.federalreserve.gov/fomc/beigebook/2006/20060906/default.htm,XLE,-0.0111948975372979,-0.0545925428900737,-0.0539554713075625,4,-0.0707197119073372,0.7629481208614002
2006-09-06,Beige_Book,https://www.federalreserve.gov/fomc/beigebook/2006/20060906/default.htm,XLF,-0.0016772885111622,-0.0006947070412558,0.0056818892285893,5,0.0056818892285893,1.0
2006-09-06,Beige_Book,https://www.federalreserve.gov/fomc/beigebook/2006/20060906/default.htm,XLI,-0.0002527095260527,0.0010670419027112,0.0066860555732375,5,0.0066860555732375,1.0
2006-09-06,Beige_Book,https://www.federalreserve.gov/fomc/beigebook/2006/20060906/default.htm,XLK,-0.0032669502414912,0.0117091312413488,0.0152648240960033,4,0.0192893453798577,0.7913604010607389
2006-09-06,Beige_Book,https://www.federalreserve.gov/fomc/beigebook/2006/20060906/default.htm,XLP,0.0054100185842342,0.0097777065503232,-0.0110546324889039,5,-0.0110546324889039,1.0
2006-09-06,Beige_Book,https://www.federalreserve.gov/fomc/beigebook/2006/20060906/default.htm,XLU,0.0125345539848982,-0.0012844037030901,-0.0183271007929763,5,-0.0183271007929763,1.0
2006-09-06,Beige_Book,https://www.federalreserve.gov/fomc/beigebook/2006/20060906/default.htm,XLV,0.0064524733849087,0.0078398779761724,0.0034387590726355,4,0.0095643663323753,0.3595386200333345
2006-09-06,Beige_Book,https://www.federalreserve.gov/fomc/beigebook/2006/20060906/default.htm,XLY,-0.0011108183990415,0.0210003159226893,0.0344875887809902,5,0.0344875887809902,1.0
2006-09-20,FOMC_statement,https://www.federalreserve.gov/newsevents/pressreleases/monetary20060920a.htm,XLB,0.0101812929868049,-0.0042297792507001,0.0038949520336402,4,0.0072875014444092,0.5344701559720878
2006-09-20,FOMC_statement,https://www.federalreserve.gov/newsevents/pressreleases/monetary20060920a.htm,XLE,0.0125689835430498,0.0100468210652033,0.0390916444208857,5,0.0390916444208857,1.0
2006-09-20,FOMC_statement,https://www.federalreserve.gov/newsevents/pressreleases/monetary20060920a.htm,XLF,-0.0042559509000846,0.0051880575297068,-0.0034202485113962,5,-0.0034202485113962,1.0
2006-09-20,FOMC_statement,https://www.federalreserve.gov/newsevents/pressreleases/monetary20060920a.htm,XLI,0.0014652701167229,-0.0021281745408369,0.003288320566929,5,0.003288320566929,1.0
2006-09-20,FOMC_statement,https://www.federalreserve.gov/newsevents/pressreleases/monetary20060920a.htm,XLK,0.0021135245191397,0.0026823698754142,-0.0081342590235817,5,-0.0081342590235817,1.0
2006-09-20,FOMC_statement,https://www.federalreserve.gov/newsevents/pressreleases/monetary20060920a.htm,XLP,-0.0048517141902492,-0.0142664661519764,-0.0162714473217899,4,-0.0213852113933854,0.7608738123964853
2006-09-20,FOMC_statement,https://www.federalreserve.gov/newsevents/pressreleases/monetary20060920a.htm,XLU,-0.0045789563487584,0.0115125672705547,0.0143772974287729,5,0.0143772974287729,1.0
2006-09-20,FOMC_statement,https://www.federalreserve.gov/newsevents/pressreleases/monetary20060920a.htm,XLV,-0.0040060366078656,-0.0085156990890612,-0.0143854594712814,4,-0.0159104991808017,0.9041488458539076
2006-09-20,FOMC_statement,https://www.federalreserve.gov/newsevents/pressreleases/monetary20060920a.htm,XLY,-0.0045387989142512,0.0092334044100812,0.0066214154115751,4,0.0095232686863568,0.6952881021892258
2006-10-12,Beige_Book,https://www.federalreserve.gov/fomc/beigebook/2006/20061012/default.htm,XLB,0.0077706020622023,0.0092606998084241,0.0042786864201911,2,0.0130904819531076,0.3268547663499407
2006-10-12,Beige_Book,https://www.federalreserve.gov/fomc/beigebook/2006/20061012/default.htm,XLE,0.0147053107005769,0.0254131581635324,0.0176899846575966,2,0.033130796550403,0.5339438377427549
2006-10-12,Beige_Book,https://www.federalreserve.gov/fomc/beigebook/2006/20061012/default.htm,XLF,0.0013694130152422,-0.0026401400849863,-0.0011270366031427,2,-0.0057822092283041,0.19491453156447877
2006-10-12,Beige_Book,https://www.federalreserve.gov/fomc/beigebook/2006/20061012/default.htm,XLI,-0.0014742032032606,-0.0020784465077474,-0.0059996171156764,4,-0.0059996171156764,1.0
2006-10-12,Beige_Book,https://www.federalreserve.gov/fomc/beigebook/2006/20061012/default.htm,XLK,-0.0007361849442236,-0.0048889385745638,-0.0088623169217016,4,-0.0088623169217016,1.0
2006-10-12,Beige_Book,https://www.federalreserve.gov/fomc/beigebook/2006/20061012/default.htm,XLP,-0.0027652504068498,-0.0033271121008816,-0.0006926354538797,1,-0.0045403313352471,0.1525517418745838
2006-10-12,Beige_Book,https://www.federalreserve.gov/fomc/beigebook/2006/20061012/default.htm,XLU,-0.0035057510675471,0.0094366110997344,0.019014958911269,4,0.019014958911269,1.0
2006-10-12,Beige_Book,https://www.federalreserve.gov/fomc/beigebook/2006/20061012/default.htm,XLV,-0.0008802814741528,-5.1038826548222005e-05,0.0094504444685568,4,0.0094504444685568,1.0
2006-10-12,Beige_Book,https://www.federalreserve.gov/fomc/beigebook/2006/20061012/default.htm,XLY,0.0012941947671748,-0.0080563962194674,-0.0085537400782708,4,-0.0085537400782708,1.0
2006-10-25,FOMC_statement,https://www.federalreserve.gov/newsevents/pressreleases/monetary20061025a.htm,XLB,-0.008571658700309,0.0110884077317825,0.0130256565234854,4,0.0130256565234854,1.0
2006-10-25,FOMC_statement,https://www.federalreserve.gov/newsevents/pressreleases/monetary20061025a.htm,XLE,-0.015265675741483,-0.0245084979731925,-0.014029644942397,3,-0.0245084979731925,0.5724400147957939
2006-10-25,FOMC_statement,https://www.federalreserve.gov/newsevents/pressreleases/monetary20061025a.htm,XLF,0.0032654690551815,0.0036572783347262,0.0021115719220955,1,0.0039340660467457,0.5367403335391926
2006-10-25,FOMC_statement,https://www.federalreserve.gov/newsevents/pressreleases/monetary20061025a.htm,XLI,0.0024022615510688,-0.0004385701388069,-0.0026215651053195,2,-0.0043746329257987,0.5992651611656918
2006-10-25,FOMC_statement,https://www.federalreserve.gov/newsevents/pressreleases/monetary20061025a.htm,XLK,0.0099689468780055,-0.00037760707158,0.001080962339819,1,0.0021234088641901,0.5090693356558513
2006-10-25,FOMC_statement,https://www.federalreserve.gov/newsevents/pressreleases/monetary20061025a.htm,XLP,0.0060845641165969,0.0027620260487983,0.0021336261780953,2,0.0062747654210164,0.34003281954557757
2006-10-25,FOMC_statement,https://www.federalreserve.gov/newsevents/pressreleases/monetary20061025a.htm,XLU,0.0021405900179265,-0.0047313129483905,-0.0034675371298424,1,-0.0075450907675075,0.45957527042287544
2006-10-25,FOMC_statement,https://www.federalreserve.gov/newsevents/pressreleases/monetary20061025a.htm,XLV,0.0062224686279044,-0.0020454167544982,-0.0060865738136601,4,-0.0060865738136601,1.0
2006-10-25,FOMC_statement,https://www.federalreserve.gov/newsevents/pressreleases/monetary20061025a.htm,XLY,-0.0008107567928008,0.0140209269147364,0.0120202077867355,3,0.0140209269147364,0.8573047887512995
2006-11-29,Beige_Book,https://www.federalreserve.gov/fomc/beigebook/2006/20061129/default.htm,XLB,0.0002764025159713,0.0028407512333691,0.0027811769085696,3,0.0028407512333691,0.9790286723808457
2006-11-29,Beige_Book,https://www.federalreserve.gov/fomc/beigebook/2006/20061129/default.htm,XLE,-0.0117274203326023,0.003796705771243,0.0034377952566234,2,0.0129099285424536,0.2662908044237733
2006-11-29,Beige_Book,https://www.federalreserve.gov/fomc/beigebook/2006/20061129/default.htm,XLF,0.0026433309073448,0.0004007219294114,0.0008089980732798,4,0.0008089980732798,1.0
2006-11-29,Beige_Book,https://www.federalreserve.gov/fomc/beigebook/2006/20061129/default.htm,XLI,0.0054801405677709,0.0007706408397409,-0.0012849926513704,2,-0.0044850113189986,0.2865082292941257
2006-11-29,Beige_Book,https://www.federalreserve.gov/fomc/beigebook/2006/20061129/default.htm,XLK,-0.0008381315323313,0.0006397025986982,-0.0032544396313428,2,-0.0045938261172125,0.7084377049337623
2006-11-29,Beige_Book,https://www.federalreserve.gov/fomc/beigebook/2006/20061129/default.htm,XLP,5.340531226138978e-06,0.0004661269190583,0.0015542207561641,4,0.0015542207561641,1.0
2006-11-29,Beige_Book,https://www.federalreserve.gov/fomc/beigebook/2006/20061129/default.htm,XLU,-0.0029279893789369,0.0078008326491948,0.0059149047820733,3,0.0078008326491948,0.7582401838454815
2006-11-29,Beige_Book,https://www.federalreserve.gov/fomc/beigebook/2006/20061129/default.htm,XLV,0.0022001541939709,-0.0067342016843814,-0.0071211542431173,4,-0.0071211542431173,1.0
2006-11-29,Beige_Book,https://www.federalreserve.gov/fomc/beigebook/2006/20061129/default.htm,XLY,0.0048693489883803,0.0045140401404295,0.0086106147180784,4,0.0086106147180784,1.0
2006-12-12,FOMC_statement,https://www.federalreserve.gov/newsevents/pressreleases/monetary20061212a.htm,XLB,0.0065560943318936,0.0109360356512711,0.0034978873086038,3,0.0109360356512711,0.31984966217600425
2006-12-12,FOMC_statement,https://www.federalreserve.gov/newsevents/pressreleases/monetary20061212a.htm,XLE,0.0053876178064259,0.0055881379763566,-0.0205193095412371,4,-0.0205193095412371,1.0
2006-12-12,FOMC_statement,https://www.federalreserve.gov/newsevents/pressreleases/monetary20061212a.htm,XLF,-0.0026242866704715,0.0021277063691997,0.0097854553011567,4,0.0097854553011567,1.0
2006-12-12,FOMC_statement,https://www.federalreserve.gov/newsevents/pressreleases/monetary20061212a.htm,XLI,0.0074305473793593,-0.0021554598941329,0.0017202487043355,4,0.0017202487043355,1.0
2006-12-12,FOMC_statement,https://www.federalreserve.gov/newsevents/pressreleases/monetary20061212a.htm,XLK,-0.0030869830770414,0.0004720915360905,-0.0006083230138543,4,-0.0006083230138543,1.0
2006-12-12,FOMC_statement,https://www.federalreserve.gov/newsevents/pressreleases/monetary20061212a.htm,XLP,0.0009809811641401,-0.0048909707436172,-0.002918648682054,2,-0.0064142069786244,0.4550287653299173
2006-12-12,FOMC_statement,https://www.federalreserve.gov/newsevents/pressreleases/monetary20061212a.htm,XLU,-0.002539718455808,-0.0054969305743777,-0.0097958952659391,4,-0.0097958952659391,1.0
2006-12-12,FOMC_statement,https://www.federalreserve.gov/newsevents/pressreleases/monetary20061212a.htm,XLV,0.0007930498397048,-0.0037356762989776,0.0010997072894937,4,0.0010997072894937,1.0
2006-12-12,FOMC_statement,https://www.federalreserve.gov/newsevents/pressreleases/monetary20061212a.htm,XLY,-0.0007639448121332,0.0015166072277229,0.0034763175383946,2,0.0058033944932389,0.5990145151160406
2007-01-17,Beige_Book,https://www.federalreserve.gov/fomc/beigebook/2007/20070117/default.htm,XLB,-0.0045095721280031,0.0035314525190047,0.0155602764997956,5,0.0155602764997956,1.0
2007-01-17,Beige_Book,https://www.federalreserve.gov/fomc/beigebook/2007/20070117/default.htm,XLE,0.0083267190375305,0.0176099848901323,0.0369263749727817,4,0.0406438053010815,0.9085363611807067
2007-01-17,Beige_Book,https://www.federalreserve.gov/fomc/beigebook/2007/20070117/default.htm,XLF,-0.0046572236533518,0.0025920630717259,0.0013429074346953,3,0.0025920630717259,0.5180843974607215
2007-01-17,Beige_Book,https://www.federalreserve.gov/fomc/beigebook/2007/20070117/default.htm,XLI,-0.0072953165719241,-0.0115061202183291,-0.0136777202889795,5,-0.0136777202889795,1.0
2007-01-17,Beige_Book,https://www.federalreserve.gov/fomc/beigebook/2007/20070117/default.htm,XLK,0.0001272524894547,-0.0146374787252839,-0.0075448759663657,4,-0.0175872306561958,0.4289973853107861
2007-01-17,Beige_Book,https://www.federalreserve.gov/fomc/beigebook/2007/20070117/default.htm,XLP,-0.002709436066908,0.0033478763064082,-0.0020192954935799,5,-0.0020192954935799,1.0
2007-01-17,Beige_Book,https://www.federalreserve.gov/fomc/beigebook/2007/20070117/default.htm,XLU,-0.0050217090918577,0.003918646173718,0.0020525607943514,4,0.0067957421831957,0.30203629552441064
2007-01-17,Beige_Book,https://www.federalreserve.gov/fomc/beigebook/2007/20070117/default.htm,XLV,-0.0042885505102615,0.0015974701851084,-0.0070444124634098,5,-0.0070444124634098,1.0
2007-01-17,Beige_Book,https://www.federalreserve.gov/fomc/beigebook/2007/20070117/default.htm,XLY,-0.0055201243115946,0.0034933323916839,-0.000155439862709,5,-0.000155439862709,1.0
2007-01-31,FOMC_statement,https://www.federalreserve.gov/newsevents/pressreleases/monetary20070131a.htm,XLB,0.0024265554379607,-0.0012341469551369,0.0031339208991105,1,0.0061555952273246,0.5091174424853456
2007-01-31,FOMC_statement,https://www.federalreserve.gov/newsevents/pressreleases/monetary20070131a.htm,XLE,-0.015120026895339,0.0006096044696964,-0.0109416748506872,5,-0.0109416748506872,1.0
2007-01-31,FOMC_statement,https://www.federalreserve.gov/newsevents/pressreleases/monetary20070131a.htm,XLF,0.001387225801112,0.000439107444086,0.0062310610805528,5,0.0062310610805528,1.0
2007-01-31,FOMC_statement,https://www.federalreserve.gov/newsevents/pressreleases/monetary20070131a.htm,XLI,0.0057755990164857,0.0068488002705835,0.0038138623490404,3,0.0068488002705835,0.5568657572657567
2007-01-31,FOMC_statement,https://www.federalreserve.gov/newsevents/pressreleases/monetary20070131a.htm,XLK,-0.0007615397251949,-0.0093037259999553,-0.0084055617013024,4,-0.0108462946828401,0.7749708031260503
2007-01-31,FOMC_statement,https://www.federalreserve.gov/newsevents/pressreleases/monetary20070131a.htm,XLP,0.005961628932687,-0.0053787753396818,-0.011610406046706,5,-0.011610406046706,1.0
2007-01-31,FOMC_statement,https://www.federalreserve.gov/newsevents/pressreleases/monetary20070131a.htm,XLU,0.0021842862144347,0.0170327341954072,0.0235947401329277,5,0.0235947401329277,1.0
2007-01-31,FOMC_statement,https://www.federalreserve.gov/newsevents/pressreleases/monetary20070131a.htm,XLV,0.0002349758872757,-0.0015382170988333,-0.0054589951454625,5,-0.0054589951454625,1.0
2007-01-31,FOMC_statement,https://www.federalreserve.gov/newsevents/pressreleases/monetary20070131a.htm,XLY,0.0023836560536933,-0.0045894407938701,0.0012464714442549,5,0.0012464714442549,1.0
2007-03-07,Beige_Book,https://www.federalreserve.gov/fomc/beigebook/2007/20070307/default.htm,XLB,-0.0031849855577408,0.01450221737918,0.0084721539930826,3,0.01450221737918,0.5841971452755621
2007-03-07,Beige_Book,https://www.federalreserve.gov/fomc/beigebook/2007/20070307/default.htm,XLE,-0.0018434879466804,-0.007212568990495,0.0028319870308628,5,0.0028319870308628,1.0
2007-03-07,Beige_Book,https://www.federalreserve.gov/fomc/beigebook/2007/20070307/default.htm,XLF,-0.0037840915321838,0.0013088686412194,-0.0142389714850053,5,-0.0142389714850053,1.0
2007-03-07,Beige_Book,https://www.federalreserve.gov/fomc/beigebook/2007/20070307/default.htm,XLI,0.0055990424674274,0.0070941533002775,0.0062312765254297,4,0.0096839350261599,0.643465338067295
2007-03-07,Beige_Book,https://www.federalreserve.gov/fomc/beigebook/2007/20070307/default.htm,XLK,0.0016846392370217,0.0068229865763334,0.0120398557665655,5,0.0120398557665655,1.0
2007-03-07,Beige_Book,https://www.federalreserve.gov/fomc/beigebook/2007/20070307/default.htm,XLP,0.0093573521161154,0.0032398630145158,-0.0018821835785908,5,-0.0018821835785908,1.0
2007-03-07,Beige_Book,https://www.federalreserve.gov/fomc/beigebook/2007/20070307/default.htm,XLU,0.0022036427349823,0.0036658784815155,0.0071632433328762,4,0.0096218178702819,0.7444792064710254
2007-03-07,Beige_Book,https://www.federalreserve.gov/fomc/beigebook/2007/20070307/default.htm,XLV,0.0065325148417012,-0.004856604343848,-0.005297358856445,5,-0.005297358856445,1.0
2007-03-07,Beige_Book,https://www.federalreserve.gov/fomc/beigebook/2007/20070307/default.htm,XLY,-5.7723427139722006e-05,-0.0015228874911598,-0.0097253286404342,5,-0.0097253286404342,1.0
2007-03-21,FOMC_statement,https://www.federalreserve.gov/newsevents/pressreleases/monetary20070321a.htm,XLB,0.0012423675967887,0.007187545371454,-0.0040520683816499,5,-0.0040520683816499,1.0
2007-03-21,FOMC_statement,https://www.federalreserve.gov/newsevents/pressreleases/monetary20070321a.htm,XLE,-0.0016646073431099,0.0326952763220018,0.0439987063971071,5,0.0439987063971071,1.0
2007-03-21,FOMC_statement,https://www.federalreserve.gov/newsevents/pressreleases/monetary20070321a.htm,XLF,-0.0035857484208552,-0.0092870345493428,-0.0183103756105261,5,-0.0183103756105261,1.0
2007-03-21,FOMC_statement,https://www.federalreserve.gov/newsevents/pressreleases/monetary20070321a.htm,XLI,0.0029569349051006,0.0001245869006794,-0.0030161581979869,5,-0.0030161581979869,1.0
2007-03-21,FOMC_statement,https://www.federalreserve.gov/newsevents/pressreleases/monetary20070321a.htm,XLK,-0.0010011007216259,-0.0044340658173909,-0.0057925300343264,2,-0.0070326686319953,0.8236603112470195
2007-03-21,FOMC_statement,https://www.federalreserve.gov/newsevents/pressreleases/monetary20070321a.htm,XLP,-0.0040863943344706,0.000665970441928,0.0039201522038286,2,0.0064321615180215,0.6094610952858066
2007-03-21,FOMC_statement,https://www.federalreserve.gov/newsevents/pressreleases/monetary20070321a.htm,XLU,-0.0089856905794387,0.0086761109135885,0.0148286767232204,5,0.0148286767232204,1.0
2007-03-21,FOMC_statement,https://www.federalreserve.gov/newsevents/pressreleases/monetary20070321a.htm,XLV,0.0004110268828692,0.0006460746479659,-0.0035834134626399,4,-0.004044595148651,0.8859758099237895
2007-03-21,FOMC_statement,https://www.federalreserve.gov/newsevents/pressreleases/monetary20070321a.htm,XLY,-0.0019017470489721,-0.0066088216009457,-0.0144412844396509,5,-0.0144412844396509,1.0
2007-04-25,Beige_Book,https://www.federalreserve.gov/fomc/beigebook/2007/20070425/default.htm,XLB,0.0045002918969209,-0.0151550474550122,-0.0157519539460497,4,-0.0218599183493246,0.7205861291122518
2007-04-25,Beige_Book,https://www.federalreserve.gov/fomc/beigebook/2007/20070425/default.htm,XLE,0.0034128250593128,-0.004361602248169,-3.1221667551428745e-05,3,-0.004361602248169,0.007158302333628793
2007-04-25,Beige_Book,https://www.federalreserve.gov/fomc/beigebook/2007/20070425/default.htm,XLF,0.00337594801723,-0.0027603824320079,-0.004968818959572,5,-0.004968818959572,1.0
2007-04-25,Beige_Book,https://www.federalreserve.gov/fomc/beigebook/2007/20070425/default.htm,XLI,0.0033806282001215,0.0072861956566467,0.0114659101065643,5,0.0114659101065643,1.0
2007-04-25,Beige_Book,https://www.federalreserve.gov/fomc/beigebook/2007/20070425/default.htm,XLK,-0.0049710057030696,0.0051408399063741,0.0069379447569024,4,0.0074924882022091,0.9259867442776623
2007-04-25,Beige_Book,https://www.federalreserve.gov/fomc/beigebook/2007/20070425/default.htm,XLP,0.0007682845981028,-0.001831923490691,-0.0138944128721431,5,-0.0138944128721431,1.0
2007-04-25,Beige_Book,https://www.federalreserve.gov/fomc/beigebook/2007/20070425/default.htm,XLU,-0.0067577785477903,-0.0074817093985595,-0.0022552860679092,2,-0.0119470051374478,0.18877417745808298
2007-04-25,Beige_Book,https://www.federalreserve.gov/fomc/beigebook/2007/20070425/default.htm,XLV,0.000405104671121,0.002444922083584,0.0026011422288139,5,0.0026011422288139,1.0
2007-04-25,Beige_Book,https://www.federalreserve.gov/fomc/beigebook/2007/20070425/default.htm,XLY,0.0039506394224708,-0.0127839949200652,-0.0068459687978055,3,-0.0127839949200652,0.5355109134985939
2007-05-09,FOMC_statement,https://www.federalreserve.gov/newsevents/pressreleases/monetary20070509a.htm,XLB,-0.0020758786516515,-0.0046758561219846,-0.001995098804076,1,-0.0087400656081256,0.2282704608328301
2007-05-09,FOMC_statement,https://www.federalreserve.gov/newsevents/pressreleases/monetary20070509a.htm,XLE,-0.0014786459422809,0.011087577241173,0.0111739731797581,4,0.0141944791761748,0.7872055776807528
2007-05-09,FOMC_statement,https://www.federalreserve.gov/newsevents/pressreleases/monetary20070509a.htm,XLF,0.0007937647151933,-0.0042282701536591,-0.0022569075622905,4,-0.006889111534777,0.3276050258291479
2007-05-09,FOMC_statement,https://www.federalreserve.gov/newsevents/pressreleases/monetary20070509a.htm,XLI,-0.0007988657063546,0.0004690802118096,0.000977620336974,1,0.0036386711129123,0.2686751032553578
2007-05-09,FOMC_statement,https://www.federalreserve.gov/newsevents/pressreleases/monetary20070509a.htm,XLK,-0.0053272465127341,0.0049636022040916,0.0050515124730393,2,0.007539894006063,0.669971284606556
2007-05-09,FOMC_statement,https://www.federalreserve.gov/newsevents/pressreleases/monetary20070509a.htm,XLP,0.0055976745115247,-0.0032412736963333,0.0065591250418864,5,0.0065591250418864,1.0
2007-05-09,FOMC_statement,https://www.federalreserve.gov/newsevents/pressreleases/monetary20070509a.htm,XLU,0.0031367168552733,0.0027386749237023,0.0034077447595446,4,0.0079012929177957,0.4312895110962791
2007-05-09,FOMC_statement,https://www.federalreserve.gov/newsevents/pressreleases/monetary20070509a.htm,XLV,0.0024827616460424,-0.0108263781092012,-0.0077017727450797,4,-0.0121965280725727,0.6314725550789563
2007-05-09,FOMC_statement,https://www.federalreserve.gov/newsevents/pressreleases/monetary20070509a.htm,XLY,0.0029791526181135,-0.002696303558611,-0.0097898075245053,5,-0.0097898075245053,1.0
2007-07-25,Beige_Book,https://www.federalreserve.gov/fomc/beigebook/2007/20070725/default.htm,XLB,0.00254218290438,-0.0032240435762316,-0.0039908022906057,2,-0.0127609323105353,0.3127359501241875
2007-07-25,Beige_Book,https://www.federalreserve.gov/fomc/beigebook/2007/20070725/default.htm,XLE,0.0115958711757019,-0.0216518391814621,-0.0201470893746297,2,-0.0232347527084304,0.8671101271208974
2007-07-25,Beige_Book,https://www.federalreserve.gov/fomc/beigebook/2007/20070725/default.htm,XLF,0.0077797958280669,0.0073108574696421,-0.0132089082638442,4,-0.0132089082638442,1.0
2007-07-25,Beige_Book,https://www.federalreserve.gov/fomc/beigebook/2007/20070725/default.htm,XLI,-0.0034956014845256,0.0097187663574898,0.0074654629335065,3,0.0097187663574898,0.7681492340592401
2007-07-25,Beige_Book,https://www.federalreserve.gov/fomc/beigebook/2007/20070725/default.htm,XLK,-0.0072814759614736,-0.0052062016623601,-0.0009382899007912,3,-0.0052062016623601,0.18022542376236922
2007-07-25,Beige_Book,https://www.federalreserve.gov/fomc/beigebook/2007/20070725/default.htm,XLP,-0.010041443113174,0.0018252799987442,0.0047876996262394,2,0.0152002611903133,0.3149748261753862
2007-07-25,Beige_Book,https://www.federalreserve.gov/fomc/beigebook/2007/20070725/default.htm,XLU,0.0126048710339641,-0.0108993983319802,-0.0014753858538729,3,-0.0108993983319802,0.1353639722978041
2007-07-25,Beige_Book,https://www.federalreserve.gov/fomc/beigebook/2007/20070725/default.htm,XLV,-0.0071999066283301,-0.0041355480896226,-0.0037551277679079,3,-0.0041355480896226,0.9080121150883735
2007-07-25,Beige_Book,https://www.federalreserve.gov/fomc/beigebook/2007/20070725/default.htm,XLY,-0.0016526356115619,-0.003079267394039,-0.0069870382373107,4,-0.0069870382373107,1.0
2007-09-05,Beige_Book,https://www.federalreserve.gov/fomc/beigebook/2007/20070905/default.htm,XLB,-0.0039521321590367,-0.0111226203642705,-0.0097558818190722,3,-0.0111226203642705,0.8771208132223309
2007-09-05,Beige_Book,https://www.federalreserve.gov/fomc/beigebook/2007/20070905/default.htm,XLE,-0.008091075824171,0.0057801756279173,0.0112253716778184,1,0.0129698916902771,0.8654946352584824
2007-09-05,Beige_Book,https://www.federalreserve.gov/fomc/beigebook/2007/20070905/default.htm,XLF,0.0023920422533454,-0.0074439574837618,-0.0087705132321304,1,-0.0097408956612438,0.9003805745528853
2007-09-05,Beige_Book,https://www.federalreserve.gov/fomc/beigebook/2007/20070905/default.htm,XLI,0.0055291580837182,0.001965610951813,-0.0006603811790687,2,-0.0007259884201905,0.9096304578734402
2007-09-05,Beige_Book,https://www.federalreserve.gov/fomc/beigebook/2007/20070905/default.htm,XLK,-0.0052646559283027,-0.0039888141480615,-0.001253181894627,3,-0.0039888141480615,0.3141740497576269
2007-09-05,Beige_Book,https://www.federalreserve.gov/fomc/beigebook/2007/20070905/default.htm,XLP,-0.0006851041705102,0.0090759596625568,0.0041266325919276,3,0.0090759596625568,0.45467727329729896
2007-09-05,Beige_Book,https://www.federalreserve.gov/fomc/beigebook/2007/20070905/default.htm,XLU,-0.0093339159559413,0.0081867255439256,0.003186468732732,3,0.0081867255439256,0.3892238374958473
2007-09-05,Beige_Book,https://www.federalreserve.gov/fomc/beigebook/2007/20070905/default.htm,XLV,0.001374493742676,0.0069215225481882,0.0028189796626072,3,0.0069215225481882,0.4072773935187288
2007-09-05,Beige_Book,https://www.federalreserve.gov/fomc/beigebook/2007/20070905/default.htm,XLY,0.0087527297090084,-0.0132425569785097,-0.0137019000387375,4,-0.0137019000387375,1.0
2007-09-18,FOMC_statement,https://www.federalreserve.gov/newsevents/pressreleases/monetary20070918a.htm,XLB,-0.0043594784680135,0.009603221614019,0.0126482393508893,4,0.0126482393508893,1.0
2007-09-18,FOMC_statement,https://www.federalreserve.gov/newsevents/pressreleases/monetary20070918a.htm,XLE,-0.0074411859702689,0.0124152869883172,0.0124082298560659,3,0.0124152869883172,0.9994315771952803
2007-09-18,FOMC_statement,https://www.federalreserve.gov/newsevents/pressreleases/monetary20070918a.htm,XLF,0.0040450440224403,-0.0035774860571561,-0.0156082547929701,4,-0.0156082547929701,1.0
2007-09-18,FOMC_statement,https://www.federalreserve.gov/newsevents/pressreleases/monetary20070918a.htm,XLI,0.0032269420753219,0.0075416826391041,-0.000214159583547,4,-0.000214159583547,1.0
2007-09-18,FOMC_statement,https://www.federalreserve.gov/newsevents/pressreleases/monetary20070918a.htm,XLK,-0.0049857824911492,0.013665723877968,0.012888516603398,3,0.013665723877968,0.9431272516911438
2007-09-18,FOMC_statement,https://www.federalreserve.gov/newsevents/pressreleases/monetary20070918a.htm,XLP,0.0004717175514635,0.0007474564504736,0.0018671527347733,2,0.0029403337903244,0.635013868465356
2007-09-18,FOMC_statement,https://www.federalreserve.gov/newsevents/pressreleases/monetary20070918a.htm,XLU,-0.0061278955136359,-0.0025252297842311,0.003037797905371,1,0.0051660108511915,0.5880355254519753
2007-09-18,FOMC_statement,https://www.federalreserve.gov/newsevents/pressreleases/monetary20070918a.htm,XLV,-0.0022102414358201,0.0061819220086213,0.0060496734898393,3,0.0061819220086213,0.9786072165586097
2007-09-18,FOMC_statement,https://www.federalreserve.gov/newsevents/pressreleases/monetary20070918a.htm,XLY,0.0068332727558388,-0.0191427151133172,-0.0256565253853633,4,-0.0256565253853633,1.0
2007-10-17,Beige_Book,https://www.federalreserve.gov/fomc/beigebook/2007/20071017/default.htm,XLB,0.0096972058974164,0.0025368448691318,0.0141163821132992,2,0.0157799376152277,0.8945778150400822
2007-10-17,Beige_Book,https://www.federalreserve.gov/fomc/beigebook/2007/20071017/default.htm,XLE,-0.0105066663862563,-0.0270836349526468,-0.0124991828166651,3,-0.0270836349526468,0.4615031489871559
2007-10-17,Beige_Book,https://www.federalreserve.gov/fomc/beigebook/2007/20071017/default.htm,XLF,0.0107323326779449,-0.0095619690153502,-0.0179011693724566,5,-0.0179011693724566,1.0
2007-10-17,Beige_Book,https://www.federalreserve.gov/fomc/beigebook/2007/20071017/default.htm,XLI,-0.0035454608675565,0.0026436923548831,0.0001496082765434,1,0.0063180179878714,0.023679621810289344
2007-10-17,Beige_Book,https://www.federalreserve.gov/fomc/beigebook/2007/20071017/default.htm,XLK,-0.0079356428982231,0.0090268651750493,0.0036109395268998,4,0.0119040860277408,0.3033361417655259
2007-10-17,Beige_Book,https://www.federalreserve.gov/fomc/beigebook/2007/20071017/default.htm,XLP,-0.0036709261066599,0.0165594069431632,0.0106675274358746,3,0.0165594069431632,0.6441974324617253
2007-10-17,Beige_Book,https://www.federalreserve.gov/fomc/beigebook/2007/20071017/default.htm,XLU,-0.0054956837245722,9.420953044381176e-05,-0.0066650644469965,4,-0.0075101716689561,0.8874716505545514
2007-10-17,Beige_Book,https://www.federalreserve.gov/fomc/beigebook/2007/20071017/default.htm,XLV,-0.0004066336441165,0.012187334432033,0.0102743831346876,2,0.0180000125483633,0.5707986651165877
2007-10-17,Beige_Book,https://www.federalreserve.gov/fomc/beigebook/2007/20071017/default.htm,XLY,-0.0047115718520378,0.0014311180939876,-0.0034358825590881,1,-0.0055246162394219,0.6219223942779477
2007-10-31,FOMC_statement,https://www.federalreserve.gov/newsevents/pressreleases/monetary20071031a.htm,XLB,0.0165952733616706,-0.0074967659185761,0.0018425386320317,4,0.0024892941382651,0.740185180894632
2007-10-31,FOMC_statement,https://www.federalreserve.gov/newsevents/pressreleases/monetary20071031a.htm,XLE,0.0270716862410743,0.0113150489304214,0.0174111861408312,4,0.0312129059471493,0.5578200943645677
2007-10-31,FOMC_statement,https://www.federalreserve.gov/newsevents/pressreleases/monetary20071031a.htm,XLF,0.0084429425739007,-0.0443035817496537,-0.068177625053127,5,-0.068177625053127,1.0
2007-10-31,FOMC_statement,https://www.federalreserve.gov/newsevents/pressreleases/monetary20071031a.htm,XLI,0.0019336113158081,0.017676924985497,0.0232101813760283,5,0.0232101813760283,1.0
2007-10-31,FOMC_statement,https://www.federalreserve.gov/newsevents/pressreleases/monetary20071031a.htm,XLK,-0.0087261098263127,0.0196881870771914,0.0120247378168887,3,0.0196881870771914,0.6107590185801952
2007-10-31,FOMC_statement,https://www.federalreserve.gov/newsevents/pressreleases/monetary20071031a.htm,XLP,-0.0027096788492158,0.0180668596118834,0.0277601131652578,5,0.0277601131652578,1.0
2007-10-31,FOMC_statement,https://www.federalreserve.gov/newsevents/pressreleases/monetary20071031a.htm,XLU,-0.0081358632672037,0.0285439225926097,0.0205143739268599,3,0.0285439225926097,0.7186949817531831
2007-10-31,FOMC_statement,https://www.federalreserve.gov/newsevents/pressreleases/monetary20071031a.htm,XLV,-0.0058252945285824,0.0126223486575862,0.0091187181691168,3,0.0126223486575862,0.7224264213012631
2007-10-31,FOMC_statement,https://www.federalreserve.gov/newsevents/pressreleases/monetary20071031a.htm,XLY,-0.0039405669282378,-0.0094920519515615,-0.0073430765223605,4,-0.0141528980752938,0.5188390733329057
2007-11-28,Beige_Book,https://www.federalreserve.gov/fomc/beigebook/2007/20071128/default.htm,XLB,0.003480881277325,0.0106436649111822,0.0135494797536721,4,0.0135494797536721,1.0
2007-11-28,Beige_Book,https://www.federalreserve.gov/fomc/beigebook/2007/20071128/default.htm,XLE,0.0225440467942489,0.0140535829700989,0.0128225231546059,3,0.0140535829700989,0.9124024230609187
2007-11-28,Beige_Book,https://www.federalreserve.gov/fomc/beigebook/2007/20071128/default.htm,XLF,-0.0065336322131723,0.0040786362748487,-0.0055193715934604,1,-0.0091863215487429,0.6008249944414037
2007-11-28,Beige_Book,https://www.federalreserve.gov/fomc/beigebook/2007/20071128/default.htm,XLI,-0.0084690717259632,-0.0101342481728821,-0.0035033582179669,3,-0.0101342481728821,0.3456949305170383
2007-11-28,Beige_Book,https://www.federalreserve.gov/fomc/beigebook/2007/20071128/default.htm,XLK,0.0003999248974495,-0.0102503713744913,-0.0051436745862113,2,-0.0107494730133018,0.4785048141286856
2007-11-28,Beige_Book,https://www.federalreserve.gov/fomc/beigebook/2007/20071128/default.htm,XLP,0.0008741969198291,-0.001027089028578,0.0065359140380918,4,0.0065359140380918,1.0
2007-11-28,Beige_Book,https://www.federalreserve.gov/fomc/beigebook/2007/20071128/default.htm,XLU,0.0076709747799892,0.0058369866512226,0.0219597584495395,4,0.0219597584495395,1.0
2007-11-28,Beige_Book,https://www.federalreserve.gov/fomc/beigebook/2007/20071128/default.htm,XLV,-0.0013967488096902,-0.0026598309809107,0.0060028505263016,4,0.0060028505263016,1.0
2007-11-28,Beige_Book,https://www.federalreserve.gov/fomc/beigebook/2007/20071128/default.htm,XLY,-0.0044181570614556,-0.0042148660265669,0.0015323176322321,4,0.0015323176322321,1.0
2007-12-11,FOMC_statement,https://www.federalreserve.gov/newsevents/pressreleases/monetary20071211a.htm,XLB,-0.0064265335947113,0.0085008644261376,-0.0127396477677361,4,-0.0127396477677361,1.0
2007-12-11,FOMC_statement,https://www.federalreserve.gov/newsevents/pressreleases/monetary20071211a.htm,XLE,-0.0023554854519602,0.0240202207820009,0.0203691958502399,2,0.0273020057414742,0.7460695761006768
2007-12-11,FOMC_statement,https://www.federalreserve.gov/newsevents/pressreleases/monetary20071211a.htm,XLF,-0.0134006588841235,-0.0250452520668156,-0.021337671687643,3,-0.0250452520668156,0.8519647408905475
2007-12-11,FOMC_statement,https://www.federalreserve.gov/newsevents/pressreleases/monetary20071211a.htm,XLI,0.0030380050369798,0.0116494263203641,0.0079259532341116,3,0.0116494263203641,0.680372836923001
2007-12-11,FOMC_statement,https://www.federalreserve.gov/newsevents/pressreleases/monetary20071211a.htm,XLK,0.0029201646562726,0.0106863626302211,0.0058972923738261,3,0.0106863626302211,0.5518521669055586
2007-12-11,FOMC_statement,https://www.federalreserve.gov/newsevents/pressreleases/monetary20071211a.htm,XLP,0.0067341567720649,-0.0001820644835525,0.007195741055278,4,0.007195741055278,1.0
2007-12-11,FOMC_statement,https://www.federalreserve.gov/newsevents/pressreleases/monetary20071211a.htm,XLU,0.0032264523043341,0.0012382510699283,0.0062438804373768,2,0.0071955865327685,0.8677375234030392
2007-12-11,FOMC_statement,https://www.federalreserve.gov/newsevents/pressreleases/monetary20071211a.htm,XLV,0.0058482512780713,-0.0102882874491539,-0.0066631466245766,3,-0.0102882874491539,0.6476439016217972
2007-12-11,FOMC_statement,https://www.federalreserve.gov/newsevents/pressreleases/monetary20071211a.htm,XLY,0.0071799662254756,-0.0114093618927524,-0.0064629949080349,3,-0.0114093618927524,0.5664641869358537
2008-04-16,Beige_Book,https://www.federalreserve.gov/fomc/beigebook/2008/20080416/default.htm,XLB,-0.0031481153161394,-0.0094350167107253,-0.027010985765266,5,-0.027010985765266,1.0
2008-04-16,Beige_Book,https://www.federalreserve.gov/fomc/beigebook/2008/20080416/default.htm,XLE,-0.0029658721743932,0.0134186083511117,0.0120863078561634,4,0.0182945538747899,0.6606505924595663
2008-04-16,Beige_Book,https://www.federalreserve.gov/fomc/beigebook/2008/20080416/default.htm,XLF,-0.0078554920596192,0.0114001253241502,-0.0030316529625233,5,-0.0030316529625233,1.0
2008-04-16,Beige_Book,https://www.federalreserve.gov/fomc/beigebook/2008/20080416/default.htm,XLI,-0.0023319201865061,0.0026249010855616,-0.0068183454829092,1,-0.0131502329161853,0.5184961761792967
2008-04-16,Beige_Book,https://www.federalreserve.gov/fomc/beigebook/2008/20080416/default.htm,XLK,0.002331928066638,0.0109834306867431,0.0182639267237231,5,0.0182639267237231,1.0
2008-04-16,Beige_Book,https://www.federalreserve.gov/fomc/beigebook/2008/20080416/default.htm,XLP,-0.003787497619246,-0.0148660903007875,-0.0084727697789386,2,-0.0172221820604943,0.49196842474300373
2008-04-16,Beige_Book,https://www.federalreserve.gov/fomc/beigebook/2008/20080416/default.htm,XLU,-0.0086350079990831,-0.0163132326496813,-0.0118003708446318,3,-0.0163132326496813,0.7233618926450078
2008-04-16,Beige_Book,https://www.federalreserve.gov/fomc/beigebook/2008/20080416/default.htm,XLV,0.003287412501417,-0.0123300837831191,-0.0135937389472905,4,-0.0183933950254386,0.7390554559661208
2008-04-16,Beige_Book,https://www.federalreserve.gov/fomc/beigebook/2008/20080416/default.htm,XLY,0.0036354163449698,0.0111335680923254,0.0024712409730731,2,0.0116388650514613,0.2123266282533989
2008-04-30,FOMC_statement,https://www.federalreserve.gov/newsevents/pressreleases/monetary20080430a.htm,XLB,0.029050060313547,0.0071208276389357,0.013133333501838,5,0.013133333501838,1.0
2008-04-30,FOMC_statement,https://www.federalreserve.gov/newsevents/pressreleases/monetary20080430a.htm,XLE,0.0185849103374601,-0.0071722496438226,0.009849862401061,4,0.0106615745944549,0.9238656367122289
2008-04-30,FOMC_statement,https://www.federalreserve.gov/newsevents/pressreleases/monetary20080430a.htm,XLF,0.0082739475865353,0.0051356886020804,-0.0110400445567944,5,-0.0110400445567944,1.0
2008-04-30,FOMC_statement,https://www.federalreserve.gov/newsevents/pressreleases/monetary20080430a.htm,XLI,0.0053900870935923,-0.010850527925753,-0.0132405280954306,4,-0.015646855231476,0.846210174476165
2008-04-30,FOMC_statement,https://www.federalreserve.gov/newsevents/pressreleases/monetary20080430a.htm,XLK,-0.0135226909550912,0.0185321315755302,0.0222218763310552,5,0.0222218763310552,1.0
2008-04-30,FOMC_statement,https://www.federalreserve.gov/newsevents/pressreleases/monetary20080430a.htm,XLP,-0.0050066268399656,-0.0055396600282343,0.0004569678171134,5,0.0004569678171134,1.0
2008-04-30,FOMC_statement,https://www.federalreserve.gov/newsevents/pressreleases/monetary20080430a.htm,XLU,-0.0086955268852909,-0.0046373967656062,-0.0108281981082316,4,-0.0135476737947874,0.7992662262356697
2008-04-30,FOMC_statement,https://www.federalreserve.gov/newsevents/pressreleases/monetary20080430a.htm,XLV,0.0069979089557916,-0.00335180010952,-0.0048580031542779,4,-0.0138921900148014,0.34969311167655726
2008-04-30,FOMC_statement,https://www.federalreserve.gov/newsevents/pressreleases/monetary20080430a.htm,XLY,-0.0119842350768341,0.0256544946301297,0.0202578059320488,1,0.0368653238291512,0.5495084222216969
2008-06-11,Beige_Book,https://www.federalreserve.gov/fomc/beigebook/2008/20080611/default.htm,XLB,0.0077349592939542,0.0064524397041155,0.01972180117565,5,0.01972180117565,1.0
2008-06-11,Beige_Book,https://www.federalreserve.gov/fomc/beigebook/2008/20080611/default.htm,XLE,0.0196414610422831,-0.0167315196936438,0.0182672955882012,5,0.0182672955882012,1.0
2008-06-11,Beige_Book,https://www.federalreserve.gov/fomc/beigebook/2008/20080611/default.htm,XLF,-0.0080189457992675,0.0352287308467798,0.0039865082848475,3,0.0352287308467798,0.11316071254982212
2008-06-11,Beige_Book,https://www.federalreserve.gov/fomc/beigebook/2008/20080611/default.htm,XLI,0.0009068415463389,-0.0074023199878577,-0.0094195292418457,5,-0.0094195292418457,1.0
2008-06-11,Beige_Book,https://www.federalreserve.gov/fomc/beigebook/2008/20080611/default.htm,XLK,-0.0005184927322946,0.007440360390833,0.0072968678324706,4,0.0082069326871516,0.8891102328515798
2008-06-11,Beige_Book,https://www.federalreserve.gov/fomc/beigebook/2008/20080611/default.htm,XLP,-0.0067596236187755,-0.0216212116814183,-0.0214542298284575,3,-0.0216212116814183,0.9922769428734509
2008-06-11,Beige_Book,https://www.federalreserve.gov/fomc/beigebook/2008/20080611/default.htm,XLU,-0.0040055059267809,-0.0111656262837986,0.0051307353817912,5,0.0051307353817912,1.0
2008-06-11,Beige_Book,https://www.federalreserve.gov/fomc/beigebook/2008/20080611/default.htm,XLV,0.0046229455523176,-0.0064845299375235,-0.0058211564259836,1,-0.0122930700704586,0.4735315419678917
2008-06-11,Beige_Book,https://www.federalreserve.gov/fomc/beigebook/2008/20080611/default.htm,XLY,-0.0088185080655481,0.0128299835243159,-0.0047537368109116,5,-0.0047537368109116,1.0
2008-06-25,FOMC_statement,https://www.federalreserve.gov/newsevents/pressreleases/monetary20080625a.htm,XLB,0.0170149474953293,-0.0005713449406047,-0.0477369737851089,5,-0.0477369737851089,1.0
2008-06-25,FOMC_statement,https://www.federalreserve.gov/newsevents/pressreleases/monetary20080625a.htm,XLE,0.0169814061382737,0.0447438633385477,0.0327733426837014,4,0.0457997288392317,0.71557940438346
2008-06-25,FOMC_statement,https://www.federalreserve.gov/newsevents/pressreleases/monetary20080625a.htm,XLF,-0.0136167036057081,-0.0377473520717632,-0.0360305260347501,4,-0.0379111372790221,0.9503942276795629
2008-06-25,FOMC_statement,https://www.federalreserve.gov/newsevents/pressreleases/monetary20080625a.htm,XLI,0.009976390731419,-0.0069684393050616,-0.0241430729484756,5,-0.0241430729484756,1.0
2008-06-25,FOMC_statement,https://www.federalreserve.gov/newsevents/pressreleases/monetary20080625a.htm,XLK,-0.0007027777471605,-0.004537538537305,-0.0106972463969424,4,-0.0146466467388675,0.7303546393697979
2008-06-25,FOMC_statement,https://www.federalreserve.gov/newsevents/pressreleases/monetary20080625a.htm,XLP,-0.0053133023635104,-0.0045350917072891,0.0072318746966119,5,0.0072318746966119,1.0
2008-06-25,FOMC_statement,https://www.federalreserve.gov/newsevents/pressreleases/monetary20080625a.htm,XLU,0.0062825039244609,0.0152387178501458,0.0317200795902389,5,0.0317200795902389,1.0
2008-06-25,FOMC_statement,https://www.federalreserve.gov/newsevents/pressreleases/monetary20080625a.htm,XLV,-0.0056180411112835,0.0264404281180611,0.0335839230758482,5,0.0335839230758482,1.0
2008-06-25,FOMC_statement,https://www.federalreserve.gov/newsevents/pressreleases/monetary20080625a.htm,XLY,-0.0060515664342003,-0.0157815244743572,-0.0254352939926201,4,-0.0315476065175693,0.8062511486712892
2008-07-23,Beige_Book,https://www.federalreserve.gov/fomc/beigebook/2008/20080723/default.htm,XLB,0.0098607242069008,0.0106457880618775,0.0090525933794829,3,0.0106457880618775,0.8503450685722534
2008-07-23,Beige_Book,https://www.federalreserve.gov/fomc/beigebook/2008/20080723/default.htm,XLE,0.044551554801644,0.0398622985523275,0.0066344625157427,3,0.0398622985523275,0.16643451975137855
2008-07-23,Beige_Book,https://www.federalreserve.gov/fomc/beigebook/2008/20080723/default.htm,XLF,-0.0725106741418342,-0.0823508370668073,-0.0227573684782165,3,-0.0823508370668073,0.276346535005522
2008-07-23,Beige_Book,https://www.federalreserve.gov/fomc/beigebook/2008/20080723/default.htm,XLI,-0.0008893707275503,-0.002734631689097,0.0136211146177644,4,0.0136211146177644,1.0
2008-07-23,Beige_Book,https://www.federalreserve.gov/fomc/beigebook/2008/20080723/default.htm,XLK,0.0167136469538498,0.0030656957281774,0.0018144517921828,2,0.009421617231791,0.19258390014618354
2008-07-23,Beige_Book,https://www.federalreserve.gov/fomc/beigebook/2008/20080723/default.htm,XLP,-0.0062119449973183,0.0154722502320098,0.0175574871448541,4,0.0175574871448541,1.0
2008-07-23,Beige_Book,https://www.federalreserve.gov/fomc/beigebook/2008/20080723/default.htm,XLU,0.0146601658046245,0.0243926881936134,0.0043670691534984,3,0.0243926881936134,0.17903189344427423
2008-07-23,Beige_Book,https://www.federalreserve.gov/fomc/beigebook/2008/20080723/default.htm,XLV,-0.0024635943103985,0.0325494162221132,0.0213207390541799,3,0.0325494162221132,0.6550267724831009
2008-07-23,Beige_Book,https://www.federalreserve.gov/fomc/beigebook/2008/20080723/default.htm,XLY,-0.0152512803323305,-0.024841162416607,-0.0105302363719309,3,-0.024841162416607,0.4239027222369895
2008-08-05,FOMC_statement,https://www.federalreserve.gov/newsevents/pressreleases/monetary20080805a.htm,XLB,0.0341058508887266,-0.0054649520448097,-0.0145233428192943,4,-0.0145233428192943,1.0
2008-08-05,FOMC_statement,https://www.federalreserve.gov/newsevents/pressreleases/monetary20080805a.htm,XLE,0.037775770407026,-0.0138408378802246,-0.0246217324838612,4,-0.0246217324838612,1.0
2008-08-05,FOMC_statement,https://www.federalreserve.gov/newsevents/pressreleases/monetary20080805a.htm,XLF,-0.0009519526274838,-0.033222318358889,-0.0267153918460073,2,-0.0490589316054722,0.5445571473274272
2008-08-05,FOMC_statement,https://www.federalreserve.gov/newsevents/pressreleases/monetary20080805a.htm,XLI,-0.0048944427457263,0.0118639741188673,0.0040257720157561,1,0.0146752324931884,0.2743242410384086
2008-08-05,FOMC_statement,https://www.federalreserve.gov/newsevents/pressreleases/monetary20080805a.htm,XLK,-0.0142513891000932,0.0234731741644221,0.0195388828336481,3,0.0234731741644221,0.8323920189397673
2008-08-05,FOMC_statement,https://www.federalreserve.gov/newsevents/pressreleases/monetary20080805a.htm,XLP,-0.0184143645294436,0.0040148012827536,0.0024571557531516,1,0.0062433568759319,0.39356323881210753
2008-08-05,FOMC_statement,https://www.federalreserve.gov/newsevents/pressreleases/monetary20080805a.htm,XLU,0.001540274478053,-0.0005489997768249,0.0001233851906593,2,0.0150636912588254,0.008190900127949187
2008-08-05,FOMC_statement,https://www.federalreserve.gov/newsevents/pressreleases/monetary20080805a.htm,XLV,-0.0177882453499964,0.0011451651863844,-0.008312147869172,4,-0.008312147869172,1.0
2008-08-05,FOMC_statement,https://www.federalreserve.gov/newsevents/pressreleases/monetary20080805a.htm,XLY,-0.0167075825790616,0.0148034192480015,0.0350566481417522,4,0.0350566481417522,1.0
2008-09-03,Beige_Book,https://www.federalreserve.gov/fomc/beigebook/2008/20080903/default.htm,XLB,0.0189457094910578,-0.0300367061716194,-0.0321121371444761,4,-0.0321121371444761,1.0
2008-09-03,Beige_Book,https://www.federalreserve.gov/fomc/beigebook/2008/20080903/default.htm,XLE,0.0487109212044126,-0.0271208782795217,-0.0666014892357796,4,-0.0666014892357796,1.0
2008-09-03,Beige_Book,https://www.federalreserve.gov/fomc/beigebook/2008/20080903/default.htm,XLF,-0.0202171907277111,0.0368120203715661,0.0025665653421275,3,0.0368120203715661,0.06972084977193851
2008-09-03,Beige_Book,https://www.federalreserve.gov/fomc/beigebook/2008/20080903/default.htm,XLI,-0.0064955831642543,-0.0123102956501278,-0.0120688915725355,3,-0.0123102956501278,0.9803900666195784
2008-09-03,Beige_Book,https://www.federalreserve.gov/fomc/beigebook/2008/20080903/default.htm,XLK,-0.0004976097970802,-0.0174544081345831,-0.00521376206204,3,-0.0174544081345831,0.2987074681558391
2008-09-03,Beige_Book,https://www.federalreserve.gov/fomc/beigebook/2008/20080903/default.htm,XLP,-0.0172285755367525,0.0303843910940757,0.054885069426755,4,0.054885069426755,1.0
2008-09-03,Beige_Book,https://www.federalreserve.gov/fomc/beigebook/2008/20080903/default.htm,XLU,0.0060027480217705,-0.0021347419183854,-0.0038690375401262,2,-0.0066263488108169,0.5838867905369477
2008-09-03,Beige_Book,https://www.federalreserve.gov/fomc/beigebook/2008/20080903/default.htm,XLV,-0.0043715116288648,-0.0043540352885874,0.0166861625594599,4,0.0166861625594599,1.0
2008-09-03,Beige_Book,https://www.federalreserve.gov/fomc/beigebook/2008/20080903/default.htm,XLY,-0.0258843653231459,0.0202664682962219,0.0309967940190324,4,0.0309967940190324,1.0
2008-09-16,FOMC_statement,https://www.federalreserve.gov/newsevents/pressreleases/monetary20080916a.htm,XLB,-0.0060938136261231,0.0203200622106107,0.0301586868656213,4,0.0301586868656213,1.0
2008-09-16,FOMC_statement,https://www.federalreserve.gov/newsevents/pressreleases/monetary20080916a.htm,XLE,0.0290137978403569,0.0531108856480795,0.0582059832641669,4,0.0582059832641669,1.0
2008-09-16,FOMC_statement,https://www.federalreserve.gov/newsevents/pressreleases/monetary20080916a.htm,XLF,0.0498143714779533,0.0874429409881889,0.0283122417810519,3,0.0874429409881889,0.3237796151535673
2008-09-16,FOMC_statement,https://www.federalreserve.gov/newsevents/pressreleases/monetary20080916a.htm,XLI,-0.0074212938126639,-0.0096041092409362,-0.0135429877394273,4,-0.0135429877394273,1.0
2008-09-16,FOMC_statement,https://www.federalreserve.gov/newsevents/pressreleases/monetary20080916a.htm,XLK,0.000691064845837,-0.0299327525758588,-0.033193124160049,4,-0.033193124160049,1.0
2008-09-16,FOMC_statement,https://www.federalreserve.gov/newsevents/pressreleases/monetary20080916a.htm,XLP,-0.035577982256793,-0.0559014860766523,-0.0386773843969134,3,-0.0559014860766523,0.6918847263537653
2008-09-16,FOMC_statement,https://www.federalreserve.gov/newsevents/pressreleases/monetary20080916a.htm,XLU,-0.0127717087682996,-0.004054007909176,-0.0062724008867323,4,-0.0062724008867323,1.0
2008-09-16,FOMC_statement,https://www.federalreserve.gov/newsevents/pressreleases/monetary20080916a.htm,XLV,-0.0198074041625855,-0.016437852391978,-0.017570149645109,4,-0.017570149645109,1.0
2008-09-16,FOMC_statement,https://www.federalreserve.gov/newsevents/pressreleases/monetary20080916a.htm,XLY,-0.0139311576363753,-0.0246392707322691,-0.0430593854310503,4,-0.0430593854310503,1.0
2008-10-29,FOMC_statement,https://www.federalreserve.gov/newsevents/pressreleases/monetary20081029a.htm,XLB,-0.0090883177971876,-0.0049162966957748,0.0081925338008213,5,0.0081925338008213,1.0
2008-10-29,FOMC_statement,https://www.federalreserve.gov/newsevents/pressreleases/monetary20081029a.htm,XLE,-0.0356163427594244,-0.006945049456664,0.0208451770183381,2,0.0268800799939268,0.7754879086315143
2008-10-29,FOMC_statement,https://www.federalreserve.gov/newsevents/pressreleases/monetary20081029a.htm,XLF,-0.0402013024975906,0.0463620917614648,0.0192305308891909,4,0.068718670721142,0.27984433760699085
2008-10-29,FOMC_statement,https://www.federalreserve.gov/newsevents/pressreleases/monetary20081029a.htm,XLI,0.0142198228387495,0.0093100354835465,0.0191800386282591,2,0.0292786979824499,0.6550850942810337
2008-10-29,FOMC_statement,https://www.federalreserve.gov/newsevents/pressreleases/monetary20081029a.htm,XLK,-0.0221277486155906,-0.0118079212846984,-0.02223885795509,5,-0.02223885795509,1.0
2008-10-29,FOMC_statement,https://www.federalreserve.gov/newsevents/pressreleases/monetary20081029a.htm,XLP,0.0479985745617403,0.0082477455945263,0.0132867668170831,5,0.0132867668170831,1.0
2008-10-29,FOMC_statement,https://www.federalreserve.gov/newsevents/pressreleases/monetary20081029a.htm,XLU,0.0160974115596126,-0.0034000543873284,0.00499341399618,1,0.0212180266114196,0.23533828511142177
2008-10-29,FOMC_statement,https://www.federalreserve.gov/newsevents/pressreleases/monetary20081029a.htm,XLV,0.0538466418721885,-0.0112296287186535,-0.0048571581094722,4,-0.0321519512474373,0.15106884406772494
2008-10-29,FOMC_statement,https://www.federalreserve.gov/newsevents/pressreleases/monetary20081029a.htm,XLY,0.0191030631215722,-0.0006184220880989,-0.0083183283993857,5,-0.0083183283993857,1.0
2008-12-03,Beige_Book,https://www.federalreserve.gov/fomc/beigebook/2008/20081203/default.htm,XLB,-0.0002124894116211,0.031177277082126,0.0370579170811247,4,0.0370579170811247,1.0
2008-12-03,Beige_Book,https://www.federalreserve.gov/fomc/beigebook/2008/20081203/default.htm,XLE,0.0046550097689797,-0.0467019434797848,-0.0202445562637979,2,-0.0561722674195177,0.3604012654964271
2008-12-03,Beige_Book,https://www.federalreserve.gov/fomc/beigebook/2008/20081203/default.htm,XLF,-0.0430326149090996,0.0928795326698561,0.0691283964722154,3,0.0928795326698561,0.7442801926871765
2008-12-03,Beige_Book,https://www.federalreserve.gov/fomc/beigebook/2008/20081203/default.htm,XLI,-0.0077208212644388,-0.0121021532611178,-0.0132530552270268,4,-0.0132530552270268,1.0
2008-12-03,Beige_Book,https://www.federalreserve.gov/fomc/beigebook/2008/20081203/default.htm,XLK,0.0031483162642669,0.0029012292203446,0.0130273877004029,4,0.0130273877004029,1.0
2008-12-03,Beige_Book,https://www.federalreserve.gov/fomc/beigebook/2008/20081203/default.htm,XLP,0.023972481696213,-0.0213548866591479,-0.0241669235947382,4,-0.0241669235947382,1.0
2008-12-03,Beige_Book,https://www.federalreserve.gov/fomc/beigebook/2008/20081203/default.htm,XLU,0.0125241792417187,-0.0562094513833181,-0.0538983020756062,3,-0.0562094513833181,0.9588832616075345
2008-12-03,Beige_Book,https://www.federalreserve.gov/fomc/beigebook/2008/20081203/default.htm,XLV,0.0126808236678463,-0.0195298463110996,-0.0188013430277583,3,-0.0195298463110996,0.9626979510367544
2008-12-03,Beige_Book,https://www.federalreserve.gov/fomc/beigebook/2008/20081203/default.htm,XLY,-0.0080397497444508,0.0349811797680733,0.0313553496501805,3,0.0349811797680733,0.8963491185279567
2008-12-16,FOMC_statement,https://www.federalreserve.gov/newsevents/pressreleases/monetary20081216b.htm,XLB,-0.0117696248369622,-0.0254195731635138,-0.0490410305260443,4,-0.0490410305260443,1.0
2008-12-16,FOMC_statement,https://www.federalreserve.gov/newsevents/pressreleases/monetary20081216b.htm,XLE,-0.0081342479713212,-0.033500858515239,-0.0504696728298933,4,-0.0504696728298933,1.0
2008-12-16,FOMC_statement,https://www.federalreserve.gov/newsevents/pressreleases/monetary20081216b.htm,XLF,0.0272862110281798,-0.0076959534217029,-0.03004142400022,4,-0.03004142400022,1.0
2008-12-16,FOMC_statement,https://www.federalreserve.gov/newsevents/pressreleases/monetary20081216b.htm,XLI,-0.013485003419015,0.0090715325000629,0.0063843703338419,1,0.0101141367918364,0.6312323498526368
2008-12-16,FOMC_statement,https://www.federalreserve.gov/newsevents/pressreleases/monetary20081216b.htm,XLK,-0.0028587321606388,-0.0061836212666107,-0.0071224120091941,2,-0.0191384662025223,0.3721516621982707
2008-12-16,FOMC_statement,https://www.federalreserve.gov/newsevents/pressreleases/monetary20081216b.htm,XLP,-0.0130699936964671,0.0228855467122789,0.0382821445767583,4,0.0382821445767583,1.0
2008-12-16,FOMC_statement,https://www.federalreserve.gov/newsevents/pressreleases/monetary20081216b.htm,XLU,0.0016368244527553,0.016780477290609,0.0162981265598111,3,0.016780477290609,0.9712552436712963
2008-12-16,FOMC_statement,https://www.federalreserve.gov/newsevents/pressreleases/monetary20081216b.htm,XLV,-0.0119439013169431,0.0399605932405429,0.0458748952326016,4,0.0458748952326016,1.0
2008-12-16,FOMC_statement,https://www.federalreserve.gov/newsevents/pressreleases/monetary20081216b.htm,XLY,-0.010590840042244,0.0059485116263324,-0.0080864739023389,4,-0.0080864739023389,1.0
2009-01-14,Beige_Book,https://www.federalreserve.gov/fomc/beigebook/2009/20090114/default.htm,XLB,-0.0035240368534785,0.0290427133425026,0.021111244367975,2,0.0326005994819897,0.6475722748484417
2009-01-14,Beige_Book,https://www.federalreserve.gov/fomc/beigebook/2009/20090114/default.htm,XLE,-0.0232023169729869,0.0118368976409515,0.0358255308958654,4,0.0358255308958654,1.0
2009-01-14,Beige_Book,https://www.federalreserve.gov/fomc/beigebook/2009/20090114/default.htm,XLF,-0.0118587034703561,-0.1966285284338332,-0.0925437809263899,3,-0.1966285284338332,0.4706528684495114
2009-01-14,Beige_Book,https://www.federalreserve.gov/fomc/beigebook/2009/20090114/default.htm,XLI,0.0190059434740937,0.0131545917868425,-0.0045692514763424,4,-0.0045692514763424,1.0
2009-01-14,Beige_Book,https://www.federalreserve.gov/fomc/beigebook/2009/20090114/default.htm,XLK,0.0064245658269702,0.0173031074166245,0.0222613211287256,4,0.0222613211287256,1.0
2009-01-14,Beige_Book,https://www.federalreserve.gov/fomc/beigebook/2009/20090114/default.htm,XLP,-0.004243836032381,0.0464971576702823,0.008155246383497,3,0.0464971576702823,0.1753923635790163
2009-01-14,Beige_Book,https://www.federalreserve.gov/fomc/beigebook/2009/20090114/default.htm,XLU,0.0207469517152886,0.0523904663284697,0.0204653590312489,3,0.0523904663284697,0.3906313584410251
2009-01-14,Beige_Book,https://www.federalreserve.gov/fomc/beigebook/2009/20090114/default.htm,XLV,-0.006683284162998,0.0359643273724538,0.0140060584706737,3,0.0359643273724538,0.3894430813518113
2009-01-14,Beige_Book,https://www.federalreserve.gov/fomc/beigebook/2009/20090114/default.htm,XLY,0.0147220564367863,0.0223312205198996,0.009551660033875,2,0.0282544094052195,0.33805909360506753
2009-01-28,FOMC_statement,https://www.federalreserve.gov/newsevents/pressreleases/monetary20090128a.htm,XLB,0.0028007527373534,-0.0246945472304537,-0.0022902388055774,3,-0.0246945472304537,0.09274269271691857
2009-01-28,FOMC_statement,https://www.federalreserve.gov/newsevents/pressreleases/monetary20090128a.htm,XLE,0.0084886397888572,-0.0092767694044949,0.0082675097262432,5,0.0082675097262432,1.0
2009-01-28,FOMC_statement,https://www.federalreserve.gov/newsevents/pressreleases/monetary20090128a.htm,XLF,-0.0249494652677697,-0.0500739226663593,-0.0886482022067737,5,-0.0886482022067737,1.0
2009-01-28,FOMC_statement,https://www.federalreserve.gov/newsevents/pressreleases/monetary20090128a.htm,XLI,-0.0080501532399375,-0.0249086980589405,-0.0210517229692178,3,-0.0249086980589405,0.8451554922462794
2009-01-28,FOMC_statement,https://www.federalreserve.gov/newsevents/pressreleases/monetary20090128a.htm,XLK,0.004185835538466,0.0122784097877012,0.0225910002790089,5,0.0225910002790089,1.0
2009-01-28,FOMC_statement,https://www.federalreserve.gov/newsevents/pressreleases/monetary20090128a.htm,XLP,0.0048720946485274,0.0079703763879536,-0.0065061682488671,5,-0.0065061682488671,1.0
2009-01-28,FOMC_statement,https://www.federalreserve.gov/newsevents/pressreleases/monetary20090128a.htm,XLU,0.0054053418961894,0.0340425930216374,0.0368694057988018,5,0.0368694057988018,1.0
2009-01-28,FOMC_statement,https://www.federalreserve.gov/newsevents/pressreleases/monetary20090128a.htm,XLV,-0.0106591980805301,0.0376465899197179,0.0498223325830472,5,0.0498223325830472,1.0
2009-01-28,FOMC_statement,https://www.federalreserve.gov/newsevents/pressreleases/monetary20090128a.htm,XLY,0.0131854234279085,-0.018553235628846,-0.0213252459955726,5,-0.0213252459955726,1.0
2009-03-04,Beige_Book,https://www.federalreserve.gov/fomc/beigebook/2009/20090304/default.htm,XLB,-0.0113781504158652,0.0190761611872896,0.0387337673029741,5,0.0387337673029741,1.0
2009-03-04,Beige_Book,https://www.federalreserve.gov/fomc/beigebook/2009/20090304/default.htm,XLE,-0.0124914424822333,0.0195109554755475,-7.979781842637479e-05,1,-0.0032483904860584,0.024565340518282804
2009-03-04,Beige_Book,https://www.federalreserve.gov/fomc/beigebook/2009/20090304/default.htm,XLF,0.0121561981148961,-0.0401535036739474,0.0687121348106322,5,0.0687121348106322,1.0
2009-03-04,Beige_Book,https://www.federalreserve.gov/fomc/beigebook/2009/20090304/default.htm,XLI,2.253806602348085e-06,-0.0076751310892586,0.0114087779989076,5,0.0114087779989076,1.0
2009-03-04,Beige_Book,https://www.federalreserve.gov/fomc/beigebook/2009/20090304/default.htm,XLK,0.0019277986447308,-0.006183476754636,0.0073577175689154,2,0.0135649273592882,0.5424074434042148
2009-03-04,Beige_Book,https://www.federalreserve.gov/fomc/beigebook/2009/20090304/default.htm,XLP,0.0045111448609277,0.0158146369023804,-0.0327713816527502,5,-0.0327713816527502,1.0
2009-03-04,Beige_Book,https://www.federalreserve.gov/fomc/beigebook/2009/20090304/default.htm,XLU,0.0283384133900811,0.0021181119001566,-0.052547397845779,5,-0.052547397845779,1.0
2009-03-04,Beige_Book,https://www.federalreserve.gov/fomc/beigebook/2009/20090304/default.htm,XLV,-0.0052330010939632,0.020443751029171,-0.0276575159113557,5,-0.0276575159113557,1.0
2009-03-04,Beige_Book,https://www.federalreserve.gov/fomc/beigebook/2009/20090304/default.htm,XLY,0.0001992675117065,-0.0081545325809754,0.0029658680685399,5,0.0029658680685399,1.0
2009-03-18,FOMC_statement,https://www.federalreserve.gov/newsevents/pressreleases/monetary20090318a.htm,XLB,0.0218738004321459,0.012668871779613,0.0267730069059065,4,0.0283541358614468,0.944236390653324
2009-03-18,FOMC_statement,https://www.federalreserve.gov/newsevents/pressreleases/monetary20090318a.htm,XLE,-0.0039164391282797,0.0292053772966757,0.0146360770245376,1,0.0365207168398944,0.40076094586811295
2009-03-18,FOMC_statement,https://www.federalreserve.gov/newsevents/pressreleases/monetary20090318a.htm,XLF,-0.0341747252366586,-0.0038499907017665,-0.0099562992626066,2,-0.0966408597137379,0.1030237033496844
2009-03-18,FOMC_statement,https://www.federalreserve.gov/newsevents/pressreleases/monetary20090318a.htm,XLI,0.001339774054885,-0.0060304521833299,0.0031922707588051,4,0.0056298296648619,0.5670279473514775
2009-03-18,FOMC_statement,https://www.federalreserve.gov/newsevents/pressreleases/monetary20090318a.htm,XLK,-0.0057935034845673,0.0083835084209414,0.0069631350907056,2,0.0210362368737085,0.3310066877697247
2009-03-18,FOMC_statement,https://www.federalreserve.gov/newsevents/pressreleases/monetary20090318a.htm,XLP,0.0119048368997025,-0.016641461573888,-0.0023145860452786,3,-0.016641461573888,0.13908550249639134
2009-03-18,FOMC_statement,https://www.federalreserve.gov/newsevents/pressreleases/monetary20090318a.htm,XLU,0.0149190501109537,0.0080812420281509,-0.0047981806629493,5,-0.0047981806629493,1.0
2009-03-18,FOMC_statement,https://www.federalreserve.gov/newsevents/pressreleases/monetary20090318a.htm,XLV,0.0150823946514144,-0.0256753969975708,-0.0229858922596806,3,-0.0256753969975708,0.8952497311669744
2009-03-18,FOMC_statement,https://www.federalreserve.gov/newsevents/pressreleases/monetary20090318a.htm,XLY,-0.0177587799910527,0.0015857562358276,0.0047949768219865,4,0.0081974669791939,0.584933959985041
2009-04-15,Beige_Book,https://www.federalreserve.gov/fomc/beigebook/2009/20090415/default.htm,XLB,0.001389115801382,-0.0178401909825777,-0.0064862015401087,3,-0.0178401909825777,0.3635724273603892
2009-04-15,Beige_Book,https://www.federalreserve.gov/fomc/beigebook/2009/20090415/default.htm,XLE,-0.0145833165927027,-0.0115700630371095,-0.0158315596846867,5,-0.0158315596846867,1.0
2009-04-15,Beige_Book,https://www.federalreserve.gov/fomc/beigebook/2009/20090415/default.htm,XLF,0.048640274047433,-0.0672415091604777,-0.0425531851430516,3,-0.0672415091604777,0.6328410185068084
2009-04-15,Beige_Book,https://www.federalreserve.gov/fomc/beigebook/2009/20090415/default.htm,XLI,-0.0026383009067038,0.0097931829979511,0.0361313665198914,5,0.0361313665198914,1.0
2009-04-15,Beige_Book,https://www.federalreserve.gov/fomc/beigebook/2009/20090415/default.htm,XLK,-0.0064849787979017,0.0166390559628385,0.0250580852385385,5,0.0250580852385385,1.0
2009-04-15,Beige_Book,https://www.federalreserve.gov/fomc/beigebook/2009/20090415/default.htm,XLP,-0.0033615570713592,0.0194563011733982,0.0029354253879295,3,0.0194563011733982,0.15087273586939465
2009-04-15,Beige_Book,https://www.federalreserve.gov/fomc/beigebook/2009/20090415/default.htm,XLU,-0.00441868061128,0.014769617889068,-0.0056790670586955,2,-0.0158963851327482,0.35725525088065674
2009-04-15,Beige_Book,https://www.federalreserve.gov/fomc/beigebook/2009/20090415/default.htm,XLV,-0.0127211876899833,0.0171103994803112,-0.0166135506762283,5,-0.0166135506762283,1.0
2009-04-15,Beige_Book,https://www.federalreserve.gov/fomc/beigebook/2009/20090415/default.htm,XLY,0.0051096877064995,0.0293784727823279,0.0425656048885968,5,0.0425656048885968,1.0
2009-04-29,FOMC_statement,https://www.federalreserve.gov/newsevents/pressreleases/monetary20090429a.htm,XLB,0.00214980086575,0.0469856390247505,0.031246351979475,3,0.0469856390247505,0.6650191979514303
2009-04-29,FOMC_statement,https://www.federalreserve.gov/newsevents/pressreleases/monetary20090429a.htm,XLE,-0.0053575556040851,0.0160390586652378,0.0274583507617146,5,0.0274583507617146,1.0
2009-04-29,FOMC_statement,https://www.federalreserve.gov/newsevents/pressreleases/monetary20090429a.htm,XLF,0.027523790801026,0.0404262171288064,0.0915947613406126,5,0.0915947613406126,1.0
2009-04-29,FOMC_statement,https://www.federalreserve.gov/newsevents/pressreleases/monetary20090429a.htm,XLI,0.0086311291595758,0.007707057766493,0.0126606153831035,4,0.014198922255011,0.8916603074318117
2009-04-29,FOMC_statement,https://www.federalreserve.gov/newsevents/pressreleases/monetary20090429a.htm,XLK,-0.0025576317075272,-0.0051927259170663,-0.0196428495775601,5,-0.0196428495775601,1.0
2009-04-29,FOMC_statement,https://www.federalreserve.gov/newsevents/pressreleases/monetary20090429a.htm,XLP,-0.0077683845485746,-0.02433165200672,-0.0404308802578818,5,-0.0404308802578818,1.0
2009-04-29,FOMC_statement,https://www.federalreserve.gov/newsevents/pressreleases/monetary20090429a.htm,XLU,-0.0070608775435486,0.0024172286765946,-0.0193154538809043,5,-0.0193154538809043,1.0
2009-04-29,FOMC_statement,https://www.federalreserve.gov/newsevents/pressreleases/monetary20090429a.htm,XLV,-0.0068920576765453,-0.0256505052076106,-0.034207646027762,5,-0.034207646027762,1.0
2009-04-29,FOMC_statement,https://www.federalreserve.gov/newsevents/pressreleases/monetary20090429a.htm,XLY,-0.0031451553338218,0.0049232052835693,0.0010337478802023,1,0.0166872834302258,0.061948242476056035
2009-06-10,Beige_Book,https://www.federalreserve.gov/fomc/beigebook/2009/20090610/default.htm,XLB,-0.0127862320808496,-0.0140855502680513,-0.0378832187837503,5,-0.0378832187837503,1.0
2009-06-10,Beige_Book,https://www.federalreserve.gov/fomc/beigebook/2009/20090610/default.htm,XLE,-0.0047125573124935,-0.00041312551609,-0.023458602779681,5,-0.023458602779681,1.0
2009-06-10,Beige_Book,https://www.federalreserve.gov/fomc/beigebook/2009/20090610/default.htm,XLF,-0.0021547044044822,0.0046864866550279,-0.0272886284816346,5,-0.0272886284816346,1.0
2009-06-10,Beige_Book,https://www.federalreserve.gov/fomc/beigebook/2009/20090610/default.htm,XLI,0.0071991630340251,-0.0147812918977455,-0.0261738773983047,5,-0.0261738773983047,1.0
2009-06-10,Beige_Book,https://www.federalreserve.gov/fomc/beigebook/2009/20090610/default.htm,XLK,0.0007087383585968,0.0064991462311939,0.0139672175965349,5,0.0139672175965349,1.0
2009-06-10,Beige_Book,https://www.federalreserve.gov/fomc/beigebook/2009/20090610/default.htm,XLP,0.013954552920828,0.0035175910828234,0.0151445611059851,5,0.0151445611059851,1.0
2009-06-10,Beige_Book,https://www.federalreserve.gov/fomc/beigebook/2009/20090610/default.htm,XLU,0.0076951994306647,0.0275000355274684,0.0380806545010063,5,0.0380806545010063,1.0
2009-06-10,Beige_Book,https://www.federalreserve.gov/fomc/beigebook/2009/20090610/default.htm,XLV,0.0101936824219296,-0.0008769705733818,0.0405478974858029,5,0.0405478974858029,1.0
2009-06-10,Beige_Book,https://www.federalreserve.gov/fomc/beigebook/2009/20090610/default.htm,XLY,-0.0006804279944583,-0.0106344094479746,-0.0072837355637244,4,-0.022307179558712,0.32651978904611273
2009-06-24,FOMC_statement,https://www.federalreserve.gov/newsevents/pressreleases/monetary20090624a.htm,XLB,-0.0121448042735585,0.0001812816120744,-0.0031323374741509,5,-0.0031323374741509,1.0
2009-06-24,FOMC_statement,https://www.federalreserve.gov/newsevents/pressreleases/monetary20090624a.htm,XLE,-0.0052050182115213,-0.00478242495512,-0.0059905554919523,5,-0.0059905554919523,1.0
2009-06-24,FOMC_statement,https://www.federalreserve.gov/newsevents/pressreleases/monetary20090624a.htm,XLF,-0.0106794859996428,0.0106693671157954,-0.0011726699627538,5,-0.0011726699627538,1.0
2009-06-24,FOMC_statement,https://www.federalreserve.gov/newsevents/pressreleases/monetary20090624a.htm,XLI,0.0101037203926539,0.0082690513703931,0.005959820375849,1,0.0090920748749425,0.6554961829751419
2009-06-24,FOMC_statement,https://www.federalreserve.gov/newsevents/pressreleases/monetary20090624a.htm,XLK,0.0002185386381174,-0.0051927473212799,-0.0044711941407773,1,-0.0072483593469307,0.6168560258633723
2009-06-24,FOMC_statement,https://www.federalreserve.gov/newsevents/pressreleases/monetary20090624a.htm,XLP,0.0069249634256042,-0.0087238850195864,0.0044289258395048,5,0.0044289258395048,1.0
2009-06-24,FOMC_statement,https://www.federalreserve.gov/newsevents/pressreleases/monetary20090624a.htm,XLU,0.0095472433038277,-0.0023206728152637,0.0070718384237413,5,0.0070718384237413,1.0
2009-06-24,FOMC_statement,https://www.federalreserve.gov/newsevents/pressreleases/monetary20090624a.htm,XLV,0.0039081920374635,0.0052303301858046,0.0035561437575746,2,0.008527054432403,0.4170424600623134
2009-06-24,FOMC_statement,https://www.federalreserve.gov/newsevents/pressreleases/monetary20090624a.htm,XLY,0.0110340865578845,0.0121187747585114,0.015263736768972,5,0.015263736768972,1.0
2009-07-29,Beige_Book,https://www.federalreserve.gov/fomc/beigebook/2009/20090729/default.htm,XLB,0.0036536275818752,0.0478095010206209,0.0524409540032437,5,0.0524409540032437,1.0
2009-07-29,Beige_Book,https://www.federalreserve.gov/fomc/beigebook/2009/20090729/default.htm,XLE,0.0099261669107962,0.021051958330668,0.0095759561310005,3,0.021051958330668,0.45487246272240967
2009-07-29,Beige_Book,https://www.federalreserve.gov/fomc/beigebook/2009/20090729/default.htm,XLF,-0.0022996971872588,0.0301326381142164,0.0851955761220005,5,0.0851955761220005,1.0
2009-07-29,Beige_Book,https://www.federalreserve.gov/fomc/beigebook/2009/20090729/default.htm,XLI,-0.0038276445526921,0.0134309168309105,0.0129618344147155,4,0.0182190009182843,0.7114459499097566
2009-07-29,Beige_Book,https://www.federalreserve.gov/fomc/beigebook/2009/20090729/default.htm,XLK,-0.0067130838174632,-0.0131116999674918,-0.0248659996954918,5,-0.0248659996954918,1.0
2009-07-29,Beige_Book,https://www.federalreserve.gov/fomc/beigebook/2009/20090729/default.htm,XLP,-0.005904444306635,-0.0303910254218302,-0.0349787133755596,5,-0.0349787133755596,1.0
2009-07-29,Beige_Book,https://www.federalreserve.gov/fomc/beigebook/2009/20090729/default.htm,XLU,0.0115999810313228,-0.0157222738064,-0.0370872592554534,5,-0.0370872592554534,1.0
2009-07-29,Beige_Book,https://www.federalreserve.gov/fomc/beigebook/2009/20090729/default.htm,XLV,-0.0114917985547554,-0.0286667441908751,-0.0401096327765443,5,-0.0401096327765443,1.0
2009-07-29,Beige_Book,https://www.federalreserve.gov/fomc/beigebook/2009/20090729/default.htm,XLY,-0.0014885199390365,0.0078923748329211,0.003953695344443,4,0.0095685688404474,0.4131961017754601
2009-08-12,FOMC_statement,https://www.federalreserve.gov/newsevents/pressreleases/monetary20090812a.htm,XLB,-0.0101276827589217,-0.0201551529566432,-0.0088028142971361,3,-0.0201551529566432,0.4367525424427337
2009-08-12,FOMC_statement,https://www.federalreserve.gov/newsevents/pressreleases/monetary20090812a.htm,XLE,0.0020199311350821,-0.0102676155158736,0.0015673690096154,1,0.0045541865692211,0.34416003512202753
2009-08-12,FOMC_statement,https://www.federalreserve.gov/newsevents/pressreleases/monetary20090812a.htm,XLF,0.0246137081934282,-0.0031140292103876,-1.891769290185419e-05,3,-0.0031140292103876,0.006074988904647918
2009-08-12,FOMC_statement,https://www.federalreserve.gov/newsevents/pressreleases/monetary20090812a.htm,XLI,0.0007880721488058,-0.0148176278631245,-0.0165669846101105,5,-0.0165669846101105,1.0
2009-08-12,FOMC_statement,https://www.federalreserve.gov/newsevents/pressreleases/monetary20090812a.htm,XLK,0.0017370742898786,-0.0042047245666975,-0.0032856084738551,2,-0.0049639476260273,0.6618942666976942
2009-08-12,FOMC_statement,https://www.federalreserve.gov/newsevents/pressreleases/monetary20090812a.htm,XLP,-0.0124757459510117,0.0189355954792722,0.0104915461281058,3,0.0189355954792722,0.5540647580684929
2009-08-12,FOMC_statement,https://www.federalreserve.gov/newsevents/pressreleases/monetary20090812a.htm,XLU,-0.0131661302594171,0.0074398551148682,0.0001380695942725,3,0.0074398551148682,0.01855810256258545
2009-08-12,FOMC_statement,https://www.federalreserve.gov/newsevents/pressreleases/monetary20090812a.htm,XLV,-0.011039459760253,0.0196346927808876,0.0162305440803556,3,0.0196346927808876,0.8266258230510438
2009-08-12,FOMC_statement,https://www.federalreserve.gov/newsevents/pressreleases/monetary20090812a.htm,XLY,-0.001812484237219,-0.0180834763770738,-0.013363810439724,3,-0.0180834763770738,0.7390067131487293
2009-09-09,Beige_Book,https://www.federalreserve.gov/fomc/beigebook/2009/20090909/default.htm,XLB,-0.0050303702084177,0.0046303944761411,0.0212527442837756,4,0.0225808230533527,0.9411855464063825
2009-09-09,Beige_Book,https://www.federalreserve.gov/fomc/beigebook/2009/20090909/default.htm,XLE,-0.0188497727763152,0.0138397429743798,0.0292795219042693,5,0.0292795219042693,1.0
2009-09-09,Beige_Book,https://www.federalreserve.gov/fomc/beigebook/2009/20090909/default.htm,XLF,0.0044030596358131,0.0003005668643553,0.017601283794464,5,0.017601283794464,1.0
2009-09-09,Beige_Book,https://www.federalreserve.gov/fomc/beigebook/2009/20090909/default.htm,XLI,-6.951658559173346e-05,0.0095598267215538,0.0149066567578274,4,0.0174105033212857,0.8561875830208107
2009-09-09,Beige_Book,https://www.federalreserve.gov/fomc/beigebook/2009/20090909/default.htm,XLK,0.0011561202242389,-0.0035787862774382,-0.0083963329613153,5,-0.0083963329613153,1.0
2009-09-09,Beige_Book,https://www.federalreserve.gov/fomc/beigebook/2009/20090909/default.htm,XLP,0.0001685067379906,-0.0057144280747085,-0.0222165689096019,5,-0.0222165689096019,1.0
2009-09-09,Beige_Book,https://www.federalreserve.gov/fomc/beigebook/2009/20090909/default.htm,XLU,0.0062024904490967,-0.0007284363383639,0.0033401688427363,5,0.0033401688427363,1.0
2009-09-09,Beige_Book,https://www.federalreserve.gov/fomc/beigebook/2009/20090909/default.htm,XLV,0.0131859317896243,-0.003078209324474,-0.0223108206183875,5,-0.0223108206183875,1.0
2009-09-09,Beige_Book,https://www.federalreserve.gov/fomc/beigebook/2009/20090909/default.htm,XLY,-0.0001225552601658,-0.0014571082825185,0.0030618072339905,1,0.0032092442392812,0.9540586523499618
2009-09-23,FOMC_statement,https://www.federalreserve.gov/newsevents/pressreleases/monetary20090923a.htm,XLB,-0.0052206676461867,-0.0141718293286882,-0.0130716385180517,2,-0.0152598370254061,0.8566040709536237
2009-09-23,FOMC_statement,https://www.federalreserve.gov/newsevents/pressreleases/monetary20090923a.htm,XLE,-0.0098957148614577,-0.0011359201602242,-0.0034640077470332,5,-0.0034640077470332,1.0
2009-09-23,FOMC_statement,https://www.federalreserve.gov/newsevents/pressreleases/monetary20090923a.htm,XLF,-0.0168426481087127,0.0025683785647615,0.0001410680236388,3,0.0025683785647615,0.05492493418776823
2009-09-23,FOMC_statement,https://www.federalreserve.gov/newsevents/pressreleases/monetary20090923a.htm,XLI,-0.0060946760891322,-0.0111804136319013,-0.016699302971746,5,-0.016699302971746,1.0
2009-09-23,FOMC_statement,https://www.federalreserve.gov/newsevents/pressreleases/monetary20090923a.htm,XLK,0.0005350783802606,-0.0008729320657547,0.003630049648202,5,0.003630049648202,1.0
2009-09-23,FOMC_statement,https://www.federalreserve.gov/newsevents/pressreleases/monetary20090923a.htm,XLP,0.0038495806809291,-0.0046943397897725,0.0088956880511953,2,0.0112277964831801,0.7922915297335114
2009-09-23,FOMC_statement,https://www.federalreserve.gov/newsevents/pressreleases/monetary20090923a.htm,XLU,0.0085319843225715,0.0015535385377675,0.0043686588753005,2,0.0108952627228263,0.40096865825436856
2009-09-23,FOMC_statement,https://www.federalreserve.gov/newsevents/pressreleases/monetary20090923a.htm,XLV,0.0089231411438249,0.0089649372951102,0.0099579758835802,2,0.0160024240523083,0.622279215388233
2009-09-23,FOMC_statement,https://www.federalreserve.gov/newsevents/pressreleases/monetary20090923a.htm,XLY,0.0018516256526859,0.0019669212295621,0.0081425049651958,4,0.0097065051469539,0.8388709264478251
2009-10-21,Beige_Book,https://www.federalreserve.gov/fomc/beigebook/2009/20091021/default.htm,XLB,0.0051686501140836,-0.0215140497414413,-0.0370057979309454,5,-0.0370057979309454,1.0
2009-10-21,Beige_Book,https://www.federalreserve.gov/fomc/beigebook/2009/20091021/default.htm,XLE,0.0010753772696895,-0.0198312565318614,-0.0204829090004728,5,-0.0204829090004728,1.0
2009-10-21,Beige_Book,https://www.federalreserve.gov/fomc/beigebook/2009/20091021/default.htm,XLF,0.002564954862688,0.0014765546849642,-0.0133525846615746,5,-0.0133525846615746,1.0
2009-10-21,Beige_Book,https://www.federalreserve.gov/fomc/beigebook/2009/20091021/default.htm,XLI,0.0016640510977247,-0.0064040908066419,-0.0172155178384968,5,-0.0172155178384968,1.0
2009-10-21,Beige_Book,https://www.federalreserve.gov/fomc/beigebook/2009/20091021/default.htm,XLK,-0.0020044115447833,0.0074237669798097,0.0109974619426506,5,0.0109974619426506,1.0
2009-10-21,Beige_Book,https://www.federalreserve.gov/fomc/beigebook/2009/20091021/default.htm,XLP,-0.0041520279641974,-0.0039294247465934,0.0176101243160592,5,0.0176101243160592,1.0
2009-10-21,Beige_Book,https://www.federalreserve.gov/fomc/beigebook/2009/20091021/default.htm,XLU,0.0046807070012787,-0.0151882656473207,-0.0041389863146923,3,-0.0151882656473207,0.27251210973008244
2009-10-21,Beige_Book,https://www.federalreserve.gov/fomc/beigebook/2009/20091021/default.htm,XLV,0.0042119281426531,-0.0028004101138081,0.0147278024537323,5,0.0147278024537323,1.0
2009-10-21,Beige_Book,https://www.federalreserve.gov/fomc/beigebook/2009/20091021/default.htm,XLY,0.0048391045511753,0.0154178731398876,-0.0064663635827301,5,-0.0064663635827301,1.0
2009-11-04,FOMC_statement,https://www.federalreserve.gov/newsevents/pressreleases/monetary20091104a.htm,XLB,-0.0069717905888966,0.0150623356574841,0.0208017671779443,5,0.0208017671779443,1.0
2009-11-04,FOMC_statement,https://www.federalreserve.gov/newsevents/pressreleases/monetary20091104a.htm,XLE,-0.0097861851553151,-0.0102558663503826,-0.0152046689034985,5,-0.0152046689034985,1.0
2009-11-04,FOMC_statement,https://www.federalreserve.gov/newsevents/pressreleases/monetary20091104a.htm,XLF,0.0003407656359146,0.0133687911927479,0.0182427527076972,5,0.0182427527076972,1.0
2009-11-04,FOMC_statement,https://www.federalreserve.gov/newsevents/pressreleases/monetary20091104a.htm,XLI,-0.014037507555719,0.0163142562064597,0.0128805345860594,3,0.0163142562064597,0.7895263150862678
2009-11-04,FOMC_statement,https://www.federalreserve.gov/newsevents/pressreleases/monetary20091104a.htm,XLK,0.0070220143282296,0.0023466733152357,0.0025769561802209,1,0.0032707095911275,0.7878890217619581
2009-11-04,FOMC_statement,https://www.federalreserve.gov/newsevents/pressreleases/monetary20091104a.htm,XLP,0.0096819914389505,-0.0200861672114351,-0.0227491062884782,5,-0.0227491062884782,1.0
2009-11-04,FOMC_statement,https://www.federalreserve.gov/newsevents/pressreleases/monetary20091104a.htm,XLU,0.0052805272829004,-0.0099872387585788,-0.0128914463986463,5,-0.0128914463986463,1.0
2009-11-04,FOMC_statement,https://www.federalreserve.gov/newsevents/pressreleases/monetary20091104a.htm,XLV,0.0028090073222903,-0.0060530344706797,-0.0032605000615935,3,-0.0060530344706797,0.5386554590737984
2009-11-04,FOMC_statement,https://www.federalreserve.gov/newsevents/pressreleases/monetary20091104a.htm,XLY,0.0024251439292828,0.0141899327390735,0.013421062686358,4,0.0174902831670973,0.7673439336651614
2009-12-02,Beige_Book,https://www.federalreserve.gov/fomc/beigebook/2009/20091202/default.htm,XLB,-0.0070140862409118,-0.0222089034524991,-0.0183353856003717,4,-0.0270678008462071,0.6773873394646673
2009-12-02,Beige_Book,https://www.federalreserve.gov/fomc/beigebook/2009/20091202/default.htm,XLE,-0.0008295883197835,-0.0220380479057707,-0.0317155859887896,5,-0.0317155859887896,1.0
2009-12-02,Beige_Book,https://www.federalreserve.gov/fomc/beigebook/2009/20091202/default.htm,XLF,0.0116878978886862,-0.014421925103242,-0.0125927909718812,3,-0.014421925103242,0.8731699049699255
2009-12-02,Beige_Book,https://www.federalreserve.gov/fomc/beigebook/2009/20091202/default.htm,XLI,-0.0039875516374239,0.0105666784502188,0.0073071625504205,2,0.0125851030483497,0.5806200014690144
2009-12-02,Beige_Book,https://www.federalreserve.gov/fomc/beigebook/2009/20091202/default.htm,XLK,-0.003721607323244,0.0086377580549921,0.0165318030628629,5,0.0165318030628629,1.0
2009-12-02,Beige_Book,https://www.federalreserve.gov/fomc/beigebook/2009/20091202/default.htm,XLP,-0.0014462555978584,-5.618083526726103e-06,-0.0022502953347713,5,-0.0022502953347713,1.0
2009-12-02,Beige_Book,https://www.federalreserve.gov/fomc/beigebook/2009/20091202/default.htm,XLU,-0.0064471346297088,0.0095478519512742,0.0162719109556762,4,0.0164393425616556,0.9898151884510313
2009-12-02,Beige_Book,https://www.federalreserve.gov/fomc/beigebook/2009/20091202/default.htm,XLV,-0.0052307225205561,-0.0031073449668126,0.004961531190247,5,0.004961531190247,1.0
2009-12-02,Beige_Book,https://www.federalreserve.gov/fomc/beigebook/2009/20091202/default.htm,XLY,-0.0033535325887734,0.006433211831425,0.006266190265507,4,0.010006801932217,0.626193094252514
2009-12-16,FOMC_statement,https://www.federalreserve.gov/newsevents/pressreleases/monetary20091216a.htm,XLB,0.0050748780057759,-0.0120055034229533,0.0036003726887419,5,0.0036003726887419,1.0
2009-12-16,FOMC_statement,https://www.federalreserve.gov/newsevents/pressreleases/monetary20091216a.htm,XLE,-0.0078568248661649,0.004916659145209,0.0119900559017449,5,0.0119900559017449,1.0
2009-12-16,FOMC_statement,https://www.federalreserve.gov/newsevents/pressreleases/monetary20091216a.htm,XLF,0.0112467162674833,0.0072558939831451,-0.0003760533107385,1,-0.0068257081106636,0.05509367008398779
2009-12-16,FOMC_statement,https://www.federalreserve.gov/newsevents/pressreleases/monetary20091216a.htm,XLI,-0.0018457148536582,-0.0075222084184878,-0.0102344262565108,5,-0.0102344262565108,1.0
2009-12-16,FOMC_statement,https://www.federalreserve.gov/newsevents/pressreleases/monetary20091216a.htm,XLK,0.0015956403108915,0.0080256324401163,0.0144162185519954,5,0.0144162185519954,1.0
2009-12-16,FOMC_statement,https://www.federalreserve.gov/newsevents/pressreleases/monetary20091216a.htm,XLP,-0.0005891950842663,-0.0123228780616559,-0.0103074636903006,3,-0.0123228780616559,0.8364493780372216
2009-12-16,FOMC_statement,https://www.federalreserve.gov/newsevents/pressreleases/monetary20091216a.htm,XLU,0.001607463484908,0.0020306000382824,-0.0095557763662991,4,-0.0098318984793172,0.97191568712808
2009-12-16,FOMC_statement,https://www.federalreserve.gov/newsevents/pressreleases/monetary20091216a.htm,XLV,-0.0049648125477786,0.0018047679840244,-0.0024691787574263,5,-0.0024691787574263,1.0
2009-12-16,FOMC_statement,https://www.federalreserve.gov/newsevents/pressreleases/monetary20091216a.htm,XLY,-0.0033142919413705,0.0021469973437046,0.0022580297412881,5,0.0022580297412881,1.0
2010-01-13,Beige_Book,https://www.federalreserve.gov/fomc/beigebook/2010/20100113/default.htm,XLB,0.0096769919300738,-0.0075263481776642,-0.0151209767195433,4,-0.0151209767195433,1.0
2010-01-13,Beige_Book,https://www.federalreserve.gov/fomc/beigebook/2010/20100113/default.htm,XLE,0.0051198426924192,-4.467501440985622e-05,-0.0054276398920525,4,-0.0054276398920525,1.0
2010-01-13,Beige_Book,https://www.federalreserve.gov/fomc/beigebook/2010/20100113/default.htm,XLF,0.0051176656319952,-0.0069743943683419,0.0005500858398437,1,0.0019071425758256,0.2884345653106551
2010-01-13,Beige_Book,https://www.federalreserve.gov/fomc/beigebook/2010/20100113/default.htm,XLI,-0.0012106662167161,-0.0058716289718733,-0.0110142579517449,4,-0.0110142579517449,1.0
2010-01-13,Beige_Book,https://www.federalreserve.gov/fomc/beigebook/2010/20100113/default.htm,XLK,0.0015667536628509,0.0019277549020338,-0.0039557684699462,4,-0.0039557684699462,1.0
2010-01-13,Beige_Book,https://www.federalreserve.gov/fomc/beigebook/2010/20100113/default.htm,XLP,-0.0149568770260021,-0.0057970396409227,-0.0030549810761932,3,-0.0057970396409227,0.5269898543779746
2010-01-13,Beige_Book,https://www.federalreserve.gov/fomc/beigebook/2010/20100113/default.htm,XLU,-0.0051388025578997,-0.0032378947172826,-0.0036225397108425,1,-0.007184373347239,0.5042248691369394
2010-01-13,Beige_Book,https://www.federalreserve.gov/fomc/beigebook/2010/20100113/default.htm,XLV,-0.0021303100238279,0.0224708076857389,0.0241550206287519,4,0.0241550206287519,1.0
2010-01-13,Beige_Book,https://www.federalreserve.gov/fomc/beigebook/2010/20100113/default.htm,XLY,0.0035315081912655,-0.0005413133597985,-0.0038682844017922,4,-0.0038682844017922,1.0
2010-01-27,FOMC_statement,https://www.federalreserve.gov/newsevents/pressreleases/monetary20100127a.htm,XLB,0.0099117461069864,0.0126527248368203,-0.0027280976605889,2,-0.0116111054899677,0.23495589312714865
2010-01-27,FOMC_statement,https://www.federalreserve.gov/newsevents/pressreleases/monetary20100127a.htm,XLE,0.0021620433478352,0.0112806379496303,0.0087134039439393,4,0.0123217294907359,0.7071575423312513
2010-01-27,FOMC_statement,https://www.federalreserve.gov/newsevents/pressreleases/monetary20100127a.htm,XLF,0.0133410389652853,0.01183462432514,0.0034333959756753,3,0.01183462432514,0.2901144879083168
2010-01-27,FOMC_statement,https://www.federalreserve.gov/newsevents/pressreleases/monetary20100127a.htm,XLI,9.186813306649722e-05,0.0002055456988824,0.0061527131301338,4,0.0071734754868603,0.8577032348411538
2010-01-27,FOMC_statement,https://www.federalreserve.gov/newsevents/pressreleases/monetary20100127a.htm,XLK,-0.0014434291461107,-0.027794221058281,-0.0226743662052686,4,-0.0299917467843359,0.7560201934323804
2010-01-27,FOMC_statement,https://www.federalreserve.gov/newsevents/pressreleases/monetary20100127a.htm,XLP,-0.0030522417558803,0.0079671359022823,0.0081447589927846,2,0.0158840949488421,0.5127619180706501
2010-01-27,FOMC_statement,https://www.federalreserve.gov/newsevents/pressreleases/monetary20100127a.htm,XLU,-0.0081882871321383,-0.000516243881097,-0.0065707802095087,5,-0.0065707802095087,1.0
2010-01-27,FOMC_statement,https://www.federalreserve.gov/newsevents/pressreleases/monetary20100127a.htm,XLV,0.001494527375609,-0.0007483277892378,-0.0005994488143348,3,-0.0007483277892378,0.8010511208535516
2010-01-27,FOMC_statement,https://www.federalreserve.gov/newsevents/pressreleases/monetary20100127a.htm,XLY,-0.0055618362955052,0.0075911521563712,0.0151463637583533,5,0.0151463637583533,1.0
2010-03-03,Beige_Book,https://www.federalreserve.gov/fomc/beigebook/2010/20100303/default.htm,XLB,-0.0056719909585745,0.0020912668278942,-0.0059024442760698,4,-0.0059024442760698,1.0
2010-03-03,Beige_Book,https://www.federalreserve.gov/fomc/beigebook/2010/20100303/default.htm,XLE,-0.0055245183932373,-0.0055264584029613,-0.0071888573926751,1,-0.0082557360893436,0.8707712207460685
2010-03-03,Beige_Book,https://www.federalreserve.gov/fomc/beigebook/2010/20100303/default.htm,XLF,-0.0006258616177603,0.0140477824343563,0.0156636501446278,4,0.0156636501446278,1.0
2010-03-03,Beige_Book,https://www.federalreserve.gov/fomc/beigebook/2010/20100303/default.htm,XLI,0.0010599269989814,-0.002121196450225,0.0042808091791901,4,0.0042808091791901,1.0
2010-03-03,Beige_Book,https://www.federalreserve.gov/fomc/beigebook/2010/20100303/default.htm,XLK,0.0041362060917959,0.0042336705873573,0.0070298322474395,4,0.0070298322474395,1.0
2010-03-03,Beige_Book,https://www.federalreserve.gov/fomc/beigebook/2010/20100303/default.htm,XLP,-0.0009031736628015,-0.0116273889442962,-0.0147451440690749,4,-0.0147451440690749,1.0
2010-03-03,Beige_Book,https://www.federalreserve.gov/fomc/beigebook/2010/20100303/default.htm,XLU,-0.0002742707938192,-0.0053547522626928,-0.0083519446081766,4,-0.0083519446081766,1.0
2010-03-03,Beige_Book,https://www.federalreserve.gov/fomc/beigebook/2010/20100303/default.htm,XLV,-0.0006994591280546,-0.0126535498439261,-0.014944176781074,4,-0.014944176781074,1.0
2010-03-03,Beige_Book,https://www.federalreserve.gov/fomc/beigebook/2010/20100303/default.htm,XLY,0.0079322100535019,0.0126568301839802,0.0094257830518008,3,0.0126568301839802,0.7447190895972556
2010-03-16,FOMC_statement,https://www.federalreserve.gov/newsevents/pressreleases/monetary20100316a.htm,XLB,0.0005605713413798,-0.0127011317002158,-0.0033242307290334,3,-0.0127011317002158,0.26172712853429586
2010-03-16,FOMC_statement,https://www.federalreserve.gov/newsevents/pressreleases/monetary20100316a.htm,XLE,0.0105157638519194,-0.0163191483648759,-0.0242850652631512,4,-0.0242850652631512,1.0
2010-03-16,FOMC_statement,https://www.federalreserve.gov/newsevents/pressreleases/monetary20100316a.htm,XLF,0.0002596902629166,-0.0005117952321487,-0.0007594551221019,4,-0.0007594551221019,1.0
2010-03-16,FOMC_statement,https://www.federalreserve.gov/newsevents/pressreleases/monetary20100316a.htm,XLI,0.0002596902629166,0.004074604904275,0.0016491114996028,3,0.004074604904275,0.4047291794776428
2010-03-16,FOMC_statement,https://www.federalreserve.gov/newsevents/pressreleases/monetary20100316a.htm,XLK,0.0011386726801443,-0.0019654204454364,0.0001470472663316,4,0.0001470472663316,1.0
2010-03-16,FOMC_statement,https://www.federalreserve.gov/newsevents/pressreleases/monetary20100316a.htm,XLP,-0.0073823593571364,0.0020902053303092,0.0017848399624204,3,0.0020902053303092,0.8539065213063886
2010-03-16,FOMC_statement,https://www.federalreserve.gov/newsevents/pressreleases/monetary20100316a.htm,XLU,-0.0034273561614694,-0.002758652012804,-0.014780086411115,4,-0.014780086411115,1.0
2010-03-16,FOMC_statement,https://www.federalreserve.gov/newsevents/pressreleases/monetary20100316a.htm,XLV,-0.0063356626748594,0.0064290356901705,0.0075942473542079,4,0.0075942473542079,1.0
2010-03-16,FOMC_statement,https://www.federalreserve.gov/newsevents/pressreleases/monetary20100316a.htm,XLY,0.0015014342345869,0.001261568649326,0.00640871912211,4,0.00640871912211,1.0
2010-04-14,Beige_Book,https://www.federalreserve.gov/fomc/beigebook/2010/20100414/default.htm,XLB,0.0044873674037668,-0.0055692882178227,-0.0120893339757167,5,-0.0120893339757167,1.0
2010-04-14,Beige_Book,https://www.federalreserve.gov/fomc/beigebook/2010/20100414/default.htm,XLE,0.0042538439578141,-0.0044096591435104,0.0070242149313279,5,0.0070242149313279,1.0
2010-04-14,Beige_Book,https://www.federalreserve.gov/fomc/beigebook/2010/20100414/default.htm,XLF,0.0001495078162778,-0.0195219283554225,-0.0192897580623505,2,-0.0255318696839671,0.755516861910964
2010-04-14,Beige_Book,https://www.federalreserve.gov/fomc/beigebook/2010/20100414/default.htm,XLI,-0.0008184008796363,0.0027939677800231,0.0140251013359027,5,0.0140251013359027,1.0
2010-04-14,Beige_Book,https://www.federalreserve.gov/fomc/beigebook/2010/20100414/default.htm,XLK,-0.0022232879370553,0.004713202265533,0.0051608136626941,2,0.0063761616092697,0.809391916163367
2010-04-14,Beige_Book,https://www.federalreserve.gov/fomc/beigebook/2010/20100414/default.htm,XLP,0.003951033975394,0.0091966517903623,0.0049410148309557,3,0.0091966517903623,0.5372623584741648
2010-04-14,Beige_Book,https://www.federalreserve.gov/fomc/beigebook/2010/20100414/default.htm,XLU,0.0060285663355185,0.0003944755449808,0.0070015299727836,5,0.0070015299727836,1.0
2010-04-14,Beige_Book,https://www.federalreserve.gov/fomc/beigebook/2010/20100414/default.htm,XLV,-0.0001860905341477,0.0107452405637792,-0.0116922328845997,5,-0.0116922328845997,1.0
2010-04-14,Beige_Book,https://www.federalreserve.gov/fomc/beigebook/2010/20100414/default.htm,XLY,-0.0045471777803296,0.0041806564628369,0.013859485774742,5,0.013859485774742,1.0
2010-04-28,FOMC_statement,https://www.federalreserve.gov/newsevents/pressreleases/monetary20100428a.htm,XLB,0.0127542089335456,-0.0175760929129932,-0.0175760929129932,3,-0.0175760929129932,1.0
2010-04-28,FOMC_statement,https://www.federalreserve.gov/newsevents/pressreleases/monetary20100428a.htm,XLE,0.007054351771744,-0.0082561921251993,-0.0082561921251993,1,-0.0112416744485437,0.7344272566324713
2010-04-28,FOMC_statement,https://www.federalreserve.gov/newsevents/pressreleases/monetary20100428a.htm,XLF,0.0102479834081552,0.0094844389028238,0.0094844389028238,1,0.0104561642111979,0.9070667513682079
2010-04-28,FOMC_statement,https://www.federalreserve.gov/newsevents/pressreleases/monetary20100428a.htm,XLI,0.0004527600657068,0.0105635622689121,0.0105635622689121,3,0.0105635622689121,1.0
2010-04-28,FOMC_statement,https://www.federalreserve.gov/newsevents/pressreleases/monetary20100428a.htm,XLK,-0.0041075630772869,-0.0054981326779366,-0.0054981326779366,2,-0.0062172856116529,0.8843300792924151
2010-04-28,FOMC_statement,https://www.federalreserve.gov/newsevents/pressreleases/monetary20100428a.htm,XLP,-0.0061316091783129,-0.0051154254774834,-0.0051154254774834,1,-0.0091484809166353,0.5591557247697458
2010-04-28,FOMC_statement,https://www.federalreserve.gov/newsevents/pressreleases/monetary20100428a.htm,XLU,-0.0066015642540377,0.0093624199300593,0.0093624199300593,2,0.009511757499541,0.9842996870463838
2010-04-28,FOMC_statement,https://www.federalreserve.gov/newsevents/pressreleases/monetary20100428a.htm,XLV,-0.0120449849629068,-0.0027178168443295,-0.0027178168443295,3,-0.0027178168443295,1.0
2010-04-28,FOMC_statement,https://www.federalreserve.gov/newsevents/pressreleases/monetary20100428a.htm,XLY,0.0052781173131746,0.0130287678141178,0.0130287678141178,3,0.0130287678141178,1.0
2010-06-09,Beige_Book,https://www.federalreserve.gov/fomc/beigebook/2010/20100609/default.htm,XLB,-0.0120232515218579,0.004751443275542,0.0057811094155617,2,0.0129834307605141,0.4452682439793585
2010-06-09,Beige_Book,https://www.federalreserve.gov/fomc/beigebook/2010/20100609/default.htm,XLE,-0.0059216947024909,0.0186048984783993,0.0247430767864222,4,0.025104929294504,0.9855863960484837
2010-06-09,Beige_Book,https://www.federalreserve.gov/fomc/beigebook/2010/20100609/default.htm,XLF,-0.0101966432863831,-0.0010754567288506,0.0007502565530008,1,0.0036018965798538,0.20829486254467994
2010-06-09,Beige_Book,https://www.federalreserve.gov/fomc/beigebook/2010/20100609/default.htm,XLI,0.0002428637230513,0.008459186112954,0.0136131976913951,4,0.0159209959730634,0.8550468648084049
2010-06-09,Beige_Book,https://www.federalreserve.gov/fomc/beigebook/2010/20100609/default.htm,XLK,0.0088173259675519,-0.0013216615937676,0.0052599876729255,5,0.0052599876729255,1.0
2010-06-09,Beige_Book,https://www.federalreserve.gov/fomc/beigebook/2010/20100609/default.htm,XLP,-0.0055228027481448,-0.0179646473337381,-0.0368958774778814,5,-0.0368958774778814,1.0
2010-06-09,Beige_Book,https://www.federalreserve.gov/fomc/beigebook/2010/20100609/default.htm,XLU,-0.0023664788376362,-0.0014736133189703,0.0018825192244213,5,0.0018825192244213,1.0
2010-06-09,Beige_Book,https://www.federalreserve.gov/fomc/beigebook/2010/20100609/default.htm,XLV,0.0082508285700344,-0.0034966135541274,-0.005057358505514,1,-0.0102041583344258,0.49561740809645954
2010-06-09,Beige_Book,https://www.federalreserve.gov/fomc/beigebook/2010/20100609/default.htm,XLY,0.0023033579936078,0.0032763440328936,-0.0022411582114323,5,-0.0022411582114323,1.0
2010-06-23,FOMC_statement,https://www.federalreserve.gov/newsevents/pressreleases/monetary20100623a.htm,XLB,0.0082111005715839,-0.0062310627207545,-0.0129369000733247,5,-0.0129369000733247,1.0
2010-06-23,FOMC_statement,https://www.federalreserve.gov/newsevents/pressreleases/monetary20100623a.htm,XLE,0.0126784074805178,-0.0160770020661147,-0.0165156094884271,4,-0.0182261622292878,0.9061484958082949
2010-06-23,FOMC_statement,https://www.federalreserve.gov/newsevents/pressreleases/monetary20100623a.htm,XLF,-0.0009860663116533,0.0154204715246248,0.0077733255762222,2,0.0218315119721576,0.3560598819786629
2010-06-23,FOMC_statement,https://www.federalreserve.gov/newsevents/pressreleases/monetary20100623a.htm,XLI,0.007776920503195,-0.0011759867694175,-0.0059692876721443,4,-0.0089503163061819,0.6669359459420856
2010-06-23,FOMC_statement,https://www.federalreserve.gov/newsevents/pressreleases/monetary20100623a.htm,XLK,-0.0079459361814701,-0.0035887637071632,-0.0158322096250357,5,-0.0158322096250357,1.0
2010-06-23,FOMC_statement,https://www.federalreserve.gov/newsevents/pressreleases/monetary20100623a.htm,XLP,-0.005609947385621,0.0016199568469744,0.0188939830335532,5,0.0188939830335532,1.0
2010-06-23,FOMC_statement,https://www.federalreserve.gov/newsevents/pressreleases/monetary20100623a.htm,XLU,0.0082583048318254,0.0211070430023612,0.0348290120487185,5,0.0348290120487185,1.0
2010-06-23,FOMC_statement,https://www.federalreserve.gov/newsevents/pressreleases/monetary20100623a.htm,XLV,-0.0066849740605163,0.0110927818511369,0.0250769287055853,5,0.0250769287055853,1.0
2010-06-23,FOMC_statement,https://www.federalreserve.gov/newsevents/pressreleases/monetary20100623a.htm,XLY,0.0058372309901656,-0.0128340591066229,-0.0203104936927603,5,-0.0203104936927603,1.0
2010-07-28,Beige_Book,https://www.federalreserve.gov/fomc/beigebook/2010/20100728/default.htm,XLB,0.0079851972312979,0.0146840894581086,0.0012193674075487,3,0.0146840894581086,0.0830400421508847
2010-07-28,Beige_Book,https://www.federalreserve.gov/fomc/beigebook/2010/20100728/default.htm,XLE,0.0047022055360028,0.0168369292597092,0.0212669584665726,4,0.0212669584665726,1.0
2010-07-28,Beige_Book,https://www.federalreserve.gov/fomc/beigebook/2010/20100728/default.htm,XLF,-0.0027993856401203,0.01035449356373,0.0038703077221807,3,0.01035449356373,0.3737804942713682
2010-07-28,Beige_Book,https://www.federalreserve.gov/fomc/beigebook/2010/20100728/default.htm,XLI,0.0067819149820076,0.0029547575398575,0.0025642261575463,2,0.0057270440320277,0.44773990617257714
2010-07-28,Beige_Book,https://www.federalreserve.gov/fomc/beigebook/2010/20100728/default.htm,XLK,-0.002776363451708,-0.0096365321724729,-0.0102096627735999,4,-0.0102096627735999,1.0
2010-07-28,Beige_Book,https://www.federalreserve.gov/fomc/beigebook/2010/20100728/default.htm,XLP,-0.0037541347989452,-0.0155506748524176,-0.0195557497196646,4,-0.0195557497196646,1.0
2010-07-28,Beige_Book,https://www.federalreserve.gov/fomc/beigebook/2010/20100728/default.htm,XLU,-0.0147471740413075,-0.0171818236495788,-0.0172315485039759,4,-0.0172315485039759,1.0
2010-07-28,Beige_Book,https://www.federalreserve.gov/fomc/beigebook/2010/20100728/default.htm,XLV,-0.0011296523721932,0.0045362590654161,0.0175696970221447,4,0.0175696970221447,1.0
2010-07-28,Beige_Book,https://www.federalreserve.gov/fomc/beigebook/2010/20100728/default.htm,XLY,0.0127149598467928,0.005410013080865,-0.0050608373887552,4,-0.0050608373887552,1.0
2010-08-10,FOMC_statement,https://www.federalreserve.gov/newsevents/pressreleases/monetary20100810a.htm,XLB,-0.0008161600228007,0.0044089603919177,0.009343346338334,4,0.009343346338334,1.0
2010-08-10,FOMC_statement,https://www.federalreserve.gov/newsevents/pressreleases/monetary20100810a.htm,XLE,0.0012057190092502,-0.0009318582965223,-0.0006577051065719,1,-0.0023706538800177,0.2774361589077649
2010-08-10,FOMC_statement,https://www.federalreserve.gov/newsevents/pressreleases/monetary20100810a.htm,XLF,-7.385404960968955e-05,-0.0086911527330649,-0.0110732629028252,4,-0.0110732629028252,1.0
2010-08-10,FOMC_statement,https://www.federalreserve.gov/newsevents/pressreleases/monetary20100810a.htm,XLI,0.0001531483671912,-0.0092963002714289,-0.0108757523323967,2,-0.010883588049439,0.9992800428492234
2010-08-10,FOMC_statement,https://www.federalreserve.gov/newsevents/pressreleases/monetary20100810a.htm,XLK,-0.0013929849369409,-0.0059146126830554,-0.0035725690751993,3,-0.0059146126830554,0.6040241798815074
2010-08-10,FOMC_statement,https://www.federalreserve.gov/newsevents/pressreleases/monetary20100810a.htm,XLP,0.0001708598333338,0.0185031050835952,0.0178450001131148,3,0.0185031050835952,0.9644327280471495
2010-08-10,FOMC_statement,https://www.federalreserve.gov/newsevents/pressreleases/monetary20100810a.htm,XLU,0.0017897906011086,0.0179803313040757,0.0184418311495719,4,0.0184418311495719,1.0
2010-08-10,FOMC_statement,https://www.federalreserve.gov/newsevents/pressreleases/monetary20100810a.htm,XLV,0.0026461104229802,0.0110550269626656,0.0063619093637671,2,0.011875163308999,0.5357323683242355
2010-08-10,FOMC_statement,https://www.federalreserve.gov/newsevents/pressreleases/monetary20100810a.htm,XLY,-0.0043390744774429,-0.0048155441550814,-0.0046793473719251,3,-0.0048155441550814,0.9717172600291528
2010-09-08,Beige_Book,https://www.federalreserve.gov/fomc/beigebook/2010/20100908/default.htm,XLB,-0.0014958554654207,0.0002851632144686,-0.0008935602531986,1,-0.0079870958223657,0.11187548929817849
2010-09-08,Beige_Book,https://www.federalreserve.gov/fomc/beigebook/2010/20100908/default.htm,XLE,0.0036720983222443,-0.0002993292727999,-0.0031360226643299,4,-0.0031360226643299,1.0
2010-09-08,Beige_Book,https://www.federalreserve.gov/fomc/beigebook/2010/20100908/default.htm,XLF,0.0114544880699503,0.0144836645738872,0.0063442123087893,3,0.0144836645738872,0.43802535445534746
2010-09-08,Beige_Book,https://www.federalreserve.gov/fomc/beigebook/2010/20100908/default.htm,XLI,-0.0019801357110509,-0.0029554149317367,-0.0052665390841319,1,-0.0056139893068909,0.938109924375431
2010-09-08,Beige_Book,https://www.federalreserve.gov/fomc/beigebook/2010/20100908/default.htm,XLK,-0.0029894011858753,0.0003776399615282,0.0050653250162644,4,0.0050653250162644,1.0
2010-09-08,Beige_Book,https://www.federalreserve.gov/fomc/beigebook/2010/20100908/default.htm,XLP,-0.0072423850671451,-0.0116575274283416,-0.009222225703565,3,-0.0116575274283416,0.79109620459859
2010-09-08,Beige_Book,https://www.federalreserve.gov/fomc/beigebook/2010/20100908/default.htm,XLU,-0.0062129318935758,-0.0130835839764179,-0.0137308150211857,4,-0.0137308150211857,1.0
2010-09-08,Beige_Book,https://www.federalreserve.gov/fomc/beigebook/2010/20100908/default.htm,XLV,-0.0054449390365388,0.0023717899119737,0.0063433259408931,2,0.0111428811464686,0.5692716145413994
2010-09-08,Beige_Book,https://www.federalreserve.gov/fomc/beigebook/2010/20100908/default.htm,XLY,0.0048365381194304,0.0006579488273863,0.0021962094170357,4,0.0021962094170357,1.0
2010-09-21,FOMC_statement,https://www.federalreserve.gov/newsevents/pressreleases/monetary20100921a.htm,XLB,0.0088745020785037,0.0099808029566142,0.009075407423979,3,0.0099808029566142,0.9092863032592783
2010-09-21,FOMC_statement,https://www.federalreserve.gov/newsevents/pressreleases/monetary20100921a.htm,XLE,-0.0015959142948189,0.0004901798284552,0.0014798221351036,4,0.0014798221351036,1.0
2010-09-21,FOMC_statement,https://www.federalreserve.gov/newsevents/pressreleases/monetary20100921a.htm,XLF,-0.0038741776123565,-0.0164611998181501,-0.0226230481408619,4,-0.0226230481408619,1.0
2010-09-21,FOMC_statement,https://www.federalreserve.gov/newsevents/pressreleases/monetary20100921a.htm,XLI,0.0003066947546124,-8.162808999745419e-05,-0.0016530977822265,2,-0.0069103167383263,0.23922170934047307
2010-09-21,FOMC_statement,https://www.federalreserve.gov/newsevents/pressreleases/monetary20100921a.htm,XLK,0.0006436617453868,0.0056615146001196,0.010884107007173,4,0.010884107007173,1.0
2010-09-21,FOMC_statement,https://www.federalreserve.gov/newsevents/pressreleases/monetary20100921a.htm,XLP,0.0044011988998873,0.0011099819592893,0.0001936903173294,2,0.008360579550971,0.023167092203184022
2010-09-21,FOMC_statement,https://www.federalreserve.gov/newsevents/pressreleases/monetary20100921a.htm,XLU,0.0019999172372244,0.0041323016094847,0.0108292348570248,1,0.0119873754476261,0.9033866424171565
2010-09-21,FOMC_statement,https://www.federalreserve.gov/newsevents/pressreleases/monetary20100921a.htm,XLV,0.0019302874211502,0.0023418302345727,-0.0003700325382725,4,-0.0003700325382725,1.0
2010-09-21,FOMC_statement,https://www.federalreserve.gov/newsevents/pressreleases/monetary20100921a.htm,XLY,-0.0039460103207031,0.0065106292732306,0.0047721645526215,3,0.0065106292732306,0.7329805388002892
2010-10-20,Beige_Book,https://www.federalreserve.gov/fomc/beigebook/2010/20101020/default.htm,XLB,0.0125147771879579,0.0070276534488052,-0.0054622914193692,2,-0.0115957989968967,0.4710577874651875
2010-10-20,Beige_Book,https://www.federalreserve.gov/fomc/beigebook/2010/20101020/default.htm,XLE,0.0067711547795842,0.001784259570244,0.002301479628738,4,0.0036333899877915,0.6334248832278306
2010-10-20,Beige_Book,https://www.federalreserve.gov/fomc/beigebook/2010/20101020/default.htm,XLF,0.000528563940743,-0.0111343587392913,-0.0063782894843723,3,-0.0111343587392913,0.5728474924976484
2010-10-20,Beige_Book,https://www.federalreserve.gov/fomc/beigebook/2010/20101020/default.htm,XLI,0.0002452022691148,0.0041206378897348,-0.0051850616015836,5,-0.0051850616015836,1.0
2010-10-20,Beige_Book,https://www.federalreserve.gov/fomc/beigebook/2010/20101020/default.htm,XLK,0.0046272506865895,-0.0003775764538791,0.0076868380017663,5,0.0076868380017663,1.0
2010-10-20,Beige_Book,https://www.federalreserve.gov/fomc/beigebook/2010/20101020/default.htm,XLP,-0.0009135425095595,0.0023826874168844,-0.0056851445897292,5,-0.0056851445897292,1.0
2010-10-20,Beige_Book,https://www.federalreserve.gov/fomc/beigebook/2010/20101020/default.htm,XLU,-0.0149855197071083,-0.020112725661076,-0.0240318218020605,5,-0.0240318218020605,1.0
2010-10-20,Beige_Book,https://www.federalreserve.gov/fomc/beigebook/2010/20101020/default.htm,XLV,0.0056612423091337,0.0013075770077131,-0.0049318340815115,5,-0.0049318340815115,1.0
2010-10-20,Beige_Book,https://www.federalreserve.gov/fomc/beigebook/2010/20101020/default.htm,XLY,0.0050196729224634,0.0105172116536753,0.0112492540548013,4,0.014612163941978,0.7698554505321631
2010-11-03,FOMC_statement,https://www.federalreserve.gov/newsevents/pressreleases/monetary20101103a.htm,XLB,-0.0024203346119173,0.0177435983716468,0.0083530147484551,3,0.0177435983716468,0.4707621629783232
2010-11-03,FOMC_statement,https://www.federalreserve.gov/newsevents/pressreleases/monetary20101103a.htm,XLE,-0.003028467795529,0.0186888430576835,0.0327483836770049,5,0.0327483836770049,1.0
2010-11-03,FOMC_statement,https://www.federalreserve.gov/newsevents/pressreleases/monetary20101103a.htm,XLF,0.0051833427085976,0.0273758919010141,0.0229787762484834,2,0.033203749145922,0.6920536638045766
2010-11-03,FOMC_statement,https://www.federalreserve.gov/newsevents/pressreleases/monetary20101103a.htm,XLI,-0.0017028792169166,0.0018896483433314,-0.0042703518170548,5,-0.0042703518170548,1.0
2010-11-03,FOMC_statement,https://www.federalreserve.gov/newsevents/pressreleases/monetary20101103a.htm,XLK,-0.0019175263289281,-0.0061955914371846,-0.0050291289476027,2,-0.008867221583896,0.5671594986118579
2010-11-03,FOMC_statement,https://www.federalreserve.gov/newsevents/pressreleases/monetary20101103a.htm,XLP,0.0019968385506885,-0.0158835480342666,-0.0210034765631975,5,-0.0210034765631975,1.0
2010-11-03,FOMC_statement,https://www.federalreserve.gov/newsevents/pressreleases/monetary20101103a.htm,XLU,-0.0038491585961111,-0.0163557547875961,-0.0210599890126456,5,-0.0210599890126456,1.0
2010-11-03,FOMC_statement,https://www.federalreserve.gov/newsevents/pressreleases/monetary20101103a.htm,XLV,-0.001694227723243,-0.0249316878056063,-0.0262404376031586,5,-0.0262404376031586,1.0
2010-11-03,FOMC_statement,https://www.federalreserve.gov/newsevents/pressreleases/monetary20101103a.htm,XLY,-0.0034356690618746,-0.0021792491022196,0.0007814451021527,5,0.0007814451021527,1.0
2010-12-01,Beige_Book,https://www.federalreserve.gov/fomc/beigebook/2010/20101201/default.htm,XLB,-0.006192058099821,0.010839349450746,0.0116172747495119,4,0.0116172747495119,1.0
2010-12-01,Beige_Book,https://www.federalreserve.gov/fomc/beigebook/2010/20101201/default.htm,XLE,-0.0021267261175107,0.0081916980283228,0.0038354772475874,3,0.0081916980283228,0.4682151654426513
2010-12-01,Beige_Book,https://www.federalreserve.gov/fomc/beigebook/2010/20101201/default.htm,XLF,-0.0001206689491862,0.0133071116701681,0.0140555643239805,4,0.0140555643239805,1.0
2010-12-01,Beige_Book,https://www.federalreserve.gov/fomc/beigebook/2010/20101201/default.htm,XLI,-0.003175685333419,0.0025753712090922,0.0046505690900365,4,0.0046505690900365,1.0
2010-12-01,Beige_Book,https://www.federalreserve.gov/fomc/beigebook/2010/20101201/default.htm,XLK,0.0042984108031131,-0.0001630829403916,0.0004757150270048,4,0.0004757150270048,1.0
2010-12-01,Beige_Book,https://www.federalreserve.gov/fomc/beigebook/2010/20101201/default.htm,XLP,-0.0010532377248407,-0.015830905076358,-0.0108342244216284,3,-0.015830905076358,0.6843717632928213
2010-12-01,Beige_Book,https://www.federalreserve.gov/fomc/beigebook/2010/20101201/default.htm,XLU,-0.0043244331110293,-0.0121853761186531,-0.0194893947778814,4,-0.0194893947778814,1.0
2010-12-01,Beige_Book,https://www.federalreserve.gov/fomc/beigebook/2010/20101201/default.htm,XLV,0.0035422517962009,-0.0130970368583803,-0.0130201380740805,3,-0.0130970368583803,0.9941285357038149
2010-12-01,Beige_Book,https://www.federalreserve.gov/fomc/beigebook/2010/20101201/default.htm,XLY,-0.0034148155853596,0.0001621663541314,0.0001256191335171,1,0.0001926617830911,0.6520189500047401
2011-01-12,Beige_Book,https://www.federalreserve.gov/monetarypolicy/beigebook/beigebook201101.htm,XLB,-0.0045372770750833,-0.0082824583395174,-0.0215484224556395,4,-0.0215484224556395,1.0
2011-01-12,Beige_Book,https://www.federalreserve.gov/monetarypolicy/beigebook/beigebook201101.htm,XLE,-0.0130716590535635,0.0069360877475969,0.0046437371424077,3,0.0069360877475969,0.669503805515809
2011-01-12,Beige_Book,https://www.federalreserve.gov/monetarypolicy/beigebook/beigebook201101.htm,XLF,-0.00016394969198,-0.0005266043299191,-0.0129840087889876,4,-0.0129840087889876,1.0
2011-01-12,Beige_Book,https://www.federalreserve.gov/monetarypolicy/beigebook/beigebook201101.htm,XLI,-0.00013719688207,0.0049608578096331,0.0042598498176658,3,0.0049608578096331,0.8586921821048634
2011-01-12,Beige_Book,https://www.federalreserve.gov/monetarypolicy/beigebook/beigebook201101.htm,XLK,0.0050961479092979,0.0019296345197954,0.0044822719905035,4,0.0044822719905035,1.0
2011-01-12,Beige_Book,https://www.federalreserve.gov/monetarypolicy/beigebook/beigebook201101.htm,XLP,0.0042324167008669,-0.0045809867510913,0.0031795715354717,1,0.0036826439812831,0.8633936790066465
2011-01-12,Beige_Book,https://www.federalreserve.gov/monetarypolicy/beigebook/beigebook201101.htm,XLU,0.001952168678529,-0.0009928538879475,0.0062982364518922,4,0.0062982364518922,1.0
2011-01-12,Beige_Book,https://www.federalreserve.gov/monetarypolicy/beigebook/beigebook201101.htm,XLV,-0.0014589197602776,-0.0076007368084843,-0.0046069872070961,2,-0.0096287204813235,0.47846307471819494
2011-01-12,Beige_Book,https://www.federalreserve.gov/monetarypolicy/beigebook/beigebook201101.htm,XLY,0.0038099442747525,0.0001009627790098,-8.608952510658074e-05,2,-0.0010984795806527,0.07837152972422815
2011-01-26,FOMC_statement,https://www.federalreserve.gov/newsevents/pressreleases/monetary20110126a.htm,XLB,-0.0007777317129207,0.0002573596425227,0.0111822418449328,5,0.0111822418449328,1.0
2011-01-26,FOMC_statement,https://www.federalreserve.gov/newsevents/pressreleases/monetary20110126a.htm,XLE,0.003384385194413,0.0259794379636342,0.0273436465963086,5,0.0273436465963086,1.0
2011-01-26,FOMC_statement,https://www.federalreserve.gov/newsevents/pressreleases/monetary20110126a.htm,XLF,0.0023665968004655,0.0077127979152548,0.006581993681119,4,0.0124355080356096,0.5292902921433675
2011-01-26,FOMC_statement,https://www.federalreserve.gov/newsevents/pressreleases/monetary20110126a.htm,XLI,0.0016456299876549,0.0030610806660186,-0.0002280810075323,2,-0.0008656072692682,0.26349248167142103
2011-01-26,FOMC_statement,https://www.federalreserve.gov/newsevents/pressreleases/monetary20110126a.htm,XLK,-0.0040587042695103,-0.0059828499224615,-0.0012583042173448,3,-0.0059828499224615,0.21031853274820253
2011-01-26,FOMC_statement,https://www.federalreserve.gov/newsevents/pressreleases/monetary20110126a.htm,XLP,-0.0028433387429629,-0.0156902549649143,-0.0262968524090576,5,-0.0262968524090576,1.0
2011-01-26,FOMC_statement,https://www.federalreserve.gov/newsevents/pressreleases/monetary20110126a.htm,XLU,0.0020979066234777,4.086320481933026e-05,-0.0092737019118588,5,-0.0092737019118588,1.0
2011-01-26,FOMC_statement,https://www.federalreserve.gov/newsevents/pressreleases/monetary20110126a.htm,XLV,0.000541766500502,-0.005833158851065,-0.0053483215588877,3,-0.005833158851065,0.9168825494802391
2011-01-26,FOMC_statement,https://www.federalreserve.gov/newsevents/pressreleases/monetary20110126a.htm,XLY,1.558941739165931e-05,-0.0150754841523186,-0.0202613963834503,5,-0.0202613963834503,1.0
2011-03-02,Beige_Book,https://www.federalreserve.gov/monetarypolicy/beigebook/beigebook20110302.htm,XLB,0.007909406780275,-0.007981230617756,-0.0052670684656919,3,-0.007981230617756,0.6599318724075144
2011-03-02,Beige_Book,https://www.federalreserve.gov/monetarypolicy/beigebook/beigebook20110302.htm,XLE,0.002044131099438,0.001915672538731,-0.0150613911273075,4,-0.0150613911273075,1.0
2011-03-02,Beige_Book,https://www.federalreserve.gov/monetarypolicy/beigebook/beigebook20110302.htm,XLF,0.0046918306022728,-0.0003472594003284,0.0128407830481731,4,0.0128407830481731,1.0
2011-03-02,Beige_Book,https://www.federalreserve.gov/monetarypolicy/beigebook/beigebook20110302.htm,XLI,0.0046727800960371,0.0012629359999125,0.0081297957335484,4,0.0081297957335484,1.0
2011-03-02,Beige_Book,https://www.federalreserve.gov/monetarypolicy/beigebook/beigebook20110302.htm,XLK,0.0025285700774028,-0.0066104696737276,-0.006925580286617,4,-0.006925580286617,1.0
2011-03-02,Beige_Book,https://www.federalreserve.gov/monetarypolicy/beigebook/beigebook20110302.htm,XLP,-0.0089336308965477,0.0012396184111191,0.0013034558217124,4,0.0013034558217124,1.0
2011-03-02,Beige_Book,https://www.federalreserve.gov/monetarypolicy/beigebook/beigebook20110302.htm,XLU,-0.0067068496378949,0.0072738618617061,0.0097285120051661,4,0.0097285120051661,1.0
2011-03-02,Beige_Book,https://www.federalreserve.gov/monetarypolicy/beigebook/beigebook20110302.htm,XLV,-0.0087145088845017,0.009675451756814,0.0064002499192485,3,0.009675451756814,0.6614936521946979
2011-03-02,Beige_Book,https://www.federalreserve.gov/monetarypolicy/beigebook/beigebook20110302.htm,XLY,0.0023576650859146,-0.0013903331104822,-0.002154002209621,4,-0.002154002209621,1.0
2011-03-15,FOMC_statement,https://www.federalreserve.gov/newsevents/pressreleases/monetary20110315a.htm,XLB,-0.0023448737234442,0.0042525684654243,0.0059821928404987,4,0.0059821928404987,1.0
2011-03-15,FOMC_statement,https://www.federalreserve.gov/newsevents/pressreleases/monetary20110315a.htm,XLE,-0.0114964014417208,0.011451261454627,0.0263291475646639,4,0.0263291475646639,1.0
2011-03-15,FOMC_statement,https://www.federalreserve.gov/newsevents/pressreleases/monetary20110315a.htm,XLF,0.003031382839054,0.0089051175158995,-0.0016753934615535,4,-0.0016753934615535,1.0
2011-03-15,FOMC_statement,https://www.federalreserve.gov/newsevents/pressreleases/monetary20110315a.htm,XLI,0.002415804472308,0.0049494927155187,0.0114145806838428,4,0.0114145806838428,1.0
2011-03-15,FOMC_statement,https://www.federalreserve.gov/newsevents/pressreleases/monetary20110315a.htm,XLK,-0.0013863056033307,-0.0105605303923234,-0.0091905609886605,3,-0.0105605303923234,0.8702745645560803
2011-03-15,FOMC_statement,https://www.federalreserve.gov/newsevents/pressreleases/monetary20110315a.htm,XLP,0.0010256476810215,0.0002618092542647,-0.0028438000518862,2,-0.0042221191757056,0.6735480296836823
2011-03-15,FOMC_statement,https://www.federalreserve.gov/newsevents/pressreleases/monetary20110315a.htm,XLU,0.0071847261799895,-0.0076546168461626,-0.0114944158855045,4,-0.0114944158855045,1.0
2011-03-15,FOMC_statement,https://www.federalreserve.gov/newsevents/pressreleases/monetary20110315a.htm,XLV,-0.0011447859323647,0.0004928466966088,-0.0065598503863942,4,-0.0065598503863942,1.0
2011-03-15,FOMC_statement,https://www.federalreserve.gov/newsevents/pressreleases/monetary20110315a.htm,XLY,0.0062667672408528,-0.0114821474996186,-0.011547152894297,4,-0.011547152894297,1.0
2011-04-13,Beige_Book,https://www.federalreserve.gov/monetarypolicy/beigebook/beigebook201104.htm,XLB,0.0061107764200269,0.0025538455841153,0.0141209272171972,4,0.0145887014068241,0.967935858265761
2011-04-13,Beige_Book,https://www.federalreserve.gov/monetarypolicy/beigebook/beigebook201104.htm,XLE,0.0234920919635011,0.0069683616658027,0.0212830565313359,5,0.0212830565313359,1.0
2011-04-13,Beige_Book,https://www.federalreserve.gov/monetarypolicy/beigebook/beigebook201104.htm,XLF,-0.0038289679862311,-0.0154249397696322,-0.0291562527971147,5,-0.0291562527971147,1.0
2011-04-13,Beige_Book,https://www.federalreserve.gov/monetarypolicy/beigebook/beigebook201104.htm,XLI,1.4819496798490484e-05,-0.0039616483924792,0.0016560533603914,5,0.0016560533603914,1.0
2011-04-13,Beige_Book,https://www.federalreserve.gov/monetarypolicy/beigebook/beigebook201104.htm,XLK,0.0006370744409033,-0.0060097694376634,-0.0015316222069033,4,-0.0090096044098099,0.16999882983048936
2011-04-13,Beige_Book,https://www.federalreserve.gov/monetarypolicy/beigebook/beigebook201104.htm,XLP,-0.0107624682387584,0.0114161937977143,-0.0007973097216898,5,-0.0007973097216898,1.0
2011-04-13,Beige_Book,https://www.federalreserve.gov/monetarypolicy/beigebook/beigebook201104.htm,XLU,-0.0049393164564384,0.0151203597143968,0.008939517052081,3,0.0151203597143968,0.5912238346796252
2011-04-13,Beige_Book,https://www.federalreserve.gov/monetarypolicy/beigebook/beigebook201104.htm,XLV,-0.0062806792227094,0.0099026526610664,0.0086319551491546,4,0.0125065244951195,0.6901961574155235
2011-04-13,Beige_Book,https://www.federalreserve.gov/monetarypolicy/beigebook/beigebook201104.htm,XLY,-0.006194398796575,0.0004473345769855,0.0013383966555648,5,0.0013383966555648,1.0
2011-04-27,FOMC_statement,https://www.federalreserve.gov/newsevents/pressreleases/monetary20110427a.htm,XLB,-0.0026057708370619,-0.0074668330055051,-0.0240133977489922,5,-0.0240133977489922,1.0
2011-04-27,FOMC_statement,https://www.federalreserve.gov/newsevents/pressreleases/monetary20110427a.htm,XLE,-0.0013225893950459,-0.0025966604978377,-0.0351237020725712,5,-0.0351237020725712,1.0
2011-04-27,FOMC_statement,https://www.federalreserve.gov/newsevents/pressreleases/monetary20110427a.htm,XLF,0.0023860508300352,-0.0021715760478828,0.0038010233759953,4,0.0057170015533986,0.6648631000870896
2011-04-27,FOMC_statement,https://www.federalreserve.gov/newsevents/pressreleases/monetary20110427a.htm,XLI,-0.0105852796366439,0.0019303694771911,-0.0065361492236946,5,-0.0065361492236946,1.0
2011-04-27,FOMC_statement,https://www.federalreserve.gov/newsevents/pressreleases/monetary20110427a.htm,XLK,0.0002622790950428,-0.0081689218970519,-0.0005673365402715,3,-0.0081689218970519,0.06945060161197614
2011-04-27,FOMC_statement,https://www.federalreserve.gov/newsevents/pressreleases/monetary20110427a.htm,XLP,0.0017916667329147,0.0064816731570539,0.0179800692732465,5,0.0179800692732465,1.0
2011-04-27,FOMC_statement,https://www.federalreserve.gov/newsevents/pressreleases/monetary20110427a.htm,XLU,0.0005503268745823,0.0072031744971169,0.0225642571750137,5,0.0225642571750137,1.0
2011-04-27,FOMC_statement,https://www.federalreserve.gov/newsevents/pressreleases/monetary20110427a.htm,XLV,-0.0030602781979578,0.010724205322293,0.0175792491885253,5,0.0175792491885253,1.0
2011-04-27,FOMC_statement,https://www.federalreserve.gov/newsevents/pressreleases/monetary20110427a.htm,XLY,0.0068494211758869,0.0026165995471245,0.0049677568704692,5,0.0049677568704692,1.0
2011-06-08,Beige_Book,https://www.federalreserve.gov/monetarypolicy/beigebook/beigebook201106.htm,XLB,-0.0043330875844546,0.0035900010003102,0.0048536482961095,2,0.0102262249976489,0.47462756757507263
2011-06-08,Beige_Book,https://www.federalreserve.gov/monetarypolicy/beigebook/beigebook201106.htm,XLE,-0.0006198981504167,-0.0161594625197812,-0.0126495314193936,3,-0.0161594625197812,0.7827940690421475
2011-06-08,Beige_Book,https://www.federalreserve.gov/monetarypolicy/beigebook/beigebook201106.htm,XLF,0.0013896532219952,0.020430040635448,0.0089574386265885,3,0.020430040635448,0.43844448410183384
2011-06-08,Beige_Book,https://www.federalreserve.gov/monetarypolicy/beigebook/beigebook201106.htm,XLI,-6.205916107082654e-05,-0.0025477871100541,0.0065287359310168,5,0.0065287359310168,1.0
2011-06-08,Beige_Book,https://www.federalreserve.gov/monetarypolicy/beigebook/beigebook201106.htm,XLK,0.0025360134730356,-0.0068330291407625,-0.0079540511832718,5,-0.0079540511832718,1.0
2011-06-08,Beige_Book,https://www.federalreserve.gov/monetarypolicy/beigebook/beigebook201106.htm,XLP,0.001627353801643,0.003978594115724,0.0047280264567057,5,0.0047280264567057,1.0
2011-06-08,Beige_Book,https://www.federalreserve.gov/monetarypolicy/beigebook/beigebook201106.htm,XLU,-0.001830476882724,0.004321129994774,0.001014600157973,3,0.004321129994774,0.2347997304408947
2011-06-08,Beige_Book,https://www.federalreserve.gov/monetarypolicy/beigebook/beigebook201106.htm,XLV,-0.002621160442782,0.0025929497999205,0.0026629490872814,1,0.0029129952477466,0.9141618371473047
2011-06-08,Beige_Book,https://www.federalreserve.gov/monetarypolicy/beigebook/beigebook201106.htm,XLY,-0.0016587850379669,-0.0058667368345602,0.001619831626261,5,0.001619831626261,1.0
2011-06-22,FOMC_statement,https://www.federalreserve.gov/newsevents/pressreleases/monetary20110622a.htm,XLB,-0.0120066020597926,0.0005539425765015,0.0143129131796573,5,0.0143129131796573,1.0
2011-06-22,FOMC_statement,https://www.federalreserve.gov/newsevents/pressreleases/monetary20110622a.htm,XLE,-0.0061904283872071,-0.0189578206457963,0.0003119833360452,5,0.0003119833360452,1.0
2011-06-22,FOMC_statement,https://www.federalreserve.gov/newsevents/pressreleases/monetary20110622a.htm,XLF,-0.0004082380542556,-0.0003199897947506,0.0034525452437149,5,0.0034525452437149,1.0
2011-06-22,FOMC_statement,https://www.federalreserve.gov/newsevents/pressreleases/monetary20110622a.htm,XLI,-0.0019563796036494,-0.0001543078987005,-0.0009667509122985,5,-0.0009667509122985,1.0
2011-06-22,FOMC_statement,https://www.federalreserve.gov/newsevents/pressreleases/monetary20110622a.htm,XLK,-0.0042260171327261,0.0086598352863946,0.007450025716535,1,0.0097306862557891,0.7656218195405013
2011-06-22,FOMC_statement,https://www.federalreserve.gov/newsevents/pressreleases/monetary20110622a.htm,XLP,0.0146603229801012,-0.006940721909405,-0.0207643560077774,5,-0.0207643560077774,1.0
2011-06-22,FOMC_statement,https://www.federalreserve.gov/newsevents/pressreleases/monetary20110622a.htm,XLU,0.0131013682175815,0.0074629994923732,-0.0029854301698087,1,-0.0056143758302736,0.5317474747078366
2011-06-22,FOMC_statement,https://www.federalreserve.gov/newsevents/pressreleases/monetary20110622a.htm,XLV,0.0074395620891971,-0.002054408036508,-0.0076351005760398,5,-0.0076351005760398,1.0
2011-06-22,FOMC_statement,https://www.federalreserve.gov/newsevents/pressreleases/monetary20110622a.htm,XLY,-0.006682554010398,0.0116263426628923,0.0135308974285851,4,0.0175616667922741,0.7704791116147212
2011-07-27,Beige_Book,https://www.federalreserve.gov/monetarypolicy/beigebook/beigebook201107.htm,XLB,0.0070545699787507,-0.0026867844761531,-0.0080260730874079,4,-0.0080260730874079,1.0
2011-07-27,Beige_Book,https://www.federalreserve.gov/monetarypolicy/beigebook/beigebook201107.htm,XLE,0.001049749493589,-0.0015404247699444,-0.0038943523913681,2,-0.0043542557478739,0.894378423515807
2011-07-27,Beige_Book,https://www.federalreserve.gov/monetarypolicy/beigebook/beigebook201107.htm,XLF,-0.0024211791386696,0.0085968980229629,0.0070260530476128,3,0.0085968980229629,0.8172777004968227
2011-07-27,Beige_Book,https://www.federalreserve.gov/monetarypolicy/beigebook/beigebook201107.htm,XLI,0.0147371741002603,-0.0057603579880476,-0.0150354893282391,4,-0.0150354893282391,1.0
2011-07-27,Beige_Book,https://www.federalreserve.gov/monetarypolicy/beigebook/beigebook201107.htm,XLK,-0.0082385600274742,0.0036157481407004,0.0082252806742997,4,0.0082252806742997,1.0
2011-07-27,Beige_Book,https://www.federalreserve.gov/monetarypolicy/beigebook/beigebook201107.htm,XLP,-0.0011920440029549,0.0039834382873077,0.0165102705039771,4,0.0165102705039771,1.0
2011-07-27,Beige_Book,https://www.federalreserve.gov/monetarypolicy/beigebook/beigebook201107.htm,XLU,-0.000200198651556,0.0006368668806827,0.0090524368658513,4,0.0090524368658513,1.0
2011-07-27,Beige_Book,https://www.federalreserve.gov/monetarypolicy/beigebook/beigebook201107.htm,XLV,0.0042142479439092,-0.0091243973842883,-0.0050437478489115,3,-0.0091243973842883,0.5527759956615381
2011-07-27,Beige_Book,https://www.federalreserve.gov/monetarypolicy/beigebook/beigebook201107.htm,XLY,-0.0020207562456314,-0.0010641410738303,-0.0132952323406414,4,-0.0132952323406414,1.0
2011-08-09,FOMC_statement,https://www.federalreserve.gov/newsevents/pressreleases/monetary20110809a.htm,XLB,0.0080119613795696,0.0140114997937401,0.0088166324321183,2,0.014315362528178,0.6158860744716638
2011-08-09,FOMC_statement,https://www.federalreserve.gov/newsevents/pressreleases/monetary20110809a.htm,XLE,0.0199361225631652,0.0173093288739955,0.0298957984667059,4,0.0298957984667059,1.0
2011-08-09,FOMC_statement,https://www.federalreserve.gov/newsevents/pressreleases/monetary20110809a.htm,XLF,0.0294411310171013,-0.0281143055419827,-0.017197383341228,3,-0.0281143055419827,0.6116951142736706
2011-08-09,FOMC_statement,https://www.federalreserve.gov/newsevents/pressreleases/monetary20110809a.htm,XLI,0.0054056169636333,0.0086598850892256,0.0024628880725694,3,0.0086598850892256,0.28440193457458923
2011-08-09,FOMC_statement,https://www.federalreserve.gov/newsevents/pressreleases/monetary20110809a.htm,XLK,-0.0088138587252815,-0.0013465335664256,-0.0046842882414591,4,-0.0046842882414591,1.0
2011-08-09,FOMC_statement,https://www.federalreserve.gov/newsevents/pressreleases/monetary20110809a.htm,XLP,-0.0273436896929585,-0.0041500521087156,-0.0110968827720796,4,-0.0110968827720796,1.0
2011-08-09,FOMC_statement,https://www.federalreserve.gov/newsevents/pressreleases/monetary20110809a.htm,XLU,-0.0121287011898859,0.009843424825126,0.0227481945576741,1,0.0252615914201946,0.9005052048893784
2011-08-09,FOMC_statement,https://www.federalreserve.gov/newsevents/pressreleases/monetary20110809a.htm,XLV,-0.0138816897172183,0.0059837797011825,0.0015697443844346,3,0.0059837797011825,0.2623332513602382
2011-08-09,FOMC_statement,https://www.federalreserve.gov/newsevents/pressreleases/monetary20110809a.htm,XLY,-0.0023824854424717,0.0065165912939031,4.585307838689267e-05,3,0.0065165912939031,0.0070363593969431
2011-09-07,Beige_Book,https://www.federalreserve.gov/monetarypolicy/beigebook/beigebook201109.htm,XLB,-0.0019981132589935,-0.0226800243770644,-0.0137796943323269,3,-0.0226800243770644,0.6075696438078733
2011-09-07,Beige_Book,https://www.federalreserve.gov/monetarypolicy/beigebook/beigebook201109.htm,XLE,0.0035756103631271,-0.0098060534949981,-0.0176716181224101,5,-0.0176716181224101,1.0
2011-09-07,Beige_Book,https://www.federalreserve.gov/monetarypolicy/beigebook/beigebook201109.htm,XLF,0.0102459118154456,-0.0117814362428144,-0.0162808728625482,2,-0.0167578855348761,0.9715350321891655
2011-09-07,Beige_Book,https://www.federalreserve.gov/monetarypolicy/beigebook/beigebook201109.htm,XLI,0.0030751138609939,-0.0095766324411382,0.0034597271556108,5,0.0034597271556108,1.0
2011-09-07,Beige_Book,https://www.federalreserve.gov/monetarypolicy/beigebook/beigebook201109.htm,XLK,-0.0026399220317555,0.0158260250018177,0.0195590952972452,5,0.0195590952972452,1.0
2011-09-07,Beige_Book,https://www.federalreserve.gov/monetarypolicy/beigebook/beigebook201109.htm,XLP,-0.0033421581939184,0.0063660329189404,-0.001042115732433,5,-0.001042115732433,1.0
2011-09-07,Beige_Book,https://www.federalreserve.gov/monetarypolicy/beigebook/beigebook201109.htm,XLU,-0.002490861258068,0.0174550683253627,0.008001401522812,3,0.0174550683253627,0.4583998970193512
2011-09-07,Beige_Book,https://www.federalreserve.gov/monetarypolicy/beigebook/beigebook201109.htm,XLV,-0.0097628902783611,-0.0069777235869298,-0.0101408680973754,5,-0.0101408680973754,1.0
2011-09-07,Beige_Book,https://www.federalreserve.gov/monetarypolicy/beigebook/beigebook201109.htm,XLY,-0.0042470716536422,0.0020429551249531,0.0072939584457664,5,0.0072939584457664,1.0
2011-09-21,FOMC_statement,https://www.federalreserve.gov/newsevents/pressreleases/monetary20110921a.htm,XLB,0.0105969044060405,-0.0231474684916214,-0.0373415236455999,5,-0.0373415236455999,1.0
2011-09-21,FOMC_statement,https://www.federalreserve.gov/newsevents/pressreleases/monetary20110921a.htm,XLE,0.0050450837703354,-0.0282574296226549,-0.0371171038034154,2,-0.0409335754468422,0.9067642735391389
2011-09-21,FOMC_statement,https://www.federalreserve.gov/newsevents/pressreleases/monetary20110921a.htm,XLF,0.0020214367060487,0.0288494687518859,0.0144537141119946,3,0.0288494687518859,0.5010045154141619
2011-09-21,FOMC_statement,https://www.federalreserve.gov/newsevents/pressreleases/monetary20110921a.htm,XLI,0.0060986820387526,0.0006161691324297,0.0019816884050284,4,0.0070699460536785,0.28029752843691436
2011-09-21,FOMC_statement,https://www.federalreserve.gov/newsevents/pressreleases/monetary20110921a.htm,XLK,0.0012439835417692,-0.0046360798189158,0.0031344426895941,2,0.006644052231394,0.47176671411212806
2011-09-21,FOMC_statement,https://www.federalreserve.gov/newsevents/pressreleases/monetary20110921a.htm,XLP,-0.0031256153042437,0.0048857402648198,0.0012633608932899,1,0.0133305371538029,0.09477194194905281
2011-09-21,FOMC_statement,https://www.federalreserve.gov/newsevents/pressreleases/monetary20110921a.htm,XLU,-0.0156644009484688,0.0036374419576605,0.0063761658546357,2,0.0193359115704296,0.32975770660777987
2011-09-21,FOMC_statement,https://www.federalreserve.gov/newsevents/pressreleases/monetary20110921a.htm,XLV,-0.0103348285136194,-0.0008818245632159,0.0064300343557642,1,0.012087684901575,0.5319492035175718
2011-09-21,FOMC_statement,https://www.federalreserve.gov/newsevents/pressreleases/monetary20110921a.htm,XLY,0.0041414736303156,0.0110492446409942,0.0100103344889072,2,0.0113194467566313,0.8843483877021482
2011-10-19,Beige_Book,https://www.federalreserve.gov/monetarypolicy/beigebook/beigebook201110.htm,XLB,-0.0061184627553898,0.0241161411042512,0.025958998830475,5,0.025958998830475,1.0
2011-10-19,Beige_Book,https://www.federalreserve.gov/monetarypolicy/beigebook/beigebook201110.htm,XLE,-0.0125691924581241,0.0037128329973727,0.0137375713136508,5,0.0137375713136508,1.0
2011-10-19,Beige_Book,https://www.federalreserve.gov/monetarypolicy/beigebook/beigebook201110.htm,XLF,-0.0279561590190744,0.0273116614710386,0.0244563018580064,3,0.0273116614710386,0.8954527312056779
2011-10-19,Beige_Book,https://www.federalreserve.gov/monetarypolicy/beigebook/beigebook201110.htm,XLI,-0.0092360732664986,0.0108878605073436,0.0067959019924053,3,0.0108878605073436,0.6241723971226145
2011-10-19,Beige_Book,https://www.federalreserve.gov/monetarypolicy/beigebook/beigebook201110.htm,XLK,0.0105574362117717,-0.0116077870770634,-0.0138239835211474,2,-0.0150148292068077,0.9206886958713874
2011-10-19,Beige_Book,https://www.federalreserve.gov/monetarypolicy/beigebook/beigebook201110.htm,XLP,0.0120439705438355,-0.0209510036957318,-0.0134665031489802,3,-0.0209510036957318,0.6427617189396818
2011-10-19,Beige_Book,https://www.federalreserve.gov/monetarypolicy/beigebook/beigebook201110.htm,XLU,0.0124531972080459,-0.0174448162291032,-0.015312130131583,3,-0.0174448162291032,0.8777467145820522
2011-10-19,Beige_Book,https://www.federalreserve.gov/monetarypolicy/beigebook/beigebook201110.htm,XLV,0.0121172714371513,-0.0014223041495843,0.0009928104241953,5,0.0009928104241953,1.0
2011-10-19,Beige_Book,https://www.federalreserve.gov/monetarypolicy/beigebook/beigebook201110.htm,XLY,-0.0007813181550482,0.0118225646409366,-0.0045397870966126,5,-0.0045397870966126,1.0
2011-11-02,FOMC_statement,https://www.federalreserve.gov/newsevents/pressreleases/monetary20111102a.htm,XLB,-0.0011830471512676,0.0083229614060407,-0.004432954410827,5,-0.004432954410827,1.0
2011-11-02,FOMC_statement,https://www.federalreserve.gov/newsevents/pressreleases/monetary20111102a.htm,XLE,0.0043878272073938,0.0126212917078046,0.0088114014945469,4,0.016120150875723,0.5466078799434129
2011-11-02,FOMC_statement,https://www.federalreserve.gov/newsevents/pressreleases/monetary20111102a.htm,XLF,0.0195192297364994,-0.0090691561688146,-0.0206492797152502,5,-0.0206492797152502,1.0
2011-11-02,FOMC_statement,https://www.federalreserve.gov/newsevents/pressreleases/monetary20111102a.htm,XLI,0.0023329723595693,0.0008661613678221,-0.0025273379226262,5,-0.0025273379226262,1.0
2011-11-02,FOMC_statement,https://www.federalreserve.gov/newsevents/pressreleases/monetary20111102a.htm,XLK,-0.0002067071707095,0.0055215740968113,0.006341970236911,5,0.006341970236911,1.0
2011-11-02,FOMC_statement,https://www.federalreserve.gov/newsevents/pressreleases/monetary20111102a.htm,XLP,-0.0104913098158063,-0.0033879875103511,0.0071634278408411,5,0.0071634278408411,1.0
2011-11-02,FOMC_statement,https://www.federalreserve.gov/newsevents/pressreleases/monetary20111102a.htm,XLU,-0.0069413163647988,-0.0053696601835155,0.0034976728694965,5,0.0034976728694965,1.0
2011-11-02,FOMC_statement,https://www.federalreserve.gov/newsevents/pressreleases/monetary20111102a.htm,XLV,-0.008817963873945,-0.0049848561603462,0.002471717751889,5,0.002471717751889,1.0
2011-11-02,FOMC_statement,https://www.federalreserve.gov/newsevents/pressreleases/monetary20111102a.htm,XLY,-0.0063608626334898,-0.0027970780843612,-0.0046679645417837,4,-0.0059266653140489,0.7876207436108286
2011-11-30,Beige_Book,https://www.federalreserve.gov/monetarypolicy/beigebook/beigebook201111.htm,XLB,0.0009986519952394,-0.0132070558172205,-0.0042217747813135,2,-0.0140794128982058,0.29985446210271305
2011-11-30,Beige_Book,https://www.federalreserve.gov/monetarypolicy/beigebook/beigebook201111.htm,XLE,-0.0115063263146328,-0.0038516971162522,-0.0043089167938666,1,-0.0053429786082105,0.8064634185967229
2011-11-30,Beige_Book,https://www.federalreserve.gov/monetarypolicy/beigebook/beigebook201111.htm,XLF,0.0077865731527256,0.0181670088126257,0.0186092129459707,4,0.0186092129459707,1.0
2011-11-30,Beige_Book,https://www.federalreserve.gov/monetarypolicy/beigebook/beigebook201111.htm,XLI,0.0019080832490119,-0.0044905256589777,-0.0051009589344499,4,-0.0051009589344499,1.0
2011-11-30,Beige_Book,https://www.federalreserve.gov/monetarypolicy/beigebook/beigebook201111.htm,XLK,0.0080817794076567,0.0061026720178056,0.0054016828146814,3,0.0061026720178056,0.8851340525791092
2011-11-30,Beige_Book,https://www.federalreserve.gov/monetarypolicy/beigebook/beigebook201111.htm,XLP,-0.0075332159814147,-0.0088870440602132,-0.0079514325943631,3,-0.0088870440602132,0.8947218603271273
2011-11-30,Beige_Book,https://www.federalreserve.gov/monetarypolicy/beigebook/beigebook201111.htm,XLU,-0.0080906813586278,-0.0151759633927089,-0.0126372083234357,3,-0.0151759633927089,0.8327120984956439
2011-11-30,Beige_Book,https://www.federalreserve.gov/monetarypolicy/beigebook/beigebook201111.htm,XLV,-0.0014598641275653,-0.0189644781108041,-0.0151105968146388,3,-0.0189644781108041,0.7967842155398025
2011-11-30,Beige_Book,https://www.federalreserve.gov/monetarypolicy/beigebook/beigebook201111.htm,XLY,-0.0006321904362736,0.0078746085720587,0.0042606745543762,2,0.0095524385272779,0.4460300416704528
2011-12-13,FOMC_statement,https://www.federalreserve.gov/newsevents/pressreleases/monetary20111213a.htm,XLB,0.0091560787533194,0.0064741351101971,-0.0006632735624665,1,-0.0015754186958538,0.4210141495794793
2011-12-13,FOMC_statement,https://www.federalreserve.gov/newsevents/pressreleases/monetary20111213a.htm,XLE,0.0087675077821433,-0.0161686707630195,-0.0230154725980552,2,-0.0253367930347208,0.9083814422178637
2011-12-13,FOMC_statement,https://www.federalreserve.gov/newsevents/pressreleases/monetary20111213a.htm,XLF,0.009066813531539,0.0063838101102079,-0.005253170121198,4,-0.005253170121198,1.0
2011-12-13,FOMC_statement,https://www.federalreserve.gov/newsevents/pressreleases/monetary20111213a.htm,XLI,0.0036538398748169,0.005012751712916,0.0052975160793821,4,0.0052975160793821,1.0
2011-12-13,FOMC_statement,https://www.federalreserve.gov/newsevents/pressreleases/monetary20111213a.htm,XLK,-0.0019243819387813,-0.0093850646069444,-0.0083010059566481,2,-0.0106729931814784,0.777758011787492
2011-12-13,FOMC_statement,https://www.federalreserve.gov/newsevents/pressreleases/monetary20111213a.htm,XLP,-0.0055383426335554,0.0095448825770328,0.0161084349445398,4,0.0161084349445398,1.0
2011-12-13,FOMC_statement,https://www.federalreserve.gov/newsevents/pressreleases/monetary20111213a.htm,XLU,-0.006026498502452,0.0084234341275533,0.0115873931358241,2,0.0128497925740131,0.9017572127396029
2011-12-13,FOMC_statement,https://www.federalreserve.gov/newsevents/pressreleases/monetary20111213a.htm,XLV,-0.0027703415312354,0.0127055892035182,0.0233975151498265,4,0.0233975151498265,1.0
2011-12-13,FOMC_statement,https://www.federalreserve.gov/newsevents/pressreleases/monetary20111213a.htm,XLY,-0.0115484342024179,-0.0032752056760063,-0.0036648750287049,4,-0.0036648750287049,1.0
2012-01-11,Beige_Book,https://www.federalreserve.gov/monetarypolicy/beigebook/beigebook201201.htm,XLB,-0.0099860681780501,0.0117798252111085,0.0120185115268545,4,0.0120185115268545,1.0
2012-01-11,Beige_Book,https://www.federalreserve.gov/monetarypolicy/beigebook/beigebook201201.htm,XLE,-0.0002302716176261,-0.0084336527988877,-0.0030450527059124,1,-0.011767980104222,0.2587574655076045
2012-01-11,Beige_Book,https://www.federalreserve.gov/monetarypolicy/beigebook/beigebook201201.htm,XLF,-0.0091469010126898,-0.0126453906125981,-0.0083841143452217,3,-0.0126453906125981,0.6630174268297366
2012-01-11,Beige_Book,https://www.federalreserve.gov/monetarypolicy/beigebook/beigebook201201.htm,XLI,-0.0056771501355576,0.0048800178439233,0.0027948390015749,1,0.0063432097267728,0.44060327845991226
2012-01-11,Beige_Book,https://www.federalreserve.gov/monetarypolicy/beigebook/beigebook201201.htm,XLK,0.0051996509644332,0.0027569933219689,0.006204089043316,4,0.006204089043316,1.0
2012-01-11,Beige_Book,https://www.federalreserve.gov/monetarypolicy/beigebook/beigebook201201.htm,XLP,0.0052553635423291,0.0013836088086717,-0.0075026125358649,4,-0.0075026125358649,1.0
2012-01-11,Beige_Book,https://www.federalreserve.gov/monetarypolicy/beigebook/beigebook201201.htm,XLU,0.0072447744469832,-0.0039694457215921,-0.0153129479085493,4,-0.0153129479085493,1.0
2012-01-11,Beige_Book,https://www.federalreserve.gov/monetarypolicy/beigebook/beigebook201201.htm,XLV,0.0012822082701993,0.0037070888370286,-0.0017388221858806,4,-0.0017388221858806,1.0
2012-01-11,Beige_Book,https://www.federalreserve.gov/monetarypolicy/beigebook/beigebook201201.htm,XLY,0.0021691912337975,0.0033578557327745,0.0083546834243176,4,0.0083546834243176,1.0
2012-01-25,FOMC_statement,https://www.federalreserve.gov/newsevents/pressreleases/monetary20120125a.htm,XLB,-0.0011395948897977,0.0089998098578295,0.0116517309424172,5,0.0116517309424172,1.0
2012-01-25,FOMC_statement,https://www.federalreserve.gov/newsevents/pressreleases/monetary20120125a.htm,XLE,0.0017793401250694,-0.0114852160513773,-0.0222264971517537,5,-0.0222264971517537,1.0
2012-01-25,FOMC_statement,https://www.federalreserve.gov/newsevents/pressreleases/monetary20120125a.htm,XLF,0.0002694282953324,-0.005101561366296,0.0064547230374544,5,0.0064547230374544,1.0
2012-01-25,FOMC_statement,https://www.federalreserve.gov/newsevents/pressreleases/monetary20120125a.htm,XLI,-0.0022472195824149,0.002695535452459,0.0020586521841591,1,0.0032144815817188,0.6404305427870357
2012-01-25,FOMC_statement,https://www.federalreserve.gov/newsevents/pressreleases/monetary20120125a.htm,XLK,-0.000396130231572,0.0053249520581452,0.008790448473846,5,0.008790448473846,1.0
2012-01-25,FOMC_statement,https://www.federalreserve.gov/newsevents/pressreleases/monetary20120125a.htm,XLP,0.0044209691931684,-0.007987299275596,-0.0085580225622627,5,-0.0085580225622627,1.0
2012-01-25,FOMC_statement,https://www.federalreserve.gov/newsevents/pressreleases/monetary20120125a.htm,XLU,0.0069176496090651,-0.0061413073444804,-0.0061319783819717,3,-0.0061413073444804,0.9984809484389208
2012-01-25,FOMC_statement,https://www.federalreserve.gov/newsevents/pressreleases/monetary20120125a.htm,XLV,-0.0014199423492143,0.0037120401285247,0.0059503054610187,5,0.0059503054610187,1.0
2012-01-25,FOMC_statement,https://www.federalreserve.gov/newsevents/pressreleases/monetary20120125a.htm,XLY,-0.0040571680104165,0.0036957585398071,-0.0015348141772989,5,-0.0015348141772989,1.0
2012-02-29,Beige_Book,https://www.federalreserve.gov/monetarypolicy/beigebook/beigebook201202.htm,XLB,-0.0002787675834163,-0.0054617351857452,-0.0112779786033023,4,-0.0112779786033023,1.0
2012-02-29,Beige_Book,https://www.federalreserve.gov/monetarypolicy/beigebook/beigebook201202.htm,XLE,0.0062063643115465,-0.0062362283503997,-0.0079050642919926,4,-0.0079050642919926,1.0
2012-02-29,Beige_Book,https://www.federalreserve.gov/monetarypolicy/beigebook/beigebook201202.htm,XLF,0.0002098594537718,0.0053998882411524,-0.0042828246983839,4,-0.0042828246983839,1.0
2012-02-29,Beige_Book,https://www.federalreserve.gov/monetarypolicy/beigebook/beigebook201202.htm,XLI,0.0042491504342699,-0.0074514714963369,-0.0153312498381157,4,-0.0153312498381157,1.0
2012-02-29,Beige_Book,https://www.federalreserve.gov/monetarypolicy/beigebook/beigebook201202.htm,XLK,-0.0043580566484975,-0.0021522529646497,0.002761330372948,4,0.002761330372948,1.0
2012-02-29,Beige_Book,https://www.federalreserve.gov/monetarypolicy/beigebook/beigebook201202.htm,XLP,-0.0004105570266952,0.0058622286175553,0.0120945275506826,4,0.0120945275506826,1.0
2012-02-29,Beige_Book,https://www.federalreserve.gov/monetarypolicy/beigebook/beigebook201202.htm,XLU,0.0077635783799638,0.0062420010981543,0.016871821829049,4,0.016871821829049,1.0
2012-02-29,Beige_Book,https://www.federalreserve.gov/monetarypolicy/beigebook/beigebook201202.htm,XLV,-0.0009453192603459,0.003344761101055,0.0049970689023459,4,0.0049970689023459,1.0
2012-02-29,Beige_Book,https://www.federalreserve.gov/monetarypolicy/beigebook/beigebook201202.htm,XLY,-0.0026503775772055,0.0086733911519704,0.0076594942671575,3,0.0086733911519704,0.883102598851135
2012-03-13,FOMC_statement,https://www.federalreserve.gov/newsevents/pressreleases/monetary20120313a.htm,XLB,0.0055309431507687,-0.0006486015114476,0.0016307034856072,4,0.0016307034856072,1.0
2012-03-13,FOMC_statement,https://www.federalreserve.gov/newsevents/pressreleases/monetary20120313a.htm,XLE,0.0055986233659303,-0.000366526432788,0.0002590306454285,4,0.0002590306454285,1.0
2012-03-13,FOMC_statement,https://www.federalreserve.gov/newsevents/pressreleases/monetary20120313a.htm,XLF,0.0027588107884101,0.0165122584740131,0.0176814470382775,4,0.0176814470382775,1.0
2012-03-13,FOMC_statement,https://www.federalreserve.gov/newsevents/pressreleases/monetary20120313a.htm,XLI,0.0003427826396842,0.0039026866045585,-1.733549491367281e-05,1,-0.0013106937205235,0.01322619818972574
2012-03-13,FOMC_statement,https://www.federalreserve.gov/newsevents/pressreleases/monetary20120313a.htm,XLK,-0.0012982644746803,-0.0002051661205252,0.0032377074025985,1,0.0047622269129417,0.6798725599991452
2012-03-13,FOMC_statement,https://www.federalreserve.gov/newsevents/pressreleases/monetary20120313a.htm,XLP,-0.0035131600771303,-0.0079341791941548,-0.0112592221100019,4,-0.0112592221100019,1.0
2012-03-13,FOMC_statement,https://www.federalreserve.gov/newsevents/pressreleases/monetary20120313a.htm,XLU,-0.0113008464352133,-0.0226107342384395,-0.0334313142266978,4,-0.0334313142266978,1.0
2012-03-13,FOMC_statement,https://www.federalreserve.gov/newsevents/pressreleases/monetary20120313a.htm,XLV,7.252453110151436e-05,-0.0048590668574406,-0.0090506901333661,4,-0.0090506901333661,1.0
2012-03-13,FOMC_statement,https://www.federalreserve.gov/newsevents/pressreleases/monetary20120313a.htm,XLY,0.002801340704534,-0.0072919487208429,-0.0060258455770108,3,-0.0072919487208429,0.8263697137346646
2012-04-11,Beige_Book,https://www.federalreserve.gov/monetarypolicy/beigebook/beigebook201204.htm,XLB,0.0037983533100837,0.0180172864383498,0.0173828040110199,3,0.0180172864383498,0.9647847954518053
2012-04-11,Beige_Book,https://www.federalreserve.gov/monetarypolicy/beigebook/beigebook201204.htm,XLE,0.0028956704751307,-0.0004418119441942,0.0023726915898607,1,0.0087628426218362,0.2707673402633262
2012-04-11,Beige_Book,https://www.federalreserve.gov/monetarypolicy/beigebook/beigebook201204.htm,XLF,0.0047831560144533,0.0019169371995233,-0.0028688018984543,2,-0.0060088814036837,0.4774269461693157
2012-04-11,Beige_Book,https://www.federalreserve.gov/monetarypolicy/beigebook/beigebook201204.htm,XLI,0.0035608851493361,0.0108308943823326,0.0115473196209869,4,0.0124893915356295,0.9245702313075
2012-04-11,Beige_Book,https://www.federalreserve.gov/monetarypolicy/beigebook/beigebook201204.htm,XLK,-0.0027669658294566,-0.0141613599041225,-0.011099769379641,3,-0.0141613599041225,0.7838067427697927
2012-04-11,Beige_Book,https://www.federalreserve.gov/monetarypolicy/beigebook/beigebook201204.htm,XLP,-0.0078939826842953,0.0042369594530676,0.0028720514551902,3,0.0042369594530676,0.6778567241446709
2012-04-11,Beige_Book,https://www.federalreserve.gov/monetarypolicy/beigebook/beigebook201204.htm,XLU,-0.0038208503290737,0.008520362005731,0.0005596493350864,3,0.008520362005731,0.06568375084415033
2012-04-11,Beige_Book,https://www.federalreserve.gov/monetarypolicy/beigebook/beigebook201204.htm,XLV,-0.0054464610849912,-0.004819105240899,-0.004187497887336,1,-0.0076235410166374,0.549285152161879
2012-04-11,Beige_Book,https://www.federalreserve.gov/monetarypolicy/beigebook/beigebook201204.htm,XLY,0.0076535549463645,0.0058968864646297,0.0066120290101484,2,0.0088314196460805,0.748693785951266
2012-04-25,FOMC_statement,https://www.federalreserve.gov/newsevents/pressreleases/monetary20120425a.htm,XLB,0.0038017492377953,-0.008135620512526,-0.0102509690308293,5,-0.0102509690308293,1.0
2012-04-25,FOMC_statement,https://www.federalreserve.gov/newsevents/pressreleases/monetary20120425a.htm,XLE,-0.0036014233436902,0.0114431266033875,0.0061948564700623,4,0.0195411254400922,0.317016360652003
2012-04-25,FOMC_statement,https://www.federalreserve.gov/newsevents/pressreleases/monetary20120425a.htm,XLF,-0.0074715921570793,-0.0016078678666898,-0.0021712308028322,5,-0.0021712308028322,1.0
2012-04-25,FOMC_statement,https://www.federalreserve.gov/newsevents/pressreleases/monetary20120425a.htm,XLI,-0.009399541242868,-0.0021192761228432,-0.002114064373634,4,-0.0053673663882902,0.393873684167748
2012-04-25,FOMC_statement,https://www.federalreserve.gov/newsevents/pressreleases/monetary20120425a.htm,XLK,0.0058675074717819,-0.0045164958906955,-0.0037302527296633,4,-0.0073824557616435,0.5052861608794609
2012-04-25,FOMC_statement,https://www.federalreserve.gov/newsevents/pressreleases/monetary20120425a.htm,XLP,0.003505514135432,0.0001262945694624,0.0003990254772719,1,0.0021464566316555,0.18589962237631755
2012-04-25,FOMC_statement,https://www.federalreserve.gov/newsevents/pressreleases/monetary20120425a.htm,XLU,-0.0030811725963755,0.0055469041863743,0.0014994996580066,3,0.0055469041863743,0.2703309102922758
2012-04-25,FOMC_statement,https://www.federalreserve.gov/newsevents/pressreleases/monetary20120425a.htm,XLV,0.0002879895423433,-0.0051722848555132,-0.0065351405074655,2,-0.0083436795343906,0.7832444283759048
2012-04-25,FOMC_statement,https://www.federalreserve.gov/newsevents/pressreleases/monetary20120425a.htm,XLY,0.0071990227268808,0.0142992998479839,0.0230864468512337,5,0.0230864468512337,1.0
2012-06-06,Beige_Book,https://www.federalreserve.gov/monetarypolicy/beigebook/beigebook201206.htm,XLB,-0.0020874064560096,-0.0059223528096213,-0.0077870674262494,5,-0.0077870674262494,1.0
2012-06-06,Beige_Book,https://www.federalreserve.gov/monetarypolicy/beigebook/beigebook201206.htm,XLE,-0.0009775852661133,-0.0087274568333955,-0.0123861063718815,5,-0.0123861063718815,1.0
2012-06-06,Beige_Book,https://www.federalreserve.gov/monetarypolicy/beigebook/beigebook201206.htm,XLF,-0.0088948542622353,-0.0027939124267329,0.0036912950430415,5,0.0036912950430415,1.0
2012-06-06,Beige_Book,https://www.federalreserve.gov/monetarypolicy/beigebook/beigebook201206.htm,XLI,0.0045745667337404,0.0042677745255443,0.0051543824438217,4,0.0087890053016244,0.5864579968872083
2012-06-06,Beige_Book,https://www.federalreserve.gov/monetarypolicy/beigebook/beigebook201206.htm,XLK,0.0013585324713687,-0.0038876180221041,-0.0049849372894258,1,-0.0055779906839976,0.8936797445228477
2012-06-06,Beige_Book,https://www.federalreserve.gov/monetarypolicy/beigebook/beigebook201206.htm,XLP,0.0087740552117523,0.0115896317408616,0.0097425763436094,3,0.0115896317408616,0.8406286378591279
2012-06-06,Beige_Book,https://www.federalreserve.gov/monetarypolicy/beigebook/beigebook201206.htm,XLU,0.0039436282710281,0.0131823864202034,0.0094450737071851,3,0.0131823864202034,0.7164919466106324
2012-06-06,Beige_Book,https://www.federalreserve.gov/monetarypolicy/beigebook/beigebook201206.htm,XLV,0.0019529497156032,0.001993521558417,0.0051791397585093,5,0.0051791397585093,1.0
2012-06-06,Beige_Book,https://www.federalreserve.gov/monetarypolicy/beigebook/beigebook201206.htm,XLY,0.0020820906433276,-0.0022327995626055,-0.0111485006738967,5,-0.0111485006738967,1.0
2012-06-20,FOMC_statement,https://www.federalreserve.gov/newsevents/pressreleases/monetary20120620a.htm,XLB,-0.0093424634909016,-0.0092088594844809,-0.0090727901263986,2,-0.0126705575103187,0.7160529533929242
2012-06-20,FOMC_statement,https://www.federalreserve.gov/newsevents/pressreleases/monetary20120620a.htm,XLE,-0.0047827041680628,-0.0258846782416263,-0.0083871172272603,3,-0.0258846782416263,0.32401860084830436
2012-06-20,FOMC_statement,https://www.federalreserve.gov/newsevents/pressreleases/monetary20120620a.htm,XLF,-0.007158312463338,-0.0030234567771944,-3.231320735641585e-05,4,-0.0030635782904578,0.010547537648070742
2012-06-20,FOMC_statement,https://www.federalreserve.gov/newsevents/pressreleases/monetary20120620a.htm,XLI,-0.0037400946413053,-0.0037159897635686,-0.0063415598312445,4,-0.0069831349901275,0.9081250527463618
2012-06-20,FOMC_statement,https://www.federalreserve.gov/newsevents/pressreleases/monetary20120620a.htm,XLK,0.0019748732958599,-0.0021592501668548,-0.00618979070954,5,-0.00618979070954,1.0
2012-06-20,FOMC_statement,https://www.federalreserve.gov/newsevents/pressreleases/monetary20120620a.htm,XLP,0.0105446535809747,0.0158441105636136,0.0100963134685508,3,0.0158441105636136,0.637228162982985
2012-06-20,FOMC_statement,https://www.federalreserve.gov/newsevents/pressreleases/monetary20120620a.htm,XLU,0.0118309342522905,0.0187430646503049,0.0173958070315441,3,0.0187430646503049,0.9281196728551601
2012-06-20,FOMC_statement,https://www.federalreserve.gov/newsevents/pressreleases/monetary20120620a.htm,XLV,0.0005596471460995,0.0151622092312738,0.0148869080132353,3,0.0151622092312738,0.9818429350341203
2012-06-20,FOMC_statement,https://www.federalreserve.gov/newsevents/pressreleases/monetary20120620a.htm,XLY,0.0005257122910351,-0.0020703073968989,-0.0050724437113529,5,-0.0050724437113529,1.0
2012-07-18,Beige_Book,https://www.federalreserve.gov/monetarypolicy/beigebook/beigebook201207.htm,XLB,-0.0058461488417751,0.005433265458638,-0.0016939716583359,5,-0.0016939716583359,1.0
2012-07-18,Beige_Book,https://www.federalreserve.gov/monetarypolicy/beigebook/beigebook201207.htm,XLE,-0.005672145269516,0.0124458402230305,0.0055554418187865,3,0.0124458402230305,0.44636936673077243
2012-07-18,Beige_Book,https://www.federalreserve.gov/monetarypolicy/beigebook/beigebook201207.htm,XLF,0.0014178074355901,-0.0129006460215633,-0.0038264012319398,2,-0.014667426564409,0.26087747670915157
2012-07-18,Beige_Book,https://www.federalreserve.gov/monetarypolicy/beigebook/beigebook201207.htm,XLI,0.0025354696335546,0.0039585856379181,0.0046408874582465,5,0.0046408874582465,1.0
2012-07-18,Beige_Book,https://www.federalreserve.gov/monetarypolicy/beigebook/beigebook201207.htm,XLK,0.0029716904562342,0.0042274327337171,-0.0014940318149126,5,-0.0014940318149126,1.0
2012-07-18,Beige_Book,https://www.federalreserve.gov/monetarypolicy/beigebook/beigebook201207.htm,XLP,0.0025996209516856,0.0004226276814325,0.0059073253366428,5,0.0059073253366428,1.0
2012-07-18,Beige_Book,https://www.federalreserve.gov/monetarypolicy/beigebook/beigebook201207.htm,XLU,0.0047235169476989,0.0139967924082979,0.013001514486022,3,0.0139967924082979,0.9288924281190413
2012-07-18,Beige_Book,https://www.federalreserve.gov/monetarypolicy/beigebook/beigebook201207.htm,XLV,-0.0059610955955049,-0.0080282462100486,-0.0059613850272777,4,-0.0105530403954261,0.5648973948646576
2012-07-18,Beige_Book,https://www.federalreserve.gov/monetarypolicy/beigebook/beigebook201207.htm,XLY,-0.003054686785064,-0.0035902633663617,-0.0040569743539959,5,-0.0040569743539959,1.0
2012-08-01,FOMC_statement,https://www.federalreserve.gov/newsevents/pressreleases/monetary20120801a.htm,XLB,-0.0001527645424208,0.0022248920394712,0.0086843853263046,4,0.0087802816794798,0.9890782144951777
2012-08-01,FOMC_statement,https://www.federalreserve.gov/newsevents/pressreleases/monetary20120801a.htm,XLE,0.0039400153084686,-0.005346284102309,0.0042737314212089,4,0.0046483962733989,0.9193991152746438
2012-08-01,FOMC_statement,https://www.federalreserve.gov/newsevents/pressreleases/monetary20120801a.htm,XLF,-0.0022420851314824,0.0051234287969623,0.0029306287793893,3,0.0051234287969623,0.5720053689683129
2012-08-01,FOMC_statement,https://www.federalreserve.gov/newsevents/pressreleases/monetary20120801a.htm,XLI,-0.004209549149308,0.0018307012904474,0.0044692934225758,4,0.0070499673755308,0.6339452630785121
2012-08-01,FOMC_statement,https://www.federalreserve.gov/newsevents/pressreleases/monetary20120801a.htm,XLK,-0.0111129511625933,0.0054020262629955,0.0062336504140202,4,0.0071117821991976,0.876524370322185
2012-08-01,FOMC_statement,https://www.federalreserve.gov/newsevents/pressreleases/monetary20120801a.htm,XLP,-0.0025240341987693,-0.006826571186796,-0.0113347347684255,4,-0.0171574900862813,0.660628956299877
2012-08-01,FOMC_statement,https://www.federalreserve.gov/newsevents/pressreleases/monetary20120801a.htm,XLU,0.0011140365635403,-0.0110659301494148,-0.0262789628955311,4,-0.0264051270053804,0.9952219843584318
2012-08-01,FOMC_statement,https://www.federalreserve.gov/newsevents/pressreleases/monetary20120801a.htm,XLV,-0.0007817060877246,-0.0124094528944733,-0.0173268144596808,4,-0.0197609461248812,0.8768210970356545
2012-08-01,FOMC_statement,https://www.federalreserve.gov/newsevents/pressreleases/monetary20120801a.htm,XLY,0.0059277291565771,0.0110633337888841,0.009380211310535,4,0.0154903287681975,0.605552758169542
2012-08-29,Beige_Book,https://www.federalreserve.gov/monetarypolicy/beigebook/beigebook201208.htm,XLB,0.0012563482821725,-0.0088956148347761,-0.0034983936488458,3,-0.0088956148347761,0.3932717090188464
2012-08-29,Beige_Book,https://www.federalreserve.gov/monetarypolicy/beigebook/beigebook201208.htm,XLE,-0.0016836426236496,-0.0049213887511637,-0.007874024879742,4,-0.007874024879742,1.0
2012-08-29,Beige_Book,https://www.federalreserve.gov/monetarypolicy/beigebook/beigebook201208.htm,XLF,0.0003331408291578,0.0053809159510772,0.0062316602885753,4,0.0062316602885753,1.0
2012-08-29,Beige_Book,https://www.federalreserve.gov/monetarypolicy/beigebook/beigebook201208.htm,XLI,0.0028360048380149,-0.0095088322516055,-0.0114374921453875,4,-0.0114374921453875,1.0
2012-08-29,Beige_Book,https://www.federalreserve.gov/monetarypolicy/beigebook/beigebook201208.htm,XLK,0.0012980896177384,0.0001785136572336,4.5445615011519e-05,3,0.0001785136572336,0.2545778049465965
2012-08-29,Beige_Book,https://www.federalreserve.gov/monetarypolicy/beigebook/beigebook201208.htm,XLP,-0.0015500664631377,0.0056300241135096,0.0047987814201153,3,0.0056300241135096,0.8523553937540551
2012-08-29,Beige_Book,https://www.federalreserve.gov/monetarypolicy/beigebook/beigebook201208.htm,XLU,0.00091834628896,0.0011897032375173,-0.0023445101600813,2,-0.0035823040921437,0.6544698885901428
2012-08-29,Beige_Book,https://www.federalreserve.gov/monetarypolicy/beigebook/beigebook201208.htm,XLV,0.0005580832002551,0.0051724181151451,0.0062801126879514,4,0.0062801126879514,1.0
2012-08-29,Beige_Book,https://www.federalreserve.gov/monetarypolicy/beigebook/beigebook201208.htm,XLY,-0.0029757544785692,-0.0003477781337465,0.0020436090313894,4,0.0020436090313894,1.0
2012-09-13,FOMC_statement,https://www.federalreserve.gov/newsevents/pressreleases/monetary20120913a.htm,XLB,0.0046857845688295,-0.0058465834401674,-0.0024677757852338,3,-0.0058465834401674,0.42208852580117157
2012-09-13,FOMC_statement,https://www.federalreserve.gov/newsevents/pressreleases/monetary20120913a.htm,XLE,-0.0027532778722929,-0.0016692831863461,-0.0091479701519673,4,-0.0118904507901907,0.7693543595095762
2012-09-13,FOMC_statement,https://www.federalreserve.gov/newsevents/pressreleases/monetary20120913a.htm,XLF,-0.0004917615441837,-0.0063449229045945,-0.0131927878642645,5,-0.0131927878642645,1.0
2012-09-13,FOMC_statement,https://www.federalreserve.gov/newsevents/pressreleases/monetary20120913a.htm,XLI,-0.0007238873323163,0.0014061014224696,-0.0063670787126103,5,-0.0063670787126103,1.0
2012-09-13,FOMC_statement,https://www.federalreserve.gov/newsevents/pressreleases/monetary20120913a.htm,XLK,-0.0021775813525481,0.0061340111316824,0.0045739757636704,4,0.0065371972528723,0.6996845263710982
2012-09-13,FOMC_statement,https://www.federalreserve.gov/newsevents/pressreleases/monetary20120913a.htm,XLP,0.0086702190597295,0.0006579986454657,0.0083439507834111,5,0.0083439507834111,1.0
2012-09-13,FOMC_statement,https://www.federalreserve.gov/newsevents/pressreleases/monetary20120913a.htm,XLU,0.009090334738392,-0.0163401500167564,-0.0117096814729601,3,-0.0163401500167564,0.7166201938753393
2012-09-13,FOMC_statement,https://www.federalreserve.gov/newsevents/pressreleases/monetary20120913a.htm,XLV,0.0028277299662875,0.0048175366598329,0.0094463268391192,5,0.0094463268391192,1.0
2012-09-13,FOMC_statement,https://www.federalreserve.gov/newsevents/pressreleases/monetary20120913a.htm,XLY,-0.0015909974397969,-0.0048345415053892,0.0036558578367491,4,0.0049795402618291,0.7341757761802329
2012-10-10,Beige_Book,https://www.federalreserve.gov/monetarypolicy/beigebook/beigebook201210.htm,XLB,-0.0004608750549703,0.0026586546868212,0.020235431340027,5,0.020235431340027,1.0
2012-10-10,Beige_Book,https://www.federalreserve.gov/monetarypolicy/beigebook/beigebook201210.htm,XLE,-0.0112435118290918,0.0014655668687426,0.0152549830474379,5,0.0152549830474379,1.0
2012-10-10,Beige_Book,https://www.federalreserve.gov/monetarypolicy/beigebook/beigebook201210.htm,XLF,-0.0036559212870532,-0.0023010799272928,0.0023365729150077,1,0.005087769275917,0.45925292368659254
2012-10-10,Beige_Book,https://www.federalreserve.gov/monetarypolicy/beigebook/beigebook201210.htm,XLI,0.0017130428626411,0.005380409692561,0.0072703835659772,5,0.0072703835659772,1.0
2012-10-10,Beige_Book,https://www.federalreserve.gov/monetarypolicy/beigebook/beigebook201210.htm,XLK,0.0028704178807843,-0.0052548329639611,-0.0115368379097016,5,-0.0115368379097016,1.0
2012-10-10,Beige_Book,https://www.federalreserve.gov/monetarypolicy/beigebook/beigebook201210.htm,XLP,-0.0002713197396142,-0.0003040770417057,-0.0080565295184058,5,-0.0080565295184058,1.0
2012-10-10,Beige_Book,https://www.federalreserve.gov/monetarypolicy/beigebook/beigebook201210.htm,XLU,-0.0079846933063089,-0.0061277991152026,-0.0047445387818885,4,-0.0124409135720315,0.38136578591420556
2012-10-10,Beige_Book,https://www.federalreserve.gov/monetarypolicy/beigebook/beigebook201210.htm,XLV,0.0022664486286224,0.0080378135980654,0.0041307190714909,4,0.0086661046384295,0.4766523419499678
2012-10-10,Beige_Book,https://www.federalreserve.gov/monetarypolicy/beigebook/beigebook201210.htm,XLY,0.0061068279343223,-0.0003969841332616,-0.0003449693515233,1,-0.0050769858464614,0.06794766854899538
2012-10-24,FOMC_statement,https://www.federalreserve.gov/newsevents/pressreleases/monetary20121024a.htm,XLB,0.0161829819198654,-0.0048302476394115,-0.0048302476394115,1,-0.0051226960649856,0.9429112284109477
2012-10-24,FOMC_statement,https://www.federalreserve.gov/newsevents/pressreleases/monetary20121024a.htm,XLE,0.0094019426935552,0.008042998295259,0.008042998295259,2,0.0083208581798507,0.9666068236489658
2012-10-24,FOMC_statement,https://www.federalreserve.gov/newsevents/pressreleases/monetary20121024a.htm,XLF,0.00288408150729,0.001474569259345,0.001474569259345,3,0.001474569259345,1.0
2012-10-24,FOMC_statement,https://www.federalreserve.gov/newsevents/pressreleases/monetary20121024a.htm,XLI,-0.0037919404216416,0.0087072867101879,0.0087072867101879,3,0.0087072867101879,1.0
2012-10-24,FOMC_statement,https://www.federalreserve.gov/newsevents/pressreleases/monetary20121024a.htm,XLK,-0.0030247609179949,-0.0068221490486325,-0.0068221490486325,3,-0.0068221490486325,1.0
2012-10-24,FOMC_statement,https://www.federalreserve.gov/newsevents/pressreleases/monetary20121024a.htm,XLP,-0.0004418092390653,0.0016473113340108,0.0016473113340108,1,0.0033337237193307,0.49413552912582837
2012-10-24,FOMC_statement,https://www.federalreserve.gov/newsevents/pressreleases/monetary20121024a.htm,XLU,-0.0046889266121837,0.0113512644765588,0.0113512644765588,3,0.0113512644765588,1.0
2012-10-24,FOMC_statement,https://www.federalreserve.gov/newsevents/pressreleases/monetary20121024a.htm,XLV,-0.0005850332813327,-0.0055185900092783,-0.0055185900092783,3,-0.0055185900092783,1.0
2012-10-24,FOMC_statement,https://www.federalreserve.gov/newsevents/pressreleases/monetary20121024a.htm,XLY,-0.0059068625416143,0.0018046115304339,0.0018046115304339,3,0.0018046115304339,1.0
2012-11-28,Beige_Book,https://www.federalreserve.gov/monetarypolicy/beigebook/beigebook201211.htm,XLB,-0.0007128342047252,-0.0107988404451146,-0.0211261473494427,5,-0.0211261473494427,1.0
2012-11-28,Beige_Book,https://www.federalreserve.gov/monetarypolicy/beigebook/beigebook201211.htm,XLE,0.0032157854202694,-0.0040295778945945,-0.0011057778730368,4,-0.0062947677548251,0.1756661907326435
2012-11-28,Beige_Book,https://www.federalreserve.gov/monetarypolicy/beigebook/beigebook201211.htm,XLF,0.0037668167395041,6.842022500663791e-05,0.0092974298384259,5,0.0092974298384259,1.0
2012-11-28,Beige_Book,https://www.federalreserve.gov/monetarypolicy/beigebook/beigebook201211.htm,XLI,-0.0029291658471642,-0.0071998181603056,0.0068329883552566,5,0.0068329883552566,1.0
2012-11-28,Beige_Book,https://www.federalreserve.gov/monetarypolicy/beigebook/beigebook201211.htm,XLK,-0.0006192604648025,0.0024694806841409,-0.0095920889402355,5,-0.0095920889402355,1.0
2012-11-28,Beige_Book,https://www.federalreserve.gov/monetarypolicy/beigebook/beigebook201211.htm,XLP,-0.0042580040971446,0.0051023900661737,0.0044705185712735,3,0.0051023900661737,0.8761616641014583
2012-11-28,Beige_Book,https://www.federalreserve.gov/monetarypolicy/beigebook/beigebook201211.htm,XLU,-0.0077115510536847,0.0101607325444306,0.0198539772010704,5,0.0198539772010704,1.0
2012-11-28,Beige_Book,https://www.federalreserve.gov/monetarypolicy/beigebook/beigebook201211.htm,XLV,0.000919118610434,0.0060705670313175,0.0111867032046456,5,0.0111867032046456,1.0
2012-11-28,Beige_Book,https://www.federalreserve.gov/monetarypolicy/beigebook/beigebook201211.htm,XLY,-0.0010571294219735,-0.0016250976272842,-0.0091853557032149,5,-0.0091853557032149,1.0
2012-12-12,FOMC_statement,https://www.federalreserve.gov/newsevents/pressreleases/monetary20121212a.htm,XLB,-0.0011845074146827,0.0128717094261394,0.016786793228689,5,0.016786793228689,1.0
2012-12-12,FOMC_statement,https://www.federalreserve.gov/newsevents/pressreleases/monetary20121212a.htm,XLE,0.0009328475063701,-0.0058394166508757,0.0019960706303482,5,0.0019960706303482,1.0
2012-12-12,FOMC_statement,https://www.federalreserve.gov/newsevents/pressreleases/monetary20121212a.htm,XLF,0.0018055915912464,0.0100279038738493,0.0149900651401574,5,0.0149900651401574,1.0
2012-12-12,FOMC_statement,https://www.federalreserve.gov/newsevents/pressreleases/monetary20121212a.htm,XLI,0.0046856880219483,0.0021042520411334,0.0058494765854766,5,0.0058494765854766,1.0
2012-12-12,FOMC_statement,https://www.federalreserve.gov/newsevents/pressreleases/monetary20121212a.htm,XLK,-0.0067142668062023,-0.006566929839415,-0.0005493555132178,2,-0.0070136294020362,0.07832685215137129
2012-12-12,FOMC_statement,https://www.federalreserve.gov/newsevents/pressreleases/monetary20121212a.htm,XLP,0.0062551086619131,-0.0030084478218727,-0.016977252605434,5,-0.016977252605434,1.0
2012-12-12,FOMC_statement,https://www.federalreserve.gov/newsevents/pressreleases/monetary20121212a.htm,XLU,0.0045529191282682,0.0055264729273476,0.0013206868216223,3,0.0055264729273476,0.23897462974746833
2012-12-12,FOMC_statement,https://www.federalreserve.gov/newsevents/pressreleases/monetary20121212a.htm,XLV,-0.0037697102564795,-0.0064721264372044,-0.0130267425245016,5,-0.0130267425245016,1.0
2012-12-12,FOMC_statement,https://www.federalreserve.gov/newsevents/pressreleases/monetary20121212a.htm,XLY,0.0036272521203151,0.0052284900197613,0.0062251731125307,5,0.0062251731125307,1.0
2013-01-16,Beige_Book,https://www.federalreserve.gov/monetarypolicy/beigebook/beigebook201301.htm,XLB,-0.0003444475710772,0.0099650019089647,0.0028170439904088,3,0.0099650019089647,0.28269377328212403
2013-01-16,Beige_Book,https://www.federalreserve.gov/monetarypolicy/beigebook/beigebook201301.htm,XLE,-0.0038019382416423,0.0116814588786049,0.0066606475707039,3,0.0116814588786049,0.5701897031802394
2013-01-16,Beige_Book,https://www.federalreserve.gov/monetarypolicy/beigebook/beigebook201301.htm,XLF,-0.0034221776737479,-0.0041695461434148,-0.006356572675816,2,-0.0081055873984925,0.7842211012366868
2013-01-16,Beige_Book,https://www.federalreserve.gov/monetarypolicy/beigebook/beigebook201301.htm,XLI,-0.0021228069431415,0.0087193522211881,0.0073588929465646,2,0.0101054780310239,0.7282082969229895
2013-01-16,Beige_Book,https://www.federalreserve.gov/monetarypolicy/beigebook/beigebook201301.htm,XLK,0.0071432648046204,-0.0086261988311142,0.0002837701449367,4,0.0002837701449367,1.0
2013-01-16,Beige_Book,https://www.federalreserve.gov/monetarypolicy/beigebook/beigebook201301.htm,XLP,-0.0023718685556681,-0.0030302338359924,-0.0049135638424886,4,-0.0049135638424886,1.0
2013-01-16,Beige_Book,https://www.federalreserve.gov/monetarypolicy/beigebook/beigebook201301.htm,XLU,-0.0021496032636714,0.0062047369900533,0.0020939158461449,3,0.0062047369900533,0.3374705244560112
2013-01-16,Beige_Book,https://www.federalreserve.gov/monetarypolicy/beigebook/beigebook201301.htm,XLV,0.0018770025369991,0.0009712352478536,-0.0018203360876087,4,-0.0018203360876087,1.0
2013-01-16,Beige_Book,https://www.federalreserve.gov/monetarypolicy/beigebook/beigebook201301.htm,XLY,-0.0066675252767731,0.0002922213684972,-0.0005162687619306,4,-0.0005162687619306,1.0
2013-01-30,FOMC_statement,https://www.federalreserve.gov/newsevents/pressreleases/monetary20130130a.htm,XLB,-0.0016549431384769,-0.003041715307481,-0.0077382198565383,4,-0.008026705296499,0.9640592958998347
2013-01-30,FOMC_statement,https://www.federalreserve.gov/newsevents/pressreleases/monetary20130130a.htm,XLE,-0.0122228933990398,-0.0001016904715868,-0.0016228880803349,2,-0.0018636150056825,0.8708279743329068
2013-01-30,FOMC_statement,https://www.federalreserve.gov/newsevents/pressreleases/monetary20130130a.htm,XLF,-9.140993898015816e-05,0.0047198533765939,0.0053647235063183,5,0.0053647235063183,1.0
2013-01-30,FOMC_statement,https://www.federalreserve.gov/newsevents/pressreleases/monetary20130130a.htm,XLI,0.0017090285115912,0.0010196425027407,-0.000336792855535,2,-0.0015719818608812,0.2142472912163282
2013-01-30,FOMC_statement,https://www.federalreserve.gov/newsevents/pressreleases/monetary20130130a.htm,XLK,0.0025708180761976,0.0032280887931672,0.0036532948936124,2,0.0051058516077074,0.7155113728917754
2013-01-30,FOMC_statement,https://www.federalreserve.gov/newsevents/pressreleases/monetary20130130a.htm,XLP,-0.0015043990678278,0.0007848702732515,0.0032507610211784,5,0.0032507610211784,1.0
2013-01-30,FOMC_statement,https://www.federalreserve.gov/newsevents/pressreleases/monetary20130130a.htm,XLU,-0.002972755099859,0.0018030282872193,-0.0032670415298327,4,-0.0055497131476757,0.5886865578270445
2013-01-30,FOMC_statement,https://www.federalreserve.gov/newsevents/pressreleases/monetary20130130a.htm,XLV,-0.006841701644568,-0.0025445404007873,-0.0026133539052404,2,-0.0026872165448056,0.9725133280725081
2013-01-30,FOMC_statement,https://www.federalreserve.gov/newsevents/pressreleases/monetary20130130a.htm,XLY,0.0078793773969445,-0.0078580987647333,-0.0058563955308733,3,-0.0078580987647333,0.7452687610846112
2013-04-17,Beige_Book,https://www.federalreserve.gov/monetarypolicy/beigebook/beigebook201304.htm,XLB,-0.0034631145108479,0.011507380445194,0.0243054277781779,5,0.0243054277781779,1.0
2013-04-17,Beige_Book,https://www.federalreserve.gov/monetarypolicy/beigebook/beigebook201304.htm,XLE,0.0024664402432208,0.0103487901502025,0.0243303394799933,5,0.0243303394799933,1.0
2013-04-17,Beige_Book,https://www.federalreserve.gov/monetarypolicy/beigebook/beigebook201304.htm,XLF,-0.0007245487835911,-0.0022932941371269,0.010963525412039,5,0.010963525412039,1.0
2013-04-17,Beige_Book,https://www.federalreserve.gov/monetarypolicy/beigebook/beigebook201304.htm,XLI,0.0011794434380527,-0.0051218735902704,0.0014220634715753,1,0.0017938451985508,0.7927459251913974
2013-04-17,Beige_Book,https://www.federalreserve.gov/monetarypolicy/beigebook/beigebook201304.htm,XLK,0.0023753640363091,-0.0081422521993476,-0.0065951827333415,2,-0.0115407263903027,0.5714703312681617
2013-04-17,Beige_Book,https://www.federalreserve.gov/monetarypolicy/beigebook/beigebook201304.htm,XLP,-0.0039594347552243,0.0091857372891359,-0.0099039266439863,5,-0.0099039266439863,1.0
2013-04-17,Beige_Book,https://www.federalreserve.gov/monetarypolicy/beigebook/beigebook201304.htm,XLU,0.0026869140430587,0.010096473218218,0.004798590865785,2,0.0157615840577878,0.30444851533904144
2013-04-17,Beige_Book,https://www.federalreserve.gov/monetarypolicy/beigebook/beigebook201304.htm,XLV,0.0003125108955337,0.0010699372053648,-0.0208330336030256,5,-0.0208330336030256,1.0
2013-04-17,Beige_Book,https://www.federalreserve.gov/monetarypolicy/beigebook/beigebook201304.htm,XLY,0.000417008013559,-0.0014870403674703,-0.0015904386345338,1,-0.0046508314036021,0.34196867108577506
2013-05-01,FOMC_statement,https://www.federalreserve.gov/newsevents/pressreleases/monetary20130501a.htm,XLB,0.0008656654308605,0.0056342050533624,0.0142136819331291,5,0.0142136819331291,1.0
2013-05-01,FOMC_statement,https://www.federalreserve.gov/newsevents/pressreleases/monetary20130501a.htm,XLE,-0.0015913451873126,0.0159972479792294,0.015738572933331,4,0.0186775074034881,0.8426484644515122
2013-05-01,FOMC_statement,https://www.federalreserve.gov/newsevents/pressreleases/monetary20130501a.htm,XLF,-0.0002957594330683,0.0080177638095,0.0120027572600789,5,0.0120027572600789,1.0
2013-05-01,FOMC_statement,https://www.federalreserve.gov/newsevents/pressreleases/monetary20130501a.htm,XLI,0.0021437492963551,0.014047125256827,0.0199355370856673,5,0.0199355370856673,1.0
2013-05-01,FOMC_statement,https://www.federalreserve.gov/newsevents/pressreleases/monetary20130501a.htm,XLK,-0.0084453188999165,0.004990245518212,0.002709741538492,3,0.004990245518212,0.5430076593632005
2013-05-01,FOMC_statement,https://www.federalreserve.gov/newsevents/pressreleases/monetary20130501a.htm,XLP,0.0043349150926208,-0.0211931465716661,-0.0220265642178922,5,-0.0220265642178922,1.0
2013-05-01,FOMC_statement,https://www.federalreserve.gov/newsevents/pressreleases/monetary20130501a.htm,XLU,-0.0002768837744568,-0.0390810997648244,-0.0478706281053599,5,-0.0478706281053599,1.0
2013-05-01,FOMC_statement,https://www.federalreserve.gov/newsevents/pressreleases/monetary20130501a.htm,XLV,0.0099339423603177,-0.0106101630635868,-0.0141154308940951,5,-0.0141154308940951,1.0
2013-05-01,FOMC_statement,https://www.federalreserve.gov/newsevents/pressreleases/monetary20130501a.htm,XLY,-0.0003697301454785,0.0036085100630922,0.0031356592674054,4,0.0069749007546764,0.44956328092597764
2013-06-05,Beige_Book,https://www.federalreserve.gov/monetarypolicy/beigebook/beigebook201306.htm,XLB,-0.0035719524525485,-0.0011768285961175,-0.0014796836356113,2,-0.0059052852118424,0.2505693768429605
2013-06-05,Beige_Book,https://www.federalreserve.gov/monetarypolicy/beigebook/beigebook201306.htm,XLE,0.0030673879977692,-0.0044963794457788,-0.0072100769086366,4,-0.0093509443895171,0.7710533405288427
2013-06-05,Beige_Book,https://www.federalreserve.gov/monetarypolicy/beigebook/beigebook201306.htm,XLF,0.0042566861503658,0.0099938416304272,0.0013833535692924,3,0.0099938416304272,0.13842060145126261
2013-06-05,Beige_Book,https://www.federalreserve.gov/monetarypolicy/beigebook/beigebook201306.htm,XLI,0.0006804408103845,0.0004254523804855,0.0029222957974933,2,0.0033942811150178,0.8609468981705055
2013-06-05,Beige_Book,https://www.federalreserve.gov/monetarypolicy/beigebook/beigebook201306.htm,XLK,-0.0004068673556922,-0.0081122336191172,-0.0065698755207278,2,-0.0103183825404873,0.6367156378384793
2013-06-05,Beige_Book,https://www.federalreserve.gov/monetarypolicy/beigebook/beigebook201306.htm,XLP,-0.0050536277838629,-0.0050805545152929,0.0061253287528868,5,0.0061253287528868,1.0
2013-06-05,Beige_Book,https://www.federalreserve.gov/monetarypolicy/beigebook/beigebook201306.htm,XLU,-0.0013640091458928,-0.0041457414461234,-0.0019500907460164,3,-0.0041457414461234,0.4703840727549208
2013-06-05,Beige_Book,https://www.federalreserve.gov/monetarypolicy/beigebook/beigebook201306.htm,XLV,0.0013959311668436,0.0033917977023427,0.007736271574514,4,0.009589403937499,0.806752080206112
2013-06-05,Beige_Book,https://www.federalreserve.gov/monetarypolicy/beigebook/beigebook201306.htm,XLY,-0.0012582083953452,0.0040082117445858,0.0016696527174627,2,0.0069987660871937,0.2385638692108628
2013-06-19,FOMC_statement,https://www.federalreserve.gov/newsevents/pressreleases/monetary20130619a.htm,XLB,0.0034490531006818,-0.0110028963401231,-0.0198052225695537,5,-0.0198052225695537,1.0
2013-06-19,FOMC_statement,https://www.federalreserve.gov/newsevents/pressreleases/monetary20130619a.htm,XLE,0.0022310824383708,-0.0081365581812387,-0.008643597984884,5,-0.008643597984884,1.0
2013-06-19,FOMC_statement,https://www.federalreserve.gov/newsevents/pressreleases/monetary20130619a.htm,XLF,0.0013194995837995,-0.0041170170796526,0.0049364327191047,5,0.0049364327191047,1.0
2013-06-19,FOMC_statement,https://www.federalreserve.gov/newsevents/pressreleases/monetary20130619a.htm,XLI,-0.0037809883021138,-0.0047349427850645,-0.0032018412684254,3,-0.0047349427850645,0.6762154082463288
2013-06-19,FOMC_statement,https://www.federalreserve.gov/newsevents/pressreleases/monetary20130619a.htm,XLK,1.172279827055256e-05,-0.0061372903153674,-0.0114352908459255,5,-0.0114352908459255,1.0
2013-06-19,FOMC_statement,https://www.federalreserve.gov/newsevents/pressreleases/monetary20130619a.htm,XLP,0.0042528932576522,0.0131489395213753,0.0055855092718375,3,0.0131489395213753,0.4247878137060052
2013-06-19,FOMC_statement,https://www.federalreserve.gov/newsevents/pressreleases/monetary20130619a.htm,XLU,0.0010850040734349,0.0181744608409618,0.0245117697609636,5,0.0245117697609636,1.0
2013-06-19,FOMC_statement,https://www.federalreserve.gov/newsevents/pressreleases/monetary20130619a.htm,XLV,-0.0005216134803418,0.0099279329678175,0.0099586730941932,5,0.0099586730941932,1.0
2013-06-19,FOMC_statement,https://www.federalreserve.gov/newsevents/pressreleases/monetary20130619a.htm,XLY,-0.0023308014384024,0.0008962422616727,0.0029034061369097,5,0.0029034061369097,1.0
2013-07-17,Beige_Book,https://www.federalreserve.gov/monetarypolicy/beigebook/beigebook201307.htm,XLB,0.0037285031130612,-0.0012545961218819,-0.0018539396313719,1,-0.004980373075619,0.3722491474479505
2013-07-17,Beige_Book,https://www.federalreserve.gov/monetarypolicy/beigebook/beigebook201307.htm,XLE,0.0023624760303919,0.0121461573847295,0.0084879857823946,2,0.0173221034151029,0.49000895439719205
2013-07-17,Beige_Book,https://www.federalreserve.gov/monetarypolicy/beigebook/beigebook201307.htm,XLF,0.0001674549822116,0.0112340573585973,0.0059755975681857,3,0.0112340573585973,0.5319180219079656
2013-07-17,Beige_Book,https://www.federalreserve.gov/monetarypolicy/beigebook/beigebook201307.htm,XLI,0.0016329861724543,0.0118019836882414,0.0092233195194315,4,0.0132650660598887,0.6953089775648571
2013-07-17,Beige_Book,https://www.federalreserve.gov/monetarypolicy/beigebook/beigebook201307.htm,XLK,-0.0043715625379726,-0.0257185531823922,-0.0173646105904654,4,-0.0277167768323143,0.6265018005347733
2013-07-17,Beige_Book,https://www.federalreserve.gov/monetarypolicy/beigebook/beigebook201307.htm,XLP,-0.0001318986642194,-0.0022033437330838,-0.0048173945725821,5,-0.0048173945725821,1.0
2013-07-17,Beige_Book,https://www.federalreserve.gov/monetarypolicy/beigebook/beigebook201307.htm,XLU,0.0016004208384634,-0.0012575705005882,-0.0081356428263557,5,-0.0081356428263557,1.0
2013-07-17,Beige_Book,https://www.federalreserve.gov/monetarypolicy/beigebook/beigebook201307.htm,XLV,0.0020614485617235,0.0117751004881025,0.0124436858425905,5,0.0124436858425905,1.0
2013-07-17,Beige_Book,https://www.federalreserve.gov/monetarypolicy/beigebook/beigebook201307.htm,XLY,0.0016247669020463,-0.0049798969805097,-0.0038979633053964,3,-0.0049798969805097,0.7827397475594842
2013-07-31,FOMC_statement,https://www.federalreserve.gov/newsevents/pressreleases/monetary20130731a.htm,XLB,0.0024559545868996,-0.0014256518413746,-0.0013009622072762,4,-0.0050345623216373,0.25840621769344024
2013-07-31,FOMC_statement,https://www.federalreserve.gov/newsevents/pressreleases/monetary20130731a.htm,XLE,0.0019437101306549,-0.0023526427233485,-0.0030680256885777,5,-0.0030680256885777,1.0
2013-07-31,FOMC_statement,https://www.federalreserve.gov/newsevents/pressreleases/monetary20130731a.htm,XLF,0.0004877904236838,0.0019078939168026,-0.0051195676802507,5,-0.0051195676802507,1.0
2013-07-31,FOMC_statement,https://www.federalreserve.gov/newsevents/pressreleases/monetary20130731a.htm,XLI,-0.0042401642615186,0.0033042308549448,0.0032709503508574,2,0.0057525442076795,0.5686093374981394
2013-07-31,FOMC_statement,https://www.federalreserve.gov/newsevents/pressreleases/monetary20130731a.htm,XLK,-0.0050503624940814,0.0054595094195212,0.0066238833679966,5,0.0066238833679966,1.0
2013-07-31,FOMC_statement,https://www.federalreserve.gov/newsevents/pressreleases/monetary20130731a.htm,XLP,0.0009647656812437,-0.0023827254728213,0.0005505753631703,4,0.002102681757839,0.2618443619048399
2013-07-31,FOMC_statement,https://www.federalreserve.gov/newsevents/pressreleases/monetary20130731a.htm,XLU,-0.0032977453312361,-0.0112280280767383,-0.0027910075308292,3,-0.0112280280767383,0.24857504022558313
2013-07-31,FOMC_statement,https://www.federalreserve.gov/newsevents/pressreleases/monetary20130731a.htm,XLV,-0.0001958218206343,-0.006496263072055,-0.001469311507029,2,-0.006595970183391,0.22275896739630566
2013-07-31,FOMC_statement,https://www.federalreserve.gov/newsevents/pressreleases/monetary20130731a.htm,XLY,0.0025333880988062,0.0086924402626665,0.0047053597843229,4,0.0102481585385644,0.4591419782018755
2013-09-04,Beige_Book,https://www.federalreserve.gov/monetarypolicy/beigebook/beigebook201309.htm,XLB,-0.0014142946118069,0.0042597381069789,0.008781511338224,5,0.008781511338224,1.0
2013-09-04,Beige_Book,https://www.federalreserve.gov/monetarypolicy/beigebook/beigebook201309.htm,XLE,-0.0028339158921169,0.0031643451953458,0.000620923197149,3,0.0031643451953458,0.1962248613274777
2013-09-04,Beige_Book,https://www.federalreserve.gov/monetarypolicy/beigebook/beigebook201309.htm,XLF,-0.003709190136012,0.002822408170743,0.00525585484122,4,0.0074069844092221,0.7095809240095299
2013-09-04,Beige_Book,https://www.federalreserve.gov/monetarypolicy/beigebook/beigebook201309.htm,XLI,-0.0018358804543481,0.0031694771749157,0.0112883294013022,5,0.0112883294013022,1.0
2013-09-04,Beige_Book,https://www.federalreserve.gov/monetarypolicy/beigebook/beigebook201309.htm,XLK,0.0035661421240773,0.001896062339888,-0.0070552316352091,5,-0.0070552316352091,1.0
2013-09-04,Beige_Book,https://www.federalreserve.gov/monetarypolicy/beigebook/beigebook201309.htm,XLP,0.005280860605764,-0.0032744102938293,-0.0055772874538657,4,-0.0096727805773384,0.5765960893326051
2013-09-04,Beige_Book,https://www.federalreserve.gov/monetarypolicy/beigebook/beigebook201309.htm,XLU,0.0160494232316825,-0.0047973548625577,-0.0174112137377644,5,-0.0174112137377644,1.0
2013-09-04,Beige_Book,https://www.federalreserve.gov/monetarypolicy/beigebook/beigebook201309.htm,XLV,-0.0019798244126292,-0.003354698207225,-0.0008655236533225,4,-0.0044165933075974,0.1959708746181431
2013-09-04,Beige_Book,https://www.federalreserve.gov/monetarypolicy/beigebook/beigebook201309.htm,XLY,-0.0025865420088027,-0.003310609314566,0.0031523073324597,5,0.0031523073324597,1.0
2013-09-18,FOMC_statement,https://www.federalreserve.gov/newsevents/pressreleases/monetary20130918a.htm,XLB,0.007276770539714,-0.0093497202656162,-0.0019768559844947,3,-0.0093497202656162,0.21143477326959514
2013-09-18,FOMC_statement,https://www.federalreserve.gov/newsevents/pressreleases/monetary20130918a.htm,XLE,-6.541884486188643e-05,-0.0021528765554775,0.0038086639939872,5,0.0038086639939872,1.0
2013-09-18,FOMC_statement,https://www.federalreserve.gov/newsevents/pressreleases/monetary20130918a.htm,XLF,-0.0004349712312399,-0.0100716723402248,-0.0057854442492967,4,-0.0141727155792307,0.408210001601594
2013-09-18,FOMC_statement,https://www.federalreserve.gov/newsevents/pressreleases/monetary20130918a.htm,XLI,0.0001892858000784,0.0012412830393829,0.0056471370973819,4,0.0072266807139047,0.781428891208154
2013-09-18,FOMC_statement,https://www.federalreserve.gov/newsevents/pressreleases/monetary20130918a.htm,XLK,-0.0005056160636829,0.0098828479596547,0.0092758291688912,3,0.0098828479596547,0.9385785561771702
2013-09-18,FOMC_statement,https://www.federalreserve.gov/newsevents/pressreleases/monetary20130918a.htm,XLP,0.0010550832674978,-0.0026546132248813,-0.0104395559999989,5,-0.0104395559999989,1.0
2013-09-18,FOMC_statement,https://www.federalreserve.gov/newsevents/pressreleases/monetary20130918a.htm,XLU,-0.0014343522271291,0.0055384894086534,0.0034064171024494,4,0.0073653433572651,0.46249264117325156
2013-09-18,FOMC_statement,https://www.federalreserve.gov/newsevents/pressreleases/monetary20130918a.htm,XLV,0.0038816911395738,0.0011631997244782,-0.0065282978764111,5,-0.0065282978764111,1.0
2013-09-18,FOMC_statement,https://www.federalreserve.gov/newsevents/pressreleases/monetary20130918a.htm,XLY,-0.0013251194197687,-0.0007731598951699,0.0010149547208423,4,0.0042252977756952,0.24020903962805473
2013-10-16,Beige_Book,https://www.federalreserve.gov/monetarypolicy/beigebook/beigebook201310.htm,XLB,-0.0011647058712068,0.0023315269999766,0.0092311074460487,4,0.011006692605112,0.8386813166528664
2013-10-16,Beige_Book,https://www.federalreserve.gov/monetarypolicy/beigebook/beigebook201310.htm,XLE,-0.0036010514894244,-0.0049535279912812,-0.0160367867524526,5,-0.0160367867524526,1.0
2013-10-16,Beige_Book,https://www.federalreserve.gov/monetarypolicy/beigebook/beigebook201310.htm,XLF,9.517443781204003e-05,-0.0047917108651975,-0.0120075082939558,5,-0.0120075082939558,1.0
2013-10-16,Beige_Book,https://www.federalreserve.gov/monetarypolicy/beigebook/beigebook201310.htm,XLI,0.0027504032147995,0.00751994382988,0.0136258743139056,5,0.0136258743139056,1.0
2013-10-16,Beige_Book,https://www.federalreserve.gov/monetarypolicy/beigebook/beigebook201310.htm,XLK,-0.0011115581212537,0.0093619400130124,0.0032715537788123,3,0.0093619400130124,0.3494525466158813
2013-10-16,Beige_Book,https://www.federalreserve.gov/monetarypolicy/beigebook/beigebook201310.htm,XLP,0.0018278156904733,-0.0029881592738629,0.0104779573583929,5,0.0104779573583929,1.0
2013-10-16,Beige_Book,https://www.federalreserve.gov/monetarypolicy/beigebook/beigebook201310.htm,XLU,0.0067266904129217,0.0032035733652469,0.0157506390992286,5,0.0157506390992286,1.0
2013-10-16,Beige_Book,https://www.federalreserve.gov/monetarypolicy/beigebook/beigebook201310.htm,XLV,-0.0008587035207835,-0.0142036996592607,-0.0077287616135774,3,-0.0142036996592607,0.5441372176958352
2013-10-16,Beige_Book,https://www.federalreserve.gov/monetarypolicy/beigebook/beigebook201310.htm,XLY,0.0022478123325522,0.0025981750248416,0.0019604236876903,4,0.0035597487709571,0.5507196754121516
2013-10-30,FOMC_statement,https://www.federalreserve.gov/newsevents/pressreleases/monetary20131030a.htm,XLB,0.0032883587158825,-0.0028316917197224,-0.0022315711104837,4,-0.0039971188454696,0.5582949110990282
2013-10-30,FOMC_statement,https://www.federalreserve.gov/newsevents/pressreleases/monetary20131030a.htm,XLE,-0.0017044764598082,0.0023099036966446,-0.005682541121208,2,-0.0066013575370668,0.8608140203436004
2013-10-30,FOMC_statement,https://www.federalreserve.gov/newsevents/pressreleases/monetary20131030a.htm,XLF,0.0024502217026096,-0.0107377834799684,-0.0131350081455711,5,-0.0131350081455711,1.0
2013-10-30,FOMC_statement,https://www.federalreserve.gov/newsevents/pressreleases/monetary20131030a.htm,XLI,0.0024576736725736,0.0080080143624124,0.0079035540962518,4,0.0101583505475774,0.7780351799472669
2013-10-30,FOMC_statement,https://www.federalreserve.gov/newsevents/pressreleases/monetary20131030a.htm,XLK,-0.0012124144441063,-0.0021708796488167,0.0033164520123787,5,0.0033164520123787,1.0
2013-10-30,FOMC_statement,https://www.federalreserve.gov/newsevents/pressreleases/monetary20131030a.htm,XLP,-0.0033586614201788,-0.0035206694298188,0.0072121707592603,5,0.0072121707592603,1.0
2013-10-30,FOMC_statement,https://www.federalreserve.gov/newsevents/pressreleases/monetary20131030a.htm,XLU,0.0040555696468911,0.0025996567717455,0.0071459937783542,5,0.0071459937783542,1.0
2013-10-30,FOMC_statement,https://www.federalreserve.gov/newsevents/pressreleases/monetary20131030a.htm,XLV,-0.0012803435532646,0.0003504499180371,-0.0072391896678407,5,-0.0072391896678407,1.0
2013-10-30,FOMC_statement,https://www.federalreserve.gov/newsevents/pressreleases/monetary20131030a.htm,XLY,-0.0005224303683135,0.0052845459162554,0.0008376183637297,4,0.0084517230978446,0.0991062241430169
2013-12-04,Beige_Book,https://www.federalreserve.gov/monetarypolicy/beigebook/beigebook201312.htm,XLB,0.0074356114972732,0.0039197452616459,0.004625362789168,4,0.0104234484276998,0.4437459273915844
2013-12-04,Beige_Book,https://www.federalreserve.gov/monetarypolicy/beigebook/beigebook201312.htm,XLE,-0.0067488025446846,-0.0081553465247036,-0.0104878887125509,5,-0.0104878887125509,1.0
2013-12-04,Beige_Book,https://www.federalreserve.gov/monetarypolicy/beigebook/beigebook201312.htm,XLF,0.0059263846808269,-0.0007612873348554,-0.0032234263041308,1,-0.0049939102197373,0.6454714166448041
2013-12-04,Beige_Book,https://www.federalreserve.gov/monetarypolicy/beigebook/beigebook201312.htm,XLI,0.0042468989320548,0.0089913264247195,0.005938530622681,4,0.0103947926241021,0.5712986143572988
2013-12-04,Beige_Book,https://www.federalreserve.gov/monetarypolicy/beigebook/beigebook201312.htm,XLK,-0.0066343348827135,-0.0023949151005163,0.001235450224496,5,0.001235450224496,1.0
2013-12-04,Beige_Book,https://www.federalreserve.gov/monetarypolicy/beigebook/beigebook201312.htm,XLP,-0.0092295097616557,-0.0012876902489495,0.0066005724200847,5,0.0066005724200847,1.0
2013-12-04,Beige_Book,https://www.federalreserve.gov/monetarypolicy/beigebook/beigebook201312.htm,XLU,-0.0093379371902198,-0.0097026541432228,-0.0130284089576253,4,-0.01606489439216,0.8109862809918896
2013-12-04,Beige_Book,https://www.federalreserve.gov/monetarypolicy/beigebook/beigebook201312.htm,XLV,0.0043628808378177,0.0038628303993791,-0.0025379135563535,5,-0.0025379135563535,1.0
2013-12-04,Beige_Book,https://www.federalreserve.gov/monetarypolicy/beigebook/beigebook201312.htm,XLY,0.0051755229891551,-0.0006455811608285,0.0055689880479932,5,0.0055689880479932,1.0
2013-12-18,FOMC_statement,https://www.federalreserve.gov/newsevents/pressreleases/monetary20131218a.htm,XLB,-0.0097463952470951,-0.0003804468415442,0.008280644418815,4,0.008280644418815,1.0
2013-12-18,FOMC_statement,https://www.federalreserve.gov/newsevents/pressreleases/monetary20131218a.htm,XLE,0.002525659019463,-0.0043121577043785,-0.0009712464365403,3,-0.0043121577043785,0.2252344425052245
2013-12-18,FOMC_statement,https://www.federalreserve.gov/newsevents/pressreleases/monetary20131218a.htm,XLF,0.0034042937292995,-0.0006646701941503,-0.0010140022866931,4,-0.0010140022866931,1.0
2013-12-18,FOMC_statement,https://www.federalreserve.gov/newsevents/pressreleases/monetary20131218a.htm,XLI,-0.0027824532567728,0.0029204495256767,0.0053924763023907,4,0.0053924763023907,1.0
2013-12-18,FOMC_statement,https://www.federalreserve.gov/newsevents/pressreleases/monetary20131218a.htm,XLK,-0.002890847241993,0.012690738633051,0.0133225691944338,4,0.0133225691944338,1.0
2013-12-18,FOMC_statement,https://www.federalreserve.gov/newsevents/pressreleases/monetary20131218a.htm,XLP,0.0015516436401354,-0.008281235387099,-0.009061514969168,4,-0.009061514969168,1.0
2013-12-18,FOMC_statement,https://www.federalreserve.gov/newsevents/pressreleases/monetary20131218a.htm,XLU,-0.0013245590699313,-0.0114058538134056,-0.0096168035003902,3,-0.0114058538134056,0.8431463051970136
2013-12-18,FOMC_statement,https://www.federalreserve.gov/newsevents/pressreleases/monetary20131218a.htm,XLV,0.0016423833839058,-0.0033287499580832,-0.0073342913055775,4,-0.0073342913055775,1.0
2013-12-18,FOMC_statement,https://www.federalreserve.gov/newsevents/pressreleases/monetary20131218a.htm,XLY,-0.0005612156349784,-0.0020356356358036,-0.0021046876427798,4,-0.0021046876427798,1.0
2014-01-15,Beige_Book,https://www.federalreserve.gov/monetarypolicy/beigebook/beigebook201401.htm,XLB,-0.0030952737892897,0.0086905515835106,-0.0016990294407212,4,-0.0016990294407212,1.0
2014-01-15,Beige_Book,https://www.federalreserve.gov/monetarypolicy/beigebook/beigebook201401.htm,XLE,-0.0021348192145633,0.0106135676818478,0.0145743474640239,4,0.0145743474640239,1.0
2014-01-15,Beige_Book,https://www.federalreserve.gov/monetarypolicy/beigebook/beigebook201401.htm,XLF,0.002603582383946,-0.0060051463170168,-0.0062010199459506,4,-0.0062010199459506,1.0
2014-01-15,Beige_Book,https://www.federalreserve.gov/monetarypolicy/beigebook/beigebook201401.htm,XLI,0.0003717695891607,-0.003929092486578,-0.0014963428492531,3,-0.003929092486578,0.3808367592172216
2014-01-15,Beige_Book,https://www.federalreserve.gov/monetarypolicy/beigebook/beigebook201401.htm,XLK,-0.0059879786905299,0.0017817347318326,1.6466691530103716e-05,3,0.0017817347318326,0.009241943391408738
2014-01-15,Beige_Book,https://www.federalreserve.gov/monetarypolicy/beigebook/beigebook201401.htm,XLP,0.0056801680554821,-0.0011560467816915,-0.0018077336157462,2,-0.0020185686976368,0.8955521889656611
2014-01-15,Beige_Book,https://www.federalreserve.gov/monetarypolicy/beigebook/beigebook201401.htm,XLU,0.0095761078807379,0.0202366880377654,0.0206247019087916,4,0.0206247019087916,1.0
2014-01-15,Beige_Book,https://www.federalreserve.gov/monetarypolicy/beigebook/beigebook201401.htm,XLV,-0.0017174370760741,0.0097833893165129,0.0100033333714393,4,0.0100033333714393,1.0
2014-01-15,Beige_Book,https://www.federalreserve.gov/monetarypolicy/beigebook/beigebook201401.htm,XLY,0.0022837412146368,-0.0080937943750953,-0.0061311876688501,3,-0.0080937943750953,0.7575171031915311
2014-01-29,FOMC_statement,https://www.federalreserve.gov/newsevents/pressreleases/monetary20140129a.htm,XLB,0.0002326830819192,-0.0074067838971753,-0.0031695387783362,3,-0.0074067838971753,0.42792375507876723
2014-01-29,FOMC_statement,https://www.federalreserve.gov/newsevents/pressreleases/monetary20140129a.htm,XLE,-0.0016612973056404,-0.0098043053118399,-0.0150880465307813,5,-0.0150880465307813,1.0
2014-01-29,FOMC_statement,https://www.federalreserve.gov/newsevents/pressreleases/monetary20140129a.htm,XLF,-0.0073905665339584,-0.0048559461506413,-0.0018286756850687,3,-0.0048559461506413,0.3765848360627303
2014-01-29,FOMC_statement,https://www.federalreserve.gov/newsevents/pressreleases/monetary20140129a.htm,XLI,-0.0034711593969993,-0.005150890813076,-0.0049364936012162,4,-0.005782394326376,0.8537109928146407
2014-01-29,FOMC_statement,https://www.federalreserve.gov/newsevents/pressreleases/monetary20140129a.htm,XLK,0.0119893888026335,0.0113386661993439,0.0102788194708174,3,0.0113386661993439,0.9065280951133542
2014-01-29,FOMC_statement,https://www.federalreserve.gov/newsevents/pressreleases/monetary20140129a.htm,XLP,-0.0017909893972269,-0.0072426496276891,-0.0069792335035745,1,-0.0091344418284133,0.7640569215587013
2014-01-29,FOMC_statement,https://www.federalreserve.gov/newsevents/pressreleases/monetary20140129a.htm,XLU,0.0022779224085329,0.03353547919312,0.0174470366795749,3,0.03353547919312,0.5202560720573888
2014-01-29,FOMC_statement,https://www.federalreserve.gov/newsevents/pressreleases/monetary20140129a.htm,XLV,-0.007448486102985,0.0076438025327705,0.0061408350395564,4,0.0104823333187853,0.5858271105109262
2014-01-29,FOMC_statement,https://www.federalreserve.gov/newsevents/pressreleases/monetary20140129a.htm,XLY,-0.0010012397464733,-0.0058723231402002,0.0019304352806686,1,0.0061534039846669,0.3137182745483433
2014-03-05,Beige_Book,https://www.federalreserve.gov/monetarypolicy/beigebook/beigebook201403.htm,XLB,-0.0016989151323585,-0.0036319348152943,-0.0096419788710634,5,-0.0096419788710634,1.0
2014-03-05,Beige_Book,https://www.federalreserve.gov/monetarypolicy/beigebook/beigebook201403.htm,XLE,0.0031479389460249,0.0085648578096457,0.0020113757545713,3,0.0085648578096457,0.23484053083824682
2014-03-05,Beige_Book,https://www.federalreserve.gov/monetarypolicy/beigebook/beigebook201403.htm,XLF,-0.0063812708323931,0.0059066788372539,0.002080056967449,3,0.0059066788372539,0.35215338852180567
2014-03-05,Beige_Book,https://www.federalreserve.gov/monetarypolicy/beigebook/beigebook201403.htm,XLI,-0.0004479834089721,0.002405350976255,-0.0020297021134164,5,-0.0020297021134164,1.0
2014-03-05,Beige_Book,https://www.federalreserve.gov/monetarypolicy/beigebook/beigebook201403.htm,XLK,0.0009859620526095,-0.0054714836291968,-0.001342993325974,3,-0.0054714836291968,0.24545322932294839
2014-03-05,Beige_Book,https://www.federalreserve.gov/monetarypolicy/beigebook/beigebook201403.htm,XLP,0.0005229223503628,0.0013391006496938,0.0076547651354824,5,0.0076547651354824,1.0
2014-03-05,Beige_Book,https://www.federalreserve.gov/monetarypolicy/beigebook/beigebook201403.htm,XLU,0.0068147783001364,-0.0066657447443585,0.0078205616631461,5,0.0078205616631461,1.0
2014-03-05,Beige_Book,https://www.federalreserve.gov/monetarypolicy/beigebook/beigebook201403.htm,XLV,-0.0049270304883781,-0.0066651264517502,-0.0041681586318949,2,-0.0114021337832447,0.36555952693871735
2014-03-05,Beige_Book,https://www.federalreserve.gov/monetarypolicy/beigebook/beigebook201403.htm,XLY,0.0015195149557696,-0.0038110984413405,-0.006435349602382,5,-0.006435349602382,1.0
2014-03-19,FOMC_statement,https://www.federalreserve.gov/newsevents/pressreleases/monetary20140319a.htm,XLB,0.001427123270304,0.0035269249578843,-0.0028830914406993,5,-0.0028830914406993,1.0
2014-03-19,FOMC_statement,https://www.federalreserve.gov/newsevents/pressreleases/monetary20140319a.htm,XLE,-0.0012682276228765,0.0067485632968031,0.0134956037074129,5,0.0134956037074129,1.0
2014-03-19,FOMC_statement,https://www.federalreserve.gov/newsevents/pressreleases/monetary20140319a.htm,XLF,0.002143968490897,0.0176773501204353,0.0089495985032184,3,0.0176773501204353,0.5062748908770281
2014-03-19,FOMC_statement,https://www.federalreserve.gov/newsevents/pressreleases/monetary20140319a.htm,XLI,0.0017507556643832,0.0018802866294919,0.0032541917383677,4,0.0062646683347794,0.5194515598378108
2014-03-19,FOMC_statement,https://www.federalreserve.gov/newsevents/pressreleases/monetary20140319a.htm,XLK,-0.0059003783535227,0.0040324908223453,0.0004880695168459,4,0.0053509756806749,0.09121131284684543
2014-03-19,FOMC_statement,https://www.federalreserve.gov/newsevents/pressreleases/monetary20140319a.htm,XLP,0.0050366493255367,0.0041912232987345,0.0116006913303764,5,0.0116006913303764,1.0
2014-03-19,FOMC_statement,https://www.federalreserve.gov/newsevents/pressreleases/monetary20140319a.htm,XLU,0.0085954908522444,0.0147010451379976,0.0171650810704913,5,0.0171650810704913,1.0
2014-03-19,FOMC_statement,https://www.federalreserve.gov/newsevents/pressreleases/monetary20140319a.htm,XLV,-0.0035385541395283,-0.0271402656084336,-0.0154838066585542,3,-0.0271402656084336,0.5705105057535893
2014-03-19,FOMC_statement,https://www.federalreserve.gov/newsevents/pressreleases/monetary20140319a.htm,XLY,0.0027627797682057,-0.0116882254400982,-0.0232855879760093,5,-0.0232855879760093,1.0
2014-04-16,Beige_Book,https://www.federalreserve.gov/monetarypolicy/beigebook/beigebook201404.htm,XLB,0.0008530792447678,-0.0024752310389917,7.610459700468919e-05,1,0.0017696221371046,0.04300612848865529
2014-04-16,Beige_Book,https://www.federalreserve.gov/monetarypolicy/beigebook/beigebook201404.htm,XLE,-0.0064961311698776,0.0048902172391933,0.0124853160360814,4,0.0124853160360814,1.0
2014-04-16,Beige_Book,https://www.federalreserve.gov/monetarypolicy/beigebook/beigebook201404.htm,XLF,-0.0024363585333768,-0.0016428111069513,0.0029729052728136,4,0.0029729052728136,1.0
2014-04-16,Beige_Book,https://www.federalreserve.gov/monetarypolicy/beigebook/beigebook201404.htm,XLI,-0.0001452227270695,0.0018151634713334,0.0079351384164055,4,0.0079351384164055,1.0
2014-04-16,Beige_Book,https://www.federalreserve.gov/monetarypolicy/beigebook/beigebook201404.htm,XLK,0.0018242398683407,-0.0027821048246186,-0.0111781864263404,4,-0.0111781864263404,1.0
2014-04-16,Beige_Book,https://www.federalreserve.gov/monetarypolicy/beigebook/beigebook201404.htm,XLP,0.0043347554292467,-0.0092004204257585,-0.008462732375994,3,-0.0092004204257585,0.9198201804235828
2014-04-16,Beige_Book,https://www.federalreserve.gov/monetarypolicy/beigebook/beigebook201404.htm,XLU,-0.0069418553427484,-0.0215655407540339,-0.0187516195102486,3,-0.0215655407540339,0.8695177053114727
2014-04-16,Beige_Book,https://www.federalreserve.gov/monetarypolicy/beigebook/beigebook201404.htm,XLV,-0.0038230388375528,0.0132911068546746,0.0106500637498573,3,0.0132911068546746,0.8012924631714611
2014-04-16,Beige_Book,https://www.federalreserve.gov/monetarypolicy/beigebook/beigebook201404.htm,XLY,0.00561204969247,0.0030949070924712,0.0007846795339685,3,0.0030949070924712,0.2535389627292348
2014-04-30,FOMC_statement,https://www.federalreserve.gov/newsevents/pressreleases/monetary20140430a.htm,XLB,-0.0023719006021987,0.0023875461193857,0.0079602878885544,5,0.0079602878885544,1.0
2014-04-30,FOMC_statement,https://www.federalreserve.gov/newsevents/pressreleases/monetary20140430a.htm,XLE,5.176786077187856e-05,0.003898952326173,0.0168966376554176,5,0.0168966376554176,1.0
2014-04-30,FOMC_statement,https://www.federalreserve.gov/newsevents/pressreleases/monetary20140430a.htm,XLF,-0.0050131415960661,-0.0033132137701498,-0.0012213491401954,4,-0.0087641340945013,0.1393576509699556
2014-04-30,FOMC_statement,https://www.federalreserve.gov/newsevents/pressreleases/monetary20140430a.htm,XLI,0.0019907535023993,-0.0024678386996266,0.0013561780142015,5,0.0013561780142015,1.0
2014-04-30,FOMC_statement,https://www.federalreserve.gov/newsevents/pressreleases/monetary20140430a.htm,XLK,-0.0022720816621533,0.0029909753565111,-0.0048495487493592,5,-0.0048495487493592,1.0
2014-04-30,FOMC_statement,https://www.federalreserve.gov/newsevents/pressreleases/monetary20140430a.htm,XLP,0.0089453228164321,-0.0037540640146431,0.0022967948787763,5,0.0022967948787763,1.0
2014-04-30,FOMC_statement,https://www.federalreserve.gov/newsevents/pressreleases/monetary20140430a.htm,XLU,0.0088105480725794,-0.0079912974301967,0.0060963301438602,5,0.0060963301438602,1.0
2014-04-30,FOMC_statement,https://www.federalreserve.gov/newsevents/pressreleases/monetary20140430a.htm,XLV,-0.0012336909721979,-0.0003539628058285,-0.0035353986394374,2,-0.0050198431459514,0.7042846831357206
2014-04-30,FOMC_statement,https://www.federalreserve.gov/newsevents/pressreleases/monetary20140430a.htm,XLY,7.25102887868534e-05,0.0067588913979979,-0.0059933780004823,5,-0.0059933780004823,1.0
2014-06-04,Beige_Book,https://www.federalreserve.gov/monetarypolicy/beigebook/beigebook201406.htm,XLB,0.0017130564099788,-0.005422782650892,-0.0062752900778354,5,-0.0062752900778354,1.0
2014-06-04,Beige_Book,https://www.federalreserve.gov/monetarypolicy/beigebook/beigebook201406.htm,XLE,-0.0039858261997435,0.0032092740507831,0.0087556781745413,5,0.0087556781745413,1.0
2014-06-04,Beige_Book,https://www.federalreserve.gov/monetarypolicy/beigebook/beigebook201406.htm,XLF,-0.0018610154143466,0.0080380361691598,0.0044223438020691,3,0.0080380361691598,0.5501771463826791
2014-06-04,Beige_Book,https://www.federalreserve.gov/monetarypolicy/beigebook/beigebook201406.htm,XLI,0.0005867320600271,0.0129229978208718,0.0065658865820488,3,0.0129229978208718,0.5080776668896674
2014-06-04,Beige_Book,https://www.federalreserve.gov/monetarypolicy/beigebook/beigebook201406.htm,XLK,0.0010704939742981,0.0019046696257771,0.0034523753377236,5,0.0034523753377236,1.0
2014-06-04,Beige_Book,https://www.federalreserve.gov/monetarypolicy/beigebook/beigebook201406.htm,XLP,0.0030426461322717,-0.0072097269767357,-0.0064932926809101,4,-0.0073122162091345,0.8880061113070765
2014-06-04,Beige_Book,https://www.federalreserve.gov/monetarypolicy/beigebook/beigebook201406.htm,XLU,-0.0042632804315271,-0.0141326556368477,-0.0257451632120337,5,-0.0257451632120337,1.0
2014-06-04,Beige_Book,https://www.federalreserve.gov/monetarypolicy/beigebook/beigebook201406.htm,XLV,-0.002356084733199,-0.0173140019296382,-0.0117643338985978,3,-0.0173140019296382,0.679469365107298
2014-06-04,Beige_Book,https://www.federalreserve.gov/monetarypolicy/beigebook/beigebook201406.htm,XLY,0.0013022987653023,0.000337861698459,-0.0012243084922372,4,-0.0017069727637374,0.7172396175534684
2014-06-18,FOMC_statement,https://www.federalreserve.gov/newsevents/pressreleases/monetary20140618a.htm,XLB,0.0007403857290837,0.0026519867670953,0.0026226487128837,3,0.0026519867670953,0.9889373300894206
2014-06-18,FOMC_statement,https://www.federalreserve.gov/newsevents/pressreleases/monetary20140618a.htm,XLE,0.0034861210285803,0.0177896939687886,0.0058297332418493,3,0.0177896939687886,0.32770284031177627
2014-06-18,FOMC_statement,https://www.federalreserve.gov/newsevents/pressreleases/monetary20140618a.htm,XLF,-0.0074426253304615,0.0019901759580509,-0.0021812083650765,1,-0.0024328274449229,0.8965733963699286
2014-06-18,FOMC_statement,https://www.federalreserve.gov/newsevents/pressreleases/monetary20140618a.htm,XLI,2.344132679232835e-05,-0.0019132137333187,-0.0095397440365835,5,-0.0095397440365835,1.0
2014-06-18,FOMC_statement,https://www.federalreserve.gov/newsevents/pressreleases/monetary20140618a.htm,XLK,0.0004188075614504,-0.0039799904841949,-0.003763382608407,2,-0.0071734281953761,0.5246281841690181
2014-06-18,FOMC_statement,https://www.federalreserve.gov/newsevents/pressreleases/monetary20140618a.htm,XLP,0.0027795986090135,-0.0057124288302952,-0.0093278079110995,5,-0.0093278079110995,1.0
2014-06-18,FOMC_statement,https://www.federalreserve.gov/newsevents/pressreleases/monetary20140618a.htm,XLU,0.0041802189054311,-0.0041490491043453,0.0040385160593107,1,0.007107926515355,0.5681707669017735
2014-06-18,FOMC_statement,https://www.federalreserve.gov/newsevents/pressreleases/monetary20140618a.htm,XLV,0.0032815086903719,0.0050956964139626,0.0181730144522439,5,0.0181730144522439,1.0
2014-06-18,FOMC_statement,https://www.federalreserve.gov/newsevents/pressreleases/monetary20140618a.htm,XLY,-0.0011632080769243,-0.0077727007881772,-0.0002017523253892,2,-0.0092891449709617,0.021719149181101936
2014-07-16,Beige_Book,https://www.federalreserve.gov/monetarypolicy/beigebook/beigebook201407.htm,XLB,0.0001436962489099,0.0022475066547166,0.0012861309459141,1,0.0071521354109823,0.17982474771649468
2014-07-16,Beige_Book,https://www.federalreserve.gov/monetarypolicy/beigebook/beigebook201407.htm,XLE,0.0024601347523044,-0.008677070879728,-0.0016836210047282,2,-0.0120636474826715,0.13956152209740808
2014-07-16,Beige_Book,https://www.federalreserve.gov/monetarypolicy/beigebook/beigebook201407.htm,XLF,-0.0088800695988903,-0.0011939775610532,-0.0025268929392159,5,-0.0025268929392159,1.0
2014-07-16,Beige_Book,https://www.federalreserve.gov/monetarypolicy/beigebook/beigebook201407.htm,XLI,-0.0024240275303036,-0.0047258185556853,-0.0116577970545593,5,-0.0116577970545593,1.0
2014-07-16,Beige_Book,https://www.federalreserve.gov/monetarypolicy/beigebook/beigebook201407.htm,XLK,-8.677772515131021e-05,0.000893427366971,0.0044530782666526,4,0.0049110915834803,0.9067389990509761
2014-07-16,Beige_Book,https://www.federalreserve.gov/monetarypolicy/beigebook/beigebook201407.htm,XLP,0.0069349205989878,0.0022096023761747,-0.0074824088421159,5,-0.0074824088421159,1.0
2014-07-16,Beige_Book,https://www.federalreserve.gov/monetarypolicy/beigebook/beigebook201407.htm,XLU,-0.0070681998744567,0.0031117334444389,-0.004635204687082,5,-0.004635204687082,1.0
2014-07-16,Beige_Book,https://www.federalreserve.gov/monetarypolicy/beigebook/beigebook201407.htm,XLV,0.0067007828707911,0.0043649043553964,0.0145578778193443,5,0.0145578778193443,1.0
2014-07-16,Beige_Book,https://www.federalreserve.gov/monetarypolicy/beigebook/beigebook201407.htm,XLY,0.0015308725557156,-0.001782562144096,-0.0049343895425942,5,-0.0049343895425942,1.0
2014-07-30,FOMC_statement,https://www.federalreserve.gov/newsevents/pressreleases/monetary20140730a.htm,XLB,0.0028682704356293,0.0087686096003393,0.0151846404082292,5,0.0151846404082292,1.0
2014-07-30,FOMC_statement,https://www.federalreserve.gov/newsevents/pressreleases/monetary20140730a.htm,XLE,-0.0017876583594956,0.0027401606173068,-0.0067940329300886,4,-0.0094183426972989,0.7213618306793051
2014-07-30,FOMC_statement,https://www.federalreserve.gov/newsevents/pressreleases/monetary20140730a.htm,XLF,0.0009422338069763,-0.0053368804536428,-0.0021611823594198,2,-0.0062162364073981,0.3476673372408621
2014-07-30,FOMC_statement,https://www.federalreserve.gov/newsevents/pressreleases/monetary20140730a.htm,XLI,0.0082206741393942,-0.0021325247908249,-0.0037487289552675,5,-0.0037487289552675,1.0
2014-07-30,FOMC_statement,https://www.federalreserve.gov/newsevents/pressreleases/monetary20140730a.htm,XLK,-0.0022872331593628,-0.001451848535138,-0.0046384222525105,5,-0.0046384222525105,1.0
2014-07-30,FOMC_statement,https://www.federalreserve.gov/newsevents/pressreleases/monetary20140730a.htm,XLP,0.0001910092540151,0.0093642375989642,0.0229132055086915,5,0.0229132055086915,1.0
2014-07-30,FOMC_statement,https://www.federalreserve.gov/newsevents/pressreleases/monetary20140730a.htm,XLU,0.0049980771998034,-0.0015993179634137,-0.0171337263644332,5,-0.0171337263644332,1.0
2014-07-30,FOMC_statement,https://www.federalreserve.gov/newsevents/pressreleases/monetary20140730a.htm,XLV,-0.0051053475331185,8.6599966608647e-05,-0.0006618217726558,1,-0.0008340431049798,0.7935102738746684
2014-07-30,FOMC_statement,https://www.federalreserve.gov/newsevents/pressreleases/monetary20140730a.htm,XLY,-0.0014598414838883,0.0032171823735143,0.003535103536166,4,0.0059742525642622,0.5917231483169767
2014-09-03,Beige_Book,https://www.federalreserve.gov/monetarypolicy/beigebook/beigebook201409.htm,XLB,0.0028658639814054,-4.8819810651634654e-05,-0.0056062715766852,5,-0.0056062715766852,1.0
2014-09-03,Beige_Book,https://www.federalreserve.gov/monetarypolicy/beigebook/beigebook201409.htm,XLE,0.0121613431746712,-0.0227806487259758,-0.0270239456477984,5,-0.0270239456477984,1.0
2014-09-03,Beige_Book,https://www.federalreserve.gov/monetarypolicy/beigebook/beigebook201409.htm,XLF,-0.0043504921025349,0.0020973986505617,-0.000394278935222,4,-0.001797131099896,0.2193935296344362
2014-09-03,Beige_Book,https://www.federalreserve.gov/monetarypolicy/beigebook/beigebook201409.htm,XLI,-0.0038310493175438,0.0023098661283454,0.0024854482180735,4,0.005508885591526,0.45117078159995216
2014-09-03,Beige_Book,https://www.federalreserve.gov/monetarypolicy/beigebook/beigebook201409.htm,XLK,-0.0007467487902673,0.0065195024604047,0.0078917785632713,5,0.0078917785632713,1.0
2014-09-03,Beige_Book,https://www.federalreserve.gov/monetarypolicy/beigebook/beigebook201409.htm,XLP,-0.0009411317484936,0.0009133637887878,0.0059244549220429,5,0.0059244549220429,1.0
2014-09-03,Beige_Book,https://www.federalreserve.gov/monetarypolicy/beigebook/beigebook201409.htm,XLU,0.0085127241090997,0.0056466664715629,-0.0077495609393155,5,-0.0077495609393155,1.0
2014-09-03,Beige_Book,https://www.federalreserve.gov/monetarypolicy/beigebook/beigebook201409.htm,XLV,-2.8237837568001467e-05,0.0005013172622498,0.0074509813969445,5,0.0074509813969445,1.0
2014-09-03,Beige_Book,https://www.federalreserve.gov/monetarypolicy/beigebook/beigebook201409.htm,XLY,-0.0023877433252738,0.0024626943685899,-0.0014586836414987,5,-0.0014586836414987,1.0
2014-10-15,Beige_Book,https://www.federalreserve.gov/monetarypolicy/beigebook/beigebook201410.htm,XLB,-0.0015559393535584,0.0177018090044898,0.0184866135084923,4,0.0194421448401935,0.9508525762175275
2014-10-15,Beige_Book,https://www.federalreserve.gov/monetarypolicy/beigebook/beigebook201410.htm,XLE,0.014144511018534,0.0144553739027799,0.0132411661764497,4,0.0250928645410093,0.5276865124270546
2014-10-15,Beige_Book,https://www.federalreserve.gov/monetarypolicy/beigebook/beigebook201410.htm,XLF,-0.0024737566892498,-0.002134152456293,-0.0053082367048697,5,-0.0053082367048697,1.0
2014-10-15,Beige_Book,https://www.federalreserve.gov/monetarypolicy/beigebook/beigebook201410.htm,XLI,-0.0123811406281593,0.0094452180648758,0.0059461800601067,2,0.0162408288408018,0.36612540643049724
2014-10-15,Beige_Book,https://www.federalreserve.gov/monetarypolicy/beigebook/beigebook201410.htm,XLK,-4.705160903761829e-05,-0.0075442975339899,-0.0053851387102574,4,-0.0078397073706465,0.6869055764020585
2014-10-15,Beige_Book,https://www.federalreserve.gov/monetarypolicy/beigebook/beigebook201410.htm,XLP,0.0019921258302314,-0.0015038207645521,-0.0078062638515512,4,-0.0171173691038948,0.4560434377602457
2014-10-15,Beige_Book,https://www.federalreserve.gov/monetarypolicy/beigebook/beigebook201410.htm,XLU,-0.0075452699863061,7.541303218738804e-05,-0.0030131857807504,4,-0.0162948299070389,0.1849166758990709
2014-10-15,Beige_Book,https://www.federalreserve.gov/monetarypolicy/beigebook/beigebook201410.htm,XLV,0.0090296291469431,0.0022571275737081,0.0110118051845166,5,0.0110118051845166,1.0
2014-10-15,Beige_Book,https://www.federalreserve.gov/monetarypolicy/beigebook/beigebook201410.htm,XLY,-0.0057269526314203,0.0054338504788709,0.0035450512627214,3,0.0054338504788709,0.6524013269238919
2014-10-29,FOMC_statement,https://www.federalreserve.gov/newsevents/pressreleases/monetary20141029a.htm,XLB,0.0015269227195464,0.0009529329014373,-0.0026255935252771,4,-0.0059818450349086,0.43892703838945535
2014-10-29,FOMC_statement,https://www.federalreserve.gov/newsevents/pressreleases/monetary20141029a.htm,XLE,-0.0113225747277883,-0.0174734355843815,-0.0233295218802843,4,-0.0345765468515396,0.6747209887804484
2014-10-29,FOMC_statement,https://www.federalreserve.gov/newsevents/pressreleases/monetary20141029a.htm,XLF,0.0006615420903846,0.002385874069654,0.0066404123976995,5,0.0066404123976995,1.0
2014-10-29,FOMC_statement,https://www.federalreserve.gov/newsevents/pressreleases/monetary20141029a.htm,XLI,-0.0062241189702891,-0.0057413187057326,-0.0029621485810076,3,-0.0057413187057326,0.5159352289657687
2014-10-29,FOMC_statement,https://www.federalreserve.gov/newsevents/pressreleases/monetary20141029a.htm,XLK,-0.0022738514841289,0.0046002623320948,0.0042109617891751,4,0.0078236647493531,0.5382339254149769
2014-10-29,FOMC_statement,https://www.federalreserve.gov/newsevents/pressreleases/monetary20141029a.htm,XLP,0.007558635994262,-0.0017854175934151,0.0077002564614263,5,0.0077002564614263,1.0
2014-10-29,FOMC_statement,https://www.federalreserve.gov/newsevents/pressreleases/monetary20141029a.htm,XLU,0.0044927103808911,0.0104586685894818,0.0249914399232688,5,0.0249914399232688,1.0
2014-10-29,FOMC_statement,https://www.federalreserve.gov/newsevents/pressreleases/monetary20141029a.htm,XLV,0.0041173638272924,0.0052196560948352,0.0014825046934002,1,0.011981758643272,0.1237301415875754
2014-10-29,FOMC_statement,https://www.federalreserve.gov/newsevents/pressreleases/monetary20141029a.htm,XLY,0.0006395433374206,-0.0020372788233891,-0.0129115925144962,5,-0.0129115925144962,1.0
2014-12-03,Beige_Book,https://www.federalreserve.gov/monetarypolicy/beigebook/beigebook201412.htm,XLB,0.0005035515587692,-0.0075037742634662,-0.0087070059979541,5,-0.0087070059979541,1.0
2014-12-03,Beige_Book,https://www.federalreserve.gov/monetarypolicy/beigebook/beigebook201412.htm,XLE,-0.0043978675067672,-0.0549323010308293,-0.0581393495175276,5,-0.0581393495175276,1.0
2014-12-03,Beige_Book,https://www.federalreserve.gov/monetarypolicy/beigebook/beigebook201412.htm,XLF,-0.0030285107281511,0.0211503475298596,0.0225921295123545,5,0.0225921295123545,1.0
2014-12-03,Beige_Book,https://www.federalreserve.gov/monetarypolicy/beigebook/beigebook201412.htm,XLI,-0.0020799107093265,-0.0076257254047176,-0.0098081765478276,5,-0.0098081765478276,1.0
2014-12-03,Beige_Book,https://www.federalreserve.gov/monetarypolicy/beigebook/beigebook201412.htm,XLK,0.0062256967037046,-0.0052428199322512,-0.0038887570248246,3,-0.0052428199322512,0.7417300374752366
2014-12-03,Beige_Book,https://www.federalreserve.gov/monetarypolicy/beigebook/beigebook201412.htm,XLP,0.0029931748723248,0.0051307995348609,0.0090908737006497,5,0.0090908737006497,1.0
2014-12-03,Beige_Book,https://www.federalreserve.gov/monetarypolicy/beigebook/beigebook201412.htm,XLU,-0.0002618958292017,0.005566503110568,0.0147681862405095,5,0.0147681862405095,1.0
2014-12-03,Beige_Book,https://www.federalreserve.gov/monetarypolicy/beigebook/beigebook201412.htm,XLV,-0.0046245402946205,0.0163771237859806,0.0134547818277988,3,0.0163771237859806,0.8215595121358594
2014-12-03,Beige_Book,https://www.federalreserve.gov/monetarypolicy/beigebook/beigebook201412.htm,XLY,0.002662357071415,-0.0002748963432248,0.0013283712339697,5,0.0013283712339697,1.0
2014-12-17,FOMC_statement,https://www.federalreserve.gov/newsevents/pressreleases/monetary20141217a.htm,XLB,-0.0002860209692876,0.0021081215129679,0.0049881917818541,4,0.0085377193799203,0.5842534241153128
2014-12-17,FOMC_statement,https://www.federalreserve.gov/newsevents/pressreleases/monetary20141217a.htm,XLE,-0.0168799223717843,0.0073957286276428,0.0108033995814714,2,0.0221731607059791,0.4872286691431507
2014-12-17,FOMC_statement,https://www.federalreserve.gov/newsevents/pressreleases/monetary20141217a.htm,XLF,0.0015963183651266,-0.0029348144088303,-0.0003476401116673,2,-0.0052228535713829,0.0665613360428277
2014-12-17,FOMC_statement,https://www.federalreserve.gov/newsevents/pressreleases/monetary20141217a.htm,XLI,-0.0089342074199256,0.0067551552391962,0.0100314563190753,5,0.0100314563190753,1.0
2014-12-17,FOMC_statement,https://www.federalreserve.gov/newsevents/pressreleases/monetary20141217a.htm,XLK,0.0053567563325465,0.0081373796056145,0.0083582286299324,4,0.0094022745104516,0.888958158011805
2014-12-17,FOMC_statement,https://www.federalreserve.gov/newsevents/pressreleases/monetary20141217a.htm,XLP,-0.0042368704801156,-0.0058175985119803,-0.0013488785537733,2,-0.0108842596453708,0.12392928850672846
2014-12-17,FOMC_statement,https://www.federalreserve.gov/newsevents/pressreleases/monetary20141217a.htm,XLU,-0.0071400747901168,-0.0097182945029716,0.0098614362761388,5,0.0098614362761388,1.0
2014-12-17,FOMC_statement,https://www.federalreserve.gov/newsevents/pressreleases/monetary20141217a.htm,XLV,0.003572455361975,-0.013282183179313,-0.0303324935387943,4,-0.0375740772695618,0.8072718145860152
2014-12-17,FOMC_statement,https://www.federalreserve.gov/newsevents/pressreleases/monetary20141217a.htm,XLY,0.0073587850677291,-0.0046462017214974,-0.0021698526871674,2,-0.0097818732347225,0.22182384039338415
2015-01-14,Beige_Book,https://www.federalreserve.gov/monetarypolicy/beigebook/beigebook201501.htm,XLB,0.0083700510773533,0.0096016999464746,0.0143593847125463,4,0.0143593847125463,1.0
2015-01-14,Beige_Book,https://www.federalreserve.gov/monetarypolicy/beigebook/beigebook201501.htm,XLE,0.0051438265750411,0.0149013711396562,0.0301660087630214,4,0.0301660087630214,1.0
2015-01-14,Beige_Book,https://www.federalreserve.gov/monetarypolicy/beigebook/beigebook201501.htm,XLF,0.0005329687133582,-0.0106200942271331,-0.0131035552507151,4,-0.0131035552507151,1.0
2015-01-14,Beige_Book,https://www.federalreserve.gov/monetarypolicy/beigebook/beigebook201501.htm,XLI,-0.0008136157308774,0.0029016994043039,0.0060172199703217,4,0.0060172199703217,1.0
2015-01-14,Beige_Book,https://www.federalreserve.gov/monetarypolicy/beigebook/beigebook201501.htm,XLK,-0.0020770678786949,-0.0007503276495693,-0.0040794893758123,2,-0.0070377733681871,0.5796562580791315
2015-01-14,Beige_Book,https://www.federalreserve.gov/monetarypolicy/beigebook/beigebook201501.htm,XLP,-0.0026079247117156,0.007591206308095,0.0073944164204545,1,0.0108002077325392,0.6846550180860294
2015-01-14,Beige_Book,https://www.federalreserve.gov/monetarypolicy/beigebook/beigebook201501.htm,XLU,-0.005562729368355,0.0132524777788681,0.0178471641515783,4,0.0178471641515783,1.0
2015-01-14,Beige_Book,https://www.federalreserve.gov/monetarypolicy/beigebook/beigebook201501.htm,XLV,0.0016011503470003,0.0019933158002392,-0.0010654524106059,1,-0.0015813623192479,0.6737560378399757
2015-01-14,Beige_Book,https://www.federalreserve.gov/monetarypolicy/beigebook/beigebook201501.htm,XLY,-0.0028122629651375,-0.0115132542119887,-0.0100653318923938,3,-0.0115132542119887,0.8742386563403434
2015-01-28,FOMC_statement,https://www.federalreserve.gov/newsevents/pressreleases/monetary20150128a.htm,XLB,-0.0063817714320565,0.0091144325736738,0.0139830799859866,4,0.0166817514242021,0.8382261328807339
2015-01-28,FOMC_statement,https://www.federalreserve.gov/newsevents/pressreleases/monetary20150128a.htm,XLE,-0.0125480673567756,0.0335502950206632,0.0337519536516525,4,0.0464460287093648,0.7266919172542123
2015-01-28,FOMC_statement,https://www.federalreserve.gov/newsevents/pressreleases/monetary20150128a.htm,XLF,-0.0023073969250071,-0.0010298108323654,0.002474314138784,5,0.002474314138784,1.0
2015-01-28,FOMC_statement,https://www.federalreserve.gov/newsevents/pressreleases/monetary20150128a.htm,XLI,8.85354502577762e-06,0.0010536749727582,-0.0009881036374709,2,-0.0014051679713519,0.7031925418284719
2015-01-28,FOMC_statement,https://www.federalreserve.gov/newsevents/pressreleases/monetary20150128a.htm,XLK,0.0156366392749365,-0.0016581562855072,0.0010626743882604,5,0.0010626743882604,1.0
2015-01-28,FOMC_statement,https://www.federalreserve.gov/newsevents/pressreleases/monetary20150128a.htm,XLP,-0.001710888951057,-0.0071397692619163,-0.0085350489290355,4,-0.0127509948422666,0.6693633739654403
2015-01-28,FOMC_statement,https://www.federalreserve.gov/newsevents/pressreleases/monetary20150128a.htm,XLU,-0.0146164303439906,-0.0134360452132566,-0.0324926475475494,5,-0.0324926475475494,1.0
2015-01-28,FOMC_statement,https://www.federalreserve.gov/newsevents/pressreleases/monetary20150128a.htm,XLV,-0.0060398270789613,-0.0105989835941311,-0.0270532232562228,5,-0.0270532232562228,1.0
2015-01-28,FOMC_statement,https://www.federalreserve.gov/newsevents/pressreleases/monetary20150128a.htm,XLY,-0.0051971419187119,0.0026748782808234,0.0199181542033742,5,0.0199181542033742,1.0
2015-03-04,Beige_Book,https://www.federalreserve.gov/monetarypolicy/beigebook/beigebook20150304.htm,XLB,0.0012978779422204,-0.0075594978068049,-0.0054401125868935,3,-0.0075594978068049,0.7196394159935368
2015-03-04,Beige_Book,https://www.federalreserve.gov/monetarypolicy/beigebook/beigebook20150304.htm,XLE,-0.0078001506165286,-0.022221208678719,-0.0146361439840565,3,-0.022221208678719,0.6586565202492054
2015-03-04,Beige_Book,https://www.federalreserve.gov/monetarypolicy/beigebook/beigebook20150304.htm,XLF,-0.0012505956602778,0.0101047987041789,0.0136014163099381,5,0.0136014163099381,1.0
2015-03-04,Beige_Book,https://www.federalreserve.gov/monetarypolicy/beigebook/beigebook20150304.htm,XLI,0.0022729736514008,0.0052850638566245,0.0043518119729568,3,0.0052850638566245,0.8234171035610238
2015-03-04,Beige_Book,https://www.federalreserve.gov/monetarypolicy/beigebook/beigebook20150304.htm,XLK,0.0025733655009346,3.1527666915942554e-05,-0.008303821593759,5,-0.008303821593759,1.0
2015-03-04,Beige_Book,https://www.federalreserve.gov/monetarypolicy/beigebook/beigebook20150304.htm,XLP,-0.0003114858456342,-0.0017122506728751,-0.0050814002246757,5,-0.0050814002246757,1.0
2015-03-04,Beige_Book,https://www.federalreserve.gov/monetarypolicy/beigebook/beigebook20150304.htm,XLU,-0.0101902598926384,-0.0114020178914273,-0.0011314130309162,3,-0.0114020178914273,0.09922919273498616
2015-03-04,Beige_Book,https://www.federalreserve.gov/monetarypolicy/beigebook/beigebook20150304.htm,XLV,0.0049506026524914,-0.0010624435719692,0.0058042280582694,5,0.0058042280582694,1.0
2015-03-04,Beige_Book,https://www.federalreserve.gov/monetarypolicy/beigebook/beigebook20150304.htm,XLY,-0.0013724295893684,0.0032599905231633,0.0007731887503761,4,0.0039234353618919,0.19706932294234725
2015-03-18,FOMC_statement,https://www.federalreserve.gov/newsevents/pressreleases/monetary20150318a.htm,XLB,0.0080803642337867,-0.0130907545162719,-0.0072766745735874,2,-0.0150394323128212,0.4838397103183206
2015-03-18,FOMC_statement,https://www.federalreserve.gov/newsevents/pressreleases/monetary20150318a.htm,XLE,0.0008617237859384,-0.0069792469528575,0.0196423675412237,5,0.0196423675412237,1.0
2015-03-18,FOMC_statement,https://www.federalreserve.gov/newsevents/pressreleases/monetary20150318a.htm,XLF,-0.0005357471307622,-0.0037172401053203,-0.0075877871140976,5,-0.0075877871140976,1.0
2015-03-18,FOMC_statement,https://www.federalreserve.gov/newsevents/pressreleases/monetary20150318a.htm,XLI,0.0010618725969963,-0.0118570716004322,-0.0119453746898613,5,-0.0119453746898613,1.0
2015-03-18,FOMC_statement,https://www.federalreserve.gov/newsevents/pressreleases/monetary20150318a.htm,XLK,-0.0032111396952145,0.0013225903391795,-0.0074036259908402,5,-0.0074036259908402,1.0
2015-03-18,FOMC_statement,https://www.federalreserve.gov/newsevents/pressreleases/monetary20150318a.htm,XLP,0.0041888230699791,0.0073520194234099,0.0194506027907133,5,0.0194506027907133,1.0
2015-03-18,FOMC_statement,https://www.federalreserve.gov/newsevents/pressreleases/monetary20150318a.htm,XLU,-0.0013894839048842,-0.0019161198975271,-0.0044345496912642,4,-0.0074055803407387,0.5988119076731071
2015-03-18,FOMC_statement,https://www.federalreserve.gov/newsevents/pressreleases/monetary20150318a.htm,XLV,-0.0001117315642146,0.0079139773916323,0.0012508706525536,1,0.0103610753189036,0.12072787949638861
2015-03-18,FOMC_statement,https://www.federalreserve.gov/newsevents/pressreleases/monetary20150318a.htm,XLY,0.0025506970904914,0.0056771901869586,0.0044656719012796,4,0.0060770272623232,0.7348448029789499
2015-04-15,Beige_Book,https://www.federalreserve.gov/monetarypolicy/beigebook/beigebook201504.htm,XLB,-0.0023289892141504,-0.0014694292320739,-0.0105797748369622,5,-0.0105797748369622,1.0
2015-04-15,Beige_Book,https://www.federalreserve.gov/monetarypolicy/beigebook/beigebook201504.htm,XLE,-0.0161100108169649,-0.0031323767124223,-0.0107991731741006,4,-0.012523122612535,0.8623386920520275
2015-04-15,Beige_Book,https://www.federalreserve.gov/monetarypolicy/beigebook/beigebook201504.htm,XLF,0.001913483962181,-0.0050577068338991,-0.0066817357909838,4,-0.0088188954651262,0.7576612986746841
2015-04-15,Beige_Book,https://www.federalreserve.gov/monetarypolicy/beigebook/beigebook201504.htm,XLI,0.0006729964220362,0.0001411045867262,-0.0005648041324053,2,-0.0023711657024113,0.23819682101125872
2015-04-15,Beige_Book,https://www.federalreserve.gov/monetarypolicy/beigebook/beigebook201504.htm,XLK,0.0050114946092588,0.0024249610549612,0.0084274101417377,5,0.0084274101417377,1.0
2015-04-15,Beige_Book,https://www.federalreserve.gov/monetarypolicy/beigebook/beigebook201504.htm,XLP,-0.0003145119975695,0.0004764712386169,-0.0008104012088042,5,-0.0008104012088042,1.0
2015-04-15,Beige_Book,https://www.federalreserve.gov/monetarypolicy/beigebook/beigebook201504.htm,XLU,-0.0030618777511075,0.0074937132669364,-0.0031371178333992,1,-0.0062237109866057,0.504059047753136
2015-04-15,Beige_Book,https://www.federalreserve.gov/monetarypolicy/beigebook/beigebook201504.htm,XLV,0.0002841933169197,-0.0004058676247666,0.0041330902171802,4,0.0074307721492324,0.556212750731046
2015-04-15,Beige_Book,https://www.federalreserve.gov/monetarypolicy/beigebook/beigebook201504.htm,XLY,0.0024383530277104,0.0008547806628349,-0.0008968265159648,2,-0.0010414973844765,0.8610933923905938
2015-04-29,FOMC_statement,https://www.federalreserve.gov/newsevents/pressreleases/monetary20150429a.htm,XLB,0.0017981306645442,0.0037553632145628,0.0081740281620487,2,0.0093344133557359,0.875687400004184
2015-04-29,FOMC_statement,https://www.federalreserve.gov/newsevents/pressreleases/monetary20150429a.htm,XLE,-0.0018279238778087,-0.0070391503763371,-0.0077296060565631,4,-0.0079266212256704,0.975145126340935
2015-04-29,FOMC_statement,https://www.federalreserve.gov/newsevents/pressreleases/monetary20150429a.htm,XLF,-0.002608640604768,0.0070824003289824,0.0087746614758479,4,0.0095839127048881,0.9155614983192142
2015-04-29,FOMC_statement,https://www.federalreserve.gov/newsevents/pressreleases/monetary20150429a.htm,XLI,0.001402060047503,0.0017815068870457,0.003341017386035,5,0.003341017386035,1.0
2015-04-29,FOMC_statement,https://www.federalreserve.gov/newsevents/pressreleases/monetary20150429a.htm,XLK,-5.8130291072044926e-05,-0.0044228614277007,-0.0128610499098544,5,-0.0128610499098544,1.0
2015-04-29,FOMC_statement,https://www.federalreserve.gov/newsevents/pressreleases/monetary20150429a.htm,XLP,0.0021569066145605,0.0035654902433476,0.0142489571493021,5,0.0142489571493021,1.0
2015-04-29,FOMC_statement,https://www.federalreserve.gov/newsevents/pressreleases/monetary20150429a.htm,XLU,-0.0039947209707296,-0.0022170572430353,-0.0144492537852483,5,-0.0144492537852483,1.0
2015-04-29,FOMC_statement,https://www.federalreserve.gov/newsevents/pressreleases/monetary20150429a.htm,XLV,-0.0017498836017311,0.0021632412637898,0.001276379102244,3,0.0021632412637898,0.5900308595296953
2015-04-29,FOMC_statement,https://www.federalreserve.gov/newsevents/pressreleases/monetary20150429a.htm,XLY,0.0066879658827646,0.0010761948429981,0.0020948211837624,5,0.0020948211837624,1.0
2015-06-03,Beige_Book,https://www.federalreserve.gov/monetarypolicy/beigebook/beigebook201506.htm,XLB,-0.0041524412199283,-0.0036697453120774,-0.0044876592481029,2,-0.0062199778910093,0.721491189637444
2015-06-03,Beige_Book,https://www.federalreserve.gov/monetarypolicy/beigebook/beigebook201506.htm,XLE,-0.0078989870360879,0.0040891166734777,0.0044125448987032,5,0.0044125448987032,1.0
2015-06-03,Beige_Book,https://www.federalreserve.gov/monetarypolicy/beigebook/beigebook201506.htm,XLF,-0.0026170909959351,0.0070924707579633,0.0118477236119131,5,0.0118477236119131,1.0
2015-06-03,Beige_Book,https://www.federalreserve.gov/monetarypolicy/beigebook/beigebook201506.htm,XLI,-0.0029543613653666,-0.0014739726549987,-0.0035834451606179,5,-0.0035834451606179,1.0
2015-06-03,Beige_Book,https://www.federalreserve.gov/monetarypolicy/beigebook/beigebook201506.htm,XLK,0.0010769554276375,-0.0073127150972186,-0.0059399684567094,4,-0.0095233990126781,0.6237235727287883
2015-06-03,Beige_Book,https://www.federalreserve.gov/monetarypolicy/beigebook/beigebook201506.htm,XLP,0.0016719655201583,-0.0055995997124657,-0.002781405338422,2,-0.0113290142515721,0.24551168148067523
2015-06-03,Beige_Book,https://www.federalreserve.gov/monetarypolicy/beigebook/beigebook201506.htm,XLU,0.0122483548541836,-0.0034103748410507,-0.012658201265617,5,-0.012658201265617,1.0
2015-06-03,Beige_Book,https://www.federalreserve.gov/monetarypolicy/beigebook/beigebook201506.htm,XLV,0.0055204520832273,0.0039860795823946,0.0041715078412178,5,0.0041715078412178,1.0
2015-06-03,Beige_Book,https://www.federalreserve.gov/monetarypolicy/beigebook/beigebook201506.htm,XLY,-0.0032144828289752,-0.000730830685376,-0.0033568757280553,5,-0.0033568757280553,1.0
2015-06-17,FOMC_statement,https://www.federalreserve.gov/newsevents/pressreleases/monetary20150617a.htm,XLB,0.0002400426363853,-0.0056653347734023,-0.0146227295912173,5,-0.0146227295912173,1.0
2015-06-17,FOMC_statement,https://www.federalreserve.gov/newsevents/pressreleases/monetary20150617a.htm,XLE,-0.0023636863940657,-0.0087587000710321,-0.0051771966721125,2,-0.0158872151586694,0.3258718800246994
2015-06-17,FOMC_statement,https://www.federalreserve.gov/newsevents/pressreleases/monetary20150617a.htm,XLF,-0.0001639962900457,-0.0032316423405436,-0.0030299382281603,2,-0.0134684998251037,0.2249647895092853
2015-06-17,FOMC_statement,https://www.federalreserve.gov/newsevents/pressreleases/monetary20150617a.htm,XLI,0.0045511622031315,0.0002134769959031,-0.0050291486527187,5,-0.0050291486527187,1.0
2015-06-17,FOMC_statement,https://www.federalreserve.gov/newsevents/pressreleases/monetary20150617a.htm,XLK,-0.0011499755381343,-0.0022806520479299,0.0003134431946599,5,0.0003134431946599,1.0
2015-06-17,FOMC_statement,https://www.federalreserve.gov/newsevents/pressreleases/monetary20150617a.htm,XLP,-0.0054476570877868,0.0025623018896427,0.0002945193889584,2,0.0037803468037687,0.07790803443345146
2015-06-17,FOMC_statement,https://www.federalreserve.gov/newsevents/pressreleases/monetary20150617a.htm,XLU,0.000742817881125,-0.0088897637174349,-0.0237383275194712,5,-0.0237383275194712,1.0
2015-06-17,FOMC_statement,https://www.federalreserve.gov/newsevents/pressreleases/monetary20150617a.htm,XLV,0.0004872508486886,0.0100702040877304,0.0085187193100968,4,0.011328108517944,0.7519983849557003
2015-06-17,FOMC_statement,https://www.federalreserve.gov/newsevents/pressreleases/monetary20150617a.htm,XLY,-0.0005829890850761,0.0030277709229861,0.0066565259021545,5,0.0066565259021545,1.0
2015-07-15,Beige_Book,https://www.federalreserve.gov/monetarypolicy/beigebook/beigebook201507.htm,XLB,-0.0012613842341098,-0.0271533566863584,-0.0318020965141575,5,-0.0318020965141575,1.0
2015-07-15,Beige_Book,https://www.federalreserve.gov/monetarypolicy/beigebook/beigebook201507.htm,XLE,-0.0028231044678124,-0.0334135785879565,-0.0353593828947367,5,-0.0353593828947367,1.0
2015-07-15,Beige_Book,https://www.federalreserve.gov/monetarypolicy/beigebook/beigebook201507.htm,XLF,0.0019316935239748,-0.0010407161806211,0.0110079257034032,5,0.0110079257034032,1.0
2015-07-15,Beige_Book,https://www.federalreserve.gov/monetarypolicy/beigebook/beigebook201507.htm,XLI,0.0015994318980792,-0.0050008250189813,-0.014412509622686,5,-0.014412509622686,1.0
2015-07-15,Beige_Book,https://www.federalreserve.gov/monetarypolicy/beigebook/beigebook201507.htm,XLK,0.0005346240467321,0.0241166030278061,0.0070851157992551,3,0.0241166030278061,0.2937858118361886
2015-07-15,Beige_Book,https://www.federalreserve.gov/monetarypolicy/beigebook/beigebook201507.htm,XLP,0.002726760861037,0.0020932303770774,0.0076447385395824,5,0.0076447385395824,1.0
2015-07-15,Beige_Book,https://www.federalreserve.gov/monetarypolicy/beigebook/beigebook201507.htm,XLU,0.0057338587410648,-0.00945142373597,-0.0083023287111616,4,-0.0145427104147405,0.5708928029500164
2015-07-15,Beige_Book,https://www.federalreserve.gov/monetarypolicy/beigebook/beigebook201507.htm,XLV,-0.0056724289330372,-0.0036568712396906,-0.0001032786312517,2,-0.0063871745269258,0.016169689870899593
2015-07-15,Beige_Book,https://www.federalreserve.gov/monetarypolicy/beigebook/beigebook201507.htm,XLY,0.0030689053906827,-0.0045594213210587,0.0028426869157938,5,0.0028426869157938,1.0
2015-07-29,FOMC_statement,https://www.federalreserve.gov/newsevents/pressreleases/monetary20150729a.htm,XLB,-0.0085780186706991,-0.0007683757781234,0.0073005475999042,5,0.0073005475999042,1.0
2015-07-29,FOMC_statement,https://www.federalreserve.gov/newsevents/pressreleases/monetary20150729a.htm,XLE,-0.0163254404939685,-0.0452420555472933,-0.0575042965770202,5,-0.0575042965770202,1.0
2015-07-29,FOMC_statement,https://www.federalreserve.gov/newsevents/pressreleases/monetary20150729a.htm,XLF,0.0082727587082411,0.0003006274137907,0.0013486001304111,5,0.0013486001304111,1.0
2015-07-29,FOMC_statement,https://www.federalreserve.gov/newsevents/pressreleases/monetary20150729a.htm,XLI,-0.0070933768871193,-0.0019831859496701,0.0016818164481374,5,0.0016818164481374,1.0
2015-07-29,FOMC_statement,https://www.federalreserve.gov/newsevents/pressreleases/monetary20150729a.htm,XLK,0.0032310467793588,-0.0021491865754829,0.0003454015655057,1,0.0016391974765868,0.21071382212282833
2015-07-29,FOMC_statement,https://www.federalreserve.gov/newsevents/pressreleases/monetary20150729a.htm,XLP,0.0010041271191061,0.004662324515024,0.0120545945183979,5,0.0120545945183979,1.0
2015-07-29,FOMC_statement,https://www.federalreserve.gov/newsevents/pressreleases/monetary20150729a.htm,XLU,0.0076176718248737,0.0273875510597635,0.0125183822112237,3,0.0273875510597635,0.45708293464818467
2015-07-29,FOMC_statement,https://www.federalreserve.gov/newsevents/pressreleases/monetary20150729a.htm,XLV,-0.0057694502575511,0.0082059605227022,0.0147092457228195,5,0.0147092457228195,1.0
2015-07-29,FOMC_statement,https://www.federalreserve.gov/newsevents/pressreleases/monetary20150729a.htm,XLY,0.0044885541313159,0.008053672692647,0.0001290861085473,4,0.0142608426651587,0.009051786880916653
2015-09-02,Beige_Book,https://www.federalreserve.gov/monetarypolicy/beigebook/beigebook201509.htm,XLB,0.0005958386432166,0.0005439118560282,0.0062590257831263,4,0.0062590257831263,1.0
2015-09-02,Beige_Book,https://www.federalreserve.gov/monetarypolicy/beigebook/beigebook201509.htm,XLE,0.0053781315342342,-0.0087481193482643,-0.0142065052620043,4,-0.0142065052620043,1.0
2015-09-02,Beige_Book,https://www.federalreserve.gov/monetarypolicy/beigebook/beigebook201509.htm,XLF,0.0025900367139596,0.0006490490936332,0.0002458579248287,1,0.0049404511700734,0.0497642657249555
2015-09-02,Beige_Book,https://www.federalreserve.gov/monetarypolicy/beigebook/beigebook201509.htm,XLI,-0.0033313840599602,0.0035763735912893,0.0063200277591746,4,0.0063200277591746,1.0
2015-09-02,Beige_Book,https://www.federalreserve.gov/monetarypolicy/beigebook/beigebook201509.htm,XLK,0.0022187300747573,0.0027470172815989,0.002999992642665,4,0.002999992642665,1.0
2015-09-02,Beige_Book,https://www.federalreserve.gov/monetarypolicy/beigebook/beigebook201509.htm,XLP,-0.0093442885375129,0.0006711555744067,-0.0023814498390479,4,-0.0023814498390479,1.0
2015-09-02,Beige_Book,https://www.federalreserve.gov/monetarypolicy/beigebook/beigebook201509.htm,XLU,-0.0027625159445002,0.0014009939509114,0.0023412391301192,2,0.0052916816673329,0.4424376365215531
2015-09-02,Beige_Book,https://www.federalreserve.gov/monetarypolicy/beigebook/beigebook201509.htm,XLV,-0.0036022618633997,-0.0024014413852914,-0.0044688879165299,1,-0.0078541874736836,0.5689815695771774
2015-09-02,Beige_Book,https://www.federalreserve.gov/monetarypolicy/beigebook/beigebook201509.htm,XLY,-0.0045071736080029,0.0021296718240564,0.004781860477063,4,0.004781860477063,1.0
2015-09-17,FOMC_statement,https://www.federalreserve.gov/newsevents/pressreleases/monetary20150917a.htm,XLB,-0.0056492444452556,-0.0121494378869088,-0.0309984929134641,4,-0.0318893738134899,0.9720633931153286
2015-09-17,FOMC_statement,https://www.federalreserve.gov/newsevents/pressreleases/monetary20150917a.htm,XLE,-0.0196707513281277,-0.0069634690530471,-0.0102929161137452,4,-0.0182652350694345,0.5635249737885729
2015-09-17,FOMC_statement,https://www.federalreserve.gov/newsevents/pressreleases/monetary20150917a.htm,XLF,0.0022559773913612,0.0036299614851155,0.0022190897970455,4,0.005670322136383,0.39135162759218806
2015-09-17,FOMC_statement,https://www.federalreserve.gov/newsevents/pressreleases/monetary20150917a.htm,XLI,0.0013788345698617,-0.0075016131776223,-0.0154335884127612,5,-0.0154335884127612,1.0
2015-09-17,FOMC_statement,https://www.federalreserve.gov/newsevents/pressreleases/monetary20150917a.htm,XLK,0.0045080230493166,0.0043476801127175,0.012075824072629,5,0.012075824072629,1.0
2015-09-17,FOMC_statement,https://www.federalreserve.gov/newsevents/pressreleases/monetary20150917a.htm,XLP,-0.0026997264127621,0.0090700317403694,0.0176844267835803,5,0.0176844267835803,1.0
2015-09-17,FOMC_statement,https://www.federalreserve.gov/newsevents/pressreleases/monetary20150917a.htm,XLU,-0.0013647405681838,0.0100518039782138,0.0259925661790791,5,0.0259925661790791,1.0
2015-09-17,FOMC_statement,https://www.federalreserve.gov/newsevents/pressreleases/monetary20150917a.htm,XLV,0.0058662038626771,-0.0105099287178215,-0.0165225475697637,2,-0.017344592736728,0.9526051041127312
2015-09-17,FOMC_statement,https://www.federalreserve.gov/newsevents/pressreleases/monetary20150917a.htm,XLY,-0.0026627047780845,0.0037081821492687,0.0035894803600905,2,0.0039961639177714,0.8982315125082002
2015-10-14,Beige_Book,https://www.federalreserve.gov/monetarypolicy/beigebook/beigebook201510.htm,XLB,-0.0024181221216557,-0.0242405393617062,-0.0240536750408231,3,-0.0242405393617062,0.9922912473978075
2015-10-14,Beige_Book,https://www.federalreserve.gov/monetarypolicy/beigebook/beigebook201510.htm,XLE,0.0041313220421485,-0.0209184768419238,-0.0229806532520721,5,-0.0229806532520721,1.0
2015-10-14,Beige_Book,https://www.federalreserve.gov/monetarypolicy/beigebook/beigebook201510.htm,XLF,0.0014367759239107,0.0074552003398921,0.0137053382182621,4,0.0146838208054754,0.9333632165513464
2015-10-14,Beige_Book,https://www.federalreserve.gov/monetarypolicy/beigebook/beigebook201510.htm,XLI,0.0043741669494637,-0.0132638621978364,0.0010585127768831,5,0.0010585127768831,1.0
2015-10-14,Beige_Book,https://www.federalreserve.gov/monetarypolicy/beigebook/beigebook201510.htm,XLK,-0.0041349474117385,-0.0018568867125128,-0.0046009111192565,2,-0.0051772271440466,0.8886824918522616
2015-10-14,Beige_Book,https://www.federalreserve.gov/monetarypolicy/beigebook/beigebook201510.htm,XLP,-0.0002523707947845,0.0026312701242259,0.0097121819204691,5,0.0097121819204691,1.0
2015-10-14,Beige_Book,https://www.federalreserve.gov/monetarypolicy/beigebook/beigebook201510.htm,XLU,-0.0040386690496339,-0.0036320652390358,0.0051953975866729,5,0.0051953975866729,1.0
2015-10-14,Beige_Book,https://www.federalreserve.gov/monetarypolicy/beigebook/beigebook201510.htm,XLV,0.0062308050615791,0.01448523086171,-0.0027421222301771,5,-0.0027421222301771,1.0
2015-10-14,Beige_Book,https://www.federalreserve.gov/monetarypolicy/beigebook/beigebook201510.htm,XLY,-0.0009232343946148,0.0026044461434104,0.0043599543869133,5,0.0043599543869133,1.0
2015-10-28,FOMC_statement,https://www.federalreserve.gov/newsevents/pressreleases/monetary20151028a.htm,XLB,0.0023231299001839,0.0025577879223077,8.338010406871987e-05,2,0.0082049685942682,0.010162147863304103
2015-10-28,FOMC_statement,https://www.federalreserve.gov/newsevents/pressreleases/monetary20151028a.htm,XLE,0.010081323177968,0.0279907561041408,0.0447280459680329,4,0.0506589971976865,0.8829240301281672
2015-10-28,FOMC_statement,https://www.federalreserve.gov/newsevents/pressreleases/monetary20151028a.htm,XLF,0.0038915091102424,-0.0087951651574972,-0.0098862957239167,2,-0.0106689368934279,0.9266430032036923
2015-10-28,FOMC_statement,https://www.federalreserve.gov/newsevents/pressreleases/monetary20151028a.htm,XLI,0.0090687201764381,0.0028219352064857,0.0009539712197749,2,0.0030443820769616,0.31335463015437165
2015-10-28,FOMC_statement,https://www.federalreserve.gov/newsevents/pressreleases/monetary20151028a.htm,XLK,0.0037936020495759,-0.0073352747529744,-0.00084984182899,3,-0.0073352747529744,0.11585685030344574
2015-10-28,FOMC_statement,https://www.federalreserve.gov/newsevents/pressreleases/monetary20151028a.htm,XLP,-0.0033145865342079,-0.0116375661197327,-0.0204925875128413,5,-0.0204925875128413,1.0
2015-10-28,FOMC_statement,https://www.federalreserve.gov/newsevents/pressreleases/monetary20151028a.htm,XLRE,-0.0021896203917544,-0.0086918445667274,0.0002190826771187,1,0.0051224837155317,0.042768838181842773
2015-10-28,FOMC_statement,https://www.federalreserve.gov/newsevents/pressreleases/monetary20151028a.htm,XLU,0.001668622163388,-0.0069191696842948,0.0014180399649441,2,0.0037689521268043,0.376242498507525
2015-10-28,FOMC_statement,https://www.federalreserve.gov/newsevents/pressreleases/monetary20151028a.htm,XLV,-0.0203234371020855,0.0125689181522797,0.0047262072234043,3,0.0125689181522797,0.37602339088723236
2015-10-28,FOMC_statement,https://www.federalreserve.gov/newsevents/pressreleases/monetary20151028a.htm,XLY,0.0028067270930859,0.0025815561974928,3.496519790469055e-05,2,0.009842685708399,0.003552404185257476
2015-12-02,Beige_Book,https://www.federalreserve.gov/monetarypolicy/beigebook/beigebook201512.htm,XLB,0.0025382379497596,-0.0085985548408168,0.0171365815476851,5,0.0171365815476851,1.0
2015-12-02,Beige_Book,https://www.federalreserve.gov/monetarypolicy/beigebook/beigebook201512.htm,XLE,0.0015970483785632,-0.0637784574581045,-0.0464122367597423,4,-0.0673413710147197,0.689208373105403
2015-12-02,Beige_Book,https://www.federalreserve.gov/monetarypolicy/beigebook/beigebook201512.htm,XLF,-0.0014573506251802,0.0014884056419265,-0.0081897871227432,5,-0.0081897871227432,1.0
2015-12-02,Beige_Book,https://www.federalreserve.gov/monetarypolicy/beigebook/beigebook201512.htm,XLI,0.0047863971753425,-0.0020002511315986,-0.0065204811068929,4,-0.0113056318053641,0.5767462817778282
2015-12-02,Beige_Book,https://www.federalreserve.gov/monetarypolicy/beigebook/beigebook201512.htm,XLK,0.0006639320896359,0.0072857028806363,0.0046125512714327,4,0.0115251710769883,0.4002154276601011
2015-12-02,Beige_Book,https://www.federalreserve.gov/monetarypolicy/beigebook/beigebook201512.htm,XLP,0.0010376575718116,0.0205920632983742,0.0230070496433844,4,0.0247415952819112,0.9298935408665849
2015-12-02,Beige_Book,https://www.federalreserve.gov/monetarypolicy/beigebook/beigebook201512.htm,XLRE,-0.0070166491073568,0.0009631537301002,0.0131948260704124,5,0.0131948260704124,1.0
2015-12-02,Beige_Book,https://www.federalreserve.gov/monetarypolicy/beigebook/beigebook201512.htm,XLU,0.0015958994102984,0.0115372536600546,0.0248652396289337,5,0.0248652396289337,1.0
2015-12-02,Beige_Book,https://www.federalreserve.gov/monetarypolicy/beigebook/beigebook201512.htm,XLV,-0.0073393916452537,-0.0033833032119752,0.0032938051031244,4,0.0055782834290926,0.5904692984845684
2015-12-02,Beige_Book,https://www.federalreserve.gov/monetarypolicy/beigebook/beigebook201512.htm,XLY,-0.0007385777980493,0.000618910519232,-0.0006217497349498,2,-0.0012532508036875,0.49610958406760713
2015-12-16,FOMC_statement,https://www.federalreserve.gov/newsevents/pressreleases/monetary20151216a.htm,XLB,0.0049622320861357,0.0003041965187645,0.0151241700860477,5,0.0151241700860477,1.0
2015-12-16,FOMC_statement,https://www.federalreserve.gov/newsevents/pressreleases/monetary20151216a.htm,XLE,-0.0146750673563382,-0.0162445569977686,0.0175228181636325,5,0.0175228181636325,1.0
2015-12-16,FOMC_statement,https://www.federalreserve.gov/newsevents/pressreleases/monetary20151216a.htm,XLF,-0.0129066501298187,-0.0063787258845331,-0.0066965700319976,2,-0.0080003568982069,0.837033912011911
2015-12-16,FOMC_statement,https://www.federalreserve.gov/newsevents/pressreleases/monetary20151216a.htm,XLI,0.0103078502592124,0.0007321801895686,0.0048124302652127,4,0.0054664795892626,0.8803527364604817
2015-12-16,FOMC_statement,https://www.federalreserve.gov/newsevents/pressreleases/monetary20151216a.htm,XLK,0.0060924839271849,-0.0001062629445139,-0.0058973573261708,5,-0.0058973573261708,1.0
2015-12-16,FOMC_statement,https://www.federalreserve.gov/newsevents/pressreleases/monetary20151216a.htm,XLP,0.0040933123553845,0.0055602804385365,0.004447979583429,4,0.0095117796411287,0.46762853548415334
2015-12-16,FOMC_statement,https://www.federalreserve.gov/newsevents/pressreleases/monetary20151216a.htm,XLRE,-0.0010468769001577,0.012158711548692,0.0096899099393363,2,0.0187602382779537,0.51651315914913
2015-12-16,FOMC_statement,https://www.federalreserve.gov/newsevents/pressreleases/monetary20151216a.htm,XLU,0.0026406881334664,0.0137435713636361,0.0161665905183597,2,0.0226981691278954,0.7122420503286947
2015-12-16,FOMC_statement,https://www.federalreserve.gov/newsevents/pressreleases/monetary20151216a.htm,XLV,-0.0025042544614828,0.008643469332883,0.0046868148470596,3,0.008643469332883,0.5422376902789714
2015-12-16,FOMC_statement,https://www.federalreserve.gov/newsevents/pressreleases/monetary20151216a.htm,XLY,0.0050171970986534,-0.0023284933334983,-0.0113431637034597,5,-0.0113431637034597,1.0
2016-01-13,Beige_Book,https://www.federalreserve.gov/monetarypolicy/beigebook/beigebook201601.htm,XLB,0.0065450438053706,-0.015559632935263,-0.0101563121789566,3,-0.015559632935263,0.6527346898999923
2016-01-13,Beige_Book,https://www.federalreserve.gov/monetarypolicy/beigebook/beigebook201601.htm,XLE,0.005698187013299,-0.0037039631406601,-0.0174032951909467,4,-0.0174032951909467,1.0
2016-01-13,Beige_Book,https://www.federalreserve.gov/monetarypolicy/beigebook/beigebook201601.htm,XLF,0.0003863971268327,-0.0103651826240854,-0.0171675174882509,4,-0.0171675174882509,1.0
2016-01-13,Beige_Book,https://www.federalreserve.gov/monetarypolicy/beigebook/beigebook201601.htm,XLI,2.8134889230146953e-05,-0.0022045081076688,-0.0023425426617483,1,-0.0045657135722221,0.5130726281211287
2016-01-13,Beige_Book,https://www.federalreserve.gov/monetarypolicy/beigebook/beigebook201601.htm,XLK,-0.0038280461804736,-0.0045493231693041,0.0003932830930198,1,0.0024609665231092,0.15980838801615382
2016-01-13,Beige_Book,https://www.federalreserve.gov/monetarypolicy/beigebook/beigebook201601.htm,XLP,0.0026119258183612,0.0047440576391556,0.0050793515209879,4,0.0050793515209879,1.0
2016-01-13,Beige_Book,https://www.federalreserve.gov/monetarypolicy/beigebook/beigebook201601.htm,XLRE,0.018963077831005,-0.0028780562504953,-0.0168885176470143,4,-0.0168885176470143,1.0
2016-01-13,Beige_Book,https://www.federalreserve.gov/monetarypolicy/beigebook/beigebook201601.htm,XLU,0.0119904147600424,0.0248513813918037,0.0151967418149756,3,0.0248513813918037,0.6115049129618074
2016-01-13,Beige_Book,https://www.federalreserve.gov/monetarypolicy/beigebook/beigebook201601.htm,XLV,-0.0047274356080999,0.0163593387326695,0.0311185750753074,4,0.0311185750753074,1.0
2016-01-13,Beige_Book,https://www.federalreserve.gov/monetarypolicy/beigebook/beigebook201601.htm,XLY,-0.0029836888769052,-0.0058786602398964,-0.0018421869484531,1,-0.0092420847533876,0.19932590942512873
2016-01-27,FOMC_statement,https://www.federalreserve.gov/newsevents/pressreleases/monetary20160127a.htm,XLB,-0.0035245276472652,0.0054238655322328,0.0443904549309135,5,0.0443904549309135,1.0
2016-01-27,FOMC_statement,https://www.federalreserve.gov/newsevents/pressreleases/monetary20160127a.htm,XLE,-0.0241819248643391,0.013707683642951,0.0279715071960896,2,0.0300103435937564,0.9320622107741886
2016-01-27,FOMC_statement,https://www.federalreserve.gov/newsevents/pressreleases/monetary20160127a.htm,XLF,-0.0031436716239416,-0.0049737928628045,-0.0197341110732124,5,-0.0197341110732124,1.0
2016-01-27,FOMC_statement,https://www.federalreserve.gov/newsevents/pressreleases/monetary20160127a.htm,XLI,-0.0052995308166778,0.0010694406749159,0.0092105611814667,5,0.0092105611814667,1.0
2016-01-27,FOMC_statement,https://www.federalreserve.gov/newsevents/pressreleases/monetary20160127a.htm,XLK,0.0038709947701174,0.0188483482259743,0.0117668525317958,4,0.0189916842130455,0.6195792010754412
2016-01-27,FOMC_statement,https://www.federalreserve.gov/newsevents/pressreleases/monetary20160127a.htm,XLP,0.0044308714934653,0.0045772188294012,0.0016547218628498,4,0.0098371173775919,0.16821206856991588
2016-01-27,FOMC_statement,https://www.federalreserve.gov/newsevents/pressreleases/monetary20160127a.htm,XLRE,0.0047549737069525,-0.0178113820205625,-0.0175119455662885,2,-0.0394124528316316,0.4443251893278204
2016-01-27,FOMC_statement,https://www.federalreserve.gov/newsevents/pressreleases/monetary20160127a.htm,XLU,0.006735232145167,0.0161983607100547,0.0449660307090671,5,0.0449660307090671,1.0
2016-01-27,FOMC_statement,https://www.federalreserve.gov/newsevents/pressreleases/monetary20160127a.htm,XLV,0.0060558815250917,-0.0346577821627294,-0.0304972238643874,2,-0.036523157736558,0.8350106002433924
2016-01-27,FOMC_statement,https://www.federalreserve.gov/newsevents/pressreleases/monetary20160127a.htm,XLY,-0.0009836427243206,0.0006077554506772,-0.0094106375701656,5,-0.0094106375701656,1.0
2016-03-02,Beige_Book,https://www.federalreserve.gov/monetarypolicy/beigebook/beigebook201603.htm,XLB,-0.0020913516409148,0.0212607306790444,0.0139404647083993,3,0.0212607306790444,0.6556907624129633
2016-03-02,Beige_Book,https://www.federalreserve.gov/monetarypolicy/beigebook/beigebook201603.htm,XLE,-0.0026512648989431,0.0402234809741051,0.0204369110858805,3,0.0402234809741051,0.5080840989132016
2016-03-02,Beige_Book,https://www.federalreserve.gov/monetarypolicy/beigebook/beigebook201603.htm,XLF,-0.010158641224168,0.0024415471806034,-0.0063762624912672,5,-0.0063762624912672,1.0
2016-03-02,Beige_Book,https://www.federalreserve.gov/monetarypolicy/beigebook/beigebook201603.htm,XLI,0.0039364409574031,0.0062569508592453,0.0013420481154712,3,0.0062569508592453,0.21448915704495003
2016-03-02,Beige_Book,https://www.federalreserve.gov/monetarypolicy/beigebook/beigebook201603.htm,XLK,-0.0062713845906354,-0.0115006348583035,-0.0030974177292324,3,-0.0115006348583035,0.26932580395734007
2016-03-02,Beige_Book,https://www.federalreserve.gov/monetarypolicy/beigebook/beigebook201603.htm,XLP,0.0138837568652465,-0.0048318059572406,0.0115653993130835,5,0.0115653993130835,1.0
2016-03-02,Beige_Book,https://www.federalreserve.gov/monetarypolicy/beigebook/beigebook201603.htm,XLRE,-0.0003596886022634,-0.0043494322065611,-0.0029375254939123,3,-0.0043494322065611,0.6753813726492978
2016-03-02,Beige_Book,https://www.federalreserve.gov/monetarypolicy/beigebook/beigebook201603.htm,XLU,0.0284743064849113,0.014754867279934,0.0352535803641921,4,0.0355945088078691,0.9904218809278348
2016-03-02,Beige_Book,https://www.federalreserve.gov/monetarypolicy/beigebook/beigebook201603.htm,XLV,0.0020662223600109,-0.0051327730579012,-0.0095814422671582,2,-0.0123451033649585,0.7761330127340258
2016-03-02,Beige_Book,https://www.federalreserve.gov/monetarypolicy/beigebook/beigebook201603.htm,XLY,-0.0029576471426753,-0.0072898202437718,-0.007186556322503,3,-0.0072898202437718,0.985834503757891
2016-03-16,FOMC_statement,https://www.federalreserve.gov/newsevents/pressreleases/monetary20160316a.htm,XLB,-0.0038970155966729,0.0154639965869578,-0.0012096105589439,5,-0.0012096105589439,1.0
2016-03-16,FOMC_statement,https://www.federalreserve.gov/newsevents/pressreleases/monetary20160316a.htm,XLE,0.0003072040440834,0.0013901192166946,-0.0189374976007913,5,-0.0189374976007913,1.0
2016-03-16,FOMC_statement,https://www.federalreserve.gov/newsevents/pressreleases/monetary20160316a.htm,XLF,-0.001183342792963,0.0075006199940113,0.004036802404796,2,0.0106791690318719,0.3780071644851948
2016-03-16,FOMC_statement,https://www.federalreserve.gov/newsevents/pressreleases/monetary20160316a.htm,XLI,-0.0010749614903899,0.0247508183511799,0.0196992138129732,3,0.0247508183511799,0.7959015145870567
2016-03-16,FOMC_statement,https://www.federalreserve.gov/newsevents/pressreleases/monetary20160316a.htm,XLK,-0.0053575750384543,-0.0029708803160732,-0.0013198147292586,2,-0.0049935908552103,0.26430173546987906
2016-03-16,FOMC_statement,https://www.federalreserve.gov/newsevents/pressreleases/monetary20160316a.htm,XLP,-0.0041097641607342,-0.0063560184810762,-0.0049126256079945,4,-0.0117037225848958,0.4197489792123467
2016-03-16,FOMC_statement,https://www.federalreserve.gov/newsevents/pressreleases/monetary20160316a.htm,XLRE,-0.0082446380774688,0.0096499498667742,0.011350708735609,1,0.0271185511830844,0.41855881824133634
2016-03-16,FOMC_statement,https://www.federalreserve.gov/newsevents/pressreleases/monetary20160316a.htm,XLU,-0.0034967705659124,-0.0135892388432085,-0.0023109997742775,4,-0.0163455759182056,0.14138380842877019
2016-03-16,FOMC_statement,https://www.federalreserve.gov/newsevents/pressreleases/monetary20160316a.htm,XLV,0.0138906568218747,-0.0057236930531522,0.0043094537039919,4,0.0047790156137194,0.9017450563711277
2016-03-16,FOMC_statement,https://www.federalreserve.gov/newsevents/pressreleases/monetary20160316a.htm,XLY,-0.0013714224326674,-0.008478058876266,-0.0100566442786186,5,-0.0100566442786186,1.0
2016-04-13,Beige_Book,https://www.federalreserve.gov/monetarypolicy/beigebook/beigebook201604.htm,XLB,-0.0045520260579823,0.0038310792671917,0.0181700919223367,4,0.0220871335096036,0.8226550500288436
2016-04-13,Beige_Book,https://www.federalreserve.gov/monetarypolicy/beigebook/beigebook201604.htm,XLE,-0.0204733874606424,-0.0006172652746683,0.024203408860943,5,0.024203408860943,1.0
2016-04-13,Beige_Book,https://www.federalreserve.gov/monetarypolicy/beigebook/beigebook201604.htm,XLF,-0.0033343136565207,0.0001537202346955,0.0163230873641986,5,0.0163230873641986,1.0
2016-04-13,Beige_Book,https://www.federalreserve.gov/monetarypolicy/beigebook/beigebook201604.htm,XLI,0.003465713298389,-0.001858045779613,-0.0004275076703178,3,-0.001858045779613,0.230084573269687
2016-04-13,Beige_Book,https://www.federalreserve.gov/monetarypolicy/beigebook/beigebook201604.htm,XLK,0.0024584071302373,-0.0057280160237496,-0.0134163154885156,4,-0.0144961072061278,0.9255116078918242
2016-04-13,Beige_Book,https://www.federalreserve.gov/monetarypolicy/beigebook/beigebook201604.htm,XLP,0.0030897166943195,0.0014148244508025,-0.0145094234882188,5,-0.0145094234882188,1.0
2016-04-13,Beige_Book,https://www.federalreserve.gov/monetarypolicy/beigebook/beigebook201604.htm,XLRE,0.0049377015782945,0.0006998366469823,-0.0167826603796374,5,-0.0167826603796374,1.0
2016-04-13,Beige_Book,https://www.federalreserve.gov/monetarypolicy/beigebook/beigebook201604.htm,XLU,0.0023222087859611,0.0022378539533646,-0.0252595713759478,5,-0.0252595713759478,1.0
2016-04-13,Beige_Book,https://www.federalreserve.gov/monetarypolicy/beigebook/beigebook201604.htm,XLV,0.0011756341696307,0.0031716748391401,0.007960298150679,5,0.007960298150679,1.0
2016-04-13,Beige_Book,https://www.federalreserve.gov/monetarypolicy/beigebook/beigebook201604.htm,XLY,0.0017077699796348,0.0062414131309634,-0.0020962227274897,4,-0.0023964397542096,0.874723732907311
2016-04-27,FOMC_statement,https://www.federalreserve.gov/newsevents/pressreleases/monetary20160427a.htm,XLB,-0.0065906000361055,-0.0051825081901999,-0.0175116835288321,5,-0.0175116835288321,1.0
2016-04-27,FOMC_statement,https://www.federalreserve.gov/newsevents/pressreleases/monetary20160427a.htm,XLE,-0.0145042335251386,-0.0110002058592764,-0.0347278447123884,5,-0.0347278447123884,1.0
2016-04-27,FOMC_statement,https://www.federalreserve.gov/newsevents/pressreleases/monetary20160427a.htm,XLF,-0.0048973866478794,-0.0005643165015003,-0.0067901404634568,5,-0.0067901404634568,1.0
2016-04-27,FOMC_statement,https://www.federalreserve.gov/newsevents/pressreleases/monetary20160427a.htm,XLI,-0.0074203777056336,-0.0037943984427752,-0.0099853737289589,5,-0.0099853737289589,1.0
2016-04-27,FOMC_statement,https://www.federalreserve.gov/newsevents/pressreleases/monetary20160427a.htm,XLK,0.0063198328011061,-0.0073683050292159,-0.0053681034432134,4,-0.0078547902454311,0.6834177967178523
2016-04-27,FOMC_statement,https://www.federalreserve.gov/newsevents/pressreleases/monetary20160427a.htm,XLP,0.0054999282720469,0.0168542616033136,0.0322759112811086,5,0.0322759112811086,1.0
2016-04-27,FOMC_statement,https://www.federalreserve.gov/newsevents/pressreleases/monetary20160427a.htm,XLRE,-0.0013232641914904,0.0085211759206825,0.0422818922822548,5,0.0422818922822548,1.0
2016-04-27,FOMC_statement,https://www.federalreserve.gov/newsevents/pressreleases/monetary20160427a.htm,XLU,1.0182249740475768e-05,0.0191537335740519,0.044302973288927,5,0.044302973288927,1.0
2016-04-27,FOMC_statement,https://www.federalreserve.gov/newsevents/pressreleases/monetary20160427a.htm,XLV,0.0052569892555263,-0.0081704546970923,-0.0065990094025196,3,-0.0081704546970923,0.8076673388652477
2016-04-27,FOMC_statement,https://www.federalreserve.gov/newsevents/pressreleases/monetary20160427a.htm,XLY,-0.0009023907973455,0.0148215133172284,0.0153643675375872,5,0.0153643675375872,1.0
2016-06-01,Beige_Book,https://www.federalreserve.gov/monetarypolicy/beigebook/beigebook201606.htm,XLB,0.0031843562562717,0.0191318567249313,0.0205395278176038,5,0.0205395278176038,1.0
2016-06-01,Beige_Book,https://www.federalreserve.gov/monetarypolicy/beigebook/beigebook201606.htm,XLE,0.0019705141589924,0.0117095720388062,0.0272319869716531,4,0.032792128292979,0.8304428040885544
2016-06-01,Beige_Book,https://www.federalreserve.gov/monetarypolicy/beigebook/beigebook201606.htm,XLF,0.0006169677697792,-0.0113450717469797,-0.017432859380595,5,-0.017432859380595,1.0
2016-06-01,Beige_Book,https://www.federalreserve.gov/monetarypolicy/beigebook/beigebook201606.htm,XLI,-0.0017240178918348,0.0046799591941577,0.0109751280871419,5,0.0109751280871419,1.0
2016-06-01,Beige_Book,https://www.federalreserve.gov/monetarypolicy/beigebook/beigebook201606.htm,XLK,-0.0039432636948979,-0.0065023110768661,-0.005198299831704,3,-0.0065023110768661,0.7994541894801824
2016-06-01,Beige_Book,https://www.federalreserve.gov/monetarypolicy/beigebook/beigebook201606.htm,XLP,0.0045127563188648,0.0027399488164486,0.0027744526126401,2,0.0067081505914988,0.4135942648866809
2016-06-01,Beige_Book,https://www.federalreserve.gov/monetarypolicy/beigebook/beigebook201606.htm,XLRE,-0.0023727808788311,0.0030130931813615,0.0038026451938751,2,0.0076022847157383,0.5001976821524243
2016-06-01,Beige_Book,https://www.federalreserve.gov/monetarypolicy/beigebook/beigebook201606.htm,XLU,-0.0084557716138347,0.0096843819241406,0.0100673528118495,2,0.0161705932887726,0.6225716417491844
2016-06-01,Beige_Book,https://www.federalreserve.gov/monetarypolicy/beigebook/beigebook201606.htm,XLV,-0.0042911135687901,0.0097886440309431,0.0022371257380829,1,0.0098038342968405,0.22818885655828178
2016-06-01,Beige_Book,https://www.federalreserve.gov/monetarypolicy/beigebook/beigebook201606.htm,XLY,-0.0008940623791815,-0.0035906075873524,-0.0060170759592848,5,-0.0060170759592848,1.0
2016-06-15,FOMC_statement,https://www.federalreserve.gov/newsevents/pressreleases/monetary20160615a.htm,XLB,0.005446845817048,0.0077820531255796,0.0048922583271804,2,0.0085021569769441,0.5754137850485568
2016-06-15,FOMC_statement,https://www.federalreserve.gov/newsevents/pressreleases/monetary20160615a.htm,XLE,-0.0013718454884686,0.0084019693918846,0.0134856996474628,4,0.0174208085143299,0.7741144526311633
2016-06-15,FOMC_statement,https://www.federalreserve.gov/newsevents/pressreleases/monetary20160615a.htm,XLF,0.0128152778790694,0.0018543660031168,0.0054890744885652,5,0.0054890744885652,1.0
2016-06-15,FOMC_statement,https://www.federalreserve.gov/newsevents/pressreleases/monetary20160615a.htm,XLI,-0.0021459585203801,0.0060848568256464,0.0013191255743655,3,0.0060848568256464,0.21678826834604578
2016-06-15,FOMC_statement,https://www.federalreserve.gov/newsevents/pressreleases/monetary20160615a.htm,XLK,-0.0042677054182628,-0.0061159608292883,-0.0038294324650378,3,-0.0061159608292883,0.6261375067510729
2016-06-15,FOMC_statement,https://www.federalreserve.gov/newsevents/pressreleases/monetary20160615a.htm,XLP,-0.0058787542301531,-0.0013519758008819,0.000608697452626,1,0.0022267979137129,0.2733510072366985
2016-06-15,FOMC_statement,https://www.federalreserve.gov/newsevents/pressreleases/monetary20160615a.htm,XLRE,0.0027000657247032,-0.0011833103416654,0.0047597369688978,5,0.0047597369688978,1.0
2016-06-15,FOMC_statement,https://www.federalreserve.gov/newsevents/pressreleases/monetary20160615a.htm,XLU,-0.0073126310553001,0.0004959157209142,-0.0040804437911978,5,-0.0040804437911978,1.0
2016-06-15,FOMC_statement,https://www.federalreserve.gov/newsevents/pressreleases/monetary20160615a.htm,XLV,-0.0035117085048256,-0.0062725728715462,-0.0080374183550274,4,-0.012514849096353,0.6422305449427763
2016-06-15,FOMC_statement,https://www.federalreserve.gov/newsevents/pressreleases/monetary20160615a.htm,XLY,0.0005954262519106,0.0049083442387445,9.889265866314112e-06,3,0.0049083442387445,0.002014786531933155
2016-07-13,Beige_Book,https://www.federalreserve.gov/monetarypolicy/beigebook/beigebook201607.htm,XLB,-0.0109604723277005,0.0120530339062788,0.003409842781567,3,0.0120530339062788,0.2829032763104323
2016-07-13,Beige_Book,https://www.federalreserve.gov/monetarypolicy/beigebook/beigebook201607.htm,XLE,-0.0175009639822649,-0.0017056688575447,-0.0119332913787459,5,-0.0119332913787459,1.0
2016-07-13,Beige_Book,https://www.federalreserve.gov/monetarypolicy/beigebook/beigebook201607.htm,XLF,-0.0053180590474597,0.0042007953074285,0.0031716099522656,4,0.0056409036591096,0.5622521042605838
2016-07-13,Beige_Book,https://www.federalreserve.gov/monetarypolicy/beigebook/beigebook201607.htm,XLI,-0.0019396941277427,-0.0003989243439322,-0.0011592831392192,5,-0.0011592831392192,1.0
2016-07-13,Beige_Book,https://www.federalreserve.gov/monetarypolicy/beigebook/beigebook201607.htm,XLK,-0.0008467319916989,0.0053273326687557,0.0130235066893592,5,0.0130235066893592,1.0
2016-07-13,Beige_Book,https://www.federalreserve.gov/monetarypolicy/beigebook/beigebook201607.htm,XLP,0.0126488345455134,-0.0081853912754181,-0.0156478431560518,5,-0.0156478431560518,1.0
2016-07-13,Beige_Book,https://www.federalreserve.gov/monetarypolicy/beigebook/beigebook201607.htm,XLRE,0.0052159565287832,-0.0136171221438602,-0.0152972140544124,5,-0.0152972140544124,1.0
2016-07-13,Beige_Book,https://www.federalreserve.gov/monetarypolicy/beigebook/beigebook201607.htm,XLU,0.0209773648049077,-0.0076661894341589,-0.0183010184974996,5,-0.0183010184974996,1.0
2016-07-13,Beige_Book,https://www.federalreserve.gov/monetarypolicy/beigebook/beigebook201607.htm,XLV,0.0023648395783419,-0.0029987205337528,0.0007565014443884,5,0.0007565014443884,1.0
2016-07-13,Beige_Book,https://www.federalreserve.gov/monetarypolicy/beigebook/beigebook201607.htm,XLY,0.0033169710666673,-0.0034530335885052,-0.004254771255161,2,-0.0045937096525534,0.9262168436779625
2016-07-27,FOMC_statement,https://www.federalreserve.gov/newsevents/pressreleases/monetary20160727a.htm,XLB,-0.0071545883043935,-0.0140217554082929,-0.0107372288269379,3,-0.0140217554082929,0.7657549653581585
2016-07-27,FOMC_statement,https://www.federalreserve.gov/newsevents/pressreleases/monetary20160727a.htm,XLE,-0.0053630010976502,-0.0245423683125577,0.0073119275987821,2,0.0075756124067805,0.9651929383606808
2016-07-27,FOMC_statement,https://www.federalreserve.gov/newsevents/pressreleases/monetary20160727a.htm,XLF,-0.0003846961822324,-0.0040504544353132,0.0012167037286178,5,0.0012167037286178,1.0
2016-07-27,FOMC_statement,https://www.federalreserve.gov/newsevents/pressreleases/monetary20160727a.htm,XLI,-0.0078173500246958,-0.0064100845652456,-0.0073652384015915,4,-0.0093180060679957,0.7904307367741134
2016-07-27,FOMC_statement,https://www.federalreserve.gov/newsevents/pressreleases/monetary20160727a.htm,XLK,-0.0017232261714004,0.0043197996086165,0.0037477258141553,3,0.0043197996086165,0.867569367495633
2016-07-27,FOMC_statement,https://www.federalreserve.gov/newsevents/pressreleases/monetary20160727a.htm,XLP,0.0082176793008825,0.0085462190945798,0.0050831797802783,4,0.0134922937143541,0.37674689625756047
2016-07-27,FOMC_statement,https://www.federalreserve.gov/newsevents/pressreleases/monetary20160727a.htm,XLRE,0.0061053402260859,0.0181741658889543,-0.0011647747455709,5,-0.0011647747455709,1.0
2016-07-27,FOMC_statement,https://www.federalreserve.gov/newsevents/pressreleases/monetary20160727a.htm,XLU,0.0091949262020948,0.0084946605443093,-0.0005239564181789,5,-0.0005239564181789,1.0
2016-07-27,FOMC_statement,https://www.federalreserve.gov/newsevents/pressreleases/monetary20160727a.htm,XLV,0.0021972427754257,0.0055098834582025,0.0023766075612488,4,0.0080845981751633,0.2939673079300314
2016-07-27,FOMC_statement,https://www.federalreserve.gov/newsevents/pressreleases/monetary20160727a.htm,XLY,0.0016851990064417,0.0025998723316732,-0.005983107394174,5,-0.005983107394174,1.0
2016-09-07,Beige_Book,https://www.federalreserve.gov/monetarypolicy/beigebook/beigebook201609.htm,XLB,0.0052563309147025,-0.0119860082126789,-0.0181601077236718,5,-0.0181601077236718,1.0
2016-09-07,Beige_Book,https://www.federalreserve.gov/monetarypolicy/beigebook/beigebook201609.htm,XLE,-0.012032029846726,0.0106997034993412,-0.0149505181121684,5,-0.0149505181121684,1.0
2016-09-07,Beige_Book,https://www.federalreserve.gov/monetarypolicy/beigebook/beigebook201609.htm,XLF,0.0046504281892977,0.0035111592985405,-0.0019389861936257,5,-0.0019389861936257,1.0
2016-09-07,Beige_Book,https://www.federalreserve.gov/monetarypolicy/beigebook/beigebook201609.htm,XLI,0.0059073867657033,-0.0044401703403578,-0.0052600465812541,5,-0.0052600465812541,1.0
2016-09-07,Beige_Book,https://www.federalreserve.gov/monetarypolicy/beigebook/beigebook201609.htm,XLK,-0.0020461329100052,-0.0041369365236872,0.008091107654199,5,0.008091107654199,1.0
2016-09-07,Beige_Book,https://www.federalreserve.gov/monetarypolicy/beigebook/beigebook201609.htm,XLP,0.0008338755241441,-0.001990477279703,-0.002552422194698,2,-0.0064325866891319,0.3967956155197122
2016-09-07,Beige_Book,https://www.federalreserve.gov/monetarypolicy/beigebook/beigebook201609.htm,XLRE,-0.0053131648207913,-0.0347766402461214,-0.0357866926320752,4,-0.0380537699335897,0.9404243704245089
2016-09-07,Beige_Book,https://www.federalreserve.gov/monetarypolicy/beigebook/beigebook201609.htm,XLU,-0.0078577644703936,-0.0045321855970533,0.0003375409529582,1,0.0056707071684133,0.0595236084201904
2016-09-07,Beige_Book,https://www.federalreserve.gov/monetarypolicy/beigebook/beigebook201609.htm,XLV,-0.0005561305934449,0.0075084853826787,0.0088923403190549,5,0.0088923403190549,1.0
2016-09-07,Beige_Book,https://www.federalreserve.gov/monetarypolicy/beigebook/beigebook201609.htm,XLY,0.0011682432426369,-0.0068773832913747,-0.0062075141707105,3,-0.0068773832913747,0.9025982568829166
2016-09-21,FOMC_statement,https://www.federalreserve.gov/newsevents/pressreleases/monetary20160921a.htm,XLB,0.0030363694991437,0.0007469971655836,0.0039823421880006,5,0.0039823421880006,1.0
2016-09-21,FOMC_statement,https://www.federalreserve.gov/newsevents/pressreleases/monetary20160921a.htm,XLE,0.0073159604441617,-0.0092617192287092,0.0160899389736758,5,0.0160899389736758,1.0
2016-09-21,FOMC_statement,https://www.federalreserve.gov/newsevents/pressreleases/monetary20160921a.htm,XLF,-0.0004713583305715,-0.0117920803718883,-0.0104151501300554,3,-0.0117920803718883,0.8832326274577106
2016-09-21,FOMC_statement,https://www.federalreserve.gov/newsevents/pressreleases/monetary20160921a.htm,XLI,-0.0008322102057769,0.0042045039806318,0.0077694959926871,5,0.0077694959926871,1.0
2016-09-21,FOMC_statement,https://www.federalreserve.gov/newsevents/pressreleases/monetary20160921a.htm,XLK,0.0006834754339037,-0.0012930631159769,0.0004364070698387,4,0.003514306929213,0.12418012388474839
2016-09-21,FOMC_statement,https://www.federalreserve.gov/newsevents/pressreleases/monetary20160921a.htm,XLP,-0.0026105038611368,0.0032138820645675,-0.0021029760413122,5,-0.0021029760413122,1.0
2016-09-21,FOMC_statement,https://www.federalreserve.gov/newsevents/pressreleases/monetary20160921a.htm,XLRE,0.0019079814423936,0.0329598793592783,0.0200521556940908,3,0.0329598793592783,0.6083807369412007
2016-09-21,FOMC_statement,https://www.federalreserve.gov/newsevents/pressreleases/monetary20160921a.htm,XLU,0.0018562304277928,0.0100613160230661,-0.0154954001572019,5,-0.0154954001572019,1.0
2016-09-21,FOMC_statement,https://www.federalreserve.gov/newsevents/pressreleases/monetary20160921a.htm,XLV,-0.0030158135315365,7.349107895726625e-05,-0.0055511917588902,5,-0.0055511917588902,1.0
2016-09-21,FOMC_statement,https://www.federalreserve.gov/newsevents/pressreleases/monetary20160921a.htm,XLY,-0.0007178636419811,0.0012971378007063,0.0030438486765324,4,0.0052427214729841,0.5805856161189266
2016-10-19,Beige_Book,https://www.federalreserve.gov/monetarypolicy/beigebook/beigebook201610.htm,XLB,-0.0027969096042537,-0.0017901516893543,-0.007045259619041,4,-0.00755535159435,0.932486004266108
2016-10-19,Beige_Book,https://www.federalreserve.gov/monetarypolicy/beigebook/beigebook201610.htm,XLE,0.0022312614975243,-0.0134880888192527,-0.0104054285614173,4,-0.0147103911813335,0.7073522677371823
2016-10-19,Beige_Book,https://www.federalreserve.gov/monetarypolicy/beigebook/beigebook201610.htm,XLF,-0.0020141493791094,-0.0003085352791711,0.0101295429566978,5,0.0101295429566978,1.0
2016-10-19,Beige_Book,https://www.federalreserve.gov/monetarypolicy/beigebook/beigebook201610.htm,XLI,0.0041606419707089,-0.0077283526299098,-0.001484695057363,3,-0.0077283526299098,0.19211015962406058
2016-10-19,Beige_Book,https://www.federalreserve.gov/monetarypolicy/beigebook/beigebook201610.htm,XLK,0.0007625065306411,0.0049471646867249,0.0011164762159199,3,0.0049471646867249,0.2256800180749642
2016-10-19,Beige_Book,https://www.federalreserve.gov/monetarypolicy/beigebook/beigebook201610.htm,XLP,0.0031927346039357,0.0084684996374743,0.0161142536723881,5,0.0161142536723881,1.0
2016-10-19,Beige_Book,https://www.federalreserve.gov/monetarypolicy/beigebook/beigebook201610.htm,XLRE,0.0011753385892676,-0.0056874405586101,-0.0145678585633804,5,-0.0145678585633804,1.0
2016-10-19,Beige_Book,https://www.federalreserve.gov/monetarypolicy/beigebook/beigebook201610.htm,XLU,-0.0022770237142715,-0.0055243276014045,0.0085361042637853,5,0.0085361042637853,1.0
2016-10-19,Beige_Book,https://www.federalreserve.gov/monetarypolicy/beigebook/beigebook201610.htm,XLV,-0.0056985125674191,-0.0082535583012489,-0.0118231297931643,5,-0.0118231297931643,1.0
2016-10-19,Beige_Book,https://www.federalreserve.gov/monetarypolicy/beigebook/beigebook201610.htm,XLY,-0.0003835115848183,0.0103903518918069,-0.0002693079414808,5,-0.0002693079414808,1.0
2016-11-02,FOMC_statement,https://www.federalreserve.gov/newsevents/pressreleases/monetary20161102a.htm,XLB,-0.0014697235765371,0.0025999130760356,0.0118373278260746,5,0.0118373278260746,1.0
2016-11-02,FOMC_statement,https://www.federalreserve.gov/newsevents/pressreleases/monetary20161102a.htm,XLE,-0.0073911820634137,0.0037133927361262,0.0062082948371157,1,0.0085552383944558,0.7256717523077989
2016-11-02,FOMC_statement,https://www.federalreserve.gov/newsevents/pressreleases/monetary20161102a.htm,XLF,-0.0031925708790495,0.0067174611299335,0.0346335420731286,5,0.0346335420731286,1.0
2016-11-02,FOMC_statement,https://www.federalreserve.gov/newsevents/pressreleases/monetary20161102a.htm,XLI,0.0013196522028097,0.0075299822665583,0.0235548509280038,5,0.0235548509280038,1.0
2016-11-02,FOMC_statement,https://www.federalreserve.gov/newsevents/pressreleases/monetary20161102a.htm,XLK,0.0014010339516909,-0.0060871577166411,-0.0175836970901773,5,-0.0175836970901773,1.0
2016-11-02,FOMC_statement,https://www.federalreserve.gov/newsevents/pressreleases/monetary20161102a.htm,XLP,-0.002889424950862,-0.0154108907021105,-0.0399869920562567,5,-0.0399869920562567,1.0
2016-11-02,FOMC_statement,https://www.federalreserve.gov/newsevents/pressreleases/monetary20161102a.htm,XLRE,0.0124637536435047,0.0043646058418354,-0.0270000777100006,5,-0.0270000777100006,1.0
2016-11-02,FOMC_statement,https://www.federalreserve.gov/newsevents/pressreleases/monetary20161102a.htm,XLU,0.010962209480436,0.0017772143806831,-0.0423514080134044,5,-0.0423514080134044,1.0
2016-11-02,FOMC_statement,https://www.federalreserve.gov/newsevents/pressreleases/monetary20161102a.htm,XLV,-0.0019009242377502,0.0067080442340217,0.0296382424197201,5,0.0296382424197201,1.0
2016-11-02,FOMC_statement,https://www.federalreserve.gov/newsevents/pressreleases/monetary20161102a.htm,XLY,-0.0002030110984928,0.0021441153634995,-0.0068557043366859,5,-0.0068557043366859,1.0
2016-11-30,Beige_Book,https://www.federalreserve.gov/monetarypolicy/beigebook/beigebook201611.htm,XLB,0.0009369985457889,0.0057700412534458,0.0049898199965885,3,0.0057700412534458,0.8647806449578915
2016-11-30,Beige_Book,https://www.federalreserve.gov/monetarypolicy/beigebook/beigebook201611.htm,XLE,0.0142215668042749,0.0113524945985163,0.0012129725394964,3,0.0113524945985163,0.10684634367982239
2016-11-30,Beige_Book,https://www.federalreserve.gov/monetarypolicy/beigebook/beigebook201611.htm,XLF,-0.0007590482085177,0.0154949244612471,0.0235435052000924,5,0.0235435052000924,1.0
2016-11-30,Beige_Book,https://www.federalreserve.gov/monetarypolicy/beigebook/beigebook201611.htm,XLI,0.0011470666537594,0.0027799744087231,0.0070507025270685,1,0.0102450085056076,0.6882085576804842
2016-11-30,Beige_Book,https://www.federalreserve.gov/monetarypolicy/beigebook/beigebook201611.htm,XLK,0.0013253852982615,-0.010173502055145,-0.0044165105649818,1,-0.016955868285293,0.2604709172465409
2016-11-30,Beige_Book,https://www.federalreserve.gov/monetarypolicy/beigebook/beigebook201611.htm,XLP,0.0005862606921711,-0.0018038922673007,-0.0007142643868423,1,-0.0028489252114056,0.2507136319278444
2016-11-30,Beige_Book,https://www.federalreserve.gov/monetarypolicy/beigebook/beigebook201611.htm,XLRE,-0.0050107650844868,-0.0006416771246606,0.0082944487167122,5,0.0082944487167122,1.0
2016-11-30,Beige_Book,https://www.federalreserve.gov/monetarypolicy/beigebook/beigebook201611.htm,XLU,-0.0022106816217166,-0.0004110516689465,-0.0055373993287997,5,-0.0055373993287997,1.0
2016-11-30,Beige_Book,https://www.federalreserve.gov/monetarypolicy/beigebook/beigebook201611.htm,XLV,-0.0045754523206178,-0.0095175547284788,-0.0315987852431229,5,-0.0315987852431229,1.0
2016-11-30,Beige_Book,https://www.federalreserve.gov/monetarypolicy/beigebook/beigebook201611.htm,XLY,-0.0007226839849221,0.0030879919280404,0.0085364041183351,5,0.0085364041183351,1.0
2016-12-14,FOMC_statement,https://www.federalreserve.gov/newsevents/pressreleases/monetary20161214a.htm,XLB,0.0082346262619501,-0.0028823797273404,-0.0027652334462368,4,-0.0059445105066314,0.4651742886402578
2016-12-14,FOMC_statement,https://www.federalreserve.gov/newsevents/pressreleases/monetary20161214a.htm,XLE,-0.0046305898820693,-0.0004771332696709,-0.0022047151335891,4,-0.0065664511310929,0.33575444171807217
2016-12-14,FOMC_statement,https://www.federalreserve.gov/newsevents/pressreleases/monetary20161214a.htm,XLF,0.0041232863086648,-0.0040045844108326,0.0047940283221544,5,0.0047940283221544,1.0
2016-12-14,FOMC_statement,https://www.federalreserve.gov/newsevents/pressreleases/monetary20161214a.htm,XLI,0.0080856690870463,0.0003552385284695,0.0012088531720111,4,0.0022188997426382,0.5447984642036204
2016-12-14,FOMC_statement,https://www.federalreserve.gov/newsevents/pressreleases/monetary20161214a.htm,XLK,-0.0059034478984083,0.0001270738988113,0.0006943256825256,5,0.0006943256825256,1.0
2016-12-14,FOMC_statement,https://www.federalreserve.gov/newsevents/pressreleases/monetary20161214a.htm,XLP,0.0020805609441461,0.007539159320421,0.0043547301074619,2,0.0077955149466513,0.5586199420132663
2016-12-14,FOMC_statement,https://www.federalreserve.gov/newsevents/pressreleases/monetary20161214a.htm,XLRE,0.0041172600641445,0.0104444553022405,-0.0026706947690384,1,-0.0122285743187814,0.21839788510231992
2016-12-14,FOMC_statement,https://www.federalreserve.gov/newsevents/pressreleases/monetary20161214a.htm,XLU,-0.0036435022944443,0.0186598324544058,0.0147090492384449,3,0.0186598324544058,0.788273382110241
2016-12-14,FOMC_statement,https://www.federalreserve.gov/newsevents/pressreleases/monetary20161214a.htm,XLV,-0.0014202250199222,-0.0012290644085747,-0.0086584903585862,5,-0.0086584903585862,1.0
2016-12-14,FOMC_statement,https://www.federalreserve.gov/newsevents/pressreleases/monetary20161214a.htm,XLY,-0.0022960797774878,-0.0089748074609928,-0.0025676948245045,2,-0.0094575307732344,0.2714973798204591
2017-01-18,Beige_Book,https://www.federalreserve.gov/monetarypolicy/beigebook201701.htm,XLB,0.000998202617537,0.0071967203999473,0.024581015506934,4,0.0265710024155217,0.9251068184230328
2017-01-18,Beige_Book,https://www.federalreserve.gov/monetarypolicy/beigebook201701.htm,XLE,-0.0097075788044856,-0.0096855891509921,-0.0085393484128251,3,-0.0096855891509921,0.8816550319967277
2017-01-18,Beige_Book,https://www.federalreserve.gov/monetarypolicy/beigebook201701.htm,XLF,0.020296533429967,-0.0033941255635044,0.0108924066850649,5,0.0108924066850649,1.0
2017-01-18,Beige_Book,https://www.federalreserve.gov/monetarypolicy/beigebook201701.htm,XLI,0.0042274819415811,0.004578294574956,0.0100114775587011,1,0.011009747337521,0.9093285478570597
2017-01-18,Beige_Book,https://www.federalreserve.gov/monetarypolicy/beigebook201701.htm,XLK,0.0003026936230978,0.0084797396446411,0.0091883957190167,5,0.0091883957190167,1.0
2017-01-18,Beige_Book,https://www.federalreserve.gov/monetarypolicy/beigebook201701.htm,XLP,-0.0176925871858312,0.0051365397276368,-0.0034605542209462,5,-0.0034605542209462,1.0
2017-01-18,Beige_Book,https://www.federalreserve.gov/monetarypolicy/beigebook201701.htm,XLRE,-0.0116689413555447,0.0052942614896932,-0.0155606745258184,5,-0.0155606745258184,1.0
2017-01-18,Beige_Book,https://www.federalreserve.gov/monetarypolicy/beigebook201701.htm,XLU,-0.0144490429498022,-0.0094323219390506,-0.0247058889880626,5,-0.0247058889880626,1.0
2017-01-18,Beige_Book,https://www.federalreserve.gov/monetarypolicy/beigebook201701.htm,XLV,0.0015525874228826,-0.0104760173136015,-0.0230341987332022,4,-0.0237898522198026,0.968236310187274
2017-01-18,Beige_Book,https://www.federalreserve.gov/monetarypolicy/beigebook201701.htm,XLY,-0.0051914720769333,0.0031180246712475,0.0024070039523521,4,0.0049213120814658,0.48909801136512765
2017-02-01,FOMC_statement,https://www.federalreserve.gov/newsevents/pressreleases/monetary20170201a.htm,XLB,0.0058423046699007,-0.0111256702375797,-0.0180450106823414,4,-0.019063387614895,0.9465794352438229
2017-02-01,FOMC_statement,https://www.federalreserve.gov/newsevents/pressreleases/monetary20170201a.htm,XLE,-0.0004998624047531,0.0001124855939229,-0.0130247692598933,4,-0.0140838908200343,0.9247990790560231
2017-02-01,FOMC_statement,https://www.federalreserve.gov/newsevents/pressreleases/monetary20170201a.htm,XLF,0.0063054172477212,0.0059576045903837,-0.0047325099276008,5,-0.0047325099276008,1.0
2017-02-01,FOMC_statement,https://www.federalreserve.gov/newsevents/pressreleases/monetary20170201a.htm,XLI,0.0086700676632999,0.0011963420613099,0.0001584756019271,4,0.0028786548764603,0.055051963061986585
2017-02-01,FOMC_statement,https://www.federalreserve.gov/newsevents/pressreleases/monetary20170201a.htm,XLK,0.0048790745094078,-0.0006008250046486,0.0037552840182083,5,0.0037552840182083,1.0
2017-02-01,FOMC_statement,https://www.federalreserve.gov/newsevents/pressreleases/monetary20170201a.htm,XLP,-0.0048647150112079,0.0044197915092991,0.0153630989088091,5,0.0153630989088091,1.0
2017-02-01,FOMC_statement,https://www.federalreserve.gov/newsevents/pressreleases/monetary20170201a.htm,XLRE,-0.0082956968091703,0.0064552240137097,0.0116235851075284,5,0.0116235851075284,1.0
2017-02-01,FOMC_statement,https://www.federalreserve.gov/newsevents/pressreleases/monetary20170201a.htm,XLU,-0.0155742009398345,0.00397159532537,0.014888479872765,5,0.014888479872765,1.0
2017-02-01,FOMC_statement,https://www.federalreserve.gov/newsevents/pressreleases/monetary20170201a.htm,XLV,-0.0160798084171438,-0.0005653759061324,-0.0024774475731079,2,-0.003473589550331,0.7132240402070023
2017-02-01,FOMC_statement,https://www.federalreserve.gov/newsevents/pressreleases/monetary20170201a.htm,XLY,0.0014417382810898,-0.0108495807731617,-0.006975255637842,4,-0.011843617592154,0.5889463741604485
2017-03-01,Beige_Book,https://www.federalreserve.gov/monetarypolicy/beigebook201703.htm,XLB,-0.0017432681206362,-0.0092695237657379,-0.0099694469493725,4,-0.0118259622137005,0.8430135974747824
2017-03-01,Beige_Book,https://www.federalreserve.gov/monetarypolicy/beigebook201703.htm,XLE,0.0003734279434648,-0.0004109575111502,-0.0304484974269878,5,-0.0304484974269878,1.0
2017-03-01,Beige_Book,https://www.federalreserve.gov/monetarypolicy/beigebook201703.htm,XLF,-0.00229138025851,-0.0095857331860873,-0.0071625544689492,3,-0.0095857331860873,0.747209872203089
2017-03-01,Beige_Book,https://www.federalreserve.gov/monetarypolicy/beigebook201703.htm,XLI,0.0013837040019647,-0.0034608150976334,-0.0049760505083455,5,-0.0049760505083455,1.0
2017-03-01,Beige_Book,https://www.federalreserve.gov/monetarypolicy/beigebook201703.htm,XLK,0.0020539822325537,0.0028151421213943,0.0087949459681361,5,0.0087949459681361,1.0
2017-03-01,Beige_Book,https://www.federalreserve.gov/monetarypolicy/beigebook201703.htm,XLP,-0.0039711210616831,0.000318743721645,0.0016983035664106,1,0.0061170883292219,0.2776326701541395
2017-03-01,Beige_Book,https://www.federalreserve.gov/monetarypolicy/beigebook201703.htm,XLRE,0.0004026161381199,-0.0016824567196301,-0.0151699119674332,5,-0.0151699119674332,1.0
2017-03-01,Beige_Book,https://www.federalreserve.gov/monetarypolicy/beigebook201703.htm,XLU,-0.0118606012951912,0.0108199497129082,0.0006801423987199,1,0.0135088431788288,0.050347937992634796
2017-03-01,Beige_Book,https://www.federalreserve.gov/monetarypolicy/beigebook201703.htm,XLV,-0.0007029125707135,0.0056246945849413,0.0074505621332737,5,0.0074505621332737,1.0
2017-03-01,Beige_Book,https://www.federalreserve.gov/monetarypolicy/beigebook201703.htm,XLY,0.004770192411845,0.0015313906597308,0.0073107440353193,5,0.0073107440353193,1.0
2017-03-15,FOMC_statement,https://www.federalreserve.gov/newsevents/pressreleases/monetary20170315a.htm,XLB,0.0047840451200364,0.0078200397576518,0.0044846480073059,3,0.0078200397576518,0.5734814842747742
2017-03-15,FOMC_statement,https://www.federalreserve.gov/newsevents/pressreleases/monetary20170315a.htm,XLE,0.0074560156200332,-0.0044078131246436,-0.0023961970600183,1,-0.0050983534513657,0.46999429970404044
2017-03-15,FOMC_statement,https://www.federalreserve.gov/newsevents/pressreleases/monetary20170315a.htm,XLF,-0.0010096329707433,-0.0115439607337547,-0.0312203321971928,5,-0.0312203321971928,1.0
2017-03-15,FOMC_statement,https://www.federalreserve.gov/newsevents/pressreleases/monetary20170315a.htm,XLI,0.0055962952153552,0.0039068854179031,0.0027027545864785,2,0.0046370143009615,0.5828652686962977
2017-03-15,FOMC_statement,https://www.federalreserve.gov/newsevents/pressreleases/monetary20170315a.htm,XLK,-0.0015692766270463,0.0084794766664291,0.0106293236156785,5,0.0106293236156785,1.0
2017-03-15,FOMC_statement,https://www.federalreserve.gov/newsevents/pressreleases/monetary20170315a.htm,XLP,-0.0009221359721446,0.0055452917734364,0.013125533229931,4,0.0174768847008314,0.7510224765233244
2017-03-15,FOMC_statement,https://www.federalreserve.gov/newsevents/pressreleases/monetary20170315a.htm,XLRE,-0.0025258719065708,0.0054170135504346,0.0165498734688973,4,0.0166505174324058,0.9939555053518864
2017-03-15,FOMC_statement,https://www.federalreserve.gov/newsevents/pressreleases/monetary20170315a.htm,XLU,-0.0028486588300103,-0.0067750543045366,0.0227036888103426,5,0.0227036888103426,1.0
2017-03-15,FOMC_statement,https://www.federalreserve.gov/newsevents/pressreleases/monetary20170315a.htm,XLV,-0.0001383434901469,-0.011809848382286,-0.0089163637788689,3,-0.011809848382286,0.7549939245827121
2017-03-15,FOMC_statement,https://www.federalreserve.gov/newsevents/pressreleases/monetary20170315a.htm,XLY,-0.0035966673844818,0.0035740182437,0.0026011306580133,2,0.0048810979839893,0.5328986770077924
2017-04-19,Beige_Book,https://www.federalreserve.gov/monetarypolicy/beigebook201704.htm,XLB,-0.0018232738873584,0.0054229963813628,0.0161453720723551,5,0.0161453720723551,1.0
2017-04-19,Beige_Book,https://www.federalreserve.gov/monetarypolicy/beigebook201704.htm,XLE,0.0063734341880655,-0.0101726063754092,-0.0102010411390226,5,-0.0102010411390226,1.0
2017-04-19,Beige_Book,https://www.federalreserve.gov/monetarypolicy/beigebook201704.htm,XLF,0.0064577743715993,0.0131948320831218,0.0160364454684717,4,0.0162442953027215,0.9872047490902865
2017-04-19,Beige_Book,https://www.federalreserve.gov/monetarypolicy/beigebook201704.htm,XLI,0.0002607014003834,0.0112660193219541,0.0110501716605044,3,0.0112660193219541,0.9808408227181826
2017-04-19,Beige_Book,https://www.federalreserve.gov/monetarypolicy/beigebook201704.htm,XLK,-0.0027950607276636,0.0029247975089456,0.001830364629746,3,0.0029247975089456,0.6258090087083851
2017-04-19,Beige_Book,https://www.federalreserve.gov/monetarypolicy/beigebook201704.htm,XLP,-0.0075108520784615,-0.0117499338013701,-0.0210520929944301,5,-0.0210520929944301,1.0
2017-04-19,Beige_Book,https://www.federalreserve.gov/monetarypolicy/beigebook201704.htm,XLRE,-0.0054506796404317,-0.0295477092793836,-0.0409669770321234,5,-0.0409669770321234,1.0
2017-04-19,Beige_Book,https://www.federalreserve.gov/monetarypolicy/beigebook201704.htm,XLU,-0.0052959917151901,-0.0095503618006413,-0.0191670428732207,5,-0.0191670428732207,1.0
2017-04-19,Beige_Book,https://www.federalreserve.gov/monetarypolicy/beigebook201704.htm,XLV,0.0079244162132395,-0.0057338889342486,-0.0011367493375372,4,-0.0072520494065841,0.15674870285703665
2017-04-19,Beige_Book,https://www.federalreserve.gov/monetarypolicy/beigebook201704.htm,XLY,-0.0030989402106563,-0.0012415305234202,0.0061414642326638,5,0.0061414642326638,1.0
2017-05-03,FOMC_statement,https://www.federalreserve.gov/newsevents/pressreleases/monetary20170503a.htm,XLB,-0.0013178549248242,0.0023777421776156,-0.0028110213730371,4,-0.00424422193345,0.6623172437997618
2017-05-03,FOMC_statement,https://www.federalreserve.gov/newsevents/pressreleases/monetary20170503a.htm,XLE,0.0054031444540224,-0.0003371706099831,0.003762741073255,5,0.003762741073255,1.0
2017-05-03,FOMC_statement,https://www.federalreserve.gov/newsevents/pressreleases/monetary20170503a.htm,XLF,0.0016441951968111,-0.0057804238381972,-0.0070650364425788,4,-0.0086408922044556,0.8176281193434836
2017-05-03,FOMC_statement,https://www.federalreserve.gov/newsevents/pressreleases/monetary20170503a.htm,XLI,-0.0044608193728183,-0.0014752554680741,-0.0030993476801872,5,-0.0030993476801872,1.0
2017-05-03,FOMC_statement,https://www.federalreserve.gov/newsevents/pressreleases/monetary20170503a.htm,XLK,-0.0018129905909598,0.0023435538033544,0.0065324399057326,5,0.0065324399057326,1.0
2017-05-03,FOMC_statement,https://www.federalreserve.gov/newsevents/pressreleases/monetary20170503a.htm,XLP,0.0071078490961293,0.0051021124422926,0.0013285454081236,1,0.0065106027023373,0.2040587436930614
2017-05-03,FOMC_statement,https://www.federalreserve.gov/newsevents/pressreleases/monetary20170503a.htm,XLRE,6.328598231197802e-05,-0.0014092736855685,-0.0006830044508977,4,-0.0042910399778522,0.15916991088942617
2017-05-03,FOMC_statement,https://www.federalreserve.gov/newsevents/pressreleases/monetary20170503a.htm,XLU,-0.0007905636881924,0.0036214611714987,-0.0030460314926562,5,-0.0030460314926562,1.0
2017-05-03,FOMC_statement,https://www.federalreserve.gov/newsevents/pressreleases/monetary20170503a.htm,XLV,-0.0023983903160764,-0.0050355976916639,-0.0076317809443898,5,-0.0076317809443898,1.0
2017-05-03,FOMC_statement,https://www.federalreserve.gov/newsevents/pressreleases/monetary20170503a.htm,XLY,-0.0007317071425032,0.001630434680789,0.0030972478766475,4,0.0083042756436169,0.37297026370123043
2017-05-31,Beige_Book,https://www.federalreserve.gov/monetarypolicy/beigebook201705.htm,XLB,-0.0006798447159679,0.0007767030509683,0.0039854114373828,4,0.0045322931598857,0.8793366397074164
2017-05-31,Beige_Book,https://www.federalreserve.gov/monetarypolicy/beigebook201705.htm,XLE,0.0124922936495258,-0.013976332605281,-0.014916903403262,2,-0.0165570990667667,0.9009370145766121
2017-05-31,Beige_Book,https://www.federalreserve.gov/monetarypolicy/beigebook201705.htm,XLF,0.0059079765947256,-0.0001881965172939,0.0045970694685359,5,0.0045970694685359,1.0
2017-05-31,Beige_Book,https://www.federalreserve.gov/monetarypolicy/beigebook201705.htm,XLI,-0.0005721493318966,-0.0038677139470078,-0.0104738596452419,5,-0.0104738596452419,1.0
2017-05-31,Beige_Book,https://www.federalreserve.gov/monetarypolicy/beigebook201705.htm,XLK,-0.0051256893854483,0.0019832064484526,0.0045586055256994,5,0.0045586055256994,1.0
2017-05-31,Beige_Book,https://www.federalreserve.gov/monetarypolicy/beigebook201705.htm,XLP,-0.0005151243581845,0.0016027504387561,0.0001574515964984,4,0.0023575829828456,0.06678517687142282
2017-05-31,Beige_Book,https://www.federalreserve.gov/monetarypolicy/beigebook201705.htm,XLRE,0.0019439970441266,-0.001125462913363,0.0008677423012755,5,0.0008677423012755,1.0
2017-05-31,Beige_Book,https://www.federalreserve.gov/monetarypolicy/beigebook201705.htm,XLU,-0.0040523043589901,-0.0055109041803337,-0.0030481373351012,3,-0.0055109041803337,0.5531102039441788
2017-05-31,Beige_Book,https://www.federalreserve.gov/monetarypolicy/beigebook201705.htm,XLV,0.0005808206937184,0.0041557468930817,0.0057681217276289,2,0.0062605898428884,0.9213383838235449
2017-05-31,Beige_Book,https://www.federalreserve.gov/monetarypolicy/beigebook201705.htm,XLY,-0.0016403252616012,-0.0002182799130552,-0.0057048636512124,5,-0.0057048636512124,1.0
2017-06-14,FOMC_statement,https://www.federalreserve.gov/newsevents/pressreleases/monetary20170614a.htm,XLB,-0.0076058451913461,-0.0031501658039686,-0.0121947964607835,5,-0.0121947964607835,1.0
2017-06-14,FOMC_statement,https://www.federalreserve.gov/newsevents/pressreleases/monetary20170614a.htm,XLE,-0.0025850997053582,-0.0039666262616921,-0.025869903220024,5,-0.025869903220024,1.0
2017-06-14,FOMC_statement,https://www.federalreserve.gov/newsevents/pressreleases/monetary20170614a.htm,XLF,-0.0004508469526549,-0.0015171272008986,-0.0113038593159183,5,-0.0113038593159183,1.0
2017-06-14,FOMC_statement,https://www.federalreserve.gov/newsevents/pressreleases/monetary20170614a.htm,XLI,0.0007817920422861,0.0087647588300379,-0.001682096306412,5,-0.001682096306412,1.0
2017-06-14,FOMC_statement,https://www.federalreserve.gov/newsevents/pressreleases/monetary20170614a.htm,XLK,-0.0022928785277758,0.0019909782516093,0.0065299379289586,5,0.0065299379289586,1.0
2017-06-14,FOMC_statement,https://www.federalreserve.gov/newsevents/pressreleases/monetary20170614a.htm,XLP,0.0033018446306549,-0.0145747518259369,-0.014353968451888,3,-0.0145747518259369,0.9848516546500641
2017-06-14,FOMC_statement,https://www.federalreserve.gov/newsevents/pressreleases/monetary20170614a.htm,XLRE,0.0024198561836878,-0.0016446585111585,0.0013375045217889,1,0.006837244015988,0.19562041645161718
2017-06-14,FOMC_statement,https://www.federalreserve.gov/newsevents/pressreleases/monetary20170614a.htm,XLU,0.0024631289694736,0.0003814636945732,0.0019987284206619,2,0.0120332647343082,0.16610026163251432
2017-06-14,FOMC_statement,https://www.federalreserve.gov/newsevents/pressreleases/monetary20170614a.htm,XLV,0.0028231396302449,0.0044307758712937,0.0274307558193432,5,0.0274307558193432,1.0
2017-06-14,FOMC_statement,https://www.federalreserve.gov/newsevents/pressreleases/monetary20170614a.htm,XLY,-0.0013101551649987,-0.0034260802339883,-0.0074237144707174,4,-0.0092314999637718,0.8041720738613558
2017-07-12,Beige_Book,https://www.federalreserve.gov/monetarypolicy/beigebook201707.htm,XLB,0.0007255569456373,-0.0002278304954806,-0.0007123512558161,4,-0.0049118844726393,0.14502606072763205
2017-07-12,Beige_Book,https://www.federalreserve.gov/monetarypolicy/beigebook201707.htm,XLE,-0.0061928097105157,0.0025690321286677,0.0064926654681592,5,0.0064926654681592,1.0
2017-07-12,Beige_Book,https://www.federalreserve.gov/monetarypolicy/beigebook201707.htm,XLF,0.0080501706994585,-0.0077980244452482,-0.0149488959915975,5,-0.0149488959915975,1.0
2017-07-12,Beige_Book,https://www.federalreserve.gov/monetarypolicy/beigebook201707.htm,XLI,0.000129035420016,-0.003181260265776,-0.0104195586477009,5,-0.0104195586477009,1.0
2017-07-12,Beige_Book,https://www.federalreserve.gov/monetarypolicy/beigebook201707.htm,XLK,-0.0029083333152946,0.0047810495412177,0.0084853335921257,4,0.0088232758449804,0.9616987773257756
2017-07-12,Beige_Book,https://www.federalreserve.gov/monetarypolicy/beigebook201707.htm,XLP,0.0020290361855308,0.0029790523967467,0.0006865445248367,3,0.0029790523967467,0.23045735133307724
2017-07-12,Beige_Book,https://www.federalreserve.gov/monetarypolicy/beigebook201707.htm,XLRE,0.0008468190519569,0.0078750346798084,0.0081382205100157,5,0.0081382205100157,1.0
2017-07-12,Beige_Book,https://www.federalreserve.gov/monetarypolicy/beigebook201707.htm,XLU,-0.0001594337042463,-0.0004267755861538,0.0007111830791358,4,0.0019194924880164,0.3705057891999022
2017-07-12,Beige_Book,https://www.federalreserve.gov/monetarypolicy/beigebook201707.htm,XLV,0.0003954493569997,-0.0021761145109886,0.0007671806892315,2,0.001320989601752,0.5807620954881134
2017-07-12,Beige_Book,https://www.federalreserve.gov/monetarypolicy/beigebook201707.htm,XLY,0.0012710790559995,-0.0004455368351858,0.0029902411078428,4,0.003559775413946,0.8400083601139677
2017-07-26,FOMC_statement,https://www.federalreserve.gov/newsevents/pressreleases/monetary20170726a.htm,XLB,-0.0082557007627794,-0.0121841491810932,-0.0132517676413712,4,-0.0136807375474337,0.9686442412497733
2017-07-26,FOMC_statement,https://www.federalreserve.gov/newsevents/pressreleases/monetary20170726a.htm,XLE,-0.0101861313448694,0.0138938504138754,0.0072766069200205,3,0.0138938504138754,0.5237286067765315
2017-07-26,FOMC_statement,https://www.federalreserve.gov/newsevents/pressreleases/monetary20170726a.htm,XLF,-0.010013754083421,0.0043068562037785,0.0103496967710275,5,0.0103496967710275,1.0
2017-07-26,FOMC_statement,https://www.federalreserve.gov/newsevents/pressreleases/monetary20170726a.htm,XLI,0.0037423748949289,-0.0019841445529633,-0.0032215725754546,4,-0.0071410746500387,0.45113274028540523
2017-07-26,FOMC_statement,https://www.federalreserve.gov/newsevents/pressreleases/monetary20170726a.htm,XLK,0.004340591226465,-0.0070604131697705,-0.0019157490113016,3,-0.0070604131697705,0.27133667184010873
2017-07-26,FOMC_statement,https://www.federalreserve.gov/newsevents/pressreleases/monetary20170726a.htm,XLP,-0.004491045046483,0.0036573087168267,-0.000865389863671,5,-0.000865389863671,1.0
2017-07-26,FOMC_statement,https://www.federalreserve.gov/newsevents/pressreleases/monetary20170726a.htm,XLRE,0.0024309616425037,-0.0003922956369082,-0.0036993151646154,5,-0.0036993151646154,1.0
2017-07-26,FOMC_statement,https://www.federalreserve.gov/newsevents/pressreleases/monetary20170726a.htm,XLU,0.0081142199774828,0.0070103880840034,0.0142307425927962,5,0.0142307425927962,1.0
2017-07-26,FOMC_statement,https://www.federalreserve.gov/newsevents/pressreleases/monetary20170726a.htm,XLV,0.0095947542241272,-4.340461347385194e-05,-0.0072690655411662,5,-0.0072690655411662,1.0
2017-07-26,FOMC_statement,https://www.federalreserve.gov/newsevents/pressreleases/monetary20170726a.htm,XLY,-0.0046157064420786,0.002069138816894,-0.0016255946182663,5,-0.0016255946182663,1.0
2017-09-06,Beige_Book,https://www.federalreserve.gov/monetarypolicy/beigebook201709.htm,XLB,0.0041833725696348,0.0049937150835185,0.0092205105933578,4,0.0100564023675865,0.9168796410808977
2017-09-06,Beige_Book,https://www.federalreserve.gov/monetarypolicy/beigebook201709.htm,XLE,-0.012686953273255,-0.0086512168568487,0.006187400851683,5,0.006187400851683,1.0
2017-09-06,Beige_Book,https://www.federalreserve.gov/monetarypolicy/beigebook201709.htm,XLF,0.0142145166173699,-1.391906629433226e-05,0.0095752397358844,5,0.0095752397358844,1.0
2017-09-06,Beige_Book,https://www.federalreserve.gov/monetarypolicy/beigebook201709.htm,XLI,0.0028883555439719,0.0047145829998979,0.0042106346124158,2,0.0067380688501911,0.6249022837302087
2017-09-06,Beige_Book,https://www.federalreserve.gov/monetarypolicy/beigebook201709.htm,XLK,0.0016642827424216,-1.294014945141253e-05,-0.0028405899625589,2,-0.0034778351359198,0.8167695855449557
2017-09-06,Beige_Book,https://www.federalreserve.gov/monetarypolicy/beigebook201709.htm,XLP,-0.0086373702196741,-0.0066283286251249,-0.0077738760962211,4,-0.0078341570855009,0.992305363726831
2017-09-06,Beige_Book,https://www.federalreserve.gov/monetarypolicy/beigebook201709.htm,XLRE,-0.0062710112653927,0.0057499354905984,-0.0130982575184334,5,-0.0130982575184334,1.0
2017-09-06,Beige_Book,https://www.federalreserve.gov/monetarypolicy/beigebook201709.htm,XLU,-0.0097371760902621,0.0113353226660365,-0.0140909519107528,5,-0.0140909519107528,1.0
2017-09-06,Beige_Book,https://www.federalreserve.gov/monetarypolicy/beigebook201709.htm,XLV,-0.0028735445290645,0.0139611661053303,0.0085560416819533,2,0.0168732158535583,0.5070783042314345
2017-09-06,Beige_Book,https://www.federalreserve.gov/monetarypolicy/beigebook201709.htm,XLY,-0.0030744244808186,-0.0162049934201888,-0.0083742494728478,3,-0.0162049934201888,0.516769692878421
2017-09-20,FOMC_statement,https://www.federalreserve.gov/newsevents/pressreleases/monetary20170920a.htm,XLB,-0.0041424212124669,0.000657519451044,-0.0082523898198625,5,-0.0082523898198625,1.0
2017-09-20,FOMC_statement,https://www.federalreserve.gov/newsevents/pressreleases/monetary20170920a.htm,XLE,-0.0030823645449489,0.0243427192797771,0.0236618968604753,3,0.0243427192797771,0.9720317844741612
2017-09-20,FOMC_statement,https://www.federalreserve.gov/newsevents/pressreleases/monetary20170920a.htm,XLF,-0.0065808131921207,0.0045278223286002,0.0118466309225867,5,0.0118466309225867,1.0
2017-09-20,FOMC_statement,https://www.federalreserve.gov/newsevents/pressreleases/monetary20170920a.htm,XLI,-1.692802557906603e-06,0.0100586847868648,0.0066930967300908,3,0.0100586847868648,0.6654047593608883
2017-09-20,FOMC_statement,https://www.federalreserve.gov/newsevents/pressreleases/monetary20170920a.htm,XLK,-0.0034212632143342,-0.0121953048708093,-0.0028956309371422,3,-0.0121953048708093,0.23743817541398135
2017-09-20,FOMC_statement,https://www.federalreserve.gov/newsevents/pressreleases/monetary20170920a.htm,XLP,0.0040754708209131,-0.0007256979377456,-0.0105441269334399,5,-0.0105441269334399,1.0
2017-09-20,FOMC_statement,https://www.federalreserve.gov/newsevents/pressreleases/monetary20170920a.htm,XLRE,0.0110437326799603,-0.0019254234845289,-0.0138609179112076,5,-0.0138609179112076,1.0
2017-09-20,FOMC_statement,https://www.federalreserve.gov/newsevents/pressreleases/monetary20170920a.htm,XLU,0.0030311390528368,0.0053447901995038,-0.0144415263123995,5,-0.0144415263123995,1.0
2017-09-20,FOMC_statement,https://www.federalreserve.gov/newsevents/pressreleases/monetary20170920a.htm,XLV,0.0088732979918307,-0.0035402142326881,-0.0100045169434173,5,-0.0100045169434173,1.0
2017-09-20,FOMC_statement,https://www.federalreserve.gov/newsevents/pressreleases/monetary20170920a.htm,XLY,0.0018969643915738,0.0024047893264541,0.0035031699676194,5,0.0035031699676194,1.0
2017-10-18,Beige_Book,https://www.federalreserve.gov/monetarypolicy/beigebook201710.htm,XLB,0.0032776602078501,0.0089594443716967,0.0125235679959877,4,0.0128310175503094,0.976038568015653
2017-10-18,Beige_Book,https://www.federalreserve.gov/monetarypolicy/beigebook201710.htm,XLE,0.0001195513878937,-0.0078824220611725,-0.0097186709732968,5,-0.0097186709732968,1.0
2017-10-18,Beige_Book,https://www.federalreserve.gov/monetarypolicy/beigebook201710.htm,XLF,0.0056480353618837,0.0102383452859764,0.0146010925322412,4,0.0156187353495282,0.9348447364966883
2017-10-18,Beige_Book,https://www.federalreserve.gov/monetarypolicy/beigebook201710.htm,XLI,0.003339553605098,0.0057354847679426,0.0047085027995974,4,0.0096333449424473,0.4887713278957112
2017-10-18,Beige_Book,https://www.federalreserve.gov/monetarypolicy/beigebook201710.htm,XLK,0.0007052507581821,-0.0024926667531588,-0.0019153916215881,1,-0.0032307623042713,0.5928605824872398
2017-10-18,Beige_Book,https://www.federalreserve.gov/monetarypolicy/beigebook201710.htm,XLP,0.004369172262434,-0.0100317306390557,-0.0131611717438064,4,-0.0153163698253349,0.8592879314024153
2017-10-18,Beige_Book,https://www.federalreserve.gov/monetarypolicy/beigebook201710.htm,XLRE,0.0007052507581821,-0.0073465453028253,-0.0130622609129128,4,-0.0155433154338641,0.8403780370083821
2017-10-18,Beige_Book,https://www.federalreserve.gov/monetarypolicy/beigebook201710.htm,XLU,-0.0052175259603117,0.0102388806227962,0.0099740809943892,3,0.0102388806227962,0.9741378341869283
2017-10-18,Beige_Book,https://www.federalreserve.gov/monetarypolicy/beigebook201710.htm,XLV,-0.0126998763922423,0.0031497861464938,-0.0017939409411662,4,-0.0053003915947266,0.33845441588712155
2017-10-18,Beige_Book,https://www.federalreserve.gov/monetarypolicy/beigebook201710.htm,XLY,0.0001578775179063,-0.0059169394095476,-0.0041472156967323,3,-0.0059169394095476,0.7009055543209272
2017-11-01,FOMC_statement,https://www.federalreserve.gov/newsevents/pressreleases/monetary20171101a.htm,XLB,-0.0011612804736729,-0.0172862657512626,-0.0162443713787109,3,-0.0172862657512626,0.9397270418294016
2017-11-01,FOMC_statement,https://www.federalreserve.gov/newsevents/pressreleases/monetary20171101a.htm,XLE,-0.0016926376721173,0.0175934425297119,0.0104607806190065,3,0.0175934425297119,0.5945840674069488
2017-11-01,FOMC_statement,https://www.federalreserve.gov/newsevents/pressreleases/monetary20171101a.htm,XLF,0.0041826002626315,-0.0011015337679386,-0.020866701341012,5,-0.020866701341012,1.0
2017-11-01,FOMC_statement,https://www.federalreserve.gov/newsevents/pressreleases/monetary20171101a.htm,XLI,0.0055959766051369,4.3625316686002336e-05,-0.0010987824168107,5,-0.0010987824168107,1.0
2017-11-01,FOMC_statement,https://www.federalreserve.gov/newsevents/pressreleases/monetary20171101a.htm,XLK,-0.0027498594866461,0.0053445502534632,0.0103086345078126,5,0.0103086345078126,1.0
2017-11-01,FOMC_statement,https://www.federalreserve.gov/newsevents/pressreleases/monetary20171101a.htm,XLP,-0.00679915392036,-0.0182538569738406,0.0028743383629507,5,0.0028743383629507,1.0
2017-11-01,FOMC_statement,https://www.federalreserve.gov/newsevents/pressreleases/monetary20171101a.htm,XLRE,-0.0018384277961742,0.018615861045274,0.0343830780382733,5,0.0343830780382733,1.0
2017-11-01,FOMC_statement,https://www.federalreserve.gov/newsevents/pressreleases/monetary20171101a.htm,XLU,0.0004677097502607,-0.001794012320373,0.009919460604607,4,0.010901124887756,0.9099483499861933
2017-11-01,FOMC_statement,https://www.federalreserve.gov/newsevents/pressreleases/monetary20171101a.htm,XLV,0.0034033601830505,-0.0046109849303095,-0.0011963632515209,1,-0.0049387485200858,0.24224016401226192
2017-11-01,FOMC_statement,https://www.federalreserve.gov/newsevents/pressreleases/monetary20171101a.htm,XLY,0.001449057602064,-0.0014152634933441,-0.0072861548389167,1,-0.007886527166522,0.923873675329002
2017-11-29,Beige_Book,https://www.federalreserve.gov/monetarypolicy/beigebook201711.htm,XLB,-0.0009678752110364,0.0022019915287835,-0.0053124431342361,2,-0.009334876065286,0.5690962683470119
2017-11-29,Beige_Book,https://www.federalreserve.gov/monetarypolicy/beigebook201711.htm,XLE,0.0024055226681092,0.0174761435262071,0.003597972534961,3,0.0174761435262071,0.20587909051934178
2017-11-29,Beige_Book,https://www.federalreserve.gov/monetarypolicy/beigebook201711.htm,XLF,-0.0158092158817495,0.0185234749897237,0.0129819524910943,3,0.0185234749897237,0.7008378556559349
2017-11-29,Beige_Book,https://www.federalreserve.gov/monetarypolicy/beigebook201711.htm,XLI,-0.0050936557963896,0.0076711950793481,0.0040833547836418,1,0.0083071675750323,0.4915459748175265
2017-11-29,Beige_Book,https://www.federalreserve.gov/monetarypolicy/beigebook201711.htm,XLK,0.0068889564050316,-0.0178493671907974,-0.007723785854357,3,-0.0178493671907974,0.4327204304665295
2017-11-29,Beige_Book,https://www.federalreserve.gov/monetarypolicy/beigebook201711.htm,XLP,0.0019332421207403,0.0156429426112482,0.0238200764300294,5,0.0238200764300294,1.0
2017-11-29,Beige_Book,https://www.federalreserve.gov/monetarypolicy/beigebook201711.htm,XLRE,0.0125278408897433,-0.015608539726467,-0.014615181963871,4,-0.0159434043144565,0.9166914214562601
2017-11-29,Beige_Book,https://www.federalreserve.gov/monetarypolicy/beigebook201711.htm,XLU,0.0055119086864308,-0.0111307452538478,-0.0165902565866431,4,-0.0201924587563513,0.8216065604900556
2017-11-29,Beige_Book,https://www.federalreserve.gov/monetarypolicy/beigebook201711.htm,XLV,0.0028136304529273,-0.012267177262523,-0.0114142035055799,3,-0.012267177262523,0.9304669901894229
2017-11-29,Beige_Book,https://www.federalreserve.gov/monetarypolicy/beigebook201711.htm,XLY,-0.0009424198312353,0.0108054336065654,0.0019987993426332,3,0.0108054336065654,0.1849809471244843
2017-12-13,FOMC_statement,https://www.federalreserve.gov/newsevents/pressreleases/monetary20171213a.htm,XLB,0.0015967949677604,-0.0009906941027414,0.0025403885732907,5,0.0025403885732907,1.0
2017-12-13,FOMC_statement,https://www.federalreserve.gov/newsevents/pressreleases/monetary20171213a.htm,XLE,0.0044876980929616,-0.0073692553606128,0.0125706317285722,5,0.0125706317285722,1.0
2017-12-13,FOMC_statement,https://www.federalreserve.gov/newsevents/pressreleases/monetary20171213a.htm,XLF,-0.0082569098240059,0.0009464274708158,-0.0007550978315759,1,-0.0023726593474985,0.3182495761020229
2017-12-13,FOMC_statement,https://www.federalreserve.gov/newsevents/pressreleases/monetary20171213a.htm,XLI,0.0006914118342173,-0.0032243297412627,0.004736824407848,5,0.004736824407848,1.0
2017-12-13,FOMC_statement,https://www.federalreserve.gov/newsevents/pressreleases/monetary20171213a.htm,XLK,0.0020766065466144,0.0084041563260273,0.0063182350473512,3,0.0084041563260273,0.7517988483607696
2017-12-13,FOMC_statement,https://www.federalreserve.gov/newsevents/pressreleases/monetary20171213a.htm,XLP,0.0015880229328189,-0.0041593983053908,-0.0003202455833112,3,-0.0041593983053908,0.07699324753201557
2017-12-13,FOMC_statement,https://www.federalreserve.gov/newsevents/pressreleases/monetary20171213a.htm,XLRE,-0.0027422490136741,-0.0031968512459249,-0.0284644502433556,5,-0.0284644502433556,1.0
2017-12-13,FOMC_statement,https://www.federalreserve.gov/newsevents/pressreleases/monetary20171213a.htm,XLU,0.018843704882584,-0.0192666072290482,-0.040959355987104,5,-0.040959355987104,1.0
2017-12-13,FOMC_statement,https://www.federalreserve.gov/newsevents/pressreleases/monetary20171213a.htm,XLV,-0.0021943554249856,-0.0093435549566445,-0.009401176591363,5,-0.009401176591363,1.0
2017-12-13,FOMC_statement,https://www.federalreserve.gov/newsevents/pressreleases/monetary20171213a.htm,XLY,0.0013540810102847,0.0058002368093242,0.0069249441820544,4,0.0083257685350465,0.8317483428592246
2018-01-17,Beige_Book,https://www.federalreserve.gov/monetarypolicy/beigebook201801.htm,XLB,0.0082557435290759,-0.0079638781661259,-0.0055793357959658,4,-0.0102449280596698,0.5445949218452223
2018-01-17,Beige_Book,https://www.federalreserve.gov/monetarypolicy/beigebook201801.htm,XLE,0.0092403768032007,0.0011252629062976,-0.0048426174616158,2,-0.0123465097739237,0.39222562086684554
2018-01-17,Beige_Book,https://www.federalreserve.gov/monetarypolicy/beigebook201801.htm,XLF,-0.0006810532330144,0.0029228397548167,0.0089050093572352,5,0.0089050093572352,1.0
2018-01-17,Beige_Book,https://www.federalreserve.gov/monetarypolicy/beigebook201801.htm,XLI,0.0055632741032426,-0.0134872456848524,-0.0155976754845889,5,-0.0155976754845889,1.0
2018-01-17,Beige_Book,https://www.federalreserve.gov/monetarypolicy/beigebook201801.htm,XLK,0.000473563310505,0.0024322235366466,-0.0026277068804039,5,-0.0026277068804039,1.0
2018-01-17,Beige_Book,https://www.federalreserve.gov/monetarypolicy/beigebook201801.htm,XLP,-0.0080073935947645,0.0047811397623845,0.0018564142568037,2,0.0053299662248199,0.348297564843655
2018-01-17,Beige_Book,https://www.federalreserve.gov/monetarypolicy/beigebook201801.htm,XLRE,-0.0082272263665014,-0.0039284693937692,0.0069825835423075,4,0.0093868785709249,0.743866397072131
2018-01-17,Beige_Book,https://www.federalreserve.gov/monetarypolicy/beigebook201801.htm,XLU,-0.0012293804781684,-0.0189325435946378,-0.01721211883056,3,-0.0189325435946378,0.9091287044723843
2018-01-17,Beige_Book,https://www.federalreserve.gov/monetarypolicy/beigebook201801.htm,XLV,-0.00837107406625,-0.0004690681891276,-0.004098919810955,4,-0.0074221242519002,0.5522569646965424
2018-01-17,Beige_Book,https://www.federalreserve.gov/monetarypolicy/beigebook201801.htm,XLY,0.0037229406139301,0.0079135580924812,0.0188808371491983,5,0.0188808371491983,1.0
2018-01-31,FOMC_statement,https://www.federalreserve.gov/newsevents/pressreleases/monetary20180131a.htm,XLB,-0.0029972372082638,-0.0133933278299114,-0.0039889528704079,2,-0.0170087102015571,0.23452412458898395
2018-01-31,FOMC_statement,https://www.federalreserve.gov/newsevents/pressreleases/monetary20180131a.htm,XLE,0.0099149724558573,-0.0087273467162741,-0.031803255146291,5,-0.031803255146291,1.0
2018-01-31,FOMC_statement,https://www.federalreserve.gov/newsevents/pressreleases/monetary20180131a.htm,XLF,0.0027212722609929,0.0017485083026581,0.0064683613424354,1,0.0105501709021406,0.6131048873457574
2018-01-31,FOMC_statement,https://www.federalreserve.gov/newsevents/pressreleases/monetary20180131a.htm,XLI,-0.0023937285913485,-0.0025218191070696,0.0033152647095724,5,0.0033152647095724,1.0
2018-01-31,FOMC_statement,https://www.federalreserve.gov/newsevents/pressreleases/monetary20180131a.htm,XLK,-0.0012140561746221,-0.0058434206428278,-0.0042106008146985,2,-0.0058488738912607,0.7198994016591667
2018-01-31,FOMC_statement,https://www.federalreserve.gov/newsevents/pressreleases/monetary20180131a.htm,XLP,-0.0035882610873865,0.0049947298308667,-0.0026193646616159,4,-0.0036823328170356,0.711332948911602
2018-01-31,FOMC_statement,https://www.federalreserve.gov/newsevents/pressreleases/monetary20180131a.htm,XLRE,-0.0061681069397034,0.009288618823784,-0.0115443255691771,1,-0.0171252925644399,0.6741096845929808
2018-01-31,FOMC_statement,https://www.federalreserve.gov/newsevents/pressreleases/monetary20180131a.htm,XLU,-0.0120431367655114,0.0254488870262877,-0.0084672959709013,1,-0.014538678109089,0.5823979255450938
2018-01-31,FOMC_statement,https://www.federalreserve.gov/newsevents/pressreleases/monetary20180131a.htm,XLV,0.0107746058647292,0.0066895588711339,0.0023001931473917,2,0.0091751719863532,0.25069755104459285
2018-01-31,FOMC_statement,https://www.federalreserve.gov/newsevents/pressreleases/monetary20180131a.htm,XLY,-0.0052893572807943,0.0103142283178047,0.0185594978904807,5,0.0185594978904807,1.0
2018-03-07,Beige_Book,https://www.federalreserve.gov/monetarypolicy/beigebook201803.htm,XLB,-0.0085129584955865,-0.0045045468717594,-0.0093082238965594,5,-0.0093082238965594,1.0
2018-03-07,Beige_Book,https://www.federalreserve.gov/monetarypolicy/beigebook201803.htm,XLE,0.0019437082272772,-0.0025201830932801,-0.0039738303050876,1,-0.0051369328277024,0.7735803520064674
2018-03-07,Beige_Book,https://www.federalreserve.gov/monetarypolicy/beigebook201803.htm,XLF,-0.001626103438207,0.0028977464294277,-0.0079310692495824,5,-0.0079310692495824,1.0
2018-03-07,Beige_Book,https://www.federalreserve.gov/monetarypolicy/beigebook201803.htm,XLI,-0.0019371938061081,-0.0060963869631874,-0.0103011978301336,5,-0.0103011978301336,1.0
2018-03-07,Beige_Book,https://www.federalreserve.gov/monetarypolicy/beigebook201803.htm,XLK,0.0003406339402602,0.0054184572989472,0.0047027834384499,3,0.0054184572989472,0.8679192580079288
2018-03-07,Beige_Book,https://www.federalreserve.gov/monetarypolicy/beigebook201803.htm,XLP,0.0017968876247931,-0.0072518553067462,-0.0064904975498218,3,-0.0072518553067462,0.895012003863876
2018-03-07,Beige_Book,https://www.federalreserve.gov/monetarypolicy/beigebook201803.htm,XLRE,-0.0014281797675979,-0.0017824058645072,0.0149475806769343,5,0.0149475806769343,1.0
2018-03-07,Beige_Book,https://www.federalreserve.gov/monetarypolicy/beigebook201803.htm,XLU,0.0159507857463443,-0.006531622220081,0.0175377501501361,5,0.0175377501501361,1.0
2018-03-07,Beige_Book,https://www.federalreserve.gov/monetarypolicy/beigebook201803.htm,XLV,0.0039569154970727,-0.0041112556523157,0.0038906099624768,5,0.0038906099624768,1.0
2018-03-07,Beige_Book,https://www.federalreserve.gov/monetarypolicy/beigebook201803.htm,XLY,-0.0043694446781052,0.0009569246148899,0.0042866444524901,5,0.0042866444524901,1.0
2018-03-21,FOMC_statement,https://www.federalreserve.gov/newsevents/pressreleases/monetary20180321a.htm,XLB,0.0027300560886234,-0.010000846114639,-0.0129029232528513,5,-0.0129029232528513,1.0
2018-03-21,FOMC_statement,https://www.federalreserve.gov/newsevents/pressreleases/monetary20180321a.htm,XLE,-0.006749656937518,0.0104076211424029,0.0015021543503063,2,0.0197947279429955,0.07588658730911468
2018-03-21,FOMC_statement,https://www.federalreserve.gov/newsevents/pressreleases/monetary20180321a.htm,XLF,-0.0007414453935181,-0.0158857937300438,-0.0135792925284875,2,-0.0209649896013988,0.6477128196420131
2018-03-21,FOMC_statement,https://www.federalreserve.gov/newsevents/pressreleases/monetary20180321a.htm,XLI,-0.0017200239903802,-0.0044920013483173,-0.001753597015237,1,-0.0080127701005916,0.21885028438636073
2018-03-21,FOMC_statement,https://www.federalreserve.gov/newsevents/pressreleases/monetary20180321a.htm,XLK,0.0021405385268427,0.0044462390124098,-0.0143197702556331,5,-0.0143197702556331,1.0
2018-03-21,FOMC_statement,https://www.federalreserve.gov/newsevents/pressreleases/monetary20180321a.htm,XLP,0.004545872195931,0.0125983397770393,0.0457538657170701,5,0.0457538657170701,1.0
2018-03-21,FOMC_statement,https://www.federalreserve.gov/newsevents/pressreleases/monetary20180321a.htm,XLRE,0.0020236576223078,0.0132880829088,0.0532377053687541,5,0.0532377053687541,1.0
2018-03-21,FOMC_statement,https://www.federalreserve.gov/newsevents/pressreleases/monetary20180321a.htm,XLU,0.0063065999242534,0.0197213129258488,0.053613580308879,5,0.053613580308879,1.0
2018-03-21,FOMC_statement,https://www.federalreserve.gov/newsevents/pressreleases/monetary20180321a.htm,XLV,0.0002724909401055,-0.0098781051193801,0.0036343976175479,5,0.0036343976175479,1.0
2018-03-21,FOMC_statement,https://www.federalreserve.gov/newsevents/pressreleases/monetary20180321a.htm,XLY,-0.0042680101677097,0.0075678521250657,-0.0042144120923226,5,-0.0042144120923226,1.0
2018-04-18,Beige_Book,https://www.federalreserve.gov/monetarypolicy/beigebook201804.htm,XLB,-0.0006788407929652,-0.0052673042707512,-0.0158832421657131,4,-0.0188272931621202,0.8436285571666552
2018-04-18,Beige_Book,https://www.federalreserve.gov/monetarypolicy/beigebook201804.htm,XLE,0.0068168043651757,0.0167873445491344,0.0250208472607939,5,0.0250208472607939,1.0
2018-04-18,Beige_Book,https://www.federalreserve.gov/monetarypolicy/beigebook201804.htm,XLF,0.0106983734369348,0.0287606691564236,0.0325698124713955,4,0.0357644363727789,0.9106759612234544
2018-04-18,Beige_Book,https://www.federalreserve.gov/monetarypolicy/beigebook201804.htm,XLI,0.0022682773944564,0.0058822889155685,-0.0082046123450904,4,-0.0085938242059894,0.9547102836211449
2018-04-18,Beige_Book,https://www.federalreserve.gov/monetarypolicy/beigebook201804.htm,XLK,-0.0078563489685132,-0.0143465953209326,-0.0206289188659557,5,-0.0206289188659557,1.0
2018-04-18,Beige_Book,https://www.federalreserve.gov/monetarypolicy/beigebook201804.htm,XLP,0.008441276707394,-0.0326923156896135,-0.0262462827172584,3,-0.0326923156896135,0.8028272749610382
2018-04-18,Beige_Book,https://www.federalreserve.gov/monetarypolicy/beigebook201804.htm,XLRE,-0.0026653003690051,-0.0094617925730142,-0.0007747882936198,2,-0.0115974296881281,0.06680689725697797
2018-04-18,Beige_Book,https://www.federalreserve.gov/monetarypolicy/beigebook201804.htm,XLU,0.0005935330025457,0.0051203053896493,0.0230684970092853,4,0.025342959656831,0.9102526824670757
2018-04-18,Beige_Book,https://www.federalreserve.gov/monetarypolicy/beigebook201804.htm,XLV,0.0029420709624163,0.004333594171353,0.0123291793175057,5,0.0123291793175057,1.0
2018-04-18,Beige_Book,https://www.federalreserve.gov/monetarypolicy/beigebook201804.htm,XLY,-0.0079327210057533,0.002962965041542,0.0022988958440016,3,0.002962965041542,0.7758768030571154
2018-05-02,FOMC_statement,https://www.federalreserve.gov/newsevents/pressreleases/monetary20180502a.htm,XLB,0.0026542426731063,0.0025393533591714,0.0051912255377525,1,0.0067786519037157,0.7658197546487
2018-05-02,FOMC_statement,https://www.federalreserve.gov/newsevents/pressreleases/monetary20180502a.htm,XLE,0.0078733911898912,-0.010181324520787,0.0083907137627358,5,0.0083907137627358,1.0
2018-05-02,FOMC_statement,https://www.federalreserve.gov/newsevents/pressreleases/monetary20180502a.htm,XLF,0.001412432136788,-0.0029952334359766,0.0090943506128042,5,0.0090943506128042,1.0
2018-05-02,FOMC_statement,https://www.federalreserve.gov/newsevents/pressreleases/monetary20180502a.htm,XLI,0.0063463910191272,0.0065218746923473,0.0147886908395634,5,0.0147886908395634,1.0
2018-05-02,FOMC_statement,https://www.federalreserve.gov/newsevents/pressreleases/monetary20180502a.htm,XLK,-0.010749735331424,0.0140771585728679,0.0189243176362489,5,0.0189243176362489,1.0
2018-05-02,FOMC_statement,https://www.federalreserve.gov/newsevents/pressreleases/monetary20180502a.htm,XLP,0.0104985553041435,-0.0068890219484358,-0.0191815006418144,5,-0.0191815006418144,1.0
2018-05-02,FOMC_statement,https://www.federalreserve.gov/newsevents/pressreleases/monetary20180502a.htm,XLRE,-0.0053451406599398,-0.0012276076320257,-0.0102019220971384,5,-0.0102019220971384,1.0
2018-05-02,FOMC_statement,https://www.federalreserve.gov/newsevents/pressreleases/monetary20180502a.htm,XLU,0.0048798307713665,-0.0162456400772826,-0.0578974185205484,5,-0.0578974185205484,1.0
2018-05-02,FOMC_statement,https://www.federalreserve.gov/newsevents/pressreleases/monetary20180502a.htm,XLV,0.0022631963101867,-0.0166455667415275,-0.0281225675130416,5,-0.0281225675130416,1.0
2018-05-02,FOMC_statement,https://www.federalreserve.gov/newsevents/pressreleases/monetary20180502a.htm,XLY,0.0004267921706719,-0.0020727383613224,-0.0124906041127076,5,-0.0124906041127076,1.0
2018-05-30,Beige_Book,https://www.federalreserve.gov/monetarypolicy/beigebook201805.htm,XLB,0.0057844886742294,0.0042582599092202,0.0212876995557778,5,0.0212876995557778,1.0
2018-05-30,Beige_Book,https://www.federalreserve.gov/monetarypolicy/beigebook201805.htm,XLE,-0.0084167502261337,-0.0199203464247391,-0.0266201987754751,5,-0.0266201987754751,1.0
2018-05-30,Beige_Book,https://www.federalreserve.gov/monetarypolicy/beigebook201805.htm,XLF,0.0218927259254062,-0.0025217852710787,0.0022526407839765,5,0.0022526407839765,1.0
2018-05-30,Beige_Book,https://www.federalreserve.gov/monetarypolicy/beigebook201805.htm,XLI,0.0044858756056722,-0.0133205248662905,-0.0128382525492832,3,-0.0133205248662905,0.9637947962375147
2018-05-30,Beige_Book,https://www.federalreserve.gov/monetarypolicy/beigebook201805.htm,XLK,-0.0060525718745152,0.0168859747887649,0.0178216968204983,4,0.0196464516466944,0.9071203869782193
2018-05-30,Beige_Book,https://www.federalreserve.gov/monetarypolicy/beigebook201805.htm,XLP,-0.0092956569525356,-0.0162361152627221,-0.0287144345040865,5,-0.0287144345040865,1.0
2018-05-30,Beige_Book,https://www.federalreserve.gov/monetarypolicy/beigebook201805.htm,XLRE,-0.0140658160686415,0.0022927376178847,-0.008967722229266,5,-0.008967722229266,1.0
2018-05-30,Beige_Book,https://www.federalreserve.gov/monetarypolicy/beigebook201805.htm,XLU,-0.0115007155545621,-0.0301357052297265,-0.068258166664519,5,-0.068258166664519,1.0
2018-05-30,Beige_Book,https://www.federalreserve.gov/monetarypolicy/beigebook201805.htm,XLV,-0.0012524602306656,-0.0041188539987782,-0.0039814435047111,4,-0.0068784783805393,0.5788262002793325
2018-05-30,Beige_Book,https://www.federalreserve.gov/monetarypolicy/beigebook201805.htm,XLY,-0.0037743419750931,0.0053024896955841,0.0113826393902,5,0.0113826393902,1.0
2018-06-13,FOMC_statement,https://www.federalreserve.gov/newsevents/pressreleases/monetary20180613a.htm,XLB,-2.108471184669725e-05,-0.0071872332861324,-0.0266038609430758,5,-0.0266038609430758,1.0
2018-06-13,FOMC_statement,https://www.federalreserve.gov/newsevents/pressreleases/monetary20180613a.htm,XLE,0.0089247607719701,-0.0121250541355797,-0.0078526799077106,2,-0.0241597626501195,0.32503133501072534
2018-06-13,FOMC_statement,https://www.federalreserve.gov/newsevents/pressreleases/monetary20180613a.htm,XLF,0.0037902750328624,-0.0103770340501544,-0.013363093373775,5,-0.013363093373775,1.0
2018-06-13,FOMC_statement,https://www.federalreserve.gov/newsevents/pressreleases/monetary20180613a.htm,XLI,0.0023367184938574,-0.0096287666137023,-0.0279398406475233,5,-0.0279398406475233,1.0
2018-06-13,FOMC_statement,https://www.federalreserve.gov/newsevents/pressreleases/monetary20180613a.htm,XLK,-0.003585255786604,0.0052204349621605,0.0042933724183424,3,0.0052204349621605,0.8224166088577356
2018-06-13,FOMC_statement,https://www.federalreserve.gov/newsevents/pressreleases/monetary20180613a.htm,XLP,-0.0006591062062457,0.0008735868679491,0.0092954168303384,2,0.0133681303050386,0.6953415786824618
2018-06-13,FOMC_statement,https://www.federalreserve.gov/newsevents/pressreleases/monetary20180613a.htm,XLRE,-0.0043238677667045,0.0077664555018556,0.0219581004517744,5,0.0219581004517744,1.0
2018-06-13,FOMC_statement,https://www.federalreserve.gov/newsevents/pressreleases/monetary20180613a.htm,XLU,-0.0102331109663509,0.02360386715411,0.0363864454772872,4,0.0372953963520167,0.9756283358366735
2018-06-13,FOMC_statement,https://www.federalreserve.gov/newsevents/pressreleases/monetary20180613a.htm,XLV,0.0018789282133107,-0.0016678743388487,0.0051791797147124,2,0.0058700089736819,0.8823120608389489
2018-06-13,FOMC_statement,https://www.federalreserve.gov/newsevents/pressreleases/monetary20180613a.htm,XLY,-0.0035102874347545,0.0112091043365908,0.0168262084822864,5,0.0168262084822864,1.0
2018-07-18,Beige_Book,https://www.federalreserve.gov/monetarypolicy/beigebook201807.htm,XLB,-0.0090335249746187,-0.0029342003844086,0.0042827907461984,1,0.0073723731817464,0.5809243022046632
2018-07-18,Beige_Book,https://www.federalreserve.gov/monetarypolicy/beigebook201807.htm,XLC,0.0038511937391112,-0.0031512847263213,-0.0024653289447265,2,-0.0054200199025646,0.454856068620703
2018-07-18,Beige_Book,https://www.federalreserve.gov/monetarypolicy/beigebook201807.htm,XLE,0.008024961664466,-0.004544816903631,0.0028523875768371,1,0.0040377541727832,0.706429231393987
2018-07-18,Beige_Book,https://www.federalreserve.gov/monetarypolicy/beigebook201807.htm,XLF,0.0029527868551568,0.003622876356681,-0.0049267079544186,1,-0.0112657618894687,0.4373168901274326
2018-07-18,Beige_Book,https://www.federalreserve.gov/monetarypolicy/beigebook201807.htm,XLI,9.653164526191028e-05,-0.0046008495052378,0.0012462911451169,2,0.0034387383774349,0.36242685785435097
2018-07-18,Beige_Book,https://www.federalreserve.gov/monetarypolicy/beigebook201807.htm,XLK,-0.0034165470579801,0.0048587301075951,0.0093378233135216,5,0.0093378233135216,1.0
2018-07-18,Beige_Book,https://www.federalreserve.gov/monetarypolicy/beigebook201807.htm,XLP,-0.0045275822076018,0.0034736686448891,-0.0005766500479039,5,-0.0005766500479039,1.0
2018-07-18,Beige_Book,https://www.federalreserve.gov/monetarypolicy/beigebook201807.htm,XLRE,0.0107482869563835,0.0009860982055324,-0.0054441421122339,4,-0.0068225234906891,0.797966048730163
2018-07-18,Beige_Book,https://www.federalreserve.gov/monetarypolicy/beigebook201807.htm,XLU,0.0048069287928472,-0.0018481450721202,-0.0090564683564023,5,-0.0090564683564023,1.0
2018-07-18,Beige_Book,https://www.federalreserve.gov/monetarypolicy/beigebook201807.htm,XLV,-0.0014805616524153,-0.002431004320649,0.0058678133763396,5,0.0058678133763396,1.0
2018-07-18,Beige_Book,https://www.federalreserve.gov/monetarypolicy/beigebook201807.htm,XLY,0.003070478795595,-0.0047557983327537,-0.0139149573488027,5,-0.0139149573488027,1.0
2018-08-01,FOMC_statement,https://www.federalreserve.gov/newsevents/pressreleases/monetary20180801a.htm,XLB,-0.0041938615162571,-0.0107982579211342,-0.0145098930302145,5,-0.0145098930302145,1.0
2018-08-01,FOMC_statement,https://www.federalreserve.gov/newsevents/pressreleases/monetary20180801a.htm,XLC,-0.0017178117157079,0.0100422931405743,0.0075663423994528,3,0.0100422931405743,0.7534476731098586
2018-08-01,FOMC_statement,https://www.federalreserve.gov/newsevents/pressreleases/monetary20180801a.htm,XLE,0.0067411882936466,-0.0203572759460772,-0.0230534210003364,5,-0.0230534210003364,1.0
2018-08-01,FOMC_statement,https://www.federalreserve.gov/newsevents/pressreleases/monetary20180801a.htm,XLF,0.0120341939027014,-0.001984938457072,0.0021961156817025,5,0.0021961156817025,1.0
2018-08-01,FOMC_statement,https://www.federalreserve.gov/newsevents/pressreleases/monetary20180801a.htm,XLI,-0.017127206452711,-0.0123432364026628,-0.0125607207084921,5,-0.0125607207084921,1.0
2018-08-01,FOMC_statement,https://www.federalreserve.gov/newsevents/pressreleases/monetary20180801a.htm,XLK,0.0022431727918106,0.0081289264320802,0.0118011959728845,5,0.0118011959728845,1.0
2018-08-01,FOMC_statement,https://www.federalreserve.gov/newsevents/pressreleases/monetary20180801a.htm,XLP,0.0002409749218477,0.0094278338362236,-0.0071186592932701,5,-0.0071186592932701,1.0
2018-08-01,FOMC_statement,https://www.federalreserve.gov/newsevents/pressreleases/monetary20180801a.htm,XLRE,-0.0145032611952824,-0.0073086037249571,-0.0185696332077933,5,-0.0185696332077933,1.0
2018-08-01,FOMC_statement,https://www.federalreserve.gov/newsevents/pressreleases/monetary20180801a.htm,XLU,-0.0040535722752466,0.0035014642921327,-0.0061377909698959,5,-0.0061377909698959,1.0
2018-08-01,FOMC_statement,https://www.federalreserve.gov/newsevents/pressreleases/monetary20180801a.htm,XLV,-0.0055234071051057,-0.0019717086622166,-0.0031869726426265,4,-0.0051626080447275,0.6173183427863191
2018-08-01,FOMC_statement,https://www.federalreserve.gov/newsevents/pressreleases/monetary20180801a.htm,XLY,0.0002343627944112,0.0035779779444793,0.006374322505652,5,0.006374322505652,1.0
2018-09-12,Beige_Book,https://www.federalreserve.gov/monetarypolicy/beigebook201809.htm,XLB,0.0012653553961705,0.0062912370729075,0.0116973444650285,5,0.0116973444650285,1.0
2018-09-12,Beige_Book,https://www.federalreserve.gov/monetarypolicy/beigebook201809.htm,XLC,-0.0067486076039562,-0.0053005032791929,-0.0019990493453182,3,-0.0053005032791929,0.37714330885624736
2018-09-12,Beige_Book,https://www.federalreserve.gov/monetarypolicy/beigebook201809.htm,XLE,-0.0061844038532945,0.0065099474293746,0.0096780042475237,5,0.0096780042475237,1.0
2018-09-12,Beige_Book,https://www.federalreserve.gov/monetarypolicy/beigebook201809.htm,XLF,0.0022380644608004,0.0006672637427871,0.0161468646801516,5,0.0161468646801516,1.0
2018-09-12,Beige_Book,https://www.federalreserve.gov/monetarypolicy/beigebook201809.htm,XLI,0.0035539323227979,0.0105541452254531,0.0122877483947693,4,0.014230078119533,0.8635053364817759
2018-09-12,Beige_Book,https://www.federalreserve.gov/monetarypolicy/beigebook201809.htm,XLK,-0.0052376478358935,-0.0023991101545888,-0.0050909954387377,5,-0.0050909954387377,1.0
2018-09-12,Beige_Book,https://www.federalreserve.gov/monetarypolicy/beigebook201809.htm,XLP,0.0069636522245765,-0.0013262523132918,-0.0138300787244445,5,-0.0138300787244445,1.0
2018-09-12,Beige_Book,https://www.federalreserve.gov/monetarypolicy/beigebook201809.htm,XLRE,0.0030001088038202,0.0025426903145603,-0.0194034545221858,5,-0.0194034545221858,1.0
2018-09-12,Beige_Book,https://www.federalreserve.gov/monetarypolicy/beigebook201809.htm,XLU,0.0058724975080586,0.0047774758060683,-0.0252488159143693,5,-0.0252488159143693,1.0
2018-09-12,Beige_Book,https://www.federalreserve.gov/monetarypolicy/beigebook201809.htm,XLV,0.0041644797798608,0.004676436088932,0.0025924505095821,1,0.0064927338644269,0.39928488733935347
2018-09-12,Beige_Book,https://www.federalreserve.gov/monetarypolicy/beigebook201809.htm,XLY,-0.0047191661279892,-0.0152359402331173,-0.0085695961348225,3,-0.0152359402331173,0.5624592905789539
2018-09-26,FOMC_statement,https://www.federalreserve.gov/newsevents/pressreleases/monetary20180926a.htm,XLB,0.0042641660975436,-0.0113782851878208,-0.0142190934810725,2,-0.0179164537481169,0.7936332535989155
2018-09-26,FOMC_statement,https://www.federalreserve.gov/newsevents/pressreleases/monetary20180926a.htm,XLC,-0.0013393767279508,-0.0054998648336748,-0.0017738597810202,4,-0.0057370595380713,0.30919319718556393
2018-09-26,FOMC_statement,https://www.federalreserve.gov/newsevents/pressreleases/monetary20180926a.htm,XLE,-0.0073579326686015,0.0047268196219679,0.0138678641083206,5,0.0138678641083206,1.0
2018-09-26,FOMC_statement,https://www.federalreserve.gov/newsevents/pressreleases/monetary20180926a.htm,XLF,0.0029432948491349,-0.0163638894851479,-0.0069404841878185,2,-0.0168787263648887,0.41119715064853274
2018-09-26,FOMC_statement,https://www.federalreserve.gov/newsevents/pressreleases/monetary20180926a.htm,XLI,0.0021249060703606,0.0031959998285625,0.0096683453535463,5,0.0096683453535463,1.0
2018-09-26,FOMC_statement,https://www.federalreserve.gov/newsevents/pressreleases/monetary20180926a.htm,XLK,0.0002730650351072,0.008035321057763,0.0112396631019058,5,0.0112396631019058,1.0
2018-09-26,FOMC_statement,https://www.federalreserve.gov/newsevents/pressreleases/monetary20180926a.htm,XLP,0.0049789976448328,-0.0069257134885768,-0.0118408705237098,5,-0.0118408705237098,1.0
2018-09-26,FOMC_statement,https://www.federalreserve.gov/newsevents/pressreleases/monetary20180926a.htm,XLRE,-4.077870355057023e-06,0.0014950535588049,-0.0130311537385406,5,-0.0130311537385406,1.0
2018-09-26,FOMC_statement,https://www.federalreserve.gov/newsevents/pressreleases/monetary20180926a.htm,XLU,0.0127633843063209,0.0151752204944259,0.0167060051307639,4,0.0292891604529366,0.5703818365708367
2018-09-26,FOMC_statement,https://www.federalreserve.gov/newsevents/pressreleases/monetary20180926a.htm,XLV,0.0021427800574942,0.0067109028329408,0.0037095397740617,3,0.0067109028329408,0.5527631477322604
2018-09-26,FOMC_statement,https://www.federalreserve.gov/newsevents/pressreleases/monetary20180926a.htm,XLY,-0.0051456271543235,-0.0068740934731282,-0.0237439300883234,5,-0.0237439300883234,1.0
2018-10-24,Beige_Book,https://www.federalreserve.gov/monetarypolicy/beigebook201810.htm,XLB,0.0047799487787597,0.0098324899437202,0.020875024674659,5,0.020875024674659,1.0
2018-10-24,Beige_Book,https://www.federalreserve.gov/monetarypolicy/beigebook201810.htm,XLC,-0.0029492413027345,-0.0042037445354509,0.0182418630644062,5,0.0182418630644062,1.0
2018-10-24,Beige_Book,https://www.federalreserve.gov/monetarypolicy/beigebook201810.htm,XLE,0.0210610005573705,-0.0086884660691142,-0.0049003468673489,3,-0.0086884660691142,0.5640059854487637
2018-10-24,Beige_Book,https://www.federalreserve.gov/monetarypolicy/beigebook201810.htm,XLF,0.0029552257589854,0.0149122168398876,0.0205702265214449,5,0.0205702265214449,1.0
2018-10-24,Beige_Book,https://www.federalreserve.gov/monetarypolicy/beigebook201810.htm,XLI,0.0113630808249368,-0.0142717781195802,-0.0115251660632333,3,-0.0142717781195802,0.8075494144223921
2018-10-24,Beige_Book,https://www.federalreserve.gov/monetarypolicy/beigebook201810.htm,XLK,-0.0012659654437492,0.0026826772972882,0.0121720181349832,1,0.0164499874550878,0.7399408764423421
2018-10-24,Beige_Book,https://www.federalreserve.gov/monetarypolicy/beigebook201810.htm,XLP,-0.0095127215387114,-5.294502867048134e-05,-0.0150820152741028,2,-0.0171106816428485,0.8814386001043044
2018-10-24,Beige_Book,https://www.federalreserve.gov/monetarypolicy/beigebook201810.htm,XLRE,-0.0114664643182,0.0076131097885164,-0.0148501027979253,5,-0.0148501027979253,1.0
2018-10-24,Beige_Book,https://www.federalreserve.gov/monetarypolicy/beigebook201810.htm,XLU,0.0004422692592388,-0.0147234007309068,-0.0481228996580545,5,-0.0481228996580545,1.0
2018-10-24,Beige_Book,https://www.federalreserve.gov/monetarypolicy/beigebook201810.htm,XLV,0.0003080488493747,0.0093396468393246,-0.0040795298118624,1,-0.004995157325675,0.8166969618541754
2018-10-24,Beige_Book,https://www.federalreserve.gov/monetarypolicy/beigebook201810.htm,XLY,-0.0052782078555848,-0.0045066226853641,-0.0021019747326401,3,-0.0045066226853641,0.4664190635409889
2018-11-08,FOMC_statement,https://www.federalreserve.gov/newsevents/pressreleases/monetary20181108a.htm,XLB,0.0034119150944533,-0.0013497486116401,0.0076555190716871,5,0.0076555190716871,1.0
2018-11-08,FOMC_statement,https://www.federalreserve.gov/newsevents/pressreleases/monetary20181108a.htm,XLC,0.0031164433579526,-0.0083053537613044,0.0004037421645655,4,0.0034694170985314,0.11637175730078796
2018-11-08,FOMC_statement,https://www.federalreserve.gov/newsevents/pressreleases/monetary20181108a.htm,XLE,0.005035003402384,-0.0151115130278158,-0.0057179943842111,3,-0.0151115130278158,0.37838662307910353
2018-11-08,FOMC_statement,https://www.federalreserve.gov/newsevents/pressreleases/monetary20181108a.htm,XLF,0.0084174425969461,0.0069225564070665,0.0046439573627865,3,0.0069225564070665,0.6708442791518433
2018-11-08,FOMC_statement,https://www.federalreserve.gov/newsevents/pressreleases/monetary20181108a.htm,XLI,0.0051837026735317,0.0049715701974635,0.0112321865192801,5,0.0112321865192801,1.0
2018-11-08,FOMC_statement,https://www.federalreserve.gov/newsevents/pressreleases/monetary20181108a.htm,XLK,-0.0079686905131419,-0.0210179721254314,-0.0115692666577829,4,-0.0261889412704487,0.4417615259169536
2018-11-08,FOMC_statement,https://www.federalreserve.gov/newsevents/pressreleases/monetary20181108a.htm,XLP,0.0157090124303276,0.0285868905691101,0.0166408094187499,2,0.0290155006607345,0.5735144677778808
2018-11-08,FOMC_statement,https://www.federalreserve.gov/newsevents/pressreleases/monetary20181108a.htm,XLRE,0.0103833995377167,0.0357568953323147,0.0240363288064423,4,0.0422923353315074,0.5683377051192408
2018-11-08,FOMC_statement,https://www.federalreserve.gov/newsevents/pressreleases/monetary20181108a.htm,XLU,0.0099827326204657,0.0354323970577711,0.013224787063332,3,0.0354323970577711,0.37323997701226697
2018-11-08,FOMC_statement,https://www.federalreserve.gov/newsevents/pressreleases/monetary20181108a.htm,XLV,-0.0079796223567658,0.0068926706667757,0.00413221603908,2,0.0120012142729492,0.34431649540613873
2018-11-08,FOMC_statement,https://www.federalreserve.gov/newsevents/pressreleases/monetary20181108a.htm,XLY,-0.0056627480208286,-0.0041183442244103,-0.0167316520231658,5,-0.0167316520231658,1.0
2018-12-05,Beige_Book,https://www.federalreserve.gov/monetarypolicy/beigebook201812.htm,XLB,-0.0027102565570011,-0.0035221991291695,0.0001160001550933,4,0.0001160001550933,1.0
2018-12-05,Beige_Book,https://www.federalreserve.gov/monetarypolicy/beigebook201812.htm,XLC,-0.002899390668974,0.0106426860424625,0.0163452685642658,4,0.0163452685642658,1.0
2018-12-05,Beige_Book,https://www.federalreserve.gov/monetarypolicy/beigebook201812.htm,XLE,-0.0036956459012501,0.0002335745099902,-0.0008397007866253,4,-0.0008397007866253,1.0
2018-12-05,Beige_Book,https://www.federalreserve.gov/monetarypolicy/beigebook201812.htm,XLF,0.0110757605245631,-0.0216604759856634,-0.0209864117207839,3,-0.0216604759856634,0.9688804500267839
2018-12-05,Beige_Book,https://www.federalreserve.gov/monetarypolicy/beigebook201812.htm,XLI,0.0101156194133059,-0.0085892076131502,-0.0080199817705316,3,-0.0085892076131502,0.933727781623638
2018-12-05,Beige_Book,https://www.federalreserve.gov/monetarypolicy/beigebook201812.htm,XLK,0.0054720881286678,0.0008655926894388,0.0036077756115163,4,0.0036077756115163,1.0
2018-12-05,Beige_Book,https://www.federalreserve.gov/monetarypolicy/beigebook201812.htm,XLP,-0.0155315971166013,0.0167046474912381,0.0103999870593916,3,0.0167046474912381,0.6225804564176879
2018-12-05,Beige_Book,https://www.federalreserve.gov/monetarypolicy/beigebook201812.htm,XLRE,-0.0191709773371677,0.0039761992929635,-0.0199440214087815,4,-0.0199440214087815,1.0
2018-12-05,Beige_Book,https://www.federalreserve.gov/monetarypolicy/beigebook201812.htm,XLU,-0.0331149300347535,0.0308595316752915,0.0194856226191783,3,0.0308595316752915,0.6314296284275752
2018-12-05,Beige_Book,https://www.federalreserve.gov/monetarypolicy/beigebook201812.htm,XLV,-0.010077382826522,0.0025535142040044,0.0060717178035217,4,0.0060717178035217,1.0
2018-12-05,Beige_Book,https://www.federalreserve.gov/monetarypolicy/beigebook201812.htm,XLY,0.0035942806910153,-0.0076636226101142,-0.0021666950255637,2,-0.0078229851515913,0.2769652483774644
2018-12-19,FOMC_statement,https://www.federalreserve.gov/newsevents/pressreleases/monetary20181219a.htm,XLB,-0.0066473989006982,0.014880185844068,0.0091373920723464,3,0.014880185844068,0.6140643785029762
2018-12-19,FOMC_statement,https://www.federalreserve.gov/newsevents/pressreleases/monetary20181219a.htm,XLC,-0.0055398244843626,-0.0082211653678914,-0.0025491485807984,2,-0.0135437645110658,0.18821566032956666
2018-12-19,FOMC_statement,https://www.federalreserve.gov/newsevents/pressreleases/monetary20181219a.htm,XLE,0.0225251067413897,-0.0146844462757214,-0.0029884396593187,3,-0.0146844462757214,0.20351054464066864
2018-12-19,FOMC_statement,https://www.federalreserve.gov/newsevents/pressreleases/monetary20181219a.htm,XLF,0.0026533805578592,0.0132380643579984,0.007984274084272,3,0.0132380643579984,0.6031300247794856
2018-12-19,FOMC_statement,https://www.federalreserve.gov/newsevents/pressreleases/monetary20181219a.htm,XLI,-0.0061003130828148,-0.0046730936886317,-0.0086288340462851,4,-0.0086288340462851,1.0
2018-12-19,FOMC_statement,https://www.federalreserve.gov/newsevents/pressreleases/monetary20181219a.htm,XLK,-0.0090081636515587,-0.0118181583582214,-0.0019476969564443,3,-0.0118181583582214,0.1648054542347005
2018-12-19,FOMC_statement,https://www.federalreserve.gov/newsevents/pressreleases/monetary20181219a.htm,XLP,0.0107365841851981,0.0060707473474858,-0.0165452973778338,4,-0.0165452973778338,1.0
2018-12-19,FOMC_statement,https://www.federalreserve.gov/newsevents/pressreleases/monetary20181219a.htm,XLRE,-0.0110441871754461,-0.0010615985749122,-0.0197183882989555,4,-0.0197183882989555,1.0
2018-12-19,FOMC_statement,https://www.federalreserve.gov/newsevents/pressreleases/monetary20181219a.htm,XLU,0.0056318894548659,0.0165516563674952,-0.0203967997274561,4,-0.0203967997274561,1.0
2018-12-19,FOMC_statement,https://www.federalreserve.gov/newsevents/pressreleases/monetary20181219a.htm,XLV,0.0076197056965624,0.0127524152096346,0.0058455572025307,3,0.0127524152096346,0.45838824304546744
2018-12-19,FOMC_statement,https://www.federalreserve.gov/newsevents/pressreleases/monetary20181219a.htm,XLY,-0.0089180474628852,-0.0008872506071538,0.007839393440849,4,0.007839393440849,1.0
2019-01-16,Beige_Book,https://www.federalreserve.gov/monetarypolicy/beigebook201901.htm,XLB,0.0180154731402167,0.0129029343291954,0.0039884661521617,2,0.0132216913635818,0.3016608119553935
2019-01-16,Beige_Book,https://www.federalreserve.gov/monetarypolicy/beigebook201901.htm,XLC,-0.0051719216576555,-0.0159452911741776,-0.0225794668487785,4,-0.0225794668487785,1.0
2019-01-16,Beige_Book,https://www.federalreserve.gov/monetarypolicy/beigebook201901.htm,XLE,0.0079043910235752,0.0003308633137095,-0.0120095210002355,4,-0.0120095210002355,1.0
2019-01-16,Beige_Book,https://www.federalreserve.gov/monetarypolicy/beigebook201901.htm,XLF,0.0025429725675225,0.003796676667881,0.002871723541905,3,0.003796676667881,0.7563782205103511
2019-01-16,Beige_Book,https://www.federalreserve.gov/monetarypolicy/beigebook201901.htm,XLI,0.0145550883545937,0.008103073381988,0.0074655416148619,2,0.0152511601332787,0.489506473581099
2019-01-16,Beige_Book,https://www.federalreserve.gov/monetarypolicy/beigebook201901.htm,XLK,-0.0036310069475637,-0.0025841090076249,-0.0012522364747346,3,-0.0025841090076249,0.4845911960523494
2019-01-16,Beige_Book,https://www.federalreserve.gov/monetarypolicy/beigebook201901.htm,XLP,0.0015348822129679,-0.0003131900893835,0.0095246545614327,4,0.0095246545614327,1.0
2019-01-16,Beige_Book,https://www.federalreserve.gov/monetarypolicy/beigebook201901.htm,XLRE,0.0001648608595947,-0.0005944037327182,-0.0020731777032999,2,-0.0122676575754221,0.1689954003487554
2019-01-16,Beige_Book,https://www.federalreserve.gov/monetarypolicy/beigebook201901.htm,XLU,-0.0008401777666715,-0.0002122677578081,0.0078382546402014,4,0.0078382546402014,1.0
2019-01-16,Beige_Book,https://www.federalreserve.gov/monetarypolicy/beigebook201901.htm,XLV,-0.0065035662273522,0.006477799375519,0.0055033206386582,3,0.006477799375519,0.849566391243365
2019-01-16,Beige_Book,https://www.federalreserve.gov/monetarypolicy/beigebook201901.htm,XLY,0.0024169172115582,-0.0017228605968454,-0.0018192938477391,4,-0.0018192938477391,1.0
2019-01-30,FOMC_statement,https://www.federalreserve.gov/newsevents/pressreleases/monetary20190130a.htm,XLB,-0.0116966446306757,-0.029938199958473,-0.0314583262706197,5,-0.0314583262706197,1.0
2019-01-30,FOMC_statement,https://www.federalreserve.gov/newsevents/pressreleases/monetary20190130a.htm,XLC,0.0104347541112983,0.0304252589123197,0.0161592756053438,4,0.0372247832677385,0.4340999244809174
2019-01-30,FOMC_statement,https://www.federalreserve.gov/newsevents/pressreleases/monetary20190130a.htm,XLE,-0.0043770958772194,0.009885602441223,0.0011806883444772,2,0.0146095789383897,0.08081604195824538
2019-01-30,FOMC_statement,https://www.federalreserve.gov/newsevents/pressreleases/monetary20190130a.htm,XLF,0.0021450669741422,-0.0093762983254318,-0.0160756395845502,4,-0.0162437587419135,0.9896502305879793
2019-01-30,FOMC_statement,https://www.federalreserve.gov/newsevents/pressreleases/monetary20190130a.htm,XLI,-0.0151601204515564,0.0025090874344728,0.0085604888500423,5,0.0085604888500423,1.0
2019-01-30,FOMC_statement,https://www.federalreserve.gov/newsevents/pressreleases/monetary20190130a.htm,XLK,0.0094340384348162,0.0045783863260649,0.0134863351310107,5,0.0134863351310107,1.0
2019-01-30,FOMC_statement,https://www.federalreserve.gov/newsevents/pressreleases/monetary20190130a.htm,XLP,-0.003637156799349,0.0054094516907222,0.0029087314732189,1,0.0097220068932102,0.2991904351816849
2019-01-30,FOMC_statement,https://www.federalreserve.gov/newsevents/pressreleases/monetary20190130a.htm,XLRE,-0.0090979274534127,-0.0068492830261174,-0.0108364457174719,5,-0.0108364457174719,1.0
2019-01-30,FOMC_statement,https://www.federalreserve.gov/newsevents/pressreleases/monetary20190130a.htm,XLU,-0.0041536960531943,0.0025854301804318,0.0011768948747735,1,0.0122874914403627,0.09577991410903972
2019-01-30,FOMC_statement,https://www.federalreserve.gov/newsevents/pressreleases/monetary20190130a.htm,XLV,-0.0062185244459466,-0.0057755086599473,-0.0055481893063462,4,-0.0114041813353191,0.4865048303961362
2019-01-30,FOMC_statement,https://www.federalreserve.gov/newsevents/pressreleases/monetary20190130a.htm,XLY,0.0051570905584088,-0.015295043865024,-0.0129395825961721,3,-0.015295043865024,0.8459983972822556
2019-03-06,Beige_Book,https://www.federalreserve.gov/monetarypolicy/beigebook201903.htm,XLB,0.003347925533815,0.0035942668512438,0.001833123338071,2,0.003844071692139,0.47687022638513143
2019-03-06,Beige_Book,https://www.federalreserve.gov/monetarypolicy/beigebook201903.htm,XLC,-0.0076177596890091,0.0043953940546773,0.001439204389991,4,0.0050929840936929,0.2825856832683409
2019-03-06,Beige_Book,https://www.federalreserve.gov/monetarypolicy/beigebook201903.htm,XLE,0.0019452191589229,-0.0131745284237422,-0.0069888619619778,2,-0.0143225778612171,0.48796117777808345
2019-03-06,Beige_Book,https://www.federalreserve.gov/monetarypolicy/beigebook201903.htm,XLF,0.0024111420364856,-0.0044100010182914,-0.0056688757116118,4,-0.0058937372904375,0.9618473698869249
2019-03-06,Beige_Book,https://www.federalreserve.gov/monetarypolicy/beigebook201903.htm,XLI,0.0050814940814234,-0.0036794889347298,-0.0135961525829505,4,-0.015727939500098,0.8644586013867731
2019-03-06,Beige_Book,https://www.federalreserve.gov/monetarypolicy/beigebook201903.htm,XLK,0.0015947076275936,0.0077021952843304,0.0097545438590133,4,0.009821503014329,0.9931823922246921
2019-03-06,Beige_Book,https://www.federalreserve.gov/monetarypolicy/beigebook201903.htm,XLP,-0.0006213244086089,0.0029779477329862,-0.0013488207577762,5,-0.0013488207577762,1.0
2019-03-06,Beige_Book,https://www.federalreserve.gov/monetarypolicy/beigebook201903.htm,XLRE,-0.0042320201814954,0.0113727957408874,0.0111382539836469,4,0.0129756154628083,0.8583988956494754
2019-03-06,Beige_Book,https://www.federalreserve.gov/monetarypolicy/beigebook201903.htm,XLU,-0.000136888414784,0.0097993565492829,0.0073393575344723,2,0.0171766338364828,0.4272873022934018
2019-03-06,Beige_Book,https://www.federalreserve.gov/monetarypolicy/beigebook201903.htm,XLV,-0.0008146301223351,-0.0027105343669593,0.0049588809645904,5,0.0049588809645904,1.0
2019-03-06,Beige_Book,https://www.federalreserve.gov/monetarypolicy/beigebook201903.htm,XLY,-0.0038878234661049,-0.0094795164803961,-0.01350973712557,5,-0.01350973712557,1.0
2019-03-20,FOMC_statement,https://www.federalreserve.gov/newsevents/pressreleases/monetary20190320a.htm,XLB,0.001508001975254,-0.0123100037713134,-0.009733055844016,4,-0.013678688269635,0.7115489184457974
2019-03-20,FOMC_statement,https://www.federalreserve.gov/newsevents/pressreleases/monetary20190320a.htm,XLC,-0.0014681472670243,0.004029259689665,-0.000506333989945,5,-0.000506333989945,1.0
2019-03-20,FOMC_statement,https://www.federalreserve.gov/newsevents/pressreleases/monetary20190320a.htm,XLE,0.0029576264377967,-0.010851405572312,-0.0057991314076781,2,-0.0120612494700944,0.4808068535566665
2019-03-20,FOMC_statement,https://www.federalreserve.gov/newsevents/pressreleases/monetary20190320a.htm,XLF,0.008054297810493,-0.026326190410518,-0.0209691615343663,3,-0.026326190410518,0.7965133278831172
2019-03-20,FOMC_statement,https://www.federalreserve.gov/newsevents/pressreleases/monetary20190320a.htm,XLI,0.0038617365323934,-0.0020041782280523,0.0035587359832125,5,0.0035587359832125,1.0
2019-03-20,FOMC_statement,https://www.federalreserve.gov/newsevents/pressreleases/monetary20190320a.htm,XLK,-0.0017991047618513,0.00588694792566,0.0034194324853483,1,0.0138250968110418,0.24733515664188874
2019-03-20,FOMC_statement,https://www.federalreserve.gov/newsevents/pressreleases/monetary20190320a.htm,XLP,0.0009778001195589,0.0211727994628999,0.0240500014444097,5,0.0240500014444097,1.0
2019-03-20,FOMC_statement,https://www.federalreserve.gov/newsevents/pressreleases/monetary20190320a.htm,XLRE,0.0030824925585533,0.0226423396601138,0.0232289331220727,5,0.0232289331220727,1.0
2019-03-20,FOMC_statement,https://www.federalreserve.gov/newsevents/pressreleases/monetary20190320a.htm,XLU,0.0116326834217215,0.027407483252976,0.0254029469149239,3,0.027407483252976,0.9268617143883708
2019-03-20,FOMC_statement,https://www.federalreserve.gov/newsevents/pressreleases/monetary20190320a.htm,XLV,-0.0077006589196337,-0.0061338550471125,-0.0098476930633516,5,-0.0098476930633516,1.0
2019-03-20,FOMC_statement,https://www.federalreserve.gov/newsevents/pressreleases/monetary20190320a.htm,XLY,-0.0047674283219218,0.0084793535133927,0.0084886621716649,5,0.0084886621716649,1.0
2019-04-17,Beige_Book,https://www.federalreserve.gov/monetarypolicy/beigebook201904.htm,XLB,-0.0038396433325531,-0.0128284628568701,-0.0168494362593774,4,-0.0168494362593774,1.0
2019-04-17,Beige_Book,https://www.federalreserve.gov/monetarypolicy/beigebook201904.htm,XLC,-0.0003659393689863,0.0066328115071485,0.0042545196196902,3,0.0066328115071485,0.6414353272522368
2019-04-17,Beige_Book,https://www.federalreserve.gov/monetarypolicy/beigebook201904.htm,XLE,-0.0058965798495793,0.0029677297854342,-0.0123310280512418,4,-0.0123310280512418,1.0
2019-04-17,Beige_Book,https://www.federalreserve.gov/monetarypolicy/beigebook201904.htm,XLF,-0.0134347180444274,-0.011430525746885,-0.0103050062733547,3,-0.011430525746885,0.9015338840527941
2019-04-17,Beige_Book,https://www.federalreserve.gov/monetarypolicy/beigebook201904.htm,XLI,-0.0054607304398892,0.0053184400716731,0.0046169579828273,1,0.0095267824448435,0.48462930790723485
2019-04-17,Beige_Book,https://www.federalreserve.gov/monetarypolicy/beigebook201904.htm,XLK,-0.0044240041611329,0.0042228344269508,0.0068225685713145,4,0.0068225685713145,1.0
2019-04-17,Beige_Book,https://www.federalreserve.gov/monetarypolicy/beigebook201904.htm,XLP,0.0004778219923875,-0.0137550416499535,-0.0094198396982826,3,-0.0137550416499535,0.6848281479623469
2019-04-17,Beige_Book,https://www.federalreserve.gov/monetarypolicy/beigebook201904.htm,XLRE,0.0242294617087985,-0.0034732414984003,0.0057800810266998,1,0.0059738432970271,0.9675648890181423
2019-04-17,Beige_Book,https://www.federalreserve.gov/monetarypolicy/beigebook201904.htm,XLU,0.013026197335174,-0.0093761579015462,-0.000710892319702,3,-0.0093761579015462,0.07581914971640659
2019-04-17,Beige_Book,https://www.federalreserve.gov/monetarypolicy/beigebook201904.htm,XLV,0.0211718031333301,0.0062108303127172,0.0072848171210202,4,0.0072848171210202,1.0
2019-04-17,Beige_Book,https://www.federalreserve.gov/monetarypolicy/beigebook201904.htm,XLY,-0.0037309673405376,-0.0039799784232231,-0.0008460010543246,2,-0.0069391009666556,0.12191796291621657
2019-05-01,FOMC_statement,https://www.federalreserve.gov/newsevents/pressreleases/monetary20190501a.htm,XLB,-0.008092443611424,-0.0131472405541617,-0.013513832375922,4,-0.0139919180809301,0.9658312961637694
2019-05-01,FOMC_statement,https://www.federalreserve.gov/newsevents/pressreleases/monetary20190501a.htm,XLC,0.0229628544546817,0.0005495496486276,0.0008149294105821,4,0.00105175189999,0.7748304620032999
2019-05-01,FOMC_statement,https://www.federalreserve.gov/newsevents/pressreleases/monetary20190501a.htm,XLE,0.0012659294964869,-0.0107528944635282,-0.0013722095962314,2,-0.0158018045142483,0.08683879078456483
2019-05-01,FOMC_statement,https://www.federalreserve.gov/newsevents/pressreleases/monetary20190501a.htm,XLF,-0.000918935974784,-0.0002164329240722,-0.000815625605971,5,-0.000815625605971,1.0
2019-05-01,FOMC_statement,https://www.federalreserve.gov/newsevents/pressreleases/monetary20190501a.htm,XLI,-0.0034797956660514,-0.0014605698092627,-0.0035912264865689,4,-0.004980324754655,0.7210827934889706
2019-05-01,FOMC_statement,https://www.federalreserve.gov/newsevents/pressreleases/monetary20190501a.htm,XLK,-0.0011441688562587,-0.0069975335037343,-0.0115602461041474,4,-0.0117735989579275,0.9818787055222021
2019-05-01,FOMC_statement,https://www.federalreserve.gov/newsevents/pressreleases/monetary20190501a.htm,XLP,-0.0110584038180723,0.0021145628842847,0.010082629923979,5,0.010082629923979,1.0
2019-05-01,FOMC_statement,https://www.federalreserve.gov/newsevents/pressreleases/monetary20190501a.htm,XLRE,-0.0109999770155038,0.001227970852596,0.0021893966056939,1,0.0041016423281325,0.5337853548753345
2019-05-01,FOMC_statement,https://www.federalreserve.gov/newsevents/pressreleases/monetary20190501a.htm,XLU,-0.0159369109703642,-0.0057204934600227,-0.0044045113027251,3,-0.0057204934600227,0.7699530352592383
2019-05-01,FOMC_statement,https://www.federalreserve.gov/newsevents/pressreleases/monetary20190501a.htm,XLV,-0.00410383990659,0.0134530289199924,0.0144779685868883,5,0.0144779685868883,1.0
2019-05-01,FOMC_statement,https://www.federalreserve.gov/newsevents/pressreleases/monetary20190501a.htm,XLY,0.0020072114401836,0.0029613788579033,0.0062270779653682,5,0.0062270779653682,1.0
2019-06-05,Beige_Book,https://www.federalreserve.gov/monetarypolicy/beigebook201906.htm,XLB,-0.0064131771926825,0.0014735650311439,0.0060861722992072,5,0.0060861722992072,1.0
2019-06-05,Beige_Book,https://www.federalreserve.gov/monetarypolicy/beigebook201906.htm,XLC,0.0002202107087865,-0.0014126041399334,-1.6350065929371382e-05,1,-0.0022118249623197,0.007392115654678159
2019-06-05,Beige_Book,https://www.federalreserve.gov/monetarypolicy/beigebook201906.htm,XLE,0.0044015572440119,0.0049671000712412,-0.0052030688213919,5,-0.0052030688213919,1.0
2019-06-05,Beige_Book,https://www.federalreserve.gov/monetarypolicy/beigebook201906.htm,XLF,-0.005413324062337,-0.0103952505810389,-0.017890563165423,5,-0.017890563165423,1.0
2019-06-05,Beige_Book,https://www.federalreserve.gov/monetarypolicy/beigebook201906.htm,XLI,-0.0021421916505328,-0.0100573188393129,-0.0144942884721309,4,-0.0183881229458856,0.7882418730169543
2019-06-05,Beige_Book,https://www.federalreserve.gov/monetarypolicy/beigebook201906.htm,XLK,-0.0117070706695336,0.0193526220629922,0.0157734671928304,4,0.0195948629498688,0.8049797149990281
2019-06-05,Beige_Book,https://www.federalreserve.gov/monetarypolicy/beigebook201906.htm,XLP,0.0126495975727889,-0.0006739708931811,0.0061025000047435,5,0.0061025000047435,1.0
2019-06-05,Beige_Book,https://www.federalreserve.gov/monetarypolicy/beigebook201906.htm,XLRE,0.0271695918323974,-0.0194756977401088,-0.0118452841488323,3,-0.0194756977401088,0.6082084609701961
2019-06-05,Beige_Book,https://www.federalreserve.gov/monetarypolicy/beigebook201906.htm,XLU,0.0208564146549377,-0.0292095218510266,-0.0202505994449377,4,-0.0350027995411852,0.5785422797713743
2019-06-05,Beige_Book,https://www.federalreserve.gov/monetarypolicy/beigebook201906.htm,XLV,0.005133239621085,-0.0025628318016017,0.0026301506600785,5,0.0026301506600785,1.0
2019-06-05,Beige_Book,https://www.federalreserve.gov/monetarypolicy/beigebook201906.htm,XLY,-0.0053819309595275,0.0069305226044422,0.0125360182288258,5,0.0125360182288258,1.0
2019-06-19,FOMC_statement,https://www.federalreserve.gov/newsevents/pressreleases/monetary20190619a.htm,XLB,0.0026233210538249,0.0064603767075135,0.016057501157452,4,0.0167866838801279,0.9565618362814882
2019-06-19,FOMC_statement,https://www.federalreserve.gov/newsevents/pressreleases/monetary20190619a.htm,XLC,0.0049234713878314,0.0061078096600014,-0.0055744526560964,5,-0.0055744526560964,1.0
2019-06-19,FOMC_statement,https://www.federalreserve.gov/newsevents/pressreleases/monetary20190619a.htm,XLE,-0.0033453702073369,0.0135331067955963,0.0317632283893816,5,0.0317632283893816,1.0
2019-06-19,FOMC_statement,https://www.federalreserve.gov/newsevents/pressreleases/monetary20190619a.htm,XLF,-0.0028670409818007,-0.0087575920915995,-0.0031224877456016,3,-0.0087575920915995,0.3565463786097971
2019-06-19,FOMC_statement,https://www.federalreserve.gov/newsevents/pressreleases/monetary20190619a.htm,XLI,-0.0089562325482139,0.002569505440389,0.0083242446029084,5,0.0083242446029084,1.0
2019-06-19,FOMC_statement,https://www.federalreserve.gov/newsevents/pressreleases/monetary20190619a.htm,XLK,-0.0076486617229543,0.0049605694588793,0.0081890907050902,5,0.0081890907050902,1.0
2019-06-19,FOMC_statement,https://www.federalreserve.gov/newsevents/pressreleases/monetary20190619a.htm,XLP,0.0159022908447599,0.0012732914044399,-0.0027066147045491,5,-0.0027066147045491,1.0
2019-06-19,FOMC_statement,https://www.federalreserve.gov/newsevents/pressreleases/monetary20190619a.htm,XLRE,0.0133564490852456,-0.0170758030233699,-0.0392643117019145,5,-0.0392643117019145,1.0
2019-06-19,FOMC_statement,https://www.federalreserve.gov/newsevents/pressreleases/monetary20190619a.htm,XLU,0.0145939284921856,0.003729021925002,-0.0132975532968332,5,-0.0132975532968332,1.0
2019-06-19,FOMC_statement,https://www.federalreserve.gov/newsevents/pressreleases/monetary20190619a.htm,XLV,0.0019615832961241,-0.0029059606179554,-0.0087752211695713,5,-0.0087752211695713,1.0
2019-06-19,FOMC_statement,https://www.federalreserve.gov/newsevents/pressreleases/monetary20190619a.htm,XLY,0.0028788714871266,-0.0099251968435511,-0.0054815017985015,3,-0.0099251968435511,0.5522814191905028
2019-07-17,Beige_Book,https://www.federalreserve.gov/monetarypolicy/beigebook201907.htm,XLB,-0.0056224489521928,0.0034078743700796,0.0114831503420957,4,0.0168550541482568,0.6812882498679674
2019-07-17,Beige_Book,https://www.federalreserve.gov/monetarypolicy/beigebook201907.htm,XLC,-0.0008840166681736,-0.0177637315660577,-0.016991069209316,4,-0.0210969647865697,0.8053797966299158
2019-07-17,Beige_Book,https://www.federalreserve.gov/monetarypolicy/beigebook201907.htm,XLE,0.0074222419363361,0.0088605480931601,0.0039786094493433,3,0.0088605480931601,0.44902520786660893
2019-07-17,Beige_Book,https://www.federalreserve.gov/monetarypolicy/beigebook201907.htm,XLF,-0.0007399814328339,0.004848832100923,0.013607653755048,5,0.013607653755048,1.0
2019-07-17,Beige_Book,https://www.federalreserve.gov/monetarypolicy/beigebook201907.htm,XLI,-0.0096301781689923,0.0074851285920723,0.0126112086272532,4,0.0129786115518778,0.9716916618425611
2019-07-17,Beige_Book,https://www.federalreserve.gov/monetarypolicy/beigebook201907.htm,XLK,0.0061093290611632,0.0141032363962785,0.0160526577462667,5,0.0160526577462667,1.0
2019-07-17,Beige_Book,https://www.federalreserve.gov/monetarypolicy/beigebook201907.htm,XLP,-0.0035595043459478,-0.0060258375413154,-0.0173236431807832,5,-0.0173236431807832,1.0
2019-07-17,Beige_Book,https://www.federalreserve.gov/monetarypolicy/beigebook201907.htm,XLRE,-0.001633283478895,-0.0182231158840835,-0.0210870853464475,5,-0.0210870853464475,1.0
2019-07-17,Beige_Book,https://www.federalreserve.gov/monetarypolicy/beigebook201907.htm,XLU,0.0025257711878634,-0.0085172222865164,-0.0258393584207488,5,-0.0258393584207488,1.0
2019-07-17,Beige_Book,https://www.federalreserve.gov/monetarypolicy/beigebook201907.htm,XLV,0.0017396584652451,-0.0073468846813504,-0.0124290435559424,5,-0.0124290435559424,1.0
2019-07-17,Beige_Book,https://www.federalreserve.gov/monetarypolicy/beigebook201907.htm,XLY,-0.0019403710025392,-0.0078759784526742,-0.0078964273958233,4,-0.0082353000497397,0.958851207379249
2019-07-31,FOMC_statement,https://www.federalreserve.gov/newsevents/pressreleases/monetary20190731a.htm,XLB,-0.0090807763753588,0.0100932755579979,0.0105739698084964,5,0.0105739698084964,1.0
2019-07-31,FOMC_statement,https://www.federalreserve.gov/newsevents/pressreleases/monetary20190731a.htm,XLC,0.0022116018850842,-0.0004791433892704,0.0005829008085017,1,0.0039808399629596,0.14642658683227644
2019-07-31,FOMC_statement,https://www.federalreserve.gov/newsevents/pressreleases/monetary20190731a.htm,XLE,-0.0137087285394859,-0.0204989124845561,-0.0438243835205255,5,-0.0438243835205255,1.0
2019-07-31,FOMC_statement,https://www.federalreserve.gov/newsevents/pressreleases/monetary20190731a.htm,XLF,0.0003551616068366,-0.0100404549087309,-0.0218160032486424,5,-0.0218160032486424,1.0
2019-07-31,FOMC_statement,https://www.federalreserve.gov/newsevents/pressreleases/monetary20190731a.htm,XLI,-0.0067938412385364,-0.0072122733310664,-0.007302947178968,1,-0.0106967580919136,0.6827252814559571
2019-07-31,FOMC_statement,https://www.federalreserve.gov/newsevents/pressreleases/monetary20190731a.htm,XLK,0.0039662412807841,-0.0168135233178421,-0.0085600540768524,3,-0.0168135233178421,0.5091172097027802
2019-07-31,FOMC_statement,https://www.federalreserve.gov/newsevents/pressreleases/monetary20190731a.htm,XLP,-0.0054307800458777,0.0169450620587681,0.0230272601719927,5,0.0230272601719927,1.0
2019-07-31,FOMC_statement,https://www.federalreserve.gov/newsevents/pressreleases/monetary20190731a.htm,XLRE,-0.0124035154004011,0.037396555257844,0.0445179808283945,5,0.0445179808283945,1.0
2019-07-31,FOMC_statement,https://www.federalreserve.gov/newsevents/pressreleases/monetary20190731a.htm,XLU,0.0051752595395264,0.0420898196117677,0.0424564159835781,5,0.0424564159835781,1.0
2019-07-31,FOMC_statement,https://www.federalreserve.gov/newsevents/pressreleases/monetary20190731a.htm,XLV,0.0018717900257648,0.0218221910326139,0.0204765537624316,3,0.0218221910326139,0.9383362895058884
2019-07-31,FOMC_statement,https://www.federalreserve.gov/newsevents/pressreleases/monetary20190731a.htm,XLY,0.0042957522439436,-0.0023465363679958,0.0022947543530006,5,0.0022947543530006,1.0
2019-09-04,Beige_Book,https://www.federalreserve.gov/monetarypolicy/beigebook201909.htm,XLB,0.0020899636296035,-0.0139325152650429,-0.0014095441346027,3,-0.0139325152650429,0.10116939459878352
2019-09-04,Beige_Book,https://www.federalreserve.gov/monetarypolicy/beigebook201909.htm,XLC,0.0040453499701383,0.0038627485976877,0.0036598032420142,4,0.0054726764000695,0.6687410280585423
2019-09-04,Beige_Book,https://www.federalreserve.gov/monetarypolicy/beigebook201909.htm,XLE,-0.0009762649944439,0.0235523171807505,0.0294527615712916,4,0.035578640846968,0.8278214364054762
2019-09-04,Beige_Book,https://www.federalreserve.gov/monetarypolicy/beigebook201909.htm,XLF,0.0045534777334069,0.0212571400531241,0.023692139589141,4,0.0250805136426969,0.9446433165869322
2019-09-04,Beige_Book,https://www.federalreserve.gov/monetarypolicy/beigebook201909.htm,XLI,0.0077478031633247,0.0088954406210004,0.0205305764662933,5,0.0205305764662933,1.0
2019-09-04,Beige_Book,https://www.federalreserve.gov/monetarypolicy/beigebook201909.htm,XLK,0.0063491604550466,-0.0015723345033681,-0.0030805259837201,4,-0.0064069117460785,0.4808129260724729
2019-09-04,Beige_Book,https://www.federalreserve.gov/monetarypolicy/beigebook201909.htm,XLP,-0.0116116695153132,-0.0193104469449796,-0.0287749702614705,5,-0.0287749702614705,1.0
2019-09-04,Beige_Book,https://www.federalreserve.gov/monetarypolicy/beigebook201909.htm,XLRE,-0.0201294821334092,-0.0291386890947118,-0.0530113784828002,5,-0.0530113784828002,1.0
2019-09-04,Beige_Book,https://www.federalreserve.gov/monetarypolicy/beigebook201909.htm,XLU,-0.0235850532690689,-0.0338540000255562,-0.0295435812947741,3,-0.0338540000255562,0.872676235377557
2019-09-04,Beige_Book,https://www.federalreserve.gov/monetarypolicy/beigebook201909.htm,XLV,2.253400539498074e-06,-0.0107130213415975,-0.0047908276443091,3,-0.0107130213415975,0.4471966863079826
2019-09-04,Beige_Book,https://www.federalreserve.gov/monetarypolicy/beigebook201909.htm,XLY,-0.0017499780811995,0.01126562436546,0.0022884689836928,3,0.01126562436546,0.20313734147830848
2019-09-18,FOMC_statement,https://www.federalreserve.gov/newsevents/pressreleases/monetary20190918a.htm,XLB,-0.0055479020337421,0.0020053266958595,0.0005457851101716,2,0.0041704739323062,0.1308688458507617
2019-09-18,FOMC_statement,https://www.federalreserve.gov/newsevents/pressreleases/monetary20190918a.htm,XLC,0.0015532712762562,-0.0040335641204778,-0.0056904772303251,4,-0.0112335086590754,0.506562767077038
2019-09-18,FOMC_statement,https://www.federalreserve.gov/newsevents/pressreleases/monetary20190918a.htm,XLE,0.0164715718793861,0.0035864543411685,-0.0086477803216147,5,-0.0086477803216147,1.0
2019-09-18,FOMC_statement,https://www.federalreserve.gov/newsevents/pressreleases/monetary20190918a.htm,XLF,0.0014753124375872,-0.0036283224620097,-0.0030388628243618,2,-0.0056435698618552,0.5384646418398089
2019-09-18,FOMC_statement,https://www.federalreserve.gov/newsevents/pressreleases/monetary20190918a.htm,XLI,0.0030367576194033,-0.0082788299778402,-0.0055375288068415,3,-0.0082788299778402,0.6688781895103182
2019-09-18,FOMC_statement,https://www.federalreserve.gov/newsevents/pressreleases/monetary20190918a.htm,XLK,-0.0015442363319579,-0.0013059130088985,0.0028531159465341,5,0.0028531159465341,1.0
2019-09-18,FOMC_statement,https://www.federalreserve.gov/newsevents/pressreleases/monetary20190918a.htm,XLP,-0.002926894406612,0.005667518405545,0.0123855995710304,4,0.0176426378552903,0.7020265151175492
2019-09-18,FOMC_statement,https://www.federalreserve.gov/newsevents/pressreleases/monetary20190918a.htm,XLRE,-0.0115739236020442,0.0076517646811374,0.0072904498474204,4,0.0142251060433494,0.5125058347687237
2019-09-18,FOMC_statement,https://www.federalreserve.gov/newsevents/pressreleases/monetary20190918a.htm,XLU,-0.0061995987093341,0.0138454657285272,0.0268992754459306,4,0.0334328610074142,0.8045759362312819
2019-09-18,FOMC_statement,https://www.federalreserve.gov/newsevents/pressreleases/monetary20190918a.htm,XLV,0.0009991210243727,0.0099772613616208,-0.0021229421377959,5,-0.0021229421377959,1.0
2019-09-18,FOMC_statement,https://www.federalreserve.gov/newsevents/pressreleases/monetary20190918a.htm,XLY,-0.0035413715269552,-0.0056411139503659,-0.0052671766904656,2,-0.0093645991994932,0.5624561797317127
2019-10-16,Beige_Book,https://www.federalreserve.gov/monetarypolicy/beigebook201910.htm,XLB,0.002875640674846,-0.0076064944122051,-0.0051294449561437,4,-0.0085258133766369,0.6016370203692009
2019-10-16,Beige_Book,https://www.federalreserve.gov/monetarypolicy/beigebook201910.htm,XLC,-0.0072191652872046,-0.0050510323404447,-0.0065945139664259,4,-0.0114676680706361,0.575052741830895
2019-10-16,Beige_Book,https://www.federalreserve.gov/monetarypolicy/beigebook201910.htm,XLE,0.0057525336385473,0.0079992708695493,0.029610151984823,5,0.029610151984823,1.0
2019-10-16,Beige_Book,https://www.federalreserve.gov/monetarypolicy/beigebook201910.htm,XLF,-0.0045452950843791,0.0117327676549225,0.0135056165423651,5,0.0135056165423651,1.0
2019-10-16,Beige_Book,https://www.federalreserve.gov/monetarypolicy/beigebook201910.htm,XLI,0.0018116986536047,-0.0030852508071049,0.0050250242011592,4,0.0080626577992196,0.6232466174672057
2019-10-16,Beige_Book,https://www.federalreserve.gov/monetarypolicy/beigebook201910.htm,XLK,-0.0011396100785217,-0.0061018731939432,-0.0183274835339158,5,-0.0183274835339158,1.0
2019-10-16,Beige_Book,https://www.federalreserve.gov/monetarypolicy/beigebook201910.htm,XLP,0.0141953175863411,0.0045614000311875,0.0098400116177916,5,0.0098400116177916,1.0
2019-10-16,Beige_Book,https://www.federalreserve.gov/monetarypolicy/beigebook201910.htm,XLRE,0.0091370210183268,0.0176474808638573,0.0167657366270943,4,0.0179276906523415,0.935186631241016
2019-10-16,Beige_Book,https://www.federalreserve.gov/monetarypolicy/beigebook201910.htm,XLU,0.0130496621593975,0.00438892294245,0.013001578664366,5,0.013001578664366,1.0
2019-10-16,Beige_Book,https://www.federalreserve.gov/monetarypolicy/beigebook201910.htm,XLV,-0.0083421821989633,-0.0026946310769686,0.0060496475482663,5,0.0060496475482663,1.0
2019-10-16,Beige_Book,https://www.federalreserve.gov/monetarypolicy/beigebook201910.htm,XLY,0.0011059681433784,-0.0011711743010859,-0.0117727455562576,5,-0.0117727455562576,1.0
2019-10-30,FOMC_statement,https://www.federalreserve.gov/newsevents/pressreleases/monetary20191030a.htm,XLB,-0.0064569256137875,5.3833917030510214e-05,0.0019416723796209,4,0.0028412772374107,0.6833801200583918
2019-10-30,FOMC_statement,https://www.federalreserve.gov/newsevents/pressreleases/monetary20191030a.htm,XLC,0.0087599316184776,0.0043683118423893,0.0021246787791441,4,0.0058647300631518,0.3622807454504161
2019-10-30,FOMC_statement,https://www.federalreserve.gov/newsevents/pressreleases/monetary20191030a.htm,XLE,-0.0043522882107945,0.0404184822288213,0.0222087649383206,4,0.042831505653466,0.5185146914517451
2019-10-30,FOMC_statement,https://www.federalreserve.gov/newsevents/pressreleases/monetary20191030a.htm,XLF,-0.0027281383696237,0.0077465223812376,0.0174581494425478,5,0.0174581494425478,1.0
2019-10-30,FOMC_statement,https://www.federalreserve.gov/newsevents/pressreleases/monetary20191030a.htm,XLI,-0.0035958022682313,0.0120446627500918,0.0156324796169526,5,0.0156324796169526,1.0
2019-10-30,FOMC_statement,https://www.federalreserve.gov/newsevents/pressreleases/monetary20191030a.htm,XLK,0.0087542533689619,0.0059329781035499,0.0051652928661339,3,0.0059329781035499,0.8706071008492905
2019-10-30,FOMC_statement,https://www.federalreserve.gov/newsevents/pressreleases/monetary20191030a.htm,XLP,-0.0002967328109061,-0.0218999193148964,-0.0136047716433606,3,-0.0218999193148964,0.6212247382165736
2019-10-30,FOMC_statement,https://www.federalreserve.gov/newsevents/pressreleases/monetary20191030a.htm,XLRE,-0.0028564813917563,-0.0276713273645846,-0.0403931056174654,4,-0.0438378830784212,0.9214200773610927
2019-10-30,FOMC_statement,https://www.federalreserve.gov/newsevents/pressreleases/monetary20191030a.htm,XLU,-0.0012450250382075,-0.0204259063034083,-0.0259887617662817,4,-0.0295933820655149,0.8781950541761951
2019-10-30,FOMC_statement,https://www.federalreserve.gov/newsevents/pressreleases/monetary20191030a.htm,XLV,-0.0144885337956782,-0.0135686277404758,-0.0163670740792539,4,-0.0195466316761893,0.8373347567187971
2019-10-30,FOMC_statement,https://www.federalreserve.gov/newsevents/pressreleases/monetary20191030a.htm,XLY,0.0053850240487539,-0.0088552655482323,-0.0054317162674009,3,-0.0088552655482323,0.6133882985005669
2019-11-27,Beige_Book,https://www.federalreserve.gov/monetarypolicy/beigebook201911.htm,XLB,-0.0027574829788501,-0.0011265187160758,-0.0050962988937157,4,-0.0050962988937157,1.0
2019-11-27,Beige_Book,https://www.federalreserve.gov/monetarypolicy/beigebook201911.htm,XLC,-0.0009907344390975,0.0040636933891629,0.0030889149603148,3,0.0040636933891629,0.760125005629694
2019-11-27,Beige_Book,https://www.federalreserve.gov/monetarypolicy/beigebook201911.htm,XLE,0.0114494403554809,-0.0061182766408725,0.0027078729460954,4,0.0027078729460954,1.0
2019-11-27,Beige_Book,https://www.federalreserve.gov/monetarypolicy/beigebook201911.htm,XLF,0.0032619436515091,-0.0030653789311755,0.0002419770016462,2,0.0042463219358815,0.056985081512894685
2019-11-27,Beige_Book,https://www.federalreserve.gov/monetarypolicy/beigebook201911.htm,XLI,-0.0006520420243361,-0.0130612359112954,-0.0153478477748133,4,-0.0153478477748133,1.0
2019-11-27,Beige_Book,https://www.federalreserve.gov/monetarypolicy/beigebook201911.htm,XLK,0.0013552929500784,-0.0071832213581938,-0.009290529300841,4,-0.009290529300841,1.0
2019-11-27,Beige_Book,https://www.federalreserve.gov/monetarypolicy/beigebook201911.htm,XLP,-0.005881461773405,0.0192364913241013,0.0196744210669775,4,0.0196744210669775,1.0
2019-11-27,Beige_Book,https://www.federalreserve.gov/monetarypolicy/beigebook201911.htm,XLRE,-0.0116265517397198,0.0048456701992696,0.0039032035666735,3,0.0048456701992696,0.8055033475579579
2019-11-27,Beige_Book,https://www.federalreserve.gov/monetarypolicy/beigebook201911.htm,XLU,-0.0010788246552775,0.0141710865825603,0.0156420941600023,4,0.0156420941600023,1.0
2019-11-27,Beige_Book,https://www.federalreserve.gov/monetarypolicy/beigebook201911.htm,XLV,0.00307030292939,0.0087613750942758,0.0118992014160701,4,0.0118992014160701,1.0
2019-11-27,Beige_Book,https://www.federalreserve.gov/monetarypolicy/beigebook201911.htm,XLY,-0.0045730534535555,-0.0058745158140703,-0.0064724264611909,4,-0.0064724264611909,1.0
2019-12-11,FOMC_statement,https://www.federalreserve.gov/newsevents/pressreleases/monetary20191211a.htm,XLB,0.0048868297560438,-0.005518744670498,-0.005633796683904,5,-0.005633796683904,1.0
2019-12-11,FOMC_statement,https://www.federalreserve.gov/newsevents/pressreleases/monetary20191211a.htm,XLC,0.0023096073800225,-0.0073321030160145,-0.0017672617110653,2,-0.0103556700892457,0.1706564322573959
2019-12-11,FOMC_statement,https://www.federalreserve.gov/newsevents/pressreleases/monetary20191211a.htm,XLE,-0.0031266939327805,0.0082079131781909,0.0123412284593054,5,0.0123412284593054,1.0
2019-12-11,FOMC_statement,https://www.federalreserve.gov/newsevents/pressreleases/monetary20191211a.htm,XLF,-0.0014449603339055,0.00344175609284,0.0028518918458606,1,0.0108980892143855,0.261687327912135
2019-12-11,FOMC_statement,https://www.federalreserve.gov/newsevents/pressreleases/monetary20191211a.htm,XLI,0.0001227980281538,-0.010396600318925,-0.0158252337603463,5,-0.0158252337603463,1.0
2019-12-11,FOMC_statement,https://www.federalreserve.gov/newsevents/pressreleases/monetary20191211a.htm,XLK,-0.0019170289806269,0.0101752589285943,0.007456435249561,3,0.0101752589285943,0.7328005411839773
2019-12-11,FOMC_statement,https://www.federalreserve.gov/newsevents/pressreleases/monetary20191211a.htm,XLP,0.0020739237575577,-0.0098653870111127,-0.01332442107813,5,-0.01332442107813,1.0
2019-12-11,FOMC_statement,https://www.federalreserve.gov/newsevents/pressreleases/monetary20191211a.htm,XLRE,0.005885219101982,-0.0194097586741551,-0.0163704955616518,4,-0.0304525399786205,0.53757406026377
2019-12-11,FOMC_statement,https://www.federalreserve.gov/newsevents/pressreleases/monetary20191211a.htm,XLU,-0.0009561299383862,-0.0001043227061587,0.0069261302426151,5,0.0069261302426151,1.0
2019-12-11,FOMC_statement,https://www.federalreserve.gov/newsevents/pressreleases/monetary20191211a.htm,XLV,-0.0033215031058091,0.0033218826332859,0.003335627871589,5,0.003335627871589,1.0
2019-12-11,FOMC_statement,https://www.federalreserve.gov/newsevents/pressreleases/monetary20191211a.htm,XLY,0.000607865591484,-0.0020383825929566,0.0030912482621472,5,0.0030912482621472,1.0
2020-01-15,Beige_Book,https://www.federalreserve.gov/monetarypolicy/beigebook202001.htm,XLB,0.0026177808770402,-0.0098826857664688,-0.0139715302489605,4,-0.0139715302489605,1.0
2020-01-15,Beige_Book,https://www.federalreserve.gov/monetarypolicy/beigebook202001.htm,XLC,0.0009895151350938,0.0051733139824543,0.0045227807001505,3,0.0051733139824543,0.8742521168229621
2020-01-15,Beige_Book,https://www.federalreserve.gov/monetarypolicy/beigebook202001.htm,XLE,-0.0016917770538857,-0.0321054977989702,-0.0418715640506295,4,-0.0418715640506295,1.0
2020-01-15,Beige_Book,https://www.federalreserve.gov/monetarypolicy/beigebook202001.htm,XLF,0.0004169641994531,-0.0061398330624335,-0.0033354396347002,3,-0.0061398330624335,0.5432459809221931
2020-01-15,Beige_Book,https://www.federalreserve.gov/monetarypolicy/beigebook202001.htm,XLI,-0.0016448859573316,-0.0104403439622099,-0.0158317157225089,4,-0.0158317157225089,1.0
2020-01-15,Beige_Book,https://www.federalreserve.gov/monetarypolicy/beigebook202001.htm,XLK,0.0031855009139766,0.0102999324777247,0.0137842846562535,4,0.0137842846562535,1.0
2020-01-15,Beige_Book,https://www.federalreserve.gov/monetarypolicy/beigebook202001.htm,XLP,-0.0018418361546814,-0.0016235228024861,-0.0009637477505837,2,-0.0070288166433745,0.13711379873483362
2020-01-15,Beige_Book,https://www.federalreserve.gov/monetarypolicy/beigebook202001.htm,XLRE,0.0033333098576838,0.0108262446942704,0.0027032361535207,3,0.0108262446942704,0.24969287410909344
2020-01-15,Beige_Book,https://www.federalreserve.gov/monetarypolicy/beigebook202001.htm,XLU,-0.0044571721299762,0.0128253508495439,0.0158216665540205,4,0.0158216665540205,1.0
2020-01-15,Beige_Book,https://www.federalreserve.gov/monetarypolicy/beigebook202001.htm,XLV,-0.0075770093881786,-0.0032254808526659,-0.002103410170213,2,-0.0062363081328806,0.3372845159979961
2020-01-15,Beige_Book,https://www.federalreserve.gov/monetarypolicy/beigebook202001.htm,XLY,-0.0012093357876322,-5.25449805411915e-05,-0.0006435308991691,4,-0.0006435308991691,1.0
2020-01-29,FOMC_statement,https://www.federalreserve.gov/newsevents/pressreleases/monetary20200129a.htm,XLB,-0.0008124823989572,0.0001803628869352,0.0096036417456659,5,0.0096036417456659,1.0
2020-01-29,FOMC_statement,https://www.federalreserve.gov/newsevents/pressreleases/monetary20200129a.htm,XLC,-0.0010132019160782,-0.0070008405455689,-0.0217079648903338,5,-0.0217079648903338,1.0
2020-01-29,FOMC_statement,https://www.federalreserve.gov/newsevents/pressreleases/monetary20200129a.htm,XLE,0.0059374384870234,-0.0287559453455867,-0.0143456536181842,4,-0.0403942530689322,0.3551409551676461
2020-01-29,FOMC_statement,https://www.federalreserve.gov/newsevents/pressreleases/monetary20200129a.htm,XLF,-0.0012187814055739,0.0061526485641125,0.0090021981470123,1,0.0093294642517363,0.964921232785356
2020-01-29,FOMC_statement,https://www.federalreserve.gov/newsevents/pressreleases/monetary20200129a.htm,XLI,0.0040131170299837,-0.0149247951269738,-0.0061386248595495,3,-0.0149247951269738,0.41130379394321287
2020-01-29,FOMC_statement,https://www.federalreserve.gov/newsevents/pressreleases/monetary20200129a.htm,XLK,-0.0086568169641805,0.0019015762547357,0.0071573627105286,4,0.0128541267419656,0.5568143876442069
2020-01-29,FOMC_statement,https://www.federalreserve.gov/newsevents/pressreleases/monetary20200129a.htm,XLP,0.0092169950015683,0.0080927686693851,-0.0046577122101137,5,-0.0046577122101137,1.0
2020-01-29,FOMC_statement,https://www.federalreserve.gov/newsevents/pressreleases/monetary20200129a.htm,XLRE,0.0079680597821252,-0.003551488231233,-0.0181073021357411,5,-0.0181073021357411,1.0
2020-01-29,FOMC_statement,https://www.federalreserve.gov/newsevents/pressreleases/monetary20200129a.htm,XLU,0.0063731119503953,0.0155214701776462,-0.0171512983947528,5,-0.0171512983947528,1.0
2020-01-29,FOMC_statement,https://www.federalreserve.gov/newsevents/pressreleases/monetary20200129a.htm,XLV,0.0055614142902844,-0.0106684663860261,-0.0006108549011603,2,-0.0123180162751488,0.049590363213976266
2020-01-29,FOMC_statement,https://www.federalreserve.gov/newsevents/pressreleases/monetary20200129a.htm,XLY,0.0007266686501532,0.0154682755428646,0.0119610471028251,4,0.0184512791213359,0.6482502933357122
2020-04-15,Beige_Book,https://www.federalreserve.gov/monetarypolicy/beigebook202004.htm,XLB,0.0165679222891399,-0.004505789672226,-0.0013599281708553,1,-0.0105858061301792,0.1284671336440089
2020-04-15,Beige_Book,https://www.federalreserve.gov/monetarypolicy/beigebook202004.htm,XLC,-9.53590071774979e-05,-0.005707058574129,-0.0021116195210652,2,-0.0142361667795716,0.1483278156094167
2020-04-15,Beige_Book,https://www.federalreserve.gov/monetarypolicy/beigebook202004.htm,XLE,0.0342269618346453,0.0180469996448053,0.044173662969325,5,0.044173662969325,1.0
2020-04-15,Beige_Book,https://www.federalreserve.gov/monetarypolicy/beigebook202004.htm,XLF,0.0250548823495837,0.0034639912460219,-0.0098370893152822,1,-0.022376590383936,0.4396152026067465
2020-04-15,Beige_Book,https://www.federalreserve.gov/monetarypolicy/beigebook202004.htm,XLI,0.0104285418371496,-0.0027709886190263,-0.0077050115666719,1,-0.013704494667212,0.5622251497609859
2020-04-15,Beige_Book,https://www.federalreserve.gov/monetarypolicy/beigebook202004.htm,XLK,-0.0124322377512642,-0.0047803570242825,-8.503027934203544e-06,4,-0.0163161587356799,0.0005211415304270892
2020-04-15,Beige_Book,https://www.federalreserve.gov/monetarypolicy/beigebook202004.htm,XLP,-0.0129681597565427,-0.0120320311026221,-0.0154611456187379,5,-0.0154611456187379,1.0
2020-04-15,Beige_Book,https://www.federalreserve.gov/monetarypolicy/beigebook202004.htm,XLRE,-0.0038399977091612,-0.0255351137777238,-0.014704976575159,3,-0.0255351137777238,0.575872764976174
2020-04-15,Beige_Book,https://www.federalreserve.gov/monetarypolicy/beigebook202004.htm,XLU,0.0001214476441706,-0.0196528176408019,0.001187046148058,5,0.001187046148058,1.0
2020-04-15,Beige_Book,https://www.federalreserve.gov/monetarypolicy/beigebook202004.htm,XLV,-0.0036983551304201,0.0204421757914183,0.0134715877147493,3,0.0204421757914183,0.6590094837363017
2020-04-15,Beige_Book,https://www.federalreserve.gov/monetarypolicy/beigebook202004.htm,XLY,-0.0096069310402266,0.0098654284602746,0.013636803552365,4,0.0142736625242685,0.9553822313774973
2020-04-29,FOMC_statement,https://www.federalreserve.gov/newsevents/pressreleases/monetary20200429a.htm,XLB,-0.0231571317966458,-0.0141765905361381,-0.031308010748321,5,-0.031308010748321,1.0
2020-04-29,FOMC_statement,https://www.federalreserve.gov/newsevents/pressreleases/monetary20200429a.htm,XLC,0.013542565286106,0.020596299864483,0.0205565547035703,3,0.020596299864483,0.9980702766431733
2020-04-29,FOMC_statement,https://www.federalreserve.gov/newsevents/pressreleases/monetary20200429a.htm,XLE,-0.0274994341058657,-0.0110956620911075,-0.0388789024628122,2,-0.0429258865439152,0.905721595826268
2020-04-29,FOMC_statement,https://www.federalreserve.gov/newsevents/pressreleases/monetary20200429a.htm,XLF,-0.015274612765224,-0.0333073709567665,-0.0605400677930648,5,-0.0605400677930648,1.0
2020-04-29,FOMC_statement,https://www.federalreserve.gov/newsevents/pressreleases/monetary20200429a.htm,XLI,-0.0232991092764763,-0.02971853580498,-0.0420473272554903,5,-0.0420473272554903,1.0
2020-04-29,FOMC_statement,https://www.federalreserve.gov/newsevents/pressreleases/monetary20200429a.htm,XLK,0.0087137383710029,0.0143748975405197,0.0334546518744611,5,0.0334546518744611,1.0
2020-04-29,FOMC_statement,https://www.federalreserve.gov/newsevents/pressreleases/monetary20200429a.htm,XLP,-0.0102035169251674,0.0096472344453746,-0.0028751612944167,5,-0.0028751612944167,1.0
2020-04-29,FOMC_statement,https://www.federalreserve.gov/newsevents/pressreleases/monetary20200429a.htm,XLRE,-0.0054798541078929,-0.0052685993716927,-0.0197844657157021,5,-0.0197844657157021,1.0
2020-04-29,FOMC_statement,https://www.federalreserve.gov/newsevents/pressreleases/monetary20200429a.htm,XLU,-0.0083318299055278,-0.0065923458152779,-0.0348854561337524,5,-0.0348854561337524,1.0
2020-04-29,FOMC_statement,https://www.federalreserve.gov/newsevents/pressreleases/monetary20200429a.htm,XLV,0.0155824387013858,0.0088718543204452,0.0181824923579949,4,0.0213137131274397,0.8530889127238179
2020-04-29,FOMC_statement,https://www.federalreserve.gov/newsevents/pressreleases/monetary20200429a.htm,XLY,-0.0085340086236599,-0.0051542094222062,-0.0041586058681925,4,-0.0107605167677337,0.38646897337332564
2020-05-27,Beige_Book,https://www.federalreserve.gov/monetarypolicy/beigebook202005.htm,XLB,-0.0150746430875503,0.0096652424966877,0.028862824613106,5,0.028862824613106,1.0
2020-05-27,Beige_Book,https://www.federalreserve.gov/monetarypolicy/beigebook202005.htm,XLC,0.0095272229514149,0.0008192865041989,-0.0136438319372438,5,-0.0136438319372438,1.0
2020-05-27,Beige_Book,https://www.federalreserve.gov/monetarypolicy/beigebook202005.htm,XLE,-0.0154865434016719,-0.0216893554516479,0.0139664102526764,5,0.0139664102526764,1.0
2020-05-27,Beige_Book,https://www.federalreserve.gov/monetarypolicy/beigebook202005.htm,XLF,-0.0396873310081953,-0.0223146040032353,0.0014057249665828,5,0.0014057249665828,1.0
2020-05-27,Beige_Book,https://www.federalreserve.gov/monetarypolicy/beigebook202005.htm,XLI,-0.0296596188486171,-0.0200600272593652,0.010337020979119,5,0.010337020979119,1.0
2020-05-27,Beige_Book,https://www.federalreserve.gov/monetarypolicy/beigebook202005.htm,XLK,0.0133567525337934,0.0036913076121879,-0.0007151902751071,5,-0.0007151902751071,1.0
2020-05-27,Beige_Book,https://www.federalreserve.gov/monetarypolicy/beigebook202005.htm,XLP,0.0069259975262927,0.0101497470917714,-0.0074181660173912,5,-0.0074181660173912,1.0
2020-05-27,Beige_Book,https://www.federalreserve.gov/monetarypolicy/beigebook202005.htm,XLRE,-0.0194844444296742,0.0188397903579387,0.0276558143293983,5,0.0276558143293983,1.0
2020-05-27,Beige_Book,https://www.federalreserve.gov/monetarypolicy/beigebook202005.htm,XLU,0.0057693081191954,0.0425583300268669,0.0394352350069203,3,0.0425583300268669,0.9266161285469846
2020-05-27,Beige_Book,https://www.federalreserve.gov/monetarypolicy/beigebook202005.htm,XLV,0.0141271914507726,0.0085692072999171,-0.0091842473145056,5,-0.0091842473145056,1.0
2020-05-27,Beige_Book,https://www.federalreserve.gov/monetarypolicy/beigebook202005.htm,XLY,-0.0035173444290292,-0.0056490644728949,0.000199623830143,5,0.000199623830143,1.0
2020-06-10,FOMC_statement,https://www.federalreserve.gov/newsevents/pressreleases/monetary20200610a.htm,XLB,0.0047282380702229,-0.0109283353304074,-0.0134441179302614,1,-0.0196025933156025,0.685833640162329
2020-06-10,FOMC_statement,https://www.federalreserve.gov/newsevents/pressreleases/monetary20200610a.htm,XLC,-0.0049811529211077,0.0151210898706958,0.009472858212967,3,0.0151210898706958,0.6264666299831406
2020-06-10,FOMC_statement,https://www.federalreserve.gov/newsevents/pressreleases/monetary20200610a.htm,XLE,0.0301020438377788,-0.029633724764334,-0.0500060535687852,5,-0.0500060535687852,1.0
2020-06-10,FOMC_statement,https://www.federalreserve.gov/newsevents/pressreleases/monetary20200610a.htm,XLF,0.0138595015644797,-0.0013288456932941,-0.0157719659802821,1,-0.0241293602680939,0.6536421108991137
2020-06-10,FOMC_statement,https://www.federalreserve.gov/newsevents/pressreleases/monetary20200610a.htm,XLI,0.0174485211500349,-0.0046153003468564,-0.0073383160995768,1,-0.0125887889397217,0.5829247066349679
2020-06-10,FOMC_statement,https://www.federalreserve.gov/newsevents/pressreleases/monetary20200610a.htm,XLK,-0.0121662813488333,0.0015920251066467,0.0076240799913136,5,0.0076240799913136,1.0
2020-06-10,FOMC_statement,https://www.federalreserve.gov/newsevents/pressreleases/monetary20200610a.htm,XLP,0.0007304916848984,0.010123688424927,0.0091712320560612,1,0.0197351835968487,0.46471480800035003
2020-06-10,FOMC_statement,https://www.federalreserve.gov/newsevents/pressreleases/monetary20200610a.htm,XLRE,0.0041649799724958,0.018820388832044,0.0086459181138187,3,0.018820388832044,0.45939104611366866
2020-06-10,FOMC_statement,https://www.federalreserve.gov/newsevents/pressreleases/monetary20200610a.htm,XLU,0.0125972391842993,0.0015592373571571,-0.0119972061614982,4,-0.0131178248165393,0.9145728296639398
2020-06-10,FOMC_statement,https://www.federalreserve.gov/newsevents/pressreleases/monetary20200610a.htm,XLV,0.0029356846581301,-0.0105212311796774,-0.0019758250136853,3,-0.0105212311796774,0.18779408796774316
2020-06-10,FOMC_statement,https://www.federalreserve.gov/newsevents/pressreleases/monetary20200610a.htm,XLY,0.0003481750179511,0.0033639000766653,0.0066609180174213,5,0.0066609180174213,1.0
2020-07-15,Beige_Book,https://www.federalreserve.gov/monetarypolicy/beigebook202007.htm,XLB,-0.0122178821368432,-0.0046356300584357,0.0078947883424195,2,0.0121117052116228,0.6518312825879709
2020-07-15,Beige_Book,https://www.federalreserve.gov/monetarypolicy/beigebook202007.htm,XLC,0.003054492790143,0.0038131729181435,-0.0077881294784505,5,-0.0077881294784505,1.0
2020-07-15,Beige_Book,https://www.federalreserve.gov/monetarypolicy/beigebook202007.htm,XLE,-0.0221188006156383,-0.0428359373007211,-0.002518853988082,3,-0.0428359373007211,0.05880235491052504
2020-07-15,Beige_Book,https://www.federalreserve.gov/monetarypolicy/beigebook202007.htm,XLF,0.0078655029197012,-0.0205617298339972,-0.0086667074701025,3,-0.0205617298339972,0.4214970014717722
2020-07-15,Beige_Book,https://www.federalreserve.gov/monetarypolicy/beigebook202007.htm,XLI,-0.0087129348024181,-0.0136217438755871,-0.0001751053279838,3,-0.0136217438755871,0.012854839261632566
2020-07-15,Beige_Book,https://www.federalreserve.gov/monetarypolicy/beigebook202007.htm,XLK,0.0014317631429729,0.0104027384269586,0.0005641238596769,3,0.0104027384269586,0.05422839991967675
2020-07-15,Beige_Book,https://www.federalreserve.gov/monetarypolicy/beigebook202007.htm,XLP,-0.0016589841430314,-0.0102400977616933,-0.0013995577067308,3,-0.0102400977616933,0.13667425246332507
2020-07-15,Beige_Book,https://www.federalreserve.gov/monetarypolicy/beigebook202007.htm,XLRE,0.0030892306418111,-0.0149442709312143,-0.0103721159447324,4,-0.0167838476845786,0.6179820110178041
2020-07-15,Beige_Book,https://www.federalreserve.gov/monetarypolicy/beigebook202007.htm,XLU,0.003621219403378,0.0145081657144299,0.0266451204597686,2,0.0357102732232665,0.7461472023240742
2020-07-15,Beige_Book,https://www.federalreserve.gov/monetarypolicy/beigebook202007.htm,XLV,-0.0068867629090565,0.004188534566165,0.0046867825436479,2,0.0124587418876566,0.3761842556744267
2020-07-15,Beige_Book,https://www.federalreserve.gov/monetarypolicy/beigebook202007.htm,XLY,0.0030061138186954,0.0009468442483102,0.0032621180793028,5,0.0032621180793028,1.0
2020-07-29,FOMC_statement,https://www.federalreserve.gov/newsevents/pressreleases/monetary20200729a.htm,XLB,0.0156266267164384,-0.0352769140550186,-0.0165675266177898,3,-0.0352769140550186,0.4696421742545492
2020-07-29,FOMC_statement,https://www.federalreserve.gov/newsevents/pressreleases/monetary20200729a.htm,XLC,0.0039652793240972,0.0063268683810788,0.0010752670259246,2,0.0124187498892023,0.08658415988065833
2020-07-29,FOMC_statement,https://www.federalreserve.gov/newsevents/pressreleases/monetary20200729a.htm,XLE,0.0107017710470279,-0.05165231735147,-0.0268608294146663,3,-0.05165231735147,0.5200314485774346
2020-07-29,FOMC_statement,https://www.federalreserve.gov/newsevents/pressreleases/monetary20200729a.htm,XLF,-0.003849946852953,-0.0259456087331326,-0.0264187029234851,4,-0.0339575365535279,0.7779923282079312
2020-07-29,FOMC_statement,https://www.federalreserve.gov/newsevents/pressreleases/monetary20200729a.htm,XLI,0.0005890188287874,-0.0208912667927407,-0.0093551138325054,4,-0.0222552121682828,0.4203560838587698
2020-07-29,FOMC_statement,https://www.federalreserve.gov/newsevents/pressreleases/monetary20200729a.htm,XLK,0.0053550505068201,0.0439122115151036,0.0401038555988124,3,0.0439122115151036,0.9132734201969921
2020-07-29,FOMC_statement,https://www.federalreserve.gov/newsevents/pressreleases/monetary20200729a.htm,XLP,-0.0100260030870387,-0.0149532978018341,-0.0146067195086693,3,-0.0149532978018341,0.9768226181436519
2020-07-29,FOMC_statement,https://www.federalreserve.gov/newsevents/pressreleases/monetary20200729a.htm,XLRE,-0.0265071357796689,-0.0365802693883337,-0.0392564767318959,5,-0.0392564767318959,1.0
2020-07-29,FOMC_statement,https://www.federalreserve.gov/newsevents/pressreleases/monetary20200729a.htm,XLU,-0.0214561232148371,-0.0204893686208634,-0.0324170369732381,5,-0.0324170369732381,1.0
2020-07-29,FOMC_statement,https://www.federalreserve.gov/newsevents/pressreleases/monetary20200729a.htm,XLV,-0.0052092099127306,-0.0136281890866432,-0.023493989202019,5,-0.023493989202019,1.0
2020-07-29,FOMC_statement,https://www.federalreserve.gov/newsevents/pressreleases/monetary20200729a.htm,XLY,0.0035565998643672,-0.0089998100523944,0.0011631691649887,1,0.0027615498651089,0.4212015794771213
2020-09-02,Beige_Book,https://www.federalreserve.gov/monetarypolicy/beigebook202009.htm,XLB,-0.0186814421402989,0.0241148862296756,0.0301465235586047,4,0.0301465235586047,1.0
2020-09-02,Beige_Book,https://www.federalreserve.gov/monetarypolicy/beigebook202009.htm,XLC,0.0011981138850438,-0.0086830119594997,-0.0164605115003978,4,-0.0164605115003978,1.0
2020-09-02,Beige_Book,https://www.federalreserve.gov/monetarypolicy/beigebook202009.htm,XLE,0.0161504658226486,0.0229580857933647,0.0100560926132645,2,0.032056265810217,0.31370131108843674
2020-09-02,Beige_Book,https://www.federalreserve.gov/monetarypolicy/beigebook202009.htm,XLF,0.0066248204285697,0.0364696481171904,0.0268685061536835,3,0.0364696481171904,0.7367360953784118
2020-09-02,Beige_Book,https://www.federalreserve.gov/monetarypolicy/beigebook202009.htm,XLI,-0.0007349167623555,0.0254286623603807,0.0211301618533443,3,0.0254286623603807,0.8309584497164229
2020-09-02,Beige_Book,https://www.federalreserve.gov/monetarypolicy/beigebook202009.htm,XLK,-0.0096829033077372,-0.0462417098508438,-0.0333590813151094,3,-0.0462417098508438,0.7214067434511331
2020-09-02,Beige_Book,https://www.federalreserve.gov/monetarypolicy/beigebook202009.htm,XLP,0.0083507925141115,0.0293577644832974,0.0241052298736006,3,0.0293577644832974,0.821085334590611
2020-09-02,Beige_Book,https://www.federalreserve.gov/monetarypolicy/beigebook202009.htm,XLRE,0.0110737406578498,0.0368821666919545,0.0280316960124922,3,0.0368821666919545,0.7600338734602339
2020-09-02,Beige_Book,https://www.federalreserve.gov/monetarypolicy/beigebook202009.htm,XLU,0.0208950800477302,0.0473895656461648,0.0408534227386571,3,0.0473895656461648,0.8620763280189156
2020-09-02,Beige_Book,https://www.federalreserve.gov/monetarypolicy/beigebook202009.htm,XLV,0.0183782241027252,0.0190717379696455,0.0170234117456481,3,0.0190717379696455,0.8925988692138331
2020-09-02,Beige_Book,https://www.federalreserve.gov/monetarypolicy/beigebook202009.htm,XLY,-0.0010423935338508,0.0134964830829493,0.0126157427948034,3,0.0134964830829493,0.9347429783942323
2020-09-16,FOMC_statement,https://www.federalreserve.gov/newsevents/pressreleases/monetary20200916a.htm,XLB,0.000204367539514,-0.0120417628172889,-0.0265068916617895,5,-0.0265068916617895,1.0
2020-09-16,FOMC_statement,https://www.federalreserve.gov/newsevents/pressreleases/monetary20200916a.htm,XLC,-0.0127780037534552,-0.0082473986243204,0.0002145174978387,4,0.0009018037714544,0.23787602650267597
2020-09-16,FOMC_statement,https://www.federalreserve.gov/newsevents/pressreleases/monetary20200916a.htm,XLE,0.0123537247081474,-0.0114145126899023,-0.0539262910798379,5,-0.0539262910798379,1.0
2020-09-16,FOMC_statement,https://www.federalreserve.gov/newsevents/pressreleases/monetary20200916a.htm,XLF,0.01862537895539,-0.0060440659756738,-0.0237298681487853,4,-0.024586287239796,0.9651667987664084
2020-09-16,FOMC_statement,https://www.federalreserve.gov/newsevents/pressreleases/monetary20200916a.htm,XLI,0.0044166529624352,-0.0109160510389184,-0.0059050333921257,4,-0.0112153392133903,0.5265140251019353
2020-09-16,FOMC_statement,https://www.federalreserve.gov/newsevents/pressreleases/monetary20200916a.htm,XLK,-0.004832324758444,0.0142305002256739,0.0118997192089013,4,0.0198768740264878,0.5986715613855482
2020-09-16,FOMC_statement,https://www.federalreserve.gov/newsevents/pressreleases/monetary20200916a.htm,XLP,0.0064355971278983,0.0082920697008018,0.012155788586682,5,0.012155788586682,1.0
2020-09-16,FOMC_statement,https://www.federalreserve.gov/newsevents/pressreleases/monetary20200916a.htm,XLRE,-0.0081271919087568,-0.0372259398340708,-0.0410093842402033,5,-0.0410093842402033,1.0
2020-09-16,FOMC_statement,https://www.federalreserve.gov/newsevents/pressreleases/monetary20200916a.htm,XLU,-0.0016430067206376,-0.0005688940777854,0.0033414775041707,5,0.0033414775041707,1.0
2020-09-16,FOMC_statement,https://www.federalreserve.gov/newsevents/pressreleases/monetary20200916a.htm,XLV,0.0037325046162,0.0081498148000267,0.0087286140983813,2,0.0154935532756601,0.5633707092932444
2020-09-16,FOMC_statement,https://www.federalreserve.gov/newsevents/pressreleases/monetary20200916a.htm,XLY,-0.0031445324776311,-0.0109728069548808,0.0067616838914728,5,0.0067616838914728,1.0
2020-10-21,Beige_Book,https://www.federalreserve.gov/monetarypolicy/beigebook202010.htm,XLB,0.0017154667512639,-0.0062468044652207,-0.0063393103643039,4,-0.0122787592788654,0.5162826487864558
2020-10-21,Beige_Book,https://www.federalreserve.gov/monetarypolicy/beigebook202010.htm,XLC,-0.0031982700599582,0.0036723659202745,0.0084641896336771,4,0.0135392661655452,0.6251586703581334
2020-10-21,Beige_Book,https://www.federalreserve.gov/monetarypolicy/beigebook202010.htm,XLE,-0.0078386643757211,0.0100754018895147,-0.00710700203987,5,-0.00710700203987,1.0
2020-10-21,Beige_Book,https://www.federalreserve.gov/monetarypolicy/beigebook202010.htm,XLF,-0.0041206541328622,0.0100574154075546,0.0038625036551025,1,0.0143686405363359,0.2688148294429714
2020-10-21,Beige_Book,https://www.federalreserve.gov/monetarypolicy/beigebook202010.htm,XLI,-0.0012056845153827,-0.0032217442567608,-0.0202673853300228,4,-0.0216343347373482,0.9368157410929959
2020-10-21,Beige_Book,https://www.federalreserve.gov/monetarypolicy/beigebook202010.htm,XLK,0.0005575187535753,-0.0178966632876023,-0.0176860322921711,3,-0.0178966632876023,0.988230711387574
2020-10-21,Beige_Book,https://www.federalreserve.gov/monetarypolicy/beigebook202010.htm,XLP,0.0050774044126068,-0.0018678204675319,0.0039233915881661,5,0.0039233915881661,1.0
2020-10-21,Beige_Book,https://www.federalreserve.gov/monetarypolicy/beigebook202010.htm,XLRE,-0.0027473643328799,-0.0029849117147051,-0.0003006488494388,1,-0.0124978366737533,0.024056071245529435
2020-10-21,Beige_Book,https://www.federalreserve.gov/monetarypolicy/beigebook202010.htm,XLU,-0.001982511518106,0.0262135632500694,0.0340014588986501,5,0.0340014588986501,1.0
2020-10-21,Beige_Book,https://www.federalreserve.gov/monetarypolicy/beigebook202010.htm,XLV,0.0026877810644343,0.017313179811272,0.0163619963524866,3,0.017313179811272,0.9450601524876373
2020-10-21,Beige_Book,https://www.federalreserve.gov/monetarypolicy/beigebook202010.htm,XLY,-0.0040093503792779,0.0012001198349002,0.0067560682619749,5,0.0067560682619749,1.0
2020-11-05,FOMC_statement,https://www.federalreserve.gov/newsevents/pressreleases/monetary20201105a.htm,XLB,0.0393929137395977,0.0259288847352177,-0.007791963498773,5,-0.007791963498773,1.0
2020-11-05,FOMC_statement,https://www.federalreserve.gov/newsevents/pressreleases/monetary20201105a.htm,XLC,-0.0207817352223973,-0.0248639493254262,-0.0192049117557741,3,-0.0248639493254262,0.7723998912809441
2020-11-05,FOMC_statement,https://www.federalreserve.gov/newsevents/pressreleases/monetary20201105a.htm,XLE,0.0209947554783753,0.142609482509759,0.1023592423564394,3,0.142609482509759,0.7177590196320556
2020-11-05,FOMC_statement,https://www.federalreserve.gov/newsevents/pressreleases/monetary20201105a.htm,XLF,0.0340192875725237,0.0684949958894232,0.0500736220701913,3,0.0684949958894232,0.7310551876085816
2020-11-05,FOMC_statement,https://www.federalreserve.gov/newsevents/pressreleases/monetary20201105a.htm,XLI,0.0326955891617437,0.0417641531246333,0.0241947328658738,3,0.0417641531246333,0.5793181725407304
2020-11-05,FOMC_statement,https://www.federalreserve.gov/newsevents/pressreleases/monetary20201105a.htm,XLK,-0.0165546014884971,-0.0332008457538893,-0.0161119715827733,3,-0.0332008457538893,0.48528798640275217
2020-11-05,FOMC_statement,https://www.federalreserve.gov/newsevents/pressreleases/monetary20201105a.htm,XLP,0.0218824835683566,0.0111656221430255,0.0193503991422214,5,0.0193503991422214,1.0
2020-11-05,FOMC_statement,https://www.federalreserve.gov/newsevents/pressreleases/monetary20201105a.htm,XLRE,0.0195355426612622,0.017066823926921,0.0166972302089785,4,0.0172528488931261,0.9677955398792737
2020-11-05,FOMC_statement,https://www.federalreserve.gov/newsevents/pressreleases/monetary20201105a.htm,XLU,0.0373485910967851,0.0198975988448215,0.0098551691264062,3,0.0198975988448215,0.49529439221612825
2020-11-05,FOMC_statement,https://www.federalreserve.gov/newsevents/pressreleases/monetary20201105a.htm,XLV,-0.0220318595768442,0.0017479297368896,-0.0009271483557712,4,-0.0069385850924655,0.13362210644040032
2020-11-05,FOMC_statement,https://www.federalreserve.gov/newsevents/pressreleases/monetary20201105a.htm,XLY,0.0010795455332368,-0.0206927503386551,-0.0230488760945205,5,-0.0230488760945205,1.0
2020-12-02,Beige_Book,https://www.federalreserve.gov/monetarypolicy/beigebook202012.htm,XLB,-4.957273362471426e-05,0.0004279137488256,0.012637764963476,5,0.012637764963476,1.0
2020-12-02,Beige_Book,https://www.federalreserve.gov/monetarypolicy/beigebook202012.htm,XLC,-0.0074108784038582,-0.0035852253458308,-0.010913427873219,2,-0.0119111511671744,0.9162361991756938
2020-12-02,Beige_Book,https://www.federalreserve.gov/monetarypolicy/beigebook202012.htm,XLE,0.0063130341149235,0.0353216324327483,0.0584684318367313,5,0.0584684318367313,1.0
2020-12-02,Beige_Book,https://www.federalreserve.gov/monetarypolicy/beigebook202012.htm,XLF,-0.0044852829921264,-0.0006168222154153,0.0026452241097895,2,0.0042293523416054,0.6254442515388566
2020-12-02,Beige_Book,https://www.federalreserve.gov/monetarypolicy/beigebook202012.htm,XLI,0.013436925102558,0.0034158099636424,0.016543825596323,5,0.016543825596323,1.0
2020-12-02,Beige_Book,https://www.federalreserve.gov/monetarypolicy/beigebook202012.htm,XLK,-0.0018582400530309,0.0059424740342468,-0.0039338364703854,5,-0.0039338364703854,1.0
2020-12-02,Beige_Book,https://www.federalreserve.gov/monetarypolicy/beigebook202012.htm,XLP,0.0021197954996607,0.0001536180665766,0.007702348841828,5,0.007702348841828,1.0
2020-12-02,Beige_Book,https://www.federalreserve.gov/monetarypolicy/beigebook202012.htm,XLRE,-0.0016653098509906,0.0044823563614494,-0.0033162404673079,5,-0.0033162404673079,1.0
2020-12-02,Beige_Book,https://www.federalreserve.gov/monetarypolicy/beigebook202012.htm,XLU,0.0039359203954567,-0.0210363239264386,-0.019779401150976,2,-0.0286995132345248,0.6891894294284363
2020-12-02,Beige_Book,https://www.federalreserve.gov/monetarypolicy/beigebook202012.htm,XLV,0.0025541587025394,-0.0029899503571796,0.0071917795504674,5,0.0071917795504674,1.0
2020-12-02,Beige_Book,https://www.federalreserve.gov/monetarypolicy/beigebook202012.htm,XLY,0.0034980202701087,-0.0048235175288398,-0.0018268887663522,4,-0.0098429065537659,0.18560460331234493
2020-12-16,FOMC_statement,https://www.federalreserve.gov/newsevents/pressreleases/monetary20201216a.htm,XLB,-0.0046232770448209,0.0126633339326901,0.0087011627753651,2,0.0143901938273623,0.6046591783093452
2020-12-16,FOMC_statement,https://www.federalreserve.gov/newsevents/pressreleases/monetary20201216a.htm,XLC,0.0052779781921754,-0.0082089071447145,-0.0109814156987515,4,-0.0158564142948769,0.6925535303589742
2020-12-16,FOMC_statement,https://www.federalreserve.gov/newsevents/pressreleases/monetary20201216a.htm,XLE,-0.0061378715408522,-0.0387536768662097,-0.032612517091428,4,-0.0538527362078918,0.6055870024046954
2020-12-16,FOMC_statement,https://www.federalreserve.gov/newsevents/pressreleases/monetary20201216a.htm,XLF,-0.0035443764114291,0.0095493237158656,0.0171127486394895,5,0.0171127486394895,1.0
2020-12-16,FOMC_statement,https://www.federalreserve.gov/newsevents/pressreleases/monetary20201216a.htm,XLI,-0.0004044075451437,0.0021701349257796,0.0035495048140222,2,0.0046301331323531,0.7666096659769891
2020-12-16,FOMC_statement,https://www.federalreserve.gov/newsevents/pressreleases/monetary20201216a.htm,XLK,-0.0031537760813782,0.0073904631556461,0.0092576903196832,4,0.0177423114496776,0.5217860336822925
2020-12-16,FOMC_statement,https://www.federalreserve.gov/newsevents/pressreleases/monetary20201216a.htm,XLP,0.0111335832482062,-0.0002022509091937,-0.0031440108074038,4,-0.0055699195765586,0.564462514079304
2020-12-16,FOMC_statement,https://www.federalreserve.gov/newsevents/pressreleases/monetary20201216a.htm,XLRE,-0.0039755707456163,-0.0125570804527519,-0.0142287993619263,5,-0.0142287993619263,1.0
2020-12-16,FOMC_statement,https://www.federalreserve.gov/newsevents/pressreleases/monetary20201216a.htm,XLU,-0.0061836331241815,-0.0119979412276415,-0.0151485417034719,5,-0.0151485417034719,1.0
2020-12-16,FOMC_statement,https://www.federalreserve.gov/newsevents/pressreleases/monetary20201216a.htm,XLV,0.0026930571629717,0.0035106363571713,0.0019653854188993,2,0.0099404645975281,0.19771564996952287
2020-12-16,FOMC_statement,https://www.federalreserve.gov/newsevents/pressreleases/monetary20201216a.htm,XLY,3.963682131247204e-05,-0.0073452859814689,-0.0087027855314337,4,-0.0099667298221725,0.8731836506767782
2021-01-13,Beige_Book,https://www.federalreserve.gov/monetarypolicy/beigebook202101.htm,XLB,-0.0124668971879673,-0.0112578909027731,-0.0217898948037411,4,-0.0217898948037411,1.0
2021-01-13,Beige_Book,https://www.federalreserve.gov/monetarypolicy/beigebook202101.htm,XLC,0.016352554225741,0.0185894671442933,0.0361938095041155,4,0.0361938095041155,1.0
2021-01-13,Beige_Book,https://www.federalreserve.gov/monetarypolicy/beigebook202101.htm,XLE,-0.0347302943899083,0.0137955482442033,0.0036259447316207,1,0.0331317774865733,0.10944009065285193
2021-01-13,Beige_Book,https://www.federalreserve.gov/monetarypolicy/beigebook202101.htm,XLF,-0.0101048564336958,-0.0065306134010675,-0.0245601963468652,4,-0.0245601963468652,1.0
2021-01-13,Beige_Book,https://www.federalreserve.gov/monetarypolicy/beigebook202101.htm,XLI,-0.0097239552818486,-0.0033364498976642,-0.0110037028357434,4,-0.0110037028357434,1.0
2021-01-13,Beige_Book,https://www.federalreserve.gov/monetarypolicy/beigebook202101.htm,XLK,0.0049923646493227,-0.0030604018976757,0.0029335148531884,4,0.0029335148531884,1.0
2021-01-13,Beige_Book,https://www.federalreserve.gov/monetarypolicy/beigebook202101.htm,XLP,0.0035280869029064,-0.0102544459570215,-0.0222565783446333,4,-0.0222565783446333,1.0
2021-01-13,Beige_Book,https://www.federalreserve.gov/monetarypolicy/beigebook202101.htm,XLRE,-0.0006441575492188,0.0178906294111665,0.0248275776076766,2,0.0323468953244989,0.7675412851406695
2021-01-13,Beige_Book,https://www.federalreserve.gov/monetarypolicy/beigebook202101.htm,XLU,0.0055552770006839,0.0050789522533212,-0.0028633512286422,4,-0.0028633512286422,1.0
2021-01-13,Beige_Book,https://www.federalreserve.gov/monetarypolicy/beigebook202101.htm,XLV,0.0110639357382574,0.0103902543467618,0.0020668511510811,2,0.0107188414127924,0.1928241189028524
2021-01-13,Beige_Book,https://www.federalreserve.gov/monetarypolicy/beigebook202101.htm,XLY,-0.0150626815300467,-0.0054712523896741,-0.0004183563348986,3,-0.0054712523896741,0.07646445550349026
2021-01-27,FOMC_statement,https://www.federalreserve.gov/newsevents/pressreleases/monetary20210127a.htm,XLB,0.0122250086466317,0.0043168583872886,0.0044762883650227,2,0.0092127834267466,0.4858779543245439
2021-01-27,FOMC_statement,https://www.federalreserve.gov/newsevents/pressreleases/monetary20210127a.htm,XLC,-0.0151368325450058,-0.0016372258630678,0.0121461484893011,5,0.0121461484893011,1.0
2021-01-27,FOMC_statement,https://www.federalreserve.gov/newsevents/pressreleases/monetary20210127a.htm,XLE,0.0198129491252313,-0.019607118004713,0.0190426847124285,5,0.0190426847124285,1.0
2021-01-27,FOMC_statement,https://www.federalreserve.gov/newsevents/pressreleases/monetary20210127a.htm,XLF,0.0064073015342482,0.0065481098714811,0.0214877596940933,5,0.0214877596940933,1.0
2021-01-27,FOMC_statement,https://www.federalreserve.gov/newsevents/pressreleases/monetary20210127a.htm,XLI,0.007653138812196,-0.0015520337983919,0.005456662536308,1,0.0062765995548172,0.8693660458424641
2021-01-27,FOMC_statement,https://www.federalreserve.gov/newsevents/pressreleases/monetary20210127a.htm,XLK,-0.0022332713435742,0.0003795389964439,-0.0044366610032785,2,-0.0080273918807084,0.5526902223299672
2021-01-27,FOMC_statement,https://www.federalreserve.gov/newsevents/pressreleases/monetary20210127a.htm,XLP,-0.0105383186269232,-0.0210845059160501,-0.0277595874307038,4,-0.0285217328270027,0.9732784329436904
2021-01-27,FOMC_statement,https://www.federalreserve.gov/newsevents/pressreleases/monetary20210127a.htm,XLRE,-0.0117899099111746,0.009554247397714,-0.0050893815519749,1,-0.0059008572104881,0.8624817328114813
2021-01-27,FOMC_statement,https://www.federalreserve.gov/newsevents/pressreleases/monetary20210127a.htm,XLU,0.0084234659712015,0.0061440188315047,-0.0037926443786541,5,-0.0037926443786541,1.0
2021-01-27,FOMC_statement,https://www.federalreserve.gov/newsevents/pressreleases/monetary20210127a.htm,XLV,0.0021568172280844,0.004757259345608,-0.014392597061418,5,-0.014392597061418,1.0
2021-01-27,FOMC_statement,https://www.federalreserve.gov/newsevents/pressreleases/monetary20210127a.htm,XLY,-0.0009163479150692,0.0005750137384359,0.0012885425300716,4,0.0076714205473227,0.1679666135004549
2021-03-03,Beige_Book,https://www.federalreserve.gov/monetarypolicy/beigebook202103.htm,XLB,-0.0133729365168819,0.0158782021178052,0.0180728849616682,5,0.0180728849616682,1.0
2021-03-03,Beige_Book,https://www.federalreserve.gov/monetarypolicy/beigebook202103.htm,XLC,-0.0004463858003868,0.0072239870664073,0.0021462411585743,2,0.0156022992901992,0.13755928652916505
2021-03-03,Beige_Book,https://www.federalreserve.gov/monetarypolicy/beigebook202103.htm,XLE,-0.0023380395938558,0.0621388757836972,0.0494320241276274,3,0.0621388757836972,0.7955088260640277
2021-03-03,Beige_Book,https://www.federalreserve.gov/monetarypolicy/beigebook202103.htm,XLF,-0.0042020162511812,0.0194009028844246,0.0102142555295396,3,0.0194009028844246,0.5264835142151962
2021-03-03,Beige_Book,https://www.federalreserve.gov/monetarypolicy/beigebook202103.htm,XLI,-0.0048979347146503,0.0171535011067394,0.0073032493613107,3,0.0171535011067394,0.42575852683749454
2021-03-03,Beige_Book,https://www.federalreserve.gov/monetarypolicy/beigebook202103.htm,XLK,0.008060241030272,-0.0284525622884987,-0.018937263841125,3,-0.0284525622884987,0.6655732320030788
2021-03-03,Beige_Book,https://www.federalreserve.gov/monetarypolicy/beigebook202103.htm,XLP,-0.0060830308679159,0.0217815971945882,0.013448793645798,3,0.0217815971945882,0.6174383598067571
2021-03-03,Beige_Book,https://www.federalreserve.gov/monetarypolicy/beigebook202103.htm,XLRE,-0.0016501470395713,0.0080165356865392,0.0087422928662482,5,0.0087422928662482,1.0
2021-03-03,Beige_Book,https://www.federalreserve.gov/monetarypolicy/beigebook202103.htm,XLU,-0.0047858866590845,0.028530235956339,0.0280961326790667,3,0.028530235956339,0.9847844484028585
2021-03-03,Beige_Book,https://www.federalreserve.gov/monetarypolicy/beigebook202103.htm,XLV,-0.0049108362421657,0.0030708417749493,-0.0092841929826709,5,-0.0092841929826709,1.0
2021-03-03,Beige_Book,https://www.federalreserve.gov/monetarypolicy/beigebook202103.htm,XLY,0.0037165350668789,-0.014646369236813,0.0077136467528542,4,0.0088443810277558,0.8721522431752903
2021-03-17,FOMC_statement,https://www.federalreserve.gov/newsevents/pressreleases/monetary20210317a.htm,XLB,0.0069894088575985,-0.0015236790048165,-0.0021867015782495,4,-0.014497179733442,0.15083634323752163
2021-03-17,FOMC_statement,https://www.federalreserve.gov/newsevents/pressreleases/monetary20210317a.htm,XLC,-0.0117641434588893,0.0089442608598991,-0.0106946684952876,5,-0.0106946684952876,1.0
2021-03-17,FOMC_statement,https://www.federalreserve.gov/newsevents/pressreleases/monetary20210317a.htm,XLE,0.0272504252694913,-0.0459100095905641,-0.0224942314159922,4,-0.0526664358565696,0.4271075315833485
2021-03-17,FOMC_statement,https://www.federalreserve.gov/newsevents/pressreleases/monetary20210317a.htm,XLF,0.0091519466001352,-0.0107978212122227,-0.0082004336899678,4,-0.0169031576447686,0.48514211736679697
2021-03-17,FOMC_statement,https://www.federalreserve.gov/newsevents/pressreleases/monetary20210317a.htm,XLI,0.0129832582756908,-0.0006838252415817,0.0020984529530019,1,0.0136248134525979,0.15401700436506008
2021-03-17,FOMC_statement,https://www.federalreserve.gov/newsevents/pressreleases/monetary20210317a.htm,XLK,-0.008791008870524,-0.0026703871314444,-0.0080671575870571,2,-0.0143489981038393,0.5622105131436741
2021-03-17,FOMC_statement,https://www.federalreserve.gov/newsevents/pressreleases/monetary20210317a.htm,XLP,-0.002465439470707,0.0183838442913034,0.0316541252196012,5,0.0316541252196012,1.0
2021-03-17,FOMC_statement,https://www.federalreserve.gov/newsevents/pressreleases/monetary20210317a.htm,XLRE,-0.0012613841913091,-0.0001769679068208,0.0114983484775215,5,0.0114983484775215,1.0
2021-03-17,FOMC_statement,https://www.federalreserve.gov/newsevents/pressreleases/monetary20210317a.htm,XLU,-0.0025272018373612,0.0060199546396836,0.0342170735794012,5,0.0342170735794012,1.0
2021-03-17,FOMC_statement,https://www.federalreserve.gov/newsevents/pressreleases/monetary20210317a.htm,XLV,-0.0006548837372102,0.0186050265781876,0.0203088253288038,5,0.0203088253288038,1.0
2021-03-17,FOMC_statement,https://www.federalreserve.gov/newsevents/pressreleases/monetary20210317a.htm,XLY,0.0090931177168068,-0.0034863781235855,-0.0147026481637584,5,-0.0147026481637584,1.0
2021-04-14,Beige_Book,https://www.federalreserve.gov/monetarypolicy/beigebook202104.htm,XLB,0.0053287695538187,0.0101221111639681,0.0165420767485181,5,0.0165420767485181,1.0
2021-04-14,Beige_Book,https://www.federalreserve.gov/monetarypolicy/beigebook202104.htm,XLC,0.0016583445698226,-0.0026416716530518,-0.0084374636619957,5,-0.0084374636619957,1.0
2021-04-14,Beige_Book,https://www.federalreserve.gov/monetarypolicy/beigebook202104.htm,XLE,0.0019177071143681,-0.0263299764711217,-0.0421970762739443,4,-0.0454817268767449,0.9277808731470998
2021-04-14,Beige_Book,https://www.federalreserve.gov/monetarypolicy/beigebook202104.htm,XLF,0.012312177298975,-0.0057370696427073,-0.0127174475497731,4,-0.0171120510666804,0.743186629131547
2021-04-14,Beige_Book,https://www.federalreserve.gov/monetarypolicy/beigebook202104.htm,XLI,0.0078211331913587,-0.0071651843100245,-0.0066730397803448,4,-0.0108640827407556,0.6142294696736347
2021-04-14,Beige_Book,https://www.federalreserve.gov/monetarypolicy/beigebook202104.htm,XLK,-0.0064627908087457,-0.0005118450439505,-0.0014368324073014,4,-0.0020561429175237,0.6987998718648595
2021-04-14,Beige_Book,https://www.federalreserve.gov/monetarypolicy/beigebook202104.htm,XLP,0.0083038864954708,0.0007105301620392,0.0090403471779133,4,0.0134970691651105,0.6698007595072798
2021-04-14,Beige_Book,https://www.federalreserve.gov/monetarypolicy/beigebook202104.htm,XLRE,-0.0029507170843827,0.0143991143476304,0.0278599143495034,4,0.0327973062467671,0.8494573956740613
2021-04-14,Beige_Book,https://www.federalreserve.gov/monetarypolicy/beigebook202104.htm,XLU,-0.0089044525389399,0.0049397064640968,0.0070934199517693,4,0.0249729625810481,0.28404399072589304
2021-04-14,Beige_Book,https://www.federalreserve.gov/monetarypolicy/beigebook202104.htm,XLV,-0.0011865051602739,0.0156625457350542,0.0291951545467902,5,0.0291951545467902,1.0
2021-04-14,Beige_Book,https://www.federalreserve.gov/monetarypolicy/beigebook202104.htm,XLY,-0.0075945176732437,-0.0055043883549801,-0.0069150412673764,4,-0.0107773934492512,0.6416246469926221
2021-04-28,FOMC_statement,https://www.federalreserve.gov/newsevents/pressreleases/monetary20210428a.htm,XLB,0.0024225391454858,0.0086037362117923,0.0380522749074314,5,0.0380522749074314,1.0
2021-04-28,FOMC_statement,https://www.federalreserve.gov/newsevents/pressreleases/monetary20210428a.htm,XLC,0.0038313848646004,0.0068016945780587,0.0016925983461735,1,0.0212893376790874,0.0795045093317368
2021-04-28,FOMC_statement,https://www.federalreserve.gov/newsevents/pressreleases/monetary20210428a.htm,XLE,-0.0123338869393171,0.0114906412746349,0.050234509511051,5,0.050234509511051,1.0
2021-04-28,FOMC_statement,https://www.federalreserve.gov/newsevents/pressreleases/monetary20210428a.htm,XLF,-0.0080981027792793,0.0120645108013857,0.0340467488100633,5,0.0340467488100633,1.0
2021-04-28,FOMC_statement,https://www.federalreserve.gov/newsevents/pressreleases/monetary20210428a.htm,XLI,-0.0085108234474217,0.0087809846349289,0.0199742791700641,5,0.0199742791700641,1.0
2021-04-28,FOMC_statement,https://www.federalreserve.gov/newsevents/pressreleases/monetary20210428a.htm,XLK,0.0022246821097346,-0.0192246601030057,-0.0337257263316851,5,-0.0337257263316851,1.0
2021-04-28,FOMC_statement,https://www.federalreserve.gov/newsevents/pressreleases/monetary20210428a.htm,XLP,0.0005111419042604,0.0177077190628717,0.0177159669843455,4,0.0187452358592439,0.9450917084945168
2021-04-28,FOMC_statement,https://www.federalreserve.gov/newsevents/pressreleases/monetary20210428a.htm,XLRE,-0.0002154062030711,0.0066023641168091,-0.0083171408792946,5,-0.0083171408792946,1.0
2021-04-28,FOMC_statement,https://www.federalreserve.gov/newsevents/pressreleases/monetary20210428a.htm,XLU,0.007488230680074,0.0148920759616938,0.0001487962573436,4,0.0173139056365854,0.00859403189937595
2021-04-28,FOMC_statement,https://www.federalreserve.gov/newsevents/pressreleases/monetary20210428a.htm,XLV,0.0055448013786787,0.0024456864667727,0.0111528157829143,5,0.0111528157829143,1.0
2021-04-28,FOMC_statement,https://www.federalreserve.gov/newsevents/pressreleases/monetary20210428a.htm,XLY,0.0009606009681653,-0.0025578819424176,-0.010268004603493,5,-0.010268004603493,1.0
2021-06-02,Beige_Book,https://www.federalreserve.gov/monetarypolicy/beigebook202106.htm,XLB,-0.0148623206576129,-0.0146979714092603,-0.0193924362167661,5,-0.0193924362167661,1.0
2021-06-02,Beige_Book,https://www.federalreserve.gov/monetarypolicy/beigebook202106.htm,XLC,-0.0015151230964999,0.0083159544156309,0.0056973590783911,3,0.0083159544156309,0.685111869743079
2021-06-02,Beige_Book,https://www.federalreserve.gov/monetarypolicy/beigebook202106.htm,XLE,-0.0393791335997105,0.0006275692706475,0.0043024125906606,4,0.0090616283993792,0.4747946396649141
2021-06-02,Beige_Book,https://www.federalreserve.gov/monetarypolicy/beigebook202106.htm,XLF,-0.0069352576650144,-0.0060055049127145,-0.0167874280918985,5,-0.0167874280918985,1.0
2021-06-02,Beige_Book,https://www.federalreserve.gov/monetarypolicy/beigebook202106.htm,XLI,-0.0047809383642342,-0.0103418615147055,-0.016684221741793,5,-0.016684221741793,1.0
2021-06-02,Beige_Book,https://www.federalreserve.gov/monetarypolicy/beigebook202106.htm,XLK,0.004032686532614,0.005235300805147,0.0072996270619763,5,0.0072996270619763,1.0
2021-06-02,Beige_Book,https://www.federalreserve.gov/monetarypolicy/beigebook202106.htm,XLP,0.0025083900819942,0.0035773366454594,-0.0083496327030698,5,-0.0083496327030698,1.0
2021-06-02,Beige_Book,https://www.federalreserve.gov/monetarypolicy/beigebook202106.htm,XLRE,-0.0179867215864834,0.0038420530114563,0.0115624628144229,5,0.0115624628144229,1.0
2021-06-02,Beige_Book,https://www.federalreserve.gov/monetarypolicy/beigebook202106.htm,XLU,0.0052578662101419,0.0018342501562504,0.0034945605855907,1,0.0097017507927796,0.36019896410774443
2021-06-02,Beige_Book,https://www.federalreserve.gov/monetarypolicy/beigebook202106.htm,XLV,0.0155432831826964,0.0053935572228441,0.0132312110481059,5,0.0132312110481059,1.0
2021-06-02,Beige_Book,https://www.federalreserve.gov/monetarypolicy/beigebook202106.htm,XLY,0.0010282153483357,-0.0083296264762451,-0.0044917861588346,2,-0.0092996014373566,0.4830084589207282
2021-06-16,FOMC_statement,https://www.federalreserve.gov/newsevents/pressreleases/monetary20210616a.htm,XLB,0.0002818009560171,-0.0182166777618062,-0.0247689326374088,5,-0.0247689326374088,1.0
2021-06-16,FOMC_statement,https://www.federalreserve.gov/newsevents/pressreleases/monetary20210616a.htm,XLC,0.003891417795675,0.0016787054094797,0.005122329659842,2,0.0062928316658521,0.8139943878744126
2021-06-16,FOMC_statement,https://www.federalreserve.gov/newsevents/pressreleases/monetary20210616a.htm,XLE,-0.0208766159628265,-0.0215099268577044,-0.0162366881861419,2,-0.0498085785398793,0.32598176181924116
2021-06-16,FOMC_statement,https://www.federalreserve.gov/newsevents/pressreleases/monetary20210616a.htm,XLF,-0.0037178583207998,-0.0308243107928621,-0.0313480970774922,2,-0.0398475526268605,0.7867006882716562
2021-06-16,FOMC_statement,https://www.federalreserve.gov/newsevents/pressreleases/monetary20210616a.htm,XLI,-0.0061045680425076,-0.00689440127733,-0.0122153821308617,1,-0.0150830955990043,0.8098723535020285
2021-06-16,FOMC_statement,https://www.federalreserve.gov/newsevents/pressreleases/monetary20210616a.htm,XLK,0.0043018007352082,0.0126561842384133,0.0164781442792948,5,0.0164781442792948,1.0
2021-06-16,FOMC_statement,https://www.federalreserve.gov/newsevents/pressreleases/monetary20210616a.htm,XLP,0.0005633279684454,-0.0031468462608513,-0.0120517031489475,5,-0.0120517031489475,1.0
2021-06-16,FOMC_statement,https://www.federalreserve.gov/newsevents/pressreleases/monetary20210616a.htm,XLRE,0.0073559495890437,0.0073967540328788,-0.0043268736408317,5,-0.0043268736408317,1.0
2021-06-16,FOMC_statement,https://www.federalreserve.gov/newsevents/pressreleases/monetary20210616a.htm,XLU,-0.0048532749343018,-0.0080229325689292,-0.0288352918796186,5,-0.0288352918796186,1.0
2021-06-16,FOMC_statement,https://www.federalreserve.gov/newsevents/pressreleases/monetary20210616a.htm,XLV,-0.0021549683246046,0.0077443802160984,0.0016082311328089,2,0.0100449409947159,0.16010359181352118
2021-06-16,FOMC_statement,https://www.federalreserve.gov/newsevents/pressreleases/monetary20210616a.htm,XLY,0.0034755348856373,0.0057254499970206,0.0187147589930318,5,0.0187147589930318,1.0
2021-07-14,Beige_Book,https://www.federalreserve.gov/monetarypolicy/beigebook202107.htm,XLB,0.0057203618769698,-0.0103706523002615,-0.010489642282017,4,-0.0133589158438207,0.7852165852866787
2021-07-14,Beige_Book,https://www.federalreserve.gov/monetarypolicy/beigebook202107.htm,XLC,-0.0008548458266109,-0.0025301060636448,-0.0053345100364159,4,-0.0055577301235287,0.9598361053611085
2021-07-14,Beige_Book,https://www.federalreserve.gov/monetarypolicy/beigebook202107.htm,XLE,0.0041714637329692,-0.0516229692437322,-0.0257526074239031,4,-0.0525372571636899,0.49017799584903937
2021-07-14,Beige_Book,https://www.federalreserve.gov/monetarypolicy/beigebook202107.htm,XLF,0.007381580162429,-0.0123015336358927,0.0072828891843468,5,0.0072828891843468,1.0
2021-07-14,Beige_Book,https://www.federalreserve.gov/monetarypolicy/beigebook202107.htm,XLI,0.0062410490648306,-0.0017756783203435,0.0133138184772396,5,0.0133138184772396,1.0
2021-07-14,Beige_Book,https://www.federalreserve.gov/monetarypolicy/beigebook202107.htm,XLK,-0.0075061980871541,-0.0058592112477712,-0.0038050427908856,2,-0.0068543724495632,0.5551263545837926
2021-07-14,Beige_Book,https://www.federalreserve.gov/monetarypolicy/beigebook202107.htm,XLP,-0.0031233919543385,0.0287268967867931,0.0040418128942681,3,0.0287268967867931,0.14069785971891968
2021-07-14,Beige_Book,https://www.federalreserve.gov/monetarypolicy/beigebook202107.htm,XLRE,0.0095470692005241,0.013053255696155,0.0056227729837929,4,0.0167411536528047,0.3358653232867795
2021-07-14,Beige_Book,https://www.federalreserve.gov/monetarypolicy/beigebook202107.htm,XLU,0.0041516872422234,0.0314935265923496,0.0023676488843513,2,0.0325698446183702,0.07269450966357657
2021-07-14,Beige_Book,https://www.federalreserve.gov/monetarypolicy/beigebook202107.htm,XLV,-0.0024782412355772,0.0147632505738239,0.0061457603034253,3,0.0147632505738239,0.4162877458926349
2021-07-14,Beige_Book,https://www.federalreserve.gov/monetarypolicy/beigebook202107.htm,XLY,0.0085647607254046,-0.0031586324443726,0.0020901342095407,5,0.0020901342095407,1.0
2021-07-28,FOMC_statement,https://www.federalreserve.gov/newsevents/pressreleases/monetary20210728a.htm,XLB,-0.0058916819614992,0.0057245462833263,0.003329784893163,2,0.0157664818134959,0.2111939069572736
2021-07-28,FOMC_statement,https://www.federalreserve.gov/newsevents/pressreleases/monetary20210728a.htm,XLC,0.0073573508797514,-0.0136531833598225,-0.0185602032176255,4,-0.0262896828084046,0.7059881000805363
2021-07-28,FOMC_statement,https://www.federalreserve.gov/newsevents/pressreleases/monetary20210728a.htm,XLE,0.0046946048463296,-0.010967855031986,-0.0241241441737717,5,-0.0241241441737717,1.0
2021-07-28,FOMC_statement,https://www.federalreserve.gov/newsevents/pressreleases/monetary20210728a.htm,XLF,-0.0042834988997448,0.0061884922321411,0.0058039626828731,4,0.0092763285512527,0.6256745490207242
2021-07-28,FOMC_statement,https://www.federalreserve.gov/newsevents/pressreleases/monetary20210728a.htm,XLI,0.0009471197531799,0.0018898933627842,-0.0018315744186544,5,-0.0018315744186544,1.0
2021-07-28,FOMC_statement,https://www.federalreserve.gov/newsevents/pressreleases/monetary20210728a.htm,XLK,0.0048962750966626,0.0032173564150704,0.0084273528453231,5,0.0084273528453231,1.0
2021-07-28,FOMC_statement,https://www.federalreserve.gov/newsevents/pressreleases/monetary20210728a.htm,XLP,-0.0066545365304039,0.0052198216068128,-0.0065046102385111,5,-0.0065046102385111,1.0
2021-07-28,FOMC_statement,https://www.federalreserve.gov/newsevents/pressreleases/monetary20210728a.htm,XLRE,-0.0125521539971044,0.0034637946890974,0.0011226232475206,3,0.0034637946890974,0.32410213314725494
2021-07-28,FOMC_statement,https://www.federalreserve.gov/newsevents/pressreleases/monetary20210728a.htm,XLU,-0.0217486333633806,0.0048337461010677,0.0058374595067424,5,0.0058374595067424,1.0
2021-07-28,FOMC_statement,https://www.federalreserve.gov/newsevents/pressreleases/monetary20210728a.htm,XLV,-0.009227239047599,0.0075073922486712,0.0139473981176769,5,0.0139473981176769,1.0
2021-07-28,FOMC_statement,https://www.federalreserve.gov/newsevents/pressreleases/monetary20210728a.htm,XLY,0.0055709443570315,-0.0036311578657478,-0.009151528458947,5,-0.009151528458947,1.0
2021-09-08,Beige_Book,https://www.federalreserve.gov/monetarypolicy/beigebook202109.htm,XLB,0.0029839412078332,0.0094864478247556,0.0061698541761447,2,0.012283668793967,0.5022810594807767
2021-09-08,Beige_Book,https://www.federalreserve.gov/monetarypolicy/beigebook202109.htm,XLC,-0.0059154404704253,0.0006847801150138,-0.0060173450700204,5,-0.0060173450700204,1.0
2021-09-08,Beige_Book,https://www.federalreserve.gov/monetarypolicy/beigebook202109.htm,XLE,0.0023889730907291,0.0399503532782803,0.0599094391035743,5,0.0599094391035743,1.0
2021-09-08,Beige_Book,https://www.federalreserve.gov/monetarypolicy/beigebook202109.htm,XLF,0.0024660351429851,0.0165662363321806,0.0097921577204067,3,0.0165662363321806,0.5910912728792254
2021-09-08,Beige_Book,https://www.federalreserve.gov/monetarypolicy/beigebook202109.htm,XLI,0.0137299891859034,0.0029044303049529,-0.001093770855056,4,-0.0037308731606489,0.29316752619533265
2021-09-08,Beige_Book,https://www.federalreserve.gov/monetarypolicy/beigebook202109.htm,XLK,-0.0038264665414109,-0.003715377002848,0.0008068938917251,5,0.0008068938917251,1.0
2021-09-08,Beige_Book,https://www.federalreserve.gov/monetarypolicy/beigebook202109.htm,XLP,0.0079583486064342,0.0020310043546477,-0.0018799995113512,5,-0.0018799995113512,1.0
2021-09-08,Beige_Book,https://www.federalreserve.gov/monetarypolicy/beigebook202109.htm,XLRE,0.0075063909695489,-0.0187357158689152,-0.0199859430641602,2,-0.0217263397776255,0.9198946195595442
2021-09-08,Beige_Book,https://www.federalreserve.gov/monetarypolicy/beigebook202109.htm,XLU,0.0096638694741361,-0.0115646318351031,-0.0192086255457649,5,-0.0192086255457649,1.0
2021-09-08,Beige_Book,https://www.federalreserve.gov/monetarypolicy/beigebook202109.htm,XLV,0.0022705734117797,-0.017246237987982,-0.013855755256609,3,-0.017246237987982,0.8034074020238124
2021-09-08,Beige_Book,https://www.federalreserve.gov/monetarypolicy/beigebook202109.htm,XLY,-0.0065181848656521,0.0046229937074081,0.0047971714257225,4,0.0066925847078523,0.7167890486457433
2021-09-22,FOMC_statement,https://www.federalreserve.gov/newsevents/pressreleases/monetary20210922a.htm,XLB,0.0014476257018551,0.0095977530150768,0.0116146205166894,4,0.0173871575306435,0.667999958947835
2021-09-22,FOMC_statement,https://www.federalreserve.gov/newsevents/pressreleases/monetary20210922a.htm,XLC,0.0032358910380336,0.0073887348449183,0.0006056979323104,3,0.0073887348449183,0.08197586528997948
2021-09-22,FOMC_statement,https://www.federalreserve.gov/newsevents/pressreleases/monetary20210922a.htm,XLE,-0.0032730923465061,0.0671790125199948,0.0890629903073514,4,0.0907459843753357,0.981453790164166
2021-09-22,FOMC_statement,https://www.federalreserve.gov/newsevents/pressreleases/monetary20210922a.htm,XLF,0.0004236697609841,0.0324509781271665,0.0351871373105739,4,0.0360825767422271,0.9751836062582173
2021-09-22,FOMC_statement,https://www.federalreserve.gov/newsevents/pressreleases/monetary20210922a.htm,XLI,0.0043151972443145,0.0074766934679345,0.0154583658737927,4,0.0160386310823863,0.9638207771216304
2021-09-22,FOMC_statement,https://www.federalreserve.gov/newsevents/pressreleases/monetary20210922a.htm,XLK,-0.0013384080114243,-0.0065381248015016,-0.0189719547688729,5,-0.0189719547688729,1.0
2021-09-22,FOMC_statement,https://www.federalreserve.gov/newsevents/pressreleases/monetary20210922a.htm,XLP,0.000194958032019,-0.0113459712564599,0.004384955555585,5,0.004384955555585,1.0
2021-09-22,FOMC_statement,https://www.federalreserve.gov/newsevents/pressreleases/monetary20210922a.htm,XLRE,-0.0011608481397588,-0.0438310390611632,-0.0248806367761813,3,-0.0438310390611632,0.567648801148932
2021-09-22,FOMC_statement,https://www.federalreserve.gov/newsevents/pressreleases/monetary20210922a.htm,XLU,0.0017920552362055,-0.0291690882192403,-0.0102253488912893,3,-0.0291690882192403,0.3505542859082078
2021-09-22,FOMC_statement,https://www.federalreserve.gov/newsevents/pressreleases/monetary20210922a.htm,XLV,-0.0024696244292675,-0.0220352552581505,-0.0128081976750039,3,-0.0220352552581505,0.5812593285147603
2021-09-22,FOMC_statement,https://www.federalreserve.gov/newsevents/pressreleases/monetary20210922a.htm,XLY,-0.0024475263722804,0.008308108539733,0.0085056025763199,4,0.0092012270159786,0.9243987309028788
2021-10-20,Beige_Book,https://www.federalreserve.gov/monetarypolicy/beigebook202110.htm,XLB,0.0024822723085717,-0.0013793982380442,-0.0093637445420524,5,-0.0093637445420524,1.0
2021-10-20,Beige_Book,https://www.federalreserve.gov/monetarypolicy/beigebook202110.htm,XLC,-0.0019220486103883,-0.020838019359371,-0.0289762678814068,4,-0.0306568043594197,0.9451822682393661
2021-10-20,Beige_Book,https://www.federalreserve.gov/monetarypolicy/beigebook202110.htm,XLE,-0.0036152441174037,-0.0013256860570771,-0.0207586274389209,1,-0.0210728260900006,0.9850898664594023
2021-10-20,Beige_Book,https://www.federalreserve.gov/monetarypolicy/beigebook202110.htm,XLF,-0.0021537986357458,0.001587317824482,-0.0106451646500383,5,-0.0106451646500383,1.0
2021-10-20,Beige_Book,https://www.federalreserve.gov/monetarypolicy/beigebook202110.htm,XLI,0.0017900775496599,0.0009129599988879,-0.0134316229424045,5,-0.0134316229424045,1.0
2021-10-20,Beige_Book,https://www.federalreserve.gov/monetarypolicy/beigebook202110.htm,XLK,-0.0022069163246054,-0.0032598561833895,0.0022231106225333,5,0.0022231106225333,1.0
2021-10-20,Beige_Book,https://www.federalreserve.gov/monetarypolicy/beigebook202110.htm,XLP,0.0072882834683014,-0.0011321627621375,3.23199542175967e-05,2,0.0049322142366838,0.006552828540417821
2021-10-20,Beige_Book,https://www.federalreserve.gov/monetarypolicy/beigebook202110.htm,XLRE,0.0031774002700284,0.0063592097352545,0.0072048179777983,4,0.0100587333957522,0.7162748722260491
2021-10-20,Beige_Book,https://www.federalreserve.gov/monetarypolicy/beigebook202110.htm,XLU,-0.004891013598947,-0.0061657765048217,-0.0039441139456092,3,-0.0061657765048217,0.6396783831728029
2021-10-20,Beige_Book,https://www.federalreserve.gov/monetarypolicy/beigebook202110.htm,XLV,-0.0054244804711542,0.0023793619723433,0.0029144146162618,2,0.0065271536358328,0.44650620758522247
2021-10-20,Beige_Book,https://www.federalreserve.gov/monetarypolicy/beigebook202110.htm,XLY,0.0105373698756372,0.0289846035126389,0.0348938308605583,5,0.0348938308605583,1.0
2021-11-03,FOMC_statement,https://www.federalreserve.gov/newsevents/pressreleases/monetary20211103a.htm,XLB,-0.0073255122702136,0.0107199802012925,0.0198525418691278,5,0.0198525418691278,1.0
2021-11-03,FOMC_statement,https://www.federalreserve.gov/newsevents/pressreleases/monetary20211103a.htm,XLC,0.0039189634718739,-0.001458521753013,-0.003905534436842,5,-0.003905534436842,1.0
2021-11-03,FOMC_statement,https://www.federalreserve.gov/newsevents/pressreleases/monetary20211103a.htm,XLE,0.0134513089643908,0.0144955548431091,0.0035008085830472,4,0.0218832089220996,0.15997693005214486
2021-11-03,FOMC_statement,https://www.federalreserve.gov/newsevents/pressreleases/monetary20211103a.htm,XLF,0.0015604513502192,-0.0161149999697344,-0.0119812417389135,2,-0.0207586291407647,0.5771692175657867
2021-11-03,FOMC_statement,https://www.federalreserve.gov/newsevents/pressreleases/monetary20211103a.htm,XLI,0.0007029128778064,0.0092634307011443,0.0175384415555812,5,0.0175384415555812,1.0
2021-11-03,FOMC_statement,https://www.federalreserve.gov/newsevents/pressreleases/monetary20211103a.htm,XLK,-0.0047609955049232,0.0171670836305086,0.0079112313801411,3,0.0171670836305086,0.4608372365636759
2021-11-03,FOMC_statement,https://www.federalreserve.gov/newsevents/pressreleases/monetary20211103a.htm,XLP,-0.0026829032288775,-0.0102285977239681,0.007600679286454,5,0.007600679286454,1.0
2021-11-03,FOMC_statement,https://www.federalreserve.gov/newsevents/pressreleases/monetary20211103a.htm,XLRE,-0.0053454665052048,-0.018259623391062,-0.0081354624135581,3,-0.018259623391062,0.44554382307470647
2021-11-03,FOMC_statement,https://www.federalreserve.gov/newsevents/pressreleases/monetary20211103a.htm,XLU,0.0031497568911469,-0.0199770814089124,0.0046202929232016,5,0.0046202929232016,1.0
2021-11-03,FOMC_statement,https://www.federalreserve.gov/newsevents/pressreleases/monetary20211103a.htm,XLV,-0.0022413112652501,-0.0211277870237998,-0.0105904101557635,2,-0.0262199366204778,0.40390677937384406
2021-11-03,FOMC_statement,https://www.federalreserve.gov/newsevents/pressreleases/monetary20211103a.htm,XLY,0.0107803150366585,-0.0032868074131745,-0.0141400788963994,4,-0.0184671793343245,0.7656869866486636
2021-12-01,Beige_Book,https://www.federalreserve.gov/monetarypolicy/beigebook202112.htm,XLB,0.0053123910684854,0.0143802586643765,0.0105070442490075,3,0.0143802586643765,0.7306575280899557
2021-12-01,Beige_Book,https://www.federalreserve.gov/monetarypolicy/beigebook202112.htm,XLC,0.0122736816421914,0.0125781860221559,0.0068178551883039,3,0.0125781860221559,0.542038031262581
2021-12-01,Beige_Book,https://www.federalreserve.gov/monetarypolicy/beigebook202112.htm,XLE,0.0039771034532917,0.017565241228611,0.0174672721687806,4,0.0202898186118941,0.860888532465298
2021-12-01,Beige_Book,https://www.federalreserve.gov/monetarypolicy/beigebook202112.htm,XLF,0.0044559547108613,0.0103318039875515,-0.000473683433157,5,-0.000473683433157,1.0
2021-12-01,Beige_Book,https://www.federalreserve.gov/monetarypolicy/beigebook202112.htm,XLI,0.0058834230648125,0.0269836673594251,0.016326424746229,3,0.0269836673594251,0.6050483994173
2021-12-01,Beige_Book,https://www.federalreserve.gov/monetarypolicy/beigebook202112.htm,XLK,-0.0111115771016792,-0.0164887149150879,-0.0003293559496034,3,-0.0164887149150879,0.01997462818051544
2021-12-01,Beige_Book,https://www.federalreserve.gov/monetarypolicy/beigebook202112.htm,XLP,0.0061869355796031,0.0221748588759921,-0.0021126313486832,1,-0.0047372543506938,0.44596113957313527
2021-12-01,Beige_Book,https://www.federalreserve.gov/monetarypolicy/beigebook202112.htm,XLRE,0.0014103747191923,0.018347218584923,0.0170007293831054,3,0.018347218584923,0.9266107178270558
2021-12-01,Beige_Book,https://www.federalreserve.gov/monetarypolicy/beigebook202112.htm,XLU,0.0097678267740266,0.0196127262448769,0.0027170662909464,3,0.0196127262448769,0.1385358800720595
2021-12-01,Beige_Book,https://www.federalreserve.gov/monetarypolicy/beigebook202112.htm,XLV,0.0001901677627664,-0.0060726775495442,-0.0089854887960679,4,-0.0138678305183982,0.6479375980364783
2021-12-01,Beige_Book,https://www.federalreserve.gov/monetarypolicy/beigebook202112.htm,XLY,-0.0059468350677334,-0.0122407615227709,-0.0097322827587701,3,-0.0122407615227709,0.7950716743125501
2021-12-15,FOMC_statement,https://www.federalreserve.gov/newsevents/pressreleases/monetary20211215a.htm,XLB,-0.0058549151261749,0.0099699752661593,0.0027747998209141,1,0.0190612432944858,0.1455728662629692
2021-12-15,FOMC_statement,https://www.federalreserve.gov/newsevents/pressreleases/monetary20211215a.htm,XLC,-0.0042586061029745,0.0176437275247114,0.0113462819145255,4,0.0188848833103831,0.600812921533235
2021-12-15,FOMC_statement,https://www.federalreserve.gov/newsevents/pressreleases/monetary20211215a.htm,XLE,-0.0027469743607495,0.0036912181619463,0.0108386658389363,1,0.0151649279031729,0.7147192461540531
2021-12-15,FOMC_statement,https://www.federalreserve.gov/newsevents/pressreleases/monetary20211215a.htm,XLF,-0.0128336210328452,0.001197094073793,-0.0011666940322103,5,-0.0011666940322103,1.0
2021-12-15,FOMC_statement,https://www.federalreserve.gov/newsevents/pressreleases/monetary20211215a.htm,XLI,0.0026154568469523,-0.0025246260027192,-0.0075347707216085,5,-0.0075347707216085,1.0
2021-12-15,FOMC_statement,https://www.federalreserve.gov/newsevents/pressreleases/monetary20211215a.htm,XLK,0.0095464640065873,-0.0168284497269873,-0.0062024429599306,1,-0.0195244765126961,0.3176752501352527
2021-12-15,FOMC_statement,https://www.federalreserve.gov/newsevents/pressreleases/monetary20211215a.htm,XLP,-0.00754490638758,0.0203753282731997,-0.0024215080431959,5,-0.0024215080431959,1.0
2021-12-15,FOMC_statement,https://www.federalreserve.gov/newsevents/pressreleases/monetary20211215a.htm,XLRE,0.0041532124977556,0.0239583404186228,0.0117631464873556,3,0.0239583404186228,0.49098336035880497
2021-12-15,FOMC_statement,https://www.federalreserve.gov/newsevents/pressreleases/monetary20211215a.htm,XLU,-0.0008798917863264,0.0210823081887974,-0.0037928521663802,5,-0.0037928521663802,1.0
2021-12-15,FOMC_statement,https://www.federalreserve.gov/newsevents/pressreleases/monetary20211215a.htm,XLV,-0.0028310349767006,0.02299430970879,0.0110780861383822,3,0.02299430970879,0.48177511213339
2021-12-15,FOMC_statement,https://www.federalreserve.gov/newsevents/pressreleases/monetary20211215a.htm,XLY,-0.0010715616656606,-0.0149451968642604,0.0014426625042003,5,0.0014426625042003,1.0
2022-01-12,Beige_Book,https://www.federalreserve.gov/monetarypolicy/beigebook202201.htm,XLB,-0.0018658340196731,0.0016622502440856,0.0095352552158924,4,0.0095352552158924,1.0
2022-01-12,Beige_Book,https://www.federalreserve.gov/monetarypolicy/beigebook202201.htm,XLC,-0.0033983549818694,0.0131362010148119,0.021801049078258,4,0.021801049078258,1.0
2022-01-12,Beige_Book,https://www.federalreserve.gov/monetarypolicy/beigebook202201.htm,XLE,-0.0249064645927163,0.0535389868520863,0.0566662238734675,4,0.0566662238734675,1.0
2022-01-12,Beige_Book,https://www.federalreserve.gov/monetarypolicy/beigebook202201.htm,XLF,0.0003341507803573,-0.0054931201774929,-0.011893154208676,4,-0.011893154208676,1.0
2022-01-12,Beige_Book,https://www.federalreserve.gov/monetarypolicy/beigebook202201.htm,XLI,0.0031249554556711,0.015707934821209,0.0149093781962895,1,0.0159431386071845,0.9351595418966531
2022-01-12,Beige_Book,https://www.federalreserve.gov/monetarypolicy/beigebook202201.htm,XLK,-0.0028821792388988,-0.0103728758005174,-0.0139588327651742,4,-0.0139588327651742,1.0
2022-01-12,Beige_Book,https://www.federalreserve.gov/monetarypolicy/beigebook202201.htm,XLP,0.0102797571777034,0.0203142195703426,0.0370201774566668,4,0.0370201774566668,1.0
2022-01-12,Beige_Book,https://www.federalreserve.gov/monetarypolicy/beigebook202201.htm,XLRE,0.0107416806352093,0.0091121135204482,0.0065683193230873,1,0.0103113941415807,0.6369962424964972
2022-01-12,Beige_Book,https://www.federalreserve.gov/monetarypolicy/beigebook202201.htm,XLU,0.0181146325092851,0.0171394732890076,0.0320438685373564,4,0.0320438685373564,1.0
2022-01-12,Beige_Book,https://www.federalreserve.gov/monetarypolicy/beigebook202201.htm,XLV,0.0011512018649777,-0.0001963628215304,0.0061022436251269,4,0.0061022436251269,1.0
2022-01-12,Beige_Book,https://www.federalreserve.gov/monetarypolicy/beigebook202201.htm,XLY,-0.0005253617451206,-0.0126100627614472,-0.0202762841251815,4,-0.0202762841251815,1.0
2022-01-26,FOMC_statement,https://www.federalreserve.gov/newsevents/pressreleases/monetary20220126a.htm,XLB,-0.0031713133562033,-0.0139317317070913,-0.011860230027474,3,-0.0139317317070913,0.8513105389071699
2022-01-26,FOMC_statement,https://www.federalreserve.gov/newsevents/pressreleases/monetary20220126a.htm,XLC,0.0082721715258503,0.0145023872869333,0.0266619077736743,5,0.0266619077736743,1.0
2022-01-26,FOMC_statement,https://www.federalreserve.gov/newsevents/pressreleases/monetary20220126a.htm,XLE,-0.0510193865503532,-0.0268483483160464,-0.0044476099775923,3,-0.0268483483160464,0.16565674451318502
2022-01-26,FOMC_statement,https://www.federalreserve.gov/newsevents/pressreleases/monetary20220126a.htm,XLF,-0.0163853053912053,-0.0251200012921875,-0.020947824183384,3,-0.0251200012921875,0.8339101554862947
2022-01-26,FOMC_statement,https://www.federalreserve.gov/newsevents/pressreleases/monetary20220126a.htm,XLI,-0.0023839541225295,-0.0294172911582624,-0.0251383888888816,3,-0.0294172911582624,0.8545446538105536
2022-01-26,FOMC_statement,https://www.federalreserve.gov/newsevents/pressreleases/monetary20220126a.htm,XLK,0.010933329614033,0.0240604065230417,0.0183112533600652,3,0.0240604065230417,0.7610533655168809
2022-01-26,FOMC_statement,https://www.federalreserve.gov/newsevents/pressreleases/monetary20220126a.htm,XLP,-0.0011137977341019,-0.0155824221949746,-0.0209857451095493,4,-0.0232609483874172,0.9021878540817085
2022-01-26,FOMC_statement,https://www.federalreserve.gov/newsevents/pressreleases/monetary20220126a.htm,XLRE,-0.0094421930742604,-0.0101181803837226,-0.0161218844464431,4,-0.0236345766331512,0.6821312984227367
2022-01-26,FOMC_statement,https://www.federalreserve.gov/newsevents/pressreleases/monetary20220126a.htm,XLU,0.0034845786278012,0.0019997624772513,-0.0129754308079491,4,-0.0180422175987792,0.7191705086644706
2022-01-26,FOMC_statement,https://www.federalreserve.gov/newsevents/pressreleases/monetary20220126a.htm,XLV,-0.0057770630662824,-0.0091618171989994,-0.0095135724569402,4,-0.0132515384401527,0.7179221114518817
2022-01-26,FOMC_statement,https://www.federalreserve.gov/newsevents/pressreleases/monetary20220126a.htm,XLY,0.0047143365485697,-0.0018855916848982,-0.0182663722553731,2,-0.0223360468476551,0.817797902196411
2022-03-02,Beige_Book,https://www.federalreserve.gov/monetarypolicy/beigebook202203.htm,XLB,0.0077966814747516,0.0056305700907396,0.0122516812360983,5,0.0122516812360983,1.0
2022-03-02,Beige_Book,https://www.federalreserve.gov/monetarypolicy/beigebook202203.htm,XLC,-0.0026662048436971,-0.0154496466612501,-0.0072243100997441,3,-0.0154496466612501,0.46760358072548625
2022-03-02,Beige_Book,https://www.federalreserve.gov/monetarypolicy/beigebook202203.htm,XLE,-0.0252903603118755,0.0889365921134838,0.0548616047326161,4,0.1122376212271136,0.4887987123462218
2022-03-02,Beige_Book,https://www.federalreserve.gov/monetarypolicy/beigebook202203.htm,XLF,0.0216334861929921,-0.0158139146041871,-0.0041617848857632,3,-0.0158139146041871,0.2631723384076749
2022-03-02,Beige_Book,https://www.federalreserve.gov/monetarypolicy/beigebook202203.htm,XLI,-0.0003142029341138,0.0146948042212717,0.007449721965153,4,0.0161352163247823,0.46170573825594585
2022-03-02,Beige_Book,https://www.federalreserve.gov/monetarypolicy/beigebook202203.htm,XLK,0.00476057681767,-0.0234570626888569,-0.0079760016296515,3,-0.0234570626888569,0.3400255920977028
2022-03-02,Beige_Book,https://www.federalreserve.gov/monetarypolicy/beigebook202203.htm,XLP,-0.0093560894774176,0.0326318589861469,-0.0068206621554842,5,-0.0068206621554842,1.0
2022-03-02,Beige_Book,https://www.federalreserve.gov/monetarypolicy/beigebook202203.htm,XLRE,-0.0132336738595081,0.0437185786234652,0.0322772563372869,3,0.0437185786234652,0.7382961055363002
2022-03-02,Beige_Book,https://www.federalreserve.gov/monetarypolicy/beigebook202203.htm,XLU,-0.0065449599147461,0.0952250250301084,0.0534657864782063,3,0.0952250250301084,0.5614678122825528
2022-03-02,Beige_Book,https://www.federalreserve.gov/monetarypolicy/beigebook202203.htm,XLV,-0.0096901521987388,0.0352635243344292,0.0145003625872668,3,0.0352635243344292,0.41120003916084796
2022-03-02,Beige_Book,https://www.federalreserve.gov/monetarypolicy/beigebook202203.htm,XLY,-6.934055793916816e-05,-0.0449570947141364,-0.0299379802851639,3,-0.0449570947141364,0.6659233759549444
2022-03-16,FOMC_statement,https://www.federalreserve.gov/newsevents/pressreleases/monetary20220316a.htm,XLB,0.0104896334072206,0.0103905231394763,0.0124016143143206,5,0.0124016143143206,1.0
2022-03-16,FOMC_statement,https://www.federalreserve.gov/newsevents/pressreleases/monetary20220316a.htm,XLC,0.0028140741038673,-0.0086591611171605,-0.002480079607077,3,-0.0086591611171605,0.28641107071700544
2022-03-16,FOMC_statement,https://www.federalreserve.gov/newsevents/pressreleases/monetary20220316a.htm,XLE,0.0586105196230497,0.0506038018714534,0.0616276179233956,5,0.0616276179233956,1.0
2022-03-16,FOMC_statement,https://www.federalreserve.gov/newsevents/pressreleases/monetary20220316a.htm,XLF,0.0078828448843175,-0.0093463567161807,-0.0104456566910163,5,-0.0104456566910163,1.0
2022-03-16,FOMC_statement,https://www.federalreserve.gov/newsevents/pressreleases/monetary20220316a.htm,XLI,0.0061157520925732,-0.0042588912213725,-0.0072154455130315,4,-0.0105089037427708,0.6866030643772041
2022-03-16,FOMC_statement,https://www.federalreserve.gov/newsevents/pressreleases/monetary20220316a.htm,XLK,-0.0116048966283495,0.0024864096786112,0.0026547192219872,4,0.0051554496686405,0.5149345629606842
2022-03-16,FOMC_statement,https://www.federalreserve.gov/newsevents/pressreleases/monetary20220316a.htm,XLP,-0.0004266697613364,-0.0126506288104342,-0.0120899534585006,4,-0.0169145283297842,0.7147674013003262
2022-03-16,FOMC_statement,https://www.federalreserve.gov/newsevents/pressreleases/monetary20220316a.htm,XLRE,0.0140939090073977,-0.0117631354423614,-0.021280928650284,4,-0.0228221036459524,0.9324700728917366
2022-03-16,FOMC_statement,https://www.federalreserve.gov/newsevents/pressreleases/monetary20220316a.htm,XLU,0.0091971134824657,-0.0208123799533933,-0.0168131409279581,4,-0.0311013212001854,0.5405924982973994
2022-03-16,FOMC_statement,https://www.federalreserve.gov/newsevents/pressreleases/monetary20220316a.htm,XLV,0.0020441783853912,-0.0019459801652802,-0.0184992859841605,5,-0.0184992859841605,1.0
2022-03-16,FOMC_statement,https://www.federalreserve.gov/newsevents/pressreleases/monetary20220316a.htm,XLY,-0.0114975638632499,0.0061708862122955,0.0197617442574576,5,0.0197617442574576,1.0
2022-04-20,Beige_Book,https://www.federalreserve.gov/monetarypolicy/beigebook202204.htm,XLB,0.0067194598118276,-0.0199350657641655,0.0055058135621924,5,0.0055058135621924,1.0
2022-04-20,Beige_Book,https://www.federalreserve.gov/monetarypolicy/beigebook202204.htm,XLC,-0.0037786203543777,-0.0018897915217943,-0.0308478805773003,5,-0.0308478805773003,1.0
2022-04-20,Beige_Book,https://www.federalreserve.gov/monetarypolicy/beigebook202204.htm,XLE,0.0242884093891194,-0.0526625643699518,-0.0105181695159212,3,-0.0526625643699518,0.1997276365433252
2022-04-20,Beige_Book,https://www.federalreserve.gov/monetarypolicy/beigebook202204.htm,XLF,0.0023995677728243,-0.0073603087040693,-0.0071777229344631,3,-0.0073603087040693,0.9751931913527956
2022-04-20,Beige_Book,https://www.federalreserve.gov/monetarypolicy/beigebook202204.htm,XLI,-0.0020319893066216,0.0018174537235939,0.0098629395529176,5,0.0098629395529176,1.0
2022-04-20,Beige_Book,https://www.federalreserve.gov/monetarypolicy/beigebook202204.htm,XLK,-0.0026176551193215,0.0066697919341142,0.0103727317085586,5,0.0103727317085586,1.0
2022-04-20,Beige_Book,https://www.federalreserve.gov/monetarypolicy/beigebook202204.htm,XLP,0.0009235522978097,0.0244911825193552,0.0388867799372469,5,0.0388867799372469,1.0
2022-04-20,Beige_Book,https://www.federalreserve.gov/monetarypolicy/beigebook202204.htm,XLRE,-0.0048280525116044,0.00751131947505,0.0119957609802202,4,0.0208028619147609,0.5766399368208311
2022-04-20,Beige_Book,https://www.federalreserve.gov/monetarypolicy/beigebook202204.htm,XLU,0.0096681509284646,-0.0036291056960361,0.0076906542141659,4,0.0152967877566518,0.5027626934825989
2022-04-20,Beige_Book,https://www.federalreserve.gov/monetarypolicy/beigebook202204.htm,XLV,0.006588283604505,-0.0041946031199379,0.0021489155194637,4,0.0071544613146066,0.300360212316259
2022-04-20,Beige_Book,https://www.federalreserve.gov/monetarypolicy/beigebook202204.htm,XLY,-0.0128613047947263,0.0109129291603986,-0.0134148615056263,5,-0.0134148615056263,1.0
2022-05-04,FOMC_statement,https://www.federalreserve.gov/newsevents/pressreleases/monetary20220504a.htm,XLB,-0.006622704258105,-0.0033602035930527,0.0044770180919003,1,0.0045825588617657,0.9769690312663579
2022-05-04,FOMC_statement,https://www.federalreserve.gov/newsevents/pressreleases/monetary20220504a.htm,XLC,0.001947569573734,-0.0098906294820666,-0.009894653021831,2,-0.0159690985239023,0.6196124976635867
2022-05-04,FOMC_statement,https://www.federalreserve.gov/newsevents/pressreleases/monetary20220504a.htm,XLE,-0.0234449060358228,0.0055589914661615,0.0416265712396688,2,0.0562721900156808,0.7397361152652695
2022-05-04,FOMC_statement,https://www.federalreserve.gov/newsevents/pressreleases/monetary20220504a.htm,XLF,-0.00845207228674,0.0133580608495824,0.0088629783407215,3,0.0133580608495824,0.6634928857206527
2022-05-04,FOMC_statement,https://www.federalreserve.gov/newsevents/pressreleases/monetary20220504a.htm,XLI,-0.0020241661844082,0.0164598783892194,0.014420086175148,3,0.0164598783892194,0.8760748915734768
2022-05-04,FOMC_statement,https://www.federalreserve.gov/newsevents/pressreleases/monetary20220504a.htm,XLK,0.0028428577073666,-0.0213107112314737,-0.0240527002304318,5,-0.0240527002304318,1.0
2022-05-04,FOMC_statement,https://www.federalreserve.gov/newsevents/pressreleases/monetary20220504a.htm,XLP,0.0074553568275463,0.0552363323962914,0.0575683398512151,5,0.0575683398512151,1.0
2022-05-04,FOMC_statement,https://www.federalreserve.gov/newsevents/pressreleases/monetary20220504a.htm,XLRE,-0.0075331845452215,-0.0088505882308715,-0.0189380954684292,4,-0.033388337915948,0.5672068946979054
2022-05-04,FOMC_statement,https://www.federalreserve.gov/newsevents/pressreleases/monetary20220504a.htm,XLU,0.000755582257796,0.0637834198860454,0.0724237285185291,5,0.0724237285185291,1.0
2022-05-04,FOMC_statement,https://www.federalreserve.gov/newsevents/pressreleases/monetary20220504a.htm,XLV,0.0014175549280346,0.0250575752042966,0.0355718313180294,5,0.0355718313180294,1.0
2022-05-04,FOMC_statement,https://www.federalreserve.gov/newsevents/pressreleases/monetary20220504a.htm,XLY,0.0070650615478844,-0.0378055973433637,-0.0630392500808256,5,-0.0630392500808256,1.0
2022-06-01,Beige_Book,https://www.federalreserve.gov/monetarypolicy/beigebook202206.htm,XLB,0.0096135583299959,0.0216641965068573,0.0093780714633505,3,0.0216641965068573,0.4328834194419391
2022-06-01,Beige_Book,https://www.federalreserve.gov/monetarypolicy/beigebook202206.htm,XLC,-0.0049466493349185,0.0020682707050337,0.0078733571921183,5,0.0078733571921183,1.0
2022-06-01,Beige_Book,https://www.federalreserve.gov/monetarypolicy/beigebook202206.htm,XLE,0.0094120651685308,0.0032906841815911,0.0366052160391765,5,0.0366052160391765,1.0
2022-06-01,Beige_Book,https://www.federalreserve.gov/monetarypolicy/beigebook202206.htm,XLF,-0.0027996995972501,-0.0034703992615889,-0.0120629435146303,5,-0.0120629435146303,1.0
2022-06-01,Beige_Book,https://www.federalreserve.gov/monetarypolicy/beigebook202206.htm,XLI,0.0024543230807683,0.0137765897919986,0.0104017677503472,4,0.0176289350628292,0.5900394841364774
2022-06-01,Beige_Book,https://www.federalreserve.gov/monetarypolicy/beigebook202206.htm,XLK,0.0015290561610151,-0.0053120958508937,-0.0033970583654138,3,-0.0053120958508937,0.6394949302058025
2022-06-01,Beige_Book,https://www.federalreserve.gov/monetarypolicy/beigebook202206.htm,XLP,0.0014558869142466,-0.0007699847300031,-0.0064667962512596,5,-0.0064667962512596,1.0
2022-06-01,Beige_Book,https://www.federalreserve.gov/monetarypolicy/beigebook202206.htm,XLRE,0.0077761115644947,-0.0061655913763564,-0.0171885411633035,5,-0.0171885411633035,1.0
2022-06-01,Beige_Book,https://www.federalreserve.gov/monetarypolicy/beigebook202206.htm,XLU,0.0081875460703981,0.0006805966719428,-0.0115793522569532,1,-0.0123057082776436,0.9409740581929764
2022-06-01,Beige_Book,https://www.federalreserve.gov/monetarypolicy/beigebook202206.htm,XLV,0.0077454459243909,-0.009343261770386,-0.0029540843161314,1,-0.0111404095753913,0.26516837609425503
2022-06-01,Beige_Book,https://www.federalreserve.gov/monetarypolicy/beigebook202206.htm,XLY,-0.0106836699008868,0.0056760732256724,-0.001406045628415,4,-0.0063749645182581,0.2205574045766123
2022-06-15,FOMC_statement,https://www.federalreserve.gov/newsevents/pressreleases/monetary20220615a.htm,XLB,0.0046320179394446,-0.0169360575349972,-0.0279658522849741,4,-0.0279658522849741,1.0
2022-06-15,FOMC_statement,https://www.federalreserve.gov/newsevents/pressreleases/monetary20220615a.htm,XLC,-0.0002374175853088,-0.0093258920238873,-0.0058490003421477,3,-0.0093258920238873,0.6271786470576858
2022-06-15,FOMC_statement,https://www.federalreserve.gov/newsevents/pressreleases/monetary20220615a.htm,XLE,-0.0049164215909239,-0.0534211515787541,-0.0916396996578805,4,-0.0916396996578805,1.0
2022-06-15,FOMC_statement,https://www.federalreserve.gov/newsevents/pressreleases/monetary20220615a.htm,XLF,0.0055415298890915,0.0033574272943857,0.0029397625944695,2,0.0085741516831625,0.3428633762384286
2022-06-15,FOMC_statement,https://www.federalreserve.gov/newsevents/pressreleases/monetary20220615a.htm,XLI,-0.0005165270239603,-0.0119113982662568,-0.015632219701849,4,-0.015632219701849,1.0
2022-06-15,FOMC_statement,https://www.federalreserve.gov/newsevents/pressreleases/monetary20220615a.htm,XLK,-0.0093193933046343,-0.0003411595006415,-0.0027648039007422,1,-0.0076093256755287,0.3633441409445391
2022-06-15,FOMC_statement,https://www.federalreserve.gov/newsevents/pressreleases/monetary20220615a.htm,XLP,0.0087811240689706,0.0212178788053428,0.0223177706577891,1,0.0254820272932629,0.8758239837412628
2022-06-15,FOMC_statement,https://www.federalreserve.gov/newsevents/pressreleases/monetary20220615a.htm,XLRE,0.0041313343574591,0.0064407639003778,0.0244605390704166,4,0.0244605390704166,1.0
2022-06-15,FOMC_statement,https://www.federalreserve.gov/newsevents/pressreleases/monetary20220615a.htm,XLU,0.0222579380891249,-0.0038341059279365,0.0085003749011483,1,0.0137761304376164,0.617036470410995
2022-06-15,FOMC_statement,https://www.federalreserve.gov/newsevents/pressreleases/monetary20220615a.htm,XLV,0.0065188377654116,0.0174018429979321,0.0330812433389224,4,0.0330812433389224,1.0
2022-06-15,FOMC_statement,https://www.federalreserve.gov/newsevents/pressreleases/monetary20220615a.htm,XLY,-0.0022155861589721,-0.0036654140447038,-0.0037853979122653,1,-0.0158586973179402,0.2386953881756137
2022-07-13,Beige_Book,https://www.federalreserve.gov/monetarypolicy/beigebook202207.htm,XLB,-0.0069262730123151,-0.0088160976347279,-0.0099949118517096,2,-0.0194330216258639,0.5143261837576056
2022-07-13,Beige_Book,https://www.federalreserve.gov/monetarypolicy/beigebook202207.htm,XLC,-0.008303217058083,-0.0003535761148568,0.0182715213423908,5,0.0182715213423908,1.0
2022-07-13,Beige_Book,https://www.federalreserve.gov/monetarypolicy/beigebook202207.htm,XLE,0.0106473852913301,0.0118704533459442,0.0189438619163314,5,0.0189438619163314,1.0
2022-07-13,Beige_Book,https://www.federalreserve.gov/monetarypolicy/beigebook202207.htm,XLF,-0.00256349139631,0.0024916048349081,0.0027852850742424,4,0.0054786923985696,0.5083850071541878
2022-07-13,Beige_Book,https://www.federalreserve.gov/monetarypolicy/beigebook202207.htm,XLI,-0.0057567907936483,-0.0044336573062501,0.0055732786951413,5,0.0055732786951413,1.0
2022-07-13,Beige_Book,https://www.federalreserve.gov/monetarypolicy/beigebook202207.htm,XLK,0.0048113832222457,0.0086680105234262,0.0214046825469849,5,0.0214046825469849,1.0
2022-07-13,Beige_Book,https://www.federalreserve.gov/monetarypolicy/beigebook202207.htm,XLP,-0.0059640569174276,-0.0140263162298026,-0.0436101391364139,5,-0.0436101391364139,1.0
2022-07-13,Beige_Book,https://www.federalreserve.gov/monetarypolicy/beigebook202207.htm,XLRE,-0.0025429212437741,-0.0118829032134329,-0.022722829891552,5,-0.022722829891552,1.0
2022-07-13,Beige_Book,https://www.federalreserve.gov/monetarypolicy/beigebook202207.htm,XLU,-0.0040094656592292,-0.0204576450196853,-0.0607425361777999,5,-0.0607425361777999,1.0
2022-07-13,Beige_Book,https://www.federalreserve.gov/monetarypolicy/beigebook202207.htm,XLV,0.0038802249330647,-0.0082945850658678,-0.034535758994509,5,-0.034535758994509,1.0
2022-07-13,Beige_Book,https://www.federalreserve.gov/monetarypolicy/beigebook202207.htm,XLY,-0.0028076764711802,0.0097747571541698,0.0234490762228646,5,0.0234490762228646,1.0
2022-07-27,FOMC_statement,https://www.federalreserve.gov/newsevents/pressreleases/monetary20220727a.htm,XLB,-0.0050645644187159,-0.0011768431890044,-0.0193894645200046,5,-0.0193894645200046,1.0
2022-07-27,FOMC_statement,https://www.federalreserve.gov/newsevents/pressreleases/monetary20220727a.htm,XLC,0.0082406845094588,-0.0364524328064082,-0.0230918532622534,2,-0.0379943570484573,0.6077706021660658
2022-07-27,FOMC_statement,https://www.federalreserve.gov/newsevents/pressreleases/monetary20220727a.htm,XLE,-0.0027476597822769,0.0041758798473747,-0.0359430995754865,5,-0.0359430995754865,1.0
2022-07-27,FOMC_statement,https://www.federalreserve.gov/newsevents/pressreleases/monetary20220727a.htm,XLF,0.0021252537350532,-0.0110537597811598,-0.0160598552686398,5,-0.0160598552686398,1.0
2022-07-27,FOMC_statement,https://www.federalreserve.gov/newsevents/pressreleases/monetary20220727a.htm,XLI,-0.0064395993996574,0.0183982668534824,0.0081819986091014,3,0.0183982668534824,0.4447157264464138
2022-07-27,FOMC_statement,https://www.federalreserve.gov/newsevents/pressreleases/monetary20220727a.htm,XLK,0.0043773551496035,0.0042625789077365,0.014706545372893,5,0.014706545372893,1.0
2022-07-27,FOMC_statement,https://www.federalreserve.gov/newsevents/pressreleases/monetary20220727a.htm,XLP,-0.0095199547259375,-0.0034318378909065,-0.0139000381715596,2,-0.0188775958438243,0.7363245980343901
2022-07-27,FOMC_statement,https://www.federalreserve.gov/newsevents/pressreleases/monetary20220727a.htm,XLRE,-0.0137227914714411,0.007521873681764,-0.0105885560828952,5,-0.0105885560828952,1.0
2022-07-27,FOMC_statement,https://www.federalreserve.gov/newsevents/pressreleases/monetary20220727a.htm,XLU,-0.0178053793382911,0.0214000579231977,0.0165381400804357,4,0.0259713647098663,0.6367836371014035
2022-07-27,FOMC_statement,https://www.federalreserve.gov/newsevents/pressreleases/monetary20220727a.htm,XLV,-0.0169649047940728,-0.0285106163486427,-0.0319851825360573,5,-0.0319851825360573,1.0
2022-07-27,FOMC_statement,https://www.federalreserve.gov/newsevents/pressreleases/monetary20220727a.htm,XLY,0.0203683359862625,0.0367987423380856,0.0452587357480674,5,0.0452587357480674,1.0
2022-09-07,Beige_Book,https://www.federalreserve.gov/monetarypolicy/beigebook202209.htm,XLB,-0.000679737645584,0.0013292645441902,-0.0069023565063066,5,-0.0069023565063066,1.0
2022-09-07,Beige_Book,https://www.federalreserve.gov/monetarypolicy/beigebook202209.htm,XLC,0.0086711428997194,-0.0020961541568077,-0.0156359869903702,5,-0.0156359869903702,1.0
2022-09-07,Beige_Book,https://www.federalreserve.gov/monetarypolicy/beigebook202209.htm,XLE,0.0054813609974081,0.0148093147741918,0.057502929594366,5,0.057502929594366,1.0
2022-09-07,Beige_Book,https://www.federalreserve.gov/monetarypolicy/beigebook202209.htm,XLF,-0.0013408444998815,0.0020671683128599,0.0014949118658258,1,0.0110967010061175,0.13471678339370144
2022-09-07,Beige_Book,https://www.federalreserve.gov/monetarypolicy/beigebook202209.htm,XLI,-0.0054007722060429,-0.0108829112054982,-0.0108266064004691,3,-0.0108829112054982,0.9948263103533681
2022-09-07,Beige_Book,https://www.federalreserve.gov/monetarypolicy/beigebook202209.htm,XLK,0.0028505475814237,0.0064178714268348,-0.0033637656831405,5,-0.0033637656831405,1.0
2022-09-07,Beige_Book,https://www.federalreserve.gov/monetarypolicy/beigebook202209.htm,XLP,0.001877209373495,-0.0216577830407266,-0.0158005309669811,3,-0.0216577830407266,0.7295544025567543
2022-09-07,Beige_Book,https://www.federalreserve.gov/monetarypolicy/beigebook202209.htm,XLRE,-0.0141901737221084,-0.0120144017955006,-0.0225817427561451,5,-0.0225817427561451,1.0
2022-09-07,Beige_Book,https://www.federalreserve.gov/monetarypolicy/beigebook202209.htm,XLU,-0.0063200762064055,-0.0200114526034024,0.001183250849819,5,0.001183250849819,1.0
2022-09-07,Beige_Book,https://www.federalreserve.gov/monetarypolicy/beigebook202209.htm,XLV,-0.0047334164809089,4.0931784464515175e-05,0.0072224224296338,1,0.010844895324519,0.6659743790523062
2022-09-07,Beige_Book,https://www.federalreserve.gov/monetarypolicy/beigebook202209.htm,XLY,-0.0017149512538627,0.0083435928472626,0.0092969094359605,5,0.0092969094359605,1.0
2022-09-21,FOMC_statement,https://www.federalreserve.gov/newsevents/pressreleases/monetary20220921a.htm,XLB,0.0075199904662683,-0.0136641776731701,-0.0027707120628094,3,-0.0136641776731701,0.20277195811422674
2022-09-21,FOMC_statement,https://www.federalreserve.gov/newsevents/pressreleases/monetary20220921a.htm,XLC,0.0039999119988494,-0.004192945319287,0.007432452076327,5,0.007432452076327,1.0
2022-09-21,FOMC_statement,https://www.federalreserve.gov/newsevents/pressreleases/monetary20220921a.htm,XLE,-0.0045233117632444,-0.0620091207281791,-0.0236288679179909,3,-0.0620091207281791,0.38105471647581546
2022-09-21,FOMC_statement,https://www.federalreserve.gov/newsevents/pressreleases/monetary20220921a.htm,XLF,0.003253616657406,-0.0134091819880505,-0.015069409931845,4,-0.0151103190193114,0.9972926390624766
2022-09-21,FOMC_statement,https://www.federalreserve.gov/newsevents/pressreleases/monetary20220921a.htm,XLI,0.0009670823873356,-0.0092636908651146,-0.0077113607631587,4,-0.010049847202292,0.767311244433649
2022-09-21,FOMC_statement,https://www.federalreserve.gov/newsevents/pressreleases/monetary20220921a.htm,XLK,-0.0056069638438378,0.0048332056785632,-0.0004227273753868,1,-0.0017839643442145,0.23695954280573456
2022-09-21,FOMC_statement,https://www.federalreserve.gov/newsevents/pressreleases/monetary20220921a.htm,XLP,-0.0060119964178702,0.0173513838845065,-0.005037709147832,5,-0.005037709147832,1.0
2022-09-21,FOMC_statement,https://www.federalreserve.gov/newsevents/pressreleases/monetary20220921a.htm,XLRE,0.0148305620633953,-0.0137079837827195,-0.025095426025219,5,-0.025095426025219,1.0
2022-09-21,FOMC_statement,https://www.federalreserve.gov/newsevents/pressreleases/monetary20220921a.htm,XLU,0.0030623689090003,-0.0041994597459891,-0.0274251363214524,5,-0.0274251363214524,1.0
2022-09-21,FOMC_statement,https://www.federalreserve.gov/newsevents/pressreleases/monetary20220921a.htm,XLV,0.0002432018363203,0.0257041369147179,0.0274031984744771,5,0.0274031984744771,1.0
2022-09-21,FOMC_statement,https://www.federalreserve.gov/newsevents/pressreleases/monetary20220921a.htm,XLY,0.0054759549746925,-0.01330193745221,-0.0002551721305059,2,-0.0209407461437045,0.01218543640970565
2022-10-19,Beige_Book,https://www.federalreserve.gov/monetarypolicy/beigebook202210.htm,XLB,-0.0078555896179464,-0.0065825126323723,0.0167968392619677,5,0.0167968392619677,1.0
2022-10-19,Beige_Book,https://www.federalreserve.gov/monetarypolicy/beigebook202210.htm,XLC,0.0042445665740484,-0.012337594944405,-0.0258735463285754,5,-0.0258735463285754,1.0
2022-10-19,Beige_Book,https://www.federalreserve.gov/monetarypolicy/beigebook202210.htm,XLE,0.003014127640545,0.0063903839625755,0.0125974951940299,2,0.0139103688156395,0.9056190645259147
2022-10-19,Beige_Book,https://www.federalreserve.gov/monetarypolicy/beigebook202210.htm,XLF,-0.0042932474582217,-0.0010968927600522,0.004848049024982,5,0.004848049024982,1.0
2022-10-19,Beige_Book,https://www.federalreserve.gov/monetarypolicy/beigebook202210.htm,XLI,-0.012387254287848,-0.0070399466155453,0.001502874411183,5,0.001502874411183,1.0
2022-10-19,Beige_Book,https://www.federalreserve.gov/monetarypolicy/beigebook202210.htm,XLK,0.0032750043609295,0.0130133656799004,0.0014348845646917,4,0.0161627612358433,0.08877719244590661
2022-10-19,Beige_Book,https://www.federalreserve.gov/monetarypolicy/beigebook202210.htm,XLP,-0.0012888655243517,-0.0087820033028049,0.0025112747558423,5,0.0025112747558423,1.0
2022-10-19,Beige_Book,https://www.federalreserve.gov/monetarypolicy/beigebook202210.htm,XLRE,-0.0013822816337121,-0.0266721440926889,0.0024881480830533,1,0.003471712498661,0.7166918585605663
2022-10-19,Beige_Book,https://www.federalreserve.gov/monetarypolicy/beigebook202210.htm,XLU,-0.0065327037332685,-0.0265276587177201,-0.015372905480198,3,-0.0265276587177201,0.5795047970037822
2022-10-19,Beige_Book,https://www.federalreserve.gov/monetarypolicy/beigebook202210.htm,XLV,0.0061892060050205,0.0051003323678584,0.0153440545311577,5,0.0153440545311577,1.0
2022-10-19,Beige_Book,https://www.federalreserve.gov/monetarypolicy/beigebook202210.htm,XLY,-0.0020328264170967,-0.0142325277996108,-0.0056812342704225,3,-0.0142325277996108,0.3991725398616722
2022-11-02,FOMC_statement,https://www.federalreserve.gov/newsevents/pressreleases/monetary20221102a.htm,XLB,-0.0069406974815831,0.0364736425051919,0.0527482597355385,5,0.0527482597355385,1.0
2022-11-02,FOMC_statement,https://www.federalreserve.gov/newsevents/pressreleases/monetary20221102a.htm,XLC,0.0020539605409128,-0.0133895336115505,-0.0106310496744256,2,-0.0217591999081732,0.48857723258622027
2022-11-02,FOMC_statement,https://www.federalreserve.gov/newsevents/pressreleases/monetary20221102a.htm,XLE,-0.01404263446688,0.034184031725456,0.0014755415506019,3,0.034184031725456,0.043164643727588776
2022-11-02,FOMC_statement,https://www.federalreserve.gov/newsevents/pressreleases/monetary20221102a.htm,XLF,-0.0070245628971898,0.004575890718232,0.0087859948220421,5,0.0087859948220421,1.0
2022-11-02,FOMC_statement,https://www.federalreserve.gov/newsevents/pressreleases/monetary20221102a.htm,XLI,-0.0034222954539753,0.0235731452216796,0.0335938194763333,5,0.0335938194763333,1.0
2022-11-02,FOMC_statement,https://www.federalreserve.gov/newsevents/pressreleases/monetary20221102a.htm,XLK,0.0039917070873887,-0.0081102686545414,-0.0093194652649933,1,-0.0191100871479737,0.4876725675205239
2022-11-02,FOMC_statement,https://www.federalreserve.gov/newsevents/pressreleases/monetary20221102a.htm,XLP,-0.001213990058291,0.0037065419826793,0.0109435944001921,5,0.0109435944001921,1.0
2022-11-02,FOMC_statement,https://www.federalreserve.gov/newsevents/pressreleases/monetary20221102a.htm,XLRE,-0.0027424894990258,-0.0004887256276616,0.0098096750055715,5,0.0098096750055715,1.0
2022-11-02,FOMC_statement,https://www.federalreserve.gov/newsevents/pressreleases/monetary20221102a.htm,XLU,-0.0082696650525351,-0.0222241352264696,-0.0078740964489959,3,-0.0222241352264696,0.3543038398910397
2022-11-02,FOMC_statement,https://www.federalreserve.gov/newsevents/pressreleases/monetary20221102a.htm,XLV,-0.0049787206545732,-0.0010956753626318,0.0083405169210672,5,0.0083405169210672,1.0
2022-11-02,FOMC_statement,https://www.federalreserve.gov/newsevents/pressreleases/monetary20221102a.htm,XLY,0.0057610223316242,-0.0182612165408158,-0.0360877732576556,5,-0.0360877732576556,1.0
2022-11-30,Beige_Book,https://www.federalreserve.gov/monetarypolicy/beigebook202211.htm,XLB,-0.0050702335540294,0.0122522449144791,0.0172647980720945,4,0.0177759989809032,0.9712420714381292
2022-11-30,Beige_Book,https://www.federalreserve.gov/monetarypolicy/beigebook202211.htm,XLC,-0.0021222759790985,0.0124245762189874,-0.0052502620245367,5,-0.0052502620245367,1.0
2022-11-30,Beige_Book,https://www.federalreserve.gov/monetarypolicy/beigebook202211.htm,XLE,-0.0168264741727161,-0.0190317978295757,-0.0316206339508456,5,-0.0316206339508456,1.0
2022-11-30,Beige_Book,https://www.federalreserve.gov/monetarypolicy/beigebook202211.htm,XLF,-0.0076349757485604,-0.0153840328463418,-0.0121460285254699,3,-0.0153840328463418,0.7895217493869385
2022-11-30,Beige_Book,https://www.federalreserve.gov/monetarypolicy/beigebook202211.htm,XLI,-0.0078506111294597,0.0091630599623766,0.0121451037056375,5,0.0121451037056375,1.0
2022-11-30,Beige_Book,https://www.federalreserve.gov/monetarypolicy/beigebook202211.htm,XLK,0.0080730266740053,-0.0011486220859571,-0.0115100069241199,5,-0.0115100069241199,1.0
2022-11-30,Beige_Book,https://www.federalreserve.gov/monetarypolicy/beigebook202211.htm,XLP,0.0021005946267869,0.0073327032804793,0.0215069664052695,5,0.0215069664052695,1.0
2022-11-30,Beige_Book,https://www.federalreserve.gov/monetarypolicy/beigebook202211.htm,XLRE,-0.018424072642332,-0.0039479535134027,0.0067027571028488,5,0.0067027571028488,1.0
2022-11-30,Beige_Book,https://www.federalreserve.gov/monetarypolicy/beigebook202211.htm,XLU,0.0056886913709058,0.0086433213578954,0.026345919222417,4,0.0292880516004672,0.8995449605803322
2022-11-30,Beige_Book,https://www.federalreserve.gov/monetarypolicy/beigebook202211.htm,XLV,0.0007800369304432,0.015751493142344,0.0325080980164532,5,0.0325080980164532,1.0
2022-11-30,Beige_Book,https://www.federalreserve.gov/monetarypolicy/beigebook202211.htm,XLY,0.0014570500296708,-0.0104015909735916,-0.0158961397457338,5,-0.0158961397457338,1.0
2022-12-14,FOMC_statement,https://www.federalreserve.gov/newsevents/pressreleases/monetary20221214a.htm,XLB,-0.0062644461472642,-0.003045895891832,-0.0040790333478968,1,-0.0060561479096592,0.6735359520184409
2022-12-14,FOMC_statement,https://www.federalreserve.gov/newsevents/pressreleases/monetary20221214a.htm,XLC,-0.0092876686959966,-0.0178609102372034,-0.0141905041448157,3,-0.0178609102372034,0.7945006137065499
2022-12-14,FOMC_statement,https://www.federalreserve.gov/newsevents/pressreleases/monetary20221214a.htm,XLE,-0.0114050071428348,0.0262824934630921,0.0440504795699493,5,0.0440504795699493,1.0
2022-12-14,FOMC_statement,https://www.federalreserve.gov/newsevents/pressreleases/monetary20221214a.htm,XLF,0.0049974482827013,0.0147733439114779,0.0181482334940729,5,0.0181482334940729,1.0
2022-12-14,FOMC_statement,https://www.federalreserve.gov/newsevents/pressreleases/monetary20221214a.htm,XLI,0.0037986939126197,0.0110517909470208,0.0147859728640499,5,0.0147859728640499,1.0
2022-12-14,FOMC_statement,https://www.federalreserve.gov/newsevents/pressreleases/monetary20221214a.htm,XLK,-0.0042420166514745,-0.0192274778536329,-0.0174741775956095,3,-0.0192274778536329,0.9088127797431255
2022-12-14,FOMC_statement,https://www.federalreserve.gov/newsevents/pressreleases/monetary20221214a.htm,XLP,0.0090040447137232,0.0222100139017714,0.0150517136190408,3,0.0222100139017714,0.6776994235847967
2022-12-14,FOMC_statement,https://www.federalreserve.gov/newsevents/pressreleases/monetary20221214a.htm,XLRE,-0.0144395404959702,-0.0081071569080921,-0.0164910952307859,5,-0.0164910952307859,1.0
2022-12-14,FOMC_statement,https://www.federalreserve.gov/newsevents/pressreleases/monetary20221214a.htm,XLU,0.0045330853435721,0.0116306919876996,0.009523840295402,1,0.0123369978707311,0.7719738947184895
2022-12-14,FOMC_statement,https://www.federalreserve.gov/newsevents/pressreleases/monetary20221214a.htm,XLV,0.0044862552895226,0.0081269402615896,0.0047488184592159,3,0.0081269402615896,0.5843304252721366
2022-12-14,FOMC_statement,https://www.federalreserve.gov/newsevents/pressreleases/monetary20221214a.htm,XLY,0.0075697239331993,-0.0064278505993566,-0.0184531085194937,4,-0.0194400178096435,0.9492331077155584
2023-01-18,Beige_Book,https://www.federalreserve.gov/monetarypolicy/beigebook202301.htm,XLB,0.0081931669883295,-0.0077036106342609,-0.0043576960187672,3,-0.0077036106342609,0.565669297898684
2023-01-18,Beige_Book,https://www.federalreserve.gov/monetarypolicy/beigebook202301.htm,XLC,0.007528008391584,0.030509600560547,0.0319578786064218,5,0.0319578786064218,1.0
2023-01-18,Beige_Book,https://www.federalreserve.gov/monetarypolicy/beigebook202301.htm,XLE,-0.0039440927106689,0.0003431303944664,-0.0027111750683755,5,-0.0027111750683755,1.0
2023-01-18,Beige_Book,https://www.federalreserve.gov/monetarypolicy/beigebook202301.htm,XLF,0.004812403590731,-0.0075895283695633,0.0014937910393973,5,0.0014937910393973,1.0
2023-01-18,Beige_Book,https://www.federalreserve.gov/monetarypolicy/beigebook202301.htm,XLI,0.0066592181463972,-0.0190733643243403,-0.0173390482291151,3,-0.0190733643243403,0.9090713066801767
2023-01-18,Beige_Book,https://www.federalreserve.gov/monetarypolicy/beigebook202301.htm,XLK,-0.0063534075178542,0.0148042443163225,0.0129704133020984,4,0.0154308426103308,0.8405512018776495
2023-01-18,Beige_Book,https://www.federalreserve.gov/monetarypolicy/beigebook202301.htm,XLP,-0.0025009250709852,-0.0218941608590609,-0.0146172125077327,3,-0.0218941608590609,0.6676306345709233
2023-01-18,Beige_Book,https://www.federalreserve.gov/monetarypolicy/beigebook202301.htm,XLRE,-0.0020846328877827,-0.0138130607308828,-0.0077795308334565,3,-0.0138130607308828,0.5632010880878322
2023-01-18,Beige_Book,https://www.federalreserve.gov/monetarypolicy/beigebook202301.htm,XLU,-0.0004301852497687,-0.0271704531462466,-0.0349236356429982,5,-0.0349236356429982,1.0
2023-01-18,Beige_Book,https://www.federalreserve.gov/monetarypolicy/beigebook202301.htm,XLV,0.0028190392423224,-0.0124768753446468,-0.0181023749592286,5,-0.0181023749592286,1.0
2023-01-18,Beige_Book,https://www.federalreserve.gov/monetarypolicy/beigebook202301.htm,XLY,-0.0025478050043582,-8.447123956167868e-05,0.0045872197166317,5,0.0045872197166317,1.0
2023-02-01,FOMC_statement,https://www.federalreserve.gov/newsevents/pressreleases/monetary20230201a.htm,XLB,-0.0072690958522945,-0.030027877582008,-0.0267297256869214,3,-0.030027877582008,0.8901636692077507
2023-02-01,FOMC_statement,https://www.federalreserve.gov/newsevents/pressreleases/monetary20230201a.htm,XLC,0.0025751126870252,0.0357925224821475,0.0208420377285075,1,0.0511167109320553,0.4077343269642464
2023-02-01,FOMC_statement,https://www.federalreserve.gov/newsevents/pressreleases/monetary20230201a.htm,XLE,0.0058409236466052,-0.0273585289358995,-0.0059559713502784,1,-0.0373563916637429,0.15943647351944606
2023-02-01,FOMC_statement,https://www.federalreserve.gov/newsevents/pressreleases/monetary20230201a.htm,XLF,0.0011186076304354,0.0027358762657753,0.0061278885644844,5,0.0061278885644844,1.0
2023-02-01,FOMC_statement,https://www.federalreserve.gov/newsevents/pressreleases/monetary20230201a.htm,XLI,-0.002271046738028,0.0023276344807012,-0.0023323397752698,4,-0.0076318983053136,0.30560414748267045
2023-02-01,FOMC_statement,https://www.federalreserve.gov/newsevents/pressreleases/monetary20230201a.htm,XLK,0.0007572811796754,0.0089628249522779,0.019759695359011,4,0.0208775311302256,0.9464574731445977
2023-02-01,FOMC_statement,https://www.federalreserve.gov/newsevents/pressreleases/monetary20230201a.htm,XLP,0.0038738647982081,-0.0091358326727045,-0.0231505276954359,4,-0.0264328806379847,0.8758231088203086
2023-02-01,FOMC_statement,https://www.federalreserve.gov/newsevents/pressreleases/monetary20230201a.htm,XLRE,-0.0036107258469879,-0.001974271229199,-0.0107624215026472,4,-0.0189841042244404,0.5669175313940549
2023-02-01,FOMC_statement,https://www.federalreserve.gov/newsevents/pressreleases/monetary20230201a.htm,XLU,0.007266692033587,-0.0080144099977369,-0.0273942836659479,5,-0.0273942836659479,1.0
2023-02-01,FOMC_statement,https://www.federalreserve.gov/newsevents/pressreleases/monetary20230201a.htm,XLV,0.0017913124520916,-0.0131159243493212,-0.0117546921657109,1,-0.021348820955147,0.5506014683624463
2023-02-01,FOMC_statement,https://www.federalreserve.gov/newsevents/pressreleases/monetary20230201a.htm,XLY,-0.0082038097391003,0.0005508575897815,-0.0077929306809599,4,-0.0102121310736104,0.7631052348219405
2023-03-08,Beige_Book,https://www.federalreserve.gov/monetarypolicy/beigebook202303.htm,XLB,0.0043756144329877,-0.0229451499874808,-0.0528372267586998,5,-0.0528372267586998,1.0
2023-03-08,Beige_Book,https://www.federalreserve.gov/monetarypolicy/beigebook202303.htm,XLC,-0.0051024543769364,-0.0023405123966502,0.0264964173286404,5,0.0264964173286404,1.0
2023-03-08,Beige_Book,https://www.federalreserve.gov/monetarypolicy/beigebook202303.htm,XLE,0.0020825486883374,-0.0129448693109598,-0.0670385259466882,5,-0.0670385259466882,1.0
2023-03-08,Beige_Book,https://www.federalreserve.gov/monetarypolicy/beigebook202303.htm,XLF,0.0104899079078106,-0.0639779345328899,-0.0806698523270986,5,-0.0806698523270986,1.0
2023-03-08,Beige_Book,https://www.federalreserve.gov/monetarypolicy/beigebook202303.htm,XLI,-0.0024762448370918,-0.0047355449814898,-0.0290743953388845,5,-0.0290743953388845,1.0
2023-03-08,Beige_Book,https://www.federalreserve.gov/monetarypolicy/beigebook202303.htm,XLK,-0.0029010493705767,0.0078361509011473,0.0212087106687351,5,0.0212087106687351,1.0
2023-03-08,Beige_Book,https://www.federalreserve.gov/monetarypolicy/beigebook202303.htm,XLP,-0.0054290963123295,0.0251805122899793,0.0305163944350369,5,0.0305163944350369,1.0
2023-03-08,Beige_Book,https://www.federalreserve.gov/monetarypolicy/beigebook202303.htm,XLRE,0.0098007535820435,-0.0043397365955948,-0.0037157749473152,2,-0.0218315423366547,0.17020212727144304
2023-03-08,Beige_Book,https://www.federalreserve.gov/monetarypolicy/beigebook202303.htm,XLU,0.0010448873974349,0.0259027118449877,0.0423553584904178,5,0.0423553584904178,1.0
2023-03-08,Beige_Book,https://www.federalreserve.gov/monetarypolicy/beigebook202303.htm,XLV,0.0007815360960694,0.0261614736719089,0.0239536523186235,3,0.0261614736719089,0.9156079133395277
2023-03-08,Beige_Book,https://www.federalreserve.gov/monetarypolicy/beigebook202303.htm,XLY,-0.0016961192143475,0.0025990335533376,0.0078010288271513,5,0.0078010288271513,1.0
2023-03-22,FOMC_statement,https://www.federalreserve.gov/newsevents/pressreleases/monetary20230322a.htm,XLB,0.0010100999726441,0.0032433069624753,0.009625468935379,4,0.0102695694679783,0.937280668424545
2023-03-22,FOMC_statement,https://www.federalreserve.gov/newsevents/pressreleases/monetary20230322a.htm,XLC,-0.0082192465850843,0.0045895975924702,-0.0026218303263164,5,-0.0026218303263164,1.0
2023-03-22,FOMC_statement,https://www.federalreserve.gov/newsevents/pressreleases/monetary20230322a.htm,XLE,-0.0214897644615053,0.0001899155208526,0.0172265506979137,4,0.0178965683498771,0.9625616688705574
2023-03-22,FOMC_statement,https://www.federalreserve.gov/newsevents/pressreleases/monetary20230322a.htm,XLF,-0.0122143459880881,-0.0046311182911833,-0.0025945393152695,2,-0.0166368722968273,0.15595114688499992
2023-03-22,FOMC_statement,https://www.federalreserve.gov/newsevents/pressreleases/monetary20230322a.htm,XLI,0.0015466925311491,-0.0015251930930519,0.0058603173277907,5,0.0058603173277907,1.0
2023-03-22,FOMC_statement,https://www.federalreserve.gov/newsevents/pressreleases/monetary20230322a.htm,XLK,0.0050483830069931,-1.4584518653881773e-06,0.003963585805659,1,0.013561773707688,0.2922616090705077
2023-03-22,FOMC_statement,https://www.federalreserve.gov/newsevents/pressreleases/monetary20230322a.htm,XLP,0.0139553881529844,0.0073253990041671,0.0023864146490624,4,0.0113426113800465,0.21039375934720747
2023-03-22,FOMC_statement,https://www.federalreserve.gov/newsevents/pressreleases/monetary20230322a.htm,XLRE,0.0189061007579185,0.0051634182033084,0.0132991649294926,5,0.0132991649294926,1.0
2023-03-22,FOMC_statement,https://www.federalreserve.gov/newsevents/pressreleases/monetary20230322a.htm,XLU,0.033279735501113,0.0110679378768941,0.0160711003766218,5,0.0160711003766218,1.0
2023-03-22,FOMC_statement,https://www.federalreserve.gov/newsevents/pressreleases/monetary20230322a.htm,XLV,0.0070656801479977,0.0048996489329458,-0.0106598040832845,5,-0.0106598040832845,1.0
2023-03-22,FOMC_statement,https://www.federalreserve.gov/newsevents/pressreleases/monetary20230322a.htm,XLY,-0.0144978702721227,-0.0133800758212964,-0.0078848181932051,2,-0.0135587027982312,0.5815318995142893
2023-04-19,Beige_Book,https://www.federalreserve.gov/monetarypolicy/beigebook202304.htm,XLB,-0.0035246873418124,0.0005048323984337,-0.0128723458153225,5,-0.0128723458153225,1.0
2023-04-19,Beige_Book,https://www.federalreserve.gov/monetarypolicy/beigebook202304.htm,XLC,0.0057463233936042,-0.0052887870030804,-0.0113723344577904,5,-0.0113723344577904,1.0
2023-04-19,Beige_Book,https://www.federalreserve.gov/monetarypolicy/beigebook202304.htm,XLE,-0.0032919442421699,0.0042727916876832,-0.0077413701895761,2,-0.0099817120724643,0.7755553489597801
2023-04-19,Beige_Book,https://www.federalreserve.gov/monetarypolicy/beigebook202304.htm,XLF,-0.0023545400089488,-0.0053611275350234,-0.0119692310265309,5,-0.0119692310265309,1.0
2023-04-19,Beige_Book,https://www.federalreserve.gov/monetarypolicy/beigebook202304.htm,XLI,-0.0041180757052861,0.0019596695918353,-0.0152647044734679,5,-0.0152647044734679,1.0
2023-04-19,Beige_Book,https://www.federalreserve.gov/monetarypolicy/beigebook202304.htm,XLK,-0.0024310197220402,-0.0105677608512251,0.003061368061813,5,0.003061368061813,1.0
2023-04-19,Beige_Book,https://www.federalreserve.gov/monetarypolicy/beigebook202304.htm,XLP,-0.00238760579193,0.0172938672316099,0.0282884174014784,4,0.0318671825119318,0.8876974734395351
2023-04-19,Beige_Book,https://www.federalreserve.gov/monetarypolicy/beigebook202304.htm,XLRE,0.0022552837987911,-0.0099473135043891,-0.0071727379695507,3,-0.0099473135043891,0.7210728772533247
2023-04-19,Beige_Book,https://www.federalreserve.gov/monetarypolicy/beigebook202304.htm,XLU,0.0058493527479163,0.0112569711839506,0.0069040209595911,4,0.0261304190662745,0.2642139393968559
2023-04-19,Beige_Book,https://www.federalreserve.gov/monetarypolicy/beigebook202304.htm,XLV,0.0074946448750158,0.0118619792383064,0.0070883276592822,4,0.0170731637080262,0.4151736479835857
2023-04-19,Beige_Book,https://www.federalreserve.gov/monetarypolicy/beigebook202304.htm,XLY,-0.000969921437635,-0.0008545100879004,-0.0056853384850411,1,-0.009944187959797,0.5717247610389254
2023-05-03,FOMC_statement,https://www.federalreserve.gov/newsevents/pressreleases/monetary20230503a.htm,XLB,-0.0015511087880328,-0.004578316959755,-0.0132978963525079,5,-0.0132978963525079,1.0
2023-05-03,FOMC_statement,https://www.federalreserve.gov/newsevents/pressreleases/monetary20230503a.htm,XLC,0.0072947601326003,-0.0051380521112952,-0.0028233047440849,2,-0.0149862986365113,0.1883923984543087
2023-05-03,FOMC_statement,https://www.federalreserve.gov/newsevents/pressreleases/monetary20230503a.htm,XLE,0.0322443682429868,0.0043046021893758,-0.0069465617578351,5,-0.0069465617578351,1.0
2023-05-03,FOMC_statement,https://www.federalreserve.gov/newsevents/pressreleases/monetary20230503a.htm,XLF,0.0114331789759317,0.001744518018487,-0.0078281427477882,5,-0.0078281427477882,1.0
2023-05-03,FOMC_statement,https://www.federalreserve.gov/newsevents/pressreleases/monetary20230503a.htm,XLI,-0.0007954872861014,-0.0111131911767176,-0.0128044152457711,5,-0.0128044152457711,1.0
2023-05-03,FOMC_statement,https://www.federalreserve.gov/newsevents/pressreleases/monetary20230503a.htm,XLK,-0.001896427335333,0.0080635562468206,0.0123026932318025,5,0.0123026932318025,1.0
2023-05-03,FOMC_statement,https://www.federalreserve.gov/newsevents/pressreleases/monetary20230503a.htm,XLP,-0.0085298585829856,-0.0078701947451469,-0.0128404084218387,5,-0.0128404084218387,1.0
2023-05-03,FOMC_statement,https://www.federalreserve.gov/newsevents/pressreleases/monetary20230503a.htm,XLRE,0.0058732993526298,0.0061264499538786,0.012055864984468,1,0.0163900092115181,0.7355618187203778
2023-05-03,FOMC_statement,https://www.federalreserve.gov/newsevents/pressreleases/monetary20230503a.htm,XLU,0.0009170569901663,-0.0006840168702246,0.0068874213814172,1,0.0147221152024026,0.4678282493193095
2023-05-03,FOMC_statement,https://www.federalreserve.gov/newsevents/pressreleases/monetary20230503a.htm,XLV,-0.0069179564490047,-0.012821556272109,-0.0169909529780586,5,-0.0169909529780586,1.0
2023-05-03,FOMC_statement,https://www.federalreserve.gov/newsevents/pressreleases/monetary20230503a.htm,XLY,-0.012263829545884,0.0042373687635531,0.0087589531642002,5,0.0087589531642002,1.0
2023-05-31,Beige_Book,https://www.federalreserve.gov/monetarypolicy/beigebook20230531.htm,XLB,0.0057590068424924,0.0240641806501915,0.0436099139446441,5,0.0436099139446441,1.0
2023-05-31,Beige_Book,https://www.federalreserve.gov/monetarypolicy/beigebook20230531.htm,XLC,-0.00122754310685,-0.0047483196068073,-0.0105290212002048,5,-0.0105290212002048,1.0
2023-05-31,Beige_Book,https://www.federalreserve.gov/monetarypolicy/beigebook20230531.htm,XLE,0.0106640418706085,0.0141604837294495,0.0500010421394074,5,0.0500010421394074,1.0
2023-05-31,Beige_Book,https://www.federalreserve.gov/monetarypolicy/beigebook20230531.htm,XLF,0.0006925758182749,0.0052832447786286,0.0230632663370542,5,0.0230632663370542,1.0
2023-05-31,Beige_Book,https://www.federalreserve.gov/monetarypolicy/beigebook20230531.htm,XLI,0.0019061100150052,0.0128774071123427,0.0365029789030546,5,0.0365029789030546,1.0
2023-05-31,Beige_Book,https://www.federalreserve.gov/monetarypolicy/beigebook20230531.htm,XLK,-0.0049594952889981,-0.0119077486548835,-0.0258173940507717,5,-0.0258173940507717,1.0
2023-05-31,Beige_Book,https://www.federalreserve.gov/monetarypolicy/beigebook20230531.htm,XLP,0.0118204774441954,-0.0127672575292108,-0.019820847981444,4,-0.019989742477249,0.9915509418894605
2023-05-31,Beige_Book,https://www.federalreserve.gov/monetarypolicy/beigebook20230531.htm,XLRE,-0.0027001916264397,-0.0053052171259225,0.0204277510213003,5,0.0204277510213003,1.0
2023-05-31,Beige_Book,https://www.federalreserve.gov/monetarypolicy/beigebook20230531.htm,XLU,0.0042516166818845,-0.014282607702745,0.0032111908769725,5,0.0032111908769725,1.0
2023-05-31,Beige_Book,https://www.federalreserve.gov/monetarypolicy/beigebook20230531.htm,XLV,0.0065755583927604,0.000955349771902,-0.0100306598115941,5,-0.0100306598115941,1.0
2023-05-31,Beige_Book,https://www.federalreserve.gov/monetarypolicy/beigebook20230531.htm,XLY,-0.006330910356411,0.0162220760667523,0.0211292323660484,4,0.0244595840202931,0.8638426699537636
2023-06-14,FOMC_statement,https://www.federalreserve.gov/newsevents/pressreleases/monetary20230614a.htm,XLB,-0.0165921817026251,-0.0063516223292874,0.0020119970571832,4,0.0020119970571832,1.0
2023-06-14,FOMC_statement,https://www.federalreserve.gov/newsevents/pressreleases/monetary20230614a.htm,XLC,0.0033097295566331,-0.001076913269443,-0.0059002214200971,4,-0.0059002214200971,1.0
2023-06-14,FOMC_statement,https://www.federalreserve.gov/newsevents/pressreleases/monetary20230614a.htm,XLE,0.0018755393727953,-0.0166807006482637,-0.0036447209407534,3,-0.0166807006482637,0.21849927155984183
2023-06-14,FOMC_statement,https://www.federalreserve.gov/newsevents/pressreleases/monetary20230614a.htm,XLF,0.0005580159730182,-0.0001131305466202,0.0038048990623346,4,0.0038048990623346,1.0
2023-06-14,FOMC_statement,https://www.federalreserve.gov/newsevents/pressreleases/monetary20230614a.htm,XLI,-0.0050426951695266,0.0022495730413396,0.0129368240797012,4,0.0129368240797012,1.0
2023-06-14,FOMC_statement,https://www.federalreserve.gov/newsevents/pressreleases/monetary20230614a.htm,XLK,0.0005208258849691,-0.0059311572161911,-0.0156042275429318,4,-0.0156042275429318,1.0
2023-06-14,FOMC_statement,https://www.federalreserve.gov/newsevents/pressreleases/monetary20230614a.htm,XLP,0.0024885478695737,-0.0001815345185869,0.0084756690440708,4,0.0084756690440708,1.0
2023-06-14,FOMC_statement,https://www.federalreserve.gov/newsevents/pressreleases/monetary20230614a.htm,XLRE,-0.0006846812217711,-0.0113462544456874,-0.0105550326958783,3,-0.0113462544456874,0.9302658200028436
2023-06-14,FOMC_statement,https://www.federalreserve.gov/newsevents/pressreleases/monetary20230614a.htm,XLU,0.0067439915276236,0.0007196313463182,0.0138760563226194,4,0.0138760563226194,1.0
2023-06-14,FOMC_statement,https://www.federalreserve.gov/newsevents/pressreleases/monetary20230614a.htm,XLV,0.001550595947283,0.0105116117504476,0.0157874363614293,4,0.0157874363614293,1.0
2023-06-14,FOMC_statement,https://www.federalreserve.gov/newsevents/pressreleases/monetary20230614a.htm,XLY,-0.0037745135590649,0.008711995552063,0.0018206164315138,3,0.008711995552063,0.20897811765786292
2023-07-12,Beige_Book,https://www.federalreserve.gov/monetarypolicy/beigebook202307.htm,XLB,-0.0034809694859327,-0.0078540853077143,-0.0150667355589563,5,-0.0150667355589563,1.0
2023-07-12,Beige_Book,https://www.federalreserve.gov/monetarypolicy/beigebook202307.htm,XLC,-0.011048212513997,-0.0091325837875227,-0.0090921404479468,4,-0.0096884609265756,0.9384504429394885
2023-07-12,Beige_Book,https://www.federalreserve.gov/monetarypolicy/beigebook202307.htm,XLE,-0.0156162465666063,-0.0429773554004392,-0.0366986813794557,3,-0.0429773554004392,0.8539073900084756
2023-07-12,Beige_Book,https://www.federalreserve.gov/monetarypolicy/beigebook202307.htm,XLF,-0.0054864811261816,-0.0043291585860785,0.0015839108086108,5,0.0015839108086108,1.0
2023-07-12,Beige_Book,https://www.federalreserve.gov/monetarypolicy/beigebook202307.htm,XLI,-0.0054223064153633,-0.0086619795884219,-0.013177139807135,5,-0.013177139807135,1.0
2023-07-12,Beige_Book,https://www.federalreserve.gov/monetarypolicy/beigebook202307.htm,XLK,0.004213058620184,0.0135709830445776,0.0127533806072669,4,0.0174735138714257,0.7298692581875248
2023-07-12,Beige_Book,https://www.federalreserve.gov/monetarypolicy/beigebook202307.htm,XLP,0.0048708488055475,-0.0061659132576419,-0.0067622733649064,4,-0.0146766865253686,0.4607493219411503
2023-07-12,Beige_Book,https://www.federalreserve.gov/monetarypolicy/beigebook202307.htm,XLRE,-0.0049709783074052,-0.0125455082801995,-0.0195080756545089,4,-0.0282964316153775,0.6894182248728272
2023-07-12,Beige_Book,https://www.federalreserve.gov/monetarypolicy/beigebook202307.htm,XLU,-0.0060718001913988,-0.022739585522196,-0.0298938489090073,4,-0.0378882412499442,0.7890007010829865
2023-07-12,Beige_Book,https://www.federalreserve.gov/monetarypolicy/beigebook202307.htm,XLV,0.0061378466283883,7.241915810363153e-05,0.002435423528625,2,0.0081005370074144,0.30064963920242116
2023-07-12,Beige_Book,https://www.federalreserve.gov/monetarypolicy/beigebook202307.htm,XLY,-0.0019896582861993,0.0052244690237274,0.003185137434232,3,0.0052244690237274,0.6096576359753325
2023-07-26,FOMC_statement,https://www.federalreserve.gov/newsevents/pressreleases/monetary20230726a.htm,XLB,-0.0152441288672608,0.0007271942726413,0.0006457501578086,3,0.0007271942726413,0.8880022603356318
2023-07-26,FOMC_statement,https://www.federalreserve.gov/newsevents/pressreleases/monetary20230726a.htm,XLC,-0.0004671296090397,0.0227227170924375,0.0194096871412269,2,0.0249172918261474,0.7789645550829485
2023-07-26,FOMC_statement,https://www.federalreserve.gov/newsevents/pressreleases/monetary20230726a.htm,XLE,-0.0025232168842799,0.010574703247788,0.0095674529080272,3,0.010574703247788,0.904749068020278
2023-07-26,FOMC_statement,https://www.federalreserve.gov/newsevents/pressreleases/monetary20230726a.htm,XLF,0.0091907246049208,-0.012026069818888,-0.0037453018842499,2,-0.01381539708236,0.27109621691815405
2023-07-26,FOMC_statement,https://www.federalreserve.gov/newsevents/pressreleases/monetary20230726a.htm,XLI,0.0040052514306162,-0.0050958299204019,0.0041911109430494,5,0.0041911109430494,1.0
2023-07-26,FOMC_statement,https://www.federalreserve.gov/newsevents/pressreleases/monetary20230726a.htm,XLK,-0.0087184803108359,0.007957624465076,0.0016706406075653,4,0.0125010251559917,0.13364028843383038
2023-07-26,FOMC_statement,https://www.federalreserve.gov/newsevents/pressreleases/monetary20230726a.htm,XLP,0.0029933631766716,-0.0081246406360627,0.0068192315638136,5,0.0068192315638136,1.0
2023-07-26,FOMC_statement,https://www.federalreserve.gov/newsevents/pressreleases/monetary20230726a.htm,XLRE,0.0101718109774212,-0.0211645954759019,-0.0104223763464109,2,-0.027178157178939,0.38348355548136454
2023-07-26,FOMC_statement,https://www.federalreserve.gov/newsevents/pressreleases/monetary20230726a.htm,XLU,0.0009726503641613,-0.0245394114578968,-0.0199931513786103,4,-0.0339040237278873,0.5896984835509421
2023-07-26,FOMC_statement,https://www.federalreserve.gov/newsevents/pressreleases/monetary20230726a.htm,XLV,0.003171268612322,-0.0171540820282647,-0.0049251952597151,4,-0.0195103395128647,0.2524402641208541
2023-07-26,FOMC_statement,https://www.federalreserve.gov/newsevents/pressreleases/monetary20230726a.htm,XLY,0.0050542893894583,0.0071920244303286,-0.0053054309585273,5,-0.0053054309585273,1.0
2023-09-06,Beige_Book,https://www.federalreserve.gov/monetarypolicy/beigebook202309.htm,XLB,0.0141701498056315,-0.0042621824727608,-0.0081115695132892,5,-0.0081115695132892,1.0
2023-09-06,Beige_Book,https://www.federalreserve.gov/monetarypolicy/beigebook202309.htm,XLC,-0.0041728553731236,0.0112724802104023,0.0084174712880601,3,0.0112724802104023,0.7467275285426908
2023-09-06,Beige_Book,https://www.federalreserve.gov/monetarypolicy/beigebook202309.htm,XLE,-0.0096117918706177,-0.0094916952296396,0.0108575435793185,4,0.0195520603684704,0.555314548681905
2023-09-06,Beige_Book,https://www.federalreserve.gov/monetarypolicy/beigebook202309.htm,XLF,0.0057671234112552,-0.0009254495854051,0.0100686829561583,4,0.0112347211232574,0.8962112050395944
2023-09-06,Beige_Book,https://www.federalreserve.gov/monetarypolicy/beigebook202309.htm,XLI,0.012498066005677,-0.0130071657153529,-0.0189328425571149,5,-0.0189328425571149,1.0
2023-09-06,Beige_Book,https://www.federalreserve.gov/monetarypolicy/beigebook202309.htm,XLK,-0.0078975946408894,-0.0121764962585867,-0.0234710846118076,4,-0.0248265827227881,0.9454013415331503
2023-09-06,Beige_Book,https://www.federalreserve.gov/monetarypolicy/beigebook202309.htm,XLP,0.004272487481571,0.0072709218629151,0.006085924372888,3,0.0072709218629151,0.8370223869312765
2023-09-06,Beige_Book,https://www.federalreserve.gov/monetarypolicy/beigebook202309.htm,XLRE,0.0056778362099689,-0.0027721423975776,-0.0085502411134703,5,-0.0085502411134703,1.0
2023-09-06,Beige_Book,https://www.federalreserve.gov/monetarypolicy/beigebook202309.htm,XLU,0.0110038231502432,0.0209868947932162,0.0385324694272688,5,0.0385324694272688,1.0
2023-09-06,Beige_Book,https://www.federalreserve.gov/monetarypolicy/beigebook202309.htm,XLV,0.0060096868376436,0.0063661894328558,0.009557940676938,4,0.0105733736776817,0.9039631973958248
2023-09-06,Beige_Book,https://www.federalreserve.gov/monetarypolicy/beigebook202309.htm,XLY,-0.0050293020724412,0.024684217452679,0.0278640603564691,5,0.0278640603564691,1.0
2023-09-20,FOMC_statement,https://www.federalreserve.gov/newsevents/pressreleases/monetary20230920a.htm,XLB,-0.0012093947221398,0.0013529759877767,0.001084517083055,4,0.001612204653013,0.6726919445544207
2023-09-20,FOMC_statement,https://www.federalreserve.gov/newsevents/pressreleases/monetary20230920a.htm,XLC,-0.0028158197364012,0.0034653832980643,0.0092731727468636,5,0.0092731727468636,1.0
2023-09-20,FOMC_statement,https://www.federalreserve.gov/newsevents/pressreleases/monetary20230920a.htm,XLE,0.0072628371106214,0.0150776851810118,0.0485334800985617,5,0.0485334800985617,1.0
2023-09-20,FOMC_statement,https://www.federalreserve.gov/newsevents/pressreleases/monetary20230920a.htm,XLF,-0.0009232659443304,-0.0072431858394126,-0.0077905714995246,5,-0.0077905714995246,1.0
2023-09-20,FOMC_statement,https://www.federalreserve.gov/newsevents/pressreleases/monetary20230920a.htm,XLI,0.002129070208885,-0.0002159446820045,0.0062719498497088,5,0.0062719498497088,1.0
2023-09-20,FOMC_statement,https://www.federalreserve.gov/newsevents/pressreleases/monetary20230920a.htm,XLK,-0.0015421887014454,0.0046825680182753,0.0025116665330102,2,0.0056639881209576,0.44344488006898525
2023-09-20,FOMC_statement,https://www.federalreserve.gov/newsevents/pressreleases/monetary20230920a.htm,XLP,0.0003025231946286,-0.0072590095227791,-0.0086239802007781,5,-0.0086239802007781,1.0
2023-09-20,FOMC_statement,https://www.federalreserve.gov/newsevents/pressreleases/monetary20230920a.htm,XLRE,0.0031780473826367,-0.0287230321739886,-0.0409564546173494,5,-0.0409564546173494,1.0
2023-09-20,FOMC_statement,https://www.federalreserve.gov/newsevents/pressreleases/monetary20230920a.htm,XLU,0.0033635744527698,0.0008015326194548,-0.034057861255729,5,-0.034057861255729,1.0
2023-09-20,FOMC_statement,https://www.federalreserve.gov/newsevents/pressreleases/monetary20230920a.htm,XLV,-0.0029108015362577,0.0092160650189021,0.0100162721193166,4,0.0154248781831007,0.649358263995258
2023-09-20,FOMC_statement,https://www.federalreserve.gov/newsevents/pressreleases/monetary20230920a.htm,XLY,0.0029374209474717,-0.0164115723383794,-0.024175396073768,5,-0.024175396073768,1.0
2023-10-18,Beige_Book,https://www.federalreserve.gov/monetarypolicy/beigebook202310.htm,XLB,-0.009867411876786,-0.0120881767523152,-0.0051372600403875,3,-0.0120881767523152,0.42498220746181437
2023-10-18,Beige_Book,https://www.federalreserve.gov/monetarypolicy/beigebook202310.htm,XLC,-0.0035673618753853,0.0177933869447945,-0.0068845250523151,5,-0.0068845250523151,1.0
2023-10-18,Beige_Book,https://www.federalreserve.gov/monetarypolicy/beigebook202310.htm,XLE,-0.0104683298594852,-0.0118833269176863,-0.0209746569091526,4,-0.0334991029809467,0.6261259270459381
2023-10-18,Beige_Book,https://www.federalreserve.gov/monetarypolicy/beigebook202310.htm,XLF,-0.0048134152602301,-0.0119707095703157,-0.0020073919366246,4,-0.0126350890074377,0.1588743803421519
2023-10-18,Beige_Book,https://www.federalreserve.gov/monetarypolicy/beigebook202310.htm,XLI,-0.0031577594666694,-0.001419604499472,9.476526744733872e-05,2,0.0015074630578781,0.06286407282227532
2023-10-18,Beige_Book,https://www.federalreserve.gov/monetarypolicy/beigebook202310.htm,XLK,0.0045943210497235,0.0013322869866391,0.003230326018108,5,0.003230326018108,1.0
2023-10-18,Beige_Book,https://www.federalreserve.gov/monetarypolicy/beigebook202310.htm,XLP,-0.0043428357009382,0.0096754092975241,0.0283747478985892,5,0.0283747478985892,1.0
2023-10-18,Beige_Book,https://www.federalreserve.gov/monetarypolicy/beigebook202310.htm,XLRE,0.0051429051812698,-0.015498523290393,-0.0170440365218874,5,-0.0170440365218874,1.0
2023-10-18,Beige_Book,https://www.federalreserve.gov/monetarypolicy/beigebook202310.htm,XLU,0.0026248683730728,-0.005999816416105,0.0321255823786769,5,0.0321255823786769,1.0
2023-10-18,Beige_Book,https://www.federalreserve.gov/monetarypolicy/beigebook202310.htm,XLV,0.0013264641478357,0.002736410623773,0.0036832256955888,2,0.0072501161072514,0.508022994542794
2023-10-18,Beige_Book,https://www.federalreserve.gov/monetarypolicy/beigebook202310.htm,XLY,-0.0023983519936072,-0.0170671509419941,-0.0197840786558268,2,-0.0199870152219762,0.9898465796970891
2023-11-01,FOMC_statement,https://www.federalreserve.gov/newsevents/pressreleases/monetary20231101a.htm,XLB,0.0017902913469922,-0.0004939232409588,-0.0203381772921209,4,-0.0227276841787071,0.8948636003651943
2023-11-01,FOMC_statement,https://www.federalreserve.gov/newsevents/pressreleases/monetary20231101a.htm,XLC,0.0011551476091336,-0.0046755216705782,-0.0076348250718353,5,-0.0076348250718353,1.0
2023-11-01,FOMC_statement,https://www.federalreserve.gov/newsevents/pressreleases/monetary20231101a.htm,XLE,0.002982507153822,-0.0217056779444565,-0.0599841261172821,5,-0.0599841261172821,1.0
2023-11-01,FOMC_statement,https://www.federalreserve.gov/newsevents/pressreleases/monetary20231101a.htm,XLF,-0.0046539824324693,0.0032898558599984,-0.0005836543028625,4,-0.0010406430794265,0.5608592555904497
2023-11-01,FOMC_statement,https://www.federalreserve.gov/newsevents/pressreleases/monetary20231101a.htm,XLI,-0.0010939346059086,-0.0038369802582889,-0.007607298244769,4,-0.0091502028691849,0.8313802823310144
2023-11-01,FOMC_statement,https://www.federalreserve.gov/newsevents/pressreleases/monetary20231101a.htm,XLK,-0.0008430397292211,0.0032119050927175,0.0162297251018241,5,0.0162297251018241,1.0
2023-11-01,FOMC_statement,https://www.federalreserve.gov/newsevents/pressreleases/monetary20231101a.htm,XLP,0.0027309665400947,-0.0148419841974813,-0.0198632047415602,5,-0.0198632047415602,1.0
2023-11-01,FOMC_statement,https://www.federalreserve.gov/newsevents/pressreleases/monetary20231101a.htm,XLRE,-0.0137505188981694,0.0103144265877656,0.0041858358422072,2,0.0262865671324037,0.1592385883300555
2023-11-01,FOMC_statement,https://www.federalreserve.gov/newsevents/pressreleases/monetary20231101a.htm,XLU,-0.0023375078241489,-0.0086031677696035,-0.0268219206726106,5,-0.0268219206726106,1.0
2023-11-01,FOMC_statement,https://www.federalreserve.gov/newsevents/pressreleases/monetary20231101a.htm,XLV,0.000546568814979,-0.0030822413830486,-0.0073614471968092,2,-0.0074529089450874,0.9877280470012334
2023-11-01,FOMC_statement,https://www.federalreserve.gov/newsevents/pressreleases/monetary20231101a.htm,XLY,-0.0012714516878009,0.0108180619222222,0.015746969654548,4,0.0191304268932994,0.8231373895824308
2023-11-29,Beige_Book,https://www.federalreserve.gov/monetarypolicy/beigebook202311.htm,XLB,-0.0009847436045635,0.0050912708230472,-0.0064908773811395,4,-0.0084285982067475,0.7701016493992132
2023-11-29,Beige_Book,https://www.federalreserve.gov/monetarypolicy/beigebook202311.htm,XLC,-0.0014206350105379,-0.0184523479327317,-0.0214618672399018,4,-0.0228787009850632,0.938071932226991
2023-11-29,Beige_Book,https://www.federalreserve.gov/monetarypolicy/beigebook202311.htm,XLE,0.0007537340533818,0.0026762071910773,-0.0254975213217113,5,-0.0254975213217113,1.0
2023-11-29,Beige_Book,https://www.federalreserve.gov/monetarypolicy/beigebook202311.htm,XLF,0.0012737729419518,0.0130787278398647,0.0073167210591111,3,0.0130787278398647,0.5594367547590768
2023-11-29,Beige_Book,https://www.federalreserve.gov/monetarypolicy/beigebook202311.htm,XLI,0.0033543540199004,0.0237931126023883,0.0243834246766647,5,0.0243834246766647,1.0
2023-11-29,Beige_Book,https://www.federalreserve.gov/monetarypolicy/beigebook202311.htm,XLK,-0.0009080115659427,-0.013053332892392,-0.0112851058849718,3,-0.013053332892392,0.8645382737116287
2023-11-29,Beige_Book,https://www.federalreserve.gov/monetarypolicy/beigebook202311.htm,XLP,-0.0035675267971424,0.0107743350282772,0.004564418832735,3,0.0107743350282772,0.42363810116872186
2023-11-29,Beige_Book,https://www.federalreserve.gov/monetarypolicy/beigebook202311.htm,XLRE,-0.0044967652662726,0.0299951690976371,0.0266202248513859,3,0.0299951690976371,0.8874837399560763
2023-11-29,Beige_Book,https://www.federalreserve.gov/monetarypolicy/beigebook202311.htm,XLU,-0.0021951047676298,0.0080505051662645,0.0185355885662491,5,0.0185355885662491,1.0
2023-11-29,Beige_Book,https://www.federalreserve.gov/monetarypolicy/beigebook202311.htm,XLV,0.006131564747031,0.0138220227419872,0.0175198003031332,5,0.0175198003031332,1.0
2023-11-29,Beige_Book,https://www.federalreserve.gov/monetarypolicy/beigebook202311.htm,XLY,-0.0047662204289296,0.0038633563355791,0.0113145685863309,5,0.0113145685863309,1.0
2023-12-13,FOMC_statement,https://www.federalreserve.gov/newsevents/pressreleases/monetary20231213a.htm,XLB,-0.0012503207920786,0.0083322905537981,0.0099929473361787,1,0.0133382142902469,0.749196790419366
2023-12-13,FOMC_statement,https://www.federalreserve.gov/newsevents/pressreleases/monetary20231213a.htm,XLC,0.0004205702561521,0.0069937790783306,0.0172188082777242,5,0.0172188082777242,1.0
2023-12-13,FOMC_statement,https://www.federalreserve.gov/newsevents/pressreleases/monetary20231213a.htm,XLE,0.0182925724674486,0.0250638312305979,0.0355650931162683,5,0.0355650931162683,1.0
2023-12-13,FOMC_statement,https://www.federalreserve.gov/newsevents/pressreleases/monetary20231213a.htm,XLF,-0.0025855690195291,0.000239291949872,-0.0023091669975993,5,-0.0023091669975993,1.0
2023-12-13,FOMC_statement,https://www.federalreserve.gov/newsevents/pressreleases/monetary20231213a.htm,XLI,2.1634202108655742e-05,0.0043304642537849,0.0036909691373583,2,0.0100000589289743,0.36909473869839293
2023-12-13,FOMC_statement,https://www.federalreserve.gov/newsevents/pressreleases/monetary20231213a.htm,XLK,-0.002071456114816,-0.0016222519422748,-0.0051516395874081,1,-0.0056672439047851,0.9090202705160346
2023-12-13,FOMC_statement,https://www.federalreserve.gov/newsevents/pressreleases/monetary20231213a.htm,XLP,0.0013176873189439,-0.0114393767313015,-0.0211223259349504,5,-0.0211223259349504,1.0
2023-12-13,FOMC_statement,https://www.federalreserve.gov/newsevents/pressreleases/monetary20231213a.htm,XLRE,0.0048299611597545,0.0056213702733027,0.0076565765691315,1,0.0244557276893868,0.3130790735969092
2023-12-13,FOMC_statement,https://www.federalreserve.gov/newsevents/pressreleases/monetary20231213a.htm,XLU,0.0086411637537137,-0.0398404758466941,-0.0466568292239623,5,-0.0466568292239623,1.0
2023-12-13,FOMC_statement,https://www.federalreserve.gov/newsevents/pressreleases/monetary20231213a.htm,XLV,0.0002795335235483,-0.0189089713978972,-0.0188839350634943,3,-0.0189089713978972,0.9986759547160939
2023-12-13,FOMC_statement,https://www.federalreserve.gov/newsevents/pressreleases/monetary20231213a.htm,XLY,0.0014572498186831,0.0145158294663061,0.0118796901519757,4,0.0162683664871725,0.7302325135927297
2024-01-17,Beige_Book,https://www.federalreserve.gov/monetarypolicy/beigebook202401-summary.htm,XLB,0.0078326309558224,-0.0164054416650452,-0.030677592215589,5,-0.030677592215589,1.0
2024-01-17,Beige_Book,https://www.federalreserve.gov/monetarypolicy/beigebook202401-summary.htm,XLC,0.002019058252167,0.0042779750473054,0.0163446319829256,5,0.0163446319829256,1.0
2024-01-17,Beige_Book,https://www.federalreserve.gov/monetarypolicy/beigebook202401-summary.htm,XLE,0.0201555739475347,-0.0181014567961994,-0.0057377232327644,2,-0.0197293079800049,0.2908223257794658
2024-01-17,Beige_Book,https://www.federalreserve.gov/monetarypolicy/beigebook202401-summary.htm,XLF,0.0032436561986144,-0.0010449931012495,0.0004496229575101,5,0.0004496229575101,1.0
2024-01-17,Beige_Book,https://www.federalreserve.gov/monetarypolicy/beigebook202401-summary.htm,XLI,0.0064081455239536,0.0043149416041554,-0.0066710693845445,5,-0.0066710693845445,1.0
2024-01-17,Beige_Book,https://www.federalreserve.gov/monetarypolicy/beigebook202401-summary.htm,XLK,-0.006168273023926,0.0242581265415009,0.0311630561001803,5,0.0311630561001803,1.0
2024-01-17,Beige_Book,https://www.federalreserve.gov/monetarypolicy/beigebook202401-summary.htm,XLP,0.0018234055720477,-0.0324811974514105,-0.037891460787285,5,-0.037891460787285,1.0
2024-01-17,Beige_Book,https://www.federalreserve.gov/monetarypolicy/beigebook202401-summary.htm,XLRE,0.0023984705569261,-0.0156491534802407,-0.0387658075021745,5,-0.0387658075021745,1.0
2024-01-17,Beige_Book,https://www.federalreserve.gov/monetarypolicy/beigebook202401-summary.htm,XLU,0.0072257824830673,-0.0405603269212458,-0.0564128220393137,5,-0.0564128220393137,1.0
2024-01-17,Beige_Book,https://www.federalreserve.gov/monetarypolicy/beigebook202401-summary.htm,XLV,0.0023062014758268,-0.0186685189291183,-0.0325367848634499,5,-0.0325367848634499,1.0
2024-01-17,Beige_Book,https://www.federalreserve.gov/monetarypolicy/beigebook202401-summary.htm,XLY,-0.0025213909956665,-0.0125452917720473,-0.0227667052946548,5,-0.0227667052946548,1.0
2024-01-31,FOMC_statement,https://www.federalreserve.gov/newsevents/pressreleases/monetary20240131a.htm,XLB,-0.0053560897563533,-0.0345660901037199,-0.0201426982718584,3,-0.0345660901037199,0.5827300169448641
2024-01-31,FOMC_statement,https://www.federalreserve.gov/newsevents/pressreleases/monetary20240131a.htm,XLC,0.0059926350796207,0.0164370480263214,0.0072439381028198,2,0.0268412413389473,0.2698808900581162
2024-01-31,FOMC_statement,https://www.federalreserve.gov/newsevents/pressreleases/monetary20240131a.htm,XLE,-0.0111146018453502,-0.0211699502445058,-0.0271387720143349,5,-0.0271387720143349,1.0
2024-01-31,FOMC_statement,https://www.federalreserve.gov/newsevents/pressreleases/monetary20240131a.htm,XLF,-0.0134186831965676,-0.0202050054726692,-0.0219161919106358,5,-0.0219161919106358,1.0
2024-01-31,FOMC_statement,https://www.federalreserve.gov/newsevents/pressreleases/monetary20240131a.htm,XLI,-0.0011237688132073,-0.0017106769858292,0.0026449990366077,4,0.0043463704759625,0.6085535163732142
2024-01-31,FOMC_statement,https://www.federalreserve.gov/newsevents/pressreleases/monetary20240131a.htm,XLK,0.0074783211349875,0.0052374497798461,0.0026384671889846,3,0.0052374497798461,0.5037694488522867
2024-01-31,FOMC_statement,https://www.federalreserve.gov/newsevents/pressreleases/monetary20240131a.htm,XLP,-0.0063858784055828,-0.0089681579460251,-0.0188533406743479,5,-0.0188533406743479,1.0
2024-01-31,FOMC_statement,https://www.federalreserve.gov/newsevents/pressreleases/monetary20240131a.htm,XLRE,0.0085115903635925,-0.0348695749234685,-0.0314586557108861,3,-0.0348695749234685,0.9021806483139337
2024-01-31,FOMC_statement,https://www.federalreserve.gov/newsevents/pressreleases/monetary20240131a.htm,XLU,-0.0004486835324332,-0.0397960559066196,-0.0467241655183433,5,-0.0467241655183433,1.0
2024-01-31,FOMC_statement,https://www.federalreserve.gov/newsevents/pressreleases/monetary20240131a.htm,XLV,-0.0030551699180774,-0.0053876106613024,-0.0030402147658028,2,-0.012127377346377,0.2506902093477821
2024-01-31,FOMC_statement,https://www.federalreserve.gov/newsevents/pressreleases/monetary20240131a.htm,XLY,-0.0001992622880604,0.0030277846385927,0.0090480543831529,2,0.0134852119934321,0.6709612268282995
2024-03-06,Beige_Book,https://www.federalreserve.gov/monetarypolicy/beigebook202402-summary.htm,XLB,-0.0046893771120068,0.0147308966889545,0.0152808564764317,5,0.0152808564764317,1.0
2024-03-06,Beige_Book,https://www.federalreserve.gov/monetarypolicy/beigebook202402-summary.htm,XLC,-0.001889725945859,0.0097361872659933,0.0111045739125227,5,0.0111045739125227,1.0
2024-03-06,Beige_Book,https://www.federalreserve.gov/monetarypolicy/beigebook202402-summary.htm,XLE,-0.0174180139044252,0.0192792160739339,0.0244830592328911,5,0.0244830592328911,1.0
2024-03-06,Beige_Book,https://www.federalreserve.gov/monetarypolicy/beigebook202402-summary.htm,XLF,-0.0102416193002147,-0.0010923238133753,0.0012376988905961,5,0.0012376988905961,1.0
2024-03-06,Beige_Book,https://www.federalreserve.gov/monetarypolicy/beigebook202402-summary.htm,XLI,-0.0017947221738279,-0.0023584970916197,-0.004410069456202,4,-0.0086777520938154,0.5082041303467333
2024-03-06,Beige_Book,https://www.federalreserve.gov/monetarypolicy/beigebook202402-summary.htm,XLK,0.0145834417556033,-0.0049030748583757,-0.0043928136067827,3,-0.0049030748583757,0.8959303566982373
2024-03-06,Beige_Book,https://www.federalreserve.gov/monetarypolicy/beigebook202402-summary.htm,XLP,-0.0124096746406975,0.0001792843412712,-0.0013488515747739,2,-0.0061358082693144,0.219832745022298
2024-03-06,Beige_Book,https://www.federalreserve.gov/monetarypolicy/beigebook202402-summary.htm,XLRE,0.002758948957219,0.0037957766489524,-0.0141667287603394,5,-0.0141667287603394,1.0
2024-03-06,Beige_Book,https://www.federalreserve.gov/monetarypolicy/beigebook202402-summary.htm,XLU,-0.0071261643609614,0.0109607565728644,-0.0011292910961513,4,-0.0094737126751814,0.11920259088179244
2024-03-06,Beige_Book,https://www.federalreserve.gov/monetarypolicy/beigebook202402-summary.htm,XLV,-0.0025344673746663,-0.0007944352991047,-0.0092148170986345,5,-0.0092148170986345,1.0
2024-03-06,Beige_Book,https://www.federalreserve.gov/monetarypolicy/beigebook202402-summary.htm,XLY,0.0024428875442752,-0.0018561172381278,-0.0045216052554672,5,-0.0045216052554672,1.0
2024-03-20,FOMC_statement,https://www.federalreserve.gov/newsevents/pressreleases/monetary20240320a.htm,XLB,0.0054469842199227,-0.0003671888932909,0.0066535900267251,5,0.0066535900267251,1.0
2024-03-20,FOMC_statement,https://www.federalreserve.gov/newsevents/pressreleases/monetary20240320a.htm,XLC,0.0059289529473885,0.0003810762260763,-0.0030990423145449,5,-0.0030990423145449,1.0
2024-03-20,FOMC_statement,https://www.federalreserve.gov/newsevents/pressreleases/monetary20240320a.htm,XLE,-0.0058536204983232,0.0144766380439148,0.0094924502931443,3,0.0144766380439148,0.6557082013343848
2024-03-20,FOMC_statement,https://www.federalreserve.gov/newsevents/pressreleases/monetary20240320a.htm,XLF,0.000663543706123,-0.005783937012145,0.0028883677923123,1,0.0048765642146093,0.5922956543172907
2024-03-20,FOMC_statement,https://www.federalreserve.gov/newsevents/pressreleases/monetary20240320a.htm,XLI,-0.0030578999549526,0.0013490445601163,0.0072294349751049,5,0.0072294349751049,1.0
2024-03-20,FOMC_statement,https://www.federalreserve.gov/newsevents/pressreleases/monetary20240320a.htm,XLK,0.0003706100029954,-0.0042189035424438,-0.0097958857596861,5,-0.0097958857596861,1.0
2024-03-20,FOMC_statement,https://www.federalreserve.gov/newsevents/pressreleases/monetary20240320a.htm,XLP,0.0018466809345618,-0.0057635283045017,-0.0013225121229946,3,-0.0057635283045017,0.2294622413776696
2024-03-20,FOMC_statement,https://www.federalreserve.gov/newsevents/pressreleases/monetary20240320a.htm,XLRE,0.0055572724040013,-0.0104476248663668,0.0041559066397693,5,0.0041559066397693,1.0
2024-03-20,FOMC_statement,https://www.federalreserve.gov/newsevents/pressreleases/monetary20240320a.htm,XLU,-0.0032993723866128,0.0058974619410738,0.0158674016535831,5,0.0158674016535831,1.0
2024-03-20,FOMC_statement,https://www.federalreserve.gov/newsevents/pressreleases/monetary20240320a.htm,XLV,-0.001071294596352,-8.798945896271171e-05,0.0103127575407753,5,0.0103127575407753,1.0
2024-03-20,FOMC_statement,https://www.federalreserve.gov/newsevents/pressreleases/monetary20240320a.htm,XLY,-0.0031010370171837,-0.0048252242758132,0.0014517523446467,1,0.0025340016504715,0.5729089972678484
2024-04-17,Beige_Book,https://www.federalreserve.gov/monetarypolicy/beigebook202404-summary.htm,XLB,0.0058864324320487,0.0021393800866149,-0.0172198368095014,4,-0.0183740267175098,0.9371836165390737
2024-04-17,Beige_Book,https://www.federalreserve.gov/monetarypolicy/beigebook202404-summary.htm,XLC,0.0015386558754116,-0.0031134053182244,0.0013182743599079,1,0.0069352491004677,0.19008320260897307
2024-04-17,Beige_Book,https://www.federalreserve.gov/monetarypolicy/beigebook202404-summary.htm,XLE,0.0068917311152659,0.0170662065701183,0.0119469743291883,2,0.0197470435169169,0.6050006584000063
2024-04-17,Beige_Book,https://www.federalreserve.gov/monetarypolicy/beigebook202404-summary.htm,XLF,0.0049497853922956,0.031047752062166,0.0257743164763289,3,0.031047752062166,0.8301508084940173
2024-04-17,Beige_Book,https://www.federalreserve.gov/monetarypolicy/beigebook202404-summary.htm,XLI,0.0004708528135369,0.0038397570569608,-0.0015918552845258,5,-0.0015918552845258,1.0
2024-04-17,Beige_Book,https://www.federalreserve.gov/monetarypolicy/beigebook202404-summary.htm,XLK,-0.0030148893677275,-0.0215073530370963,-0.0135076162475772,3,-0.0215073530370963,0.6280464278555804
2024-04-17,Beige_Book,https://www.federalreserve.gov/monetarypolicy/beigebook202404-summary.htm,XLP,-0.0022345651339636,0.0255151498830884,0.0244810840534834,3,0.0255151498830884,0.9594724767699528
2024-04-17,Beige_Book,https://www.federalreserve.gov/monetarypolicy/beigebook202404-summary.htm,XLRE,0.0134812161584663,0.013856344364692,0.0154235532602267,5,0.0154235532602267,1.0
2024-04-17,Beige_Book,https://www.federalreserve.gov/monetarypolicy/beigebook202404-summary.htm,XLU,0.0113815639278608,0.0317282076645083,0.0310604863844636,2,0.0317671167364858,0.9777559179234354
2024-04-17,Beige_Book,https://www.federalreserve.gov/monetarypolicy/beigebook202404-summary.htm,XLV,-0.0021845459399805,0.0090753388514036,0.0076179750991621,2,0.0144703726870009,0.5264532755265882
2024-04-17,Beige_Book,https://www.federalreserve.gov/monetarypolicy/beigebook202404-summary.htm,XLY,0.0038606377262672,-0.008972753609697,0.0011035940018558,5,0.0011035940018558,1.0
2024-05-01,FOMC_statement,https://www.federalreserve.gov/newsevents/pressreleases/monetary20240501a.htm,XLB,0.0023265459699672,-0.0210528347844453,-0.0149816638611436,3,-0.0210528347844453,0.7116221646413465
2024-05-01,FOMC_statement,https://www.federalreserve.gov/newsevents/pressreleases/monetary20240501a.htm,XLC,0.0008295634882731,0.002150634399993,0.0004601131633609,4,0.0021540232110339,0.2136064091621614
2024-05-01,FOMC_statement,https://www.federalreserve.gov/newsevents/pressreleases/monetary20240501a.htm,XLE,0.0139335062874127,-0.0183224771869701,-0.0216675184275572,5,-0.0216675184275572,1.0
2024-05-01,FOMC_statement,https://www.federalreserve.gov/newsevents/pressreleases/monetary20240501a.htm,XLF,-0.0060278042820585,-0.0145495475190959,-0.0087010216702356,2,-0.0170465482879431,0.5104271858009969
2024-05-01,FOMC_statement,https://www.federalreserve.gov/newsevents/pressreleases/monetary20240501a.htm,XLI,3.175152980861018e-05,-0.0092288322899245,-0.007687227000513,3,-0.0092288322899245,0.8329577089514851
2024-05-01,FOMC_statement,https://www.federalreserve.gov/newsevents/pressreleases/monetary20240501a.htm,XLK,0.0061827410779448,0.0219479223419254,0.0203178262730313,3,0.0219479223419254,0.925728912126673
2024-05-01,FOMC_statement,https://www.federalreserve.gov/newsevents/pressreleases/monetary20240501a.htm,XLP,-0.0114894150507099,-0.0201103926378056,-0.0133747166114848,3,-0.0201103926378056,0.66506491704899
2024-05-01,FOMC_statement,https://www.federalreserve.gov/newsevents/pressreleases/monetary20240501a.htm,XLRE,0.0026018566918425,-0.0095493938872617,-0.0095706017383671,5,-0.0095706017383671,1.0
2024-05-01,FOMC_statement,https://www.federalreserve.gov/newsevents/pressreleases/monetary20240501a.htm,XLU,-0.010624453912964,-0.0136705730466288,0.0069703858941385,5,0.0069703858941385,1.0
2024-05-01,FOMC_statement,https://www.federalreserve.gov/newsevents/pressreleases/monetary20240501a.htm,XLV,-0.0151291524646393,-0.0262480851777449,-0.0226106216770362,3,-0.0262480851777449,0.8614198530644508
2024-05-01,FOMC_statement,https://www.federalreserve.gov/newsevents/pressreleases/monetary20240501a.htm,XLY,0.0084920189243924,-0.0020560775719518,-0.0141836431311413,5,-0.0141836431311413,1.0
2024-05-29,Beige_Book,https://www.federalreserve.gov/monetarypolicy/beigebook202405-summary.htm,XLB,0.0045299845015107,0.0109998884568195,-0.0062127615057862,5,-0.0062127615057862,1.0
2024-05-29,Beige_Book,https://www.federalreserve.gov/monetarypolicy/beigebook202405-summary.htm,XLC,-0.0009892446602273,0.0080889429879705,0.0110700793150991,5,0.0110700793150991,1.0
2024-05-29,Beige_Book,https://www.federalreserve.gov/monetarypolicy/beigebook202405-summary.htm,XLE,-0.0095890788081032,-0.001751046364276,-0.0244509852296954,5,-0.0244509852296954,1.0
2024-05-29,Beige_Book,https://www.federalreserve.gov/monetarypolicy/beigebook202405-summary.htm,XLF,0.0117538510598834,0.0104759841403582,-0.0042054362757907,5,-0.0042054362757907,1.0
2024-05-29,Beige_Book,https://www.federalreserve.gov/monetarypolicy/beigebook202405-summary.htm,XLI,0.0129115075611676,0.0034609066368183,-0.0018941253882647,5,-0.0018941253882647,1.0
2024-05-29,Beige_Book,https://www.federalreserve.gov/monetarypolicy/beigebook202405-summary.htm,XLK,-0.0035300191505605,-0.0220145070991717,-0.0107152323936166,2,-0.0237211061894269,0.451717230556164
2024-05-29,Beige_Book,https://www.federalreserve.gov/monetarypolicy/beigebook202405-summary.htm,XLP,0.0084807516549669,0.0145826033225235,0.0080662973687033,4,0.0221313398747786,0.3644739728522196
2024-05-29,Beige_Book,https://www.federalreserve.gov/monetarypolicy/beigebook202405-summary.htm,XLRE,0.0065888940603564,0.0270118017811441,0.0222009346369576,4,0.035392634014551,0.6272755689172531
2024-05-29,Beige_Book,https://www.federalreserve.gov/monetarypolicy/beigebook202405-summary.htm,XLU,0.0016776970152208,0.0164021466286811,-0.0027236931278736,5,-0.0027236931278736,1.0
2024-05-29,Beige_Book,https://www.federalreserve.gov/monetarypolicy/beigebook202405-summary.htm,XLV,0.0128162211745013,0.0188488082121728,0.0132957938684202,4,0.0206332305561379,0.6443874037197251
2024-05-29,Beige_Book,https://www.federalreserve.gov/monetarypolicy/beigebook202405-summary.htm,XLY,0.0031483384392271,0.0077767306390506,0.0016471602759946,1,0.0125546150895688,0.13119958391740494
2024-06-12,FOMC_statement,https://www.federalreserve.gov/newsevents/pressreleases/monetary20240612a.htm,XLB,0.0027427595165505,-0.0127389173372081,-0.0163954074004443,4,-0.0163954074004443,1.0
2024-06-12,FOMC_statement,https://www.federalreserve.gov/newsevents/pressreleases/monetary20240612a.htm,XLC,0.0005174330001078,-0.0112363528885968,-0.0196923817776603,4,-0.0196923817776603,1.0
2024-06-12,FOMC_statement,https://www.federalreserve.gov/newsevents/pressreleases/monetary20240612a.htm,XLE,0.00439373672615,-0.0245691801231666,-0.0229183342768766,3,-0.0245691801231666,0.9328082647441134
2024-06-12,FOMC_statement,https://www.federalreserve.gov/newsevents/pressreleases/monetary20240612a.htm,XLF,0.0137825563627873,-0.0056477124081887,-0.0018485516457574,2,-0.0065449771964146,0.2824382102920166
2024-06-12,FOMC_statement,https://www.federalreserve.gov/newsevents/pressreleases/monetary20240612a.htm,XLI,0.0081128314350268,-0.015984629650749,-0.0131374066769134,2,-0.019086577805029,0.6883060342777587
2024-06-12,FOMC_statement,https://www.federalreserve.gov/newsevents/pressreleases/monetary20240612a.htm,XLK,-0.016189967530535,0.0162300642238883,0.0149439797872579,3,0.0162300642238883,0.9207591283134007
2024-06-12,FOMC_statement,https://www.federalreserve.gov/newsevents/pressreleases/monetary20240612a.htm,XLP,0.0029237752696666,0.0020323621192346,0.0007786761861658,3,0.0020323621192346,0.38313850607442645
2024-06-12,FOMC_statement,https://www.federalreserve.gov/newsevents/pressreleases/monetary20240612a.htm,XLRE,0.0055531142594775,-0.0100328282192194,-0.0086603776232396,3,-0.0100328282192194,0.863204017253015
2024-06-12,FOMC_statement,https://www.federalreserve.gov/newsevents/pressreleases/monetary20240612a.htm,XLU,0.0084783796346891,-0.0217275581572516,-0.0238349615985143,4,-0.0238349615985143,1.0
2024-06-12,FOMC_statement,https://www.federalreserve.gov/newsevents/pressreleases/monetary20240612a.htm,XLV,0.0065588599721103,-0.0127732605321825,-0.0140103711484028,4,-0.0140103711484028,1.0
2024-06-12,FOMC_statement,https://www.federalreserve.gov/newsevents/pressreleases/monetary20240612a.htm,XLY,0.0050456599509529,-0.0001491776885749,-0.0060519446919166,2,-0.0097422590936604,0.6212054754173797
2024-07-17,Beige_Book,https://www.federalreserve.gov/monetarypolicy/beigebook202407-summary.htm,XLB,-0.0134558409320322,-0.0114738289026153,0.0039594756918251,5,0.0039594756918251,1.0
2024-07-17,Beige_Book,https://www.federalreserve.gov/monetarypolicy/beigebook202407-summary.htm,XLC,0.0032753779601548,0.0032159560014849,-8.474278813908054e-05,5,-8.474278813908054e-05,1.0
2024-07-17,Beige_Book,https://www.federalreserve.gov/monetarypolicy/beigebook202407-summary.htm,XLE,0.0014685611830906,-0.0113619009412786,-0.0029262723220793,4,-0.0256992616703479,0.11386600749918299
2024-07-17,Beige_Book,https://www.federalreserve.gov/monetarypolicy/beigebook202407-summary.htm,XLF,-0.0054648876896767,-0.0126423248254953,-0.0002216781280933,3,-0.0126423248254953,0.01753460151935426
2024-07-17,Beige_Book,https://www.federalreserve.gov/monetarypolicy/beigebook202407-summary.htm,XLI,-0.0190156222032591,0.0008677372059197,0.0016709613113626,5,0.0016709613113626,1.0
2024-07-17,Beige_Book,https://www.federalreserve.gov/monetarypolicy/beigebook202407-summary.htm,XLK,0.0092605549545869,0.0121406766404609,-0.0089942909283099,5,-0.0089942909283099,1.0
2024-07-17,Beige_Book,https://www.federalreserve.gov/monetarypolicy/beigebook202407-summary.htm,XLP,-0.0036798739192367,-0.0036156048778923,0.0161329664801233,5,0.0161329664801233,1.0
2024-07-17,Beige_Book,https://www.federalreserve.gov/monetarypolicy/beigebook202407-summary.htm,XLRE,-0.0035315416273118,0.0043439806776125,0.0131516617520259,5,0.0131516617520259,1.0
2024-07-17,Beige_Book,https://www.federalreserve.gov/monetarypolicy/beigebook202407-summary.htm,XLU,-0.0018361335982624,0.0127144168465995,0.0419645952088973,5,0.0419645952088973,1.0
2024-07-17,Beige_Book,https://www.federalreserve.gov/monetarypolicy/beigebook202407-summary.htm,XLV,-0.0083504889525414,-0.0078563248788192,0.0241120966487069,5,0.0241120966487069,1.0
2024-07-17,Beige_Book,https://www.federalreserve.gov/monetarypolicy/beigebook202407-summary.htm,XLY,-0.0120021399991845,-0.0040663970854236,-0.0252049488221318,5,-0.0252049488221318,1.0
2024-07-31,FOMC_statement,https://www.federalreserve.gov/newsevents/pressreleases/monetary20240731a.htm,XLB,-0.0017875670978068,0.0167125885746766,0.0057265350433703,3,0.0167125885746766,0.3426479996071532
2024-07-31,FOMC_statement,https://www.federalreserve.gov/newsevents/pressreleases/monetary20240731a.htm,XLC,-0.0090929674856486,0.0210541911234172,0.0250198638716101,5,0.0250198638716101,1.0
2024-07-31,FOMC_statement,https://www.federalreserve.gov/newsevents/pressreleases/monetary20240731a.htm,XLE,-0.0206025765811023,-0.0124431540990792,-0.0048241911948134,2,-0.0195079500125536,0.2472936003890196
2024-07-31,FOMC_statement,https://www.federalreserve.gov/newsevents/pressreleases/monetary20240731a.htm,XLF,-0.016600556881901,-0.0058601653506232,0.0089696264961435,5,0.0089696264961435,1.0
2024-07-31,FOMC_statement,https://www.federalreserve.gov/newsevents/pressreleases/monetary20240731a.htm,XLI,-0.0080012240021066,0.0040181533814758,0.0086717131769541,5,0.0086717131769541,1.0
2024-07-31,FOMC_statement,https://www.federalreserve.gov/newsevents/pressreleases/monetary20240731a.htm,XLK,0.0200588475545095,-0.0368099008924881,-0.0419551108207856,5,-0.0419551108207856,1.0
2024-07-31,FOMC_statement,https://www.federalreserve.gov/newsevents/pressreleases/monetary20240731a.htm,XLP,0.0016831129543951,0.0602515572374393,0.0656883408532222,5,0.0656883408532222,1.0
2024-07-31,FOMC_statement,https://www.federalreserve.gov/newsevents/pressreleases/monetary20240731a.htm,XLRE,-0.0123853746290304,0.0492520109132199,0.0616366156014327,4,0.0621727706021415,0.9913763695020159
2024-07-31,FOMC_statement,https://www.federalreserve.gov/newsevents/pressreleases/monetary20240731a.htm,XLU,-0.0102420460374,0.0551114905776747,0.0666441654518091,5,0.0666441654518091,1.0
2024-07-31,FOMC_statement,https://www.federalreserve.gov/newsevents/pressreleases/monetary20240731a.htm,XLV,-0.0059328912403574,0.0434300901686902,0.0353567403200485,3,0.0434300901686902,0.8141069977685201
2024-07-31,FOMC_statement,https://www.federalreserve.gov/newsevents/pressreleases/monetary20240731a.htm,XLY,0.0004813031096132,-0.0276995129906914,-0.0366435383017648,5,-0.0366435383017648,1.0
2024-09-04,Beige_Book,https://www.federalreserve.gov/monetarypolicy/beigebook202408-summary.htm,XLB,0.0021195608781559,-0.0027337161760182,-0.0144848230685651,5,-0.0144848230685651,1.0
2024-09-04,Beige_Book,https://www.federalreserve.gov/monetarypolicy/beigebook202408-summary.htm,XLC,-0.0022556459157865,-0.005626968107295,-0.0163182202105274,5,-0.0163182202105274,1.0
2024-09-04,Beige_Book,https://www.federalreserve.gov/monetarypolicy/beigebook202408-summary.htm,XLE,0.0042896366378627,-0.0049866118814655,-0.046079656278732,5,-0.046079656278732,1.0
2024-09-04,Beige_Book,https://www.federalreserve.gov/monetarypolicy/beigebook202408-summary.htm,XLF,-0.0131455946301771,-0.0027162232587715,-0.0322847413499098,5,-0.0322847413499098,1.0
2024-09-04,Beige_Book,https://www.federalreserve.gov/monetarypolicy/beigebook202408-summary.htm,XLI,0.0015572647096755,0.0015971247176713,-0.0094999991620472,5,-0.0094999991620472,1.0
2024-09-04,Beige_Book,https://www.federalreserve.gov/monetarypolicy/beigebook202408-summary.htm,XLK,0.0253521024109895,-0.0030183126568953,0.0314559023587078,5,0.0314559023587078,1.0
2024-09-04,Beige_Book,https://www.federalreserve.gov/monetarypolicy/beigebook202408-summary.htm,XLP,-0.027608326916082,0.009900469359152,-0.014282458164405,5,-0.014282458164405,1.0
2024-09-04,Beige_Book,https://www.federalreserve.gov/monetarypolicy/beigebook202408-summary.htm,XLRE,-0.0228751797436732,0.017241789308142,0.01762330184992,4,0.0305530853918869,0.5768092362481896
2024-09-04,Beige_Book,https://www.federalreserve.gov/monetarypolicy/beigebook202408-summary.htm,XLU,-0.019137039299089,0.0062116525727664,-0.0005928966870318,5,-0.0005928966870318,1.0
2024-09-04,Beige_Book,https://www.federalreserve.gov/monetarypolicy/beigebook202408-summary.htm,XLV,-0.0186706374874472,-0.0020760644155579,-0.0150646447162916,5,-0.0150646447162916,1.0
2024-09-04,Beige_Book,https://www.federalreserve.gov/monetarypolicy/beigebook202408-summary.htm,XLY,-0.0068444334093908,0.0087224473611079,0.0155538985698789,4,0.0158222595840765,0.9830390208951142
2024-09-18,FOMC_statement,https://www.federalreserve.gov/newsevents/pressreleases/monetary20240918a.htm,XLB,-0.0015156850621798,-0.0010643821126772,0.0052515923704005,4,0.0097295302783204,0.5397580582181073
2024-09-18,FOMC_statement,https://www.federalreserve.gov/newsevents/pressreleases/monetary20240918a.htm,XLC,0.0004086225689539,-0.0020220791891663,-0.0010870231029008,1,-0.0034969769109964,0.3108465198848203
2024-09-18,FOMC_statement,https://www.federalreserve.gov/newsevents/pressreleases/monetary20240918a.htm,XLE,-0.0131064766389634,0.0042087153692682,-0.0184882057714269,5,-0.0184882057714269,1.0
2024-09-18,FOMC_statement,https://www.federalreserve.gov/newsevents/pressreleases/monetary20240918a.htm,XLF,-0.0049141973875788,-0.0086357048165102,-0.0236461115469205,5,-0.0236461115469205,1.0
2024-09-18,FOMC_statement,https://www.federalreserve.gov/newsevents/pressreleases/monetary20240918a.htm,XLI,-0.0050776244794195,-0.0009148972173761,0.0009321869912004,4,0.003407330172383,0.2735828182299258
2024-09-18,FOMC_statement,https://www.federalreserve.gov/newsevents/pressreleases/monetary20240918a.htm,XLK,0.0023667132947619,0.0068065699182568,0.0158569810593968,5,0.0158569810593968,1.0
2024-09-18,FOMC_statement,https://www.federalreserve.gov/newsevents/pressreleases/monetary20240918a.htm,XLP,0.0099029537824812,-0.0130903949716273,-0.0186866689944413,1,-0.0229579134525078,0.8139532816472078
2024-09-18,FOMC_statement,https://www.federalreserve.gov/newsevents/pressreleases/monetary20240918a.htm,XLRE,0.0083453752948915,-0.0110070797482209,-0.0158983012735706,2,-0.0195746988822536,0.8121862496686466
2024-09-18,FOMC_statement,https://www.federalreserve.gov/newsevents/pressreleases/monetary20240918a.htm,XLU,0.0011667420572355,0.0126268848005527,0.0101412133027273,3,0.0126268848005527,0.8031445176630899
2024-09-18,FOMC_statement,https://www.federalreserve.gov/newsevents/pressreleases/monetary20240918a.htm,XLV,0.0107114587961127,-0.0202936725678795,-0.0326918352827272,5,-0.0326918352827272,1.0
2024-09-18,FOMC_statement,https://www.federalreserve.gov/newsevents/pressreleases/monetary20240918a.htm,XLY,-0.0046917186433241,0.0148090835892011,0.0193188030065417,4,0.0207059422840294,0.9330076719784153
2024-10-23,Beige_Book,https://www.federalreserve.gov/monetarypolicy/beigebook202410-summary.htm,XLB,0.0086555423495008,-0.0151745849507868,-0.0147884271963915,4,-0.0232315986136343,0.6365651990781375
2024-10-23,Beige_Book,https://www.federalreserve.gov/monetarypolicy/beigebook202410-summary.htm,XLC,-0.0019616837511124,0.007446042030206,0.0243266850449819,5,0.0243266850449819,1.0
2024-10-23,Beige_Book,https://www.federalreserve.gov/monetarypolicy/beigebook202410-summary.htm,XLE,-0.0028626391575428,-0.0117037139288093,-0.0232665616994609,4,-0.0285687486428789,0.8144060487318673
2024-10-23,Beige_Book,https://www.federalreserve.gov/monetarypolicy/beigebook202410-summary.htm,XLF,0.0013740659901771,-0.0026499283065232,-0.0029102491763445,2,-0.0119969795593178,0.24258182336271225
2024-10-23,Beige_Book,https://www.federalreserve.gov/monetarypolicy/beigebook202410-summary.htm,XLI,0.0115744204797306,-0.0114827654860664,-0.0130972856610417,4,-0.014426562386715,0.907859080351852
2024-10-23,Beige_Book,https://www.federalreserve.gov/monetarypolicy/beigebook202410-summary.htm,XLK,0.0005035371653568,0.0029145449647068,0.0018857843385756,4,0.0147615814081513,0.12774947930269012
2024-10-23,Beige_Book,https://www.federalreserve.gov/monetarypolicy/beigebook202410-summary.htm,XLP,-0.0061716991584626,-0.0127214455733242,-0.0227823154941235,4,-0.0241905580954031,0.9417854439022965
2024-10-23,Beige_Book,https://www.federalreserve.gov/monetarypolicy/beigebook202410-summary.htm,XLRE,-0.0021284417831333,-0.0073551595050722,-0.0113439271945612,4,-0.0180213362278451,0.6294720353218586
2024-10-23,Beige_Book,https://www.federalreserve.gov/monetarypolicy/beigebook202410-summary.htm,XLU,0.0030215220268314,-0.0183553478240579,-0.0407004520120621,4,-0.0413291023696187,0.9847891601435136
2024-10-23,Beige_Book,https://www.federalreserve.gov/monetarypolicy/beigebook202410-summary.htm,XLV,0.0009226599855599,-0.0154987960970556,-0.0187340182159727,4,-0.019872500748583,0.9427106559454286
2024-10-23,Beige_Book,https://www.federalreserve.gov/monetarypolicy/beigebook202410-summary.htm,XLY,0.0035100864035262,0.0321155139304869,0.0269073881574644,2,0.032866527040003,0.8186866876659793
2024-11-07,FOMC_statement,https://www.federalreserve.gov/newsevents/pressreleases/monetary20241107a.htm,XLB,0.0110951527277356,-0.0326537777720558,-0.0325302889379642,3,-0.0326537777720558,0.9962182374439602
2024-11-07,FOMC_statement,https://www.federalreserve.gov/newsevents/pressreleases/monetary20241107a.htm,XLC,0.00027093307237,0.0031224579529128,0.0083467237500938,5,0.0083467237500938,1.0
2024-11-07,FOMC_statement,https://www.federalreserve.gov/newsevents/pressreleases/monetary20241107a.htm,XLE,-0.0127300926719229,0.0048292859035898,0.022366813539698,5,0.022366813539698,1.0
2024-11-07,FOMC_statement,https://www.federalreserve.gov/newsevents/pressreleases/monetary20241107a.htm,XLF,-0.0359354004827141,0.0180715240338236,0.0220069531054916,5,0.0220069531054916,1.0
2024-11-07,FOMC_statement,https://www.federalreserve.gov/newsevents/pressreleases/monetary20241107a.htm,XLI,-0.0142967823014921,0.0077146309500623,-0.0010981528449772,5,-0.0010981528449772,1.0
2024-11-07,FOMC_statement,https://www.federalreserve.gov/newsevents/pressreleases/monetary20241107a.htm,XLK,-0.0036065285361142,-0.0075250089446524,-0.0084525713971429,2,-0.0119033716035189,0.7100989264792954
2024-11-07,FOMC_statement,https://www.federalreserve.gov/newsevents/pressreleases/monetary20241107a.htm,XLP,0.0411859040622764,0.0076225110175554,0.0140703990289815,5,0.0140703990289815,1.0
2024-11-07,FOMC_statement,https://www.federalreserve.gov/newsevents/pressreleases/monetary20241107a.htm,XLRE,0.0515715173484061,-0.0063254841940817,-0.0014731563591772,3,-0.0063254841940817,0.23289226784497008
2024-11-07,FOMC_statement,https://www.federalreserve.gov/newsevents/pressreleases/monetary20241107a.htm,XLU,0.0352022970080757,0.008317957882415,0.0090328079934911,2,0.0166723649490674,0.5417832455734702
2024-11-07,FOMC_statement,https://www.federalreserve.gov/newsevents/pressreleases/monetary20241107a.htm,XLV,0.0235803286752886,-0.0147934082202753,-0.0272306266385746,5,-0.0272306266385746,1.0
2024-11-07,FOMC_statement,https://www.federalreserve.gov/newsevents/pressreleases/monetary20241107a.htm,XLY,-0.0071160955278695,0.0188364543463247,0.019129217777406,2,0.0290809167577339,0.6577928040153238
2024-12-04,Beige_Book,https://www.federalreserve.gov/monetarypolicy/beigebook202411-summary.htm,XLB,0.0036310958668357,-0.012374627407674,-0.0307444828734516,5,-0.0307444828734516,1.0
2024-12-04,Beige_Book,https://www.federalreserve.gov/monetarypolicy/beigebook202411-summary.htm,XLC,-0.0075998901920333,-0.0094975841451994,0.0179181370652078,5,0.0179181370652078,1.0
2024-12-04,Beige_Book,https://www.federalreserve.gov/monetarypolicy/beigebook202411-summary.htm,XLE,0.0005694959195245,-0.0098013905367514,-0.0195839839958755,5,-0.0195839839958755,1.0
2024-12-04,Beige_Book,https://www.federalreserve.gov/monetarypolicy/beigebook202411-summary.htm,XLF,0.0079396645033966,-0.0060045512688967,-0.0088153398125681,5,-0.0088153398125681,1.0
2024-12-04,Beige_Book,https://www.federalreserve.gov/monetarypolicy/beigebook202411-summary.htm,XLI,0.0067606669054443,-0.0184620052104221,-0.0278259907145027,5,-0.0278259907145027,1.0
2024-12-04,Beige_Book,https://www.federalreserve.gov/monetarypolicy/beigebook202411-summary.htm,XLK,-0.0031386295042867,-0.0028022503461001,-0.0068049131247703,4,-0.0135688420085621,0.5015102335539259
2024-12-04,Beige_Book,https://www.federalreserve.gov/monetarypolicy/beigebook202411-summary.htm,XLP,0.0056370501236564,0.0023713591725578,-0.0051322769314745,5,-0.0051322769314745,1.0
2024-12-04,Beige_Book,https://www.federalreserve.gov/monetarypolicy/beigebook202411-summary.htm,XLRE,0.0063303042786511,0.0030836413624871,-0.0202753026625704,5,-0.0202753026625704,1.0
2024-12-04,Beige_Book,https://www.federalreserve.gov/monetarypolicy/beigebook202411-summary.htm,XLU,0.0090900645150748,-0.0169339717505614,-0.0350719665803204,5,-0.0350719665803204,1.0
2024-12-04,Beige_Book,https://www.federalreserve.gov/monetarypolicy/beigebook202411-summary.htm,XLV,0.0027062246119037,-0.0090167838935669,-0.0313866611906999,5,-0.0313866611906999,1.0
2024-12-04,Beige_Book,https://www.federalreserve.gov/monetarypolicy/beigebook202411-summary.htm,XLY,0.0012220497637299,0.0309539957013157,0.0455227838551881,5,0.0455227838551881,1.0
2024-12-18,FOMC_statement,https://www.federalreserve.gov/newsevents/pressreleases/monetary20241218a.htm,XLB,0.0014204784241301,-0.0168125095688508,-0.0225201746181028,4,-0.0225201746181028,1.0
2024-12-18,FOMC_statement,https://www.federalreserve.gov/newsevents/pressreleases/monetary20241218a.htm,XLC,0.0033800509012135,-0.0095506409522871,-0.0111990317869932,4,-0.0111990317869932,1.0
2024-12-18,FOMC_statement,https://www.federalreserve.gov/newsevents/pressreleases/monetary20241218a.htm,XLE,0.0033288218061332,-0.0106637297397582,-0.0133192893876221,4,-0.0133192893876221,1.0
2024-12-18,FOMC_statement,https://www.federalreserve.gov/newsevents/pressreleases/monetary20241218a.htm,XLF,0.0029576677478302,0.0031317937146063,0.0037887598937059,2,0.0067188398910934,0.5639009047869022
2024-12-18,FOMC_statement,https://www.federalreserve.gov/newsevents/pressreleases/monetary20241218a.htm,XLI,0.0050402529557354,-0.0074829382559413,-0.010785383836086,4,-0.010785383836086,1.0
2024-12-18,FOMC_statement,https://www.federalreserve.gov/newsevents/pressreleases/monetary20241218a.htm,XLK,0.0019268656706844,0.0089047217736458,0.0081228305884936,3,0.0089047217736458,0.9121936423138716
2024-12-18,FOMC_statement,https://www.federalreserve.gov/newsevents/pressreleases/monetary20241218a.htm,XLP,-0.0024046182122767,-0.0265507372836314,-0.0310767023688777,4,-0.0310767023688777,1.0
2024-12-18,FOMC_statement,https://www.federalreserve.gov/newsevents/pressreleases/monetary20241218a.htm,XLRE,0.0003389658798088,-0.0120838482147696,-0.0165386826529607,1,-0.0168667444918642,0.9805497830917077
2024-12-18,FOMC_statement,https://www.federalreserve.gov/newsevents/pressreleases/monetary20241218a.htm,XLU,3.451242793939269e-05,0.0062021817087257,0.0006092936860798,2,0.008787209219193,0.06933870252559621
2024-12-18,FOMC_statement,https://www.federalreserve.gov/newsevents/pressreleases/monetary20241218a.htm,XLV,-0.00340248655786,-0.0026580121250178,-0.0096647833251864,4,-0.0096647833251864,1.0
2024-12-18,FOMC_statement,https://www.federalreserve.gov/newsevents/pressreleases/monetary20241218a.htm,XLY,-0.0072624031613366,-0.0134750616219436,-0.0014630882630664,3,-0.0134750616219436,0.10857748217520721
2025-01-15,Beige_Book,https://www.federalreserve.gov/monetarypolicy/beigebook202501-summary.htm,XLB,-0.0110708179695193,0.0102897884421561,-0.0033799140994175,4,-0.0033799140994175,1.0
2025-01-15,Beige_Book,https://www.federalreserve.gov/monetarypolicy/beigebook202501-summary.htm,XLC,0.0047146166239685,-0.0051984517896924,-0.0008472531179609,3,-0.0051984517896924,0.16298181694035355
2025-01-15,Beige_Book,https://www.federalreserve.gov/monetarypolicy/beigebook202501-summary.htm,XLE,-0.0093718179939126,-0.0074188661903901,-0.0312262053295208,4,-0.0312262053295208,1.0
2025-01-15,Beige_Book,https://www.federalreserve.gov/monetarypolicy/beigebook202501-summary.htm,XLF,-0.0110033002973164,0.0061926343063177,-0.004167195393638,4,-0.004167195393638,1.0
2025-01-15,Beige_Book,https://www.federalreserve.gov/monetarypolicy/beigebook202501-summary.htm,XLI,-0.010440005264596,0.0213850049361782,0.0134160112328779,3,0.0213850049361782,0.6273560035602932
2025-01-15,Beige_Book,https://www.federalreserve.gov/monetarypolicy/beigebook202501-summary.htm,XLK,-0.0012651747163905,-0.0009849788788742,0.0159726351606559,4,0.0159726351606559,1.0
2025-01-15,Beige_Book,https://www.federalreserve.gov/monetarypolicy/beigebook202501-summary.htm,XLP,0.0011147213175231,0.0005970579827044,-0.0099211371659158,4,-0.0099211371659158,1.0
2025-01-15,Beige_Book,https://www.federalreserve.gov/monetarypolicy/beigebook202501-summary.htm,XLRE,-0.0071924947986279,0.0231373938855213,6.435462083498322e-05,1,0.024316902991606,0.002646497411993539
2025-01-15,Beige_Book,https://www.federalreserve.gov/monetarypolicy/beigebook202501-summary.htm,XLU,-0.0117431529065772,0.0247384219158911,-0.0024946441081289,4,-0.0024946441081289,1.0
2025-01-15,Beige_Book,https://www.federalreserve.gov/monetarypolicy/beigebook202501-summary.htm,XLV,0.0116971554541013,-0.0034677133668705,-0.0113349242446304,4,-0.0113349242446304,1.0
2025-01-15,Beige_Book,https://www.federalreserve.gov/monetarypolicy/beigebook202501-summary.htm,XLY,0.0033124326429258,-0.0013294856310234,-0.0107186702638258,4,-0.0107186702638258,1.0
2025-01-29,FOMC_statement,https://www.federalreserve.gov/newsevents/pressreleases/monetary20250129a.htm,XLB,0.0118490654786889,0.0099114918736095,0.0012888361861808,3,0.0099114918736095,0.1300345298786428
2025-01-29,FOMC_statement,https://www.federalreserve.gov/newsevents/pressreleases/monetary20250129a.htm,XLC,0.0037374388076365,0.0138355794484057,0.0023797804781935,4,0.0160940977347141,0.1478666600278214
2025-01-29,FOMC_statement,https://www.federalreserve.gov/newsevents/pressreleases/monetary20250129a.htm,XLE,0.0181098645649371,-0.0098619766431806,0.0024628463364124,4,0.0044069810328895,0.5588511314280832
2025-01-29,FOMC_statement,https://www.federalreserve.gov/newsevents/pressreleases/monetary20250129a.htm,XLF,0.0103430297357999,0.0063647422359549,0.0038203221999317,3,0.0063647422359549,0.6002320374186431
2025-01-29,FOMC_statement,https://www.federalreserve.gov/newsevents/pressreleases/monetary20250129a.htm,XLI,0.0152024968062185,0.0009246922154388,-0.0088162950252388,5,-0.0088162950252388,1.0
2025-01-29,FOMC_statement,https://www.federalreserve.gov/newsevents/pressreleases/monetary20250129a.htm,XLK,-0.0180807225160439,-0.0107921821544367,0.0067473017606034,5,0.0067473017606034,1.0
2025-01-29,FOMC_statement,https://www.federalreserve.gov/newsevents/pressreleases/monetary20250129a.htm,XLP,0.0242154473901505,0.0110822001971144,-0.0018978017514532,4,-0.004075861858829,0.4656197430593098
2025-01-29,FOMC_statement,https://www.federalreserve.gov/newsevents/pressreleases/monetary20250129a.htm,XLRE,0.0207468101468236,0.0160066495274792,0.0209634481869057,5,0.0209634481869057,1.0
2025-01-29,FOMC_statement,https://www.federalreserve.gov/newsevents/pressreleases/monetary20250129a.htm,XLU,0.0223721615668092,0.0270552761742086,0.0175304752010455,3,0.0270552761742086,0.6479503327989329
2025-01-29,FOMC_statement,https://www.federalreserve.gov/newsevents/pressreleases/monetary20250129a.htm,XLV,0.015572929034878,0.0189092730418222,0.0150227919779634,3,0.0189092730418222,0.7944669234368262
2025-01-29,FOMC_statement,https://www.federalreserve.gov/newsevents/pressreleases/monetary20250129a.htm,XLY,0.0073820478720223,-0.0011694103766479,-0.0114929104971365,5,-0.0114929104971365,1.0
2025-03-05,Beige_Book,https://www.federalreserve.gov/monetarypolicy/beigebook202502-summary.htm,XLB,0.0017293867752377,0.0154592175842557,0.0061025206679125,4,0.016096708877389,0.379116048777194
2025-03-05,Beige_Book,https://www.federalreserve.gov/monetarypolicy/beigebook202502-summary.htm,XLC,-0.0039144539364791,0.0023403685722819,-0.0043969587971045,5,-0.0043969587971045,1.0
2025-03-05,Beige_Book,https://www.federalreserve.gov/monetarypolicy/beigebook202502-summary.htm,XLE,-0.0021580853995272,0.0663512822072919,0.0659879561625981,4,0.0667167313508029,0.9890765753440043
2025-03-05,Beige_Book,https://www.federalreserve.gov/monetarypolicy/beigebook202502-summary.htm,XLF,0.0233392571849058,-0.0054080665785115,-0.0094697988974449,2,-0.0096496191633214,0.9813650401292515
2025-03-05,Beige_Book,https://www.federalreserve.gov/monetarypolicy/beigebook202502-summary.htm,XLI,0.007658773671486,0.0262281000970164,0.0137961919582861,3,0.0262281000970164,0.5260080565216196
2025-03-05,Beige_Book,https://www.federalreserve.gov/monetarypolicy/beigebook202502-summary.htm,XLK,-0.011059350369805,-0.0170006170871249,-0.0023176180838856,3,-0.0170006170871249,0.13632552700929926
2025-03-05,Beige_Book,https://www.federalreserve.gov/monetarypolicy/beigebook202502-summary.htm,XLP,0.0051651611143038,0.0416979619980343,0.0083438900131382,3,0.0416979619980343,0.20010306531363675
2025-03-05,Beige_Book,https://www.federalreserve.gov/monetarypolicy/beigebook202502-summary.htm,XLRE,-0.0003477045220765,0.0074045367479571,-0.0036544041607045,1,-0.0096555352370397,0.37847763702273096
2025-03-05,Beige_Book,https://www.federalreserve.gov/monetarypolicy/beigebook202502-summary.htm,XLU,0.004424314592402,0.0475845497270721,0.038148153318091,3,0.0475845497270721,0.8016920100514793
2025-03-05,Beige_Book,https://www.federalreserve.gov/monetarypolicy/beigebook202502-summary.htm,XLV,-0.0025443345370579,0.0253247487936217,0.0074325434798347,3,0.0253247487936217,0.2934893269980496
2025-03-05,Beige_Book,https://www.federalreserve.gov/monetarypolicy/beigebook202502-summary.htm,XLY,0.0058064319812883,-0.0241041825194848,-0.0250748129266427,4,-0.0255731261307865,0.9805141850239458
2025-03-19,FOMC_statement,https://www.federalreserve.gov/newsevents/pressreleases/monetary20250319a.htm,XLB,-0.0090854347451703,-0.0180281735648474,-0.0068756313382559,4,-0.0206632559420457,0.33274675382911606
2025-03-19,FOMC_statement,https://www.federalreserve.gov/newsevents/pressreleases/monetary20250319a.htm,XLC,0.0031731242322639,0.0044981242432037,0.0181934110934759,5,0.0181934110934759,1.0
2025-03-19,FOMC_statement,https://www.federalreserve.gov/newsevents/pressreleases/monetary20250319a.htm,XLE,-0.0124533430904533,-0.0072668294771166,0.012259623691151,5,0.012259623691151,1.0
2025-03-19,FOMC_statement,https://www.federalreserve.gov/newsevents/pressreleases/monetary20250319a.htm,XLF,-0.0095860967536555,7.303677102232786e-05,0.0122162479268864,5,0.0122162479268864,1.0
2025-03-19,FOMC_statement,https://www.federalreserve.gov/newsevents/pressreleases/monetary20250319a.htm,XLI,-0.0028347148932844,-0.0071558999331764,-0.0027497702176533,4,-0.0080704185907598,0.34072213067134344
2025-03-19,FOMC_statement,https://www.federalreserve.gov/newsevents/pressreleases/monetary20250319a.htm,XLK,0.0044169213535766,-0.0008090421381115,-0.0102700608823593,5,-0.0102700608823593,1.0
2025-03-19,FOMC_statement,https://www.federalreserve.gov/newsevents/pressreleases/monetary20250319a.htm,XLP,0.0005959450428728,-0.0144308338266122,0.001541414038646,5,0.001541414038646,1.0
2025-03-19,FOMC_statement,https://www.federalreserve.gov/newsevents/pressreleases/monetary20250319a.htm,XLRE,-0.004644218025806,-0.0124020380631977,-0.0097414192878613,4,-0.0267620961265346,0.36400060898827313
2025-03-19,FOMC_statement,https://www.federalreserve.gov/newsevents/pressreleases/monetary20250319a.htm,XLU,-0.0038638696306997,-0.0180471595417025,-0.0178732569819645,4,-0.0364418843588866,0.49045918717992926
2025-03-19,FOMC_statement,https://www.federalreserve.gov/newsevents/pressreleases/monetary20250319a.htm,XLV,-0.0112852038722176,-0.0098879237792987,-0.016777873897805,4,-0.0250677915898286,0.6693000393625705
2025-03-19,FOMC_statement,https://www.federalreserve.gov/newsevents/pressreleases/monetary20250319a.htm,XLY,0.0070078678494375,0.0233684446915539,0.0278183297886291,4,0.0289434290763693,0.9611276436951701
2025-04-23,Beige_Book,https://www.federalreserve.gov/monetarypolicy/beigebook202504-summary.htm,XLB,0.0026274819289682,-0.0126879345159026,-0.0058957987389763,2,-0.0141222788953393,0.417482106299576
2025-04-23,Beige_Book,https://www.federalreserve.gov/monetarypolicy/beigebook202504-summary.htm,XLC,-6.511374705286954e-05,0.0014669322106874,0.0023695744946483,4,0.0024522701732458,0.9662779087313839
2025-04-23,Beige_Book,https://www.federalreserve.gov/monetarypolicy/beigebook202504-summary.htm,XLE,0.0005675058386525,-0.0074311458900385,-0.0439753026671283,5,-0.0439753026671283,1.0
2025-04-23,Beige_Book,https://www.federalreserve.gov/monetarypolicy/beigebook202504-summary.htm,XLF,-0.0070597235583362,-0.0191921344666126,-0.0136593935895545,2,-0.0219345230088516,0.6227349272214535
2025-04-23,Beige_Book,https://www.federalreserve.gov/monetarypolicy/beigebook202504-summary.htm,XLI,0.0085472469001237,-0.0029732952195163,0.0040350540144381,5,0.0040350540144381,1.0
2025-04-23,Beige_Book,https://www.federalreserve.gov/monetarypolicy/beigebook202504-summary.htm,XLK,0.0016406687243697,0.0218276644730875,0.0239524795002424,5,0.0239524795002424,1.0
2025-04-23,Beige_Book,https://www.federalreserve.gov/monetarypolicy/beigebook202504-summary.htm,XLP,0.0118362522002533,-0.0433915940930234,-0.0345096549362942,3,-0.0433915940930234,0.7953073782519261
2025-04-23,Beige_Book,https://www.federalreserve.gov/monetarypolicy/beigebook202504-summary.htm,XLRE,0.0055686237516905,-0.021000358680949,-0.014982581608359,2,-0.0267872744993666,0.5593171342875242
2025-04-23,Beige_Book,https://www.federalreserve.gov/monetarypolicy/beigebook202504-summary.htm,XLU,-0.0012441074929303,-0.0240453909441145,-0.028034091661008,2,-0.0298015782234417,0.9406915113964196
2025-04-23,Beige_Book,https://www.federalreserve.gov/monetarypolicy/beigebook202504-summary.htm,XLV,0.0072354564334102,-0.0076374567036592,-0.0008835620680316,2,-0.0112401648501561,0.0786075720250072
2025-04-23,Beige_Book,https://www.federalreserve.gov/monetarypolicy/beigebook202504-summary.htm,XLY,-0.0056252002925343,0.0095920102590456,0.0008858384111284,4,0.0103753322678663,0.08537928118909043
2025-05-07,FOMC_statement,https://www.federalreserve.gov/newsevents/pressreleases/monetary20250507a.htm,XLB,-0.001122221313737,0.0003827030184841,-0.0216455376952927,5,-0.0216455376952927,1.0
2025-05-07,FOMC_statement,https://www.federalreserve.gov/newsevents/pressreleases/monetary20250507a.htm,XLC,-0.0081534828126433,-0.0207134534016866,-0.013625816675796,3,-0.0207134534016866,0.6578244782053828
2025-05-07,FOMC_statement,https://www.federalreserve.gov/newsevents/pressreleases/monetary20250507a.htm,XLE,-0.0086068022185967,0.0105490808688024,0.0106738056572321,4,0.0180146603931548,0.5925066265078152
2025-05-07,FOMC_statement,https://www.federalreserve.gov/newsevents/pressreleases/monetary20250507a.htm,XLF,-0.0026948796351233,-0.0101931636139627,-0.0166878074059472,5,-0.0166878074059472,1.0
2025-05-07,FOMC_statement,https://www.federalreserve.gov/newsevents/pressreleases/monetary20250507a.htm,XLI,0.0004050360191315,0.006642228695934,0.0009323186319883,2,0.0089058906202033,0.10468561447109008
2025-05-07,FOMC_statement,https://www.federalreserve.gov/newsevents/pressreleases/monetary20250507a.htm,XLK,-5.051543114142909e-05,0.0159805585784547,0.0361973360774408,5,0.0361973360774408,1.0
2025-05-07,FOMC_statement,https://www.federalreserve.gov/newsevents/pressreleases/monetary20250507a.htm,XLP,-0.0066401534871161,-0.0442606514736814,-0.0709734110253049,5,-0.0709734110253049,1.0
2025-05-07,FOMC_statement,https://www.federalreserve.gov/newsevents/pressreleases/monetary20250507a.htm,XLRE,-0.0014338032245474,-0.036547621642368,-0.066392911995282,5,-0.066392911995282,1.0
2025-05-07,FOMC_statement,https://www.federalreserve.gov/newsevents/pressreleases/monetary20250507a.htm,XLU,-0.0205517501311109,-0.0510246222928494,-0.0646799374381513,5,-0.0646799374381513,1.0
2025-05-07,FOMC_statement,https://www.federalreserve.gov/newsevents/pressreleases/monetary20250507a.htm,XLV,0.0192222846890126,-0.033916973288305,-0.0953893755336986,5,-0.0953893755336986,1.0
2025-05-07,FOMC_statement,https://www.federalreserve.gov/newsevents/pressreleases/monetary20250507a.htm,XLY,0.0003727140663951,0.0275791165693515,0.0367779641736119,5,0.0367779641736119,1.0
2025-06-04,Beige_Book,https://www.federalreserve.gov/monetarypolicy/beigebook202505-summary.htm,XLB,-0.0045449584030201,-0.002893440057599,-0.0093837311502972,5,-0.0093837311502972,1.0
2025-06-04,Beige_Book,https://www.federalreserve.gov/monetarypolicy/beigebook202505-summary.htm,XLC,0.0085483403679071,0.004931717441144,0.0124902854668286,5,0.0124902854668286,1.0
2025-06-04,Beige_Book,https://www.federalreserve.gov/monetarypolicy/beigebook202505-summary.htm,XLE,-0.0061619586553769,0.0134147654147891,0.042886984049043,5,0.042886984049043,1.0
2025-06-04,Beige_Book,https://www.federalreserve.gov/monetarypolicy/beigebook202505-summary.htm,XLF,0.0037408992346452,-0.0021160349453932,-0.0049322928317385,4,-0.0066092351756283,0.7462728592146998
2025-06-04,Beige_Book,https://www.federalreserve.gov/monetarypolicy/beigebook202505-summary.htm,XLI,-0.00200912159099,0.0004892746373665,-0.0061936283780023,4,-0.0095314149955907,0.6498120563282069
2025-06-04,Beige_Book,https://www.federalreserve.gov/monetarypolicy/beigebook202505-summary.htm,XLK,-0.0093221284191697,0.0051854442549751,0.0057617579887023,5,0.0057617579887023,1.0
2025-06-04,Beige_Book,https://www.federalreserve.gov/monetarypolicy/beigebook202505-summary.htm,XLP,0.0066678764144082,-0.0140995806123421,-0.0181354948267847,5,-0.0181354948267847,1.0
2025-06-04,Beige_Book,https://www.federalreserve.gov/monetarypolicy/beigebook202505-summary.htm,XLRE,0.0092918084517945,-0.0041810222217621,-0.003606037445199,3,-0.0041810222217621,0.8624774645850192
2025-06-04,Beige_Book,https://www.federalreserve.gov/monetarypolicy/beigebook202505-summary.htm,XLU,0.0030253222564915,-0.0098943086991862,-0.0097382065698593,4,-0.0132086524153294,0.7372596585672548
2025-06-04,Beige_Book,https://www.federalreserve.gov/monetarypolicy/beigebook202505-summary.htm,XLV,0.0033667583699161,0.0001414554265173,0.0092447664385711,5,0.0092447664385711,1.0
2025-06-04,Beige_Book,https://www.federalreserve.gov/monetarypolicy/beigebook202505-summary.htm,XLY,0.0003829655756386,-0.010563274700423,-0.0093118820550263,1,-0.0203916725684191,0.4566512150380326
2025-06-18,FOMC_statement,https://www.federalreserve.gov/newsevents/pressreleases/monetary20250618a.htm,XLB,0.0012144354624467,-0.0059334947940733,-0.016076468700267,4,-0.016076468700267,1.0
2025-06-18,FOMC_statement,https://www.federalreserve.gov/newsevents/pressreleases/monetary20250618a.htm,XLC,0.0002723457495787,0.0008953741039733,0.0001448477137843,3,0.0008953741039733,0.16177340079585253
2025-06-18,FOMC_statement,https://www.federalreserve.gov/newsevents/pressreleases/monetary20250618a.htm,XLE,-0.0178801964356153,-0.0466652754548557,-0.0515831991672135,4,-0.0515831991672135,1.0
2025-06-18,FOMC_statement,https://www.federalreserve.gov/newsevents/pressreleases/monetary20250618a.htm,XLF,-0.0028057525339664,0.0117589275755455,0.0079026519774575,3,0.0117589275755455,0.6720555022289857
2025-06-18,FOMC_statement,https://www.federalreserve.gov/newsevents/pressreleases/monetary20250618a.htm,XLI,-0.0010255685446044,0.004431355423592,-0.0049528855661484,4,-0.0049528855661484,1.0
2025-06-18,FOMC_statement,https://www.federalreserve.gov/newsevents/pressreleases/monetary20250618a.htm,XLK,-0.0014679995904802,0.0063481415563551,0.0143219090040891,4,0.0143219090040891,1.0
2025-06-18,FOMC_statement,https://www.federalreserve.gov/newsevents/pressreleases/monetary20250618a.htm,XLP,-4.96691936809901e-05,-0.0005183299501767,-0.0144809021563547,4,-0.0144809021563547,1.0
2025-06-18,FOMC_statement,https://www.federalreserve.gov/newsevents/pressreleases/monetary20250618a.htm,XLRE,-0.0044905909692897,0.0005339178909595,-0.0243993691676928,4,-0.0243993691676928,1.0
2025-06-18,FOMC_statement,https://www.federalreserve.gov/newsevents/pressreleases/monetary20250618a.htm,XLU,-0.0002755615554556,0.0011401220445464,-0.0127797958118178,4,-0.0127797958118178,1.0
2025-06-18,FOMC_statement,https://www.federalreserve.gov/newsevents/pressreleases/monetary20250618a.htm,XLV,0.0079606882093239,-0.0096820531777747,-0.0093454796088626,2,-0.0108927586272759,0.8579534283869237
2025-06-18,FOMC_statement,https://www.federalreserve.gov/newsevents/pressreleases/monetary20250618a.htm,XLY,0.0086963900841634,0.0079830935498094,-0.0043588365905254,4,-0.0043588365905254,1.0
2025-07-16,Beige_Book,https://www.federalreserve.gov/monetarypolicy/beigebook202507-summary.htm,XLB,0.0162740004985441,0.0071967195121295,0.0157030113554906,4,0.0208385595238244,0.7535555102807175
2025-07-16,Beige_Book,https://www.federalreserve.gov/monetarypolicy/beigebook202507-summary.htm,XLC,0.0056286237266722,0.0049759745004567,0.0041187541994998,4,0.007156249960406,0.575546441542426
2025-07-16,Beige_Book,https://www.federalreserve.gov/monetarypolicy/beigebook202507-summary.htm,XLE,0.0101340992560342,-0.0195611660784127,-0.0078316727166669,3,-0.0195611660784127,0.4003683975317695
2025-07-16,Beige_Book,https://www.federalreserve.gov/monetarypolicy/beigebook202507-summary.htm,XLF,0.0128531453380795,4.6235357311408265e-05,0.0049039061797533,4,0.0054387900796828,0.9016538803496723
2025-07-16,Beige_Book,https://www.federalreserve.gov/monetarypolicy/beigebook202507-summary.htm,XLI,0.003209594513475,-0.0055638021455414,0.0061197925791022,5,0.0061197925791022,1.0
2025-07-16,Beige_Book,https://www.federalreserve.gov/monetarypolicy/beigebook202507-summary.htm,XLK,-0.0131531009033096,0.0024523485765969,-0.0097436157425037,5,-0.0097436157425037,1.0
2025-07-16,Beige_Book,https://www.federalreserve.gov/monetarypolicy/beigebook202507-summary.htm,XLP,0.0057414064170375,-0.00066106004791,0.0002054903580452,4,0.0083454149989545,0.024623144333857993
2025-07-16,Beige_Book,https://www.federalreserve.gov/monetarypolicy/beigebook202507-summary.htm,XLRE,0.0086298375882004,-0.0015408667049694,0.0099978439415142,4,0.0156969757182654,0.6369280376652716
2025-07-16,Beige_Book,https://www.federalreserve.gov/monetarypolicy/beigebook202507-summary.htm,XLU,0.0052699968092196,0.0168387497340135,0.0129223447869748,4,0.0289547843142913,0.4462939404662282
2025-07-16,Beige_Book,https://www.federalreserve.gov/monetarypolicy/beigebook202507-summary.htm,XLV,0.0137226066808403,-0.0309993198754908,-0.0005168938089444,3,-0.0309993198754908,0.016674359664034927
2025-07-16,Beige_Book,https://www.federalreserve.gov/monetarypolicy/beigebook202507-summary.htm,XLY,0.010034780168342,0.0097146524236947,0.0159342614351932,4,0.0196962309946396,0.8090005361700808
2025-07-30,FOMC_statement,https://www.federalreserve.gov/newsevents/pressreleases/monetary20250730a.htm,XLB,0.0012072698452598,-0.0059151768020575,-0.0122977905305947,5,-0.0122977905305947,1.0
2025-07-30,FOMC_statement,https://www.federalreserve.gov/newsevents/pressreleases/monetary20250730a.htm,XLC,0.0059572163442642,0.0211736459880537,0.0146379864152093,3,0.0211736459880537,0.6913304597360389
2025-07-30,FOMC_statement,https://www.federalreserve.gov/newsevents/pressreleases/monetary20250730a.htm,XLE,-0.012400522682571,-0.0212142585666165,-0.0317546540321427,5,-0.0317546540321427,1.0
2025-07-30,FOMC_statement,https://www.federalreserve.gov/newsevents/pressreleases/monetary20250730a.htm,XLF,0.0024500115830922,-0.0099199170765527,-0.0117195648251006,5,-0.0117195648251006,1.0
2025-07-30,FOMC_statement,https://www.federalreserve.gov/newsevents/pressreleases/monetary20250730a.htm,XLI,0.0087531108796871,-0.00070966067193,-0.0045551035082198,5,-0.0045551035082198,1.0
2025-07-30,FOMC_statement,https://www.federalreserve.gov/newsevents/pressreleases/monetary20250730a.htm,XLK,-0.0026755325653832,-0.0036623481788879,-0.0032613007106675,2,-0.0087682180908941,0.3719456652263702
2025-07-30,FOMC_statement,https://www.federalreserve.gov/newsevents/pressreleases/monetary20250730a.htm,XLP,-0.0092085028597904,0.0059955807815826,0.0167036833577171,5,0.0167036833577171,1.0
2025-07-30,FOMC_statement,https://www.federalreserve.gov/newsevents/pressreleases/monetary20250730a.htm,XLRE,-0.0192845143609893,-0.0070357851210592,-0.0146406316844442,5,-0.0146406316844442,1.0
2025-07-30,FOMC_statement,https://www.federalreserve.gov/newsevents/pressreleases/monetary20250730a.htm,XLU,-0.014118227603444,0.029573240329436,0.0074200639261117,3,0.029573240329436,0.25090466392774924
2025-07-30,FOMC_statement,https://www.federalreserve.gov/newsevents/pressreleases/monetary20250730a.htm,XLV,0.0037191156217816,-0.0033743797733526,-0.0248172242880369,5,-0.0248172242880369,1.0
2025-07-30,FOMC_statement,https://www.federalreserve.gov/newsevents/pressreleases/monetary20250730a.htm,XLY,0.0042594353390621,-0.0153499356980891,0.0041258634518737,5,0.0041258634518737,1.0
2025-09-03,Beige_Book,https://www.federalreserve.gov/monetarypolicy/beigebook202508-summary.htm,XLB,6.692388384554881e-05,0.0038080831290675,-0.0158144278513963,5,-0.0158144278513963,1.0
2025-09-03,Beige_Book,https://www.federalreserve.gov/monetarypolicy/beigebook202508-summary.htm,XLC,-0.0057046548906198,0.00758479330442,0.0006818772959531,4,0.010933899360492,0.06236359723750166
2025-09-03,Beige_Book,https://www.federalreserve.gov/monetarypolicy/beigebook202508-summary.htm,XLE,-0.0088485193152558,-0.0228479609584416,-0.0057622785976204,3,-0.0228479609584416,0.2522009998223242
2025-09-03,Beige_Book,https://www.federalreserve.gov/monetarypolicy/beigebook202508-summary.htm,XLF,-1.5121018298591693e-06,-0.0150095967111962,-0.0192563910066349,5,-0.0192563910066349,1.0
2025-09-03,Beige_Book,https://www.federalreserve.gov/monetarypolicy/beigebook202508-summary.htm,XLI,0.0021286906843424,0.0019201725591919,-0.002637855610352,4,-0.0071346041268888,0.3697269762186924
2025-09-03,Beige_Book,https://www.federalreserve.gov/monetarypolicy/beigebook202508-summary.htm,XLK,0.0026869455989935,0.0053503952864998,0.0202009801591046,5,0.0202009801591046,1.0
2025-09-03,Beige_Book,https://www.federalreserve.gov/monetarypolicy/beigebook202508-summary.htm,XLP,-0.0058011870941249,-0.0081546891984429,-0.021157234977416,5,-0.021157234977416,1.0
2025-09-03,Beige_Book,https://www.federalreserve.gov/monetarypolicy/beigebook202508-summary.htm,XLRE,0.009606987834748,0.0022518901072055,-0.0039056561400439,5,-0.0039056561400439,1.0
2025-09-03,Beige_Book,https://www.federalreserve.gov/monetarypolicy/beigebook202508-summary.htm,XLU,-0.0040897091351345,-0.0223989835170882,-0.0035131491883287,3,-0.0223989835170882,0.15684413471926154
2025-09-03,Beige_Book,https://www.federalreserve.gov/monetarypolicy/beigebook202508-summary.htm,XLV,-0.0083562352562736,-0.001062077180486,-0.0099883054788852,5,-0.0099883054788852,1.0
2025-09-03,Beige_Book,https://www.federalreserve.gov/monetarypolicy/beigebook202508-summary.htm,XLY,5.4903535858352726e-05,0.0140133654423263,-0.0045524867113154,5,-0.0045524867113154,1.0
2025-09-17,FOMC_statement,https://www.federalreserve.gov/newsevents/pressreleases/monetary20250917a.htm,XLB,0.001702018887609,-0.0151393814099038,-0.0219345738418252,5,-0.0219345738418252,1.0
2025-09-17,FOMC_statement,https://www.federalreserve.gov/newsevents/pressreleases/monetary20250917a.htm,XLC,0.0026567830021323,-0.0129659934047069,-0.0140507997131126,5,-0.0140507997131126,1.0
2025-09-17,FOMC_statement,https://www.federalreserve.gov/newsevents/pressreleases/monetary20250917a.htm,XLE,-0.0181379556125882,-0.0318836094557436,0.0069728520058826,5,0.0069728520058826,1.0
2025-09-17,FOMC_statement,https://www.federalreserve.gov/newsevents/pressreleases/monetary20250917a.htm,XLF,0.0008586879052486,-0.0125465362012361,-0.0111559144848962,3,-0.0125465362012361,0.8891628977085411
2025-09-17,FOMC_statement,https://www.federalreserve.gov/newsevents/pressreleases/monetary20250917a.htm,XLI,0.0015779988208717,0.0020628279149963,0.0057874525991313,4,0.0077677504897194,0.7450615988233634
2025-09-17,FOMC_statement,https://www.federalreserve.gov/newsevents/pressreleases/monetary20250917a.htm,XLK,0.0020988845547446,0.0277743290774861,0.0215936548896594,3,0.0277743290774861,0.7774681011885626
2025-09-17,FOMC_statement,https://www.federalreserve.gov/newsevents/pressreleases/monetary20250917a.htm,XLP,-0.0059108352166787,-0.036240983463483,-0.0204435010721789,3,-0.036240983463483,0.564098959753068
2025-09-17,FOMC_statement,https://www.federalreserve.gov/newsevents/pressreleases/monetary20250917a.htm,XLRE,0.0045333017038535,-0.015336782273003,-0.0090302716823326,3,-0.015336782273003,0.5887983229851537
2025-09-17,FOMC_statement,https://www.federalreserve.gov/newsevents/pressreleases/monetary20250917a.htm,XLU,0.0168260613720963,0.0024463711326565,0.0233587510230028,5,0.0233587510230028,1.0
2025-09-17,FOMC_statement,https://www.federalreserve.gov/newsevents/pressreleases/monetary20250917a.htm,XLV,-0.00137688495326,-0.0139539037472506,-0.0070760951078158,3,-0.0139539037472506,0.5071050536098212
2025-09-17,FOMC_statement,https://www.federalreserve.gov/newsevents/pressreleases/monetary20250917a.htm,XLY,-0.0075257143904672,-0.0183421279250524,-0.0120652262961815,4,-0.0223081305358384,0.5408443471674376
2025-10-15,Beige_Book,https://www.federalreserve.gov/monetarypolicy/beigebook202510-summary.htm,XLB,-0.0111956321471515,-0.0066891822145852,-0.0083463778334615,4,-0.0104974798214104,0.7950839606701061
2025-10-15,Beige_Book,https://www.federalreserve.gov/monetarypolicy/beigebook202510-summary.htm,XLC,-0.0078097969622807,-0.0018705878075255,-0.0017879683125421,1,-0.0038484783490062,0.46459097606819344
2025-10-15,Beige_Book,https://www.federalreserve.gov/monetarypolicy/beigebook202510-summary.htm,XLE,-0.0011059654158572,-0.0025227156434337,0.0131936857296803,5,0.0131936857296803,1.0
2025-10-15,Beige_Book,https://www.federalreserve.gov/monetarypolicy/beigebook202510-summary.htm,XLF,-0.0122357780373751,-0.0172605745611198,-0.0188726840051992,1,-0.0209885885920406,0.8991878573653207
2025-10-15,Beige_Book,https://www.federalreserve.gov/monetarypolicy/beigebook202510-summary.htm,XLI,-0.012973859691455,-0.0031648483249818,-0.0020700838041511,2,-0.0045616885477545,0.45379770724814233
2025-10-15,Beige_Book,https://www.federalreserve.gov/monetarypolicy/beigebook202510-summary.htm,XLK,0.0116127922698665,0.0043869925586454,0.0002371577128237,1,0.007548774391678,0.03141671753829998
2025-10-15,Beige_Book,https://www.federalreserve.gov/monetarypolicy/beigebook202510-summary.htm,XLP,-0.0172802770525855,-0.0037410853466828,0.0025032265287046,2,0.0075373094384052,0.33211141842602276
2025-10-15,Beige_Book,https://www.federalreserve.gov/monetarypolicy/beigebook202510-summary.htm,XLRE,-0.0107548565309025,0.0045610038180585,0.0112009777713155,5,0.0112009777713155,1.0
2025-10-15,Beige_Book,https://www.federalreserve.gov/monetarypolicy/beigebook202510-summary.htm,XLU,-0.0101334983747054,-0.0239485922339037,-0.0312118722089427,4,-0.0340931300905026,0.9154886080007498
2025-10-15,Beige_Book,https://www.federalreserve.gov/monetarypolicy/beigebook202510-summary.htm,XLV,-0.0039690743095999,0.0063343208691876,0.0196154711448381,5,0.0196154711448381,1.0
2025-10-15,Beige_Book,https://www.federalreserve.gov/monetarypolicy/beigebook202510-summary.htm,XLY,-0.0033168338348232,-0.0023993317710794,0.0072271147049906,4,0.0098469066865299,0.733947719325598
2025-10-29,FOMC_statement,https://www.federalreserve.gov/newsevents/pressreleases/monetary20251029a.htm,XLB,0.0013072049402056,-0.0195436702633369,-0.0101867685324672,3,-0.0195436702633369,0.5212310889002844
2025-10-29,FOMC_statement,https://www.federalreserve.gov/newsevents/pressreleases/monetary20251029a.htm,XLC,0.0076065256785581,-0.0174392264115745,-0.0105105962704818,3,-0.0174392264115745,0.6026985384802314
2025-10-29,FOMC_statement,https://www.federalreserve.gov/newsevents/pressreleases/monetary20251029a.htm,XLE,0.0130772861629352,0.0073613556279402,0.0076091352846126,2,0.0091247117206288,0.8339041843272875
2025-10-29,FOMC_statement,https://www.federalreserve.gov/newsevents/pressreleases/monetary20251029a.htm,XLF,0.0090313350988305,0.0070084353273401,0.0240077366659976,4,0.0240393773295588,0.9986837985390621
2025-10-29,FOMC_statement,https://www.federalreserve.gov/newsevents/pressreleases/monetary20251029a.htm,XLI,0.0097808937298475,0.001461881108971,0.0021228765803059,1,0.0084833742199383,0.2502396481952366
2025-10-29,FOMC_statement,https://www.federalreserve.gov/newsevents/pressreleases/monetary20251029a.htm,XLK,-0.0072436445354269,-0.0014000871857583,-0.0154981772552291,4,-0.0159451918232857,0.971965557203031
2025-10-29,FOMC_statement,https://www.federalreserve.gov/newsevents/pressreleases/monetary20251029a.htm,XLP,0.0126281625304145,-0.0059449027372417,0.0058814089665706,4,0.0100046216848942,0.5878692020359785
2025-10-29,FOMC_statement,https://www.federalreserve.gov/newsevents/pressreleases/monetary20251029a.htm,XLRE,0.024883424367214,0.0102769879566017,0.0211148802223832,4,0.0248245815578762,0.8505633890809328
2025-10-29,FOMC_statement,https://www.federalreserve.gov/newsevents/pressreleases/monetary20251029a.htm,XLU,0.0191334233270298,-0.0047254741701341,0.000298407863245,1,0.0067806698967487,0.044008610917349804
2025-10-29,FOMC_statement,https://www.federalreserve.gov/newsevents/pressreleases/monetary20251029a.htm,XLV,0.0089414605167655,0.0091036731270051,0.025851205265727,5,0.025851205265727,1.0
2025-10-29,FOMC_statement,https://www.federalreserve.gov/newsevents/pressreleases/monetary20251029a.htm,XLY,0.0024070924272598,0.0190775141201059,0.0230431966295253,5,0.0230431966295253,1.0
2025-11-26,Beige_Book,https://www.federalreserve.gov/monetarypolicy/beigebook202511-summary.htm,XLB,-0.0055040186145112,-0.0085513543634231,-0.0049981936923076,3,-0.0085513543634231,0.5844914711623326
2025-11-26,Beige_Book,https://www.federalreserve.gov/monetarypolicy/beigebook202511-summary.htm,XLC,-0.0020090677315656,0.0040087810612863,-0.0003218274947859,4,-0.0003218274947859,1.0
2025-11-26,Beige_Book,https://www.federalreserve.gov/monetarypolicy/beigebook202511-summary.htm,XLE,0.015686083750018,0.0070566180931221,0.0223425503864289,4,0.0223425503864289,1.0
2025-11-26,Beige_Book,https://www.federalreserve.gov/monetarypolicy/beigebook202511-summary.htm,XLF,-0.0031207314707746,-0.0047645584891189,0.0052094574059147,4,0.0052094574059147,1.0
2025-11-26,Beige_Book,https://www.federalreserve.gov/monetarypolicy/beigebook202511-summary.htm,XLI,-0.0033942306176728,-0.0028442947780086,0.003185100665822,4,0.003185100665822,1.0
2025-11-26,Beige_Book,https://www.federalreserve.gov/monetarypolicy/beigebook202511-summary.htm,XLK,0.0067243907534286,0.0166092074811318,0.0155315481426728,3,0.0166092074811318,0.9351167513752099
2025-11-26,Beige_Book,https://www.federalreserve.gov/monetarypolicy/beigebook202511-summary.htm,XLP,-0.004360334260149,-0.0044821145185822,-0.0071830139751656,4,-0.0071830139751656,1.0
2025-11-26,Beige_Book,https://www.federalreserve.gov/monetarypolicy/beigebook202511-summary.htm,XLRE,0.0013490615180684,-0.0142750681863637,-0.0157860546946082,4,-0.0157860546946082,1.0
2025-11-26,Beige_Book,https://www.federalreserve.gov/monetarypolicy/beigebook202511-summary.htm,XLU,0.0132197831551931,-0.0261430033121548,-0.0327919314400875,4,-0.0327919314400875,1.0
2025-11-26,Beige_Book,https://www.federalreserve.gov/monetarypolicy/beigebook202511-summary.htm,XLV,-0.0132014521999734,-0.0285644450688037,-0.0273626734016626,3,-0.0285644450688037,0.9579277082314614
2025-11-26,Beige_Book,https://www.federalreserve.gov/monetarypolicy/beigebook202511-summary.htm,XLY,-0.0119937208577713,0.0033833163519313,0.0107056182490218,4,0.0107056182490218,1.0
2025-12-10,FOMC_statement,https://www.federalreserve.gov/newsevents/pressreleases/monetary20251210a.htm,XLB,0.0012068156372226,0.0298278127473607,0.0451263988016388,5,0.0451263988016388,1.0
2025-12-10,FOMC_statement,https://www.federalreserve.gov/newsevents/pressreleases/monetary20251210a.htm,XLC,-0.0019811837404956,0.005660857408346,0.0128819643103182,5,0.0128819643103182,1.0
2025-12-10,FOMC_statement,https://www.federalreserve.gov/newsevents/pressreleases/monetary20251210a.htm,XLE,-0.007027820582978,-0.0116506535820803,-0.0063113770519018,4,-0.0394561053761614,0.15995945346686471
2025-12-10,FOMC_statement,https://www.federalreserve.gov/newsevents/pressreleases/monetary20251210a.htm,XLF,0.0028766474236429,0.0303071576114937,0.0374952002933696,5,0.0374952002933696,1.0
2025-12-10,FOMC_statement,https://www.federalreserve.gov/newsevents/pressreleases/monetary20251210a.htm,XLI,0.0064562500498236,0.0159554414634992,0.0075556919202303,3,0.0159554414634992,0.4735495371604249
2025-12-10,FOMC_statement,https://www.federalreserve.gov/newsevents/pressreleases/monetary20251210a.htm,XLK,-0.0035049458028438,-0.0337722422990622,-0.0404455999782998,5,-0.0404455999782998,1.0
2025-12-10,FOMC_statement,https://www.federalreserve.gov/newsevents/pressreleases/monetary20251210a.htm,XLP,-0.003176374986335,0.0279889994676574,0.041871531484554,5,0.041871531484554,1.0
2025-12-10,FOMC_statement,https://www.federalreserve.gov/newsevents/pressreleases/monetary20251210a.htm,XLRE,0.0050279980370094,0.0180581589590128,0.027433140624046,5,0.027433140624046,1.0
2025-12-10,FOMC_statement,https://www.federalreserve.gov/newsevents/pressreleases/monetary20251210a.htm,XLU,-0.0015652332000718,0.0214174815621467,0.0244829024201008,5,0.0244829024201008,1.0
2025-12-10,FOMC_statement,https://www.federalreserve.gov/newsevents/pressreleases/monetary20251210a.htm,XLV,0.0088443077334386,0.0357679030128106,0.0346818258933119,3,0.0357679030128106,0.9696354265132705
2025-12-10,FOMC_statement,https://www.federalreserve.gov/newsevents/pressreleases/monetary20251210a.htm,XLY,-0.0007782691963167,0.0267225173700396,0.0305372995287175,4,0.0310977717663734,0.9819770933471849
2026-01-14,Beige_Book,https://www.federalreserve.gov/monetarypolicy/beigebook202601-summary.htm,XLB,-0.0063275914709822,0.0069944296658202,0.017242175205308,4,0.017242175205308,1.0
2026-01-14,Beige_Book,https://www.federalreserve.gov/monetarypolicy/beigebook202601-summary.htm,XLC,0.0036151521233153,-0.0089252634153492,-0.0102434472426186,2,-0.0145212925622337,0.7054087780904077
2026-01-14,Beige_Book,https://www.federalreserve.gov/monetarypolicy/beigebook202601-summary.htm,XLE,-0.0162420461253341,0.0089012164285852,0.0215197569309596,4,0.0215197569309596,1.0
2026-01-14,Beige_Book,https://www.federalreserve.gov/monetarypolicy/beigebook202601-summary.htm,XLF,0.0171721641987022,0.0010442518551498,-0.0056097245138688,4,-0.0056097245138688,1.0
2026-01-14,Beige_Book,https://www.federalreserve.gov/monetarypolicy/beigebook202601-summary.htm,XLI,-0.0071473933445426,0.0142278046643672,0.0199923608628499,4,0.0199923608628499,1.0
2026-01-14,Beige_Book,https://www.federalreserve.gov/monetarypolicy/beigebook202601-summary.htm,XLK,0.000112378227699,-0.0011343348908077,0.0012133338812105,2,0.0044667571432921,0.2716364114473091
2026-01-14,Beige_Book,https://www.federalreserve.gov/monetarypolicy/beigebook202601-summary.htm,XLP,-0.0135983700711893,0.0200621346690724,0.0094923502454388,3,0.0200621346690724,0.4731475688911668
2026-01-14,Beige_Book,https://www.federalreserve.gov/monetarypolicy/beigebook202601-summary.htm,XLRE,-0.0096312286193959,0.0190016545750643,0.0110837547195866,3,0.0190016545750643,0.5833047156920593
2026-01-14,Beige_Book,https://www.federalreserve.gov/monetarypolicy/beigebook202601-summary.htm,XLU,-0.0083403752973146,0.0137089445153225,0.0035644532403688,3,0.0137089445153225,0.260009312634157
2026-01-14,Beige_Book,https://www.federalreserve.gov/monetarypolicy/beigebook202601-summary.htm,XLV,0.0020669950652137,0.0028142990313161,0.009677313391981,4,0.009677313391981,1.0
2026-01-14,Beige_Book,https://www.federalreserve.gov/monetarypolicy/beigebook202601-summary.htm,XLY,0.0004899784828386,-0.0071092512167703,0.0004900077105209,1,0.0009576784747833,0.5116620279387372
2026-01-28,FOMC_statement,https://www.federalreserve.gov/newsevents/pressreleases/monetary20260128a.htm,XLB,0.0049835228684784,-0.005890728998012,0.0520279442517761,5,0.0520279442517761,1.0
2026-01-28,FOMC_statement,https://www.federalreserve.gov/newsevents/pressreleases/monetary20260128a.htm,XLC,0.0113713834725746,0.0250407057262842,0.0142285710626832,2,0.0334263457396453,0.4256693559477969
2026-01-28,FOMC_statement,https://www.federalreserve.gov/newsevents/pressreleases/monetary20260128a.htm,XLE,-0.0051583890603064,0.0002887601289479,0.0684058285011914,5,0.0684058285011914,1.0
2026-01-28,FOMC_statement,https://www.federalreserve.gov/newsevents/pressreleases/monetary20260128a.htm,XLF,0.0116606217194359,0.0195498847955799,0.0316278491111553,5,0.0316278491111553,1.0
2026-01-28,FOMC_statement,https://www.federalreserve.gov/newsevents/pressreleases/monetary20260128a.htm,XLI,-0.0001526335056918,0.0205751456296033,0.0449544499332883,5,0.0449544499332883,1.0
2026-01-28,FOMC_statement,https://www.federalreserve.gov/newsevents/pressreleases/monetary20260128a.htm,XLK,-0.0095015930169088,-0.0265857634379845,-0.063049890599798,5,-0.063049890599798,1.0
2026-01-28,FOMC_statement,https://www.federalreserve.gov/newsevents/pressreleases/monetary20260128a.htm,XLP,-0.0006063820210682,0.0263450995613334,0.0689002215500046,5,0.0689002215500046,1.0
2026-01-28,FOMC_statement,https://www.federalreserve.gov/newsevents/pressreleases/monetary20260128a.htm,XLRE,0.0032563590997507,0.002830979870939,0.0283955845319039,5,0.0283955845319039,1.0
2026-01-28,FOMC_statement,https://www.federalreserve.gov/newsevents/pressreleases/monetary20260128a.htm,XLU,-0.0090787241137837,-0.0164171967128274,0.0077290883865545,5,0.0077290883865545,1.0
2026-01-28,FOMC_statement,https://www.federalreserve.gov/newsevents/pressreleases/monetary20260128a.htm,XLV,0.020745715200815,0.0089405667622024,0.0245514819345864,5,0.0245514819345864,1.0
2026-01-28,FOMC_statement,https://www.federalreserve.gov/newsevents/pressreleases/monetary20260128a.htm,XLY,0.0009593226292137,0.0016698995239626,-0.0004216788494807,1,-0.0027787341868175,0.1517521364516162
2026-03-04,Beige_Book,https://www.federalreserve.gov/monetarypolicy/beigebook202602-summary.htm,XLB,0.0157867142320241,-0.0275468773803849,-0.0276870401002575,4,-0.0281402074274155,0.983896091443999
2026-03-04,Beige_Book,https://www.federalreserve.gov/monetarypolicy/beigebook202602-summary.htm,XLC,-0.0095777099293455,-0.0004464323732229,-0.0023527651262321,5,-0.0023527651262321,1.0
2026-03-04,Beige_Book,https://www.federalreserve.gov/monetarypolicy/beigebook202602-summary.htm,XLE,0.000302203983162,0.0122580753269754,0.0271562666508529,5,0.0271562666508529,1.0
2026-03-04,Beige_Book,https://www.federalreserve.gov/monetarypolicy/beigebook202602-summary.htm,XLF,-0.0070598924492736,-0.0129487926624758,-0.0238411559362637,5,-0.0238411559362637,1.0
2026-03-04,Beige_Book,https://www.federalreserve.gov/monetarypolicy/beigebook202602-summary.htm,XLI,0.010526143248664,-0.0187337427727172,-0.0243708458156491,5,-0.0243708458156491,1.0
2026-03-04,Beige_Book,https://www.federalreserve.gov/monetarypolicy/beigebook202602-summary.htm,XLK,0.0058051709030179,0.0097289648481762,0.0173850077889715,5,0.0173850077889715,1.0
2026-03-04,Beige_Book,https://www.federalreserve.gov/monetarypolicy/beigebook202602-summary.htm,XLP,0.0021202535334423,-0.0036081763049177,-0.0168366047908382,5,-0.0168366047908382,1.0
2026-03-04,Beige_Book,https://www.federalreserve.gov/monetarypolicy/beigebook202602-summary.htm,XLRE,-0.0038052318909502,-0.0079595215184594,-0.0183759289924345,5,-0.0183759289924345,1.0
2026-03-04,Beige_Book,https://www.federalreserve.gov/monetarypolicy/beigebook202602-summary.htm,XLU,-0.0024811830041837,0.0010374225312813,-0.0106667573320804,5,-0.0106667573320804,1.0
2026-03-04,Beige_Book,https://www.federalreserve.gov/monetarypolicy/beigebook202602-summary.htm,XLV,0.0024768736219732,-0.0077164918026697,-0.0140088135259772,1,-0.014417993574047,0.9716201809933983
2026-03-04,Beige_Book,https://www.federalreserve.gov/monetarypolicy/beigebook202602-summary.htm,XLY,0.000369597613942,-0.0054956016350845,-0.0065639215179298,5,-0.0065639215179298,1.0
2026-03-18,FOMC_statement,https://www.federalreserve.gov/newsevents/pressreleases/monetary20260318a.htm,XLB,0.0002014217332448,-0.0082496636913809,0.0282761893896558,5,0.0282761893896558,1.0
2026-03-18,FOMC_statement,https://www.federalreserve.gov/newsevents/pressreleases/monetary20260318a.htm,XLC,0.0022837568731894,0.0011635585158061,-0.0122810319599839,5,-0.0122810319599839,1.0
2026-03-18,FOMC_statement,https://www.federalreserve.gov/newsevents/pressreleases/monetary20260318a.htm,XLE,-0.007904773081242,0.0333385788555016,0.0469766350381887,4,0.0569871872191932,0.8243367909614433
2026-03-18,FOMC_statement,https://www.federalreserve.gov/newsevents/pressreleases/monetary20260318a.htm,XLF,-0.0026433530496234,0.0175770337140837,0.0167816537934853,4,0.0211367889835957,0.7939547396016287
2026-03-18,FOMC_statement,https://www.federalreserve.gov/newsevents/pressreleases/monetary20260318a.htm,XLI,-1.9148855406658782e-05,-0.0036784519482103,0.006639511895802,5,0.006639511895802,1.0
2026-03-18,FOMC_statement,https://www.federalreserve.gov/newsevents/pressreleases/monetary20260318a.htm,XLK,-0.0028456086934527,0.000552501639119,-0.0030245657038215,5,-0.0030245657038215,1.0
2026-03-18,FOMC_statement,https://www.federalreserve.gov/newsevents/pressreleases/monetary20260318a.htm,XLP,0.0059255047045774,-0.0058352198762606,-0.0039817727660447,3,-0.0058352198762606,0.6823689339014848
2026-03-18,FOMC_statement,https://www.federalreserve.gov/newsevents/pressreleases/monetary20260318a.htm,XLRE,-0.0006573419051485,-0.0203414102615447,-0.0311777259193151,5,-0.0311777259193151,1.0
2026-03-18,FOMC_statement,https://www.federalreserve.gov/newsevents/pressreleases/monetary20260318a.htm,XLU,0.0053812538137666,-0.0284527592412707,-0.0201974351940386,3,-0.0284527592412707,0.709858577256797
2026-03-18,FOMC_statement,https://www.federalreserve.gov/newsevents/pressreleases/monetary20260318a.htm,XLV,0.0117026789680066,-0.0057906337931575,0.0021461562948228,2,0.0044675031768276,0.4803927853828183
2026-03-18,FOMC_statement,https://www.federalreserve.gov/newsevents/pressreleases/monetary20260318a.htm,XLY,-0.0061038510095519,0.004708352648052,0.0080701485394235,5,0.0080701485394235,1.0
2026-04-15,Beige_Book,https://www.federalreserve.gov/monetarypolicy/beigebook202604-summary.htm,XLB,0.0156338032446469,0.003916335641854,-0.0073117110454737,5,-0.0073117110454737,1.0
2026-04-15,Beige_Book,https://www.federalreserve.gov/monetarypolicy/beigebook202604-summary.htm,XLC,-0.0029692431649308,-0.0006843119004531,-0.0115081798043963,5,-0.0115081798043963,1.0
2026-04-15,Beige_Book,https://www.federalreserve.gov/monetarypolicy/beigebook202604-summary.htm,XLE,0.0324965071248108,-0.024500217878608,-0.0015609122974074,2,-0.0274086889609613,0.05694954252028019
2026-04-15,Beige_Book,https://www.federalreserve.gov/monetarypolicy/beigebook202604-summary.htm,XLF,0.0098620316940729,-0.0037242994309323,-0.0152951372504177,5,-0.0152951372504177,1.0
2026-04-15,Beige_Book,https://www.federalreserve.gov/monetarypolicy/beigebook202604-summary.htm,XLI,0.0085953357101395,0.0034084813297174,-0.0166505833075147,5,-0.0166505833075147,1.0
2026-04-15,Beige_Book,https://www.federalreserve.gov/monetarypolicy/beigebook202604-summary.htm,XLK,-0.0038167687300971,0.0155878695117551,0.0348286341593123,5,0.0348286341593123,1.0
2026-04-15,Beige_Book,https://www.federalreserve.gov/monetarypolicy/beigebook202604-summary.htm,XLP,0.0131659170649852,0.0038211772691864,-0.0031350640568407,5,-0.0031350640568407,1.0
2026-04-15,Beige_Book,https://www.federalreserve.gov/monetarypolicy/beigebook202604-summary.htm,XLRE,0.0026544620408224,0.0155615845959017,-0.0145927537425289,5,-0.0145927537425289,1.0
2026-04-15,Beige_Book,https://www.federalreserve.gov/monetarypolicy/beigebook202604-summary.htm,XLU,0.0104603226446,-0.0183539154167251,-0.0411998281699481,5,-0.0411998281699481,1.0
2026-04-15,Beige_Book,https://www.federalreserve.gov/monetarypolicy/beigebook202604-summary.htm,XLV,0.0063729386285242,-0.0147299510356396,-0.0253323512602454,5,-0.0253323512602454,1.0
2026-04-15,Beige_Book,https://www.federalreserve.gov/monetarypolicy/beigebook202604-summary.htm,XLY,-0.009935938971743,0.0019515236995776,-0.0094726707044487,5,-0.0094726707044487,1.0
2026-04-29,FOMC_statement,https://www.federalreserve.gov/newsevents/pressreleases/monetary20260429a.htm,XLB,0.0024727016608421,-0.0150108118396719,-0.0024809306200865,3,-0.0150108118396719,0.16527624532136745
2026-04-29,FOMC_statement,https://www.federalreserve.gov/newsevents/pressreleases/monetary20260429a.htm,XLC,-0.0043478966002657,-0.0019828184765018,-0.0130776400419131,4,-0.0140532820997948,0.930575501797125
2026-04-29,FOMC_statement,https://www.federalreserve.gov/newsevents/pressreleases/monetary20260429a.htm,XLE,-0.0214239655793075,-0.0027879054467614,-0.0649103539327011,5,-0.0649103539327011,1.0
2026-04-29,FOMC_statement,https://www.federalreserve.gov/newsevents/pressreleases/monetary20260429a.htm,XLF,-0.0056379584853221,-0.0155875176164735,-0.0324694106107045,5,-0.0324694106107045,1.0
2026-04-29,FOMC_statement,https://www.federalreserve.gov/newsevents/pressreleases/monetary20260429a.htm,XLI,0.0040030599331722,-0.0024182653846342,0.0098922556882459,1,0.0174146231245793,0.5680430530985078
2026-04-29,FOMC_statement,https://www.federalreserve.gov/newsevents/pressreleases/monetary20260429a.htm,XLK,0.0120736009029264,0.0093667949151309,0.0361023077912275,5,0.0361023077912275,1.0
2026-04-29,FOMC_statement,https://www.federalreserve.gov/newsevents/pressreleases/monetary20260429a.htm,XLP,-0.0138531261807794,-0.0014375525038197,-0.0149933976292766,5,-0.0149933976292766,1.0
2026-04-29,FOMC_statement,https://www.federalreserve.gov/newsevents/pressreleases/monetary20260429a.htm,XLRE,-0.0145232897368867,0.0011429687205924,-0.005832239575941,5,-0.005832239575941,1.0
2026-04-29,FOMC_statement,https://www.federalreserve.gov/newsevents/pressreleases/monetary20260429a.htm,XLU,-0.0061650710349279,0.0062873398095635,-0.0298676075071148,5,-0.0298676075071148,1.0
2026-04-29,FOMC_statement,https://www.federalreserve.gov/newsevents/pressreleases/monetary20260429a.htm,XLV,-0.0075146718854266,0.0043497254548057,-0.0129453370061829,5,-0.0129453370061829,1.0
2026-04-29,FOMC_statement,https://www.federalreserve.gov/newsevents/pressreleases/monetary20260429a.htm,XLY,0.0021773654602915,-0.0014366599884532,-0.005139962196575,4,-0.0064857950058823,0.792495321223274
2026-06-03,Beige_Book,https://www.federalreserve.gov/monetarypolicy/beigebook202605-summary.htm,XLB,-0.0104252889778013,-0.0128391473800951,-0.0009702439133154,3,-0.0128391473800951,0.0755691857560259
2026-06-03,Beige_Book,https://www.federalreserve.gov/monetarypolicy/beigebook202605-summary.htm,XLC,0.0190034671143215,0.0110315038612927,0.0290272192117861,5,0.0290272192117861,1.0
2026-06-03,Beige_Book,https://www.federalreserve.gov/monetarypolicy/beigebook202605-summary.htm,XLE,-0.0101603693630034,0.0135093061220423,0.031080325850142,5,0.031080325850142,1.0
2026-06-03,Beige_Book,https://www.federalreserve.gov/monetarypolicy/beigebook202605-summary.htm,XLF,0.0007746872727514,0.0415129545753356,0.0652581532224088,5,0.0652581532224088,1.0
2026-06-03,Beige_Book,https://www.federalreserve.gov/monetarypolicy/beigebook202605-summary.htm,XLI,-0.0090249325004569,0.0174920821157638,0.0137121275913701,4,0.0317734925123626,0.4315587147379191
2026-06-03,Beige_Book,https://www.federalreserve.gov/monetarypolicy/beigebook202605-summary.htm,XLK,-0.0111574651707713,-0.0409329729709077,-0.0636484432232676,5,-0.0636484432232676,1.0
2026-06-03,Beige_Book,https://www.federalreserve.gov/monetarypolicy/beigebook202605-summary.htm,XLP,0.0037960943594554,0.0309364141968629,0.0785645954992733,5,0.0785645954992733,1.0
2026-06-03,Beige_Book,https://www.federalreserve.gov/monetarypolicy/beigebook202605-summary.htm,XLRE,-0.0037264405870522,0.0319895480461035,0.0724844574791661,5,0.0724844574791661,1.0
2026-06-03,Beige_Book,https://www.federalreserve.gov/monetarypolicy/beigebook202605-summary.htm,XLU,-0.0172035845948033,0.0156446329489234,0.0453702741083131,5,0.0453702741083131,1.0
2026-06-03,Beige_Book,https://www.federalreserve.gov/monetarypolicy/beigebook202605-summary.htm,XLV,0.0110981520797278,0.0542302802603255,0.0743815786516157,5,0.0743815786516157,1.0
2026-06-03,Beige_Book,https://www.federalreserve.gov/monetarypolicy/beigebook202605-summary.htm,XLY,0.0064345241868003,0.0084538287500914,0.0107743574379732,4,0.015549122208695,0.6929238379738392
2026-06-17,FOMC_statement,https://www.federalreserve.gov/newsevents/pressreleases/monetary20260617a.htm,XLB,-0.0101520505094373,-0.0112361192077675,-0.0050717780510148,1,-0.0144338888433253,0.3513798745485112
2026-06-17,FOMC_statement,https://www.federalreserve.gov/newsevents/pressreleases/monetary20260617a.htm,XLC,-0.0071203013621888,-0.0077257117753971,-0.0140674128564703,2,-0.0260844244455655,0.5393031725053776
2026-06-17,FOMC_statement,https://www.federalreserve.gov/newsevents/pressreleases/monetary20260617a.htm,XLE,-0.0025412024070925,0.0108527518149393,-0.0050259897444476,1,-0.0268593117792865,0.18712280440199394
2026-06-17,FOMC_statement,https://www.federalreserve.gov/newsevents/pressreleases/monetary20260617a.htm,XLF,-0.0207113870400753,0.0076814729409665,0.0051754309058665,3,0.0076814729409665,0.6737550136074965
2026-06-17,FOMC_statement,https://www.federalreserve.gov/newsevents/pressreleases/monetary20260617a.htm,XLI,-0.0125096735229707,0.0018808886013705,0.0139077673712162,4,0.0139077673712162,1.0
2026-06-17,FOMC_statement,https://www.federalreserve.gov/newsevents/pressreleases/monetary20260617a.htm,XLK,0.0219335286711018,0.001106737814023,-0.0046190028156828,4,-0.0046190028156828,1.0
2026-06-17,FOMC_statement,https://www.federalreserve.gov/newsevents/pressreleases/monetary20260617a.htm,XLP,-0.0072482724203929,0.0148701366161854,0.0239337636918322,4,0.0239337636918322,1.0
2026-06-17,FOMC_statement,https://www.federalreserve.gov/newsevents/pressreleases/monetary20260617a.htm,XLRE,-0.0084065205050259,0.0312974583884881,0.0288487651050725,3,0.0312974583884881,0.9217606345850663
2026-06-17,FOMC_statement,https://www.federalreserve.gov/newsevents/pressreleases/monetary20260617a.htm,XLU,-0.0131140139492583,0.0273321821524347,0.0382239491358821,4,0.0382239491358821,1.0
2026-06-17,FOMC_statement,https://www.federalreserve.gov/newsevents/pressreleases/monetary20260617a.htm,XLV,-0.0062886543074477,0.0215547991878085,0.0297066687553652,4,0.0297066687553652,1.0
2026-06-17,FOMC_statement,https://www.federalreserve.gov/newsevents/pressreleases/monetary20260617a.htm,XLY,-0.0050338567392587,-0.0055276581262676,0.0064513084274783,4,0.0064513084274783,1.0
2026-07-15,Beige_Book,https://www.federalreserve.gov/monetarypolicy/beigebook202607-summary.htm,XLB,0.0023644503880533,0.0076837067283627,0.0364679863454133,7,0.0364679863454133,1.0
2026-07-15,Beige_Book,https://www.federalreserve.gov/monetarypolicy/beigebook202607-summary.htm,XLC,0.0048052289743233,-0.0059068015427011,-0.0424963239457784,6,-0.0502106761882991,0.846360319594373
2026-07-15,Beige_Book,https://www.federalreserve.gov/monetarypolicy/beigebook202607-summary.htm,XLE,-0.0001504347612908,0.0422161823529592,0.0750841836571074,7,0.0750841836571074,1.0
2026-07-15,Beige_Book,https://www.federalreserve.gov/monetarypolicy/beigebook202607-summary.htm,XLF,0.0015887973785879,0.00774463141205,0.0167515871958403,7,0.0167515871958403,1.0
2026-07-15,Beige_Book,https://www.federalreserve.gov/monetarypolicy/beigebook202607-summary.htm,XLI,0.0031070987953751,0.0061320489710188,0.0356163361943964,7,0.0356163361943964,1.0
2026-07-15,Beige_Book,https://www.federalreserve.gov/monetarypolicy/beigebook202607-summary.htm,XLK,-0.0093575464847797,-0.0156177145112288,-0.0099275261972552,2,-0.0179155620817169,0.5541286481536848
2026-07-15,Beige_Book,https://www.federalreserve.gov/monetarypolicy/beigebook202607-summary.htm,XLP,0.0173820428037846,0.03386520803652,0.0295899060583443,2,0.0361245452676507,0.8191080562844308
2026-07-15,Beige_Book,https://www.federalreserve.gov/monetarypolicy/beigebook202607-summary.htm,XLRE,0.0084723691458058,0.0320645228500826,0.0522663442243296,7,0.0522663442243296,1.0
2026-07-15,Beige_Book,https://www.federalreserve.gov/monetarypolicy/beigebook202607-summary.htm,XLU,0.0042068663953129,0.0107689901605922,0.0447888862972888,7,0.0447888862972888,1.0
2026-07-15,Beige_Book,https://www.federalreserve.gov/monetarypolicy/beigebook202607-summary.htm,XLV,0.022880362936314,0.0232943657248355,0.0482184675216776,7,0.0482184675216776,1.0
2026-07-15,Beige_Book,https://www.federalreserve.gov/monetarypolicy/beigebook202607-summary.htm,XLY,0.0047571169519022,-0.0035460045650221,-0.0446781729794446,6,-0.0496386364615805,0.9000684983364677
