R,ticker,yahoo,cik,sic,sic_group,mcap,fy_t_end,BM,F,nsig,bm_rank,pBM,pF,funnel_stage1,rank_funnel,score_weighted,rank_weighted,sel_funnel,sel_weighted,n_universe,name
2011-06-30,A,A,1090872.0,3826.0,Instruments & medical devices,17766051453.742496,2010-10-31,0.18169484696161947,7.0,9.0,135,20.710059171597635,62.721893491124256,False,135,37.514792899408285,127,False,False,169,"AGILENT TECHNOLOGIES, INC."
2011-06-30,AAPL,AAPL,320193.0,3571.0,Machinery & computers,307912454745.4461,2010-09-25,0.1552097008856275,7.875,8.0,144,15.384615384615385,76.33136094674556,False,144,39.76331360946746,121,False,False,169,Apple Inc.
2011-06-30,ABC,COR,1140859.0,5122.0,Wholesale,11440797727.07322,2010-09-30,0.25822473838594534,7.0,9.0,110,35.50295857988166,62.721893491124256,False,110,46.3905325443787,91,False,False,169,"Cencora, Inc."
2011-06-30,ABT,ABT,1800.0,2834.0,Chemicals & pharma,81433754690.52686,2010-12-31,0.274924508701358,6.0,9.0,100,41.42011834319527,38.75739644970414,True,65,40.35502958579882,117,False,False,169,ABBOTT LABORATORIES
2011-06-30,ADBE,ADBE,796343.0,7372.0,Business services & software,15873700545.327015,2010-12-03,0.3271062714817663,7.0,9.0,81,52.662721893491124,62.721893491124256,True,36,56.68639053254438,67,False,False,169,ADOBE INC.
2011-06-30,ADI,ADI,6281.0,3674.0,Electronics & semis,11689278002.876678,2010-10-30,0.27373093523933334,6.75,8.0,103,39.64497041420118,50.591715976331365,False,103,44.023668639053255,104,False,False,169,ANALOG DEVICES INC
2011-06-30,ADP,ADP,8670.0,7374.0,Business services & software,25919747277.674778,2010-06-30,0.21137937578269103,6.0,9.0,124,27.218934911242602,38.75739644970414,False,124,31.83431952662722,141,False,False,169,AUTOMATIC DATA PROCESSING INC
2011-06-30,ADSK,ADSK,769397.0,7372.0,Business services & software,8796939652.252197,2011-01-31,0.18293861997654903,9.0,8.0,134,21.301775147928996,97.33727810650888,False,134,51.71597633136095,82,False,False,169,"Autodesk, Inc."
2011-06-30,AEE,AEE,1002910.0,4931.0,Utilities,6937317519.464252,2010-12-31,1.1142635432660668,5.625,8.0,2,99.40828402366864,27.218934911242602,True,66,70.53254437869822,24,False,False,169,AMEREN CORP
2011-06-30,AEP,AEP,4904.0,4911.0,Utilities,18116813784.8107,2010-12-31,0.7518982179648392,4.5,8.0,13,92.89940828402366,8.875739644970414,True,88,59.289940828402365,57,False,False,169,AMERICAN ELECTRIC POWER CO INC
2011-06-30,AKAM,AKAM,1086222.0,7389.0,Business services & software,5889623872.123999,2010-12-31,0.3697358349667721,6.75,8.0,64,62.721893491124256,50.591715976331365,True,44,57.8698224852071,61,False,False,169,AKAMAI TECHNOLOGIES INC
2011-06-30,AMAT,AMAT,6951.0,3674.0,Electronics & semis,17273184859.963028,2010-10-31,0.4362897208069439,7.0,9.0,50,71.00591715976331,62.721893491124256,True,33,67.6923076923077,32,False,False,169,APPLIED MATERIALS INC /DE
2011-06-30,AMGN,AMGN,318154.0,2836.0,Chemicals & pharma,54408625408.889786,2010-12-31,0.44007728223341236,5.625,8.0,49,71.59763313609467,27.218934911242602,True,69,53.84615384615385,74,False,False,169,AMGEN INC
2011-06-30,AMZN,AMZN,1018724.0,5961.0,Retail,92225755994.01923,2010-12-31,0.07442606380418422,3.0,9.0,160,5.9171597633136095,1.4792899408284024,False,160,4.1420118343195265,169,False,False,169,AMAZON COM INC
2011-06-30,APD,APD,2969.0,2810.0,Chemicals & pharma,20480428605.446026,2010-09-30,0.27083905844260525,8.0,9.0,105,38.46153846153847,88.16568047337277,False,105,58.34319526627219,60,False,False,169,"Air Products & Chemicals, Inc."
2011-06-30,APH,APH,820313.0,3678.0,Electronics & semis,9498653631.618652,2010-12-31,0.24433515422379987,7.0,9.0,114,33.13609467455622,62.721893491124256,False,114,44.97041420118343,98,False,False,169,AMPHENOL CORP /DE/
2011-06-30,ATI,ATI,1018963.0,3317.0,Other manufacturing,6264778099.398956,2010-12-31,0.32575774714124267,5.0,9.0,82,52.071005917159766,17.75147928994083,True,83,38.34319526627219,124,False,False,169,ATI INC
2011-06-30,BA,BA,12927.0,3721.0,Transport equipment,54434326835.419556,2010-12-31,0.050813524494624736,7.0,9.0,165,2.9585798816568047,62.721893491124256,False,165,26.86390532544379,152,False,False,169,BOEING CO
2011-06-30,BAX,BAX,10456.0,3841.0,Instruments & medical devices,34585938428.65935,2010-12-31,0.18987485372258428,5.0,9.0,132,22.485207100591715,17.75147928994083,False,132,20.59171597633136,160,False,False,169,BAXTER INTERNATIONAL INC
2011-06-30,BBY,BBY,764478.0,5731.0,Retail,12234830836.013927,2011-02-26,0.5396069703364131,6.0,9.0,34,80.4733727810651,38.75739644970414,True,52,63.786982248520715,45,False,False,169,BEST BUY CO INC
2011-06-30,BDX,BDX,10795.0,3841.0,Instruments & medical devices,19815758580.30066,2010-09-30,0.2742554607726525,6.0,9.0,101,40.828402366863905,38.75739644970414,False,101,40.0,119,False,False,169,BECTON DICKINSON & CO
2011-06-30,BIIB,BIIB,875045.0,2836.0,Chemicals & pharma,25758298089.237167,2010-12-31,0.20950553415075482,7.875,8.0,126,26.035502958579883,76.33136094674556,False,126,46.15384615384615,94,False,False,169,BIOGEN INC.
2011-06-30,BMY,BMY,14272.0,2834.0,Chemicals & pharma,49302297045.86113,2010-12-31,0.3187072599352465,6.0,9.0,86,49.70414201183432,38.75739644970414,True,61,45.32544378698225,96,False,False,169,BRISTOL MYERS SQUIBB CO
2011-06-30,BSX,BSX,885725.0,3841.0,Instruments & medical devices,10526479412.44234,2010-12-31,1.073103319486673,5.0,9.0,3,98.81656804733728,17.75147928994083,True,74,66.3905325443787,36,False,False,169,BOSTON SCIENTIFIC CORP
2011-06-30,CAT,CAT,18230.0,3531.0,Machinery & computers,68009065547.58034,2010-12-31,0.1597434093900225,8.0,9.0,143,15.976331360946746,88.16568047337277,False,143,44.85207100591715,99,False,False,169,CATERPILLAR INC
2011-06-30,CF,CF,1324404.0,2870.0,Chemicals (other),10100778462.56958,2010-12-31,0.40099879578683495,4.5,8.0,56,67.45562130177515,8.875739644970414,True,93,44.023668639053255,103,False,False,169,"CF Industries Holdings, Inc."
2011-06-30,CHRW,CHRW,1043277.0,4731.0,Transportation,13091967015.399536,2010-12-31,0.09196998423412654,7.875,8.0,158,7.100591715976331,76.33136094674556,False,158,34.79289940828402,135,False,False,169,"C. H. ROBINSON WORLDWIDE, INC."
2011-06-30,CL,CL,21665.0,2844.0,Chemicals (other),43169283313.20035,2010-12-31,0.06196535579690839,5.0,9.0,163,4.142011834319527,17.75147928994083,False,163,9.585798816568047,167,False,False,169,COLGATE PALMOLIVE CO
2011-06-30,CLF,CLF,764065.0,1000.0,Mining (metals/coal),12523508543.65123,2010-12-31,0.3070944525326069,7.875,8.0,91,46.74556213017752,76.33136094674556,True,24,58.57988165680474,58,False,False,169,CLEVELAND-CLIFFS INC.
2011-06-30,CMCSA,CMCSA,1166691.0,4841.0,Communications,71154721188.99536,2010-12-31,0.6233458477363789,6.75,8.0,22,87.57396449704143,50.591715976331365,True,41,72.7810650887574,20,False,True,169,COMCAST CORP
2011-06-30,CMI,CMI,26172.0,3510.0,Machinery & computers,20475223691.672424,2010-12-31,0.22808053627757718,6.0,9.0,119,30.17751479289941,38.75739644970414,False,119,33.6094674556213,138,False,False,169,CUMMINS INC
2011-06-30,CNP,CNP,1130310.0,4911.0,Utilities,8220841334.617289,2010-12-31,0.38901127875239294,7.875,8.0,61,64.49704142011834,76.33136094674556,True,22,69.23076923076923,28,False,False,169,CENTERPOINT ENERGY INC
2011-06-30,CNX,CNX,1070412.0,1311.0,Oil & gas extraction,10967954757.611736,2010-12-31,0.26846181125578944,5.625,8.0,106,37.8698224852071,27.218934911242602,False,106,33.6094674556213,137,False,False,169,CNX Resources Corp
2011-06-30,COP,COP,1163165.0,2911.0,Petroleum refining,107495228967.43202,2010-12-31,0.6378143537958538,9.0,8.0,21,88.16568047337277,97.33727810650888,True,1,91.83431952662721,1,True,True,169,CONOCOPHILLIPS
2011-06-30,COST,COST,909832.0,5331.0,Retail,35122808930.71505,2010-08-29,0.30831816502381143,9.0,9.0,90,47.337278106508876,97.33727810650888,True,6,67.33727810650888,34,True,False,169,COSTCO WHOLESALE CORP /NEW
2011-06-30,CRM,CRM,1108524.0,7372.0,Business services & software,19799441432.18994,2011-01-31,0.06447106118482111,4.5,8.0,162,4.733727810650888,8.875739644970414,False,162,6.390532544378699,168,False,False,169,"Salesforce, Inc."
2011-06-30,CSX,CSX,277948.0,4011.0,Transportation,29133617683.753082,2010-12-31,0.29862408762409626,7.875,8.0,97,43.19526627218935,76.33136094674556,True,25,56.44970414201184,68,False,False,169,CSX CORP
2011-06-30,CVS,CVS,64803.0,5912.0,Retail,51415981425.201416,2010-12-31,0.7332350556187466,7.0,9.0,14,92.3076923076923,62.721893491124256,True,27,80.47337278106508,11,False,True,169,CVS HEALTH Corp
2011-06-30,CVX,CVX,93410.0,2911.0,Petroleum refining,206446107764.22006,2010-12-31,0.5089996664892898,7.875,8.0,39,77.51479289940828,76.33136094674556,True,19,77.04142011834318,16,True,True,169,CHEVRON CORP
2011-06-30,D,D,715957.0,4911.0,Utilities,28037598824.821735,2010-12-31,0.4278897089211161,4.5,8.0,52,69.8224852071006,8.875739644970414,True,92,45.443786982248525,95,False,False,169,"DOMINION ENERGY, INC"
2011-06-30,DE,DE,315189.0,3523.0,Machinery & computers,34852533027.487946,2010-10-31,0.18048329500294527,7.875,8.0,136,20.118343195266274,76.33136094674556,False,136,42.60355029585799,109,False,False,169,DEERE & CO
2011-06-30,DGX,DGX,1022079.0,8071.0,Health services,10115808805.024033,2010-12-31,0.39873035144720864,5.0,9.0,59,65.68047337278107,17.75147928994083,True,79,46.508875739644964,90,False,False,169,QUEST DIAGNOSTICS INC
2011-06-30,DHR,DHR,313616.0,3823.0,Instruments & medical devices,69860039398.5534,2010-12-31,0.19626398894192312,7.875,8.0,130,23.668639053254438,76.33136094674556,False,130,44.73372781065089,100,False,False,169,DANAHER CORP /DE/
2011-06-30,DIS,DIS,1001039.0,4841.0,Communications,73925505243.38756,2010-10-02,0.5075244312023958,6.75,8.0,40,76.92307692307693,50.591715976331365,True,42,66.39053254437871,35,False,False,169,WALT DISNEY CO/
2011-06-30,DOV,DOV,29905.0,3530.0,Machinery & computers,12671616873.069078,2010-12-31,0.35722055404155084,9.0,9.0,67,60.946745562130175,97.33727810650888,True,4,75.50295857988166,18,True,True,169,DOVER Corp
2011-06-30,DUK,DUK,1326160.0,4931.0,Utilities,25027787743.171516,2010-12-31,0.8998797748772188,7.875,8.0,6,97.0414201183432,76.33136094674556,True,17,88.75739644970415,3,True,True,169,Duke Energy CORP
2011-06-30,DVN,DVN,1090012.0,1311.0,Oil & gas extraction,33651868957.51953,2010-12-31,0.5721227556277496,9.0,8.0,31,82.24852071005917,97.33727810650888,True,2,88.28402366863905,4,True,True,169,DEVON ENERGY CORP/DE
2011-06-30,EBAY,EBAY,1065088.0,7389.0,Business services & software,41898399483.347565,2010-12-31,0.3652210869315383,6.0,9.0,66,61.53846153846154,38.75739644970414,True,60,52.42603550295858,79,False,False,169,EBAY INC
2011-06-30,ECL,ECL,31462.0,2840.0,Chemicals (other),13117628197.692562,2010-12-31,0.16231592845225892,7.0,9.0,141,17.159763313609467,62.721893491124256,False,141,35.38461538461539,134,False,False,169,ECOLAB INC.
2011-06-30,EIX,EIX,827052.0,4911.0,Utilities,12625184232.5,2010-12-31,0.9104025563771114,6.75,8.0,5,97.63313609467455,50.591715976331365,True,40,78.81656804733728,14,False,True,169,EDISON INTERNATIONAL
2011-06-30,EMN,EMN,915389.0,2821.0,Chemicals & pharma,7221267629.639366,2010-12-31,0.22530670284564058,8.0,9.0,121,28.994082840236686,88.16568047337277,False,121,52.662721893491124,78,False,False,169,EASTMAN CHEMICAL CO
2011-06-30,EMR,EMR,32604.0,3600.0,Electronics & semis,42336962268.75,2010-09-30,0.23128726000324606,6.0,9.0,117,31.360946745562128,38.75739644970414,False,117,34.319526627218934,136,False,False,169,EMERSON ELECTRIC CO
2011-06-30,EOG,EOG,821189.0,1311.0,Oil & gas extraction,26584900231.8488,2010-12-31,0.38486629292452523,4.5,8.0,63,63.31360946745562,8.875739644970414,True,94,41.53846153846154,113,False,False,169,EOG RESOURCES INC
2011-06-30,ETN,ETN,31277.0,3590.0,Machinery & computers,35027160519.40918,2010-12-31,0.21017975453421592,9.0,8.0,125,26.627218934911244,97.33727810650888,False,125,54.9112426035503,72,False,False,169,EATON CORP
2011-06-30,EXPD,EXPD,746515.0,4731.0,Transportation,10862403810.840702,2010-12-31,0.1602689450987425,5.625,8.0,142,16.56804733727811,27.218934911242602,False,142,20.828402366863905,159,False,False,169,EXPEDITORS INTERNATIONAL OF WASHINGTON INC
2011-06-30,FAST,FAST,815556.0,5200.0,Retail,10612063144.67511,2010-12-31,0.12085416214692758,6.75,8.0,151,11.242603550295858,50.591715976331365,False,151,26.982248520710062,151,False,False,169,FASTENAL CO
2011-06-30,FIS,FIS,1136893.0,7389.0,Business services & software,9315501444.922401,2010-12-31,0.6873704048954006,6.0,9.0,16,91.12426035502959,38.75739644970414,True,49,70.17751479289942,26,False,False,169,"Fidelity National Information Services, Inc."
2011-06-30,FISV,FISV,798354.0,7389.0,Business services & software,9148808991.657177,2010-12-31,0.35294211551957566,8.0,9.0,69,59.76331360946746,88.16568047337277,True,13,71.12426035502958,22,True,False,169,FISERV INC
2011-06-30,FLR,FLR,1124198.0,1600.0,Construction,11415883744.714478,2010-12-31,0.30632748880428123,6.0,9.0,92,46.15384615384615,38.75739644970414,True,64,43.19526627218934,106,False,False,169,FLUOR CORP
2011-06-30,FLS,FLS,30625.0,3561.0,Machinery & computers,6124112186.326504,2010-12-31,0.3434003062020129,4.0,9.0,74,56.80473372781065,4.733727810650888,True,95,35.976331360946745,133,False,False,169,FLOWSERVE CORP
2011-06-30,FMC,FMC,37785.0,2800.0,Chemicals & pharma,6149212294.335275,2010-12-31,0.18400730790224154,7.0,9.0,133,21.893491124260358,62.721893491124256,False,133,38.22485207100592,125,False,False,169,FMC CORP
2011-06-30,FSLR,FSLR,1274494.0,3674.0,Electronics & semis,11361342730.853378,2010-12-31,0.3040965387495612,3.0,9.0,93,45.562130177514796,1.4792899408284024,True,100,27.928994082840237,147,False,False,169,"FIRST SOLAR, INC."
2011-06-30,FTI,FTI,1135152.0,3533.0,Machinery & computers,10762305486.549013,2010-12-31,0.12187909009267522,7.0,9.0,149,12.42603550295858,62.721893491124256,False,149,32.544378698224854,140,False,False,169,FMC TECHNOLOGIES INC
2011-06-30,GD,GD,40533.0,3730.0,Transport equipment,27773959550.614777,2010-12-31,0.47944190225139327,7.0,9.0,44,74.55621301775149,62.721893491124256,True,30,69.8224852071006,27,False,False,169,GENERAL DYNAMICS CORP
2011-06-30,GE,GE,40545.0,3600.0,Electronics & semis,200264701103.74225,2010-12-31,0.5938939780425313,7.875,8.0,27,84.61538461538461,76.33136094674556,True,18,81.30177514792899,10,True,True,169,GENERAL ELECTRIC CO
2011-06-30,GILD,GILD,882095.0,2836.0,Chemicals & pharma,32931908786.692245,2010-12-31,0.1780561533186782,3.375,8.0,138,18.93491124260355,3.2544378698224854,False,138,12.662721893491124,165,False,False,169,"GILEAD SCIENCES, INC."
2011-06-30,GLW,GLW,24741.0,3357.0,Other manufacturing,28417582977.330147,2010-12-31,0.6817961969339975,7.0,9.0,17,90.53254437869822,62.721893491124256,True,28,79.40828402366863,13,False,True,169,CORNING INC /NY
2011-06-30,GME,GME,1326380.0,5734.0,Retail,3752479492.044588,2011-01-29,0.772102820586334,4.5,8.0,11,94.0828402366864,8.875739644970414,True,87,60.0,54,False,False,169,GameStop Corp.
2011-06-30,GPC,GPC,40987.0,5013.0,Wholesale,8576517050.164818,2010-12-31,0.32575216532057266,7.0,9.0,83,51.4792899408284,62.721893491124256,True,37,55.976331360946745,69,False,False,169,GENUINE PARTS CO
2011-06-30,GPS,GAP,39911.0,5651.0,Retail,10579306002.166016,2011-01-29,0.38565856769476725,5.625,8.0,62,63.905325443786985,27.218934911242602,True,71,49.23076923076923,87,False,False,169,GAP INC
2011-06-30,GWW,GWW,277135.0,5000.0,Wholesale,10659898853.851501,2010-12-31,0.2068702555468656,8.0,9.0,128,24.85207100591716,88.16568047337277,False,128,50.1775147928994,86,False,False,169,"W.W. GRAINGER, INC."
2011-06-30,HAL,HAL,45012.0,1389.0,Oil & gas extraction,46581175737.0,2010-12-31,0.22268652166631764,8.0,9.0,122,28.402366863905325,88.16568047337277,False,122,52.30769230769231,80,False,False,169,HALLIBURTON CO
2011-06-30,HD,HD,354950.0,5211.0,Retail,58751393968.82648,2011-01-30,0.3215072651726785,7.0,9.0,84,50.887573964497044,62.721893491124256,True,38,55.62130177514793,71,False,False,169,"HOME DEPOT, INC."
2011-06-30,HOG,HOG,793952.0,3751.0,Transport equipment,9649324049.712067,2010-12-31,0.2287067973497949,7.0,9.0,118,30.76923076923077,62.721893491124256,False,118,43.55029585798816,105,False,False,169,"HARLEY-DAVIDSON, INC."
2011-06-30,HP,HP,46765.0,1381.0,Oil & gas extraction,7007779271.258606,2010-09-30,0.40062120842110593,5.625,8.0,57,66.86390532544378,27.218934911242602,True,70,51.005917159763314,83,False,False,169,"Helmerich & Payne, Inc."
2011-06-30,HPQ,HPQ,47217.0,3570.0,Machinery & computers,79731497259.26541,2010-10-31,0.5073151940000664,6.0,9.0,41,76.33136094674556,38.75739644970414,True,55,61.30177514792899,49,False,False,169,HP INC
2011-06-30,HRB,HRB,12659.0,7200.0,Services (hotels/personal),4898353961.427078,2011-04-30,0.2959308395054578,4.0,9.0,98,42.60355029585799,4.733727810650888,True,96,27.45562130177515,148,False,False,169,H&R BLOCK INC
2011-06-30,HSY,HSY,47111.0,2060.0,Food & beverage mfg,12916421926.467567,2010-12-31,0.06985804622494,9.0,9.0,161,5.325443786982249,97.33727810650888,False,161,42.130177514792905,111,False,False,169,HERSHEY CO
2011-06-30,IBM,IBM,51143.0,3570.0,Machinery & computers,209211445176.1917,2010-12-31,0.11015649732064772,8.0,9.0,155,8.875739644970414,88.16568047337277,False,155,40.59171597633136,116,False,False,169,INTERNATIONAL BUSINESS MACHINES CORP
2011-06-30,INTC,INTC,50863.0,3674.0,Electronics & semis,121614079162.59766,2010-12-25,0.40644965073420686,9.0,9.0,55,68.04733727810651,97.33727810650888,True,3,79.76331360946746,12,True,True,169,INTEL CORP
2011-06-30,IP,IP,51434.0,2621.0,Other manufacturing,13113055058.214205,2010-12-31,0.5211600172241392,6.0,9.0,38,78.10650887573965,38.75739644970414,True,54,62.366863905325445,47,False,False,169,INTERNATIONAL PAPER CO /NEW/
2011-06-30,IR,TT,1466258.0,3822.0,Instruments & medical devices,14966128338.900394,2010-12-31,0.5321549982502128,8.0,9.0,36,79.28994082840237,88.16568047337277,True,12,82.84023668639053,8,True,True,169,Trane Technologies plc
2011-06-30,ISRG,ISRG,1035267.0,3842.0,Instruments & medical devices,14462617359.250305,2010-12-31,0.14087353273554437,7.875,8.0,146,14.201183431952662,76.33136094674556,False,146,39.053254437869825,123,False,False,169,INTUITIVE SURGICAL INC
2011-06-30,ITT,ITT,216228.0,3561.0,Machinery & computers,10825440604.666605,2010-12-31,0.4161493434325431,6.0,9.0,53,69.23076923076923,38.75739644970414,True,58,57.04142011834319,65,False,False,169,ITT INC.
2011-06-30,ITW,ITW,49826.0,3560.0,Machinery & computers,28155712234.1704,2010-12-31,0.3331915712867214,8.0,9.0,79,53.84615384615385,88.16568047337277,True,15,67.57396449704142,33,True,False,169,ILLINOIS TOOL WORKS INC
2011-06-30,JCI,JCI,53669.0,2531.0,Other manufacturing,33334386029.74641,2010-09-30,0.30212045876630217,7.0,9.0,95,44.37869822485207,62.721893491124256,True,39,51.71597633136095,81,False,False,169,JOHNSON CONTROLS INC
2011-06-30,JEC,J,52988.0,1600.0,Construction,5453857266.294303,2010-10-01,0.5242249403315644,4.5,8.0,37,78.69822485207101,8.875739644970414,True,91,50.769230769230774,84,False,False,169,JACOBS SOLUTIONS INC.
2011-06-30,JNJ,JNJ,200406.0,2834.0,Chemicals & pharma,181946407405.9492,2011-01-02,0.3109651946782545,5.0,9.0,88,48.5207100591716,17.75147928994083,True,85,36.213017751479285,132,False,False,169,JOHNSON & JOHNSON
2011-06-30,KDP,KDP,1418135.0,2080.0,Food & beverage mfg,9391262174.451675,2010-12-31,0.2618391387996335,7.0,9.0,109,36.09467455621302,62.721893491124256,False,109,46.74556213017752,89,False,False,169,Keurig Dr Pepper Inc.
2011-06-30,KMB,KMB,55785.0,2670.0,Other manufacturing,26915355927.461395,2010-12-31,0.21983733062816235,5.0,9.0,123,27.810650887573964,17.75147928994083,False,123,23.786982248520708,156,False,False,169,KIMBERLY CLARK CORP
2011-06-30,KO,KO,21344.0,2080.0,Food & beverage mfg,154384581658.4998,2010-12-31,0.20081668562330235,4.0,9.0,129,24.2603550295858,4.733727810650888,False,129,16.449704142011832,162,False,False,169,COCA COLA CO
2011-06-30,KR,KR,56873.0,5411.0,Retail,15391758016.89275,2011-01-29,0.3440802534829055,7.0,9.0,73,57.396449704142015,62.721893491124256,True,35,59.526627218934905,56,False,False,169,KROGER CO
2011-06-30,KSS,KSS,885639.0,5311.0,Retail,14523797691.343231,2011-01-29,0.5578430774224512,6.0,9.0,32,81.65680473372781,38.75739644970414,True,50,64.49704142011834,42,False,False,169,KOHLS Corp
2011-06-30,LB,BBWI,701985.0,5990.0,Retail,12282881268.3586,2011-01-29,0.12016724478174838,8.0,9.0,152,10.650887573964498,88.16568047337277,False,152,41.65680473372781,112,False,False,169,"Bath & Body Works, Inc."
2011-06-30,LH,LH,920148.0,8071.0,Health services,9679000305.175781,2010-12-31,0.2548093731003565,6.0,9.0,111,34.9112426035503,38.75739644970414,False,111,36.44970414201184,131,False,False,169,LABCORP HOLDINGS INC.
2011-06-30,LLY,LLY,59478.0,2834.0,Chemicals & pharma,43447157742.70499,2010-12-31,0.2856987808847905,8.0,9.0,99,42.01183431952663,88.16568047337277,True,16,60.47337278106508,51,True,False,169,ELI LILLY & Co
2011-06-30,LMT,LMT,936468.0,3760.0,Transport equipment,28327774270.69931,2010-12-31,0.13089627037290222,5.0,9.0,147,13.609467455621301,17.75147928994083,False,147,15.266272189349113,164,False,False,169,LOCKHEED MARTIN CORP
2011-06-30,LOW,LOW,60667.0,5211.0,Retail,30730048332.760937,2011-01-28,0.58939054712423,8.0,9.0,28,84.02366863905326,88.16568047337277,True,11,85.68047337278105,7,True,True,169,LOWES COMPANIES INC
2011-06-30,M,M,794367.0,5311.0,Retail,12390371686.011934,2011-01-29,0.44631429469085854,7.0,9.0,48,72.18934911242604,62.721893491124256,True,32,68.40236686390533,31,False,False,169,"Macy's, Inc."
2011-06-30,MAR,MAR,1048286.0,7011.0,Services (hotels/personal),13058107413.449707,2010-12-31,0.12138053010403846,6.75,8.0,150,11.834319526627219,50.591715976331365,False,150,27.33727810650888,149,False,False,169,MARRIOTT INTERNATIONAL INC /MD/
2011-06-30,MAS,MAS,62996.0,3430.0,Other manufacturing,4308099769.773766,2010-12-31,0.32125532693331266,5.0,9.0,85,50.29585798816568,17.75147928994083,True,84,37.27810650887574,128,False,False,169,MASCO CORP /DE/
2011-06-30,MAT,MAT,63276.0,3942.0,Other manufacturing,9585260980.283083,2010-12-31,0.27423186550757533,6.0,9.0,102,40.23668639053255,38.75739644970414,False,102,39.64497041420118,122,False,False,169,MATTEL INC /DE/
2011-06-30,MCD,MCD,63908.0,5812.0,Retail,87970966386.73044,2010-12-31,0.16635261156125514,6.75,8.0,140,17.75147928994083,50.591715976331365,False,140,30.887573964497044,143,False,False,169,MCDONALDS CORP
2011-06-30,MCK,MCK,927653.0,5122.0,Wholesale,21089841479.754646,2011-03-31,0.34234491553342844,5.0,9.0,75,56.213017751479285,17.75147928994083,True,81,40.8284023668639,115,False,False,169,MCKESSON CORP
2011-06-30,MCO,MCO,1059556.0,7320.0,Business services & software,8797489649.963379,2010-12-31,-0.035191857259109,7.875,8.0,169,0.591715976331361,76.33136094674556,False,169,30.887573964497044,144,False,False,169,MOODYS CORP /DE/
2011-06-30,MDLZ,MDLZ,1103982.0,2000.0,Food & beverage mfg,61614706146.44464,2010-12-31,0.5815819345925377,5.0,9.0,30,82.84023668639054,17.75147928994083,True,78,56.80473372781066,66,False,False,169,"Mondelez International, Inc."
2011-06-30,MDT,MDT,64670.0,3845.0,Instruments & medical devices,40878913305.32883,2011-04-29,0.3906170372175346,5.0,9.0,60,65.08875739644971,17.75147928994083,True,80,46.15384615384616,93,False,False,169,MEDTRONIC INC
2011-06-30,MMM,MMM,66740.0,3841.0,Instruments & medical devices,67514799207.28205,2010-12-31,0.23199358042837237,7.0,9.0,116,31.952662721893493,62.721893491124256,False,116,44.260355029585796,102,False,False,169,3M CO
2011-06-30,MO,MO,764180.0,2111.0,Other manufacturing,55249339007.04833,2010-12-31,0.09397397495267121,5.0,9.0,157,7.6923076923076925,17.75147928994083,False,157,11.715976331360947,166,False,False,169,"ALTRIA GROUP, INC."
2011-06-30,MRK,MRK,310158.0,2834.0,Chemicals & pharma,108801917703.04185,2010-12-31,0.49977060283451025,6.0,9.0,42,75.7396449704142,38.75739644970414,True,56,60.946745562130175,50,False,False,169,"Merck & Co., Inc."
2011-06-30,MSI,MSI,68505.0,3663.0,Electronics & semis,15502134693.46733,2010-12-31,0.7021613613373511,8.0,9.0,15,91.71597633136095,88.16568047337277,True,8,90.29585798816568,2,True,True,169,"Motorola Solutions, Inc."
2011-06-30,MUR,MUR,717423.0,1311.0,Oil & gas extraction,12662784942.714598,2010-12-31,0.6475313319379656,5.625,8.0,20,88.75739644970415,27.218934911242602,True,67,64.14201183431953,43,False,False,169,MURPHY OIL CORP
2011-06-30,NBR,NBR,1163739.0,1381.0,Oil & gas extraction,7050629432.0,2010-12-31,0.7557001898039902,6.0,9.0,12,93.49112426035504,38.75739644970414,True,48,71.59763313609469,21,False,False,169,NABORS INDUSTRIES LTD
2011-06-30,NEE,NEE,753308.0,4911.0,Utilities,24187923139.56659,2010-12-31,0.5978603419797008,5.625,8.0,26,85.20710059171599,27.218934911242602,True,68,62.011834319526635,48,False,False,169,NEXTERA ENERGY INC
2011-06-30,NFLX,NFLX,1065280.0,7841.0,Services (other),13893840337.354465,2010-12-31,0.02088436263513665,7.875,8.0,167,1.7751479289940828,76.33136094674556,False,167,31.597633136094675,142,False,False,169,NETFLIX INC
2011-06-30,NOC,NOC,1133421.0,3812.0,Instruments & medical devices,22360326964.019543,2010-12-31,0.6062970376870984,8.0,9.0,24,86.3905325443787,88.16568047337277,True,10,87.10059171597632,6,True,True,169,NORTHROP GRUMMAN CORP /DE/
2011-06-30,NOV,NOV,1021860.0,3533.0,Machinery & computers,32931952258.13798,2010-12-31,0.4781981911232861,6.0,9.0,45,73.96449704142012,38.75739644970414,True,57,59.88165680473372,55,False,False,169,NOV Inc.
2011-06-30,NRG,NRG,1013871.0,4911.0,Utilities,6084448822.554459,2010-12-31,1.326660842322789,6.0,9.0,1,100.0,38.75739644970414,True,47,75.50295857988166,17,False,True,169,"NRG ENERGY, INC."
2011-06-30,NSC,NSC,702165.0,4011.0,Transportation,26683273779.10595,2010-12-31,0.3998384938940381,7.875,8.0,58,66.27218934911244,76.33136094674556,True,21,70.2958579881657,25,False,False,169,NORFOLK SOUTHERN CORP
2011-06-30,NUE,NUE,73309.0,3312.0,Other manufacturing,13021436720.221252,2010-12-31,0.5467960374098427,6.0,9.0,33,81.06508875739645,38.75739644970414,True,51,64.14201183431953,44,False,False,169,NUCOR CORP
2011-06-30,NVDA,NVDA,1045810.0,3674.0,Electronics & semis,9426915892.839432,2011-01-30,0.3374870462583207,6.75,8.0,78,54.437869822485204,50.591715976331365,True,46,52.89940828402367,76,False,False,169,NVIDIA CORP
2011-06-30,OI,OI,812074.0,3221.0,Other manufacturing,4225496528.7964993,2010-12-31,0.4295353191348961,3.0,9.0,51,70.41420118343196,1.4792899408284024,True,99,42.84023668639053,108,False,False,169,"O-I Glass, Inc. /DE/"
2011-06-30,OKE,OKE,1039684.0,4923.0,Utilities,7920636491.552127,2010-12-31,0.3091447262617866,6.0,9.0,89,47.928994082840234,38.75739644970414,True,63,44.260355029585796,101,False,False,169,ONEOK INC /NEW/
2011-06-30,ORCL,ORCL,1341439.0,7372.0,Business services & software,166706097877.06375,2011-05-31,0.23859955038556857,6.75,8.0,115,32.544378698224854,50.591715976331365,False,115,39.76331360946746,120,False,False,169,ORACLE CORP
2011-06-30,OXY,OXY,797468.0,1311.0,Oil & gas extraction,92104044141.90222,2010-12-31,0.3526880964092388,6.75,8.0,70,59.171597633136095,50.591715976331365,True,45,55.739644970414204,70,False,False,169,OCCIDENTAL PETROLEUM CORP /DE/
2011-06-30,PBI,PBI,78814.0,3579.0,Machinery & computers,4685022804.877258,2010-12-31,-0.02061484095647434,6.0,9.0,168,1.183431952662722,38.75739644970414,False,168,16.21301775147929,163,False,False,169,PITNEY BOWES INC /DE/
2011-06-30,PCG,PCG,1004980.0,4931.0,Utilities,16611398943.694916,2010-12-31,0.6791721779869864,4.5,8.0,18,89.94082840236686,8.875739644970414,True,89,57.514792899408285,63,False,False,169,PG&E Corp
2011-06-30,PEG,PEG,788784.0,4931.0,Utilities,16517132267.777939,2010-12-31,0.5832126209216302,4.5,8.0,29,83.4319526627219,8.875739644970414,True,90,53.609467455621306,75,False,False,169,PUBLIC SERVICE ENTERPRISE GROUP INC
2011-06-30,PEP,PEP,77476.0,2080.0,Food & beverage mfg,111737432551.5424,2010-12-25,0.19038382674657536,5.0,9.0,131,23.076923076923077,17.75147928994083,False,131,20.946745562130175,158,False,False,169,PEPSICO INC
2011-06-30,PFE,PFE,78003.0,2834.0,Chemicals & pharma,164701539213.72293,2010-12-31,0.5331644161870919,6.0,9.0,35,79.88165680473372,38.75739644970414,True,53,63.43195266272189,46,False,False,169,PFIZER INC
2011-06-30,PG,PG,80424.0,2840.0,Chemicals (other),180441846492.5262,2010-06-30,0.3404919712043889,8.0,9.0,76,55.62130177514793,88.16568047337277,True,14,68.63905325443787,30,True,False,169,PROCTER & GAMBLE Co
2011-06-30,PH,PH,76334.0,3490.0,Other manufacturing,14463947625.910591,2010-06-30,0.3019898241456064,9.0,9.0,96,43.786982248520715,97.33727810650888,True,7,65.20710059171599,40,True,False,169,Parker-Hannifin Corp
2011-06-30,PM,PM,1413329.0,2111.0,Other manufacturing,119994465691.08882,2010-12-31,0.029218014179301994,8.0,9.0,166,2.366863905325444,88.16568047337277,False,166,36.68639053254437,130,False,False,169,Philip Morris International Inc.
2011-06-30,PPG,PPG,79879.0,2851.0,Chemicals (other),14579888167.623749,2010-12-31,0.24952180415749556,7.875,8.0,113,33.72781065088758,76.33136094674556,False,113,50.769230769230774,85,False,False,169,PPG INDUSTRIES INC
2011-06-30,PWR,PWR,1050915.0,1731.0,Construction,4265813234.116688,2010-12-31,0.7889597634240773,4.5,8.0,10,94.67455621301775,8.875739644970414,True,86,60.35502958579882,52,False,False,169,"QUANTA SERVICES, INC."
2011-06-30,QCOM,QCOM,804328.0,3663.0,Electronics & semis,91869939390.53076,2010-09-26,0.2270383559450773,5.625,8.0,120,29.585798816568047,27.218934911242602,False,120,28.63905325443787,146,False,False,169,QUALCOMM INC/DE
2011-06-30,ROK,ROK,1024478.0,3829.0,Instruments & medical devices,12301716493.216507,2010-09-30,0.11871514034690227,8.0,9.0,153,10.059171597633137,88.16568047337277,False,153,41.30177514792899,114,False,False,169,"ROCKWELL AUTOMATION, INC"
2011-06-30,ROP,ROP,882835.0,3823.0,Instruments & medical devices,7919499889.336792,2010-12-31,0.3473586764871299,7.0,9.0,71,58.57988165680473,62.721893491124256,True,34,60.23668639053254,53,False,False,169,ROPER TECHNOLOGIES INC
2011-06-30,RRC,RRC,315852.0,1311.0,Oil & gas extraction,8907272644.5,2010-12-31,0.24965677921323226,4.5,8.0,112,34.319526627218934,8.875739644970414,False,112,24.142011834319526,155,False,False,169,RANGE RESOURCES CORP
2011-06-30,RSG,RSG,1060391.0,4953.0,Utilities,11848272186.207523,2010-12-31,0.6622484592423565,7.0,9.0,19,89.3491124260355,62.721893491124256,True,29,78.69822485207101,15,False,True,169,"REPUBLIC SERVICES, INC."
2011-06-30,SBUX,SBUX,829224.0,5810.0,Retail,29266040243.911743,2010-10-03,0.12556191303551745,8.0,9.0,148,13.017751479289942,88.16568047337277,False,148,43.07692307692307,107,False,False,169,STARBUCKS CORP
2011-06-30,SHW,SHW,89800.0,5200.0,Retail,8994423448.931437,2010-12-31,0.17893753936959753,7.0,9.0,137,19.526627218934912,62.721893491124256,False,137,36.80473372781065,129,False,False,169,SHERWIN WILLIAMS CO
2011-06-30,SJM,SJM,91419.0,2033.0,Food & beverage mfg,8743055822.283203,2011-04-30,0.6053218814537921,5.0,9.0,25,85.79881656804734,17.75147928994083,True,77,58.57988165680473,59,False,False,169,J M SMUCKER Co
2011-06-30,SLB,SLB,87347.0,1389.0,Oil & gas extraction,117589875123.11188,2010-12-31,0.2655500736547907,5.625,8.0,107,37.278106508875744,27.218934911242602,False,107,33.25443786982249,139,False,False,169,SLB LIMITED/NV
2011-06-30,SO,SO,92122.0,4911.0,Utilities,34145922650.733948,2010-12-31,0.4951982165764248,6.75,8.0,43,75.14792899408283,50.591715976331365,True,43,65.32544378698225,38,False,False,169,SOUTHERN CO
2011-06-30,SPGI,SPGI,64040.0,7320.0,Business services & software,12852739196.217136,2010-12-31,0.17197081231139758,8.0,9.0,139,18.34319526627219,88.16568047337277,False,139,46.27218934911242,92,False,False,169,S&P Global Inc.
2011-06-30,SYK,SYK,310764.0,3841.0,Instruments & medical devices,22962236769.17516,2010-12-31,0.31240858946415645,6.0,9.0,87,49.112426035502956,38.75739644970414,True,62,44.97041420118343,97,False,False,169,STRYKER CORP
2011-06-30,SYMC,GEN,849399.0,7372.0,Business services & software,14899269835.171103,2011-04-01,0.30390751023994733,5.625,8.0,94,44.97041420118343,27.218934911242602,True,73,37.8698224852071,126,False,False,169,Gen Digital Inc.
2011-06-30,SYY,SYY,96021.0,5140.0,Wholesale,18345673644.33918,2010-07-03,0.2086337124601057,5.0,9.0,127,25.443786982248522,17.75147928994083,False,127,22.366863905325445,157,False,False,169,SYSCO CORP
2011-06-30,TAP,TAP,24545.0,2082.0,Food & beverage mfg,8317166312.026978,2010-12-31,0.9376751296559506,5.0,9.0,4,98.22485207100591,17.75147928994083,True,75,66.03550295857988,37,False,False,169,MOLSON COORS BEVERAGE CO
2011-06-30,TGT,TGT,27419.0,5331.0,Retail,32511601736.566925,2011-01-29,0.47635303008098906,7.875,8.0,46,73.37278106508876,76.33136094674556,True,20,74.55621301775147,19,True,True,169,TARGET CORP
2011-06-30,TJX,TJX,109198.0,5651.0,Retail,20468699594.544067,2011-01-29,0.15144582027215242,5.625,8.0,145,14.792899408284024,27.218934911242602,False,145,19.763313609467456,161,False,False,169,TJX COMPANIES INC /DE/
2011-06-30,TMO,TMO,97745.0,3829.0,Instruments & medical devices,25151185521.832397,2010-12-31,0.6107465585137503,8.0,9.0,23,86.98224852071006,88.16568047337277,True,9,87.45562130177515,5,True,True,169,THERMO FISHER SCIENTIFIC INC.
2011-06-30,TPR,TPR,1116132.0,3100.0,Other manufacturing,19013166118.27111,2010-07-03,0.07917108548025867,7.0,9.0,159,6.508875739644971,62.721893491124256,False,159,28.994082840236686,145,False,False,169,"TAPESTRY, INC."
2011-06-30,TXN,TXN,97476.0,3674.0,Electronics & semis,38478452037.510345,2010-12-31,0.27124272020676904,7.875,8.0,104,39.053254437869825,76.33136094674556,False,104,53.96449704142012,73,False,False,169,TEXAS INSTRUMENTS INC
2011-06-30,UNP,UNP,100885.0,4011.0,Transportation,51260548579.6087,2010-12-31,0.3465237983634469,7.875,8.0,72,57.98816568047337,76.33136094674556,True,23,65.32544378698225,39,False,False,169,UNION PACIFIC CORP
2011-06-30,UPS,UPS,1090727.0,4210.0,Transportation,72492420303.34473,2010-12-31,0.11006667961439076,6.75,8.0,156,8.284023668639055,50.591715976331365,False,156,25.207100591715978,154,False,False,169,UNITED PARCEL SERVICE INC
2011-06-30,UTX,RTX,101829.0,3724.0,Transport equipment,81469581225.35814,2010-12-31,0.2624906091126896,8.0,9.0,108,36.68639053254438,88.16568047337277,False,108,57.27810650887574,64,False,False,169,RTX Corp
2011-06-30,VFC,VFC,103379.0,2320.0,Other manufacturing,11746766836.346176,2011-01-01,0.32870483034130177,9.0,9.0,80,53.25443786982249,97.33727810650888,True,5,70.88757396449705,23,True,False,169,V F CORP
2011-06-30,VMC,VMC,1396009.0,1400.0,Mining (other),4972579846.19928,2010-12-31,0.7973687949989533,3.0,9.0,9,95.26627218934911,1.4792899408284024,True,98,57.751479289940825,62,False,False,169,Vulcan Materials CO
2011-06-30,VRSN,VRSN,1014473.0,7371.0,Business services & software,5803660597.801132,2010-12-31,0.11655230153470433,6.75,8.0,154,9.467455621301776,50.591715976331365,False,154,25.917159763313613,153,False,False,169,VERISIGN INC/CA
2011-06-30,VZ,VZ,732712.0,4813.0,Communications,105289130918.40123,2010-12-31,0.8254603228452569,5.0,9.0,7,96.44970414201184,17.75147928994083,True,76,64.97041420118343,41,False,False,169,VERIZON COMMUNICATIONS INC
2011-06-30,WM,WM,823768.0,4953.0,Utilities,17721437381.341125,2010-12-31,0.3532444838019259,5.625,8.0,68,60.35502958579882,27.218934911242602,True,72,47.100591715976336,88,False,False,169,WASTE MANAGEMENT INC
2011-06-30,WMB,WMB,107263.0,4922.0,Utilities,17732789244.713104,2010-12-31,0.41099005347807094,3.375,8.0,54,68.63905325443787,3.2544378698224854,True,97,42.485207100591715,110,False,False,169,"WILLIAMS COMPANIES, INC."
2011-06-30,WMT,WMT,104169.0,5331.0,Retail,185522287221.94153,2011-01-31,0.3694542635624299,6.0,9.0,65,62.1301775147929,38.75739644970414,True,59,52.781065088757394,77,False,False,169,Walmart Inc.
2011-06-30,XRAY,XRAY,818479.0,3843.0,Instruments & medical devices,5412893779.315842,2010-12-31,0.3398156466747603,5.0,9.0,77,55.02958579881657,17.75147928994083,True,82,40.11834319526628,118,False,False,169,DENTSPLY SIRONA Inc.
2011-06-30,XRX,XRX,108772.0,3577.0,Machinery & computers,14568185443.25083,2010-12-31,0.8241245999214101,7.0,9.0,8,95.85798816568047,62.721893491124256,True,26,82.60355029585799,9,False,True,169,XEROX CORP
2011-06-30,YUM,YUM,1041061.0,5812.0,Retail,25821760627.735294,2010-12-25,0.06103379326920139,7.0,9.0,164,3.5502958579881656,62.721893491124256,False,164,27.218934911242602,150,False,False,169,YUM BRANDS INC
2011-06-30,ZBH,ZBH,1136869.0,3842.0,Instruments & medical devices,12142326810.503918,2010-12-31,0.47530428805518915,7.0,9.0,47,72.7810650887574,62.721893491124256,True,31,68.75739644970415,29,False,False,169,"ZIMMER BIOMET HOLDINGS, INC."
2012-06-29,A,A,1090872.0,3826.0,Instruments & medical devices,13660432229.541857,2011-10-31,0.3153633741312797,6.0,9.0,130,45.79831932773109,46.42857142857143,False,130,46.05042016806723,144,False,False,238,"AGILENT TECHNOLOGIES, INC."
2012-06-29,AAPL,AAPL,320193.0,3571.0,Machinery & computers,542774870181.6559,2011-09-24,0.14115428736477517,6.75,8.0,200,16.386554621848738,63.02521008403361,False,200,35.042016806722685,178,False,False,238,Apple Inc.
2012-06-29,ABC,COR,1140859.0,5122.0,Wholesale,10165815110.94915,2011-09-30,0.2820096537966969,7.0,9.0,150,37.39495798319328,77.31092436974791,False,150,53.36134453781513,110,False,False,238,"Cencora, Inc."
2012-06-29,ABT,ABT,1800.0,2834.0,Chemicals & pharma,101369849429.1873,2011-12-31,0.24109568217394498,6.0,9.0,168,29.831932773109244,46.42857142857143,False,168,36.470588235294116,173,False,False,238,ABBOTT LABORATORIES
2012-06-29,ACN,ACN,1467373.0,7389.0,Business services & software,38795977103.8155,2011-08-31,0.09998333047831688,5.625,8.0,216,9.663865546218489,32.142857142857146,False,216,18.655462184873954,224,False,False,238,Accenture plc
2012-06-29,ADBE,ADBE,796343.0,7372.0,Business services & software,15984392547.861824,2011-12-02,0.3617974835567703,7.0,9.0,110,54.20168067226891,77.31092436974791,False,110,63.445378151260506,66,False,False,238,ADOBE INC.
2012-06-29,ADI,ADI,6281.0,3674.0,Electronics & semis,11224179701.47763,2011-10-29,0.3381461363720277,6.75,8.0,118,50.84033613445378,63.02521008403361,False,118,55.71428571428571,99,False,False,238,ANALOG DEVICES INC
2012-06-29,ADM,ADM,7084.0,2070.0,Food & beverage mfg,19949556501.835762,2011-06-30,0.9442816434674387,3.0,9.0,13,94.9579831932773,1.680672268907563,True,97,57.6470588235294,93,False,False,238,Archer-Daniels-Midland Co
2012-06-29,ADP,ADP,8670.0,7374.0,Business services & software,27255457196.61384,2011-06-30,0.22052097518095273,6.0,9.0,179,25.210084033613445,46.42857142857143,False,179,33.69747899159664,182,False,False,238,AUTOMATIC DATA PROCESSING INC
2012-06-29,ADSK,ADSK,769397.0,7372.0,Business services & software,7953227381.515503,2012-01-31,0.23674665763689126,6.75,8.0,171,28.57142857142857,63.02521008403361,False,171,42.35294117647059,158,False,False,238,"Autodesk, Inc."
2012-06-29,AEE,AEE,1002910.0,4931.0,Utilities,8136804222.106934,2011-12-31,0.9732322154789985,5.625,8.0,10,96.21848739495799,32.142857142857146,True,62,70.58823529411765,37,False,False,238,AMEREN CORP
2012-06-29,AEP,AEP,4904.0,4911.0,Utilities,19288573170.844757,2011-12-31,0.7602428583035403,6.75,8.0,23,90.75630252100841,63.02521008403361,True,30,79.66386554621849,13,False,True,238,AMERICAN ELECTRIC POWER CO INC
2012-06-29,AES,AES,874761.0,4991.0,Utilities,9826574165.336008,2011-12-31,0.6050938913151411,6.75,8.0,50,79.41176470588235,63.02521008403361,True,35,72.85714285714285,34,False,False,238,AES CORP
2012-06-29,AKAM,AKAM,1086222.0,7389.0,Business services & software,5645176987.5,2011-12-31,0.3819632236109763,7.875,8.0,105,56.30252100840336,87.60504201680672,False,105,68.82352941176471,45,False,False,238,AKAMAI TECHNOLOGIES INC
2012-06-29,AMAT,AMAT,6951.0,3674.0,Electronics & semis,14949544534.519485,2011-10-30,0.5886466962040361,7.0,9.0,51,78.99159663865547,77.31092436974791,True,21,78.31932773109244,19,False,True,238,APPLIED MATERIALS INC /DE
2012-06-29,AMD,AMD,2488.0,3674.0,Electronics & semis,4002319464.4225454,2011-12-31,0.39726963680281957,5.0,9.0,100,58.40336134453782,20.798319327731093,True,83,43.36134453781513,154,False,False,238,ADVANCED MICRO DEVICES INC
2012-06-29,AMGN,AMGN,318154.0,2836.0,Chemicals & pharma,57703319788.25104,2011-12-31,0.3297730541297988,5.625,8.0,124,48.319327731092436,32.142857142857146,False,124,41.84873949579832,159,False,False,238,AMGEN INC
2012-06-29,AMZN,AMZN,1018724.0,5961.0,Retail,103914879816.47377,2011-12-31,0.07464763481129746,5.0,9.0,223,6.722689075630252,20.798319327731093,False,223,12.352941176470589,233,False,False,238,AMAZON COM INC
2012-06-29,AN,AN,350698.0,5500.0,Retail,4654187430.723114,2011-12-31,0.40707428057009704,6.0,9.0,96,60.08403361344538,46.42857142857143,True,59,54.6218487394958,105,False,False,238,"AUTONATION, INC."
2012-06-29,ANF,ANF,1018840.0,5651.0,Retail,2892472494.5486603,2012-01-28,0.643897566358921,6.0,9.0,41,83.19327731092437,46.42857142857143,True,50,68.4873949579832,48,False,False,238,ABERCROMBIE & FITCH CO /DE/
2012-06-29,APD,APD,2969.0,2810.0,Chemicals & pharma,16990790489.013664,2011-09-30,0.34111420558964545,7.0,9.0,116,51.68067226890757,77.31092436974791,False,116,61.932773109243705,75,False,False,238,"Air Products & Chemicals, Inc."
2012-06-29,APH,APH,820313.0,3678.0,Electronics & semis,8970218294.289337,2011-12-31,0.24210882374876003,5.0,9.0,167,30.252100840336134,20.798319327731093,False,167,26.470588235294116,202,False,False,238,AMPHENOL CORP /DE/
2012-06-29,ATI,ATI,1018963.0,3317.0,Other manufacturing,3402665645.5254364,2011-12-31,0.7274590741100472,7.0,9.0,28,88.65546218487394,77.31092436974791,True,17,84.11764705882354,5,True,True,238,ATI INC
2012-06-29,AVY,AVY,8818.0,2670.0,Other manufacturing,2909301717.6571693,2011-12-31,0.570068064764205,5.0,9.0,56,76.89075630252101,20.798319327731093,True,77,54.45378151260504,106,False,False,238,Avery Dennison Corp
2012-06-29,AZO,AZO,866787.0,5531.0,Retail,14645713845.436798,2011-08-27,-0.08563816098255833,7.0,9.0,238,0.42016806722689076,77.31092436974791,False,238,31.176470588235297,192,False,False,238,AUTOZONE INC
2012-06-29,BA,BA,12927.0,3721.0,Transport equipment,55407054966.659164,2011-12-31,0.06343957465552227,6.0,9.0,224,6.302521008403361,46.42857142857143,False,224,22.35294117647059,213,False,False,238,BOEING CO
2012-06-29,BAX,BAX,10456.0,3841.0,Instruments & medical devices,29782399629.22464,2011-12-31,0.221103741873718,7.0,9.0,178,25.630252100840334,77.31092436974791,False,178,46.30252100840336,142,False,False,238,BAXTER INTERNATIONAL INC
2012-06-29,BBY,BBY,764478.0,5731.0,Retail,7172480749.747894,2012-03-03,0.5221345487935444,4.0,9.0,68,71.84873949579831,6.932773109243698,True,93,45.882352941176464,145,False,False,238,BEST BUY CO INC
2012-06-29,BDX,BDX,10795.0,3841.0,Instruments & medical devices,16063074603.637964,2011-09-30,0.3005760179253924,6.0,9.0,142,40.7563025210084,46.42857142857143,False,142,43.02521008403362,156,False,False,238,BECTON DICKINSON & CO
2012-06-29,BF.B,BF-B,14693.0,2080.0,Food & beverage mfg,13759867496.16623,2012-04-30,0.15036482005197102,6.0,9.0,198,17.22689075630252,46.42857142857143,False,198,28.907563025210084,199,False,False,238,BROWN FORMAN CORP
2012-06-29,BIIB,BIIB,875045.0,2836.0,Chemicals & pharma,34467126050.34973,2011-12-31,0.1864239852958324,8.0,9.0,190,20.588235294117645,94.9579831932773,False,190,50.33613445378151,124,False,False,238,BIOGEN INC.
2012-06-29,BKNG,BKNG,1075531.0,4700.0,Transportation,33092337994.710636,2011-12-31,0.07779127000369289,5.625,8.0,222,7.142857142857142,32.142857142857146,False,222,17.142857142857146,227,False,False,238,Booking Holdings Inc.
2012-06-29,BLL,BALL,9389.0,3411.0,Other manufacturing,6408660200.891113,2011-12-31,0.19022696816262566,6.75,8.0,187,21.84873949579832,63.02521008403361,False,187,38.319327731092436,167,False,False,238,BALL Corp
2012-06-29,BMY,BMY,14272.0,2834.0,Chemicals & pharma,60687450490.37349,2011-12-31,0.2629209148031521,8.0,9.0,158,34.03361344537815,94.9579831932773,False,158,58.403361344537814,89,False,False,238,BRISTOL MYERS SQUIBB CO
2012-06-29,BSX,BSX,885725.0,3841.0,Instruments & medical devices,8229133291.528931,2011-12-31,1.3796106585959396,8.0,9.0,3,99.15966386554622,94.9579831932773,True,1,97.47899159663865,1,True,True,238,BOSTON SCIENTIFIC CORP
2012-06-29,BWA,BWA,908255.0,3714.0,Transport equipment,7158790474.418642,2011-12-31,0.33356193459397465,8.0,9.0,121,49.57983193277311,94.9579831932773,False,121,67.73109243697479,51,False,False,238,BORGWARNER INC
2012-06-29,CAG,CAG,23217.0,2000.0,Food & beverage mfg,10651930199.180582,2011-05-29,0.44137540446534945,6.0,9.0,88,63.4453781512605,46.42857142857143,True,57,56.63865546218487,95,False,False,238,CONAGRA BRANDS INC.
2012-06-29,CAH,CAH,721371.0,5122.0,Wholesale,14473124484.0,2011-06-30,0.40410071829794675,7.0,9.0,98,59.2436974789916,77.31092436974791,True,27,66.47058823529412,57,False,False,238,CARDINAL HEALTH INC
2012-06-29,CAT,CAT,18230.0,3531.0,Machinery & computers,54982058610.37793,2011-12-31,0.2351494346841287,5.0,9.0,174,27.310924369747898,20.798319327731093,False,174,24.705882352941174,210,False,False,238,CATERPILLAR INC
2012-06-29,CF,CF,1324404.0,2870.0,Chemicals (other),12685340361.15097,2011-12-31,0.35844525022956814,8.0,9.0,112,53.36134453781513,94.9579831932773,False,112,70.0,42,False,False,238,"CF Industries Holdings, Inc."
2012-06-29,CHRW,CHRW,1043277.0,4731.0,Transportation,9560614022.683594,2011-12-31,0.1305851273817623,6.75,8.0,202,15.546218487394958,63.02521008403361,False,202,34.53781512605042,181,False,False,238,"C. H. ROBINSON WORLDWIDE, INC."
2012-06-29,CL,CL,21665.0,2844.0,Chemicals (other),49924026387.22267,2011-12-31,0.04757228476683617,7.0,9.0,229,4.201680672268908,77.31092436974791,False,229,33.445378151260506,183,False,False,238,COLGATE PALMOLIVE CO
2012-06-29,CLF,CLF,764065.0,1000.0,Mining (metals/coal),6999847220.877274,2011-12-31,0.8264466091125601,4.0,9.0,19,92.43697478991596,6.932773109243698,True,90,58.23529411764705,90,False,False,238,CLEVELAND-CLIFFS INC.
2012-06-29,CLX,CLX,21076.0,2842.0,Chemicals (other),9526566066.632462,2011-06-30,-0.00902738714018073,5.0,9.0,233,2.5210084033613445,20.798319327731093,False,233,9.831932773109244,236,False,False,238,CLOROX CO /DE/
2012-06-29,CMCSA,CMCSA,1166691.0,4841.0,Communications,87789618088.28354,2011-12-31,0.5384919199951415,6.75,8.0,62,74.36974789915966,63.02521008403361,True,37,69.83193277310924,43,False,False,238,COMCAST CORP
2012-06-29,CMI,CMI,26172.0,3510.0,Machinery & computers,18599699282.62967,2011-12-31,0.2952735910697761,9.0,9.0,145,39.49579831932773,100.0,False,145,63.69747899159664,65,False,False,238,CUMMINS INC
2012-06-29,CMS,CMS,811156.0,4931.0,Utilities,5971350000.0,2011-12-31,0.5070880119236019,5.625,8.0,73,69.74789915966386,32.142857142857146,True,68,54.705882352941174,104,False,False,238,CMS ENERGY CORP
2012-06-29,CNP,CNP,1130310.0,4911.0,Utilities,8806955193.406887,2011-12-31,0.4793938321794458,5.625,8.0,82,65.96638655462185,32.142857142857146,True,69,52.43697478991597,115,False,False,238,CENTERPOINT ENERGY INC
2012-06-29,CNX,CNX,1070412.0,1311.0,Oil & gas extraction,6867303202.630174,2011-12-31,0.5258082967149365,6.75,8.0,65,73.10924369747899,63.02521008403361,True,38,69.07563025210084,44,False,False,238,CNX Resources Corp
2012-06-29,COP,COP,1163165.0,2911.0,Petroleum refining,93805155976.57802,2011-12-31,0.6953135925309438,7.875,8.0,32,86.97478991596638,87.60504201680672,True,9,87.22689075630252,3,True,True,238,CONOCOPHILLIPS
2012-06-29,COST,COST,909832.0,5331.0,Retail,41169689250.0,2011-08-28,0.29152515403064405,6.0,9.0,147,38.655462184873954,46.42857142857143,False,147,41.76470588235294,160,False,False,238,COSTCO WHOLESALE CORP /NEW
2012-06-29,CPB,CPB,16732.0,2000.0,Food & beverage mfg,10688588378.260483,2011-07-31,0.10179080356512586,5.0,9.0,215,10.084033613445378,20.798319327731093,False,215,14.369747899159664,230,False,False,238,CAMPBELL'S Co
2012-06-29,CRM,CRM,1108524.0,7372.0,Business services & software,18941619247.436523,2012-01-31,0.08380276148855786,3.375,8.0,220,7.9831932773109235,3.1512605042016806,False,220,6.050420168067226,238,False,False,238,"Salesforce, Inc."
2012-06-29,CSCO,CSCO,858877.0,3576.0,Machinery & computers,92423617790.26923,2011-07-30,0.5109732893941332,5.0,9.0,72,70.16806722689076,20.798319327731093,True,79,50.42016806722689,123,False,False,238,"CISCO SYSTEMS, INC."
2012-06-29,CSX,CSX,277948.0,4011.0,Transportation,23528704228.331886,2011-12-30,0.3599008223242201,6.75,8.0,111,53.78151260504202,63.02521008403361,False,111,57.47899159663865,94,False,False,238,CSX CORP
2012-06-29,CTL,LUMN,18926.0,4813.0,Communications,24468563389.11176,2011-12-31,0.8511737967120614,4.5,8.0,18,92.85714285714286,11.76470588235294,True,85,60.42016806722689,81,False,False,238,"Lumen Technologies, Inc."
2012-06-29,CVS,CVS,64803.0,5912.0,Retail,60860149979.9184,2011-12-31,0.625220279814549,6.0,9.0,45,81.5126050420168,46.42857142857143,True,52,67.47899159663865,52,False,False,238,CVS HEALTH Corp
2012-06-29,CVX,CVX,93410.0,2911.0,Petroleum refining,208569968915.0,2011-12-31,0.5819725659999866,7.875,8.0,53,78.15126050420169,87.60504201680672,True,10,81.9327731092437,8,True,True,238,CHEVRON CORP
2012-06-29,D,D,715957.0,4911.0,Utilities,30758995620.0,2011-12-31,0.3721187824662787,4.5,8.0,106,55.88235294117647,11.76470588235294,False,106,38.23529411764706,168,False,False,238,"DOMINION ENERGY, INC"
2012-06-29,DD,DD,30554.0,2820.0,Chemicals & pharma,29365970321.039326,2011-12-31,0.2926176082744156,5.625,8.0,146,39.075630252100844,32.142857142857146,False,146,36.30252100840337,174,False,False,238,DUPONT E I DE NEMOURS & CO
2012-06-29,DE,DE,315189.0,3523.0,Machinery & computers,32681653585.524628,2011-10-31,0.20807698674745123,6.75,8.0,180,24.789915966386555,63.02521008403361,False,180,40.08403361344538,161,False,False,238,DEERE & CO
2012-06-29,DGX,DGX,1022079.0,8071.0,Health services,9484383486.70301,2011-12-31,0.38936342095164767,6.0,9.0,103,57.14285714285714,46.42857142857143,False,103,52.85714285714286,113,False,False,238,QUEST DIAGNOSTICS INC
2012-06-29,DHR,DHR,313616.0,3823.0,Instruments & medical devices,35898467629.947174,2011-12-31,0.4709054206508167,7.0,9.0,84,65.12605042016807,77.31092436974791,True,23,70.0,41,False,False,238,DANAHER CORP /DE/
2012-06-29,DIS,DIS,1001039.0,4841.0,Communications,87130889569.5,2011-10-01,0.4290671217143931,6.75,8.0,90,62.60504201680672,63.02521008403361,True,41,62.773109243697476,70,False,False,238,WALT DISNEY CO/
2012-06-29,DISCA,WBD,1437107.0,4841.0,Communications,21653999299.400333,2011-12-31,0.3009605712964291,6.0,9.0,141,41.17647058823529,46.42857142857143,False,141,43.27731092436974,155,False,False,238,"Warner Bros. Discovery, Inc."
2012-06-29,DLTR,DLTR,935703.0,5331.0,Retail,12444236584.327896,2012-01-28,0.10805001905005335,8.0,9.0,211,11.76470588235294,94.9579831932773,False,211,45.042016806722685,147,False,False,238,"DOLLAR TREE, INC."
2012-06-29,DOV,DOV,29905.0,3530.0,Machinery & computers,9845837142.97833,2011-12-31,0.5007755997179255,8.0,9.0,75,68.90756302521008,94.9579831932773,True,3,79.32773109243698,17,True,True,238,DOVER Corp
2012-06-29,DRI,DRI,940944.0,5812.0,Retail,6816911017.619875,2011-05-29,0.2840289384730776,8.0,9.0,148,38.23529411764706,94.9579831932773,False,148,60.92436974789916,78,False,False,238,DARDEN RESTAURANTS INC
2012-06-29,DUK,DUK,1326160.0,4931.0,Utilities,30804267861.547775,2011-12-31,0.7392482139926376,5.625,8.0,25,89.91596638655463,32.142857142857146,True,64,66.80672268907563,54,False,False,238,Duke Energy CORP
2012-06-29,DVN,DVN,1090012.0,1311.0,Oil & gas extraction,23433759678.268433,2011-12-31,0.9144926078538459,6.75,8.0,14,94.53781512605042,63.02521008403361,True,28,81.9327731092437,7,False,True,238,DEVON ENERGY CORP/DE
2012-06-29,EBAY,EBAY,1065088.0,7389.0,Business services & software,54063299477.05996,2011-12-31,0.3316460366539037,7.0,9.0,123,48.739495798319325,77.31092436974791,False,123,60.168067226890756,84,False,False,238,EBAY INC
2012-06-29,ECL,ECL,31462.0,2840.0,Chemicals (other),19960730277.365845,2011-12-31,0.2838924188272643,5.0,9.0,149,37.81512605042017,20.798319327731093,False,149,31.00840336134454,193,False,False,238,ECOLAB INC.
2012-06-29,EFX,EFX,33185.0,7320.0,Business services & software,5584822438.529549,2011-12-31,0.30482616390007056,7.0,9.0,137,42.857142857142854,77.31092436974791,False,137,56.63865546218487,96,False,False,238,EQUIFAX INC
2012-06-29,EIX,EIX,827052.0,4911.0,Utilities,15052477965.774223,2011-12-31,0.7364900334155574,3.375,8.0,27,89.07563025210085,3.1512605042016806,True,95,54.70588235294118,103,False,False,238,EDISON INTERNATIONAL
2012-06-29,EL,EL,1001250.0,2844.0,Chemicals (other),21323279579.162598,2011-06-30,0.12331123785336875,8.0,9.0,204,14.705882352941178,94.9579831932773,False,204,46.80672268907563,141,False,False,238,ESTEE LAUDER COMPANIES INC
2012-06-29,EMN,EMN,915389.0,2821.0,Chemicals & pharma,6900889016.64399,2011-12-31,0.27097957893393426,7.0,9.0,154,35.714285714285715,77.31092436974791,False,154,52.352941176470594,117,False,False,238,EASTMAN CHEMICAL CO
2012-06-29,EMR,EMR,32604.0,3600.0,Electronics & semis,34271219392.07782,2011-09-30,0.303432448114287,6.0,9.0,138,42.436974789915965,46.42857142857143,False,138,44.03361344537815,151,False,False,238,EMERSON ELECTRIC CO
2012-06-29,EOG,EOG,821189.0,1311.0,Oil & gas extraction,24247304211.00682,2011-12-31,0.5213323464742851,7.875,8.0,70,71.00840336134453,87.60504201680672,True,14,77.64705882352942,22,True,False,238,EOG RESOURCES INC
2012-06-29,ETN,ETN,31277.0,3590.0,Machinery & computers,13264161357.498169,2011-12-31,0.5630962862026561,6.75,8.0,57,76.47058823529412,63.02521008403361,True,36,71.09243697478992,36,False,False,238,EATON CORP
2012-06-29,ETR,ETR,65984.0,4911.0,Utilities,11990760002.329453,2011-12-31,0.7473479577824165,6.75,8.0,24,90.33613445378151,63.02521008403361,True,31,79.41176470588235,15,False,True,238,ENTERGY CORP /DE/
2012-06-29,EW,EW,1099800.0,3842.0,Instruments & medical devices,11877489099.89273,2011-12-31,0.11264165251998277,5.625,8.0,208,13.025210084033615,32.142857142857146,False,208,20.67226890756303,220,False,False,238,Edwards Lifesciences Corp
2012-06-29,EXC,EXC,1109357.0,4911.0,Utilities,24955940174.65448,2011-12-31,0.5764158713046428,4.5,8.0,54,77.73109243697479,11.76470588235294,True,86,51.344537815126046,120,False,False,238,EXELON CORP
2012-06-29,EXPD,EXPD,746515.0,4731.0,Transportation,8218020795.0,2011-12-31,0.2438102859534076,6.75,8.0,166,30.672268907563026,63.02521008403361,False,166,43.613445378151255,153,False,False,238,EXPEDITORS INTERNATIONAL OF WASHINGTON INC
2012-06-29,EXPE,EXPE,1324424.0,4700.0,Transportation,6532136118.530273,2011-12-31,0.3367755907228351,6.0,9.0,119,50.42016806722689,46.42857142857143,False,119,48.82352941176471,131,False,False,238,"Expedia Group, Inc."
2012-06-29,FAST,FAST,815556.0,5200.0,Retail,11902695847.443962,2011-12-31,0.12257525679052843,5.625,8.0,205,14.285714285714285,32.142857142857146,False,205,21.42857142857143,216,False,False,238,FASTENAL CO
2012-06-29,FDX,FDX,1048911.0,4513.0,Transportation,29042851854.26856,2011-05-31,0.5240532188908662,7.875,8.0,66,72.68907563025209,87.60504201680672,True,13,78.65546218487395,18,True,True,238,FEDEX CORP
2012-06-29,FFIV,FFIV,1048695.0,3576.0,Machinery & computers,7913439191.386963,2011-09-30,0.1396909704194307,7.875,8.0,201,15.966386554621847,87.60504201680672,False,201,44.6218487394958,148,False,False,238,"F5, INC."
2012-06-29,FIS,FIS,1136893.0,7389.0,Business services & software,9867090266.620285,2011-12-31,0.6590595428116452,7.0,9.0,38,84.45378151260505,77.31092436974791,True,19,81.59663865546219,10,True,True,238,"Fidelity National Information Services, Inc."
2012-06-29,FISV,FISV,798354.0,7389.0,Business services & software,10008872255.515594,2011-12-31,0.32551119814768464,6.0,9.0,126,47.47899159663865,46.42857142857143,False,126,47.05882352941176,138,False,False,238,FISERV INC
2012-06-29,FLR,FLR,1124198.0,1600.0,Construction,8338627781.787872,2011-12-31,0.40720428934555114,7.0,9.0,95,60.50420168067227,77.31092436974791,True,25,67.22689075630252,53,False,False,238,FLUOR CORP
2012-06-29,FLS,FLS,30625.0,3561.0,Machinery & computers,6253571142.0,2011-12-31,0.36296268939127707,7.0,9.0,109,54.621848739495796,77.31092436974791,False,109,63.69747899159664,64,False,False,238,FLOWSERVE CORP
2012-06-29,FMC,FMC,37785.0,2800.0,Chemicals & pharma,7469782221.4727335,2011-12-31,0.16608248583656898,8.0,9.0,194,18.907563025210084,94.9579831932773,False,194,49.32773109243698,128,False,False,238,FMC CORP
2012-06-29,FOSL,FOSL,883569.0,3873.0,Instruments & medical devices,4729310522.329285,2011-12-31,0.236154085194205,5.0,9.0,172,28.15126050420168,20.798319327731093,False,172,25.210084033613448,208,False,False,238,"Fossil Group, Inc."
2012-06-29,FSLR,FSLR,1274494.0,3674.0,Electronics & semis,1302479181.2309694,2011-12-31,2.797636271280893,1.0,9.0,1,100.0,0.42016806722689076,True,100,60.168067226890756,82,False,False,238,"FIRST SOLAR, INC."
2012-06-29,FTI,FTI,1135152.0,3533.0,Machinery & computers,9378999655.393072,2011-12-31,0.1518925314365304,6.0,9.0,197,17.647058823529413,46.42857142857143,False,197,29.15966386554622,198,False,False,238,FMC TECHNOLOGIES INC
2012-06-29,GD,GD,40533.0,3730.0,Transport equipment,23535955641.360023,2011-12-31,0.5622036428700283,6.0,9.0,58,76.05042016806722,46.42857142857143,True,53,64.2016806722689,61,False,False,238,GENERAL DYNAMICS CORP
2012-06-29,GE,GE,40545.0,3600.0,Electronics & semis,220513400890.04254,2011-12-31,0.5280314009490108,7.875,8.0,63,73.94957983193278,87.60504201680672,True,12,79.41176470588236,14,True,True,238,GENERAL ELECTRIC CO
2012-06-29,GHC,GHC,104889.0,8200.0,Services (professional),2925515269.845581,2011-12-31,0.8893804202011009,4.5,8.0,17,93.27731092436974,11.76470588235294,True,84,60.672268907563016,80,False,False,238,Graham Holdings Co
2012-06-29,GILD,GILD,882095.0,2836.0,Chemicals & pharma,38835130787.62277,2011-12-31,0.17352474070069968,5.625,8.0,192,19.747899159663866,32.142857142857146,False,192,24.70588235294118,209,False,False,238,"GILEAD SCIENCES, INC."
2012-06-29,GIS,GIS,40704.0,2040.0,Food & beverage mfg,25097867741.306114,2011-05-29,0.2536271234517524,7.0,9.0,161,32.773109243697476,77.31092436974791,False,161,50.58823529411765,122,False,False,238,GENERAL MILLS INC
2012-06-29,GLW,GLW,24741.0,3357.0,Other manufacturing,19631237808.52938,2011-12-31,1.073696941862832,5.0,9.0,8,97.05882352941177,20.798319327731093,True,70,66.5546218487395,56,False,False,238,CORNING INC /NY
2012-06-29,GME,GME,1326380.0,5734.0,Retail,2459890250.3354797,2012-01-28,1.23668118916489,5.625,8.0,6,97.89915966386555,32.142857142857146,True,61,71.59663865546219,35,False,False,238,GameStop Corp.
2012-06-29,GPC,GPC,40987.0,5013.0,Wholesale,9385291618.75,2011-12-31,0.29655285238443035,7.0,9.0,144,39.91596638655462,77.31092436974791,False,144,54.87394957983194,102,False,False,238,GENUINE PARTS CO
2012-06-29,GPS,GAP,39911.0,5651.0,Retail,13344140593.043365,2012-01-28,0.20645765688621795,6.75,8.0,181,24.369747899159663,63.02521008403361,False,181,39.831932773109244,163,False,False,238,GAP INC
2012-06-29,GT,GT,42582.0,3011.0,Other manufacturing,2888247703.141247,2011-12-31,0.25932678806786225,6.0,9.0,159,33.61344537815126,46.42857142857143,False,159,38.739495798319325,166,False,False,238,GOODYEAR TIRE & RUBBER CO /OH/
2012-06-29,GWW,GWW,277135.0,5000.0,Wholesale,13379696200.797424,2011-12-31,0.19647568678303215,7.0,9.0,186,22.268907563025213,77.31092436974791,False,186,44.28571428571429,150,False,False,238,"W.W. GRAINGER, INC."
2012-06-29,HAL,HAL,45012.0,1389.0,Oil & gas extraction,26203493052.45575,2011-12-31,0.5036733069739763,6.0,9.0,74,69.32773109243698,46.42857142857143,True,55,60.168067226890756,83,False,False,238,HALLIBURTON CO
2012-06-29,HAS,HAS,46080.0,3944.0,Other manufacturing,4357107417.025425,2011-12-25,0.32533395767592305,6.0,9.0,127,47.05882352941176,46.42857142857143,False,127,46.80672268907563,140,False,False,238,"HASBRO, INC."
2012-06-29,HD,HD,354950.0,5211.0,Retail,80717737170.41727,2012-01-29,0.22173565101574164,8.0,9.0,177,26.05042016806723,94.9579831932773,False,177,53.61344537815126,108,False,False,238,"HOME DEPOT, INC."
2012-06-29,HOG,HOG,793952.0,3751.0,Transport equipment,10540636164.536762,2011-12-31,0.22961194772501334,7.0,9.0,175,26.89075630252101,77.31092436974791,False,175,47.05882352941177,137,False,False,238,"HARLEY-DAVIDSON, INC."
2012-06-29,HON,HON,773840.0,3724.0,Transport equipment,43296312056.08536,2011-12-31,0.24958245833968673,6.0,9.0,162,32.35294117647059,46.42857142857143,False,162,37.983193277310924,169,False,False,238,HONEYWELL INTERNATIONAL INC
2012-06-29,HP,HP,46765.0,1381.0,Oil & gas extraction,4658690117.192642,2011-09-30,0.7019241284008287,6.75,8.0,31,87.39495798319328,63.02521008403361,True,32,77.6470588235294,23,False,False,238,"Helmerich & Payne, Inc."
2012-06-29,HPQ,HPQ,47217.0,3570.0,Machinery & computers,39898916852.62977,2011-10-31,0.9680713925810294,5.0,9.0,11,95.7983193277311,20.798319327731093,True,71,65.7983193277311,58,False,False,238,HP INC
2012-06-29,HRB,HRB,12659.0,7200.0,Services (hotels/personal),4385049621.9857025,2012-04-30,0.3023664757069705,6.0,9.0,139,42.016806722689076,46.42857142857143,False,139,43.78151260504202,152,False,False,238,H&R BLOCK INC
2012-06-29,HRL,HRL,48465.0,2011.0,Food & beverage mfg,8103705500.324249,2011-10-30,0.3278231174483949,6.0,9.0,125,47.89915966386555,46.42857142857143,False,125,47.3109243697479,135,False,False,238,HORMEL FOODS CORP /DE/
2012-06-29,HRS,LHX,202058.0,3812.0,Instruments & medical devices,5030724076.826439,2011-07-01,0.49734391347862417,5.0,9.0,77,68.0672268907563,20.798319327731093,True,81,49.159663865546214,129,False,False,238,"L3HARRIS TECHNOLOGIES, INC. /DE/"
2012-06-29,HSY,HSY,47111.0,2060.0,Food & beverage mfg,16244218074.016815,2011-12-31,0.052266104538330464,5.0,9.0,226,5.46218487394958,20.798319327731093,False,226,11.596638655462186,234,False,False,238,HERSHEY CO
2012-06-29,IBM,IBM,51143.0,3570.0,Machinery & computers,226611064775.58896,2011-12-31,0.08886591667508598,8.0,9.0,219,8.403361344537815,94.9579831932773,False,219,43.02521008403362,157,False,False,238,INTERNATIONAL BUSINESS MACHINES CORP
2012-06-29,IFF,IFF,51253.0,2860.0,Chemicals (other),4434820910.257301,2011-12-31,0.24903192763559054,4.0,9.0,163,31.932773109243694,6.932773109243698,False,163,21.932773109243694,215,False,False,238,INTERNATIONAL FLAVORS & FRAGRANCES INC
2012-06-29,INTC,INTC,50863.0,3674.0,Electronics & semis,133143398094.17725,2011-12-31,0.3448237062984186,5.0,9.0,114,52.52100840336135,20.798319327731093,False,114,39.831932773109244,162,False,False,238,INTEL CORP
2012-06-29,INTU,INTU,896878.0,7372.0,Business services & software,17853314536.144157,2011-07-31,0.14652741342252668,8.0,9.0,199,16.80672268907563,94.9579831932773,False,199,48.0672268907563,133,False,False,238,INTUIT INC.
2012-06-29,IP,IP,51434.0,2621.0,Other manufacturing,12636135893.995758,2011-12-31,0.5238943341172508,8.0,9.0,67,72.26890756302521,94.9579831932773,True,2,81.34453781512605,11,True,True,238,INTERNATIONAL PAPER CO /NEW/
2012-06-29,IR,TT,1466258.0,3822.0,Instruments & medical devices,12543314817.043297,2011-12-31,0.5520311098778745,6.0,9.0,59,75.63025210084034,46.42857142857143,True,54,63.94957983193278,63,False,False,238,Trane Technologies plc
2012-06-29,ISRG,ISRG,1035267.0,3842.0,Instruments & medical devices,21789634181.477234,2011-12-31,0.12141553079624216,3.375,8.0,206,13.865546218487395,3.1512605042016806,False,206,9.57983193277311,237,False,False,238,INTUITIVE SURGICAL INC
2012-06-29,ITW,ITW,49826.0,3560.0,Machinery & computers,25586795140.487915,2011-12-31,0.39215790586146304,6.0,9.0,102,57.56302521008403,46.42857142857143,False,102,53.10924369747899,112,False,False,238,ILLINOIS TOOL WORKS INC
2012-06-29,JCI,JCI,53669.0,2531.0,Other manufacturing,35958166158.71494,2011-09-30,0.307079063800472,5.0,9.0,134,44.11764705882353,20.798319327731093,False,134,34.78991596638655,179,False,False,238,JOHNSON CONTROLS INC
2012-06-29,JEC,J,52988.0,1600.0,Construction,4851176618.056536,2011-09-30,0.6829246306285257,3.375,8.0,33,86.5546218487395,3.1512605042016806,True,96,53.19327731092437,111,False,False,238,JACOBS SOLUTIONS INC.
2012-06-29,JNJ,JNJ,200406.0,2834.0,Chemicals & pharma,185457508310.90778,2012-01-01,0.3077793965845211,4.0,9.0,133,44.537815126050425,6.932773109243698,False,133,29.495798319327733,197,False,False,238,JOHNSON & JOHNSON
2012-06-29,KDP,KDP,1418135.0,2080.0,Food & beverage mfg,9278217768.75,2011-12-31,0.2439046006898026,6.0,9.0,165,31.092436974789916,46.42857142857143,False,165,37.226890756302524,171,False,False,238,Keurig Dr Pepper Inc.
2012-06-29,KMB,KMB,55785.0,2670.0,Other manufacturing,32978879668.47891,2011-12-31,0.15916247164141767,5.0,9.0,196,18.067226890756302,20.798319327731093,False,196,19.159663865546218,223,False,False,238,KIMBERLY CLARK CORP
2012-06-29,KMX,KMX,1170010.0,5500.0,Retail,5892547045.0968685,2012-02-29,0.4536428779511011,2.25,8.0,86,64.28571428571429,0.8403361344537815,True,99,38.90756302521009,165,False,False,238,CARMAX INC
2012-06-29,KO,KO,21344.0,2080.0,Food & beverage mfg,176959943565.39093,2011-12-31,0.17876927039316168,5.0,9.0,191,20.168067226890756,20.798319327731093,False,191,20.42016806722689,221,False,False,238,COCA COLA CO
2012-06-29,KR,KR,56873.0,5411.0,Retail,12992597316.53498,2012-01-28,0.3064052477739455,6.0,9.0,136,43.27731092436975,46.42857142857143,False,136,44.53781512605042,149,False,False,238,KROGER CO
2012-06-29,KSS,KSS,885639.0,5311.0,Retail,11065531340.850311,2012-01-28,0.5881326254957681,5.0,9.0,52,78.57142857142857,20.798319327731093,True,76,55.462184873949575,101,False,False,238,KOHLS Corp
2012-06-29,LB,BBWI,701985.0,5990.0,Retail,13586240846.559937,2012-01-28,0.010083731147360653,7.0,9.0,231,3.361344537815126,77.31092436974791,False,231,32.94117647058824,184,False,False,238,"Bath & Body Works, Inc."
2012-06-29,LDOS,LDOS,1336920.0,7373.0,Business services & software,4132920039.024353,2012-01-31,0.5277140567459085,5.0,9.0,64,73.52941176470588,20.798319327731093,True,78,52.436974789915965,116,False,False,238,"Leidos Holdings, Inc."
2012-06-29,LH,LH,920148.0,8071.0,Health services,9001692391.552734,2011-12-31,0.2781143690656777,5.0,9.0,152,36.554621848739494,20.798319327731093,False,152,30.252100840336134,195,False,False,238,LABCORP HOLDINGS INC.
2012-06-29,LLY,LLY,59478.0,2834.0,Chemicals & pharma,49793057327.33597,2011-12-31,0.27183709389479627,4.0,9.0,153,36.134453781512605,6.932773109243698,False,153,24.45378151260504,211,False,False,238,ELI LILLY & Co
2012-06-29,LMT,LMT,936468.0,3760.0,Transport equipment,28310187535.28595,2011-12-31,0.03535829632892219,6.0,9.0,230,3.7815126050420167,46.42857142857143,False,230,20.840336134453782,219,False,False,238,LOCKHEED MARTIN CORP
2012-06-29,LOW,LOW,60667.0,5211.0,Retail,34097026124.36749,2012-02-03,0.48488099635717696,5.0,9.0,79,67.22689075630252,20.798319327731093,True,82,48.65546218487395,132,False,False,238,LOWES COMPANIES INC
2012-06-29,LUV,LUV,92380.0,4512.0,Transportation,7126195527.128226,2011-12-31,0.9650310567287158,5.625,8.0,12,95.37815126050421,32.142857142857146,True,63,70.08403361344538,39,False,False,238,SOUTHWEST AIRLINES CO
2012-06-29,M,M,794367.0,5311.0,Retail,14309574129.797066,2012-01-28,0.41461751035941835,8.0,9.0,94,60.924369747899156,94.9579831932773,True,8,74.53781512605042,32,True,False,238,"Macy's, Inc."
2012-06-29,MAR,MAR,1048286.0,7011.0,Services (hotels/personal),13087576972.320118,2011-12-30,-0.05967491168547047,5.625,8.0,237,0.8403361344537815,32.142857142857146,False,237,13.361344537815128,232,False,False,238,MARRIOTT INTERNATIONAL INC /MD/
2012-06-29,MAS,MAS,62996.0,3430.0,Other manufacturing,4955671984.615026,2011-12-31,0.10634279299277294,6.0,9.0,212,11.344537815126051,46.42857142857143,False,212,25.378151260504204,207,False,False,238,MASCO CORP /DE/
2012-06-29,MAT,MAT,63276.0,3942.0,Other manufacturing,10997099325.816895,2011-12-31,0.2373901446785448,4.0,9.0,170,28.991596638655466,6.932773109243698,False,170,20.16806722689076,222,False,False,238,MATTEL INC /DE/
2012-06-29,MCD,MCD,63908.0,5812.0,Retail,90172732929.9859,2011-12-31,0.15958482716913092,6.75,8.0,195,18.487394957983195,63.02521008403361,False,195,36.30252100840336,175,False,False,238,MCDONALDS CORP
2012-06-29,MCHP,MCHP,827054.0,3674.0,Electronics & semis,6403733272.061462,2012-03-31,0.31086132345408746,4.5,8.0,131,45.378151260504204,11.76470588235294,False,131,31.932773109243698,189,False,False,238,MICROCHIP TECHNOLOGY INC
2012-06-29,MCK,MCK,927653.0,5122.0,Wholesale,22068486375.0,2012-03-31,0.3095364078860619,7.0,9.0,132,44.957983193277315,77.31092436974791,False,132,57.89915966386555,91,False,False,238,MCKESSON CORP
2012-06-29,MCO,MCO,1059556.0,7320.0,Business services & software,8146994829.940796,2011-12-31,-0.020743845249405677,5.625,8.0,236,1.2605042016806722,32.142857142857146,False,236,13.613445378151262,231,False,False,238,MOODYS CORP /DE/
2012-06-29,MDLZ,MDLZ,1103982.0,2000.0,Food & beverage mfg,68289234622.34123,2011-12-31,0.5157035394342895,4.0,9.0,71,70.58823529411765,6.932773109243698,True,94,45.12605042016806,146,False,False,238,"Mondelez International, Inc."
2012-06-29,MDT,MDT,64670.0,3845.0,Instruments & medical devices,39699979948.44179,2012-04-27,0.4310581522263887,7.0,9.0,89,63.02521008403361,77.31092436974791,True,24,68.73949579831933,47,False,False,238,MEDTRONIC INC
2012-06-29,MKC,MKC,63754.0,2090.0,Food & beverage mfg,8048255202.484131,2011-11-30,0.20109948793627253,6.0,9.0,183,23.52941176470588,46.42857142857143,False,183,32.6890756302521,186,False,False,238,MCCORMICK & CO INC
2012-06-29,MMM,MMM,66740.0,3841.0,Instruments & medical devices,62231122415.351814,2011-12-31,0.24778598555689935,7.0,9.0,164,31.512605042016805,77.31092436974791,False,164,49.831932773109244,125,False,False,238,3M CO
2012-06-29,MNST,MNST,865752.0,2086.0,Food & beverage mfg,12410824285.981419,2011-12-31,0.07889548489587454,5.625,8.0,221,7.563025210084033,32.142857142857146,False,221,17.39495798319328,226,False,False,238,Monster Beverage Corp
2012-06-29,MO,MO,764180.0,2111.0,Other manufacturing,70677802928.72972,2011-12-31,0.05206726648974712,5.0,9.0,227,5.042016806722689,20.798319327731093,False,227,11.344537815126051,235,False,False,238,"ALTRIA GROUP, INC."
2012-06-29,MRK,MRK,310158.0,2834.0,Chemicals & pharma,127087354899.1009,2011-12-31,0.42897265462234974,8.0,9.0,91,62.18487394957983,94.9579831932773,True,7,75.29411764705881,31,True,False,238,"Merck & Co., Inc."
2012-06-29,MSFT,MSFT,789019.0,7372.0,Business services & software,256291151549.8019,2011-06-30,0.22272715875993776,7.0,9.0,176,26.47058823529412,77.31092436974791,False,176,46.806722689075634,139,False,False,238,MICROSOFT CORP
2012-06-29,MSI,MSI,68505.0,3663.0,Electronics & semis,15297525347.67334,2011-12-31,0.3408394417723921,7.0,9.0,117,51.26050420168067,77.31092436974791,False,117,61.680672268907564,76,False,False,238,"Motorola Solutions, Inc."
2012-06-29,MUR,MUR,717423.0,1311.0,Oil & gas extraction,9750082490.298971,2011-12-31,0.9003407928839814,6.75,8.0,15,94.11764705882352,63.02521008403361,True,29,81.68067226890756,9,False,True,238,MURPHY OIL CORP
2012-06-29,NBR,NBR,1163739.0,1381.0,Oil & gas extraction,4156983820.8,2011-12-31,1.3441993620568482,6.0,9.0,4,98.73949579831933,46.42857142857143,True,43,77.81512605042016,21,False,False,238,NABORS INDUSTRIES LTD
2012-06-29,NEE,NEE,753308.0,4911.0,Utilities,28639323828.27533,2011-12-31,0.5217651118301515,4.5,8.0,69,71.42857142857143,11.76470588235294,True,87,47.56302521008403,134,False,False,238,NEXTERA ENERGY INC
2012-06-29,NFLX,NFLX,1065280.0,7841.0,Services (other),3795623843.695855,2011-12-31,0.16935555957886658,4.5,8.0,193,19.327731092436977,11.76470588235294,False,193,16.302521008403364,228,False,False,238,NETFLIX INC
2012-06-29,NI,NI,1111711.0,4931.0,Utilities,6983959140.223005,2011-12-31,0.7155396959897493,4.0,9.0,29,88.23529411764706,6.932773109243698,True,91,55.71428571428571,98,False,False,238,NISOURCE INC.
2012-06-29,NKE,NKE,320187.0,3021.0,Other manufacturing,41739389419.555664,2011-05-31,0.23582041177124588,6.0,9.0,173,27.73109243697479,46.42857142857143,False,173,35.21008403361345,177,False,False,238,"NIKE, Inc."
2012-06-29,NOC,NOC,1133421.0,3812.0,Instruments & medical devices,16115381222.331299,2011-12-31,0.6413748367104879,5.0,9.0,43,82.35294117647058,20.798319327731093,True,74,57.731092436974784,92,False,False,238,NORTHROP GRUMMAN CORP /DE/
2012-06-29,NOV,NOV,1021860.0,3533.0,Machinery & computers,27337026758.349358,2011-12-31,0.6445104713013002,6.0,9.0,40,83.61344537815127,46.42857142857143,True,49,68.73949579831934,46,False,False,238,NOV Inc.
2012-06-29,NRG,NRG,1013871.0,4911.0,Utilities,3952613822.1679688,2011-12-31,1.940235081147804,4.0,9.0,2,99.57983193277312,6.932773109243698,True,88,62.52100840336134,72,False,False,238,"NRG ENERGY, INC."
2012-06-29,NSC,NSC,702165.0,4011.0,Transportation,23694240423.35756,2011-12-31,0.41828730623623744,6.75,8.0,93,61.34453781512605,63.02521008403361,True,42,62.01680672268907,74,False,False,238,NORFOLK SOUTHERN CORP
2012-06-29,NTAP,NTAP,1002047.0,3572.0,Machinery & computers,11677933269.440552,2012-04-27,0.3676677971123302,5.625,8.0,107,55.46218487394958,32.142857142857146,False,107,46.13445378151261,143,False,False,238,"NetApp, Inc."
2012-06-29,NUE,NUE,73309.0,3312.0,Other manufacturing,12010053295.832619,2011-12-31,0.6223856643994843,7.0,9.0,47,80.67226890756302,77.31092436974791,True,20,79.32773109243698,16,True,True,238,NUCOR CORP
2012-06-29,NVDA,NVDA,1045810.0,3674.0,Electronics & semis,8513508250.743141,2012-01-29,0.48695835816428806,6.75,8.0,78,67.64705882352942,63.02521008403361,True,39,65.7983193277311,59,False,False,238,NVIDIA CORP
2012-06-29,NWL,NWL,814453.0,3089.0,Other manufacturing,5231575823.974609,2011-12-31,0.35344990920826885,7.0,9.0,113,52.94117647058824,77.31092436974791,False,113,62.689075630252105,71,False,False,238,NEWELL BRANDS INC.
2012-06-29,OI,OI,812074.0,3221.0,Other manufacturing,3151820073.1838074,2011-12-31,0.26619539837897066,3.0,9.0,157,34.45378151260504,1.680672268907563,False,157,21.34453781512605,217,False,False,238,"O-I Glass, Inc. /DE/"
2012-06-29,OKE,OKE,1039684.0,4923.0,Utilities,8791492430.852388,2011-12-31,0.25462946338258485,7.0,9.0,160,33.193277310924366,77.31092436974791,False,160,50.84033613445378,121,False,False,238,ONEOK INC /NEW/
2012-06-29,ORCL,ORCL,1341439.0,7372.0,Business services & software,145010431925.05646,2012-05-31,0.30127487671079145,4.5,8.0,140,41.596638655462186,11.76470588235294,False,140,29.66386554621849,196,False,False,238,ORACLE CORP
2012-06-29,OXY,OXY,797468.0,1311.0,Oil & gas extraction,69564241415.61398,2011-12-31,0.5407950871660916,7.875,8.0,61,74.78991596638656,87.60504201680672,True,11,79.91596638655463,12,True,True,238,OCCIDENTAL PETROLEUM CORP /DE/
2012-06-29,PBI,PBI,78814.0,3579.0,Machinery & computers,2990822042.1090736,2011-12-31,-0.01303521220958629,6.75,8.0,235,1.680672268907563,63.02521008403361,False,235,26.218487394957982,204,False,False,238,PITNEY BOWES INC /DE/
2012-06-29,PCG,PCG,1004980.0,4931.0,Utilities,18662878290.856316,2011-12-31,0.6483994489707817,5.625,8.0,39,84.03361344537815,32.142857142857146,True,65,63.27731092436975,67,False,False,238,PG&E Corp
2012-06-29,PEG,PEG,788784.0,4931.0,Utilities,16443221795.0,2011-12-31,0.6245734642539984,5.625,8.0,46,81.09243697478992,32.142857142857146,True,66,61.51260504201681,77,False,False,238,PUBLIC SERVICE ENTERPRISE GROUP INC
2012-06-29,PEP,PEP,77476.0,2080.0,Food & beverage mfg,110981550393.6618,2011-12-31,0.18655353008280207,5.0,9.0,188,21.428571428571427,20.798319327731093,False,188,21.176470588235293,218,False,False,238,PEPSICO INC
2012-06-29,PFE,PFE,78003.0,2834.0,Chemicals & pharma,173385970374.00418,2011-12-31,0.47402912601700775,8.0,9.0,83,65.54621848739495,94.9579831932773,True,5,77.3109243697479,25,True,False,238,PFIZER INC
2012-06-29,PG,PG,80424.0,2840.0,Chemicals (other),168300802372.5,2011-06-30,0.4040444195238799,6.0,9.0,99,58.82352941176471,46.42857142857143,True,60,53.865546218487395,107,False,False,238,PROCTER & GAMBLE Co
2012-06-29,PH,PH,76334.0,3490.0,Other manufacturing,11921093098.112106,2011-06-30,0.45162418879629573,8.0,9.0,87,63.86554621848739,94.9579831932773,True,6,76.30252100840335,28,True,False,238,Parker-Hannifin Corp
2012-06-29,PKI,RVTY,31791.0,3826.0,Instruments & medical devices,2927396887.6330757,2012-01-01,0.629301755352179,4.0,9.0,44,81.9327731092437,6.932773109243698,True,92,51.93277310924369,118,False,False,238,"REVVITY, INC."
2012-06-29,PM,PM,1413329.0,2111.0,Other manufacturing,150250668098.0982,2011-12-31,0.0015241196787922873,7.0,9.0,232,2.941176470588235,77.31092436974791,False,232,32.689075630252105,185,False,False,238,Philip Morris International Inc.
2012-06-29,PNW,PNW,764622.0,4931.0,Utilities,5652818286.259735,2011-12-31,0.6760963835136437,6.75,8.0,36,85.29411764705883,63.02521008403361,True,33,76.38655462184875,27,False,False,238,PINNACLE WEST CAPITAL CORP
2012-06-29,PPG,PPG,79879.0,2851.0,Chemicals (other),16131062529.141747,2011-12-31,0.20141264681917162,7.875,8.0,182,23.949579831932773,87.60504201680672,False,182,49.411764705882355,127,False,False,238,PPG INDUSTRIES INC
2012-06-29,PPL,PPL,922224.0,4911.0,Utilities,16108520272.050999,2011-12-31,0.6721908541026617,6.75,8.0,37,84.87394957983193,63.02521008403361,True,34,76.1344537815126,29,False,False,238,PPL Corp
2012-06-29,PWR,PWR,1050915.0,1731.0,Construction,4992752782.948494,2011-12-31,0.6773722126900047,6.0,9.0,35,85.71428571428571,46.42857142857143,True,48,70.0,40,False,False,238,"QUANTA SERVICES, INC."
2012-06-29,R,R,85961.0,7510.0,Services (other),1842615265.573616,2011-12-31,0.7153707149982023,7.0,9.0,30,87.81512605042016,77.31092436974791,True,18,83.61344537815125,6,True,True,238,RYDER SYSTEM INC
2012-06-29,RHI,RHI,315213.0,7363.0,Business services & software,4061021095.4114456,2011-12-31,0.19711914348450243,8.0,9.0,185,22.689075630252102,94.9579831932773,False,185,51.596638655462186,119,False,False,238,ROBERT HALF INC.
2012-06-29,RL,RL,1037038.0,2320.0,Other manufacturing,12983561773.68164,2012-03-31,0.2813172582121347,8.0,9.0,151,36.97478991596639,94.9579831932773,False,151,60.168067226890756,85,False,False,238,RALPH LAUREN CORP
2012-06-29,ROK,ROK,1024478.0,3829.0,Instruments & medical devices,9375031785.08313,2011-09-30,0.18645270118244192,6.0,9.0,189,21.008403361344538,46.42857142857143,False,189,31.176470588235297,191,False,False,238,"ROCKWELL AUTOMATION, INC"
2012-06-29,ROP,ROP,882835.0,3823.0,Instruments & medical devices,9551676135.715714,2011-12-31,0.33450631644145346,8.0,9.0,120,50.0,94.9579831932773,False,120,67.98319327731093,50,False,False,238,ROPER TECHNOLOGIES INC
2012-06-29,ROST,ROST,745732.0,5651.0,Retail,14150715046.533875,2012-01-28,0.10550788388362774,7.0,9.0,213,10.92436974789916,77.31092436974791,False,213,37.47899159663866,170,False,False,238,"ROSS STORES, INC."
2012-06-29,RRC,RRC,315852.0,1311.0,Oil & gas extraction,10007406621.293495,2011-12-31,0.23906493365718468,7.875,8.0,169,29.411764705882355,87.60504201680672,False,169,52.689075630252105,114,False,False,238,RANGE RESOURCES CORP
2012-06-29,RSG,RSG,1060391.0,4953.0,Utilities,9792160082.587051,2011-12-31,0.7844336627685757,7.0,9.0,21,91.59663865546219,77.31092436974791,True,16,85.88235294117646,4,True,True,238,"REPUBLIC SERVICES, INC."
2012-06-29,SBUX,SBUX,829224.0,5810.0,Retail,39744727772.52197,2011-10-02,0.1103265828136218,6.0,9.0,209,12.605042016806722,46.42857142857143,False,209,26.134453781512605,205,False,False,238,STARBUCKS CORP
2012-06-29,SHW,SHW,89800.0,5200.0,Retail,13786738271.745758,2011-12-31,0.11002740242837139,5.0,9.0,210,12.184873949579831,20.798319327731093,False,210,15.630252100840336,229,False,False,238,SHERWIN WILLIAMS CO
2012-06-29,SJM,SJM,91419.0,2033.0,Food & beverage mfg,8340230944.469032,2012-04-30,0.6190938877327118,5.0,9.0,48,80.25210084033614,20.798319327731093,True,75,56.470588235294116,97,False,False,238,J M SMUCKER Co
2012-06-29,SNA,SNA,91440.0,3420.0,Other manufacturing,3635046046.5,2011-12-31,0.4211500983526812,6.0,9.0,92,61.76470588235294,46.42857142857143,True,58,55.63025210084034,100,False,False,238,Snap-on Inc
2012-06-29,SO,SO,92122.0,4911.0,Utilities,40122371510.75658,2011-12-31,0.4557307883732121,6.75,8.0,85,64.70588235294117,63.02521008403361,True,40,64.03361344537815,62,False,False,238,SOUTHERN CO
2012-06-29,SPGI,SPGI,64040.0,7320.0,Business services & software,12510000463.43231,2011-12-31,0.12054356068235166,6.0,9.0,207,13.445378151260504,46.42857142857143,False,207,26.638655462184875,201,False,False,238,S&P Global Inc.
2012-06-29,SWK,SWK,93556.0,3420.0,Other manufacturing,10912170332.404465,2011-12-31,0.6418154946869105,6.0,9.0,42,82.77310924369748,46.42857142857143,True,51,68.23529411764706,49,False,False,238,"STANLEY BLACK & DECKER, INC."
2012-06-29,SYK,SYK,310764.0,3841.0,Instruments & medical devices,20994204338.90954,2011-12-31,0.3659581413981352,4.0,9.0,108,55.04201680672269,6.932773109243698,False,108,35.79831932773109,176,False,False,238,STRYKER CORP
2012-06-29,SYMC,GEN,849399.0,7372.0,Business services & software,10530096358.071556,2012-03-30,0.4837562569971484,8.0,9.0,80,66.80672268907563,94.9579831932773,True,4,78.0672268907563,20,True,True,238,Gen Digital Inc.
2012-06-29,SYY,SYY,96021.0,5140.0,Wholesale,17668311681.505394,2011-07-02,0.26630965566026843,4.0,9.0,156,34.87394957983193,6.932773109243698,False,156,23.697478991596636,212,False,False,238,SYSCO CORP
2012-06-29,T,T,732717.0,4813.0,Communications,211428139050.07172,2011-12-31,0.5003922395350815,5.0,9.0,76,68.4873949579832,20.798319327731093,True,80,49.411764705882355,126,False,False,238,AT&T INC.
2012-06-29,TAP,TAP,24545.0,2082.0,Food & beverage mfg,7693689112.854004,2011-12-31,0.9940484841299991,6.0,9.0,9,96.63865546218487,46.42857142857143,True,45,76.55462184873949,26,False,False,238,MOLSON COORS BEVERAGE CO
2012-06-29,TDC,TDC,816761.0,7372.0,Business services & software,12054474357.60498,2011-12-31,0.1239373825584903,5.0,9.0,203,15.126050420168067,20.798319327731093,False,203,17.39495798319328,225,False,False,238,TERADATA CORP /DE/
2012-06-29,TEL,TEL,1385157.0,5065.0,Wholesale,13544239227.00388,2011-09-30,0.5518213223152972,7.0,9.0,60,75.21008403361344,77.31092436974791,True,22,76.05042016806723,30,False,False,238,TE Connectivity plc
2012-06-29,TER,TER,97210.0,3825.0,Instruments & medical devices,2621589125.720579,2011-12-31,0.5741021677400778,3.0,9.0,55,77.31092436974791,1.680672268907563,True,98,47.05882352941177,136,False,False,238,"TERADYNE, INC"
2012-06-29,TGT,TGT,27419.0,5331.0,Retail,38899255866.27285,2012-01-28,0.4067172918265877,7.0,9.0,97,59.66386554621849,77.31092436974791,True,26,66.72268907563026,55,False,False,238,TARGET CORP
2012-06-29,TJX,TJX,109198.0,5651.0,Retail,64111836579.83075,2012-01-28,0.05005768312383093,6.75,8.0,228,4.621848739495799,63.02521008403361,False,228,27.983193277310924,200,False,False,238,TJX COMPANIES INC /DE/
2012-06-29,TMO,TMO,97745.0,3829.0,Instruments & medical devices,18991460839.27517,2011-12-31,0.791834821305613,6.0,9.0,20,92.01680672268907,46.42857142857143,True,46,73.78151260504201,33,False,False,238,THERMO FISHER SCIENTIFIC INC.
2012-06-29,TMUS,TMUS,1283699.0,4812.0,Communications,2193155052.942333,2011-12-31,1.3348805393728713,6.0,9.0,5,98.31932773109243,46.42857142857143,True,44,77.56302521008402,24,False,False,238,"T-Mobile US, Inc."
2012-06-29,TPR,TPR,1116132.0,3100.0,Other manufacturing,16902115200.495377,2011-07-02,0.09540634298556537,7.0,9.0,217,9.243697478991598,77.31092436974791,False,217,36.47058823529412,172,False,False,238,"TAPESTRY, INC."
2012-06-29,TXN,TXN,97476.0,3674.0,Electronics & semis,32849233290.760757,2011-12-31,0.3334019976375029,4.0,9.0,122,49.159663865546214,6.932773109243698,False,122,32.2689075630252,188,False,False,238,TEXAS INSTRUMENTS INC
2012-06-29,UNP,UNP,100885.0,4011.0,Transportation,57276895801.109314,2011-12-31,0.32435417003936495,7.875,8.0,128,46.63865546218487,87.60504201680672,False,128,63.02521008403362,68,False,False,238,UNION PACIFIC CORP
2012-06-29,UPS,UPS,1090727.0,4210.0,Transportation,77263562095.64209,2011-12-31,0.09105197597920218,6.75,8.0,218,8.823529411764707,63.02521008403361,False,218,30.504201680672267,194,False,False,238,UNITED PARCEL SERVICE INC
2012-06-29,URBN,URBN,912615.0,5651.0,Retail,3992463586.2105217,2012-01-31,0.2670701878616398,4.5,8.0,155,35.294117647058826,11.76470588235294,False,155,25.88235294117647,206,False,False,238,URBAN OUTFITTERS INC
2012-06-29,UTX,RTX,101829.0,3724.0,Transport equipment,68522453748.38071,2011-12-31,0.31931139069165426,8.0,9.0,129,46.21848739495798,94.9579831932773,False,129,65.71428571428571,60,False,False,238,RTX Corp
2012-06-29,VFC,VFC,103379.0,2320.0,Other manufacturing,14759575361.626717,2011-12-31,0.3066477787543321,5.0,9.0,135,43.69747899159664,20.798319327731093,False,135,34.53781512605042,180,False,False,238,V F CORP
2012-06-29,VMC,VMC,1396009.0,1400.0,Mining (other),5132392056.91098,2011-12-31,0.7387621518302425,5.0,9.0,26,89.49579831932773,20.798319327731093,True,73,62.016806722689076,73,False,False,238,Vulcan Materials CO
2012-06-29,VRSN,VRSN,1014473.0,7371.0,Business services & software,6950241822.778671,2011-12-31,-0.012676825101428668,6.75,8.0,234,2.100840336134454,63.02521008403361,False,234,26.470588235294116,203,False,False,238,VERISIGN INC/CA
2012-06-29,VZ,VZ,732712.0,4813.0,Communications,126010689643.08015,2011-12-31,0.6817516850620428,6.0,9.0,34,86.1344537815126,46.42857142857143,True,47,70.25210084033614,38,False,False,238,VERIZON COMMUNICATIONS INC
2012-06-29,WDC,WDC,106040.0,3572.0,Machinery & computers,7107677858.341554,2011-07-01,0.7721227817829837,5.0,9.0,22,91.17647058823529,20.798319327731093,True,72,63.02521008403361,69,False,False,238,WESTERN DIGITAL CORP
2012-06-29,WHR,WHR,106640.0,3630.0,Electronics & semis,4685443674.750301,2011-12-31,0.8923381199802419,4.0,9.0,16,93.69747899159664,6.932773109243698,True,89,58.99159663865546,87,False,False,238,WHIRLPOOL CORP /DE/
2012-06-29,WM,WM,823768.0,4953.0,Utilities,15409905029.401436,2011-12-31,0.3939024924825105,6.0,9.0,101,57.98319327731093,46.42857142857143,False,101,53.36134453781513,109,False,False,238,WASTE MANAGEMENT INC
2012-06-29,WMB,WMB,107263.0,4922.0,Utilities,17066673848.300514,2011-12-31,0.1050585495414823,6.75,8.0,214,10.504201680672269,63.02521008403361,False,214,31.512605042016805,190,False,False,238,"WILLIAMS COMPANIES, INC."
2012-06-29,WMT,WMT,104169.0,5331.0,Retail,237364419651.24896,2012-01-31,0.3004451977460673,5.0,9.0,143,40.33613445378151,20.798319327731093,False,143,32.52100840336134,187,False,False,238,Walmart Inc.
2012-06-29,WYNN,WYNN,1174922.0,7011.0,Services (hotels/personal),10426741049.43457,2011-12-31,0.2003523430855018,7.875,8.0,184,23.10924369747899,87.60504201680672,False,184,48.90756302521009,130,False,False,238,WYNN RESORTS LTD
2012-06-29,XEL,XEL,72903.0,4931.0,Utilities,13830797639.125866,2011-12-31,0.6132833565581755,5.625,8.0,49,79.83193277310924,32.142857142857146,True,67,60.75630252100841,79,False,False,238,XCEL ENERGY INC
2012-06-29,XOM,XOM,34088.0,2911.0,Petroleum refining,403310282479.8292,2011-12-31,0.38282187860588907,6.75,8.0,104,56.72268907563025,63.02521008403361,False,104,59.24369747899159,86,False,False,238,EXXON MOBIL CORP
2012-06-29,XRAY,XRAY,818479.0,3843.0,Instruments & medical devices,5370562313.723335,2011-12-31,0.34411238377732445,5.0,9.0,115,52.10084033613446,20.798319327731093,False,115,39.57983193277311,164,False,False,238,DENTSPLY SIRONA Inc.
2012-06-29,XRX,XRX,108772.0,3577.0,Machinery & computers,10481933853.366123,2011-12-31,1.1329970372009353,7.0,9.0,7,97.47899159663865,77.31092436974791,True,15,89.41176470588235,2,True,True,238,XEROX CORP
2012-06-29,YUM,YUM,1041061.0,5812.0,Retail,29659886655.10764,2011-12-31,0.0614634850496324,6.0,9.0,225,5.88235294117647,46.42857142857143,False,225,22.100840336134453,214,False,False,238,YUM BRANDS INC
2012-06-29,ZBH,ZBH,1136869.0,3842.0,Instruments & medical devices,11463966351.836246,2011-12-31,0.4803921985620519,6.0,9.0,81,66.38655462184873,46.42857142857143,True,56,58.403361344537814,88,False,False,238,"ZIMMER BIOMET HOLDINGS, INC."
2013-06-28,A,A,1090872.0,3826.0,Instruments & medical devices,14877680833.33248,2012-10-31,0.34830697459177,6.0,9.0,111,57.52895752895753,59.26640926640927,False,111,58.22393822393822,93,False,False,259,"AGILENT TECHNOLOGIES, INC."
2013-06-28,AAPL,AAPL,320193.0,3571.0,Machinery & computers,373012608377.05994,2012-09-29,0.3169061778214944,5.625,8.0,129,50.57915057915058,46.91119691119691,False,129,49.11196911196911,136,False,False,259,Apple Inc.
2013-06-28,ABC,COR,1140859.0,5122.0,Wholesale,13146609432.128906,2012-09-30,0.18687038758419786,5.0,9.0,197,24.324324324324326,32.818532818532816,False,197,27.722007722007724,228,False,False,259,"Cencora, Inc."
2013-06-28,ABT,ABT,1800.0,2834.0,Chemicals & pharma,54785216449.18407,2012-12-31,0.48774035646614594,7.875,8.0,68,74.13127413127413,86.87258687258688,True,10,79.22779922779924,18,True,True,259,ABBOTT LABORATORIES
2013-06-28,ACN,ACN,1467373.0,7389.0,Business services & software,46279821379.15452,2012-08-31,0.08958187124437297,5.0,9.0,234,10.038610038610038,32.818532818532816,False,234,19.15057915057915,246,False,False,259,Accenture plc
2013-06-28,ADBE,ADBE,796343.0,7372.0,Business services & software,22724916048.06512,2012-11-30,0.2932984212528036,5.0,9.0,143,45.173745173745175,32.818532818532816,False,143,40.23166023166023,180,False,False,259,ADOBE INC.
2013-06-28,ADI,ADI,6281.0,3674.0,Electronics & semis,13580596684.455048,2012-11-03,0.30671399031883884,4.5,8.0,138,47.10424710424711,17.953667953667953,False,138,35.44401544401545,197,False,False,259,ANALOG DEVICES INC
2013-06-28,ADP,ADP,8670.0,7374.0,Business services & software,33363000776.348644,2012-06-30,0.18325689709344953,5.625,8.0,202,22.393822393822393,46.91119691119691,False,202,32.2007722007722,211,False,False,259,AUTOMATIC DATA PROCESSING INC
2013-06-28,ADSK,ADSK,769397.0,7372.0,Business services & software,7595771692.657471,2013-01-31,0.2689917605047398,6.0,9.0,156,40.15444015444015,59.26640926640927,False,156,47.7992277992278,147,False,False,259,"Autodesk, Inc."
2013-06-28,AEE,AEE,1002910.0,4931.0,Utilities,8356337736.031986,2012-12-31,0.7917343947782576,3.375,8.0,15,94.5945945945946,5.598455598455598,True,93,58.996138996138995,89,False,False,259,AMEREN CORP
2013-06-28,AEP,AEP,4904.0,4911.0,Utilities,21748229015.743103,2012-12-31,0.7006087709013108,5.625,8.0,21,92.27799227799228,46.91119691119691,True,44,74.13127413127413,29,False,False,259,AMERICAN ELECTRIC POWER CO INC
2013-06-28,AES,AES,874761.0,4991.0,Utilities,8941704949.678267,2012-12-31,0.5109763770682679,3.375,8.0,61,76.83397683397683,5.598455598455598,True,95,48.339768339768334,144,False,False,259,AES CORP
2013-06-28,AKAM,AKAM,1086222.0,7389.0,Business services & software,7568887091.3366585,2012-12-31,0.30992059621089446,7.0,9.0,136,47.87644787644788,79.34362934362935,False,136,60.463320463320464,86,False,False,259,AKAMAI TECHNOLOGIES INC
2013-06-28,AMAT,AMAT,6951.0,3674.0,Electronics & semis,17869082875.054184,2012-10-28,0.4048892744294277,5.0,9.0,94,64.0926640926641,32.818532818532816,True,65,51.58301158301158,123,False,False,259,APPLIED MATERIALS INC /DE
2013-06-28,AMD,AMD,2488.0,3674.0,Electronics & semis,2913435141.840229,2012-12-29,0.18466173908377453,1.0,9.0,199,23.552123552123554,0.3861003861003861,False,199,14.285714285714286,250,False,False,259,ADVANCED MICRO DEVICES INC
2013-06-28,AMGN,AMGN,318154.0,2836.0,Chemicals & pharma,73840108316.71259,2012-12-31,0.2581252984929067,5.625,8.0,164,37.06563706563706,46.91119691119691,False,164,41.003861003861005,176,False,False,259,AMGEN INC
2013-06-28,AMZN,AMZN,1018724.0,5961.0,Retail,126224282258.42966,2012-12-31,0.06490034923096512,4.0,9.0,239,8.108108108108109,10.038610038610038,False,239,8.880308880308881,255,False,False,259,AMAZON COM INC
2013-06-28,AN,AN,350698.0,5500.0,Retail,5249625292.085403,2012-12-31,0.3216420041532615,6.0,9.0,126,51.737451737451735,59.26640926640927,False,126,54.74903474903475,103,False,False,259,"AUTONATION, INC."
2013-06-28,ANF,ANF,1018840.0,5651.0,Retail,3537056433.25,2013-02-02,0.5140624794412163,7.875,8.0,59,77.60617760617761,86.87258687258688,True,8,81.31274131274132,13,True,True,259,ABERCROMBIE & FITCH CO /DE/
2013-06-28,APD,APD,2969.0,2810.0,Chemicals & pharma,19490681587.246815,2012-09-30,0.3323229088221407,3.0,9.0,121,53.66795366795367,2.7027027027027026,False,121,33.28185328185328,204,False,False,259,"Air Products & Chemicals, Inc."
2013-06-28,APH,APH,820313.0,3678.0,Electronics & semis,12446870148.007935,2012-12-31,0.19522650843986702,4.0,9.0,192,26.254826254826252,10.038610038610038,False,192,19.768339768339764,245,False,False,259,AMPHENOL CORP /DE/
2013-06-28,ATI,ATI,1018963.0,3317.0,Other manufacturing,2827658720.7823296,2012-12-31,0.8769092188444749,4.0,9.0,10,96.52509652509652,10.038610038610038,True,84,61.930501930501926,76,False,False,259,ATI INC
2013-06-28,AVY,AVY,8818.0,2670.0,Other manufacturing,4280548555.2547684,2012-12-29,0.3693218239655988,8.0,9.0,104,60.231660231660236,92.85714285714286,False,104,73.28185328185329,32,False,False,259,Avery Dennison Corp
2013-06-28,AZO,AZO,866787.0,5531.0,Retail,15647696290.905884,2012-08-25,-0.09892989812817878,8.0,9.0,258,0.7722007722007722,92.85714285714286,False,258,37.60617760617761,189,False,False,259,AUTOZONE INC
2013-06-28,BA,BA,12927.0,3721.0,Transport equipment,77461598841.74725,2012-12-31,0.07574075526101885,6.0,9.0,237,8.880308880308881,59.26640926640927,False,237,29.034749034749037,225,False,False,259,BOEING CO
2013-06-28,BAX,BAX,10456.0,3841.0,Instruments & medical devices,37816476751.38746,2012-12-31,0.18346500245413397,6.0,9.0,200,23.166023166023166,59.26640926640927,False,200,37.60617760617761,188,False,False,259,BAXTER INTERNATIONAL INC
2013-06-28,BDX,BDX,10795.0,3841.0,Instruments & medical devices,19465340474.071663,2012-09-30,0.21247452647998175,5.0,9.0,182,30.115830115830118,32.818532818532816,False,182,31.1969111969112,213,False,False,259,BECTON DICKINSON & CO
2013-06-28,BF.B,BF-B,14693.0,2080.0,Food & beverage mfg,14435908094.568253,2013-04-30,0.11277433946899133,5.0,9.0,227,12.741312741312742,32.818532818532816,False,227,20.772200772200772,243,False,False,259,BROWN FORMAN CORP
2013-06-28,BIIB,BIIB,875045.0,2836.0,Chemicals & pharma,50854382782.032425,2012-12-31,0.13689130846082365,5.0,9.0,221,15.057915057915059,32.818532818532816,False,221,22.16216216216216,242,False,False,259,BIOGEN INC.
2013-06-28,BKNG,BKNG,1075531.0,4700.0,Transportation,41226770073.781876,2012-12-31,0.0945253531388887,5.625,8.0,233,10.424710424710424,46.91119691119691,False,233,25.01930501930502,235,False,False,259,Booking Holdings Inc.
2013-06-28,BLL,BALL,9389.0,3411.0,Other manufacturing,6207650502.814484,2012-12-31,0.17955263420430195,6.0,9.0,205,21.235521235521233,59.26640926640927,False,205,36.44787644787645,195,False,False,259,BALL Corp
2013-06-28,BMY,BMY,14272.0,2834.0,Chemicals & pharma,73173377596.21555,2012-12-31,0.18617426784881075,5.0,9.0,198,23.93822393822394,32.818532818532816,False,198,27.49034749034749,230,False,False,259,BRISTOL MYERS SQUIBB CO
2013-06-28,BSX,BSX,885725.0,3841.0,Instruments & medical devices,12583342320.410442,2012-12-31,0.5459598749734971,4.0,9.0,47,82.23938223938224,10.038610038610038,True,88,53.359073359073356,114,False,False,259,BOSTON SCIENTIFIC CORP
2013-06-28,BWA,BWA,908255.0,3714.0,Transport equipment,9962373326.192326,2012-12-31,0.3094242605720726,5.0,9.0,137,47.49034749034749,32.818532818532816,False,137,41.62162162162162,175,False,False,259,BORGWARNER INC
2013-06-28,CAG,CAG,23217.0,2000.0,Food & beverage mfg,14240398897.860754,2012-05-27,0.31175390744615433,5.0,9.0,131,49.80694980694981,32.818532818532816,False,131,43.011583011583014,169,False,False,259,CONAGRA BRANDS INC.
2013-06-28,CAH,CAH,721371.0,5122.0,Wholesale,16099158121.826328,2012-06-30,0.38784636766407915,6.0,9.0,97,62.93436293436293,59.26640926640927,True,41,61.46718146718146,80,False,False,259,CARDINAL HEALTH INC
2013-06-28,CAT,CAT,18230.0,3531.0,Machinery & computers,54034948788.23545,2012-12-31,0.32538200542956697,5.0,9.0,122,53.28185328185329,32.818532818532816,False,122,45.0965250965251,159,False,False,259,CATERPILLAR INC
2013-06-28,CF,CF,1324404.0,2870.0,Chemicals (other),10805229835.157833,2012-12-31,0.5462354887441213,8.0,9.0,46,82.62548262548263,92.85714285714286,True,2,86.71814671814673,4,True,True,259,"CF Industries Holdings, Inc."
2013-06-28,CHRW,CHRW,1043277.0,4731.0,Transportation,9068947695.193932,2012-12-31,0.1658816491793462,6.75,8.0,212,18.53281853281853,70.27027027027027,False,212,39.22779922779923,183,False,False,259,"C. H. ROBINSON WORLDWIDE, INC."
2013-06-28,CL,CL,21665.0,2844.0,Chemicals (other),53588690002.758255,2012-12-31,0.04084817150572873,6.0,9.0,249,4.247104247104247,59.26640926640927,False,249,26.25482625482626,232,False,False,259,COLGATE PALMOLIVE CO
2013-06-28,CLF,CLF,764065.0,1000.0,Mining (metals/coal),2315729000.0,2012-12-31,2.000536332187402,3.0,9.0,1,100.0,2.7027027027027026,True,97,61.08108108108108,82,False,False,259,CLEVELAND-CLIFFS INC.
2013-06-28,CLX,CLX,21076.0,2842.0,Chemicals (other),10776075206.870132,2012-06-30,-0.01252775221111418,7.0,9.0,254,2.3166023166023164,79.34362934362935,False,254,33.12741312741313,205,False,False,259,CLOROX CO /DE/
2013-06-28,CMCSA,CMCSA,1166691.0,4841.0,Communications,111806504341.69768,2012-12-31,0.4414412228573085,7.875,8.0,82,68.72586872586872,86.87258687258688,True,11,75.98455598455598,24,True,False,259,COMCAST CORP
2013-06-28,CMI,CMI,26172.0,3510.0,Machinery & computers,20590569979.531868,2012-12-31,0.32068077797573047,6.0,9.0,128,50.965250965250966,59.26640926640927,False,128,54.28571428571429,106,False,False,259,CUMMINS INC
2013-06-28,CMS,CMS,811156.0,4931.0,Utilities,7225465952.259264,2012-12-31,0.44204761618194294,4.5,8.0,81,69.1119691119691,17.953667953667953,True,82,48.648648648648646,141,False,False,259,CMS ENERGY CORP
2013-06-28,CNP,CNP,1130310.0,4911.0,Utilities,10046009051.223707,2012-12-31,0.4281302135076311,4.5,8.0,86,67.18146718146718,17.953667953667953,True,83,47.490347490347496,149,False,False,259,CENTERPOINT ENERGY INC
2013-06-28,CNX,CNX,1070412.0,1311.0,Oil & gas extraction,6182402894.996727,2012-12-31,0.6395235100578306,4.5,8.0,30,88.8030888030888,17.953667953667953,True,74,60.463320463320464,85,False,False,259,CNX Resources Corp
2013-06-28,COP,COP,1163165.0,2911.0,Petroleum refining,73870068877.0,2012-12-31,0.6496135813803351,5.625,8.0,28,89.57528957528957,46.91119691119691,True,47,72.50965250965251,35,False,False,259,CONOCOPHILLIPS
2013-06-28,COST,COST,909832.0,5331.0,Retail,47813163454.06455,2012-09-02,0.25852713158951635,5.0,9.0,162,37.83783783783784,32.818532818532816,False,162,35.83011583011583,196,False,False,259,COSTCO WHOLESALE CORP /NEW
2013-06-28,CPB,CPB,16732.0,2000.0,Food & beverage mfg,14043798186.86142,2012-07-29,0.06394281575764296,5.0,9.0,241,7.335907335907336,32.818532818532816,False,241,17.52895752895753,247,False,False,259,CAMPBELL'S Co
2013-06-28,CRM,CRM,1108524.0,7372.0,Business services & software,22358208178.710938,2013-01-31,0.10365915647063374,2.25,8.0,230,11.583011583011583,0.9652509652509652,False,230,7.3359073359073355,257,False,False,259,"Salesforce, Inc."
2013-06-28,CSCO,CSCO,858877.0,3576.0,Machinery & computers,128760099104.57933,2012-07-28,0.39830662104683034,7.0,9.0,96,63.32046332046332,79.34362934362935,True,18,69.72972972972973,44,True,False,259,"CISCO SYSTEMS, INC."
2013-06-28,CSX,CSX,277948.0,4011.0,Transportation,23672273908.11045,2012-12-28,0.3802761000038864,5.625,8.0,98,62.54826254826254,46.91119691119691,True,53,56.29343629343629,99,False,False,259,CSX CORP
2013-06-28,CTAS,CTAS,723254.0,2320.0,Other manufacturing,5762170076.861549,2012-05-31,0.37123774055019065,7.0,9.0,103,60.61776061776062,79.34362934362935,False,103,68.10810810810811,49,False,False,259,CINTAS CORP
2013-06-28,CTL,LUMN,18926.0,4813.0,Communications,22122834318.07022,2012-12-31,0.8719045544830796,4.0,9.0,11,96.13899613899613,10.038610038610038,True,85,61.6988416988417,77,False,False,259,"Lumen Technologies, Inc."
2013-06-28,CVS,CVS,64803.0,5912.0,Retail,70399690221.01068,2012-12-31,0.5355705384730131,7.0,9.0,50,81.08108108108108,79.34362934362935,True,14,80.38610038610038,15,True,True,259,CVS HEALTH Corp
2013-06-28,CVX,CVX,93410.0,2911.0,Petroleum refining,229898848999.20822,2012-12-31,0.5938437734434686,5.625,8.0,39,85.32818532818533,46.91119691119691,True,48,69.96138996138995,43,False,False,259,CHEVRON CORP
2013-06-28,D,D,715957.0,4911.0,Utilities,32745913057.54426,2012-12-31,0.3227272967294849,4.5,8.0,124,52.509652509652504,17.953667953667953,False,124,38.687258687258684,186,False,False,259,"DOMINION ENERGY, INC"
2013-06-28,DD,DD,30554.0,2820.0,Chemicals & pharma,30056045727.501835,2012-12-31,0.33563962776278633,4.5,8.0,120,54.054054054054056,17.953667953667953,False,120,39.61389961389962,182,False,False,259,DUPONT E I DE NEMOURS & CO
2013-06-28,DE,DE,315189.0,3523.0,Machinery & computers,31514459437.5,2012-10-31,0.21710986392038126,4.5,8.0,178,31.66023166023166,17.953667953667953,False,178,26.177606177606176,233,False,False,259,DEERE & CO
2013-06-28,DG,DG,29534.0,5331.0,Retail,16495216577.740356,2013-02-01,0.30222882958248065,8.0,9.0,140,46.33204633204633,92.85714285714286,False,140,64.94208494208495,59,False,False,259,DOLLAR GENERAL CORP
2013-06-28,DGX,DGX,1022079.0,8071.0,Health services,9592700031.754044,2012-12-31,0.43398073391426367,7.0,9.0,85,67.56756756756756,79.34362934362935,True,17,72.27799227799228,36,True,False,259,QUEST DIAGNOSTICS INC
2013-06-28,DHR,DHR,313616.0,3823.0,Instruments & medical devices,43692583086.44162,2012-12-31,0.43523405247928837,6.0,9.0,83,68.33976833976834,59.26640926640927,True,39,64.71042471042472,64,False,False,259,DANAHER CORP /DE/
2013-06-28,DIS,DIS,1001039.0,4841.0,Communications,111909515781.8938,2012-09-29,0.35527809875871824,6.75,8.0,109,58.301158301158296,70.27027027027027,False,109,63.08880308880309,71,False,False,259,WALT DISNEY CO/
2013-06-28,DISCA,WBD,1437107.0,4841.0,Communications,29042240129.08936,2012-12-31,0.21661552180676288,5.0,9.0,179,31.27413127413127,32.818532818532816,False,179,31.89189189189189,212,False,False,259,"Warner Bros. Discovery, Inc."
2013-06-28,DLTR,DLTR,935703.0,5331.0,Retail,11418200322.629848,2013-02-02,0.14602126017140907,9.0,9.0,219,15.83011583011583,98.84169884169884,False,219,49.03474903474904,137,False,False,259,"DOLLAR TREE, INC."
2013-06-28,DOV,DOV,29905.0,3530.0,Machinery & computers,13565604718.426037,2012-12-31,0.3626251908489015,5.0,9.0,106,59.45945945945946,32.818532818532816,False,106,48.803088803088805,140,False,False,259,DOVER Corp
2013-06-28,DRI,DRI,940944.0,5812.0,Retail,6513283108.464689,2012-05-27,0.28280668432884937,6.0,9.0,148,43.24324324324324,59.26640926640927,False,148,49.65250965250965,131,False,False,259,DARDEN RESTAURANTS INC
2013-06-28,DTE,DTE,936340.0,4911.0,Utilities,11562303085.155262,2012-12-31,0.6376757247841158,4.5,8.0,31,88.41698841698842,17.953667953667953,True,75,60.231660231660236,87,False,False,259,DTE ENERGY CO
2013-06-28,DUK,DUK,1326160.0,4931.0,Utilities,47564133255.0,2012-12-31,0.859113731368256,4.5,8.0,12,95.75289575289575,17.953667953667953,True,68,64.63320463320463,65,False,False,259,Duke Energy CORP
2013-06-28,DVN,DVN,1090012.0,1311.0,Oil & gas extraction,21063280433.654785,2012-12-31,1.010194023054554,3.375,8.0,7,97.68339768339769,5.598455598455598,True,92,60.849420849420845,83,False,False,259,DEVON ENERGY CORP/DE
2013-06-28,EBAY,EBAY,1065088.0,7389.0,Business services & software,67055618903.90947,2012-12-31,0.3111596066229661,4.0,9.0,135,48.26254826254826,10.038610038610038,False,135,32.97297297297297,208,False,False,259,EBAY INC
2013-06-28,ECL,ECL,31462.0,2840.0,Chemicals (other),25127205584.26465,2012-12-31,0.24184941614859018,4.0,9.0,170,34.74903474903475,10.038610038610038,False,170,24.864864864864863,237,False,False,259,ECOLAB INC.
2013-06-28,EFX,EFX,33185.0,7320.0,Business services & software,7098244057.659073,2012-12-31,0.27234904636930013,6.0,9.0,154,40.92664092664093,59.26640926640927,False,154,48.262548262548265,145,False,False,259,EQUIFAX INC
2013-06-28,EIX,EIX,827052.0,4911.0,Utilities,15691067631.245155,2012-12-31,0.7132083210014145,4.5,8.0,20,92.66409266409266,17.953667953667953,True,70,62.77992277992278,73,False,False,259,EDISON INTERNATIONAL
2013-06-28,EL,EL,1001250.0,2844.0,Chemicals (other),25564797695.159912,2012-06-30,0.10691263950496532,7.0,9.0,228,12.355212355212355,79.34362934362935,False,228,39.15057915057915,184,False,False,259,ESTEE LAUDER COMPANIES INC
2013-06-28,EMN,EMN,915389.0,2821.0,Chemicals & pharma,10778414102.3441,2012-12-31,0.2730457349342287,4.0,9.0,152,41.6988416988417,10.038610038610038,False,152,29.034749034749034,226,False,False,259,EASTMAN CHEMICAL CO
2013-06-28,EMR,EMR,32604.0,3600.0,Electronics & semis,39494560539.26937,2012-09-30,0.26066880753777977,6.0,9.0,161,38.22393822393823,59.26640926640927,False,161,46.640926640926644,152,False,False,259,EMERSON ELECTRIC CO
2013-06-28,EOG,EOG,821189.0,1311.0,Oil & gas extraction,35783578446.46912,2012-12-31,0.37125308805751517,4.5,8.0,102,61.003861003861005,17.953667953667953,False,102,43.78378378378378,165,False,False,259,EOG RESOURCES INC
2013-06-28,ES,ES,72741.0,4911.0,Utilities,13208494291.312641,2012-12-31,0.6993264937151314,5.625,8.0,22,91.8918918918919,46.91119691119691,True,45,73.8996138996139,30,False,False,259,EVERSOURCE ENERGY
2013-06-28,ETN,ETN,1551182.0,3590.0,Machinery & computers,31003089849.853516,2012-12-31,0.48659666094769194,3.0,9.0,69,73.74517374517374,2.7027027027027026,True,100,45.32818532818533,158,False,False,259,Eaton Corp plc
2013-06-28,ETR,ETR,65984.0,4911.0,Utilities,12409486917.629524,2012-12-31,0.7411337036774797,4.5,8.0,18,93.43629343629344,17.953667953667953,True,69,63.24324324324325,69,False,False,259,ENTERGY CORP /DE/
2013-06-28,EW,EW,1099800.0,3842.0,Instruments & medical devices,7667564087.02216,2012-12-31,0.1929295905728143,9.0,8.0,195,25.096525096525095,98.84169884169884,False,195,54.5945945945946,104,False,False,259,Edwards Lifesciences Corp
2013-06-28,EXC,EXC,1109357.0,4911.0,Utilities,20484834382.11911,2012-12-31,1.0461885900677226,6.75,8.0,4,98.84169884169884,70.27027027027027,True,19,87.41312741312741,3,True,True,259,EXELON CORP
2013-06-28,EXPD,EXPD,746515.0,4731.0,Transportation,7855164784.7341,2012-12-31,0.25813576870349997,4.5,8.0,163,37.45173745173745,17.953667953667953,False,163,29.65250965250965,221,False,False,259,EXPEDITORS INTERNATIONAL OF WASHINGTON INC
2013-06-28,EXPE,EXPE,1324424.0,4700.0,Transportation,8072310654.777527,2012-12-31,0.282479093969265,6.0,9.0,149,42.857142857142854,59.26640926640927,False,149,49.42084942084942,133,False,False,259,"Expedia Group, Inc."
2013-06-28,FAST,FAST,815556.0,5200.0,Retail,13582922736.90757,2012-12-31,0.1148766013194041,3.375,8.0,226,13.127413127413126,5.598455598455598,False,226,10.115830115830114,253,False,False,259,FASTENAL CO
2013-06-28,FDX,FDX,1048911.0,4513.0,Transportation,31210402655.114616,2012-05-31,0.47186190331275996,6.75,8.0,73,72.2007722007722,70.27027027027027,True,26,71.42857142857144,39,False,False,259,FEDEX CORP
2013-06-28,FE,FE,1031296.0,4911.0,Utilities,15616201821.394764,2012-12-31,0.8378477782013835,5.625,8.0,13,95.36679536679536,46.91119691119691,True,42,75.98455598455598,23,False,False,259,FIRSTENERGY CORP
2013-06-28,FFIV,FFIV,1048695.0,3576.0,Machinery & computers,5438665284.442566,2012-09-30,0.2444349726398462,6.75,8.0,167,35.907335907335906,70.27027027027027,False,167,49.65250965250965,132,False,False,259,"F5, INC."
2013-06-28,FIS,FIS,1136893.0,7389.0,Business services & software,12615921871.135502,2012-12-31,0.5263903873084371,8.0,9.0,54,79.53667953667953,92.85714285714286,True,3,84.86486486486487,5,True,True,259,"Fidelity National Information Services, Inc."
2013-06-28,FISV,FISV,798354.0,7389.0,Business services & software,11669543958.794525,2012-12-31,0.29281349914491256,8.0,9.0,144,44.78764478764479,92.85714285714286,False,144,64.01544401544402,67,False,False,259,FISERV INC
2013-06-28,FLR,FLR,1124198.0,1600.0,Construction,9638362454.821072,2012-12-31,0.34666625328337775,7.0,9.0,113,56.75675675675676,79.34362934362935,False,113,65.7915057915058,55,False,False,259,FLUOR CORP
2013-06-28,FLS,FLS,30625.0,3561.0,Machinery & computers,7797367989.411472,2012-12-31,0.24241756995012229,6.0,9.0,169,35.13513513513514,59.26640926640927,False,169,44.787644787644794,161,False,False,259,FLOWSERVE CORP
2013-06-28,FMC,FMC,37785.0,2800.0,Chemicals & pharma,8406153009.166689,2012-12-31,0.1760971990856902,5.0,9.0,209,19.69111969111969,32.818532818532816,False,209,24.942084942084943,236,False,False,259,FMC CORP
2013-06-28,FOSL,FOSL,883569.0,3873.0,Instruments & medical devices,6130804630.507751,2012-12-29,0.2012027905540743,6.0,9.0,189,27.413127413127413,59.26640926640927,False,189,40.15444015444015,181,False,False,259,"Fossil Group, Inc."
2013-06-28,FSLR,FSLR,1274494.0,3674.0,Electronics & semis,3905483646.4612617,2012-12-31,0.9231957745532869,3.0,9.0,8,97.2972972972973,2.7027027027027026,True,98,59.45945945945946,88,False,False,259,"FIRST SOLAR, INC."
2013-06-28,FTI,FTI,1135152.0,3533.0,Machinery & computers,13222825855.15573,2012-12-31,0.13891886803332376,6.0,9.0,220,15.444015444015443,59.26640926640927,False,220,32.972972972972975,207,False,False,259,FMC TECHNOLOGIES INC
2013-06-28,GD,GD,40533.0,3730.0,Transport equipment,27606853315.66223,2012-12-31,0.41257871260315265,4.0,9.0,91,65.25096525096525,10.038610038610038,True,90,43.166023166023166,168,False,False,259,GENERAL DYNAMICS CORP
2013-06-28,GE,GE,40545.0,3600.0,Electronics & semis,241135897362.68063,2012-12-31,0.5101936349815335,6.75,8.0,63,76.06177606177607,70.27027027027027,True,25,73.74517374517376,31,False,False,259,GENERAL ELECTRIC CO
2013-06-28,GHC,GHC,104889.0,8200.0,Services (professional),3560547314.5507812,2012-12-31,0.7263006980504816,6.75,8.0,19,93.05019305019306,70.27027027027027,True,22,83.93822393822396,8,False,True,259,Graham Holdings Co
2013-06-28,GILD,GILD,882095.0,2836.0,Chemicals & pharma,78053065094.75598,2012-12-31,0.11927448318266591,4.0,9.0,225,13.513513513513514,10.038610038610038,False,225,12.123552123552123,251,False,False,259,"GILEAD SCIENCES, INC."
2013-06-28,GIS,GIS,40704.0,2040.0,Food & beverage mfg,31475982370.416412,2012-05-27,0.2040190493319,5.0,9.0,187,28.185328185328185,32.818532818532816,False,187,30.038610038610038,218,False,False,259,GENERAL MILLS INC
2013-06-28,GLW,GLW,24741.0,3357.0,Other manufacturing,20952234093.459324,2012-12-31,1.0254753695553307,5.0,9.0,6,98.06949806949807,32.818532818532816,True,54,71.96911196911196,37,False,False,259,CORNING INC /NY
2013-06-28,GM,GM,1467858.0,3711.0,Transport equipment,45516228066.2843,2012-12-31,0.7962874240637569,5.625,8.0,14,94.98069498069498,46.91119691119691,True,43,75.75289575289575,26,False,False,259,General Motors Co
2013-06-28,GME,GME,1326380.0,5734.0,Retail,4952658536.43689,2013-02-02,0.46163085607045334,4.5,8.0,80,69.4980694980695,17.953667953667953,True,81,48.88030888030888,139,False,False,259,GameStop Corp.
2013-06-28,GPC,GPC,40987.0,5013.0,Wholesale,12090545727.648033,2012-12-31,0.247952992985634,7.0,9.0,166,36.293436293436294,79.34362934362935,False,166,53.513513513513516,111,False,False,259,GENUINE PARTS CO
2013-06-28,GPS,GAP,39911.0,5651.0,Retail,19417267698.989285,2013-02-02,0.14904259676816628,8.0,9.0,218,16.216216216216218,92.85714285714286,False,218,46.87258687258688,150,False,False,259,GAP INC
2013-06-28,GRMN,GRMN,1121788.0,3812.0,Instruments & medical devices,7526159828.058868,2012-12-29,0.4692693326592446,5.625,8.0,75,71.42857142857143,46.91119691119691,True,51,61.621621621621614,79,False,False,259,GARMIN LTD
2013-06-28,GT,GT,42582.0,3011.0,Other manufacturing,3754636693.206543,2012-12-31,0.09854482077306174,5.0,9.0,231,11.196911196911197,32.818532818532816,False,231,19.845559845559848,244,False,False,259,GOODYEAR TIRE & RUBBER CO /OH/
2013-06-28,GWW,GWW,277135.0,5000.0,Wholesale,17532218846.000977,2012-12-31,0.1724774272190734,6.0,9.0,210,19.305019305019304,59.26640926640927,False,210,35.28957528957529,198,False,False,259,"W.W. GRAINGER, INC."
2013-06-28,HAL,HAL,45012.0,1389.0,Oil & gas extraction,38875244170.10718,2012-12-31,0.40552799954173346,4.0,9.0,93,64.47876447876449,10.038610038610038,True,91,42.70270270270271,170,False,False,259,HALLIBURTON CO
2013-06-28,HAS,HAS,46080.0,3944.0,Other manufacturing,5771607249.567856,2012-12-30,0.2611714440744151,6.0,9.0,160,38.61003861003861,59.26640926640927,False,160,46.87258687258687,151,False,False,259,"HASBRO, INC."
2013-06-28,HD,HD,354950.0,5211.0,Retail,115083041376.32584,2013-02-03,0.1544710653055175,8.0,9.0,215,17.374517374517374,92.85714285714286,False,215,47.56756756756757,148,False,False,259,"HOME DEPOT, INC."
2013-06-28,HOG,HOG,793952.0,3751.0,Transport equipment,12403012541.634048,2012-12-31,0.2062099019423424,8.0,9.0,185,28.957528957528954,92.85714285714286,False,185,54.51737451737452,105,False,False,259,"HARLEY-DAVIDSON, INC."
2013-06-28,HON,HON,773840.0,3724.0,Transport equipment,62185732909.76846,2012-12-31,0.20864914495462702,7.0,9.0,184,29.343629343629345,79.34362934362935,False,184,49.343629343629345,134,False,False,259,HONEYWELL INTERNATIONAL INC
2013-06-28,HP,HP,46765.0,1381.0,Oil & gas extraction,6602723485.314182,2012-09-30,0.5808206278106036,9.0,8.0,40,84.94208494208493,98.84169884169884,True,1,90.5019305019305,2,True,True,259,"Helmerich & Payne, Inc."
2013-06-28,HPQ,HPQ,47217.0,3570.0,Machinery & computers,48314074548.25887,2012-10-31,0.4643781384571412,5.0,9.0,78,70.27027027027027,32.818532818532816,True,62,55.28957528957529,102,False,False,259,HP INC
2013-06-28,HRB,HRB,12659.0,7200.0,Services (hotels/personal),7567451834.25,2013-04-30,0.16697126426113928,8.0,9.0,211,18.91891891891892,92.85714285714286,False,211,48.49420849420849,143,False,False,259,H&R BLOCK INC
2013-06-28,HRL,HRL,48465.0,2011.0,Food & beverage mfg,10164518762.420654,2012-10-28,0.27738204492512086,7.0,9.0,150,42.471042471042466,79.34362934362935,False,150,57.220077220077215,96,False,False,259,HORMEL FOODS CORP /DE/
2013-06-28,HRS,LHX,202058.0,3812.0,Instruments & medical devices,5577054683.25,2012-06-29,0.3476566234545357,8.0,9.0,112,57.14285714285714,92.85714285714286,False,112,71.42857142857143,40,False,False,259,"L3HARRIS TECHNOLOGIES, INC. /DE/"
2013-06-28,HSY,HSY,47111.0,2060.0,Food & beverage mfg,20006540297.33557,2012-12-31,0.051820503924812626,8.0,9.0,245,5.7915057915057915,92.85714285714286,False,245,40.617760617760624,179,False,False,259,HERSHEY CO
2013-06-28,IBM,IBM,51143.0,3570.0,Machinery & computers,212993969580.3956,2012-12-31,0.08854710786955497,6.0,9.0,235,9.652509652509652,59.26640926640927,False,235,29.4980694980695,222,False,False,259,INTERNATIONAL BUSINESS MACHINES CORP
2013-06-28,IFF,IFF,51253.0,2860.0,Chemicals (other),6124799822.105835,2012-12-31,0.2038936840829899,5.0,9.0,188,27.7992277992278,32.818532818532816,False,188,29.806949806949806,219,False,False,259,INTERNATIONAL FLAVORS & FRAGRANCES INC
2013-06-28,INTC,INTC,50863.0,3674.0,Electronics & semis,119841577735.90088,2012-12-29,0.42725572349220786,5.0,9.0,87,66.79536679536679,32.818532818532816,True,63,53.2046332046332,115,False,False,259,INTEL CORP
2013-06-28,INTU,INTU,896878.0,7372.0,Business services & software,18029470648.500595,2012-07-31,0.15219526149694262,7.0,9.0,217,16.602316602316602,79.34362934362935,False,217,41.6988416988417,174,False,False,259,INTUIT INC.
2013-06-28,IP,IP,51434.0,2621.0,Other manufacturing,19549917304.374775,2012-12-31,0.3224566069437708,5.0,9.0,125,52.123552123552116,32.818532818532816,False,125,44.4015444015444,163,False,False,259,INTERNATIONAL PAPER CO /NEW/
2013-06-28,IR,TT,1466258.0,3822.0,Instruments & medical devices,16451541627.620218,2012-12-31,0.43447599998772624,8.0,9.0,84,67.95366795366795,92.85714285714286,True,6,77.91505791505791,21,True,False,259,Trane Technologies plc
2013-06-28,ISRG,ISRG,1035267.0,3842.0,Instruments & medical devices,20309500116.46534,2012-12-31,0.17627711068563118,5.625,8.0,208,20.077220077220076,46.91119691119691,False,208,30.810810810810807,215,False,False,259,INTUITIVE SURGICAL INC
2013-06-28,ITW,ITW,49826.0,3560.0,Machinery & computers,31225812283.506393,2012-12-31,0.33850200289531357,6.0,9.0,119,54.440154440154444,59.26640926640927,False,119,56.37065637065638,98,False,False,259,ILLINOIS TOOL WORKS INC
2013-06-28,JBL,JBL,898293.0,3672.0,Electronics & semis,4189280202.908518,2012-08-31,0.5024865604689104,6.0,9.0,64,75.67567567567568,59.26640926640927,True,35,69.11196911196912,47,False,False,259,JABIL INC
2013-06-28,JCI,JCI,53669.0,2531.0,Other manufacturing,22531135361.399273,2012-09-30,0.5128458825823853,4.5,8.0,60,77.22007722007721,17.953667953667953,True,79,53.51351351351351,112,False,False,259,JOHNSON CONTROLS INC
2013-06-28,JEC,J,52988.0,1600.0,Construction,7171121238.06909,2012-09-28,0.5190921860641029,3.375,8.0,57,78.37837837837837,5.598455598455598,True,94,49.26640926640926,135,False,False,259,JACOBS SOLUTIONS INC.
2013-06-28,JNJ,JNJ,200406.0,2834.0,Chemicals & pharma,240006101091.74738,2012-12-30,0.2701014670257024,5.0,9.0,155,40.54054054054054,32.818532818532816,False,155,37.45173745173745,190,False,False,259,JOHNSON & JOHNSON
2013-06-28,KDP,KDP,1418135.0,2080.0,Food & beverage mfg,9352837526.113686,2012-12-31,0.2437762864621675,5.0,9.0,168,35.521235521235525,32.818532818532816,False,168,34.440154440154444,202,False,False,259,Keurig Dr Pepper Inc.
2013-06-28,KLAC,KLAC,319201.0,3827.0,Instruments & medical devices,9279954214.45488,2012-06-30,0.3572857067371602,5.625,8.0,108,58.68725868725869,46.91119691119691,False,108,53.97683397683397,110,False,False,259,KLA CORP
2013-06-28,KMB,KMB,55785.0,2670.0,Other manufacturing,37653586785.42977,2012-12-31,0.13239110601619947,8.0,9.0,222,14.671814671814673,92.85714285714286,False,222,45.94594594594595,155,False,False,259,KIMBERLY CLARK CORP
2013-06-28,KMX,KMX,1170010.0,5500.0,Retail,10362397526.865746,2013-02-28,0.29135795960080196,3.0,9.0,146,44.01544401544402,2.7027027027027026,False,146,27.490347490347492,229,False,False,259,CARMAX INC
2013-06-28,KO,KO,21344.0,2080.0,Food & beverage mfg,178758961539.7248,2012-12-31,0.18343136320308745,6.0,9.0,201,22.779922779922778,59.26640926640927,False,201,37.374517374517374,191,False,False,259,COCA COLA CO
2013-06-28,KR,KR,56873.0,5411.0,Retail,17990609360.36434,2013-02-02,0.233844219266334,7.0,9.0,173,33.59073359073359,79.34362934362935,False,173,51.891891891891895,121,False,False,259,KROGER CO
2013-06-28,KSS,KSS,885639.0,5311.0,Retail,11213750992.562714,2013-02-02,0.5393378187201776,5.0,9.0,48,81.85328185328186,32.818532818532816,True,60,62.23938223938224,75,False,False,259,KOHLS Corp
2013-06-28,LB,BBWI,701985.0,5990.0,Retail,14193537372.233862,2013-02-02,-0.07151141913259734,6.0,9.0,257,1.1583011583011582,59.26640926640927,False,257,24.401544401544406,238,False,False,259,"Bath & Body Works, Inc."
2013-06-28,LDOS,LDOS,1336920.0,7373.0,Business services & software,4762911703.5622,2013-01-31,0.5496637693371448,5.0,9.0,45,83.01158301158301,32.818532818532816,True,59,62.93436293436294,72,False,False,259,"Leidos Holdings, Inc."
2013-06-28,LH,LH,920148.0,8071.0,Health services,9319310346.624756,2012-12-31,0.29158810029158233,7.0,9.0,145,44.4015444015444,79.34362934362935,False,145,58.37837837837838,92,False,False,259,LABCORP HOLDINGS INC.
2013-06-28,LLY,LLY,59478.0,2834.0,Chemicals & pharma,55722304537.757515,2012-12-31,0.2651344039439213,5.0,9.0,158,39.38223938223938,32.818532818532816,False,158,36.75675675675676,193,False,False,259,ELI LILLY & Co
2013-06-28,LMT,LMT,936468.0,3760.0,Transport equipment,34987388110.30614,2012-12-31,0.0011146873804081384,5.0,9.0,252,3.088803088803089,32.818532818532816,False,252,14.980694980694981,249,False,False,259,LOCKHEED MARTIN CORP
2013-06-28,LOW,LOW,60667.0,5211.0,Retail,44520134608.13721,2013-02-01,0.3112524281871168,6.0,9.0,134,48.64864864864865,59.26640926640927,False,134,52.8957528957529,116,False,False,259,LOWES COMPANIES INC
2013-06-28,LRCX,LRCX,707549.0,3559.0,Machinery & computers,8083464118.897743,2012-06-24,0.6348492335115068,4.0,9.0,33,87.64478764478764,10.038610038610038,True,86,56.6023166023166,97,False,False,259,LAM RESEARCH CORP
2013-06-28,LUV,LUV,92380.0,4512.0,Transportation,9385165153.282124,2012-12-31,0.745005536482733,6.75,8.0,17,93.82239382239382,70.27027027027027,True,21,84.40154440154441,7,False,True,259,SOUTHWEST AIRLINES CO
2013-06-28,M,M,794367.0,5311.0,Retail,18686781552.0,2013-02-02,0.3238117801699446,5.0,9.0,123,52.8957528957529,32.818532818532816,False,123,44.86486486486487,160,False,False,259,"Macy's, Inc."
2013-06-28,MAR,MAR,1048286.0,7011.0,Services (hotels/personal),12609362149.019684,2012-12-28,-0.10190840621544861,7.875,8.0,259,0.3861003861003861,86.87258687258688,False,259,34.980694980694985,199,False,False,259,MARRIOTT INTERNATIONAL INC /MD/
2013-06-28,MAS,MAS,62996.0,3430.0,Other manufacturing,6949496489.292909,2012-12-31,0.046334292059303214,7.0,9.0,247,5.019305019305019,79.34362934362935,False,247,34.74903474903475,200,False,False,259,MASCO CORP /DE/
2013-06-28,MAT,MAT,63276.0,3942.0,Other manufacturing,15609851789.295616,2012-12-31,0.1964813017701559,5.0,9.0,190,27.027027027027028,32.818532818532816,False,190,29.343629343629345,223,False,False,259,MATTEL INC /DE/
2013-06-28,MCD,MCD,63908.0,5812.0,Retail,99276385131.0,2012-12-31,0.15405073401715175,5.625,8.0,216,16.988416988416986,46.91119691119691,False,216,28.957528957528957,227,False,False,259,MCDONALDS CORP
2013-06-28,MCHP,MCHP,827054.0,3674.0,Electronics & semis,7343500648.25,2013-03-31,0.2632899610978801,4.5,8.0,159,38.996138996138995,17.953667953667953,False,159,30.57915057915058,216,False,False,259,MICROCHIP TECHNOLOGY INC
2013-06-28,MCK,MCK,927653.0,5122.0,Wholesale,25946970034.0,2013-03-31,0.2724788285775071,5.0,9.0,153,41.312741312741316,32.818532818532816,False,153,37.915057915057915,187,False,False,259,MCKESSON CORP
2013-06-28,MCO,MCO,1059556.0,7320.0,Business services & software,13623948068.237305,2012-12-31,0.028273742535620074,6.75,8.0,251,3.474903474903475,70.27027027027027,False,251,30.193050193050198,217,False,False,259,MOODYS CORP /DE/
2013-06-28,MDLZ,MDLZ,1103982.0,2000.0,Food & beverage mfg,50734544708.72315,2012-12-31,0.6349716979811794,6.0,9.0,32,88.03088803088804,59.26640926640927,True,30,76.52509652509653,22,False,False,259,"Mondelez International, Inc."
2013-06-28,MDT,MDT,64670.0,3845.0,Instruments & medical devices,51851528420.861725,2013-04-26,0.36008581749902646,5.0,9.0,107,59.07335907335908,32.818532818532816,False,107,48.57142857142858,142,False,False,259,MEDTRONIC INC
2013-06-28,MKC,MKC,63754.0,2090.0,Food & beverage mfg,9336772080.993652,2012-11-30,0.1820971943248998,5.0,9.0,203,22.00772200772201,32.818532818532816,False,203,26.332046332046332,231,False,False,259,MCCORMICK & CO INC
2013-06-28,MMM,MMM,66740.0,3841.0,Instruments & medical devices,75450432657.58981,2012-12-31,0.23293438328921326,5.0,9.0,175,32.818532818532816,32.818532818532816,False,175,32.818532818532816,209,False,False,259,3M CO
2013-06-28,MNST,MNST,865752.0,2086.0,Food & beverage mfg,10070155598.430862,2012-12-31,0.06399076893115835,3.375,8.0,240,7.722007722007722,5.598455598455598,False,240,6.872586872586872,258,False,False,259,Monster Beverage Corp
2013-06-28,MO,MO,764180.0,2111.0,Other manufacturing,70324838955.86533,2012-12-31,0.04504809462824626,7.0,9.0,248,4.633204633204633,79.34362934362935,False,248,34.51737451737452,201,False,False,259,"ALTRIA GROUP, INC."
2013-06-28,MOS,MOS,1285785.0,2870.0,Chemicals (other),22878947414.946156,2012-05-31,0.5237609835219861,4.0,9.0,56,78.76447876447877,10.038610038610038,True,89,51.27413127413128,124,False,False,259,MOSAIC CO
2013-06-28,MPC,MPC,1510295.0,2911.0,Petroleum refining,23551693972.39514,2012-12-31,0.49652479408515143,7.875,8.0,66,74.9034749034749,86.87258687258688,True,9,79.6911196911197,17,True,True,259,Marathon Petroleum Corp
2013-06-28,MRK,MRK,310158.0,2834.0,Chemicals & pharma,140388966790.45044,2012-12-31,0.3776650061050705,5.0,9.0,99,62.16216216216216,32.818532818532816,True,66,50.424710424710426,126,False,False,259,"Merck & Co., Inc."
2013-06-28,MSFT,MSFT,789019.0,7372.0,Business services & software,289562525375.7288,2012-06-30,0.22918366219485445,4.0,9.0,177,32.04633204633205,10.038610038610038,False,177,23.243243243243242,240,False,False,259,MICROSOFT CORP
2013-06-28,MSI,MSI,68505.0,3663.0,Electronics & semis,15932517572.294857,2012-12-31,0.20492680991468207,6.0,9.0,186,28.57142857142857,59.26640926640927,False,186,40.84942084942085,177,False,False,259,"Motorola Solutions, Inc."
2013-06-28,MU,MU,723125.0,3674.0,Electronics & semis,14581642216.956293,2012-08-30,0.5280612351773409,3.0,9.0,53,79.92277992277992,2.7027027027027026,True,99,49.034749034749034,138,False,False,259,MICRON TECHNOLOGY INC
2013-06-28,MUR,MUR,717423.0,1311.0,Oil & gas extraction,11609665112.925467,2012-12-31,0.7702233365925865,6.75,8.0,16,94.20849420849422,70.27027027027027,True,20,84.63320463320464,6,True,True,259,MURPHY OIL CORP
2013-06-28,NBR,NBR,1163739.0,1381.0,Oil & gas extraction,4455774403.150001,2012-12-31,1.3342078081415534,6.0,9.0,2,99.61389961389962,59.26640926640927,True,28,83.47490347490348,10,False,True,259,NABORS INDUSTRIES LTD
2013-06-28,NEE,NEE,753308.0,4911.0,Utilities,34536709678.734406,2012-12-31,0.465244088086761,3.375,8.0,77,70.65637065637065,5.598455598455598,True,96,44.63320463320463,162,False,False,259,NEXTERA ENERGY INC
2013-06-28,NFLX,NFLX,1065280.0,7841.0,Services (other),11819661840.284485,2012-12-31,0.06300290228794538,3.375,8.0,242,6.94980694980695,5.598455598455598,False,242,6.409266409266409,259,False,False,259,NETFLIX INC
2013-06-28,NI,NI,1111711.0,4931.0,Utilities,8912426174.036798,2012-12-31,0.6232085283556669,6.0,9.0,35,86.87258687258688,59.26640926640927,True,31,75.83011583011583,25,False,False,259,NISOURCE INC.
2013-06-28,NKE,NKE,320187.0,3021.0,Other manufacturing,58059631497.4411,2012-05-31,0.17879893020777315,7.0,9.0,206,20.84942084942085,79.34362934362935,False,206,44.24710424710425,164,False,False,259,"NIKE, Inc."
2013-06-28,NOC,NOC,1133421.0,3812.0,Instruments & medical devices,19634075006.452652,2012-12-31,0.4845657356851935,8.0,9.0,70,73.35907335907336,92.85714285714286,True,4,81.15830115830116,14,True,True,259,NORTHROP GRUMMAN CORP /DE/
2013-06-28,NOV,NOV,1021860.0,3533.0,Machinery & computers,29395481242.365395,2012-12-31,0.6885071835745666,5.0,9.0,23,91.5057915057915,32.818532818532816,True,56,68.03088803088804,50,False,False,259,NOV Inc.
2013-06-28,NRG,NRG,1013871.0,4911.0,Utilities,8628529215.855999,2012-12-31,1.2207178925284623,6.0,9.0,3,99.22779922779922,59.26640926640927,True,29,83.24324324324324,11,False,True,259,"NRG ENERGY, INC."
2013-06-28,NSC,NSC,702165.0,4011.0,Transportation,22849615051.0139,2012-12-31,0.4271406751584168,5.625,8.0,88,66.40926640926641,46.91119691119691,True,52,58.6100386100386,91,False,False,259,NORFOLK SOUTHERN CORP
2013-06-28,NTAP,NTAP,1002047.0,3572.0,Machinery & computers,13642764600.91095,2013-04-26,0.34578768585400976,5.0,9.0,116,55.5984555984556,32.818532818532816,False,116,46.486486486486484,153,False,False,259,"NetApp, Inc."
2013-06-28,NUE,NUE,73309.0,3312.0,Other manufacturing,13761839627.532166,2012-12-31,0.5552724931274555,4.0,9.0,44,83.3976833976834,10.038610038610038,True,87,54.054054054054056,108,False,False,259,NUCOR CORP
2013-06-28,NVDA,NVDA,1045810.0,3674.0,Electronics & semis,8648361885.104456,2013-01-27,0.5582216683502821,6.75,8.0,42,84.16988416988417,70.27027027027027,True,24,78.61003861003861,20,False,True,259,NVIDIA CORP
2013-06-28,NWL,NWL,814453.0,3089.0,Other manufacturing,7518000000.0,2012-12-31,0.2655892524607608,9.0,9.0,157,39.768339768339764,98.84169884169884,False,157,63.3976833976834,68,False,False,259,NEWELL BRANDS INC.
2013-06-28,OI,OI,812074.0,3221.0,Other manufacturing,4559652070.255402,2012-12-31,0.19321649687859893,8.0,9.0,194,25.482625482625483,92.85714285714286,False,194,52.432432432432435,118,False,False,259,"O-I Glass, Inc. /DE/"
2013-06-28,OKE,OKE,1039684.0,4923.0,Utilities,8468304717.860931,2012-12-31,0.25147996806354095,6.0,9.0,165,36.67953667953668,59.26640926640927,False,165,45.71428571428572,156,False,False,259,ONEOK INC /NEW/
2013-06-28,OMC,OMC,29989.0,7311.0,Business services & software,16434576079.78859,2012-12-31,0.21058042405219854,5.625,8.0,183,29.72972972972973,46.91119691119691,False,183,36.602316602316606,194,False,False,259,OMNICOM GROUP INC.
2013-06-28,ORCL,ORCL,1341439.0,7372.0,Business services & software,142212078730.36957,2013-05-31,0.31395364162176026,7.875,8.0,130,50.19305019305019,86.87258687258688,False,130,64.86486486486487,61,False,False,259,ORACLE CORP
2013-06-28,OXY,OXY,797468.0,1311.0,Oil & gas extraction,71876119581.55473,2012-12-31,0.5567356756731361,4.5,8.0,43,83.78378378378379,17.953667953667953,True,77,57.45173745173746,95,False,False,259,OCCIDENTAL PETROLEUM CORP /DE/
2013-06-28,PBI,PBI,78814.0,3579.0,Machinery & computers,2955763774.806015,2012-12-31,0.03742890448248377,4.5,8.0,250,3.861003861003861,17.953667953667953,False,250,9.498069498069498,254,False,False,259,PITNEY BOWES INC /DE/
2013-06-28,PCG,PCG,1004980.0,4931.0,Utilities,19696747341.722813,2012-12-31,0.6637644161838783,4.5,8.0,25,90.73359073359073,17.953667953667953,True,71,61.62162162162162,78,False,False,259,PG&E Corp
2013-06-28,PEG,PEG,788784.0,4931.0,Utilities,16524627917.35675,2012-12-31,0.6523596206772775,4.5,8.0,27,89.96138996138995,17.953667953667953,True,72,61.15830115830116,81,False,False,259,PUBLIC SERVICE ENTERPRISE GROUP INC
2013-06-28,PEP,PEP,77476.0,2080.0,Food & beverage mfg,126184200408.41977,2012-12-29,0.17765298609051694,5.0,9.0,207,20.463320463320464,32.818532818532816,False,207,25.405405405405403,234,False,False,259,PEPSICO INC
2013-06-28,PFE,PFE,78003.0,2834.0,Chemicals & pharma,201365626424.17554,2012-12-31,0.40354454453326744,8.0,9.0,95,63.7065637065637,92.85714285714286,True,7,75.36679536679537,27,True,False,259,PFIZER INC
2013-06-28,PG,PG,80424.0,2840.0,Chemicals (other),212051590642.87482,2012-06-30,0.30197839971803886,5.0,9.0,141,45.94594594594595,32.818532818532816,False,141,40.6949806949807,178,False,False,259,PROCTER & GAMBLE Co
2013-06-28,PH,PH,76334.0,3490.0,Other manufacturing,14256925487.43293,2012-06-30,0.3434481722104908,7.0,9.0,117,55.21235521235521,79.34362934362935,False,117,64.86486486486487,60,False,False,259,Parker-Hannifin Corp
2013-06-28,PKI,RVTY,31791.0,3826.0,Instruments & medical devices,3696350937.5,2012-12-30,0.5247910798513027,7.0,9.0,55,79.15057915057915,79.34362934362935,True,15,79.22779922779922,19,True,True,259,"REVVITY, INC."
2013-06-28,PM,PM,1413329.0,2111.0,Other manufacturing,142731481815.62747,2012-12-31,-0.024353421934553317,7.0,9.0,256,1.5444015444015444,79.34362934362935,False,256,32.664092664092664,210,False,False,259,Philip Morris International Inc.
2013-06-28,PNR,PNR,77360.0,3550.0,Machinery & computers,11892070617.846403,2012-12-31,0.535386999001273,5.625,8.0,51,80.6949806949807,46.91119691119691,True,50,67.18146718146718,52,False,False,259,PENTAIR plc
2013-06-28,PNW,PNW,764622.0,4931.0,Utilities,6088187142.7499695,2012-12-31,0.6525433444881797,5.625,8.0,26,90.34749034749035,46.91119691119691,True,46,72.97297297297297,33,False,False,259,PINNACLE WEST CAPITAL CORP
2013-06-28,PPG,PPG,79879.0,2851.0,Chemicals (other),20914105198.20822,2012-12-31,0.19427080247966289,6.75,8.0,193,25.868725868725868,70.27027027027027,False,193,43.62934362934363,166,False,False,259,PPG INDUSTRIES INC
2013-06-28,PPL,PPL,922224.0,4911.0,Utilities,17636947526.162373,2012-12-31,0.5942071316169724,4.5,8.0,38,85.71428571428571,17.953667953667953,True,76,58.61003861003861,90,False,False,259,PPL Corp
2013-06-28,PRGO,PRGO,820096.0,2834.0,Chemicals & pharma,11314083825.0,2012-06-30,0.16360467437141338,7.0,9.0,213,18.146718146718147,79.34362934362935,False,213,42.625482625482626,171,False,False,259,PERRIGO CO
2013-06-28,PSX,PSX,1534701.0,2911.0,Petroleum refining,36613131089.175156,2012-12-31,0.5674193761085412,5.625,8.0,41,84.55598455598455,46.91119691119691,True,49,69.4980694980695,46,False,False,259,Phillips 66
2013-06-28,PVH,PVH,78239.0,2320.0,Other manufacturing,10116987173.597992,2013-02-03,0.32149581137041816,7.0,9.0,127,51.35135135135135,79.34362934362935,False,127,62.54826254826254,74,False,False,259,PVH CORP. /DE/
2013-06-28,PWR,PWR,1050915.0,1731.0,Construction,5537299513.967056,2012-12-31,0.6802138823264687,6.75,8.0,24,91.11969111969111,70.27027027027027,True,23,82.77992277992277,12,False,True,259,"QUANTA SERVICES, INC."
2013-06-28,R,R,85961.0,7510.0,Services (other),3129316785.8090515,2012-12-31,0.4689480485500278,5.0,9.0,76,71.04247104247105,32.818532818532816,True,61,55.75289575289575,100,False,False,259,RYDER SYSTEM INC
2013-06-28,REGN,REGN,872589.0,2834.0,Chemicals & pharma,21292763262.3291,2012-12-31,0.05848865103400271,4.5,8.0,243,6.563706563706563,17.953667953667953,False,243,11.119691119691119,252,False,False,259,"REGENERON PHARMACEUTICALS, INC."
2013-06-28,RHI,RHI,315213.0,7363.0,Business services & software,4637270062.648754,2012-12-31,0.1815747171556908,8.0,9.0,204,21.62162162162162,92.85714285714286,False,204,50.11583011583012,129,False,False,259,ROBERT HALF INC.
2013-06-28,RL,RL,1037038.0,2320.0,Other manufacturing,15862462501.525879,2013-03-30,0.2385884284760921,7.0,9.0,172,33.97683397683397,79.34362934362935,False,172,52.12355212355212,120,False,False,259,RALPH LAUREN CORP
2013-06-28,ROK,ROK,1024478.0,3829.0,Instruments & medical devices,11582175116.972351,2012-09-30,0.15987497868915362,5.0,9.0,214,17.760617760617762,32.818532818532816,False,214,23.783783783783782,239,False,False,259,"ROCKWELL AUTOMATION, INC"
2013-06-28,ROP,ROP,882835.0,3823.0,Instruments & medical devices,12284289828.717041,2012-12-31,0.30019855045907384,6.0,9.0,142,45.559845559845556,59.26640926640927,False,142,51.04247104247104,125,False,False,259,ROPER TECHNOLOGIES INC
2013-06-28,ROST,ROST,745732.0,5651.0,Retail,14259423723.744507,2013-02-02,0.12390844358302187,8.0,9.0,223,14.285714285714285,92.85714285714286,False,223,45.714285714285715,157,False,False,259,"ROSS STORES, INC."
2013-06-28,RRC,RRC,315852.0,1311.0,Oil & gas extraction,12590983132.784409,2012-12-31,0.18722858851758933,5.625,8.0,196,24.71042471042471,46.91119691119691,False,196,33.59073359073359,203,False,False,259,RANGE RESOURCES CORP
2013-06-28,RSG,RSG,1060391.0,4953.0,Utilities,12306541308.708813,2012-12-31,0.6259516631654016,5.0,9.0,34,87.25868725868726,32.818532818532816,True,57,65.48262548262548,58,False,False,259,"REPUBLIC SERVICES, INC."
2013-06-28,SBUX,SBUX,829224.0,5810.0,Retail,48713237588.50098,2012-09-30,0.10487908939983917,6.0,9.0,229,11.96911196911197,59.26640926640927,False,229,30.88803088803089,214,False,False,259,STARBUCKS CORP
2013-06-28,SHW,SHW,89800.0,5200.0,Retail,18260810254.91629,2012-12-31,0.09812291869784909,8.0,9.0,232,10.81081081081081,92.85714285714286,False,232,43.62934362934363,167,False,False,259,SHERWIN WILLIAMS CO
2013-06-28,SJM,SJM,91419.0,2033.0,Food & beverage mfg,10931927830.563988,2013-04-30,0.47098737567629634,8.0,9.0,74,71.81467181467181,92.85714285714286,True,5,80.23166023166023,16,True,True,259,J M SMUCKER Co
2013-06-28,SLB,SLB,87347.0,1389.0,Oil & gas extraction,95182813557.39792,2012-12-31,0.36509742359154124,6.75,8.0,105,59.84555984555985,70.27027027027027,False,105,64.01544401544402,66,False,False,259,SLB LIMITED/NV
2013-06-28,SNA,SNA,91440.0,3420.0,Other manufacturing,5208302398.4726715,2012-12-29,0.3460052550958761,8.0,9.0,115,55.98455598455598,92.85714285714286,False,115,70.73359073359073,42,False,False,259,Snap-on Inc
2013-06-28,SO,SO,92122.0,4911.0,Utilities,38347639393.66991,2012-12-31,0.4955715736478166,4.5,8.0,67,74.5173745173745,17.953667953667953,True,80,51.89189189189189,122,False,False,259,SOUTHERN CO
2013-06-28,SPGI,SPGI,64040.0,7320.0,Business services & software,14935752483.096312,2012-12-31,0.0513532880829446,5.0,9.0,246,5.405405405405405,32.818532818532816,False,246,16.37065637065637,248,False,False,259,S&P Global Inc.
2013-06-28,SRE,SRE,1032208.0,4931.0,Utilities,19891456736.52523,2012-12-31,0.5169053295689457,4.5,8.0,58,77.99227799227799,17.953667953667953,True,78,53.97683397683398,109,False,False,259,SEMPRA
2013-06-28,STX,STX,1137789.0,3572.0,Machinery & computers,17809535254.169846,2012-06-29,0.1963554887925123,9.0,9.0,191,26.640926640926644,98.84169884169884,False,191,55.521235521235525,101,False,False,259,Seagate Technology Holdings plc
2013-06-28,SWK,SWK,93556.0,3420.0,Other manufacturing,12387373415.046082,2012-12-29,0.53821740708179,6.0,9.0,49,81.46718146718148,59.26640926640927,True,32,72.58687258687259,34,False,False,259,"STANLEY BLACK & DECKER, INC."
2013-06-28,SYK,SYK,310764.0,3841.0,Instruments & medical devices,24611527401.0831,2012-12-31,0.3493078613081797,7.0,9.0,110,57.91505791505791,79.34362934362935,False,110,66.48648648648648,54,False,False,259,STRYKER CORP
2013-06-28,SYMC,GEN,849399.0,7372.0,Business services & software,15660353626.865822,2013-03-29,0.3461607655334236,7.0,9.0,114,56.37065637065637,79.34362934362935,False,114,65.55984555984556,57,False,False,259,Gen Digital Inc.
2013-06-28,SYY,SYY,96021.0,5140.0,Wholesale,20038425036.651188,2012-06-30,0.2338028059306482,5.0,9.0,174,33.204633204633204,32.818532818532816,False,174,33.050193050193045,206,False,False,259,SYSCO CORP
2013-06-28,T,T,732717.0,4813.0,Communications,194416797150.75684,2012-12-31,0.47678493503892777,6.0,9.0,71,72.97297297297297,59.26640926640927,True,37,67.49034749034749,51,False,False,259,AT&T INC.
2013-06-28,TAP,TAP,24545.0,2082.0,Food & beverage mfg,8653088110.351562,2012-12-29,0.9207002053370188,5.0,9.0,9,96.91119691119691,32.818532818532816,True,55,71.27413127413126,41,False,False,259,MOLSON COORS BEVERAGE CO
2013-06-28,TDC,TDC,816761.0,7372.0,Business services & software,8328133924.102783,2012-12-31,0.2136132795428908,6.0,9.0,181,30.501930501930502,59.26640926640927,False,181,42.00772200772201,173,False,False,259,TERADATA CORP /DE/
2013-06-28,TEL,TEL,1385157.0,5065.0,Wholesale,19243958412.476807,2012-09-28,0.41420792069639933,5.0,9.0,89,66.02316602316603,32.818532818532816,True,64,52.74131274131274,117,False,False,259,TE Connectivity plc
2013-06-28,TER,TER,97210.0,3825.0,Instruments & medical devices,3343834843.320465,2012-12-31,0.5318309914595165,6.0,9.0,52,80.3088803088803,59.26640926640927,True,33,71.89189189189189,38,False,False,259,"TERADYNE, INC"
2013-06-28,TGT,TGT,27419.0,5331.0,Retail,44165920573.37166,2013-02-02,0.37490444634778164,5.0,9.0,101,61.38996138996139,32.818532818532816,False,101,49.96138996138996,130,False,False,259,TARGET CORP
2013-06-28,TMO,TMO,97745.0,3829.0,Instruments & medical devices,30265805645.173508,2012-12-31,0.5109627736761125,6.0,9.0,62,76.44787644787645,59.26640926640927,True,34,69.57528957528957,45,False,False,259,THERMO FISHER SCIENTIFIC INC.
2013-06-28,TPR,TPR,1116132.0,3100.0,Other manufacturing,16281272037.645939,2012-06-30,0.12240634487231085,9.0,9.0,224,13.8996138996139,98.84169884169884,False,224,47.876447876447884,146,False,False,259,"TAPESTRY, INC."
2013-06-28,TRIP,TRIP,1526520.0,7370.0,Business services & software,8489051791.038513,2012-12-31,0.08563594826543824,7.0,9.0,236,9.266409266409266,79.34362934362935,False,236,37.2972972972973,192,False,False,259,"TripAdvisor, Inc."
2013-06-28,TXN,TXN,97476.0,3674.0,Electronics & semis,38501838820.87823,2012-12-31,0.2846877015665087,7.0,9.0,147,43.62934362934363,79.34362934362935,False,147,57.915057915057915,94,False,False,259,TEXAS INSTRUMENTS INC
2013-06-28,UNP,UNP,100885.0,4011.0,Transportation,72403407800.08557,2012-12-31,0.27453127696534346,9.0,8.0,151,42.084942084942085,98.84169884169884,False,151,64.7876447876448,62,False,False,259,UNION PACIFIC CORP
2013-06-28,UPS,UPS,1090727.0,4210.0,Transportation,83020803222.65625,2012-12-31,0.056046193476603265,5.625,8.0,244,6.177606177606178,46.91119691119691,False,244,22.47104247104247,241,False,False,259,UNITED PARCEL SERVICE INC
2013-06-28,URBN,URBN,912615.0,5651.0,Retail,5881309121.241547,2013-01-31,0.23032083029059455,7.875,8.0,176,32.432432432432435,86.87258687258688,False,176,54.208494208494216,107,False,False,259,URBAN OUTFITTERS INC
2013-06-28,UTX,RTX,101829.0,3724.0,Transport equipment,85192514391.53105,2012-12-31,0.3041816547508322,3.0,9.0,139,46.71814671814672,2.7027027027027026,False,139,29.111969111969113,224,False,False,259,RTX Corp
2013-06-28,VFC,VFC,103379.0,2320.0,Other manufacturing,21281569529.7168,2012-12-29,0.24084807245268097,7.0,9.0,171,34.36293436293436,79.34362934362935,False,171,52.35521235521236,119,False,False,259,V F CORP
2013-06-28,VIAV,VIAV,912093.0,3674.0,Electronics & semis,3337276744.0024266,2012-06-30,0.31127175828821363,2.25,8.0,133,49.034749034749034,0.9652509652509652,False,133,29.806949806949802,220,False,False,259,VIAVI SOLUTIONS INC.
2013-06-28,VMC,VMC,1396009.0,1400.0,Mining (other),6287104323.153103,2012-12-31,0.5982184813045627,7.0,9.0,36,86.48648648648648,79.34362934362935,True,13,83.62934362934362,9,True,True,259,Vulcan Materials CO
2013-06-28,VRSN,VRSN,1014473.0,7371.0,Business services & software,6813386518.220997,2012-12-31,-0.0013683356984177486,8.0,9.0,253,2.7027027027027026,92.85714285714286,False,253,38.76447876447877,185,False,False,259,VERISIGN INC/CA
2013-06-28,VZ,VZ,732712.0,4813.0,Communications,143885584927.9182,2012-12-31,0.5944514875680502,5.0,9.0,37,86.10038610038609,32.818532818532816,True,58,64.78764478764478,63,False,False,259,VERIZON COMMUNICATIONS INC
2013-06-28,WDC,WDC,106040.0,3572.0,Machinery & computers,15352503253.933931,2012-06-29,0.49952765833382207,6.0,9.0,65,75.2895752895753,59.26640926640927,True,36,68.88030888030889,48,False,False,259,WESTERN DIGITAL CORP
2013-06-28,WHR,WHR,106640.0,3630.0,Electronics & semis,8982161974.97876,2012-12-31,0.47427334442052005,7.0,9.0,72,72.58687258687259,79.34362934362935,True,16,75.2895752895753,28,True,False,259,WHIRLPOOL CORP /DE/
2013-06-28,WM,WM,823768.0,4953.0,Utilities,18761522377.01689,2012-12-31,0.3386718770638641,5.0,9.0,118,54.826254826254825,32.818532818532816,False,118,46.02316602316602,154,False,False,259,WASTE MANAGEMENT INC
2013-06-28,WMB,WMB,107263.0,4922.0,Utilities,22129367763.299103,2012-12-31,0.2147372690819053,7.0,9.0,180,30.888030888030887,79.34362934362935,False,180,50.270270270270274,127,False,False,259,"WILLIAMS COMPANIES, INC."
2013-06-28,WMT,WMT,104169.0,5331.0,Retail,245254105579.75952,2013-01-31,0.3112812314376216,6.0,9.0,132,49.42084942084942,59.26640926640927,False,132,53.35907335907336,113,False,False,259,Walmart Inc.
2013-06-28,WYNN,WYNN,1174922.0,7011.0,Services (hotels/personal),12922757777.909912,2012-12-31,-0.02004502478896543,4.5,8.0,255,1.9305019305019304,17.953667953667953,False,255,8.339768339768339,256,False,False,259,WYNN RESORTS LTD
2013-06-28,XEL,XEL,72903.0,4931.0,Utilities,13837969201.306229,2012-12-31,0.6412846329476103,4.5,8.0,29,89.1891891891892,17.953667953667953,True,73,60.6949806949807,84,False,False,259,XCEL ENERGY INC
2013-06-28,XOM,XOM,34088.0,2911.0,Petroleum refining,404808617685.6264,2012-12-31,0.4097318899688269,6.75,8.0,92,64.86486486486487,70.27027027027027,True,27,67.02702702702703,53,False,False,259,EXXON MOBIL CORP
2013-06-28,XRAY,XRAY,818479.0,3843.0,Instruments & medical devices,5851131773.2170105,2012-12-31,0.37748218389305493,5.0,9.0,100,61.77606177606177,32.818532818532816,True,67,50.19305019305019,128,False,False,259,DENTSPLY SIRONA Inc.
2013-06-28,XRX,XRX,108772.0,3577.0,Machinery & computers,11100200310.25867,2012-12-31,1.0379091978504595,7.0,9.0,5,98.45559845559846,79.34362934362935,True,12,90.8108108108108,1,True,True,259,XEROX CORP
2013-06-28,XYL,XYL,1524472.0,3561.0,Machinery & computers,5015140369.979965,2012-12-31,0.41354774682174755,6.0,9.0,90,65.63706563706563,59.26640926640927,True,40,63.08880308880309,70,False,False,259,Xylem Inc.
2013-06-28,YUM,YUM,1041061.0,5812.0,Retail,31253565820.2255,2012-12-29,0.0689201357819483,8.0,9.0,238,8.494208494208493,92.85714285714286,False,238,42.239382239382245,172,False,False,259,YUM BRANDS INC
2013-06-28,ZBH,ZBH,1136869.0,3842.0,Instruments & medical devices,12691398034.470818,2012-12-31,0.46180097606909365,6.0,9.0,79,69.88416988416989,59.26640926640927,True,38,65.63706563706565,56,False,False,259,"ZIMMER BIOMET HOLDINGS, INC."
2014-06-30,A,A,1090872.0,3826.0,Instruments & medical devices,19059080845.02801,2013-10-31,0.2773481073395505,5.0,9.0,130,51.50375939849624,22.74436090225564,False,130,40.0,182,False,False,266,"AGILENT TECHNOLOGIES, INC."
2014-06-30,AAPL,AAPL,320193.0,3571.0,Machinery & computers,585288568302.0477,2013-09-28,0.2110907451317937,5.0,9.0,178,33.45864661654135,22.74436090225564,False,178,29.172932330827066,229,False,False,266,Apple Inc.
2014-06-30,ABC,COR,1140859.0,5122.0,Wholesale,16714132792.442688,2013-09-30,0.13878943220128506,6.0,9.0,220,17.669172932330827,50.18796992481202,False,220,30.67669172932331,220,False,False,266,"Cencora, Inc."
2014-06-30,ABT,ABT,1800.0,2834.0,Chemicals & pharma,63111577624.53842,2013-12-31,0.3988333194544207,5.0,9.0,73,72.93233082706767,22.74436090225564,True,79,52.857142857142854,127,False,False,266,ABBOTT LABORATORIES
2014-06-30,ACN,ACN,1467373.0,7389.0,Business services & software,52185208311.77292,2013-08-31,0.09504965411589605,5.0,9.0,237,11.278195488721805,22.74436090225564,False,237,15.86466165413534,249,False,False,266,Accenture plc
2014-06-30,ADBE,ADBE,796343.0,7372.0,Business services & software,35934299245.78331,2013-11-29,0.18713691768426785,5.0,9.0,191,28.57142857142857,22.74436090225564,False,191,26.2406015037594,234,False,False,266,ADOBE INC.
2014-06-30,ADI,ADI,6281.0,3674.0,Electronics & semis,16818207596.956573,2013-11-02,0.2818121950675454,4.5,8.0,128,52.255639097744364,12.781954887218044,False,128,36.46616541353384,203,False,False,266,ANALOG DEVICES INC
2014-06-30,ADP,ADP,8670.0,7374.0,Business services & software,38278215027.146645,2013-06-30,0.1617081673116201,6.75,8.0,208,22.18045112781955,63.1578947368421,False,208,38.57142857142857,192,False,False,266,AUTOMATIC DATA PROCESSING INC
2014-06-30,ADSK,ADSK,769397.0,7372.0,Business services & software,12808692854.239803,2014-01-31,0.17655978059083688,5.0,9.0,198,25.93984962406015,22.74436090225564,False,198,24.661654135338345,237,False,False,266,"Autodesk, Inc."
2014-06-30,AEE,AEE,1002910.0,4931.0,Utilities,9918905609.641788,2013-12-31,0.6597502040586845,6.75,8.0,11,96.2406015037594,63.1578947368421,True,32,83.00751879699249,14,False,True,266,AMEREN CORP
2014-06-30,AEP,AEP,4904.0,4911.0,Utilities,27203344259.72676,2013-12-31,0.5912875948790262,5.625,8.0,24,91.35338345864662,35.714285714285715,True,57,69.09774436090225,50,False,False,266,AMERICAN ELECTRIC POWER CO INC
2014-06-30,AES,AES,874761.0,4991.0,Utilities,11257073120.728218,2013-12-31,0.3846470528850836,5.625,8.0,78,71.05263157894737,35.714285714285715,True,63,56.9172932330827,97,False,False,266,AES CORP
2014-06-30,AKAM,AKAM,1086222.0,7389.0,Business services & software,10901404253.101791,2013-12-31,0.2412011277585495,6.75,8.0,155,42.10526315789473,63.1578947368421,False,155,50.526315789473685,136,False,False,266,AKAMAI TECHNOLOGIES INC
2014-06-30,AMAT,AMAT,6951.0,3674.0,Electronics & semis,27154336262.130924,2013-10-27,0.2610264501248307,6.0,9.0,135,49.62406015037594,50.18796992481202,False,135,49.849624060150376,143,False,False,266,APPLIED MATERIALS INC /DE
2014-06-30,AME,AME,1037868.0,3823.0,Instruments & medical devices,12812108107.085815,2013-12-31,0.24477790647626121,5.625,8.0,151,43.609022556390975,35.714285714285715,False,151,40.45112781954887,179,False,False,266,AMETEK INC/
2014-06-30,AMGN,AMGN,318154.0,2836.0,Chemicals & pharma,89370214990.98946,2013-12-31,0.2472412089668552,5.0,9.0,149,44.3609022556391,22.74436090225564,False,149,35.714285714285715,208,False,False,266,AMGEN INC
2014-06-30,AMZN,AMZN,1018724.0,5961.0,Retail,149159938620.5847,2013-12-31,0.06533925992548653,6.0,9.0,250,6.390977443609022,50.18796992481202,False,250,23.909774436090224,239,False,False,266,AMAZON COM INC
2014-06-30,AN,AN,350698.0,5500.0,Retail,7106007400.176819,2013-12-31,0.2901347949551388,6.0,9.0,118,56.015037593984964,50.18796992481202,False,118,53.68421052631579,122,False,False,266,"AUTONATION, INC."
2014-06-30,APD,APD,2969.0,2810.0,Chemicals & pharma,27174274204.832237,2013-09-30,0.2591458357606381,5.0,9.0,140,47.744360902255636,22.74436090225564,False,140,37.744360902255636,195,False,False,266,"Air Products & Chemicals, Inc."
2014-06-30,APH,APH,820313.0,3678.0,Electronics & semis,15240940984.776062,2013-12-31,0.18762023964637872,6.0,9.0,190,28.947368421052634,50.18796992481202,False,190,37.44360902255639,197,False,False,266,AMPHENOL CORP /DE/
2014-06-30,APTV,APTV,1521332.0,3714.0,Transport equipment,21061189746.950317,2013-12-31,0.13821631327458678,8.0,9.0,221,17.293233082706767,94.54887218045113,False,221,48.195488721804516,147,False,False,266,Aptiv PLC
2014-06-30,ATI,ATI,1018963.0,3317.0,Other manufacturing,4868400921.186241,2013-12-31,0.5944867825911913,4.0,9.0,23,91.72932330827066,6.203007518796992,True,93,57.5187969924812,95,False,False,266,ATI INC
2014-06-30,AVGO,AVGO,1441634.0,3674.0,Electronics & semis,17938901060.40184,2013-11-03,0.16087942010954778,3.375,8.0,210,21.428571428571427,1.3157894736842104,False,210,13.38345864661654,254,False,False,266,Avago Technologies LTD
2014-06-30,AVY,AVY,8818.0,2670.0,Other manufacturing,4919983036.25,2013-12-28,0.3032937286583312,6.0,9.0,110,59.02255639097744,50.18796992481202,False,110,55.48872180451128,105,False,False,266,Avery Dennison Corp
2014-06-30,AZO,AZO,866787.0,5531.0,Retail,18249190650.058594,2013-08-31,-0.09245993602431801,7.0,9.0,266,0.37593984962406013,75.75187969924812,False,266,30.526315789473685,221,False,False,266,AUTOZONE INC
2014-06-30,BA,BA,12927.0,3721.0,Transport equipment,94583357793.93956,2013-12-31,0.15726868179502418,6.0,9.0,214,19.924812030075188,50.18796992481202,False,214,32.03007518796993,217,False,False,266,BOEING CO
2014-06-30,BAX,BAX,10456.0,3841.0,Instruments & medical devices,39272472327.35227,2013-12-31,0.21549445447328605,5.0,9.0,175,34.58646616541353,22.74436090225564,False,175,29.849624060150376,226,False,False,266,BAXTER INTERNATIONAL INC
2014-06-30,BDX,BDX,10795.0,3841.0,Instruments & medical devices,22961374431.01343,2013-09-30,0.21962970967402234,8.0,9.0,170,36.46616541353384,94.54887218045113,False,170,59.69924812030075,87,False,False,266,BECTON DICKINSON & CO
2014-06-30,BF.B,BF-B,14693.0,2080.0,Food & beverage mfg,20101056959.15222,2014-04-30,0.10108921158371273,7.0,9.0,233,12.781954887218044,75.75187969924812,False,233,37.96992481203007,194,False,False,266,BROWN FORMAN CORP
2014-06-30,BIIB,BIIB,875045.0,2836.0,Chemicals & pharma,74537369491.16638,2013-12-31,0.11564993584891142,6.0,9.0,226,15.413533834586465,50.18796992481202,False,226,29.32330827067669,228,False,False,266,BIOGEN INC.
2014-06-30,BKNG,BKNG,1075531.0,4700.0,Transportation,62727239642.64917,2013-12-31,0.11015515809979902,5.625,8.0,231,13.533834586466165,35.714285714285715,False,231,22.406015037593985,242,False,False,266,Booking Holdings Inc.
2014-06-30,BLL,BALL,9389.0,3411.0,Other manufacturing,8809053886.969437,2013-12-31,0.1362121307686539,6.0,9.0,222,16.917293233082706,50.18796992481202,False,222,30.225563909774436,224,False,False,266,BALL Corp
2014-06-30,BMY,BMY,14272.0,2834.0,Chemicals & pharma,80052779006.79944,2013-12-31,0.1893001116015331,5.0,9.0,189,29.32330827067669,22.74436090225564,False,189,26.691729323308273,232,False,False,266,BRISTOL MYERS SQUIBB CO
2014-06-30,BSX,BSX,885725.0,3841.0,Instruments & medical devices,16909942777.097363,2013-12-31,0.3866955723147892,6.0,9.0,77,71.42857142857143,50.18796992481202,True,50,62.932330827067666,71,False,False,266,BOSTON SCIENTIFIC CORP
2014-06-30,BWA,BWA,908255.0,3714.0,Transport equipment,14859717931.71621,2013-12-31,0.23961423873331705,7.0,9.0,158,40.97744360902256,75.75187969924812,False,158,54.88721804511278,112,False,False,266,BORGWARNER INC
2014-06-30,CAG,CAG,23217.0,2000.0,Food & beverage mfg,12451689865.014858,2013-05-26,0.42278598785143434,6.0,9.0,62,77.06766917293233,50.18796992481202,True,48,66.3157894736842,60,False,False,266,CONAGRA BRANDS INC.
2014-06-30,CAH,CAH,721371.0,5122.0,Wholesale,23273473646.516785,2013-06-30,0.2567300477251382,5.0,9.0,141,47.368421052631575,22.74436090225564,False,141,37.5187969924812,196,False,False,266,CARDINAL HEALTH INC
2014-06-30,CAT,CAT,18230.0,3531.0,Machinery & computers,69312152737.25241,2013-12-31,0.3012170185962056,5.0,9.0,113,57.89473684210527,22.74436090225564,False,113,43.83458646616541,164,False,False,266,CATERPILLAR INC
2014-06-30,CF,CF,1324404.0,2870.0,Chemicals (other),13341207837.107086,2013-12-31,0.3804827915116795,4.0,9.0,79,70.67669172932331,6.203007518796992,True,98,44.887218045112775,161,False,False,266,"CF Industries Holdings, Inc."
2014-06-30,CHRW,CHRW,1043277.0,4731.0,Transportation,9470089708.166695,2013-12-31,0.09923073898546207,4.0,9.0,235,12.030075187969924,6.203007518796992,False,235,9.699248120300751,259,False,False,266,"C. H. ROBINSON WORLDWIDE, INC."
2014-06-30,CL,CL,21665.0,2844.0,Chemicals (other),62653577451.09934,2013-12-31,0.036789599154159004,6.0,9.0,257,3.7593984962406015,50.18796992481202,False,257,22.330827067669173,243,False,False,266,COLGATE PALMOLIVE CO
2014-06-30,CLX,CLX,21076.0,2842.0,Chemicals (other),11921284376.020088,2013-06-30,0.012247002537216715,6.0,9.0,260,2.631578947368421,50.18796992481202,False,260,21.654135338345863,244,False,False,266,CLOROX CO /DE/
2014-06-30,CMCSA,CMCSA,1166691.0,4841.0,Communications,140909995043.27774,2013-12-31,0.3597615625806412,5.625,8.0,90,66.54135338345864,35.714285714285715,True,65,54.210526315789465,117,False,False,266,COMCAST CORP
2014-06-30,CMI,CMI,26172.0,3510.0,Machinery & computers,28803291970.1763,2013-12-31,0.2607340858043607,5.0,9.0,137,48.87218045112782,22.74436090225564,False,137,38.421052631578945,193,False,False,266,CUMMINS INC
2014-06-30,CMS,CMS,811156.0,4931.0,Utilities,8323524799.36829,2013-12-31,0.4149684278302552,5.625,8.0,63,76.69172932330827,35.714285714285715,True,61,60.30075187969924,84,False,False,266,CMS ENERGY CORP
2014-06-30,CNP,CNP,1130310.0,4911.0,Utilities,10952619760.296387,2013-12-31,0.395247903674404,6.75,8.0,74,72.55639097744361,63.1578947368421,True,39,68.796992481203,51,False,False,266,CENTERPOINT ENERGY INC
2014-06-30,CNX,CNX,1070412.0,1311.0,Oil & gas extraction,10557520497.435127,2013-12-31,0.47419173860152497,4.5,8.0,44,83.83458646616542,12.781954887218044,True,90,55.41353383458647,107,False,False,266,CNX Resources Corp
2014-06-30,COP,COP,1163165.0,2911.0,Petroleum refining,105113950788.1117,2013-12-31,0.4955574365671292,5.625,8.0,38,86.09022556390977,35.714285714285715,True,59,65.93984962406014,62,False,False,266,CONOCOPHILLIPS
2014-06-30,COST,COST,909832.0,5331.0,Retail,50315943380.97629,2013-09-01,0.2152995506409564,7.0,9.0,176,34.21052631578947,75.75187969924812,False,176,50.82706766917293,133,False,False,266,COSTCO WHOLESALE CORP /NEW
2014-06-30,CPB,CPB,16732.0,2000.0,Food & beverage mfg,14361596819.161572,2013-07-28,0.08473988062220565,5.0,9.0,242,9.398496240601503,22.74436090225564,False,242,14.736842105263158,252,False,False,266,CAMPBELL'S Co
2014-06-30,CRM,CRM,1108524.0,7372.0,Business services & software,35434609117.126465,2014-01-31,0.08574978180107565,4.0,9.0,240,10.150375939849624,6.203007518796992,False,240,8.571428571428571,262,False,False,266,"Salesforce, Inc."
2014-06-30,CSCO,CSCO,858877.0,3576.0,Machinery & computers,133234516488.71896,2013-07-27,0.4437288591429363,6.0,9.0,54,80.07518796992481,50.18796992481202,True,46,68.1203007518797,54,False,False,266,"CISCO SYSTEMS, INC."
2014-06-30,CSX,CSX,277948.0,4011.0,Transportation,31043900828.846592,2013-12-27,0.33835953986296335,6.75,8.0,99,63.1578947368421,63.1578947368421,True,41,63.1578947368421,69,False,False,266,CSX CORP
2014-06-30,CTAS,CTAS,723254.0,2320.0,Other manufacturing,7772238836.307678,2013-05-31,0.28325068829792327,7.0,9.0,127,52.63157894736842,75.75187969924812,False,127,61.879699248120296,74,False,False,266,CINTAS CORP
2014-06-30,CTL,LUMN,18926.0,4813.0,Communications,20921983350.744923,2013-12-31,0.821671622226385,6.0,9.0,4,98.87218045112782,50.18796992481202,True,43,79.3984962406015,22,False,False,266,"Lumen Technologies, Inc."
2014-06-30,CVS,CVS,64803.0,5912.0,Retail,89119537995.35318,2013-12-31,0.42569789805214364,8.0,9.0,60,77.81954887218046,94.54887218045113,True,7,84.51127819548873,9,True,True,266,CVS HEALTH Corp
2014-06-30,CVX,CVX,93410.0,2911.0,Petroleum refining,249236970146.6034,2013-12-31,0.5982780159471944,4.5,8.0,21,92.4812030075188,12.781954887218044,True,86,60.6015037593985,78,False,False,266,CHEVRON CORP
2014-06-30,D,D,715957.0,4911.0,Utilities,41587678443.03942,2013-12-31,0.279938684626156,5.625,8.0,129,51.8796992481203,35.714285714285715,False,129,45.41353383458647,159,False,False,266,"DOMINION ENERGY, INC"
2014-06-30,DAL,DAL,27904.0,4512.0,Transportation,32887952741.7995,2013-12-31,0.35402021194229377,7.875,8.0,93,65.41353383458647,87.40601503759399,True,15,74.21052631578948,34,True,False,266,"DELTA AIR LINES, INC."
2014-06-30,DD,DD,30554.0,2820.0,Chemicals & pharma,47740317922.086845,2013-12-31,0.3399432744977956,7.0,9.0,98,63.53383458646616,75.75187969924812,True,29,68.42105263157895,53,False,False,266,DUPONT E I DE NEMOURS & CO
2014-06-30,DE,DE,315189.0,3523.0,Machinery & computers,33728456493.83194,2013-10-31,0.30436613670350876,5.625,8.0,109,59.3984962406015,35.714285714285715,False,109,49.92481203007519,141,False,False,266,DEERE & CO
2014-06-30,DG,DG,29534.0,5331.0,Retail,17987923136.28441,2014-01-31,0.3003233313301715,8.0,9.0,114,57.5187969924812,94.54887218045113,False,114,72.33082706766918,39,False,False,266,DOLLAR GENERAL CORP
2014-06-30,DGX,DGX,1022079.0,8071.0,Health services,8469386259.254292,2013-12-31,0.4661494799208286,5.0,9.0,48,82.33082706766918,22.74436090225564,True,73,58.49624060150376,92,False,False,266,QUEST DIAGNOSTICS INC
2014-06-30,DHR,DHR,313616.0,3823.0,Instruments & medical devices,54991502526.29738,2013-12-31,0.4070683464103417,7.0,9.0,67,75.18796992481202,75.75187969924812,True,23,75.41353383458646,31,False,False,266,DANAHER CORP /DE/
2014-06-30,DIS,DIS,1001039.0,4841.0,Communications,150669150521.88574,2013-09-28,0.30151494080004865,7.875,8.0,112,58.27067669172933,87.40601503759399,False,112,69.92481203007519,48,False,False,266,WALT DISNEY CO/
2014-06-30,DISCA,WBD,1437107.0,4841.0,Communications,26517959651.367188,2013-12-31,0.2336529688354267,6.0,9.0,162,39.473684210526315,50.18796992481202,False,162,43.7593984962406,166,False,False,266,"Warner Bros. Discovery, Inc."
2014-06-30,DLTR,DLTR,935703.0,5331.0,Retail,11231013093.355377,2014-02-01,0.10423814755345831,4.0,9.0,232,13.157894736842104,6.203007518796992,False,232,10.375939849624059,256,False,False,266,"DOLLAR TREE, INC."
2014-06-30,DOV,DOV,29905.0,3530.0,Machinery & computers,18633079286.246933,2013-12-31,0.2885940599184298,6.0,9.0,123,54.13533834586466,50.18796992481202,False,123,52.556390977443606,128,False,False,266,DOVER Corp
2014-06-30,DRI,DRI,940944.0,5812.0,Retail,6028610015.601591,2013-05-26,0.3416210361377114,4.0,9.0,97,63.90977443609023,6.203007518796992,True,100,40.82706766917293,178,False,False,266,DARDEN RESTAURANTS INC
2014-06-30,DTE,DTE,936340.0,4911.0,Utilities,13789704873.065418,2013-12-31,0.5744140337239271,5.625,8.0,26,90.6015037593985,35.714285714285715,True,58,68.64661654135338,52,False,False,266,DTE ENERGY CO
2014-06-30,DUK,DUK,1326160.0,4931.0,Utilities,52411920802.6944,2013-12-31,0.7885610633425841,5.625,8.0,5,98.49624060150376,35.714285714285715,True,52,73.38345864661655,36,False,False,266,Duke Energy CORP
2014-06-30,DVN,DVN,1090012.0,1311.0,Oil & gas extraction,32347560621.643066,2013-12-31,0.6337108457657408,5.625,8.0,18,93.60902255639097,35.714285714285715,True,55,70.45112781954887,46,False,False,266,DEVON ENERGY CORP/DE
2014-06-30,EBAY,EBAY,1065088.0,7389.0,Business services & software,64810426254.629036,2013-12-31,0.3648641332352143,5.0,9.0,85,68.42105263157895,22.74436090225564,True,81,50.15037593984962,139,False,False,266,EBAY INC
2014-06-30,ECL,ECL,31462.0,2840.0,Chemicals (other),33487443441.35681,2013-12-31,0.21931504006453442,6.0,9.0,171,36.09022556390977,50.18796992481202,False,171,41.72932330827067,176,False,False,266,ECOLAB INC.
2014-06-30,EFX,EFX,33185.0,7320.0,Business services & software,8852834448.311623,2013-12-31,0.25988286728199017,7.0,9.0,138,48.49624060150376,75.75187969924812,False,138,59.3984962406015,88,False,False,266,EQUIFAX INC
2014-06-30,EIX,EIX,827052.0,4911.0,Utilities,18932889379.51938,2013-12-31,0.6174968735964157,6.75,8.0,19,93.23308270676691,63.1578947368421,True,34,81.203007518797,18,False,True,266,EDISON INTERNATIONAL
2014-06-30,EL,EL,1001250.0,2844.0,Chemicals (other),28783176828.00293,2013-06-30,0.11419517795555495,7.0,9.0,228,14.661654135338345,75.75187969924812,False,228,39.097744360902254,188,False,False,266,ESTEE LAUDER COMPANIES INC
2014-06-30,EMN,EMN,915389.0,2821.0,Chemicals & pharma,13318007416.253555,2013-12-31,0.28502762322892894,8.0,9.0,125,53.383458646616546,94.54887218045113,False,125,69.84962406015038,49,False,False,266,EASTMAN CHEMICAL CO
2014-06-30,EMR,EMR,32604.0,3600.0,Electronics & semis,46715084516.94583,2013-09-30,0.2265863394972625,8.0,9.0,166,37.96992481203007,94.54887218045113,False,166,60.6015037593985,79,False,False,266,EMERSON ELECTRIC CO
2014-06-30,EOG,EOG,821189.0,1311.0,Oil & gas extraction,63833506701.237915,2013-12-31,0.24154178262779025,7.875,8.0,154,42.4812030075188,87.40601503759399,False,154,60.45112781954887,81,False,False,266,EOG RESOURCES INC
2014-06-30,ES,ES,72741.0,4911.0,Utilities,14910609758.194656,2013-12-31,0.6446099895222355,5.625,8.0,14,95.11278195488721,35.714285714285715,True,54,71.35338345864662,44,False,False,266,EVERSOURCE ENERGY
2014-06-30,ETN,ETN,1551182.0,3590.0,Machinery & computers,36683654145.05005,2013-12-31,0.4577243023175136,5.625,8.0,51,81.203007518797,35.714285714285715,True,60,63.00751879699248,70,False,False,266,Eaton Corp plc
2014-06-30,EW,EW,1099800.0,3842.0,Instruments & medical devices,9205528979.93383,2013-12-31,0.16937646966282296,7.0,9.0,204,23.684210526315788,75.75187969924812,False,204,44.51127819548872,163,False,False,266,Edwards Lifesciences Corp
2014-06-30,EXC,EXC,1109357.0,4911.0,Utilities,31278674977.52078,2013-12-31,0.7267571281819621,6.75,8.0,7,97.74436090225564,63.1578947368421,True,31,83.90977443609023,11,False,True,266,EXELON CORP
2014-06-30,EXPE,EXPE,1324424.0,4700.0,Transportation,10625669408.203125,2013-12-31,0.201913302360384,6.0,9.0,181,32.33082706766917,50.18796992481202,False,181,39.473684210526315,185,False,False,266,"Expedia Group, Inc."
2014-06-30,FAST,FAST,815556.0,5200.0,Retail,14687260090.9324,2013-12-31,0.12069623531038476,3.375,8.0,225,15.789473684210526,1.3157894736842104,False,225,10.0,257,False,False,266,FASTENAL CO
2014-06-30,FB,META,1326801.0,7370.0,Business services & software,162841802215.57617,2013-12-31,0.09500017679440949,7.0,9.0,238,10.902255639097744,75.75187969924812,False,238,36.8421052631579,200,False,False,266,"Meta Platforms, Inc."
2014-06-30,FCX,FCX,831259.0,1000.0,Mining (metals/coal),37902256379.5,2013-12-31,0.5523154028191964,4.0,9.0,31,88.7218045112782,6.203007518796992,True,95,55.71428571428571,104,False,False,266,FREEPORT-MCMORAN INC
2014-06-30,FDX,FDX,1048911.0,4513.0,Transportation,47924555104.026115,2013-05-31,0.3630289308317106,5.625,8.0,88,67.29323308270678,35.714285714285715,True,64,54.66165413533835,113,False,False,266,FEDEX CORP
2014-06-30,FE,FE,1031296.0,4911.0,Utilities,14538447977.070007,2013-12-31,0.8729955233198056,4.5,8.0,2,99.62406015037594,12.781954887218044,True,83,64.88721804511277,64,False,False,266,FIRSTENERGY CORP
2014-06-30,FFIV,FFIV,1048695.0,3576.0,Machinery & computers,8648706919.634216,2013-09-30,0.1779123763006502,5.625,8.0,196,26.691729323308273,35.714285714285715,False,196,30.30075187969925,222,False,False,266,"F5, INC."
2014-06-30,FIS,FIS,1136893.0,7389.0,Business services & software,15911209724.037903,2013-12-31,0.4135763473759316,7.0,9.0,64,76.31578947368422,75.75187969924812,True,22,76.09022556390977,29,False,False,266,"Fidelity National Information Services, Inc."
2014-06-30,FISV,FISV,798354.0,7389.0,Business services & software,15350626989.696877,2013-12-31,0.23354094933100786,6.0,9.0,163,39.097744360902254,50.18796992481202,False,163,43.53383458646616,167,False,False,266,FISERV INC
2014-06-30,FLR,FLR,1124198.0,1600.0,Construction,12330722071.87085,2013-12-31,0.3046850766809944,7.0,9.0,108,59.77443609022557,75.75187969924812,False,108,66.1654135338346,61,False,False,266,FLUOR CORP
2014-06-30,FLS,FLS,30625.0,3561.0,Machinery & computers,10229590191.708961,2013-12-31,0.1828400712978643,6.75,8.0,194,27.44360902255639,63.1578947368421,False,194,41.72932330827068,175,False,False,266,FLOWSERVE CORP
2014-06-30,FMC,FMC,37785.0,2800.0,Chemicals & pharma,9460132215.117561,2013-12-31,0.16065314579550127,4.0,9.0,212,20.676691729323306,6.203007518796992,False,212,14.88721804511278,251,False,False,266,FMC CORP
2014-06-30,FOSL,FOSL,883569.0,3873.0,Instruments & medical devices,5645363637.844353,2013-12-28,0.1893017117331467,7.0,9.0,188,29.69924812030075,75.75187969924812,False,188,48.1203007518797,148,False,False,266,"Fossil Group, Inc."
2014-06-30,FSLR,FSLR,1274494.0,3674.0,Electronics & semis,7071378898.688843,2013-12-31,0.6368088974605726,6.0,9.0,15,94.73684210526315,50.18796992481202,True,44,76.9172932330827,27,False,False,266,"FIRST SOLAR, INC."
2014-06-30,FTI,FTI,1135152.0,3533.0,Machinery & computers,14413247289.52981,2013-12-31,0.16076876733276335,6.0,9.0,211,21.052631578947366,50.18796992481202,False,211,32.70676691729323,215,False,False,266,FMC TECHNOLOGIES INC
2014-06-30,GD,GD,40533.0,3730.0,Transport equipment,39889284931.365326,2013-12-31,0.363531209570461,9.0,9.0,87,67.66917293233082,99.43609022556392,True,2,80.37593984962406,19,True,True,266,GENERAL DYNAMICS CORP
2014-06-30,GE,GE,40545.0,3600.0,Electronics & semis,263670650342.29562,2013-12-31,0.4951859443988173,7.875,8.0,39,85.71428571428571,87.40601503759399,True,12,86.39097744360902,7,True,True,266,GENERAL ELECTRIC CO
2014-06-30,GHC,GHC,104889.0,8200.0,Services (professional),5197680144.658203,2013-12-31,0.6349115197847579,7.875,8.0,17,93.98496240601504,87.40601503759399,True,10,91.35338345864662,4,True,True,266,Graham Holdings Co
2014-06-30,GILD,GILD,882095.0,2836.0,Chemicals & pharma,127536554732.99042,2013-12-31,0.08914359513476112,4.0,9.0,239,10.526315789473683,6.203007518796992,False,239,8.796992481203006,261,False,False,266,"GILEAD SCIENCES, INC."
2014-06-30,GIS,GIS,40704.0,2040.0,Food & beverage mfg,33670806895.905235,2013-05-26,0.19815978929840905,6.0,9.0,183,31.57894736842105,50.18796992481202,False,183,39.02255639097744,189,False,False,266,GENERAL MILLS INC
2014-06-30,GLW,GLW,24741.0,3357.0,Other manufacturing,30557139588.006905,2013-12-31,0.692538643515759,8.0,9.0,9,96.99248120300751,94.54887218045113,True,3,96.01503759398497,1,True,True,266,CORNING INC /NY
2014-06-30,GM,GM,1467858.0,3711.0,Transport equipment,57709313423.6878,2013-12-31,0.7383037064951671,5.625,8.0,6,98.1203007518797,35.714285714285715,True,53,73.15789473684211,37,False,False,266,General Motors Co
2014-06-30,GME,GME,1326380.0,5734.0,Retail,4666431006.444305,2014-02-01,0.4824672210712714,6.75,8.0,41,84.9624060150376,63.1578947368421,True,36,76.2406015037594,28,False,False,266,GameStop Corp.
2014-06-30,GOOG,GOOG,1288776.0,7370.0,Business services & software,386781272289.23987,2013-12-31,0.22573223228530373,5.625,8.0,167,37.59398496240601,35.714285714285715,False,167,36.84210526315789,201,False,False,266,GOOGLE INC.
2014-06-30,GPC,GPC,40987.0,5013.0,Wholesale,13497249770.538223,2013-12-31,0.2481301047944118,5.0,9.0,148,44.73684210526316,22.74436090225564,False,148,35.93984962406015,206,False,False,266,GENUINE PARTS CO
2014-06-30,GPS,GAP,39911.0,5651.0,Retail,18581863193.065887,2014-02-01,0.16478433665051592,7.0,9.0,207,22.55639097744361,75.75187969924812,False,207,43.83458646616541,165,False,False,266,GAP INC
2014-06-30,GRMN,GRMN,1121788.0,3812.0,Instruments & medical devices,12671915073.700943,2013-12-28,0.28880449235295824,7.875,8.0,122,54.51127819548872,87.40601503759399,False,122,67.66917293233082,57,False,False,266,GARMIN LTD
2014-06-30,GT,GT,42582.0,3011.0,Other manufacturing,6891188754.651306,2013-12-31,0.2330512277603784,6.0,9.0,164,38.721804511278194,50.18796992481202,False,164,43.30827067669173,168,False,False,266,GOODYEAR TIRE & RUBBER CO /OH/
2014-06-30,GWW,GWW,277135.0,5000.0,Wholesale,17493192998.55551,2013-12-31,0.18581158970054254,7.0,9.0,192,28.195488721804512,75.75187969924812,False,192,47.21804511278195,152,False,False,266,"W.W. GRAINGER, INC."
2014-06-30,HAL,HAL,45012.0,1389.0,Oil & gas extraction,60420057546.24771,2013-12-31,0.22477634996631057,4.0,9.0,168,37.21804511278196,6.203007518796992,False,168,24.81203007518797,236,False,False,266,HALLIBURTON CO
2014-06-30,HAS,HAS,46080.0,3944.0,Other manufacturing,6946603556.147305,2013-12-29,0.2421820946599483,4.0,9.0,153,42.857142857142854,6.203007518796992,False,153,28.19548872180451,230,False,False,266,"HASBRO, INC."
2014-06-30,HD,HD,354950.0,5211.0,Retail,111834105826.85617,2014-02-02,0.11196942030713612,8.0,9.0,230,13.909774436090224,94.54887218045113,False,230,46.16541353383459,156,False,False,266,"HOME DEPOT, INC."
2014-06-30,HOG,HOG,793952.0,3751.0,Transport equipment,15370629070.227356,2013-12-31,0.19579458890393253,8.0,9.0,185,30.82706766917293,94.54887218045113,False,185,56.31578947368421,101,False,False,266,"HARLEY-DAVIDSON, INC."
2014-06-30,HON,HON,773840.0,3724.0,Transport equipment,72885036899.22116,2013-12-31,0.23965138446937728,7.0,9.0,157,41.35338345864661,75.75187969924812,False,157,55.11278195488721,110,False,False,266,HONEYWELL INTERNATIONAL INC
2014-06-30,HP,HP,46765.0,1381.0,Oil & gas extraction,12440372053.744888,2013-09-30,0.3572020982010999,6.75,8.0,92,65.78947368421053,63.1578947368421,True,40,64.73684210526316,65,False,False,266,"Helmerich & Payne, Inc."
2014-06-30,HPQ,HPQ,47217.0,3570.0,Machinery & computers,64287610339.51692,2013-10-31,0.42417193384520674,8.0,9.0,61,77.44360902255639,94.54887218045113,True,8,84.28571428571428,10,True,True,266,HP INC
2014-06-30,HRB,HRB,12659.0,7200.0,Services (hotels/personal),9192771096.420471,2014-04-30,0.16932315443012577,8.0,9.0,205,23.308270676691727,94.54887218045113,False,205,51.80451127819549,130,False,False,266,H&R BLOCK INC
2014-06-30,HRL,HRL,48465.0,2011.0,Food & beverage mfg,13044043546.684265,2013-10-27,0.2538353991344694,4.0,9.0,144,46.2406015037594,6.203007518796992,False,144,30.225563909774436,223,False,False,266,HORMEL FOODS CORP /DE/
2014-06-30,HRS,LHX,202058.0,3812.0,Instruments & medical devices,8100372836.25,2013-06-28,0.19274421456417687,8.0,9.0,187,30.075187969924812,94.54887218045113,False,187,55.86466165413535,103,False,False,266,"L3HARRIS TECHNOLOGIES, INC. /DE/"
2014-06-30,HSY,HSY,47111.0,2060.0,Food & beverage mfg,21791915178.209404,2013-12-31,0.0736435502284231,8.0,9.0,246,7.894736842105263,94.54887218045113,False,246,42.55639097744361,171,False,False,266,HERSHEY CO
2014-06-30,IBM,IBM,51143.0,3570.0,Machinery & computers,188763838821.30963,2013-12-31,0.12074346518019108,6.0,9.0,224,16.165413533834585,50.18796992481202,False,224,29.774436090225564,227,False,False,266,INTERNATIONAL BUSINESS MACHINES CORP
2014-06-30,IFF,IFF,51253.0,2860.0,Chemicals (other),8474981388.511749,2013-12-31,0.1726342434194918,8.0,9.0,199,25.563909774436087,94.54887218045113,False,199,53.15789473684211,124,False,False,266,INTERNATIONAL FLAVORS & FRAGRANCES INC
2014-06-30,INTC,INTC,50863.0,3674.0,Electronics & semis,153634798103.33252,2013-12-28,0.3791849289300844,4.0,9.0,80,70.30075187969925,6.203007518796992,True,99,44.66165413533834,162,False,False,266,INTEL CORP
2014-06-30,INTU,INTU,896878.0,7372.0,Business services & software,22766864579.561554,2013-07-31,0.1550938201288322,9.0,8.0,215,19.548872180451127,99.43609022556392,False,215,51.50375939849624,131,False,False,266,INTUIT INC.
2014-06-30,IP,IP,51434.0,2621.0,Other manufacturing,22146282662.67891,2013-12-31,0.3659756413051934,7.0,9.0,84,68.796992481203,75.75187969924812,True,27,71.57894736842104,43,False,False,266,INTERNATIONAL PAPER CO /NEW/
2014-06-30,IR,TT,1466258.0,3822.0,Instruments & medical devices,17380011915.174107,2013-12-31,0.4067258431410107,5.0,9.0,68,74.81203007518798,22.74436090225564,True,77,53.984962406015036,119,False,False,266,Trane Technologies plc
2014-06-30,ISRG,ISRG,1035267.0,3842.0,Instruments & medical devices,15718961052.24115,2013-12-31,0.22275009069386195,5.625,8.0,169,36.84210526315789,35.714285714285715,False,169,36.39097744360902,204,False,False,266,INTUITIVE SURGICAL INC
2014-06-30,ITW,ITW,49826.0,3560.0,Machinery & computers,37201422917.805115,2013-12-31,0.2609846408684851,6.0,9.0,136,49.24812030075188,50.18796992481202,False,136,49.62406015037594,144,False,False,266,ILLINOIS TOOL WORKS INC
2014-06-30,JBL,JBL,898293.0,3672.0,Electronics & semis,4246157409.498539,2013-08-31,0.5499765493328218,5.0,9.0,32,88.34586466165413,22.74436090225564,True,69,62.10526315789473,73,False,False,266,JABIL INC
2014-06-30,JCI,JCI,53669.0,2531.0,Other manufacturing,31243337842.173363,2013-09-30,0.3941320246320842,5.0,9.0,75,72.18045112781954,22.74436090225564,True,80,52.406015037593974,129,False,False,266,JOHNSON CONTROLS INC
2014-06-30,JEC,J,52988.0,1600.0,Construction,7017693857.016892,2013-09-27,0.6003534901693359,5.625,8.0,20,92.85714285714286,35.714285714285715,True,56,70.0,47,False,False,266,JACOBS SOLUTIONS INC.
2014-06-30,JNJ,JNJ,200406.0,2834.0,Chemicals & pharma,295959702996.0906,2013-12-29,0.2502131176992639,6.0,9.0,146,45.48872180451128,50.18796992481202,False,146,47.368421052631575,151,False,False,266,JOHNSON & JOHNSON
2014-06-30,KDP,KDP,1418135.0,2080.0,Food & beverage mfg,11556318427.979706,2013-12-31,0.19703506910012247,8.0,9.0,184,31.203007518796994,94.54887218045113,False,184,56.541353383458656,99,False,False,266,Keurig Dr Pepper Inc.
2014-06-30,KLAC,KLAC,319201.0,3827.0,Instruments & medical devices,12038765913.88527,2013-06-30,0.28924492966374205,5.625,8.0,120,55.26315789473685,35.714285714285715,False,120,47.443609022556394,150,False,False,266,KLA CORP
2014-06-30,KMB,KMB,55785.0,2670.0,Other manufacturing,42197188689.67734,2013-12-31,0.11507875644777063,7.0,9.0,227,15.037593984962406,75.75187969924812,False,227,39.32330827067669,186,False,False,266,KIMBERLY CLARK CORP
2014-06-30,KMI,KMI,1506307.0,4922.0,Utilities,37372356805.44239,2013-12-31,0.35033915758005707,5.625,8.0,95,64.66165413533834,35.714285714285715,True,66,53.08270676691728,125,False,False,266,"KINDER MORGAN, INC."
2014-06-30,KMX,KMX,1170010.0,5500.0,Retail,11484103930.354969,2014-02-28,0.2888337671024084,2.0,9.0,121,54.88721804511278,0.37593984962406013,False,121,33.08270676691729,213,False,False,266,CARMAX INC
2014-06-30,KO,KO,21344.0,2080.0,Food & beverage mfg,186633636523.14377,2013-12-31,0.17774395129404413,6.0,9.0,197,26.31578947368421,50.18796992481202,False,197,35.86466165413533,207,False,False,266,COCA COLA CO
2014-06-30,KORS,CPRI,1530721.0,3100.0,Other manufacturing,18110582828.87652,2014-03-29,0.09972793349975488,3.375,8.0,234,12.406015037593985,1.3157894736842104,False,234,7.969924812030075,263,False,False,266,Capri Holdings Ltd
2014-06-30,KR,KR,56873.0,5411.0,Retail,25247145592.783302,2014-02-01,0.21325183000247655,6.0,9.0,177,33.83458646616541,50.18796992481202,False,177,40.37593984962406,180,False,False,266,KROGER CO
2014-06-30,KSS,KSS,885639.0,5311.0,Retail,10986810217.246704,2014-02-01,0.5441069684280109,7.0,9.0,33,87.96992481203007,75.75187969924812,True,17,83.08270676691728,13,True,True,266,KOHLS Corp
2014-06-30,LB,BBWI,701985.0,5990.0,Retail,17069997278.550632,2014-02-01,-0.021675457468579965,7.0,9.0,262,1.8796992481203008,75.75187969924812,False,262,31.42857142857143,218,False,False,266,"Bath & Body Works, Inc."
2014-06-30,LH,LH,920148.0,8071.0,Health services,8734720268.12439,2013-12-31,0.28521806348985207,5.0,9.0,124,53.75939849624061,22.74436090225564,False,124,41.35338345864662,177,False,False,266,LABCORP HOLDINGS INC.
2014-06-30,LLY,LLY,59478.0,2834.0,Chemicals & pharma,69612560382.02411,2013-12-31,0.2532790045825252,7.0,9.0,145,45.86466165413533,75.75187969924812,False,145,57.81954887218045,94,False,False,266,ELI LILLY & Co
2014-06-30,LMT,LMT,936468.0,3760.0,Transport equipment,51663486084.53172,2013-12-31,0.0951929568197,7.0,9.0,236,11.654135338345863,75.75187969924812,False,236,37.29323308270676,199,False,False,266,LOCKHEED MARTIN CORP
2014-06-30,LOW,LOW,60667.0,5211.0,Retail,48891081577.89238,2014-01-31,0.24243685386906438,7.0,9.0,152,43.233082706766915,75.75187969924812,False,152,56.24060150375939,102,False,False,266,LOWES COMPANIES INC
2014-06-30,LRCX,LRCX,707549.0,3559.0,Machinery & computers,11025675277.6207,2013-06-30,0.40712898638610023,5.0,9.0,66,75.56390977443608,22.74436090225564,True,76,54.4360902255639,116,False,False,266,LAM RESEARCH CORP
2014-06-30,LUV,LUV,92380.0,4512.0,Transportation,18855491178.361588,2013-12-31,0.38906438080057737,7.875,8.0,76,71.80451127819549,87.40601503759399,True,14,78.04511278195488,25,True,False,266,SOUTHWEST AIRLINES CO
2014-06-30,LYB,LYB,1489393.0,2860.0,Chemicals (other),53370750414.72134,2013-12-31,0.2337984739401036,7.0,9.0,160,40.225563909774436,75.75187969924812,False,160,54.43609022556391,115,False,False,266,LyondellBasell Industries N.V.
2014-06-30,M,M,794367.0,5311.0,Retail,21296162724.981537,2014-02-01,0.29343314477352245,7.0,9.0,115,57.14285714285714,75.75187969924812,False,115,64.58646616541353,66,False,False,266,"Macy's, Inc."
2014-06-30,MAR,MAR,1048286.0,7011.0,Services (hotels/personal),18898172503.23536,2013-12-31,-0.07487496474898579,7.875,8.0,265,0.7518796992481203,87.40601503759399,False,265,35.41353383458647,210,False,False,266,MARRIOTT INTERNATIONAL INC /MD/
2014-06-30,MAS,MAS,62996.0,3430.0,Other manufacturing,7912173711.772222,2013-12-31,0.06761732230474085,8.0,9.0,248,7.142857142857142,94.54887218045113,False,248,42.10526315789474,173,False,False,266,MASCO CORP /DE/
2014-06-30,MAT,MAT,63276.0,3942.0,Other manufacturing,13263887797.690338,2013-12-31,0.24514373535082218,6.0,9.0,150,43.984962406015036,50.18796992481202,False,150,46.46616541353383,154,False,False,266,MATTEL INC /DE/
2014-06-30,MCD,MCD,63908.0,5812.0,Retail,99720647502.14525,2013-12-31,0.16054548783044745,6.75,8.0,213,20.30075187969925,63.1578947368421,False,213,37.44360902255639,198,False,False,266,MCDONALDS CORP
2014-06-30,MCHP,MCHP,827054.0,3674.0,Electronics & semis,9776210281.548008,2014-03-31,0.21843443814118346,5.625,8.0,173,35.338345864661655,35.714285714285715,False,173,35.48872180451128,209,False,False,266,MICROCHIP TECHNOLOGY INC
2014-06-30,MCK,MCK,927653.0,5122.0,Wholesale,42935698724.191696,2014-03-31,0.19848285350480072,6.0,9.0,182,31.954887218045116,50.18796992481202,False,182,39.24812030075188,187,False,False,266,MCKESSON CORP
2014-06-30,MCO,MCO,1059556.0,7320.0,Business services & software,18732942782.592773,2013-12-31,0.01798969889093724,5.625,8.0,259,3.007518796992481,35.714285714285715,False,259,16.090225563909776,248,False,False,266,MOODYS CORP /DE/
2014-06-30,MDLZ,MDLZ,1103982.0,2000.0,Food & beverage mfg,63973719154.653534,2013-12-31,0.5060359226847474,6.0,9.0,35,87.21804511278195,50.18796992481202,True,45,72.40601503759399,38,False,False,266,"Mondelez International, Inc."
2014-06-30,MDT,MDT,64670.0,3845.0,Instruments & medical devices,63489922445.44289,2014-04-25,0.30623757678562985,4.0,9.0,106,60.526315789473685,6.203007518796992,False,106,38.796992481203006,191,False,False,266,MEDTRONIC INC
2014-06-30,MHK,MHK,851968.0,2273.0,Other manufacturing,10057984670.886993,2013-12-31,0.44353388337452976,4.0,9.0,55,79.69924812030075,6.203007518796992,True,97,50.30075187969925,137,False,False,266,MOHAWK INDUSTRIES INC
2014-06-30,MKC,MKC,63754.0,2090.0,Food & beverage mfg,9457038516.235352,2013-11-30,0.20595242333594074,7.0,9.0,180,32.70676691729324,75.75187969924812,False,180,49.92481203007519,142,False,False,266,MCCORMICK & CO INC
2014-06-30,MMM,MMM,66740.0,3841.0,Instruments & medical devices,94924034101.60161,2013-12-31,0.18437901597467712,6.0,9.0,193,27.819548872180448,50.18796992481202,False,193,36.76691729323308,202,False,False,266,3M CO
2014-06-30,MNST,MNST,865752.0,2086.0,Food & beverage mfg,11853285710.091316,2013-12-31,0.08371341282655673,7.875,8.0,244,8.646616541353383,87.40601503759399,False,244,40.150375939849624,181,False,False,266,Monster Beverage Corp
2014-06-30,MO,MO,764180.0,2111.0,Other manufacturing,83580274269.49216,2013-12-31,0.04928196319048796,7.0,9.0,256,4.135338345864661,75.75187969924812,False,256,32.78195488721804,214,False,False,266,"ALTRIA GROUP, INC."
2014-06-30,MPC,MPC,1510295.0,2911.0,Petroleum refining,22996629424.27613,2013-12-31,0.47485219675159984,6.75,8.0,43,84.21052631578947,63.1578947368421,True,37,75.78947368421052,30,False,False,266,Marathon Petroleum Corp
2014-06-30,MRK,MRK,310158.0,2834.0,Chemicals & pharma,170115011073.92285,2013-12-31,0.2925373821265826,5.0,9.0,116,56.766917293233085,22.74436090225564,False,116,43.1578947368421,169,False,False,266,"Merck & Co., Inc."
2014-06-30,MSFT,MSFT,789019.0,7372.0,Business services & software,347359188318.6524,2013-06-30,0.22726907090645365,6.0,9.0,165,38.34586466165413,50.18796992481202,False,165,43.08270676691729,170,False,False,266,MICROSOFT CORP
2014-06-30,MSI,MSI,68505.0,3663.0,Electronics & semis,16899817070.86644,2013-12-31,0.21651121930235226,5.0,9.0,174,34.962406015037594,22.74436090225564,False,174,30.075187969924812,225,False,False,266,"Motorola Solutions, Inc."
2014-06-30,MU,MU,723125.0,3674.0,Electronics & semis,34658637880.00202,2013-08-29,0.2637726281007402,6.0,9.0,134,50.0,50.18796992481202,False,134,50.07518796992481,140,False,False,266,MICRON TECHNOLOGY INC
2014-06-30,MUR,MUR,717423.0,1311.0,Oil & gas extraction,12177936916.849655,2013-12-31,0.7058445169071916,4.5,8.0,8,97.36842105263158,12.781954887218044,True,84,63.53383458646616,68,False,False,266,MURPHY OIL CORP
2014-06-30,NBR,NBR,1163739.0,1381.0,Oil & gas extraction,8708452001.7,2013-12-31,0.6854359418682859,4.0,9.0,10,96.61654135338345,6.203007518796992,True,92,60.45112781954887,80,False,False,266,NABORS INDUSTRIES LTD
2014-06-30,NFLX,NFLX,1065280.0,7841.0,Services (other),26351068432.56115,2013-12-31,0.05060747359876165,5.0,9.0,255,4.511278195488721,22.74436090225564,False,255,11.804511278195488,255,False,False,266,NETFLIX INC
2014-06-30,NI,NI,1111711.0,4931.0,Utilities,12352421546.71644,2013-12-31,0.4765543320989393,5.0,9.0,42,84.58646616541353,22.74436090225564,True,72,59.84962406015037,86,False,False,266,NISOURCE INC.
2014-06-30,NKE,NKE,320187.0,3021.0,Other manufacturing,69046836455.4401,2013-05-31,0.16157148643876842,8.0,9.0,209,21.804511278195488,94.54887218045113,False,209,50.902255639097746,132,False,False,266,"NIKE, Inc."
2014-06-30,NOC,NOC,1133421.0,3812.0,Instruments & medical devices,25928276382.95337,2013-12-31,0.4095914376700394,5.0,9.0,65,75.93984962406014,22.74436090225564,True,75,54.66165413533834,114,False,False,266,NORTHROP GRUMMAN CORP /DE/
2014-06-30,NOV,NOV,1021860.0,3533.0,Machinery & computers,39135645285.802826,2013-12-31,0.5680243634072476,4.0,9.0,28,89.84962406015038,6.203007518796992,True,94,56.39097744360902,100,False,False,266,NOV Inc.
2014-06-30,NRG,NRG,1013871.0,4911.0,Utilities,12098079306.921017,2013-12-31,0.8653439719155205,6.0,9.0,3,99.24812030075188,50.18796992481202,True,42,79.62406015037594,21,False,False,266,"NRG ENERGY, INC."
2014-06-30,NSC,NSC,702165.0,4011.0,Transportation,31909951423.39975,2013-12-31,0.353776784245485,7.875,8.0,94,65.0375939849624,87.40601503759399,True,16,73.98496240601503,35,True,False,266,NORFOLK SOUTHERN CORP
2014-06-30,NTAP,NTAP,1002047.0,3572.0,Machinery & computers,11814196556.166252,2014-04-25,0.32050423251369475,7.0,9.0,101,62.40601503759399,75.75187969924812,False,101,67.74436090225564,56,False,False,266,"NetApp, Inc."
2014-06-30,NUE,NUE,73309.0,3312.0,Other manufacturing,15679532838.25,2013-12-31,0.4876273469926511,5.0,9.0,40,85.33834586466166,22.74436090225564,True,71,60.30075187969925,83,False,False,266,NUCOR CORP
2014-06-30,NVDA,NVDA,1045810.0,3674.0,Electronics & semis,10275635625.195919,2014-01-26,0.43368587234378825,6.0,9.0,57,78.94736842105263,50.18796992481202,True,47,67.44360902255639,58,False,False,266,NVIDIA CORP
2014-06-30,NWL,NWL,814453.0,3089.0,Other manufacturing,8643110936.164856,2013-12-31,0.2396706481380848,7.0,9.0,156,41.72932330827068,75.75187969924812,False,156,55.338345864661655,108,False,False,266,NEWELL BRANDS INC.
2014-06-30,OI,OI,812074.0,3221.0,Other manufacturing,5707211580.959793,2013-12-31,0.2551158265898987,6.0,9.0,143,46.616541353383454,50.18796992481202,False,143,48.045112781954884,149,False,False,266,"O-I Glass, Inc. /DE/"
2014-06-30,OKE,OKE,1039684.0,4923.0,Utilities,14147983355.398956,2013-12-31,0.1652427021769051,4.0,9.0,206,22.932330827067666,6.203007518796992,False,206,16.240601503759397,247,False,False,266,ONEOK INC /NEW/
2014-06-30,OMC,OMC,29989.0,7311.0,Business services & software,18389353435.63153,2013-12-31,0.19480837173201965,5.625,8.0,186,30.451127819548873,35.714285714285715,False,186,32.55639097744361,216,False,False,266,OMNICOM GROUP INC.
2014-06-30,ORCL,ORCL,1341439.0,7372.0,Business services & software,180556645731.90308,2014-05-31,0.25963043237747185,6.75,8.0,139,48.1203007518797,63.1578947368421,False,139,54.13533834586466,118,False,False,266,ORACLE CORP
2014-06-30,OXY,OXY,797468.0,1311.0,Oil & gas extraction,81564982821.54994,2013-12-31,0.52873179774159,7.875,8.0,34,87.59398496240601,87.40601503759399,True,11,87.5187969924812,6,True,True,266,OCCIDENTAL PETROLEUM CORP /DE/
2014-06-30,PBI,PBI,78814.0,3579.0,Machinery & computers,5594030127.574539,2013-12-31,0.03367929662575625,4.5,8.0,258,3.3834586466165413,12.781954887218044,False,258,7.142857142857142,264,False,False,266,PITNEY BOWES INC /DE/
2014-06-30,PCG,PCG,1004980.0,4931.0,Utilities,21929313969.52713,2013-12-31,0.6540104273179532,4.5,8.0,13,95.48872180451127,12.781954887218044,True,85,62.40601503759398,72,False,False,266,PG&E Corp
2014-06-30,PEG,PEG,788784.0,4931.0,Utilities,20646469141.01786,2013-12-31,0.5622268834790088,4.5,8.0,29,89.47368421052632,12.781954887218044,True,88,58.796992481203006,90,False,False,266,PUBLIC SERVICE ENTERPRISE GROUP INC
2014-06-30,PEP,PEP,77476.0,2080.0,Food & beverage mfg,136017087745.80377,2013-12-28,0.1794553934695094,7.0,9.0,195,27.06766917293233,75.75187969924812,False,195,46.54135338345864,153,False,False,266,PEPSICO INC
2014-06-30,PFE,PFE,78003.0,2834.0,Chemicals & pharma,189445227686.48563,2013-12-31,0.40279188307810554,6.0,9.0,70,74.06015037593986,50.18796992481202,True,49,64.51127819548873,67,False,False,266,PFIZER INC
2014-06-30,PG,PG,80424.0,2840.0,Chemicals (other),215239180966.13934,2013-06-30,0.31922161983514075,8.0,9.0,102,62.03007518796993,94.54887218045113,False,102,75.03759398496241,32,False,False,266,PROCTER & GAMBLE Co
2014-06-30,PH,PH,76334.0,3490.0,Other manufacturing,18756319296.175148,2013-06-30,0.3059462738603623,5.0,9.0,107,60.150375939849624,22.74436090225564,False,107,45.18796992481203,160,False,False,266,Parker-Hannifin Corp
2014-06-30,PKI,RVTY,31791.0,3826.0,Instruments & medical devices,5285956033.3797455,2013-12-29,0.37731812133987064,7.0,9.0,82,69.54887218045113,75.75187969924812,True,25,72.03007518796991,41,False,False,266,"REVVITY, INC."
2014-06-30,PM,PM,1413329.0,2111.0,Other manufacturing,133647801165.5246,2013-12-31,-0.05810795188752641,5.0,9.0,263,1.5037593984962405,22.74436090225564,False,263,10.0,258,False,False,266,Philip Morris International Inc.
2014-06-30,PNR,PNR,77360.0,3550.0,Machinery & computers,14233326249.874847,2013-12-31,0.4282414309201685,7.0,9.0,59,78.19548872180451,75.75187969924812,True,21,77.21804511278195,26,False,False,266,PENTAIR plc
2014-06-30,PNW,PNW,764622.0,4931.0,Utilities,6373642146.254326,2013-12-31,0.6580962507386792,6.75,8.0,12,95.86466165413535,63.1578947368421,True,33,82.78195488721805,15,False,True,266,PINNACLE WEST CAPITAL CORP
2014-06-30,PPG,PPG,79879.0,2851.0,Chemicals (other),29108156625.14389,2013-12-31,0.16943704348971703,6.75,8.0,203,24.06015037593985,63.1578947368421,False,203,39.69924812030075,184,False,False,266,PPG INDUSTRIES INC
2014-06-30,PPL,PPL,922224.0,4911.0,Utilities,22409368796.542484,2013-12-31,0.5562851909476078,4.5,8.0,30,89.09774436090225,12.781954887218044,True,89,58.57142857142857,91,False,False,266,PPL Corp
2014-06-30,PRGO,PRGO,820096.0,2834.0,Chemicals & pharma,13717678896.150574,2013-06-29,0.16995586626934622,5.0,9.0,201,24.81203007518797,22.74436090225564,False,201,23.984962406015036,238,False,False,266,PERRIGO CO
2014-06-30,PSX,PSX,1534701.0,2911.0,Petroleum refining,47262622547.898705,2013-12-31,0.46442619593854717,6.75,8.0,49,81.95488721804512,63.1578947368421,True,38,74.4360902255639,33,False,False,266,Phillips 66
2014-06-30,PVH,PVH,78239.0,2320.0,Other manufacturing,9585016007.566261,2014-02-02,0.45228709024355074,4.0,9.0,53,80.45112781954887,6.203007518796992,True,96,50.75187969924812,134,False,False,266,PVH CORP. /DE/
2014-06-30,PWR,PWR,1050915.0,1731.0,Construction,7377761550.521774,2013-12-31,0.5739122864035294,6.75,8.0,27,90.22556390977444,63.1578947368421,True,35,79.3984962406015,23,False,False,266,"QUANTA SERVICES, INC."
2014-06-30,QCOM,QCOM,804328.0,3663.0,Electronics & semis,133803300145.85149,2013-09-29,0.26970934170280175,6.75,8.0,133,50.37593984962406,63.1578947368421,False,133,55.48872180451128,106,False,False,266,QUALCOMM INC/DE
2014-06-30,R,R,85961.0,7510.0,Services (other),4703993736.113861,2013-12-31,0.4032135471266473,5.0,9.0,69,74.43609022556392,22.74436090225564,True,78,53.7593984962406,121,False,False,266,RYDER SYSTEM INC
2014-06-30,REGN,REGN,872589.0,2834.0,Chemicals & pharma,27658615109.527588,2013-12-31,0.07057750333014925,4.5,8.0,247,7.518796992481203,12.781954887218044,False,247,9.62406015037594,260,False,False,266,"REGENERON PHARMACEUTICALS, INC."
2014-06-30,RHI,RHI,315213.0,7363.0,Business services & software,6563112729.769192,2013-12-31,0.1401229931384009,8.0,9.0,219,18.045112781954884,94.54887218045113,False,219,48.64661654135338,146,False,False,266,ROBERT HALF INC.
2014-06-30,RIG,RIG,1451505.0,1381.0,Oil & gas extraction,16256923157.876526,2013-12-31,1.0267010453274588,7.875,8.0,1,100.0,87.40601503759399,True,9,94.9624060150376,2,True,True,266,Transocean Ltd.
2014-06-30,RL,RL,1037038.0,2320.0,Other manufacturing,14574583221.435547,2014-03-29,0.2767832149098439,7.0,9.0,131,51.127819548872175,75.75187969924812,False,131,60.97744360902255,77,False,False,266,RALPH LAUREN CORP
2014-06-30,ROK,ROK,1024478.0,3829.0,Instruments & medical devices,17354769214.030518,2013-09-30,0.14897922110711473,7.0,9.0,216,19.172932330827066,75.75187969924812,False,216,41.80451127819549,174,False,False,266,"ROCKWELL AUTOMATION, INC"
2014-06-30,ROP,ROP,882835.0,3823.0,Instruments & medical devices,14534984535.907196,2013-12-31,0.2898558295395561,5.0,9.0,119,55.639097744360896,22.74436090225564,False,119,42.48120300751879,172,False,False,266,ROPER TECHNOLOGIES INC
2014-06-30,ROST,ROST,745732.0,5651.0,Retail,14083658893.412361,2014-02-01,0.14252702477329357,6.0,9.0,218,18.421052631578945,50.18796992481202,False,218,31.12781954887218,219,False,False,266,"ROSS STORES, INC."
2014-06-30,RRC,RRC,315852.0,1311.0,Oil & gas extraction,14232585193.866882,2013-12-31,0.1696425468115545,6.75,8.0,202,24.43609022556391,63.1578947368421,False,202,39.92481203007519,183,False,False,266,RANGE RESOURCES CORP
2014-06-30,RSG,RSG,1060391.0,4953.0,Utilities,13692514399.902649,2013-12-31,0.5772131961428641,8.0,9.0,25,90.97744360902256,94.54887218045113,True,4,92.40601503759399,3,True,True,266,"REPUBLIC SERVICES, INC."
2014-06-30,SBUX,SBUX,829224.0,5810.0,Retail,58313565930.17578,2013-09-29,0.07682946375401836,5.0,9.0,245,8.270676691729323,22.74436090225564,False,245,14.060150375939848,253,False,False,266,STARBUCKS CORP
2014-06-30,SHW,SHW,89800.0,5200.0,Retail,20752398219.96762,2013-12-31,0.08550987607266379,7.0,9.0,241,9.774436090225564,75.75187969924812,False,241,36.16541353383459,205,False,False,266,SHERWIN WILLIAMS CO
2014-06-30,SJM,SJM,91419.0,2033.0,Food & beverage mfg,10853564603.969536,2014-04-30,0.46340535884040307,7.0,9.0,50,81.57894736842105,75.75187969924812,True,20,79.24812030075188,24,True,False,266,J M SMUCKER Co
2014-06-30,SLB,SLB,87347.0,1389.0,Oil & gas extraction,154199613033.89435,2013-12-31,0.25596043481201464,6.75,8.0,142,46.99248120300752,63.1578947368421,False,142,53.45864661654136,123,False,False,266,SLB LIMITED/NV
2014-06-30,SNA,SNA,91440.0,3420.0,Other manufacturing,6888695927.326134,2013-12-28,0.30676343132193445,7.0,9.0,105,60.902255639097746,75.75187969924812,False,105,66.84210526315789,59,False,False,266,Snap-on Inc
2014-06-30,SO,SO,92122.0,4911.0,Utilities,40294746737.822914,2013-12-31,0.47172402208345493,4.5,8.0,46,83.0827067669173,12.781954887218044,True,91,54.962406015037594,111,False,False,266,SOUTHERN CO
2014-06-30,SPGI,SPGI,64040.0,7320.0,Business services & software,22501129541.000366,2013-12-31,0.057819319587018365,6.0,9.0,254,4.887218045112782,50.18796992481202,False,254,23.007518796992482,240,False,False,266,S&P Global Inc.
2014-06-30,SRE,SRE,1032208.0,4931.0,Utilities,25663355037.233566,2013-12-31,0.4289384604635322,7.875,8.0,58,78.57142857142857,87.40601503759399,True,13,82.10526315789474,17,True,True,266,SEMPRA
2014-06-30,STX,STX,1137789.0,3572.0,Machinery & computers,20274338478.72811,2013-06-28,0.17238540254553622,6.0,9.0,200,25.18796992481203,50.18796992481202,False,200,35.18796992481203,211,False,False,266,Seagate Technology Holdings plc
2014-06-30,SWK,SWK,93556.0,3420.0,Other manufacturing,13665224114.733147,2013-12-28,0.4975549572340676,5.0,9.0,36,86.8421052631579,22.74436090225564,True,70,61.203007518796994,75,False,False,266,"STANLEY BLACK & DECKER, INC."
2014-06-30,SYK,SYK,310764.0,3841.0,Instruments & medical devices,31862077208.20294,2013-12-31,0.28394256723697964,4.0,9.0,126,53.00751879699248,6.203007518796992,False,126,34.28571428571428,212,False,False,266,STRYKER CORP
2014-06-30,SYMC,GEN,849399.0,7372.0,Business services & software,15839792015.539684,2014-03-28,0.36597702762213247,7.0,9.0,83,69.17293233082707,75.75187969924812,True,26,71.80451127819549,42,False,False,266,Gen Digital Inc.
2014-06-30,SYY,SYY,96021.0,5140.0,Wholesale,22033611889.62347,2013-06-29,0.23563136293804993,4.0,9.0,159,40.6015037593985,6.203007518796992,False,159,26.842105263157894,231,False,False,266,SYSCO CORP
2014-06-30,T,T,732717.0,4813.0,Communications,184119524091.8045,2013-12-31,0.49686202726868783,7.0,9.0,37,86.46616541353383,75.75187969924812,True,18,82.18045112781954,16,True,True,266,AT&T INC.
2014-06-30,TAP,TAP,24545.0,2082.0,Food & beverage mfg,13571280670.166016,2013-12-31,0.63655746351124,5.0,9.0,16,94.3609022556391,22.74436090225564,True,68,65.71428571428572,63,False,False,266,MOLSON COORS BEVERAGE CO
2014-06-30,TDC,TDC,816761.0,7372.0,Business services & software,6399840121.459961,2013-12-31,0.29016349858070717,6.0,9.0,117,56.390977443609025,50.18796992481202,False,117,53.909774436090224,120,False,False,266,TERADATA CORP /DE/
2014-06-30,TEL,TEL,1385157.0,5065.0,Wholesale,25377537313.098125,2013-09-27,0.33021328652228304,7.0,9.0,100,62.78195488721805,75.75187969924812,True,30,67.96992481203009,55,False,False,266,TE Connectivity plc
2014-06-30,TGT,TGT,27419.0,5331.0,Retail,36692473884.47395,2014-02-01,0.4423522941272156,5.0,9.0,56,79.32330827067669,22.74436090225564,True,74,56.691729323308266,98,False,False,266,TARGET CORP
2014-06-30,TJX,TJX,109198.0,5651.0,Retail,37400767086.835464,2014-02-01,0.11309642366904453,5.625,8.0,229,14.285714285714285,35.714285714285715,False,229,22.857142857142858,241,False,False,266,TJX COMPANIES INC /DE/
2014-06-30,TMO,TMO,97745.0,3829.0,Instruments & medical devices,46231478892.0,2013-12-31,0.3646022235061318,7.0,9.0,86,68.04511278195488,75.75187969924812,True,28,71.12781954887217,45,False,False,266,THERMO FISHER SCIENTIFIC INC.
2014-06-30,TPR,TPR,1116132.0,3100.0,Other manufacturing,9639319927.342697,2013-06-29,0.24993028742268755,7.0,9.0,147,45.11278195488722,75.75187969924812,False,147,57.368421052631575,96,False,False,266,"TAPESTRY, INC."
2014-06-30,TRIP,TRIP,1526520.0,7370.0,Business services & software,14062461364.679535,2013-12-31,0.061474302227866096,5.625,8.0,251,6.015037593984962,35.714285714285715,False,251,17.894736842105264,246,False,False,266,"TripAdvisor, Inc."
2014-06-30,TSCO,TSCO,916365.0,5200.0,Retail,8429381002.362356,2013-12-28,0.14792236816090704,7.875,8.0,217,18.796992481203006,87.40601503759399,False,217,46.24060150375939,155,False,False,266,TRACTOR SUPPLY CO /DE/
2014-06-30,TXN,TXN,97476.0,3674.0,Electronics & semis,51814587622.517555,2013-12-31,0.20857060715665138,7.0,9.0,179,33.08270676691729,75.75187969924812,False,179,50.150375939849624,138,False,False,266,TEXAS INSTRUMENTS INC
2014-06-30,UAA,UAA,1336917.0,2300.0,Other manufacturing,12534305393.64624,2013-12-31,0.08403768433262805,6.0,9.0,243,9.022556390977442,50.18796992481202,False,243,25.48872180451128,235,False,False,266,"Under Armour, Inc."
2014-06-30,UNP,UNP,100885.0,4011.0,Transportation,90783992995.5,2013-12-31,0.2337967223038106,7.875,8.0,161,39.849624060150376,87.40601503759399,False,161,58.87218045112782,89,False,False,266,UNION PACIFIC CORP
2014-06-30,UPS,UPS,1090727.0,4210.0,Transportation,96500403442.38281,2013-12-31,0.06708780242421898,7.875,8.0,249,6.7669172932330826,87.40601503759399,False,249,39.02255639097744,190,False,False,266,UNITED PARCEL SERVICE INC
2014-06-30,URBN,URBN,912615.0,5651.0,Retail,4894833956.813004,2014-01-31,0.34611388556744094,5.625,8.0,96,64.28571428571429,35.714285714285715,True,67,52.85714285714286,126,False,False,266,URBAN OUTFITTERS INC
2014-06-30,UTX,RTX,101829.0,3724.0,Transport equipment,105664047642.17053,2013-12-31,0.3015784527573055,6.0,9.0,111,58.64661654135338,50.18796992481202,False,111,55.26315789473684,109,False,False,266,RTX Corp
2014-06-30,VFC,VFC,103379.0,2320.0,Other manufacturing,27744684521.410397,2013-12-28,0.21903431611595325,9.0,9.0,172,35.714285714285715,99.43609022556392,False,172,61.203007518796994,76,False,False,266,V F CORP
2014-06-30,VMC,VMC,1396009.0,1400.0,Mining (other),8323467176.25,2013-12-31,0.47313288039831597,8.0,9.0,45,83.45864661654136,94.54887218045113,True,5,87.89473684210526,5,True,True,266,Vulcan Materials CO
2014-06-30,VRSN,VRSN,1014473.0,7371.0,Business services & software,6524088138.5281105,2013-12-31,-0.06492217624999136,6.0,9.0,264,1.1278195488721803,50.18796992481202,False,264,20.75187969924812,245,False,False,266,VERISIGN INC/CA
2014-06-30,VRTX,VRTX,875320.0,2834.0,Chemicals & pharma,22322887540.511887,2013-12-31,0.06076297242184182,3.375,8.0,252,5.639097744360902,1.3157894736842104,False,252,3.9097744360902253,266,False,False,266,VERTEX PHARMACEUTICALS INC / MA
2014-06-30,VZ,VZ,732712.0,4813.0,Communications,202626018112.34586,2013-12-31,0.4708970787112673,7.0,9.0,47,82.70676691729322,75.75187969924812,True,19,79.92481203007517,20,True,True,266,VERIZON COMMUNICATIONS INC
2014-06-30,WDC,WDC,106040.0,3572.0,Machinery & computers,21874737144.59894,2013-06-28,0.3608271929314976,6.0,9.0,89,66.9172932330827,50.18796992481202,True,51,60.22556390977443,85,False,False,266,WESTERN DIGITAL CORP
2014-06-30,WEC,WEC,783325.0,4931.0,Utilities,10601399794.599976,2013-12-31,0.39928689437371834,9.0,8.0,72,73.30827067669173,99.43609022556392,True,1,83.7593984962406,12,True,True,266,"WEC ENERGY GROUP, INC."
2014-06-30,WHR,WHR,106640.0,3630.0,Electronics & semis,10784112439.796814,2013-12-31,0.45659761315440944,8.0,9.0,52,80.82706766917293,94.54887218045113,True,6,86.31578947368422,8,True,True,266,WHIRLPOOL CORP /DE/
2014-06-30,WM,WM,823768.0,4953.0,Utilities,20791482255.97143,2013-12-31,0.2744874044928142,6.0,9.0,132,50.75187969924813,50.18796992481202,False,132,50.526315789473685,135,False,False,266,WASTE MANAGEMENT INC
2014-06-30,WMB,WMB,107263.0,4922.0,Utilities,39839940593.14709,2013-12-31,0.12208853546424871,4.5,8.0,223,16.541353383458645,12.781954887218044,False,223,15.037593984962404,250,False,False,266,"WILLIAMS COMPANIES, INC."
2014-06-30,WMT,WMT,104169.0,5331.0,Retail,242414190208.44058,2014-01-31,0.31456491855708574,5.0,9.0,103,61.65413533834586,22.74436090225564,False,103,46.09022556390977,157,False,False,266,Walmart Inc.
2014-06-30,WYNN,WYNN,1174922.0,7011.0,Services (hotels/personal),21007607513.41986,2013-12-31,-0.008782865915699118,6.75,8.0,261,2.2556390977443606,63.1578947368421,False,261,26.616541353383457,233,False,False,266,WYNN RESORTS LTD
2014-06-30,XEL,XEL,72903.0,4931.0,Utilities,16059827297.62178,2013-12-31,0.5956446369393134,4.5,8.0,22,92.10526315789474,12.781954887218044,True,87,60.37593984962406,82,False,False,266,XCEL ENERGY INC
2014-06-30,XOM,XOM,34088.0,2911.0,Petroleum refining,435062297928.65735,2013-12-31,0.3999496183154291,5.625,8.0,71,73.68421052631578,35.714285714285715,True,62,58.49624060150375,93,False,False,266,EXXON MOBIL CORP
2014-06-30,XRAY,XRAY,818479.0,3843.0,Instruments & medical devices,6714869245.359764,2013-12-31,0.37752827454560195,7.0,9.0,81,69.92481203007519,75.75187969924812,True,24,72.25563909774436,40,False,False,266,DENTSPLY SIRONA Inc.
2014-06-30,XYL,XYL,1524472.0,3561.0,Machinery & computers,7217352303.001877,2013-12-31,0.3105016778892603,5.0,9.0,104,61.278195488721806,22.74436090225564,False,104,45.86466165413534,158,False,False,266,Xylem Inc.
2014-06-30,YUM,YUM,1041061.0,5812.0,Retail,35966021195.369484,2013-12-28,0.06022350896792737,4.0,9.0,253,5.263157894736842,6.203007518796992,False,253,5.639097744360901,265,False,False,266,YUM BRANDS INC
2014-06-30,ZBH,ZBH,1136869.0,3842.0,Instruments & medical devices,17585169638.064816,2013-12-31,0.3581028861028943,5.0,9.0,91,66.16541353383458,22.74436090225564,True,82,48.796992481203,145,False,False,266,"ZIMMER BIOMET HOLDINGS, INC."
2015-06-30,A,A,1090872.0,3826.0,Instruments & medical devices,12936715735.152557,2014-10-31,0.409532072008346,6.0,9.0,67,76.0,48.90909090909091,True,57,65.16363636363636,78,False,False,275,"AGILENT TECHNOLOGIES, INC."
2015-06-30,AAL,AAL,6201.0,4512.0,Transportation,27824194052.29702,2014-12-31,0.0726346285610798,5.625,8.0,246,10.909090909090908,37.09090909090909,False,246,21.381818181818183,249,False,False,275,American Airlines Group Inc.
2015-06-30,AAPL,AAPL,320193.0,3571.0,Machinery & computers,735626882989.8071,2014-09-27,0.15163529579919607,5.0,9.0,211,23.636363636363637,26.181818181818183,False,211,24.654545454545456,241,False,False,275,Apple Inc.
2015-06-30,ABBV,ABBV,1551152.0,2834.0,Chemicals & pharma,107093265307.03546,2014-12-31,0.01626619559134462,5.0,9.0,266,3.6363636363636362,26.181818181818183,False,266,12.654545454545456,265,False,False,275,AbbVie Inc.
2015-06-30,ABC,COR,1140859.0,5122.0,Wholesale,23255692548.586456,2014-09-30,0.08414709628240874,6.0,9.0,241,12.727272727272727,48.90909090909091,False,241,27.2,231,False,False,275,"Cencora, Inc."
2015-06-30,ABT,ABT,1800.0,2834.0,Chemicals & pharma,74060634561.26093,2014-12-31,0.2906537343019156,7.0,9.0,117,57.81818181818181,76.54545454545455,False,117,65.30909090909091,75,False,False,275,ABBOTT LABORATORIES
2015-06-30,ACN,ACN,1467373.0,7389.0,Business services & software,61379447900.81024,2014-08-31,0.09338687779113006,7.0,9.0,236,14.545454545454545,76.54545454545455,False,236,39.345454545454544,185,False,False,275,Accenture plc
2015-06-30,ADBE,ADBE,796343.0,7372.0,Business services & software,40368423146.12368,2014-11-28,0.16785161450257555,4.0,9.0,195,29.454545454545457,7.454545454545454,False,195,20.654545454545453,251,False,False,275,ADOBE INC.
2015-06-30,ADI,ADI,6281.0,3674.0,Electronics & semis,19976244959.71765,2014-11-01,0.23817774609764542,3.375,8.0,153,44.72727272727273,2.727272727272727,False,153,27.927272727272726,228,False,False,275,ANALOG DEVICES INC
2015-06-30,ADM,ADM,7084.0,2070.0,Food & beverage mfg,30585361094.157166,2014-12-31,0.6418103072109876,6.0,9.0,30,89.45454545454545,48.90909090909091,True,51,73.23636363636363,44,False,False,275,Archer-Daniels-Midland Co
2015-06-30,ADP,ADP,8670.0,7374.0,Business services & software,43946697573.30101,2014-06-30,0.15177932286890095,7.875,8.0,210,24.0,86.18181818181819,False,210,48.872727272727275,147,False,False,275,AUTOMATIC DATA PROCESSING INC
2015-06-30,ADSK,ADSK,769397.0,7372.0,Business services & software,11378392561.303528,2015-01-31,0.19503633646348414,5.0,9.0,180,34.909090909090914,26.181818181818183,False,180,31.41818181818182,219,False,False,275,"Autodesk, Inc."
2015-06-30,AEE,AEE,1002910.0,4931.0,Utilities,9142479262.686264,2014-12-31,0.7342647226336252,6.75,8.0,20,93.0909090909091,63.272727272727266,True,34,81.16363636363636,16,False,True,275,AMEREN CORP
2015-06-30,AEP,AEP,4904.0,4911.0,Utilities,25923654571.405243,2014-12-31,0.6488282720196823,6.75,8.0,28,90.18181818181819,63.272727272727266,True,37,79.41818181818182,24,False,False,275,AMERICAN ELECTRIC POWER CO INC
2015-06-30,AES,AES,874761.0,4991.0,Utilities,9316930329.080217,2014-12-31,0.4585201186560487,7.875,8.0,55,80.36363636363636,86.18181818181819,True,13,82.69090909090909,12,True,True,275,AES CORP
2015-06-30,AKAM,AKAM,1086222.0,7389.0,Business services & software,12486172160.964272,2014-12-31,0.23588774542193564,6.75,8.0,156,43.63636363636363,63.272727272727266,False,156,51.490909090909085,134,False,False,275,AKAMAI TECHNOLOGIES INC
2015-06-30,AMAT,AMAT,6951.0,3674.0,Electronics & semis,23476690674.541748,2014-10-26,0.3351409323006544,8.0,9.0,99,64.36363636363637,92.72727272727272,True,11,75.70909090909092,36,True,False,275,APPLIED MATERIALS INC /DE
2015-06-30,AME,AME,1037868.0,3823.0,Instruments & medical devices,13205726219.48706,2014-12-31,0.2453148691830014,5.625,8.0,147,46.909090909090914,37.09090909090909,False,147,42.981818181818184,167,False,False,275,AMETEK INC/
2015-06-30,AMGN,AMGN,318154.0,2836.0,Chemicals & pharma,116500390939.32529,2014-12-31,0.22126964375102803,5.0,9.0,167,39.63636363636363,26.181818181818183,False,167,34.25454545454545,209,False,False,275,AMGEN INC
2015-06-30,AMZN,AMZN,1018724.0,5961.0,Retail,201584425922.85352,2014-12-31,0.053282886070328606,4.0,9.0,254,8.0,7.454545454545454,False,254,7.781818181818181,270,False,False,275,AMAZON COM INC
2015-06-30,AN,AN,350698.0,5500.0,Retail,7153148182.168076,2014-12-31,0.28967664966951084,6.0,9.0,118,57.45454545454546,48.90909090909091,False,118,54.03636363636364,126,False,False,275,"AUTONATION, INC."
2015-06-30,APD,APD,2969.0,2810.0,Chemicals & pharma,29242047727.27349,2014-09-30,0.25189070439585054,6.0,9.0,143,48.36363636363637,48.90909090909091,False,143,48.58181818181818,151,False,False,275,"Air Products & Chemicals, Inc."
2015-06-30,APH,APH,820313.0,3678.0,Electronics & semis,17982039310.65674,2014-12-31,0.161683552670079,6.0,9.0,202,26.90909090909091,48.90909090909091,False,202,35.709090909090904,201,False,False,275,AMPHENOL CORP /DE/
2015-06-30,APTV,APTV,1521332.0,3714.0,Transport equipment,24699842227.569904,2014-12-31,0.10162008230151139,6.0,9.0,231,16.363636363636363,48.90909090909091,False,231,29.381818181818183,224,False,False,275,Aptiv PLC
2015-06-30,ATI,ATI,1018963.0,3317.0,Other manufacturing,3280609533.2776947,2014-12-31,0.7920479330570952,5.0,9.0,18,93.81818181818183,26.181818181818183,True,74,66.76363636363637,68,False,False,275,ATI INC
2015-06-30,AVGO,AVGO,1441634.0,3674.0,Electronics & semis,33941220449.03724,2014-11-02,0.09554753650857566,4.0,9.0,234,15.272727272727273,7.454545454545454,False,234,12.145454545454546,266,False,False,275,Avago Technologies LTD
2015-06-30,AVY,AVY,8818.0,2670.0,Other manufacturing,5514729891.464825,2015-01-03,0.19339115804214227,6.0,9.0,181,34.54545454545455,48.90909090909091,False,181,40.29090909090909,180,False,False,275,Avery Dennison Corp
2015-06-30,AZO,AZO,866787.0,5531.0,Retail,21367945612.943726,2014-08-30,-0.07590140060154182,7.0,9.0,271,1.8181818181818181,76.54545454545455,False,271,31.70909090909091,216,False,False,275,AUTOZONE INC
2015-06-30,BA,BA,12927.0,3721.0,Transport equipment,97712650535.20816,2014-12-31,0.08867838455449326,8.0,9.0,238,13.818181818181818,92.72727272727272,False,238,45.381818181818176,161,False,False,275,BOEING CO
2015-06-30,BAX,BAX,10456.0,3841.0,Instruments & medical devices,37942721844.93755,2014-12-31,0.21400678720900457,6.0,9.0,172,37.81818181818182,48.90909090909091,False,172,42.25454545454545,170,False,False,275,BAXTER INTERNATIONAL INC
2015-06-30,BBY,BBY,764478.0,5731.0,Retail,11484773478.817047,2015-01-31,0.4349236847564271,6.0,9.0,61,78.18181818181819,48.90909090909091,True,56,66.47272727272727,70,False,False,275,BEST BUY CO INC
2015-06-30,BDX,BDX,10795.0,3841.0,Instruments & medical devices,27193606370.882603,2014-09-30,0.18581573665089418,5.0,9.0,188,32.0,26.181818181818183,False,188,29.672727272727272,223,False,False,275,BECTON DICKINSON & CO
2015-06-30,BF.B,BF-B,14693.0,2080.0,Food & beverage mfg,20907565267.562866,2015-04-30,0.09111534392555601,5.0,9.0,237,14.181818181818182,26.181818181818183,False,237,18.981818181818184,255,False,False,275,BROWN FORMAN CORP
2015-06-30,BIIB,BIIB,875045.0,2836.0,Chemicals & pharma,94770171200.34924,2014-12-31,0.11405498020204238,9.0,9.0,224,18.90909090909091,98.72727272727273,False,224,50.83636363636364,138,False,False,275,BIOGEN INC.
2015-06-30,BKNG,BKNG,1075531.0,4700.0,Transportation,59801223908.605484,2014-12-31,0.1432528205959885,5.0,9.0,212,23.272727272727273,26.181818181818183,False,212,24.436363636363637,242,False,False,275,Booking Holdings Inc.
2015-06-30,BLL,BALL,9389.0,3411.0,Other manufacturing,9634612361.068802,2014-12-31,0.10722797776218934,7.0,9.0,228,17.454545454545457,76.54545454545455,False,228,41.09090909090909,176,False,False,275,BALL Corp
2015-06-30,BMY,BMY,14272.0,2834.0,Chemicals & pharma,110597362918.55489,2014-12-31,0.13428891619176467,6.0,9.0,215,22.181818181818183,48.90909090909091,False,215,32.872727272727275,214,False,False,275,BRISTOL MYERS SQUIBB CO
2015-06-30,BSX,BSX,885725.0,3841.0,Instruments & medical devices,23550069911.000378,2014-12-31,0.27418177629204815,4.0,9.0,128,53.81818181818182,7.454545454545454,False,128,35.27272727272727,204,False,False,275,BOSTON SCIENTIFIC CORP
2015-06-30,BWA,BWA,908255.0,3714.0,Transport equipment,12870626315.743155,2014-12-31,0.2809653478616436,7.0,9.0,123,55.63636363636364,76.54545454545455,False,123,64.0,82,False,False,275,BORGWARNER INC
2015-06-30,CAG,CAG,23217.0,2000.0,Food & beverage mfg,18471632521.515553,2014-05-25,0.28467976470812517,5.0,9.0,122,56.00000000000001,26.181818181818183,False,122,44.07272727272728,165,False,False,275,CONAGRA BRANDS INC.
2015-06-30,CAH,CAH,721371.0,5122.0,Wholesale,28161122503.39351,2014-06-30,0.22729917812149208,7.0,9.0,163,41.090909090909086,76.54545454545455,False,163,55.27272727272727,123,False,False,275,CARDINAL HEALTH INC
2015-06-30,CAT,CAT,18230.0,3531.0,Machinery & computers,51415047349.39265,2014-12-31,0.3272582807452916,7.0,9.0,102,63.272727272727266,76.54545454545455,False,102,68.58181818181818,60,False,False,275,CATERPILLAR INC
2015-06-30,CF,CF,1324404.0,2870.0,Chemicals (other),15397602624.39331,2014-12-31,0.27339970401177105,3.0,9.0,129,53.45454545454545,0.9090909090909091,False,129,32.43636363636364,215,False,False,275,"CF Industries Holdings, Inc."
2015-06-30,CHRW,CHRW,1043277.0,4731.0,Transportation,9129449812.118027,2014-12-31,0.11468544343277277,9.0,9.0,223,19.272727272727273,98.72727272727273,False,223,51.05454545454546,135,False,False,275,"C. H. ROBINSON WORLDWIDE, INC."
2015-06-30,CL,CL,21665.0,2844.0,Chemicals (other),59332221374.252625,2014-12-31,0.019298114472701605,5.0,9.0,262,5.090909090909091,26.181818181818183,False,262,13.52727272727273,264,False,False,275,COLGATE PALMOLIVE CO
2015-06-30,CLX,CLX,21076.0,2842.0,Chemicals (other),13402501924.214424,2014-06-30,0.011490391933596128,6.0,9.0,267,3.272727272727273,48.90909090909091,False,267,21.527272727272727,248,False,False,275,CLOROX CO /DE/
2015-06-30,CMCSA,CMCSA,1166691.0,4841.0,Communications,155341619044.2238,2014-12-31,0.3393231017181162,7.875,8.0,97,65.0909090909091,86.18181818181819,True,17,73.52727272727273,42,True,False,275,COMCAST CORP
2015-06-30,CMI,CMI,26172.0,3510.0,Machinery & computers,23869467715.97357,2014-12-31,0.32464067034114585,5.0,9.0,103,62.909090909090914,26.181818181818183,False,103,48.218181818181826,152,False,False,275,CUMMINS INC
2015-06-30,CMS,CMS,811156.0,4931.0,Utilities,8762368041.992188,2014-12-31,0.41883654993857106,5.625,8.0,63,77.45454545454545,37.09090909090909,True,72,61.309090909090905,92,False,False,275,CMS ENERGY CORP
2015-06-30,CNP,CNP,1130310.0,4911.0,Utilities,8179145733.212095,2014-12-31,0.556048290169531,6.75,8.0,38,86.54545454545455,63.272727272727266,True,39,77.23636363636363,32,False,False,275,CENTERPOINT ENERGY INC
2015-06-30,CNX,CNX,1070412.0,1311.0,Oil & gas extraction,5005960961.215649,2014-12-31,1.0646223654740194,4.5,8.0,5,98.54545454545455,14.727272727272728,True,86,65.01818181818182,79,False,False,275,CNX Resources Corp
2015-06-30,COP,COP,1163165.0,2911.0,Petroleum refining,75624060843.97386,2014-12-31,0.6864349708368848,4.5,8.0,24,91.63636363636364,14.727272727272728,True,90,60.872727272727275,95,False,False,275,CONOCOPHILLIPS
2015-06-30,COST,COST,909832.0,5331.0,Retail,59124143835.32495,2014-08-31,0.20808757982638754,6.0,9.0,175,36.72727272727273,48.90909090909091,False,175,41.599999999999994,173,False,False,275,COSTCO WHOLESALE CORP /NEW
2015-06-30,CPB,CPB,16732.0,2000.0,Food & beverage mfg,14972600681.11222,2014-08-03,0.10786369278099465,6.0,9.0,227,17.81818181818182,48.90909090909091,False,227,30.254545454545454,222,False,False,275,CAMPBELL'S Co
2015-06-30,CRM,CRM,1108524.0,7372.0,Business services & software,45301276213.07373,2015-01-31,0.08774991197384371,4.5,8.0,240,13.090909090909092,14.727272727272728,False,240,13.745454545454546,263,False,False,275,"Salesforce, Inc."
2015-06-30,CSCO,CSCO,858877.0,3576.0,Machinery & computers,140024114352.28006,2014-07-26,0.4046017377940122,5.0,9.0,69,75.27272727272727,26.181818181818183,True,80,55.63636363636363,121,False,False,275,"CISCO SYSTEMS, INC."
2015-06-30,CSX,CSX,277948.0,4011.0,Transportation,32341941125.729507,2014-12-26,0.3455574900885889,6.75,8.0,92,66.9090909090909,63.272727272727266,True,47,65.45454545454545,74,False,False,275,CSX CORP
2015-06-30,CTAS,CTAS,723254.0,2320.0,Other manufacturing,9846587541.636963,2014-05-31,0.2227023312114325,8.0,9.0,166,40.0,92.72727272727272,False,166,61.090909090909086,94,False,False,275,CINTAS CORP
2015-06-30,CTL,LUMN,18926.0,4813.0,Communications,16643273854.608438,2014-12-31,0.902646926995088,7.0,9.0,9,97.0909090909091,76.54545454545455,True,18,88.87272727272727,3,True,True,275,"Lumen Technologies, Inc."
2015-06-30,CTSH,CTSH,1058290.0,7371.0,Business services & software,37241476659.77011,2014-12-31,0.2078386437442564,3.375,8.0,176,36.36363636363637,2.727272727272727,False,176,22.90909090909091,246,False,False,275,COGNIZANT TECHNOLOGY SOLUTIONS CORP
2015-06-30,CVS,CVS,64803.0,5912.0,Retail,118016504175.72104,2014-12-31,0.32163298061669676,6.0,9.0,105,62.18181818181818,48.90909090909091,False,105,56.87272727272727,113,False,False,275,CVS HEALTH Corp
2015-06-30,CVX,CVX,93410.0,2911.0,Petroleum refining,181381007605.48212,2014-12-31,0.8547091123079327,4.5,8.0,14,95.27272727272728,14.727272727272728,True,87,63.054545454545455,87,False,False,275,CHEVRON CORP
2015-06-30,D,D,715957.0,4911.0,Utilities,39328796830.45956,2014-12-31,0.2938050723954725,3.375,8.0,116,58.18181818181818,2.727272727272727,False,116,36.0,198,False,False,275,"DOMINION ENERGY, INC"
2015-06-30,DAL,DAL,27904.0,4512.0,Transportation,33861081425.326492,2014-12-31,0.2602693011868278,6.75,8.0,137,50.54545454545455,63.272727272727266,False,137,55.63636363636364,120,False,False,275,"DELTA AIR LINES, INC."
2015-06-30,DD,DD,30554.0,2820.0,Chemicals & pharma,46330033978.337555,2014-12-31,0.28750248718202986,6.0,9.0,121,56.36363636363636,48.90909090909091,False,121,53.381818181818176,129,False,False,275,DUPONT E I DE NEMOURS & CO
2015-06-30,DE,DE,315189.0,3523.0,Machinery & computers,33413889418.9068,2014-10-31,0.27122254121281825,4.5,8.0,132,52.36363636363637,14.727272727272728,False,132,37.30909090909091,191,False,False,275,DEERE & CO
2015-06-30,DG,DG,29534.0,5331.0,Retail,23587516357.094673,2015-01-30,0.24207881463885153,7.0,9.0,150,45.81818181818182,76.54545454545455,False,150,58.10909090909091,106,False,False,275,DOLLAR GENERAL CORP
2015-06-30,DGX,DGX,1022079.0,8071.0,Health services,10465455136.596542,2014-12-31,0.41097113731440854,4.0,9.0,66,76.36363636363637,7.454545454545454,True,95,48.800000000000004,149,False,False,275,QUEST DIAGNOSTICS INC
2015-06-30,DHR,DHR,313616.0,3823.0,Instruments & medical devices,60407516138.614685,2014-12-31,0.38700647691514445,5.0,9.0,76,72.72727272727273,26.181818181818183,True,81,54.10909090909092,125,False,False,275,DANAHER CORP /DE/
2015-06-30,DIS,DIS,1001039.0,4841.0,Communications,193548434470.90024,2014-09-27,0.2322829431449593,6.75,8.0,158,42.90909090909091,63.272727272727266,False,158,51.05454545454545,137,False,False,275,WALT DISNEY CO/
2015-06-30,DLTR,DLTR,935703.0,5331.0,Retail,16252971217.80951,2015-01-31,0.10982607278871272,7.0,9.0,226,18.181818181818183,76.54545454545455,False,226,41.52727272727273,174,False,False,275,"DOLLAR TREE, INC."
2015-06-30,DOV,DOV,29905.0,3530.0,Machinery & computers,11442507499.45913,2014-12-31,0.32341905829425305,6.0,9.0,104,62.54545454545455,48.90909090909091,False,104,57.090909090909086,111,False,False,275,DOVER Corp
2015-06-30,DRI,DRI,940944.0,5812.0,Retail,9404913894.046524,2014-05-25,0.2293375595246391,5.0,9.0,161,41.81818181818181,26.181818181818183,False,161,35.56363636363636,202,False,False,275,DARDEN RESTAURANTS INC
2015-06-30,DTE,DTE,936340.0,4911.0,Utilities,13228408384.634264,2014-12-31,0.6294786007417492,6.75,8.0,32,88.72727272727273,63.272727272727266,True,38,78.54545454545455,28,False,False,275,DTE ENERGY CO
2015-06-30,DUK,DUK,1326160.0,4931.0,Utilities,49966771087.4881,2014-12-31,0.8180436540202071,4.5,8.0,17,94.18181818181817,14.727272727272728,True,88,62.39999999999999,88,False,False,275,Duke Energy CORP
2015-06-30,DVN,DVN,1090012.0,1311.0,Oil & gas extraction,24456339690.0177,2014-12-31,0.8807123336118665,5.625,8.0,12,96.0,37.09090909090909,True,64,72.43636363636364,48,False,False,275,DEVON ENERGY CORP/DE
2015-06-30,EBAY,EBAY,1065088.0,7389.0,Business services & software,72893219095.64737,2014-12-31,0.27308438627028114,4.0,9.0,130,53.090909090909086,7.454545454545454,False,130,34.836363636363636,205,False,False,275,EBAY INC
2015-06-30,ECL,ECL,31462.0,2840.0,Chemicals (other),33836201253.056137,2014-12-31,0.2162151698202001,7.0,9.0,171,38.18181818181819,76.54545454545455,False,171,53.52727272727273,127,False,False,275,ECOLAB INC.
2015-06-30,EFX,EFX,33185.0,7320.0,Business services & software,11600978605.646057,2014-12-31,0.18964779393087042,7.0,9.0,185,33.09090909090909,76.54545454545455,False,185,50.472727272727276,139,False,False,275,EQUIFAX INC
2015-06-30,EIX,EIX,827052.0,4911.0,Utilities,18108587426.058136,2014-12-31,0.7168974417805217,9.0,8.0,21,92.72727272727272,98.72727272727273,True,1,95.12727272727273,1,True,True,275,EDISON INTERNATIONAL
2015-06-30,EL,EL,1001250.0,2844.0,Chemicals (other),33468093414.30664,2014-06-30,0.1151813445803322,8.0,9.0,222,19.636363636363637,92.72727272727272,False,222,48.87272727272727,148,False,False,275,ESTEE LAUDER COMPANIES INC
2015-06-30,EMN,EMN,915389.0,2821.0,Chemicals & pharma,12162334804.556396,2014-12-31,0.2885959033692316,4.0,9.0,119,57.09090909090909,7.454545454545454,False,119,37.23636363636364,193,False,False,275,EASTMAN CHEMICAL CO
2015-06-30,EMR,EMR,32604.0,3600.0,Electronics & semis,38448177729.980545,2014-09-30,0.26318542509518095,7.0,9.0,136,50.90909090909091,76.54545454545455,False,136,61.163636363636364,93,False,False,275,EMERSON ELECTRIC CO
2015-06-30,EOG,EOG,821189.0,1311.0,Oil & gas extraction,48016361686.37132,2014-12-31,0.36888638326438283,7.875,8.0,86,69.0909090909091,86.18181818181819,True,16,75.92727272727274,35,True,False,275,EOG RESOURCES INC
2015-06-30,ES,ES,72741.0,4911.0,Utilities,14404222920.248547,2014-12-31,0.6926312551005597,6.75,8.0,23,92.0,63.272727272727266,True,35,80.5090909090909,19,False,True,275,EVERSOURCE ENERGY
2015-06-30,ETN,ETN,1551182.0,3590.0,Machinery & computers,31578570000.457764,2014-12-31,0.4998959737496399,5.625,8.0,43,84.72727272727273,37.09090909090909,True,69,65.67272727272727,73,False,False,275,Eaton Corp plc
2015-06-30,EW,EW,1099800.0,3842.0,Instruments & medical devices,15359639142.27349,2014-12-31,0.1426726226899908,6.0,9.0,213,22.90909090909091,48.90909090909091,False,213,33.30909090909091,212,False,False,275,Edwards Lifesciences Corp
2015-06-30,EXC,EXC,1109357.0,4911.0,Utilities,27015965132.74178,2014-12-31,0.8368385097077439,6.75,8.0,16,94.54545454545455,63.272727272727266,True,33,82.03636363636363,14,False,True,275,EXELON CORP
2015-06-30,EXPE,EXPE,1324424.0,4700.0,Transportation,14096527003.295898,2014-12-31,0.1265749357684217,8.0,9.0,220,20.363636363636363,92.72727272727272,False,220,49.309090909090905,145,False,False,275,"Expedia Group, Inc."
2015-06-30,FAST,FAST,815556.0,5200.0,Retail,12480227727.715477,2014-12-31,0.15346010039117958,4.5,8.0,209,24.363636363636363,14.727272727272728,False,209,20.509090909090908,252,False,False,275,FASTENAL CO
2015-06-30,FB,META,1326801.0,7370.0,Business services & software,224202771224.9756,2014-12-31,0.1609971179338349,6.75,8.0,203,26.545454545454543,63.272727272727266,False,203,41.236363636363635,175,False,False,275,"Meta Platforms, Inc."
2015-06-30,FCX,FCX,831259.0,1000.0,Mining (metals/coal),19362250584.387787,2014-12-31,0.9444666527942374,3.0,9.0,7,97.81818181818181,0.9090909090909091,True,100,59.054545454545455,102,False,False,275,FREEPORT-MCMORAN INC
2015-06-30,FDX,FDX,1048911.0,4513.0,Transportation,48636104512.82766,2014-05-31,0.31410821555354473,5.625,8.0,110,60.36363636363637,37.09090909090909,False,110,51.054545454545455,136,False,False,275,FEDEX CORP
2015-06-30,FE,FE,1031296.0,4911.0,Utilities,13709477782.313541,2014-12-31,0.9059426038840748,5.625,8.0,8,97.45454545454545,37.09090909090909,True,63,73.30909090909091,43,False,False,275,FIRSTENERGY CORP
2015-06-30,FFIV,FFIV,1048695.0,3576.0,Machinery & computers,8879820283.115616,2014-09-30,0.15420469743105628,6.75,8.0,207,25.09090909090909,63.272727272727266,False,207,40.36363636363636,179,False,False,275,"F5, INC."
2015-06-30,FIS,FIS,1136893.0,7389.0,Business services & software,17617135685.711197,2014-12-31,0.3721774139094569,7.0,9.0,84,69.81818181818183,76.54545454545455,True,29,72.50909090909092,47,False,False,275,"Fidelity National Information Services, Inc."
2015-06-30,FISV,FISV,798354.0,7389.0,Business services & software,19770926303.509598,2014-12-31,0.16665885803312586,7.0,9.0,197,28.72727272727273,76.54545454545455,False,197,47.85454545454546,155,False,False,275,FISERV INC
2015-06-30,FLR,FLR,1124198.0,1600.0,Construction,7834322154.130199,2014-12-31,0.3970823434111617,4.0,9.0,72,74.18181818181819,7.454545454545454,True,96,47.49090909090909,156,False,False,275,FLUOR CORP
2015-06-30,FLS,FLS,30625.0,3561.0,Machinery & computers,7094045222.6842575,2014-12-31,0.2722793468842777,7.875,8.0,131,52.72727272727272,86.18181818181819,False,131,66.10909090909091,71,False,False,275,FLOWSERVE CORP
2015-06-30,FMC,FMC,37785.0,2800.0,Chemicals & pharma,7005843493.571126,2014-12-31,0.2184604896475999,5.0,9.0,170,38.54545454545455,26.181818181818183,False,170,33.6,211,False,False,275,FMC CORP
2015-06-30,FOSL,FOSL,883569.0,3873.0,Instruments & medical devices,3494301758.909027,2015-01-03,0.2798441770253129,5.0,9.0,124,55.27272727272727,26.181818181818183,False,124,43.63636363636364,166,False,False,275,"Fossil Group, Inc."
2015-06-30,FSLR,FSLR,1274494.0,3674.0,Electronics & semis,4711710738.230038,2014-12-31,1.0670194499012442,6.0,9.0,4,98.9090909090909,48.90909090909091,True,48,78.9090909090909,26,False,False,275,"FIRST SOLAR, INC."
2015-06-30,FTI,FTI,1135152.0,3533.0,Machinery & computers,9602636502.600166,2014-12-31,0.2557943330808046,8.0,9.0,139,49.81818181818182,92.72727272727272,False,139,66.98181818181817,67,False,False,275,FMC TECHNOLOGIES INC
2015-06-30,GD,GD,40533.0,3730.0,Transport equipment,46999225442.13568,2014-12-31,0.2516849988211738,7.0,9.0,144,48.0,76.54545454545455,False,144,59.41818181818182,100,False,False,275,GENERAL DYNAMICS CORP
2015-06-30,GE,GE,40545.0,3600.0,Electronics & semis,267424642723.63895,2014-12-31,0.4792340701841813,6.75,8.0,49,82.54545454545455,63.272727272727266,True,41,74.83636363636363,37,False,False,275,GENERAL ELECTRIC CO
2015-06-30,GILD,GILD,882095.0,2836.0,Chemicals & pharma,174379151772.81592,2014-12-31,0.08846240988772128,8.0,9.0,239,13.454545454545455,92.72727272727272,False,239,45.16363636363636,162,False,False,275,"GILEAD SCIENCES, INC."
2015-06-30,GIS,GIS,40704.0,2040.0,Food & beverage mfg,34128971971.730988,2014-05-25,0.19147368415939314,4.0,9.0,183,33.81818181818182,7.454545454545454,False,183,23.272727272727273,244,False,False,275,GENERAL MILLS INC
2015-06-30,GLW,GLW,24741.0,3357.0,Other manufacturing,25083548114.38649,2014-12-31,0.8602849924418595,7.0,9.0,13,95.63636363636364,76.54545454545455,True,19,88.0,4,True,True,275,CORNING INC /NY
2015-06-30,GM,GM,1467858.0,3711.0,Transport equipment,53673500428.79814,2014-12-31,0.6606053213733717,3.375,8.0,27,90.54545454545455,2.727272727272727,True,99,55.41818181818182,122,False,False,275,General Motors Co
2015-06-30,GME,GME,1326380.0,5734.0,Retail,4629743811.814796,2015-01-31,0.4466121850464745,9.0,8.0,56,80.0,98.72727272727273,True,2,87.4909090909091,5,True,True,275,GameStop Corp.
2015-06-30,GOOG,GOOG,1288776.0,7370.0,Business services & software,352796869765.31744,2014-12-31,0.29620444214687625,4.0,9.0,115,58.54545454545455,7.454545454545454,False,115,38.10909090909091,187,False,False,275,GOOGLE INC.
2015-06-30,GPC,GPC,40987.0,5013.0,Wholesale,13671181213.97931,2014-12-31,0.24147496462297982,5.0,9.0,151,45.45454545454545,26.181818181818183,False,151,37.74545454545454,190,False,False,275,GENUINE PARTS CO
2015-06-30,GPS,GAP,39911.0,5651.0,Retail,15984497425.83696,2015-01-31,0.18661831651825037,6.0,9.0,187,32.36363636363636,48.90909090909091,False,187,38.98181818181818,186,False,False,275,GAP INC
2015-06-30,GRMN,GRMN,1121788.0,3812.0,Instruments & medical devices,9140841036.240189,2014-12-27,0.37232536771035163,6.75,8.0,83,70.18181818181817,63.272727272727266,True,46,67.41818181818181,65,False,False,275,GARMIN LTD
2015-06-30,GT,GT,42582.0,3011.0,Other manufacturing,8127237002.620981,2014-12-31,0.44418539767399406,5.0,9.0,58,79.27272727272727,26.181818181818183,True,77,58.03636363636363,107,False,False,275,GOODYEAR TIRE & RUBBER CO /OH/
2015-06-30,GWW,GWW,277135.0,5000.0,Wholesale,15960191248.715607,2014-12-31,0.20111738950861968,6.0,9.0,178,35.63636363636364,48.90909090909091,False,178,40.945454545454545,177,False,False,275,"W.W. GRAINGER, INC."
2015-06-30,HAL,HAL,45012.0,1389.0,Oil & gas extraction,36595365458.800735,2014-12-31,0.44450983877489836,8.0,9.0,57,79.63636363636364,92.72727272727272,True,7,84.87272727272727,8,True,True,275,HALLIBURTON CO
2015-06-30,HAS,HAS,46080.0,3944.0,Other manufacturing,9297268791.26072,2014-12-28,0.15764457637039603,8.0,9.0,204,26.181818181818183,92.72727272727272,False,204,52.8,130,False,False,275,"HASBRO, INC."
2015-06-30,HCA,HCA,860730.0,8062.0,Health services,38154700593.39905,2014-12-31,-0.20689456023056046,7.875,8.0,275,0.36363636363636365,86.18181818181819,False,275,34.690909090909095,206,False,False,275,"HCA Healthcare, Inc."
2015-06-30,HD,HD,354950.0,5211.0,Retail,145290702075.35486,2015-02-01,0.06416102246629075,7.0,9.0,251,9.090909090909092,76.54545454545455,False,251,36.07272727272728,197,False,False,275,"HOME DEPOT, INC."
2015-06-30,HOG,HOG,793952.0,3751.0,Transport equipment,11919404012.53926,2014-12-31,0.2440798211839635,8.0,9.0,148,46.54545454545455,92.72727272727272,False,148,65.01818181818182,80,False,False,275,"HARLEY-DAVIDSON, INC."
2015-06-30,HON,HON,773840.0,3724.0,Transport equipment,79808148486.68678,2014-12-31,0.22124307272891386,7.0,9.0,168,39.27272727272727,76.54545454545455,False,168,54.18181818181819,124,False,False,275,HONEYWELL INTERNATIONAL INC
2015-06-30,HP,HP,46765.0,1381.0,Oil & gas extraction,7623421968.416443,2014-09-30,0.6415723831454088,5.625,8.0,31,89.0909090909091,37.09090909090909,True,67,68.2909090909091,61,False,False,275,"Helmerich & Payne, Inc."
2015-06-30,HPQ,HPQ,47217.0,3570.0,Machinery & computers,55040802565.44268,2014-10-31,0.48565788931251946,8.0,9.0,46,83.63636363636363,92.72727272727272,True,6,87.27272727272725,7,True,True,275,HP INC
2015-06-30,HRB,HRB,12659.0,7200.0,Services (hotels/personal),8162259326.386345,2015-04-30,0.22456392607798906,5.0,9.0,165,40.36363636363636,26.181818181818183,False,165,34.69090909090909,207,False,False,275,H&R BLOCK INC
2015-06-30,HRL,HRL,48465.0,2011.0,Food & beverage mfg,14871082158.218384,2014-10-26,0.24246238179831123,7.0,9.0,149,46.18181818181818,76.54545454545455,False,149,58.32727272727273,104,False,False,275,HORMEL FOODS CORP /DE/
2015-06-30,HRS,LHX,202058.0,3812.0,Instruments & medical devices,8057802632.076416,2014-06-27,0.2266126490528669,8.0,9.0,164,40.72727272727273,92.72727272727272,False,164,61.52727272727272,90,False,False,275,"L3HARRIS TECHNOLOGIES, INC. /DE/"
2015-06-30,HSIC,HSIC,1000228.0,5047.0,Wholesale,11909920397.545382,2014-12-27,0.23623953024739594,7.0,9.0,155,44.0,76.54545454545455,False,155,57.018181818181816,112,False,False,275,HENRY SCHEIN INC
2015-06-30,HSY,HSY,47111.0,2060.0,Food & beverage mfg,19635424023.885406,2014-12-31,0.07410392554955766,6.0,9.0,244,11.636363636363637,48.90909090909091,False,244,26.545454545454543,234,False,False,275,HERSHEY CO
2015-06-30,IBM,IBM,51143.0,3570.0,Machinery & computers,160777082483.83292,2014-12-31,0.07381649061328997,5.0,9.0,245,11.272727272727273,26.181818181818183,False,245,17.236363636363638,258,False,False,275,INTERNATIONAL BUSINESS MACHINES CORP
2015-06-30,IFF,IFF,51253.0,2860.0,Chemicals (other),8824399593.0924,2014-12-31,0.1720866087239188,9.0,9.0,192,30.545454545454547,98.72727272727273,False,192,57.81818181818183,108,False,False,275,INTERNATIONAL FLAVORS & FRAGRANCES INC
2015-06-30,INTC,INTC,50863.0,3674.0,Electronics & semis,144069120361.32812,2014-12-27,0.38776526059081573,7.0,9.0,75,73.0909090909091,76.54545454545455,True,25,74.47272727272727,38,False,False,275,INTEL CORP
2015-06-30,INTU,INTU,896878.0,7372.0,Business services & software,28773881871.590614,2014-07-31,0.10697201071917269,3.375,8.0,229,17.09090909090909,2.727272727272727,False,229,11.345454545454544,268,False,False,275,INTUIT INC.
2015-06-30,IP,IP,51434.0,2621.0,Other manufacturing,20123214303.266876,2014-12-31,0.25418404450275184,5.0,9.0,141,49.09090909090909,26.181818181818183,False,141,39.92727272727273,183,False,False,275,INTERNATIONAL PAPER CO /NEW/
2015-06-30,IR,TT,1466258.0,3822.0,Instruments & medical devices,17753140439.725124,2014-12-31,0.3372586399757396,7.0,9.0,98,64.72727272727272,76.54545454545455,True,30,69.45454545454545,55,False,False,275,Trane Technologies plc
2015-06-30,ISRG,ISRG,1035267.0,3842.0,Instruments & medical devices,17732602196.64854,2014-12-31,0.19057552650894669,4.5,8.0,184,33.45454545454545,14.727272727272728,False,184,25.96363636363636,237,False,False,275,INTUITIVE SURGICAL INC
2015-06-30,ITW,ITW,49826.0,3560.0,Machinery & computers,34829442863.93413,2014-12-31,0.19592618884714486,6.0,9.0,179,35.27272727272727,48.90909090909091,False,179,40.72727272727273,178,False,False,275,ILLINOIS TOOL WORKS INC
2015-06-30,JCI,JCI,53669.0,2531.0,Other manufacturing,25634948512.252724,2014-09-30,0.4412335758971268,5.0,9.0,59,78.9090909090909,26.181818181818183,True,78,57.81818181818182,109,False,False,275,JOHNSON CONTROLS INC
2015-06-30,JEC,J,52988.0,1600.0,Construction,5303048496.213013,2014-09-26,0.8427709086936623,5.625,8.0,15,94.9090909090909,37.09090909090909,True,65,71.78181818181818,52,False,False,275,JACOBS SOLUTIONS INC.
2015-06-30,JNJ,JNJ,200406.0,2834.0,Chemicals & pharma,270986426936.06656,2014-12-28,0.25740034579833954,7.0,9.0,138,50.18181818181818,76.54545454545455,False,138,60.72727272727273,97,False,False,275,JOHNSON & JOHNSON
2015-06-30,KDP,KDP,1418135.0,2080.0,Food & beverage mfg,14066984623.637787,2014-12-31,0.16307688259964565,8.0,9.0,201,27.27272727272727,92.72727272727272,False,201,53.454545454545446,128,False,False,275,Keurig Dr Pepper Inc.
2015-06-30,KLAC,KLAC,319201.0,3827.0,Instruments & medical devices,9295343514.813576,2014-06-30,0.3947509840978256,7.875,8.0,73,73.81818181818181,86.18181818181819,True,15,78.76363636363637,27,True,False,275,KLA CORP
2015-06-30,KMB,KMB,55785.0,2670.0,Other manufacturing,38728713180.65872,2014-12-31,0.018823243535085115,4.0,9.0,263,4.7272727272727275,7.454545454545454,False,263,5.818181818181818,273,False,False,275,KIMBERLY CLARK CORP
2015-06-30,KMI,KMI,1506307.0,4922.0,Utilities,81772695824.49942,2014-12-31,0.4167161135684449,4.5,8.0,64,77.0909090909091,14.727272727272728,True,93,52.14545454545455,132,False,False,275,"KINDER MORGAN, INC."
2015-06-30,KMX,KMX,1170010.0,5500.0,Retail,13767068680.394073,2015-02-28,0.2292997204623257,4.0,9.0,162,41.45454545454545,7.454545454545454,False,162,27.854545454545452,229,False,False,275,CARMAX INC
2015-06-30,KO,KO,21344.0,2080.0,Food & beverage mfg,171287735056.9723,2014-12-31,0.17701209015295355,6.0,9.0,191,30.909090909090907,48.90909090909091,False,191,38.10909090909091,188,False,False,275,COCA COLA CO
2015-06-30,KORS,CPRI,1530721.0,3100.0,Other manufacturing,8363284503.469219,2015-03-28,0.26795274022669124,4.5,8.0,133,52.0,14.727272727272728,False,133,37.09090909090909,194,False,False,275,Capri Holdings Ltd
2015-06-30,KR,KR,56873.0,5411.0,Retail,69150538254.34668,2015-01-31,0.07826403288567044,5.0,9.0,242,12.363636363636363,26.181818181818183,False,242,17.89090909090909,256,False,False,275,KROGER CO
2015-06-30,KSS,KSS,885639.0,5311.0,Retail,12697453879.860718,2015-01-31,0.47182687621352615,6.0,9.0,50,82.18181818181817,48.90909090909091,True,54,68.87272727272727,56,False,False,275,KOHLS Corp
2015-06-30,LB,BBWI,701985.0,5990.0,Retail,25066935706.182743,2015-01-31,0.0007180773992873932,6.0,9.0,268,2.909090909090909,48.90909090909091,False,268,21.30909090909091,250,False,False,275,"Bath & Body Works, Inc."
2015-06-30,LH,LH,920148.0,8071.0,Health services,12158365831.64978,2014-12-31,0.231980188707423,5.0,9.0,159,42.54545454545455,26.181818181818183,False,159,36.0,199,False,False,275,LABCORP HOLDINGS INC.
2015-06-30,LLY,LLY,59478.0,2834.0,Chemicals & pharma,92766065744.0059,2014-12-31,0.16572008176377084,4.0,9.0,200,27.636363636363637,7.454545454545454,False,200,19.563636363636363,253,False,False,275,ELI LILLY & Co
2015-06-30,LMT,LMT,936468.0,3760.0,Transport equipment,58667035602.92905,2014-12-31,0.05795418099888192,7.0,9.0,252,8.727272727272728,76.54545454545455,False,252,35.85454545454546,200,False,False,275,LOCKHEED MARTIN CORP
2015-06-30,LOW,LOW,60667.0,5211.0,Retail,63735660902.54883,2015-01-30,0.15639596199121508,7.0,9.0,206,25.454545454545453,76.54545454545455,False,206,45.89090909090909,159,False,False,275,LOWES COMPANIES INC
2015-06-30,LRCX,LRCX,707549.0,3559.0,Machinery & computers,13184820900.910778,2014-06-29,0.3814792053529189,8.0,9.0,78,72.0,92.72727272727272,True,8,80.29090909090908,22,True,False,275,LAM RESEARCH CORP
2015-06-30,LUV,LUV,92380.0,4512.0,Transportation,22368637989.428482,2014-12-31,0.3028794155103183,6.75,8.0,113,59.27272727272728,63.272727272727266,False,113,60.872727272727275,96,False,False,275,SOUTHWEST AIRLINES CO
2015-06-30,LYB,LYB,1489393.0,2860.0,Chemicals (other),49393784097.624504,2014-12-31,0.1683207746053181,5.0,9.0,194,29.818181818181817,26.181818181818183,False,194,28.363636363636367,227,False,False,275,LyondellBasell Industries N.V.
2015-06-30,M,M,794367.0,5311.0,Retail,23016710751.360565,2015-01-31,0.2336563229253813,5.0,9.0,157,43.27272727272727,26.181818181818183,False,157,36.43636363636364,196,False,False,275,"Macy's, Inc."
2015-06-30,MAR,MAR,1048286.0,7011.0,Services (hotels/personal),20571985247.711945,2014-12-31,-0.10694155053629004,6.75,8.0,273,1.090909090909091,63.272727272727266,False,273,25.963636363636365,236,False,False,275,MARRIOTT INTERNATIONAL INC /MD/
2015-06-30,MAS,MAS,62996.0,3430.0,Other manufacturing,9322354353.992945,2014-12-31,0.09911659275258432,7.0,9.0,233,15.636363636363637,76.54545454545455,False,233,40.0,182,False,False,275,MASCO CORP /DE/
2015-06-30,MAT,MAT,63276.0,3942.0,Other manufacturing,8689745980.137136,2014-12-31,0.339373671766808,4.0,9.0,96,65.45454545454545,7.454545454545454,True,98,42.25454545454546,169,False,False,275,MATTEL INC /DE/
2015-06-30,MCD,MCD,63908.0,5812.0,Retail,91373551568.51987,2014-12-31,0.1406687140792749,4.5,8.0,214,22.545454545454547,14.727272727272728,False,214,19.418181818181818,254,False,False,275,MCDONALDS CORP
2015-06-30,MCHP,MCHP,827054.0,3674.0,Electronics & semis,9596190623.494148,2015-03-31,0.21306933972258923,5.625,8.0,173,37.45454545454546,37.09090909090909,False,173,37.30909090909091,192,False,False,275,MICROCHIP TECHNOLOGY INC
2015-06-30,MCK,MCK,927653.0,5122.0,Wholesale,52055548738.79376,2015-03-31,0.15370119408687266,5.0,9.0,208,24.727272727272727,26.181818181818183,False,208,25.309090909090912,239,False,False,275,MCKESSON CORP
2015-06-30,MCO,MCO,1059556.0,7320.0,Business services & software,23071051804.351807,2014-12-31,-0.008140071011611875,6.75,8.0,270,2.181818181818182,63.272727272727266,False,270,26.618181818181817,233,False,False,275,MOODYS CORP /DE/
2015-06-30,MDLZ,MDLZ,1103982.0,2000.0,Food & beverage mfg,67859613927.55719,2014-12-31,0.4089324768281797,5.0,9.0,68,75.63636363636364,26.181818181818183,True,79,55.85454545454546,119,False,False,275,"Mondelez International, Inc."
2015-06-30,MHK,MHK,851968.0,2273.0,Other manufacturing,13937447243.887482,2014-12-31,0.31698817743956637,6.0,9.0,107,61.45454545454545,48.90909090909091,False,107,56.43636363636363,116,False,False,275,MOHAWK INDUSTRIES INC
2015-06-30,MKC,MKC,63754.0,2090.0,Food & beverage mfg,10515404603.57666,2014-11-30,0.17207136274951884,7.0,9.0,193,30.181818181818183,76.54545454545455,False,193,48.727272727272734,150,False,False,275,MCCORMICK & CO INC
2015-06-30,MLM,MLM,916076.0,1400.0,Mining (other),6531933091.052078,2014-12-31,0.6661375643851201,8.0,9.0,26,90.9090909090909,92.72727272727272,True,5,91.63636363636363,2,True,True,275,MARTIN MARIETTA MATERIALS INC
2015-06-30,MMM,MMM,66740.0,3841.0,Instruments & medical devices,97941882696.42175,2014-12-31,0.133844680529905,8.0,9.0,216,21.818181818181817,92.72727272727272,False,216,50.18181818181817,140,False,False,275,3M CO
2015-06-30,MNST,MNST,865752.0,2086.0,Food & beverage mfg,22785586903.706497,2014-12-31,0.06649598302660059,6.75,8.0,249,9.818181818181818,63.272727272727266,False,249,31.2,221,False,False,275,Monster Beverage Corp
2015-06-30,MO,MO,764180.0,2111.0,Other manufacturing,96319289963.2461,2014-12-31,0.031291758910910725,6.0,9.0,260,5.818181818181818,48.90909090909091,False,260,23.054545454545455,245,False,False,275,"ALTRIA GROUP, INC."
2015-06-30,MPC,MPC,1510295.0,2911.0,Petroleum refining,28567839255.5896,2014-12-31,0.37633227713910683,6.75,8.0,80,71.27272727272728,63.272727272727266,True,44,68.07272727272728,62,False,False,275,Marathon Petroleum Corp
2015-06-30,MRK,MRK,310158.0,2834.0,Chemicals & pharma,161578318652.03308,2014-12-31,0.30107380993834776,5.0,9.0,114,58.909090909090914,26.181818181818183,False,114,45.81818181818182,160,False,False,275,"Merck & Co., Inc."
2015-06-30,MSFT,MSFT,789019.0,7372.0,Business services & software,363789336607.36145,2014-06-30,0.2468021763290551,4.0,9.0,146,47.27272727272727,7.454545454545454,False,146,31.345454545454544,220,False,False,275,MICROSOFT CORP
2015-06-30,MSI,MSI,68505.0,3663.0,Electronics & semis,12424385475.742622,2014-12-31,0.22013161176782672,4.0,9.0,169,38.90909090909091,7.454545454545454,False,169,26.327272727272724,235,False,False,275,"Motorola Solutions, Inc."
2015-06-30,MU,MU,723125.0,3674.0,Electronics & semis,20223896207.156265,2014-08-28,0.5325877807951102,7.0,9.0,41,85.45454545454545,76.54545454545455,True,21,81.89090909090909,15,False,True,275,MICRON TECHNOLOGY INC
2015-06-30,MUR,MUR,717423.0,1311.0,Oil & gas extraction,7378738714.210831,2014-12-31,1.161910501518137,6.75,8.0,3,99.27272727272727,63.272727272727266,True,31,84.87272727272726,9,False,True,275,MURPHY OIL CORP
2015-06-30,NEM,NEM,1164727.0,1040.0,Mining (metals/coal),11653301459.678192,2014-12-31,0.881638567023196,6.75,8.0,11,96.36363636363636,63.272727272727266,True,32,83.12727272727273,11,False,True,275,NEWMONT Corp /DE/
2015-06-30,NFLX,NFLX,1065280.0,7841.0,Services (other),39743610136.780396,2014-12-31,0.0467423063382156,5.0,9.0,256,7.2727272727272725,26.181818181818183,False,256,14.836363636363638,260,False,False,275,NETFLIX INC
2015-06-30,NI,NI,1111711.0,4931.0,Utilities,14416101161.577179,2014-12-31,0.42836131147989237,4.0,9.0,62,77.81818181818181,7.454545454545454,True,94,49.67272727272727,143,False,False,275,NISOURCE INC.
2015-06-30,NKE,NKE,320187.0,3021.0,Other manufacturing,93793492603.10297,2014-05-31,0.1154024623627451,6.0,9.0,221,20.0,48.90909090909091,False,221,31.563636363636363,218,False,False,275,"NIKE, Inc."
2015-06-30,NOC,NOC,1133421.0,3812.0,Instruments & medical devices,31473112864.148315,2014-12-31,0.22987875496235202,6.0,9.0,160,42.18181818181818,48.90909090909091,False,160,44.872727272727275,163,False,False,275,NORTHROP GRUMMAN CORP /DE/
2015-06-30,NOV,NOV,1021860.0,3533.0,Machinery & computers,19791664968.87097,2014-12-31,1.045490616001489,6.0,9.0,6,98.18181818181819,48.90909090909091,True,49,78.47272727272727,29,False,False,275,NOV Inc.
2015-06-30,NRG,NRG,1013871.0,4911.0,Utilities,7726467059.474867,2014-12-31,1.5111693235890875,5.0,9.0,2,99.63636363636364,26.181818181818183,True,73,70.25454545454545,54,False,False,275,"NRG ENERGY, INC."
2015-06-30,NSC,NSC,702165.0,4011.0,Transportation,26855509450.029373,2014-12-31,0.46202809978666887,6.75,8.0,53,81.0909090909091,63.272727272727266,True,42,73.96363636363637,40,False,False,275,NORFOLK SOUTHERN CORP
2015-06-30,NTAP,NTAP,1002047.0,3572.0,Machinery & computers,9625142947.283543,2015-04-24,0.35470642033046845,8.0,9.0,89,68.0,92.72727272727272,True,9,77.89090909090908,30,True,False,275,"NetApp, Inc."
2015-06-30,NUE,NUE,73309.0,3312.0,Other manufacturing,14060396873.774612,2014-12-31,0.5527916508884024,7.0,9.0,39,86.18181818181819,76.54545454545455,True,20,82.32727272727273,13,True,True,275,NUCOR CORP
2015-06-30,NVDA,NVDA,1045810.0,3674.0,Electronics & semis,11057286192.253101,2015-01-25,0.3995539161404092,9.0,9.0,70,74.90909090909092,98.72727272727273,True,3,84.43636363636365,10,True,True,275,NVIDIA CORP
2015-06-30,NWL,NWL,814453.0,3089.0,Other manufacturing,11038035163.879395,2014-12-31,0.1677291268339566,6.0,9.0,196,29.09090909090909,48.90909090909091,False,196,37.018181818181816,195,False,False,275,NEWELL BRANDS INC.
2015-06-30,OI,OI,812074.0,3221.0,Other manufacturing,3767256139.8840885,2014-12-31,0.307385523309713,5.0,9.0,112,59.63636363636363,26.181818181818183,False,112,46.25454545454546,158,False,False,275,"O-I Glass, Inc. /DE/"
2015-06-30,OKE,OKE,1039684.0,4923.0,Utilities,8227653500.1618,2014-12-31,0.07196644826965012,6.0,9.0,247,10.545454545454545,48.90909090909091,False,247,25.89090909090909,238,False,False,275,ONEOK INC /NEW/
2015-06-30,OMC,OMC,29989.0,7311.0,Business services & software,17144607573.868134,2014-12-31,0.1662330261990936,6.75,8.0,198,28.363636363636363,63.272727272727266,False,198,42.32727272727273,168,False,False,275,OMNICOM GROUP INC.
2015-06-30,ORCL,ORCL,1341439.0,7372.0,Business services & software,174743899791.8358,2015-05-31,0.2784818243038524,6.75,8.0,125,54.90909090909091,63.272727272727266,False,125,58.25454545454545,105,False,False,275,ORACLE CORP
2015-06-30,OXY,OXY,797468.0,1311.0,Oil & gas extraction,59925704505.65311,2014-12-31,0.5833723656382235,5.625,8.0,36,87.27272727272727,37.09090909090909,True,68,67.2,66,False,False,275,OCCIDENTAL PETROLEUM CORP /DE/
2015-06-30,PBI,PBI,78814.0,3579.0,Machinery & computers,4195753733.1322346,2014-12-31,0.018413616459401736,7.0,9.0,264,4.363636363636364,76.54545454545455,False,264,33.23636363636364,213,False,False,275,PITNEY BOWES INC /DE/
2015-06-30,PCG,PCG,1004980.0,4931.0,Utilities,23391234854.071426,2014-12-31,0.6732436358424634,6.75,8.0,25,91.27272727272727,63.272727272727266,True,36,80.07272727272726,23,False,False,275,PG&E Corp
2015-06-30,PEG,PEG,788784.0,4931.0,Utilities,19882711641.225677,2014-12-31,0.6128439731900096,7.875,8.0,34,88.0,86.18181818181819,True,12,87.27272727272728,6,True,True,275,PUBLIC SERVICE ENTERPRISE GROUP INC
2015-06-30,PEP,PEP,77476.0,2080.0,Food & beverage mfg,138364271668.16437,2014-12-27,0.12704146661615714,5.0,9.0,219,20.727272727272727,26.181818181818183,False,219,22.90909090909091,247,False,False,275,PEPSICO INC
2015-06-30,PFE,PFE,78003.0,2834.0,Chemicals & pharma,205500515565.72668,2014-12-31,0.34696263317741066,6.0,9.0,91,67.27272727272727,48.90909090909091,True,61,59.92727272727272,99,False,False,275,PFIZER INC
2015-06-30,PG,PG,80424.0,2840.0,Chemicals (other),211846713062.71057,2014-06-30,0.33031430598258,7.0,9.0,101,63.63636363636363,76.54545454545455,False,101,68.8,57,False,False,275,PROCTER & GAMBLE Co
2015-06-30,PH,PH,76334.0,3490.0,Other manufacturing,17309404169.783066,2014-06-30,0.3847288985039316,7.0,9.0,77,72.36363636363636,76.54545454545455,True,26,74.03636363636363,39,False,False,275,Parker-Hannifin Corp
2015-06-30,PKI,RVTY,31791.0,3826.0,Instruments & medical devices,5949705047.334213,2014-12-28,0.3432274345961017,5.0,9.0,95,65.81818181818181,26.181818181818183,True,83,49.96363636363636,141,False,False,275,"REVVITY, INC."
2015-06-30,PM,PM,1413329.0,2111.0,Other manufacturing,124017452070.34482,2014-12-31,-0.10183244204079128,5.0,9.0,272,1.4545454545454546,26.181818181818183,False,272,11.345454545454547,267,False,False,275,Philip Morris International Inc.
2015-06-30,PNR,PNR,77360.0,3550.0,Machinery & computers,12542901298.472,2014-12-31,0.3718278482003325,5.0,9.0,85,69.45454545454545,26.181818181818183,True,82,52.14545454545455,133,False,False,275,PENTAIR plc
2015-06-30,PNW,PNW,764622.0,4931.0,Utilities,6290622320.940262,2014-12-31,0.694286316547961,4.5,8.0,22,92.36363636363636,14.727272727272728,True,89,61.309090909090905,91,False,False,275,PINNACLE WEST CAPITAL CORP
2015-06-30,PPG,PPG,79879.0,2851.0,Chemicals (other),31215356614.07379,2014-12-31,0.1659439635446785,5.625,8.0,199,28.000000000000004,37.09090909090909,False,199,31.63636363636364,217,False,False,275,PPG INDUSTRIES INC
2015-06-30,PPL,PPL,922224.0,4911.0,Utilities,21103232305.013233,2014-12-31,0.6457778506642589,5.625,8.0,29,89.81818181818181,37.09090909090909,True,66,68.72727272727272,58,False,False,275,PPL Corp
2015-06-30,PSX,PSX,1534701.0,2911.0,Petroleum refining,43784181602.22107,2014-12-31,0.4931004579723557,5.625,8.0,45,84.0,37.09090909090909,True,70,65.23636363636363,76,False,False,275,Phillips 66
2015-06-30,PVH,PVH,78239.0,2320.0,Other manufacturing,9507120746.547302,2015-02-01,0.4590559135987603,7.0,9.0,54,80.72727272727272,76.54545454545455,True,24,79.05454545454545,25,False,False,275,PVH CORP. /DE/
2015-06-30,PWR,PWR,1050915.0,1731.0,Construction,5883119741.583481,2014-12-31,0.7673603799172205,5.0,9.0,19,93.45454545454545,26.181818181818183,True,75,66.54545454545455,69,False,False,275,"QUANTA SERVICES, INC."
2015-06-30,QCOM,QCOM,804328.0,3663.0,Electronics & semis,104128699023.8294,2014-09-28,0.3761595061418787,6.75,8.0,81,70.9090909090909,63.272727272727266,True,45,67.85454545454544,63,False,False,275,QUALCOMM INC/DE
2015-06-30,RCL,RCL,884887.0,4400.0,Transportation,17281949642.063232,2014-12-31,0.479364838550181,7.0,9.0,48,82.9090909090909,76.54545454545455,True,23,80.36363636363636,21,False,False,275,ROYAL CARIBBEAN CRUISES LTD
2015-06-30,REGN,REGN,872589.0,2834.0,Chemicals & pharma,51325200051.26953,2014-12-31,0.04953365982909823,4.5,8.0,255,7.636363636363637,14.727272727272728,False,255,10.472727272727273,269,False,False,275,"REGENERON PHARMACEUTICALS, INC."
2015-06-30,RHI,RHI,315213.0,7363.0,Business services & software,7500299803.5,2014-12-31,0.13064251105572489,8.0,9.0,217,21.454545454545453,92.72727272727272,False,217,49.963636363636354,142,False,False,275,ROBERT HALF INC.
2015-06-30,RIG,RIG,1451505.0,1381.0,Oil & gas extraction,5839349307.285999,2014-12-31,2.341185512389561,4.5,8.0,1,100.0,14.727272727272728,True,85,65.89090909090909,72,False,False,275,Transocean Ltd.
2015-06-30,RL,RL,1037038.0,2320.0,Other manufacturing,11674152053.833008,2015-03-28,0.33330043861493625,5.0,9.0,100,64.0,26.181818181818183,True,84,48.872727272727275,146,False,False,275,RALPH LAUREN CORP
2015-06-30,ROK,ROK,1024478.0,3829.0,Instruments & medical devices,16922517174.891861,2014-09-30,0.15707474086324785,8.0,9.0,205,25.818181818181817,92.72727272727272,False,205,52.58181818181818,131,False,False,275,"ROCKWELL AUTOMATION, INC"
2015-06-30,ROP,ROP,882835.0,3823.0,Instruments & medical devices,17307486630.360367,2014-12-31,0.2747573984346326,7.0,9.0,127,54.18181818181819,76.54545454545455,False,127,63.127272727272725,86,False,False,275,ROPER TECHNOLOGIES INC
2015-06-30,ROST,ROST,745732.0,5651.0,Retail,20172107666.002808,2015-01-31,0.11298819328836328,8.0,9.0,225,18.545454545454547,92.72727272727272,False,225,48.21818181818181,153,False,False,275,"ROSS STORES, INC."
2015-06-30,RRC,RRC,315852.0,1311.0,Oil & gas extraction,8340740772.474583,2014-12-31,0.4145230135205639,7.875,8.0,65,76.72727272727272,86.18181818181819,True,14,80.5090909090909,20,True,True,275,RANGE RESOURCES CORP
2015-06-30,RSG,RSG,1060391.0,4953.0,Utilities,13829329118.439255,2014-12-31,0.5600633214862787,6.0,9.0,37,86.9090909090909,48.90909090909091,True,53,71.7090909090909,53,False,False,275,"REPUBLIC SERVICES, INC."
2015-06-30,SBUX,SBUX,829224.0,5810.0,Retail,80247690401.45874,2014-09-28,0.06569659480074165,6.0,9.0,250,9.454545454545455,48.90909090909091,False,250,25.236363636363635,240,False,False,275,STARBUCKS CORP
2015-06-30,SHW,SHW,89800.0,5200.0,Retail,26097937050.22483,2014-12-31,0.03818194511245537,7.0,9.0,258,6.545454545454546,76.54545454545455,False,258,34.54545454545455,208,False,False,275,SHERWIN WILLIAMS CO
2015-06-30,SJM,SJM,91419.0,2033.0,Food & beverage mfg,12973054918.082123,2015-04-30,0.5462784243765226,5.0,9.0,40,85.81818181818181,26.181818181818183,True,76,61.96363636363636,89,False,False,275,J M SMUCKER Co
2015-06-30,SLB,SLB,87347.0,1389.0,Oil & gas extraction,109919179214.31567,2014-12-31,0.3443439104125924,6.0,9.0,94,66.18181818181819,48.90909090909091,True,62,59.27272727272727,101,False,False,275,SLB LIMITED/NV
2015-06-30,SNA,SNA,91440.0,3420.0,Other manufacturing,9256275028.0,2015-01-03,0.23851927404074105,6.0,9.0,152,45.09090909090909,48.90909090909091,False,152,46.61818181818182,157,False,False,275,Snap-on Inc
2015-06-30,SO,SO,92122.0,4911.0,Utilities,38123885314.56349,2014-12-31,0.5232677581363774,6.75,8.0,42,85.0909090909091,63.272727272727266,True,40,76.36363636363636,34,False,False,275,SOUTHERN CO
2015-06-30,SPGI,SPGI,64040.0,7320.0,Business services & software,27473074707.870483,2014-12-31,0.017762846175357207,4.0,9.0,265,4.0,7.454545454545454,False,265,5.381818181818182,274,False,False,275,S&P Global Inc.
2015-06-30,SRE,SRE,1032208.0,4931.0,Utilities,24468221063.38861,2014-12-31,0.4628861236237114,5.625,8.0,52,81.45454545454545,37.09090909090909,True,71,63.709090909090904,84,False,False,275,SEMPRA
2015-06-30,STX,STX,1137789.0,3572.0,Machinery & computers,15523584202.5,2014-06-27,0.1824320957748868,7.0,9.0,189,31.636363636363633,76.54545454545455,False,189,49.6,144,False,False,275,Seagate Technology Holdings plc
2015-06-30,SWK,SWK,93556.0,3420.0,Other manufacturing,16565399526.46466,2015-01-03,0.38810413173126046,6.0,9.0,74,73.45454545454545,48.90909090909091,True,59,63.63636363636363,85,False,False,275,"STANLEY BLACK & DECKER, INC."
2015-06-30,SWKS,SWKS,4127.0,3674.0,Electronics & semis,19847041967.485657,2014-10-03,0.12759584043550143,6.75,8.0,218,21.09090909090909,63.272727272727266,False,218,37.96363636363636,189,False,False,275,"SKYWORKS SOLUTIONS, INC."
2015-06-30,SYK,SYK,310764.0,3841.0,Instruments & medical devices,36197132701.48469,2014-12-31,0.23744974694217869,3.0,9.0,154,44.36363636363637,0.9090909090909091,False,154,26.981818181818184,232,False,False,275,STRYKER CORP
2015-06-30,SYMC,GEN,849399.0,7372.0,Business services & software,15826924419.0,2015-04-03,0.37499389286746804,7.0,9.0,82,70.54545454545455,76.54545454545455,True,28,72.94545454545455,46,False,False,275,Gen Digital Inc.
2015-06-30,SYY,SYY,96021.0,5140.0,Wholesale,21182249466.466232,2014-06-28,0.24863719069769913,6.0,9.0,145,47.63636363636364,48.90909090909091,False,145,48.14545454545454,154,False,False,275,SYSCO CORP
2015-06-30,T,T,732717.0,4813.0,Communications,184348803207.3212,2014-12-31,0.4715191988647959,6.0,9.0,51,81.81818181818183,48.90909090909091,True,55,68.65454545454546,59,False,False,275,AT&T INC.
2015-06-30,TAP,TAP,24545.0,2082.0,Food & beverage mfg,12907868548.583984,2014-12-31,0.609186557052645,6.0,9.0,35,87.63636363636364,48.90909090909091,True,52,72.14545454545456,51,False,False,275,MOLSON COORS BEVERAGE CO
2015-06-30,TDC,TDC,816761.0,7372.0,Business services & software,5402000000.0,2014-12-31,0.3159940762680489,6.0,9.0,108,61.09090909090909,48.90909090909091,False,108,56.21818181818182,117,False,False,275,TERADATA CORP /DE/
2015-06-30,TEL,TEL,1385157.0,5065.0,Wholesale,26149261482.47635,2014-09-26,0.3444456741554994,8.0,9.0,93,66.54545454545455,92.72727272727272,True,10,77.01818181818182,33,True,False,275,TE Connectivity plc
2015-06-30,TGT,TGT,27419.0,5331.0,Retail,52385136318.15175,2015-01-31,0.2671941123717179,4.0,9.0,134,51.63636363636363,7.454545454545454,False,134,33.96363636363636,210,False,False,275,TARGET CORP
2015-06-30,TJX,TJX,109198.0,5651.0,Retail,45225444676.91252,2015-01-31,0.09428829346982362,4.5,8.0,235,14.909090909090908,14.727272727272728,False,235,14.836363636363636,261,False,False,275,TJX COMPANIES INC /DE/
2015-06-30,TMO,TMO,97745.0,3829.0,Instruments & medical devices,51486528368.72722,2014-12-31,0.3990966307310955,6.0,9.0,71,74.54545454545455,48.90909090909091,True,58,64.29090909090908,81,False,False,275,THERMO FISHER SCIENTIFIC INC.
2015-06-30,TPR,TPR,1116132.0,3100.0,Other manufacturing,9505005519.661926,2014-06-28,0.2546713934034725,5.0,9.0,140,49.45454545454545,26.181818181818183,False,140,40.14545454545455,181,False,False,275,"TAPESTRY, INC."
2015-06-30,TRIP,TRIP,1526520.0,7370.0,Business services & software,11338769305.460266,2014-12-31,0.09921711692804687,5.625,8.0,232,16.0,37.09090909090909,False,232,24.436363636363637,243,False,False,275,"TripAdvisor, Inc."
2015-06-30,TSCO,TSCO,916365.0,5200.0,Retail,12249306310.695162,2014-12-27,0.10560279636982879,6.75,8.0,230,16.727272727272727,63.272727272727266,False,230,35.345454545454544,203,False,False,275,TRACTOR SUPPLY CO /DE/
2015-06-30,TXN,TXN,97476.0,3674.0,Electronics & semis,53938298166.91641,2014-12-31,0.19262750871092202,8.0,9.0,182,34.18181818181818,92.72727272727272,False,182,57.599999999999994,110,False,False,275,TEXAS INSTRUMENTS INC
2015-06-30,UAA,UAA,1336917.0,2300.0,Other manufacturing,17791661400.57373,2014-12-31,0.07589510443113855,5.0,9.0,243,12.0,26.181818181818183,False,243,17.672727272727272,257,False,False,275,"Under Armour, Inc."
2015-06-30,UHS,UHS,352915.0,8062.0,Health services,14043175203.186035,2014-12-31,0.26603285552916905,7.875,8.0,135,51.272727272727266,86.18181818181819,False,135,65.23636363636363,77,False,False,275,UNIVERSAL HEALTH SERVICES INC
2015-06-30,UNP,UNP,100885.0,4011.0,Transportation,84048060266.24887,2014-12-31,0.25210575869183804,7.875,8.0,142,48.72727272727273,86.18181818181819,False,142,63.70909090909091,83,False,False,275,UNION PACIFIC CORP
2015-06-30,UPS,UPS,1090727.0,4210.0,Transportation,88769563354.49219,2014-12-31,0.024118627140815543,6.75,8.0,261,5.454545454545454,63.272727272727266,False,261,28.581818181818182,226,False,False,275,UNITED PARCEL SERVICE INC
2015-06-30,URBN,URBN,912615.0,5651.0,Retail,4610313155.0,2015-01-31,0.28804312317912384,4.5,8.0,120,56.72727272727273,14.727272727272728,False,120,39.92727272727272,184,False,False,275,URBAN OUTFITTERS INC
2015-06-30,URI,URI,1067701.0,7359.0,Business services & software,8457137515.221817,2014-12-31,0.21236499900438166,6.0,9.0,174,37.09090909090909,48.90909090909091,False,174,41.81818181818181,172,False,False,275,"UNITED RENTALS, INC."
2015-06-30,UTX,RTX,101829.0,3724.0,Transport equipment,100630926881.08807,2014-12-31,0.31017303494464754,8.0,9.0,111,60.0,92.72727272727272,False,111,73.0909090909091,45,False,False,275,RTX Corp
2015-06-30,VFC,VFC,103379.0,2320.0,Other manufacturing,29845167889.741413,2015-01-03,0.18866980480064532,8.0,9.0,186,32.72727272727273,92.72727272727272,False,186,56.72727272727272,114,False,False,275,V F CORP
2015-06-30,VMC,VMC,1396009.0,1400.0,Mining (other),11087585363.745293,2014-12-31,0.3767005044810899,7.0,9.0,79,71.63636363636363,76.54545454545455,True,27,73.6,41,False,False,275,Vulcan Materials CO
2015-06-30,VRSN,VRSN,1014473.0,7371.0,Business services & software,7214096484.720978,2014-12-31,-0.1224638458705297,5.625,8.0,274,0.7272727272727273,37.09090909090909,False,274,15.272727272727273,259,False,False,275,VERISIGN INC/CA
2015-06-30,VRTX,VRTX,875320.0,2834.0,Chemicals & pharma,29893136208.996307,2014-12-31,0.03596163321520203,3.375,8.0,259,6.181818181818182,2.727272727272727,False,259,4.8,275,False,False,275,VERTEX PHARMACEUTICALS INC / MA
2015-06-30,VZ,VZ,732712.0,4813.0,Communications,193683579111.1399,2014-12-31,0.07061001279903244,3.0,9.0,248,10.181818181818182,0.9090909090909091,False,248,6.472727272727272,272,False,False,275,VERIZON COMMUNICATIONS INC
2015-06-30,WAT,WAT,1000697.0,3826.0,Instruments & medical devices,10659188194.732178,2014-12-31,0.17774955891447278,5.0,9.0,190,31.272727272727273,26.181818181818183,False,190,29.236363636363635,225,False,False,275,WATERS CORP /DE/
2015-06-30,WDC,WDC,106040.0,3572.0,Machinery & computers,18351155796.07337,2014-06-27,0.4818225128845529,7.0,9.0,47,83.27272727272728,76.54545454545455,True,22,80.58181818181819,17,False,True,275,WESTERN DIGITAL CORP
2015-06-30,WEC,WEC,783325.0,4931.0,Utilities,10141039002.6568,2014-12-31,0.43582319315033746,6.75,8.0,60,78.54545454545455,63.272727272727266,True,43,72.43636363636364,49,False,False,275,"WEC ENERGY GROUP, INC."
2015-06-30,WHR,WHR,106640.0,3630.0,Electronics & semis,13515667108.80043,2014-12-31,0.3614323999456334,4.0,9.0,87,68.72727272727272,7.454545454545454,True,97,44.21818181818181,164,False,False,275,WHIRLPOOL CORP /DE/
2015-06-30,WM,WM,823768.0,4953.0,Utilities,21280602910.575584,2014-12-31,0.27565008494589405,9.0,9.0,126,54.54545454545454,98.72727272727273,False,126,72.21818181818182,50,False,False,275,WASTE MANAGEMENT INC
2015-06-30,WMB,WMB,107263.0,4922.0,Utilities,42921778358.55022,2014-12-31,0.20448826529694758,4.5,8.0,177,36.0,14.727272727272728,False,177,27.49090909090909,230,False,False,275,"WILLIAMS COMPANIES, INC."
2015-06-30,WMT,WMT,104169.0,5331.0,Retail,228824624890.8762,2015-01-31,0.3557047238198942,9.0,9.0,88,68.36363636363636,98.72727272727273,True,4,80.50909090909092,18,True,True,275,Walmart Inc.
2015-06-30,WYNN,WYNN,1174922.0,7011.0,Services (hotels/personal),10017534614.231003,2014-12-31,-0.0028728625463511036,4.5,8.0,269,2.5454545454545454,14.727272727272728,False,269,7.418181818181819,271,False,False,275,WYNN RESORTS LTD
2015-06-30,XEL,XEL,72903.0,4931.0,Utilities,16282592305.614319,2014-12-31,0.6273252936805398,4.5,8.0,33,88.36363636363636,14.727272727272728,True,91,58.90909090909091,103,False,False,275,XCEL ENERGY INC
2015-06-30,XOM,XOM,34088.0,2911.0,Petroleum refining,348998217330.02124,2014-12-31,0.49971315422245854,4.5,8.0,44,84.36363636363636,14.727272727272728,True,92,56.50909090909091,115,False,False,275,EXXON MOBIL CORP
2015-06-30,XRAY,XRAY,818479.0,3843.0,Instruments & medical devices,7235111418.370426,2014-12-31,0.3208352803118027,7.0,9.0,106,61.81818181818181,76.54545454545455,False,106,67.7090909090909,64,False,False,275,DENTSPLY SIRONA Inc.
2015-06-30,XRX,XRX,108772.0,3577.0,Machinery & computers,11833805406.387615,2014-12-31,0.8986120385467901,6.0,9.0,10,96.72727272727273,48.90909090909091,True,50,77.6,31,False,False,275,XEROX CORP
2015-06-30,XYL,XYL,1524472.0,3561.0,Machinery & computers,6758221301.833488,2014-12-31,0.31472778191252043,6.0,9.0,109,60.72727272727273,48.90909090909091,False,109,56.0,118,False,False,275,Xylem Inc.
2015-06-30,YUM,YUM,1041061.0,5812.0,Retail,39015019993.51708,2014-12-27,0.039651395802361676,5.0,9.0,257,6.909090909090909,26.181818181818183,False,257,14.61818181818182,262,False,False,275,YUM BRANDS INC
2015-06-30,ZBH,ZBH,1136869.0,3842.0,Instruments & medical devices,18558504082.844517,2014-12-31,0.3513645265206385,6.0,9.0,90,67.63636363636364,48.90909090909091,True,60,60.14545454545455,98,False,False,275,"ZIMMER BIOMET HOLDINGS, INC."
2015-06-30,ZTS,ZTS,1555280.0,2834.0,Chemicals & pharma,24147989147.053253,2014-12-31,0.05429023476929878,8.0,9.0,253,8.363636363636363,92.72727272727272,False,253,42.1090909090909,171,False,False,275,Zoetis Inc.
2016-06-30,A,A,1090872.0,3826.0,Instruments & medical devices,14735100883.141022,2015-10-31,0.28279412764439366,7.0,9.0,133,54.48275862068965,83.79310344827586,False,133,66.20689655172413,65,False,False,290,"AGILENT TECHNOLOGIES, INC."
2016-06-30,AAL,AAL,6201.0,4512.0,Transportation,17071439682.603636,2015-12-31,0.33008346716898473,4.5,8.0,113,61.37931034482759,20.517241379310345,False,113,45.03448275862068,180,False,False,290,American Airlines Group Inc.
2016-06-30,AAP,AAP,1158449.0,5531.0,Retail,11851115224.869995,2016-01-02,0.20763007981191853,6.0,9.0,171,41.37931034482759,60.17241379310345,False,171,48.896551724137936,159,False,False,290,ADVANCE AUTO PARTS INC
2016-06-30,AAPL,AAPL,320193.0,3571.0,Machinery & computers,533001635092.72003,2015-09-26,0.22392989466014904,8.0,9.0,163,44.13793103448276,95.51724137931035,False,163,64.6896551724138,71,False,False,290,Apple Inc.
2016-06-30,ABBV,ABBV,1551152.0,2834.0,Chemicals & pharma,99751758325.80457,2015-12-31,0.039548175051862484,7.0,9.0,266,8.620689655172415,83.79310344827586,False,266,38.689655172413794,209,False,False,290,AbbVie Inc.
2016-06-30,ABC,COR,1140859.0,5122.0,Wholesale,16310804976.005806,2015-09-30,0.03884051099451846,4.0,9.0,268,7.931034482758621,11.724137931034482,False,268,9.448275862068964,286,False,False,290,"Cencora, Inc."
2016-06-30,ABT,ABT,1800.0,2834.0,Chemicals & pharma,57913139579.09981,2015-12-31,0.3662553982422118,7.0,9.0,94,67.93103448275862,83.79310344827586,True,11,74.27586206896551,26,True,False,290,ABBOTT LABORATORIES
2016-06-30,ACN,ACN,1467373.0,7389.0,Business services & software,71010125671.79216,2015-08-31,0.08637817412618018,5.0,9.0,246,15.517241379310345,32.93103448275862,False,246,22.482758620689655,268,False,False,290,Accenture plc
2016-06-30,ADBE,ADBE,796343.0,7372.0,Business services & software,47735070142.765114,2015-11-27,0.14667580835347704,6.0,9.0,209,28.27586206896552,60.17241379310345,False,209,41.03448275862069,195,False,False,290,ADOBE INC.
2016-06-30,ADI,ADI,6281.0,3674.0,Electronics & semis,17675116838.013275,2015-10-31,0.28701134179151555,6.75,8.0,131,55.172413793103445,73.44827586206897,False,131,62.48275862068965,79,False,False,290,ANALOG DEVICES INC
2016-06-30,ADM,ADM,7084.0,2070.0,Food & beverage mfg,25472297467.17325,2015-12-31,0.7033130805372968,5.0,9.0,23,92.41379310344827,32.93103448275862,True,55,68.62068965517241,52,False,False,290,Archer-Daniels-Midland Co
2016-06-30,ADP,ADP,8670.0,7374.0,Business services & software,42793977738.74573,2015-06-30,0.11236394123854435,5.625,8.0,231,20.689655172413794,45.86206896551724,False,231,30.758620689655174,244,False,False,290,AUTOMATIC DATA PROCESSING INC
2016-06-30,ADSK,ADSK,769397.0,7372.0,Business services & software,12154061277.86023,2016-01-31,0.13325586920894125,3.0,9.0,219,24.82758620689655,3.103448275862069,False,219,16.137931034482758,278,False,False,290,"Autodesk, Inc."
2016-06-30,AEE,AEE,1002910.0,4931.0,Utilities,13000372921.117584,2015-12-31,0.5342923654687656,5.625,8.0,40,86.55172413793103,45.86206896551724,True,44,70.27586206896552,48,False,False,290,AMEREN CORP
2016-06-30,AEP,AEP,4904.0,4911.0,Utilities,34417873604.00174,2015-12-31,0.5198374602061339,5.625,8.0,43,85.51724137931035,45.86206896551724,True,45,69.65517241379311,51,False,False,290,AMERICAN ELECTRIC POWER CO INC
2016-06-30,AES,AES,874761.0,4991.0,Utilities,8233471718.798046,2015-12-31,0.38246320720461563,5.625,8.0,83,71.72413793103448,45.86206896551724,True,49,61.37931034482758,86,False,False,290,AES CORP
2016-06-30,AKAM,AKAM,1086222.0,7389.0,Business services & software,9885489462.769066,2015-12-31,0.31570293122600707,4.5,8.0,120,58.9655172413793,20.517241379310345,False,120,43.586206896551715,185,False,False,290,AKAMAI TECHNOLOGIES INC
2016-06-30,ALK,ALK,766421.0,4512.0,Transportation,7270456788.432861,2015-12-31,0.3316160277351278,6.75,8.0,112,61.724137931034484,73.44827586206897,False,112,66.41379310344828,63,False,False,290,"ALASKA AIR GROUP, INC."
2016-06-30,ALLE,ALLE,1579241.0,7381.0,Business services & software,6672042511.326599,2015-12-31,0.003836906008398613,4.0,9.0,278,4.482758620689655,11.724137931034482,False,278,7.379310344827585,290,False,False,290,Allegion plc
2016-06-30,AMAT,AMAT,6951.0,3674.0,Electronics & semis,27544726545.282722,2015-10-25,0.27638684259524054,4.0,9.0,139,52.41379310344828,11.724137931034482,False,139,36.137931034482754,221,False,False,290,APPLIED MATERIALS INC /DE
2016-06-30,AME,AME,1037868.0,3823.0,Instruments & medical devices,10888931201.789165,2015-12-31,0.29889306302763957,4.5,8.0,127,56.55172413793104,20.517241379310345,False,127,42.13793103448276,190,False,False,290,AMETEK INC/
2016-06-30,AMGN,AMGN,318154.0,2836.0,Chemicals & pharma,114430646841.3006,2015-12-31,0.2454150245165285,8.0,9.0,154,47.241379310344826,95.51724137931035,False,154,66.55172413793103,62,False,False,290,AMGEN INC
2016-06-30,AMZN,AMZN,1018724.0,5961.0,Retail,336943960418.708,2015-12-31,0.03972173884158122,6.0,9.0,265,8.96551724137931,60.17241379310345,False,265,29.448275862068968,247,False,False,290,AMAZON COM INC
2016-06-30,AN,AN,350698.0,5500.0,Retail,5037422323.376369,2015-12-31,0.4663694741451347,6.0,9.0,51,82.75862068965517,60.17241379310345,True,28,73.72413793103448,29,False,False,290,"AUTONATION, INC."
2016-06-30,APD,APD,2969.0,2810.0,Chemicals & pharma,30599188887.76402,2015-09-30,0.23690170437487396,6.0,9.0,158,45.86206896551724,60.17241379310345,False,158,51.58620689655172,140,False,False,290,"Air Products & Chemicals, Inc."
2016-06-30,APH,APH,820313.0,3678.0,Electronics & semis,17659823518.444565,2015-12-31,0.18338235354490334,7.0,9.0,186,36.206896551724135,83.79310344827586,False,186,55.241379310344826,122,False,False,290,AMPHENOL CORP /DE/
2016-06-30,APTV,APTV,1521332.0,3714.0,Transport equipment,17373608173.816135,2015-12-31,0.12950677703155455,6.0,9.0,221,24.137931034482758,60.17241379310345,False,221,38.55172413793103,211,False,False,290,Aptiv PLC
2016-06-30,AVGO,AVGO,1441634.0,3674.0,Electronics & semis,42966479849.527596,2015-11-01,0.10971343280875799,6.0,9.0,234,19.655172413793103,60.17241379310345,False,234,35.86206896551724,222,False,False,290,Avago Technologies LTD
2016-06-30,AVY,AVY,8818.0,2670.0,Other manufacturing,6684953421.25,2016-01-02,0.14445874774987236,7.0,9.0,210,27.93103448275862,83.79310344827586,False,210,50.27586206896551,151,False,False,290,Avery Dennison Corp
2016-06-30,AYI,AYI,1144215.0,3640.0,Electronics & semis,10819858129.082932,2015-08-31,0.12569480891292156,7.0,9.0,222,23.79310344827586,83.79310344827586,False,222,47.79310344827586,166,False,False,290,ACUITY INC. (DE)
2016-06-30,AZO,AZO,866787.0,5531.0,Retail,24200406121.81549,2015-08-29,-0.07030419206338358,6.0,9.0,286,1.7241379310344827,60.17241379310345,False,286,25.10344827586207,262,False,False,290,AUTOZONE INC
2016-06-30,BA,BA,12927.0,3721.0,Transport equipment,86039368128.25806,2015-12-31,0.07362908558970908,5.0,9.0,254,12.758620689655173,32.93103448275862,False,254,20.82758620689655,269,False,False,290,BOEING CO
2016-06-30,BAX,BAX,10456.0,3841.0,Instruments & medical devices,24774765680.56888,2015-12-31,0.35705685833945205,6.0,9.0,97,66.89655172413794,60.17241379310345,True,36,64.20689655172414,74,False,False,290,BAXTER INTERNATIONAL INC
2016-06-30,BBY,BBY,764478.0,5731.0,Retail,9894439161.947351,2016-01-30,0.4424707584071247,6.0,9.0,55,81.37931034482759,60.17241379310345,True,29,72.89655172413794,32,False,False,290,BEST BUY CO INC
2016-06-30,BDX,BDX,10795.0,3841.0,Instruments & medical devices,35738808160.90206,2015-09-30,0.20045436232082725,4.0,9.0,178,38.96551724137931,11.724137931034482,False,178,28.068965517241377,252,False,False,290,BECTON DICKINSON & CO
2016-06-30,BF.B,BF-B,14693.0,2080.0,Food & beverage mfg,19726741588.09662,2016-04-30,0.07918185540294864,6.0,9.0,249,14.482758620689657,60.17241379310345,False,249,32.758620689655174,239,False,False,290,BROWN FORMAN CORP
2016-06-30,BIIB,BIIB,875045.0,2836.0,Chemicals & pharma,52879438026.546814,2015-12-31,0.17724847974546587,7.0,9.0,191,34.48275862068966,83.79310344827586,False,191,54.206896551724135,127,False,False,290,BIOGEN INC.
2016-06-30,BKNG,BKNG,1075531.0,4700.0,Transportation,61941855059.82971,2015-12-31,0.14199556974043553,5.0,9.0,212,27.241379310344826,32.93103448275862,False,212,29.51724137931034,246,False,False,290,Booking Holdings Inc.
2016-06-30,BLL,BALL,9389.0,3411.0,Other manufacturing,10244467454.362564,2015-12-31,0.12214397728084334,3.0,9.0,225,22.758620689655174,3.103448275862069,False,225,14.896551724137932,282,False,False,290,BALL Corp
2016-06-30,BMY,BMY,14272.0,2834.0,Chemicals & pharma,122788721164.28482,2015-12-31,0.11618330954772993,6.0,9.0,229,21.379310344827587,60.17241379310345,False,229,36.896551724137936,219,False,False,290,BRISTOL MYERS SQUIBB CO
2016-06-30,BSX,BSX,885725.0,3841.0,Instruments & medical devices,31510853064.18721,2015-12-31,0.2005658173431941,4.0,9.0,176,39.6551724137931,11.724137931034482,False,176,28.482758620689655,251,False,False,290,BOSTON SCIENTIFIC CORP
2016-06-30,BWA,BWA,908255.0,3714.0,Transport equipment,6454210892.720946,2015-12-31,0.5506017790661071,5.0,9.0,37,87.58620689655172,32.93103448275862,True,56,65.72413793103448,66,False,False,290,BORGWARNER INC
2016-06-30,CAG,CAG,23217.0,2000.0,Food & beverage mfg,20503528849.608673,2015-05-31,0.2207424894123229,3.0,9.0,166,43.103448275862064,3.103448275862069,False,166,27.103448275862068,255,False,False,290,CONAGRA BRANDS INC.
2016-06-30,CAH,CAH,721371.0,5122.0,Wholesale,25537314670.23532,2015-06-30,0.24497485662780347,7.0,9.0,155,46.89655172413793,83.79310344827586,False,155,61.655172413793096,83,False,False,290,CARDINAL HEALTH INC
2016-06-30,CAT,CAT,18230.0,3531.0,Machinery & computers,44145821059.2157,2015-12-31,0.3371780078579526,6.0,9.0,109,62.758620689655174,60.17241379310345,False,109,61.724137931034484,82,False,False,290,CATERPILLAR INC
2016-06-30,CF,CF,1324404.0,2870.0,Chemicals (other),5617289688.513939,2015-12-31,0.718353551936453,4.0,9.0,21,93.10344827586206,11.724137931034482,True,84,60.55172413793103,90,False,False,290,"CF Industries Holdings, Inc."
2016-06-30,CHD,CHD,313927.0,2840.0,Chemicals (other),13347427806.62201,2015-12-31,0.1515797672264792,7.0,9.0,206,29.310344827586203,83.79310344827586,False,206,51.103448275862064,145,False,False,290,CHURCH & DWIGHT CO INC /DE/
2016-06-30,CHRW,CHRW,1043277.0,4731.0,Transportation,10635769064.25,2015-12-31,0.10816801239761838,6.0,9.0,236,18.96551724137931,60.17241379310345,False,236,35.44827586206897,224,False,False,290,"C. H. ROBINSON WORLDWIDE, INC."
2016-06-30,CL,CL,21665.0,2844.0,Chemicals (other),65348456646.77826,2015-12-31,-0.004575471485365844,6.0,9.0,280,3.793103448275862,60.17241379310345,False,280,26.344827586206897,259,False,False,290,COLGATE PALMOLIVE CO
2016-06-30,CLX,CLX,21076.0,2842.0,Chemicals (other),17803020108.742035,2015-06-30,0.0066280889017283654,8.0,9.0,276,5.172413793103448,95.51724137931035,False,276,41.31034482758621,194,False,False,290,CLOROX CO /DE/
2016-06-30,CMCSA,CMCSA,1166691.0,4841.0,Communications,162062336235.11505,2015-12-31,0.32252404361350034,5.625,8.0,116,60.3448275862069,45.86206896551724,False,116,54.55172413793103,125,False,False,290,COMCAST CORP
2016-06-30,CMI,CMI,26172.0,3510.0,Machinery & computers,19600630840.267883,2015-12-31,0.37784498164135527,6.0,9.0,87,70.34482758620689,60.17241379310345,True,34,66.27586206896552,64,False,False,290,CUMMINS INC
2016-06-30,CMS,CMS,811156.0,4931.0,Utilities,12712392169.189453,2015-12-31,0.30977647224763744,4.5,8.0,121,58.620689655172406,20.517241379310345,False,121,43.37931034482759,186,False,False,290,CMS ENERGY CORP
2016-06-30,CNP,CNP,1130310.0,4911.0,Utilities,10326521976.0,2015-12-31,0.3351564067789478,4.5,8.0,110,62.41379310344828,20.517241379310345,False,110,45.65517241379311,176,False,False,290,CENTERPOINT ENERGY INC
2016-06-30,COP,COP,1163165.0,2911.0,Petroleum refining,53898436967.30434,2015-12-31,0.7377208363968007,2.25,8.0,20,93.44827586206897,1.206896551724138,True,99,56.55172413793104,113,False,False,290,CONOCOPHILLIPS
2016-06-30,COST,COST,909832.0,5331.0,Retail,68690335180.74994,2015-08-30,0.1545632289034943,7.0,9.0,204,30.0,83.79310344827586,False,204,51.51724137931034,141,False,False,290,COSTCO WHOLESALE CORP /NEW
2016-06-30,CPB,CPB,16732.0,2000.0,Food & beverage mfg,20609506476.76346,2015-08-02,0.06695939087895698,6.0,9.0,256,12.068965517241379,60.17241379310345,False,256,31.310344827586206,242,False,False,290,CAMPBELL'S Co
2016-06-30,CPRI,CPRI,1530721.0,3100.0,Other manufacturing,8731842544.457455,2016-04-02,0.22855428162373043,4.0,9.0,161,44.827586206896555,11.724137931034482,False,161,31.586206896551726,241,False,False,290,Capri Holdings Ltd
2016-06-30,CRM,CRM,1108524.0,7372.0,Business services & software,53276171456.90918,2016-01-31,0.09390443913647999,4.5,8.0,244,16.206896551724135,20.517241379310345,False,244,17.93103448275862,275,False,False,290,"Salesforce, Inc."
2016-06-30,CSCO,CSCO,858877.0,3576.0,Machinery & computers,145208507221.81223,2015-07-25,0.4111191633477007,8.0,9.0,69,76.55172413793103,95.51724137931035,True,2,84.13793103448276,8,True,True,290,"CISCO SYSTEMS, INC."
2016-06-30,CSX,CSX,277948.0,4011.0,Transportation,25118950376.33463,2015-12-25,0.464509855116908,5.625,8.0,53,82.06896551724138,45.86206896551724,True,47,67.58620689655172,60,False,False,290,CSX CORP
2016-06-30,CTAS,CTAS,723254.0,2320.0,Other manufacturing,10815040355.965462,2015-05-31,0.1786821811473018,6.0,9.0,190,34.82758620689655,60.17241379310345,False,190,44.96551724137931,181,False,False,290,CINTAS CORP
2016-06-30,CTL,LUMN,18926.0,4813.0,Communications,15777171651.098042,2015-12-31,0.8911609958316875,8.0,9.0,10,96.89655172413794,95.51724137931035,True,1,96.3448275862069,1,True,True,290,"Lumen Technologies, Inc."
2016-06-30,CTSH,CTSH,1058290.0,7371.0,Business services & software,34866055351.428444,2015-12-31,0.2661069600929169,6.75,8.0,145,50.3448275862069,73.44827586206897,False,145,59.58620689655172,95,False,False,290,COGNIZANT TECHNOLOGY SOLUTIONS CORP
2016-06-30,CVS,CVS,64803.0,5912.0,Retail,105169510196.27042,2015-12-31,0.3536766495401922,6.0,9.0,99,66.20689655172414,60.17241379310345,True,37,63.793103448275865,75,False,False,290,CVS HEALTH Corp
2016-06-30,CVX,CVX,93410.0,2911.0,Petroleum refining,197411277853.01215,2015-12-31,0.7735930877956668,4.5,8.0,18,94.13793103448276,20.517241379310345,True,69,64.6896551724138,70,False,False,290,CHEVRON CORP
2016-06-30,D,D,715957.0,4911.0,Utilities,46478955841.362724,2015-12-31,0.27246739456074454,5.625,8.0,142,51.37931034482759,45.86206896551724,False,142,49.172413793103445,156,False,False,290,"DOMINION ENERGY, INC"
2016-06-30,DAL,DAL,27904.0,4512.0,Transportation,28361069300.611977,2015-12-31,0.3825666756424405,6.75,8.0,82,72.06896551724138,73.44827586206897,True,20,72.62068965517241,34,True,False,290,"DELTA AIR LINES, INC."
2016-06-30,DD,DD,30554.0,2820.0,Chemicals & pharma,43331261124.59203,2015-12-31,0.23061872054142954,6.0,9.0,160,45.17241379310345,60.17241379310345,False,160,51.17241379310345,144,False,False,290,DUPONT E I DE NEMOURS & CO
2016-06-30,DE,DE,315189.0,3523.0,Machinery & computers,25665376718.107605,2015-10-31,0.2627430750019871,5.625,8.0,147,49.6551724137931,45.86206896551724,False,147,48.13793103448276,164,False,False,290,DEERE & CO
2016-06-30,DG,DG,29534.0,5331.0,Retail,26928073968.0,2016-01-29,0.1997126124352898,7.0,9.0,179,38.62068965517241,83.79310344827586,False,179,56.689655172413794,111,False,False,290,DOLLAR GENERAL CORP
2016-06-30,DGX,DGX,1022079.0,8071.0,Health services,11621976846.237549,2015-12-31,0.40302954152901954,7.0,9.0,72,75.51724137931033,83.79310344827586,True,8,78.82758620689654,15,True,True,290,QUEST DIAGNOSTICS INC
2016-06-30,DHR,DHR,313616.0,3823.0,Instruments & medical devices,69402608569.01428,2015-12-31,0.3413459593012596,5.0,9.0,106,63.793103448275865,32.93103448275862,False,106,51.44827586206897,142,False,False,290,DANAHER CORP /DE/
2016-06-30,DIS,DIS,1001039.0,4841.0,Communications,161713860401.83014,2015-10-03,0.2753319962145688,7.875,8.0,140,52.06896551724138,91.37931034482759,False,140,67.79310344827587,57,False,False,290,WALT DISNEY CO/
2016-06-30,DLTR,DLTR,935703.0,5331.0,Retail,19390809143.80951,2016-01-30,0.2272674630190405,5.0,9.0,162,44.48275862068966,32.93103448275862,False,162,39.86206896551724,201,False,False,290,"DOLLAR TREE, INC."
2016-06-30,DOV,DOV,29905.0,3530.0,Machinery & computers,10745252081.41372,2015-12-31,0.33918003713510786,7.0,9.0,108,63.10344827586207,83.79310344827586,False,108,71.37931034482759,44,False,False,290,DOVER Corp
2016-06-30,DRI,DRI,940944.0,5812.0,Retail,8975515112.616793,2015-05-31,0.2599850783739222,8.0,9.0,151,48.275862068965516,95.51724137931035,False,151,67.17241379310346,61,False,False,290,DARDEN RESTAURANTS INC
2016-06-30,DTE,DTE,936340.0,4911.0,Utilities,17789661481.63262,2015-12-31,0.49309538627572364,3.375,8.0,45,84.82758620689656,5.862068965517241,True,92,53.241379310344826,132,False,False,290,DTE ENERGY CO
2016-06-30,DUK,DUK,1326160.0,4931.0,Utilities,59055942644.39881,2015-12-31,0.6727011410047813,6.75,8.0,26,91.37931034482759,73.44827586206897,True,16,84.20689655172413,7,True,True,290,Duke Energy CORP
2016-06-30,DVN,DVN,1090012.0,1311.0,Oil & gas extraction,15997125000.0,2015-12-31,0.44064167780147995,3.375,8.0,56,81.03448275862068,5.862068965517241,True,94,50.9655172413793,146,False,False,290,DEVON ENERGY CORP/DE
2016-06-30,EBAY,EBAY,1065088.0,7389.0,Business services & software,27593488013.713863,2015-12-31,0.23831709846655674,6.75,8.0,157,46.206896551724135,73.44827586206897,False,157,57.103448275862064,108,False,False,290,EBAY INC
2016-06-30,ECL,ECL,31462.0,2840.0,Chemicals (other),35105819788.53701,2015-12-31,0.19683061217833367,6.0,9.0,182,37.58620689655172,60.17241379310345,False,182,46.62068965517241,170,False,False,290,ECOLAB INC.
2016-06-30,EFX,EFX,33185.0,7320.0,Business services & software,15241922221.472626,2015-12-31,0.15161473509846635,8.0,9.0,205,29.655172413793103,95.51724137931035,False,205,56.0,117,False,False,290,EQUIFAX INC
2016-06-30,EIX,EIX,827052.0,4911.0,Utilities,25305755773.441864,2015-12-31,0.5290496011998413,4.5,8.0,41,86.20689655172413,20.517241379310345,True,71,59.93103448275862,91,False,False,290,EDISON INTERNATIONAL
2016-06-30,EL,EL,1001250.0,2844.0,Chemicals (other),34523884726.71509,2015-06-30,0.10552694254539781,5.0,9.0,238,18.275862068965516,32.93103448275862,False,238,24.137931034482758,264,False,False,290,ESTEE LAUDER COMPANIES INC
2016-06-30,EMN,EMN,915389.0,2821.0,Chemicals & pharma,10036488598.644417,2015-12-31,0.3926672123687056,6.0,9.0,76,74.13793103448276,60.17241379310345,True,33,68.55172413793105,54,False,False,290,EASTMAN CHEMICAL CO
2016-06-30,EMR,EMR,32604.0,3600.0,Electronics & semis,34141700374.682507,2015-09-30,0.23669002748300136,5.0,9.0,159,45.51724137931035,32.93103448275862,False,159,40.48275862068966,197,False,False,290,EMERSON ELECTRIC CO
2016-06-30,EOG,EOG,821189.0,1311.0,Oil & gas extraction,45871271386.93344,2015-12-31,0.2821599360266884,2.25,8.0,134,54.137931034482754,1.206896551724138,False,134,32.96551724137931,237,False,False,290,EOG RESOURCES INC
2016-06-30,ES,ES,72741.0,4911.0,Utilities,18999756299.095436,2015-12-31,0.5448604096302467,6.75,8.0,39,86.89655172413792,73.44827586206897,True,19,81.51724137931035,13,True,True,290,EVERSOURCE ENERGY
2016-06-30,ETN,ETN,1551182.0,3590.0,Machinery & computers,27410096789.93225,2015-12-31,0.5540294190269999,5.625,8.0,33,88.96551724137932,45.86206896551724,True,42,71.72413793103448,42,False,False,290,Eaton Corp plc
2016-06-30,EW,EW,1099800.0,3842.0,Instruments & medical devices,21401817132.760162,2015-12-31,0.11695735854917001,6.0,9.0,228,21.72413793103448,60.17241379310345,False,228,37.10344827586207,218,False,False,290,Edwards Lifesciences Corp
2016-06-30,EXC,EXC,1109357.0,4911.0,Utilities,33448463773.526314,2015-12-31,0.7711265956678872,5.625,8.0,19,93.79310344827586,45.86206896551724,True,39,74.62068965517241,24,False,False,290,EXELON CORP
2016-06-30,EXPE,EXPE,1324424.0,4700.0,Transportation,13835902097.213745,2015-12-31,0.35157765397744356,5.0,9.0,101,65.51724137931035,32.93103448275862,False,101,52.48275862068965,135,False,False,290,"Expedia Group, Inc."
2016-06-30,FAST,FAST,815556.0,5200.0,Retail,12802243706.952301,2015-12-31,0.14070103969523748,5.0,9.0,213,26.89655172413793,32.93103448275862,False,213,29.310344827586206,248,False,False,290,FASTENAL CO
2016-06-30,FB,META,1326801.0,7370.0,Business services & software,320326836578.36914,2015-12-31,0.13804026060483354,5.625,8.0,215,26.20689655172414,45.86206896551724,False,215,34.06896551724138,232,False,False,290,"Meta Platforms, Inc."
2016-06-30,FBHS,FBIN,1519751.0,2430.0,Other manufacturing,9135688812.28829,2015-12-31,0.26827752678082994,8.0,9.0,144,50.689655172413794,95.51724137931035,False,144,68.62068965517241,53,False,False,290,"Fortune Brands Innovations, Inc."
2016-06-30,FCX,FCX,831259.0,1000.0,Mining (metals/coal),13945607201.78852,2015-12-31,0.5613237119568419,2.0,9.0,32,89.3103448275862,0.6896551724137931,True,100,53.86206896551724,128,False,False,290,FREEPORT-MCMORAN INC
2016-06-30,FDX,FDX,1048911.0,4513.0,Transportation,42867257978.67306,2015-05-31,0.3497541178738138,6.75,8.0,103,64.82758620689654,73.44827586206897,False,103,68.27586206896551,55,False,False,290,FEDEX CORP
2016-06-30,FE,FE,1031296.0,4911.0,Utilities,14789643952.306042,2015-12-31,0.8398444235747328,5.625,8.0,14,95.51724137931035,45.86206896551724,True,38,75.65517241379311,21,False,False,290,FIRSTENERGY CORP
2016-06-30,FFIV,FFIV,1048695.0,3576.0,Machinery & computers,8011880896.50647,2015-09-30,0.16434692639704004,9.0,8.0,197,32.41379310344827,99.48275862068967,False,197,59.24137931034483,97,False,False,290,"F5, INC."
2016-06-30,FIS,FIS,1136893.0,7389.0,Business services & software,23932416528.005867,2015-12-31,0.3894717438622425,4.0,9.0,79,73.10344827586206,11.724137931034482,True,88,48.55172413793103,163,False,False,290,"Fidelity National Information Services, Inc."
2016-06-30,FISV,FISV,798354.0,7389.0,Business services & software,24239973486.115715,2015-12-31,0.1097360936274789,7.0,9.0,233,20.0,83.79310344827586,False,233,45.51724137931034,177,False,False,290,FISERV INC
2016-06-30,FLR,FLR,1124198.0,1600.0,Construction,6845862263.062775,2015-12-31,0.4378333780059161,5.0,9.0,59,80.0,32.93103448275862,True,57,61.172413793103445,87,False,False,290,FLUOR CORP
2016-06-30,FLS,FLS,30625.0,3561.0,Machinery & computers,5875243503.495453,2015-12-31,0.2836439032711642,5.625,8.0,132,54.82758620689655,45.86206896551724,False,132,51.241379310344826,143,False,False,290,FLOWSERVE CORP
2016-06-30,FMC,FMC,37785.0,2800.0,Chemicals & pharma,6189598999.219483,2015-12-31,0.3014250196555976,3.0,9.0,126,56.896551724137936,3.103448275862069,False,126,35.37931034482759,225,False,False,290,FMC CORP
2016-06-30,FSLR,FSLR,1274494.0,3674.0,Electronics & semis,4933696595.014458,2015-12-31,1.1246105011011,5.0,9.0,5,98.62068965517241,32.93103448275862,True,51,72.34482758620689,36,False,False,290,"FIRST SOLAR, INC."
2016-06-30,FTI,FTI,1135152.0,3533.0,Machinery & computers,6051592167.81,2015-12-31,0.41506432197478876,6.0,9.0,67,77.24137931034483,60.17241379310345,True,32,70.41379310344828,47,False,False,290,FMC TECHNOLOGIES INC
2016-06-30,GD,GD,40533.0,3730.0,Transport equipment,43326172133.66287,2015-12-31,0.2478409578135097,6.0,9.0,152,47.93103448275862,60.17241379310345,False,152,52.827586206896555,134,False,False,290,GENERAL DYNAMICS CORP
2016-06-30,GE,GE,40545.0,3600.0,Electronics & semis,293727533433.3288,2015-12-31,0.3345753762042418,4.5,8.0,111,62.06896551724138,20.517241379310345,False,111,45.44827586206897,178,False,False,290,GENERAL ELECTRIC CO
2016-06-30,GILD,GILD,882095.0,2836.0,Chemicals & pharma,114022265040.45079,2015-12-31,0.162547200701765,5.0,9.0,198,32.068965517241374,32.93103448275862,False,198,32.41379310344827,240,False,False,290,"GILEAD SCIENCES, INC."
2016-06-30,GIS,GIS,40704.0,2040.0,Food & beverage mfg,42701973936.35975,2015-05-31,0.11701332606887817,4.0,9.0,227,22.06896551724138,11.724137931034482,False,227,17.93103448275862,274,False,False,290,GENERAL MILLS INC
2016-06-30,GLW,GLW,24741.0,3357.0,Other manufacturing,22790905448.983555,2015-12-31,0.8243639131431665,4.0,9.0,15,95.17241379310344,11.724137931034482,True,82,61.79310344827586,81,False,False,290,CORNING INC /NY
2016-06-30,GM,GM,1467858.0,3711.0,Transport equipment,43709139628.045654,2015-12-31,0.9121890830909208,6.75,8.0,9,97.24137931034483,73.44827586206897,True,14,87.72413793103448,4,True,True,290,General Motors Co
2016-06-30,GPC,GPC,40987.0,5013.0,Wholesale,15138454297.5,2015-12-31,0.2078525943378269,5.0,9.0,170,41.724137931034484,32.93103448275862,False,170,38.20689655172414,212,False,False,290,GENUINE PARTS CO
2016-06-30,GPN,GPN,1123360.0,7389.0,Business services & software,9296398646.530243,2015-05-31,0.08153436925630383,6.0,9.0,248,14.827586206896552,60.17241379310345,False,248,32.96551724137931,238,False,False,290,GLOBAL PAYMENTS INC
2016-06-30,GPS,GAP,39911.0,5651.0,Retail,8427313052.485521,2016-01-30,0.3019942399374124,4.0,9.0,125,57.24137931034483,11.724137931034482,False,125,39.03448275862069,206,False,False,290,GAP INC
2016-06-30,GRMN,GRMN,1121788.0,3812.0,Instruments & medical devices,8826643690.558868,2015-12-26,0.37898051822098644,6.75,8.0,85,71.03448275862068,73.44827586206897,True,21,72.0,38,False,False,290,GARMIN LTD
2016-06-30,GT,GT,42582.0,3011.0,Other manufacturing,6852310278.31255,2015-12-31,0.5720698334993288,6.0,9.0,31,89.65517241379311,60.17241379310345,True,24,77.86206896551724,18,False,True,290,GOODYEAR TIRE & RUBBER CO /OH/
2016-06-30,GWW,GWW,277135.0,5000.0,Wholesale,14027824122.75,2015-12-31,0.161581295870685,4.0,9.0,199,31.724137931034484,11.724137931034482,False,199,23.724137931034484,265,False,False,290,"W.W. GRAINGER, INC."
2016-06-30,HAL,HAL,45012.0,1389.0,Oil & gas extraction,38874310735.76559,2015-12-31,0.397743386502657,3.0,9.0,73,75.17241379310344,3.103448275862069,True,98,46.34482758620689,172,False,False,290,HALLIBURTON CO
2016-06-30,HAS,HAS,46080.0,3944.0,Other manufacturing,10481567899.1082,2015-12-27,0.1587455250985465,6.0,9.0,201,31.03448275862069,60.17241379310345,False,201,42.689655172413794,187,False,False,290,"HASBRO, INC."
2016-06-30,HD,HD,354950.0,5211.0,Retail,159989317142.79242,2016-01-31,0.03947763583716588,6.0,9.0,267,8.275862068965518,60.17241379310345,False,267,29.03448275862069,250,False,False,290,"HOME DEPOT, INC."
2016-06-30,HOG,HOG,793952.0,3751.0,Transport equipment,8336378837.399284,2015-12-31,0.22067783097222107,5.0,9.0,167,42.758620689655174,32.93103448275862,False,167,38.827586206896555,207,False,False,290,"HARLEY-DAVIDSON, INC."
2016-06-30,HON,HON,773840.0,3724.0,Transport equipment,89487637697.30768,2015-12-31,0.204307549852219,7.0,9.0,174,40.3448275862069,83.79310344827586,False,174,57.72413793103448,103,False,False,290,HONEYWELL INTERNATIONAL INC
2016-06-30,HP,HP,46765.0,1381.0,Oil & gas extraction,7235754775.6036,2015-09-30,0.676840516557094,5.625,8.0,25,91.72413793103448,45.86206896551724,True,40,73.37931034482759,30,False,False,290,"Helmerich & Payne, Inc."
2016-06-30,HPQ,HPQ,47217.0,3570.0,Machinery & computers,22487697335.067955,2015-10-31,1.2348085082369813,4.5,8.0,3,99.3103448275862,20.517241379310345,True,68,67.79310344827586,58,False,False,290,HP INC
2016-06-30,HRB,HRB,12659.0,7200.0,Services (hotels/personal),5071896911.0,2016-04-30,0.004555100469391224,5.0,9.0,277,4.827586206896552,32.93103448275862,False,277,16.06896551724138,279,False,False,290,H&R BLOCK INC
2016-06-30,HRL,HRL,48465.0,2011.0,Food & beverage mfg,19330069594.11621,2015-10-25,0.20683826204210837,6.0,9.0,172,41.03448275862069,60.17241379310345,False,172,48.689655172413794,162,False,False,290,HORMEL FOODS CORP /DE/
2016-06-30,HRS,LHX,202058.0,3812.0,Instruments & medical devices,10352484459.467712,2015-07-03,0.3281337937091346,3.0,9.0,115,60.689655172413794,3.103448275862069,False,115,37.6551724137931,214,False,False,290,"L3HARRIS TECHNOLOGIES, INC. /DE/"
2016-06-30,HSIC,HSIC,1000228.0,5047.0,Wholesale,14487360275.393188,2015-12-26,0.19908775271495904,6.0,9.0,180,38.275862068965516,60.17241379310345,False,180,47.03448275862069,168,False,False,290,HENRY SCHEIN INC
2016-06-30,HSY,HSY,47111.0,2060.0,Food & beverage mfg,24602062123.3136,2015-12-31,0.040565583283129356,5.0,9.0,264,9.310344827586208,32.93103448275862,False,264,18.758620689655174,273,False,False,290,HERSHEY CO
2016-06-30,IBM,IBM,51143.0,3570.0,Machinery & computers,150023021912.07523,2015-12-31,0.09506540941668676,5.0,9.0,242,16.896551724137932,32.93103448275862,False,242,23.310344827586206,267,False,False,290,INTERNATIONAL BUSINESS MACHINES CORP
2016-06-30,IFF,IFF,51253.0,2860.0,Chemicals (other),10068944111.506256,2015-12-31,0.15794287686855554,6.0,9.0,202,30.689655172413794,60.17241379310345,False,202,42.48275862068965,188,False,False,290,INTERNATIONAL FLAVORS & FRAGRANCES INC
2016-06-30,ILMN,ILMN,1110803.0,3826.0,Instruments & medical devices,20635861022.82715,2016-01-03,0.08957963992658956,8.0,9.0,245,15.862068965517242,95.51724137931035,False,245,47.72413793103449,167,False,False,290,"ILLUMINA, INC."
2016-06-30,INTC,INTC,50863.0,3674.0,Electronics & semis,154947196395.87402,2015-12-26,0.3942310762689385,5.0,9.0,75,74.48275862068967,32.93103448275862,True,62,57.86206896551725,102,False,False,290,INTEL CORP
2016-06-30,INTU,INTU,896878.0,7372.0,Business services & software,30950190464.91452,2015-07-31,0.0753468707290697,4.5,8.0,252,13.448275862068964,20.517241379310345,False,252,16.275862068965516,277,False,False,290,INTUIT INC.
2016-06-30,IP,IP,51434.0,2621.0,Other manufacturing,17424863256.8603,2015-12-31,0.2228998840763264,7.0,9.0,164,43.79310344827586,83.79310344827586,False,164,59.79310344827586,93,False,False,290,INTERNATIONAL PAPER CO /NEW/
2016-06-30,IR,TT,1466258.0,3822.0,Instruments & medical devices,16356077255.155212,2015-12-31,0.3556292813526945,5.0,9.0,98,66.55172413793103,32.93103448275862,True,67,53.103448275862064,133,False,False,290,Trane Technologies plc
2016-06-30,ISRG,ISRG,1035267.0,3842.0,Instruments & medical devices,24723689614.71398,2015-12-31,0.17471097830921262,6.75,8.0,193,33.793103448275865,73.44827586206897,False,193,49.65517241379311,154,False,False,290,INTUITIVE SURGICAL INC
2016-06-30,ITW,ITW,49826.0,3560.0,Machinery & computers,37889961323.674164,2015-12-31,0.13797849924785946,7.0,9.0,216,25.862068965517242,83.79310344827586,False,216,49.03448275862068,157,False,False,290,ILLINOIS TOOL WORKS INC
2016-06-30,JBHT,JBHT,728535.0,4213.0,Transportation,9126819601.335968,2015-12-31,0.1424759178772041,5.625,8.0,211,27.586206896551722,45.86206896551724,False,211,34.89655172413793,227,False,False,290,HUNT J B TRANSPORT SERVICES INC
2016-06-30,JCI,JCI,53669.0,2531.0,Other manufacturing,27591029079.682877,2015-09-30,0.37606426241058705,7.0,9.0,89,69.6551724137931,83.79310344827586,True,10,75.31034482758619,23,True,False,290,JOHNSON CONTROLS INC
2016-06-30,JEC,J,52988.0,1600.0,Construction,6104611546.955016,2015-10-02,0.7030332670619681,6.75,8.0,24,92.06896551724138,73.44827586206897,True,15,84.62068965517241,6,True,True,290,JACOBS SOLUTIONS INC.
2016-06-30,JNJ,JNJ,200406.0,2834.0,Chemicals & pharma,334710278410.496,2016-01-03,0.21257190050417302,5.0,9.0,168,42.41379310344828,32.93103448275862,False,168,38.62068965517241,210,False,False,290,JOHNSON & JOHNSON
2016-06-30,KDP,KDP,1418135.0,2080.0,Food & beverage mfg,18103628825.86789,2015-12-31,0.12058355929617591,6.0,9.0,226,22.413793103448278,60.17241379310345,False,226,37.51724137931035,216,False,False,290,Keurig Dr Pepper Inc.
2016-06-30,KLAC,KLAC,319201.0,3827.0,Instruments & medical devices,11539136513.033695,2015-06-30,0.036522576843074514,4.0,9.0,269,7.586206896551724,11.724137931034482,False,269,9.241379310344827,287,False,False,290,KLA CORP
2016-06-30,KMB,KMB,55785.0,2670.0,Other manufacturing,49616490176.4301,2015-12-31,-0.003506898601277066,6.0,9.0,279,4.137931034482759,60.17241379310345,False,279,26.551724137931036,258,False,False,290,KIMBERLY CLARK CORP
2016-06-30,KMI,KMI,1506307.0,4922.0,Utilities,41774726338.43211,2015-12-31,0.8406757644679304,5.0,9.0,13,95.86206896551724,32.93103448275862,True,53,70.6896551724138,46,False,False,290,"KINDER MORGAN, INC."
2016-06-30,KMX,KMX,1170010.0,5500.0,Retail,9503443870.432129,2016-02-29,0.305656143141709,3.0,9.0,124,57.58620689655173,3.103448275862069,False,124,35.793103448275865,223,False,False,290,CARMAX INC
2016-06-30,KO,KO,21344.0,2080.0,Food & beverage mfg,196256142204.2872,2015-12-31,0.13020738975598684,6.0,9.0,220,24.482758620689655,60.17241379310345,False,220,38.758620689655174,208,False,False,290,COCA COLA CO
2016-06-30,KR,KR,56873.0,5411.0,Retail,35409648469.29697,2016-01-30,0.19260287223448413,7.0,9.0,184,36.896551724137936,83.79310344827586,False,184,55.6551724137931,119,False,False,290,KROGER CO
2016-06-30,KSS,KSS,885639.0,5311.0,Retail,7021604690.225601,2016-01-30,0.7820149726804937,5.0,9.0,17,94.48275862068965,32.93103448275862,True,54,69.86206896551724,50,False,False,290,KOHLS Corp
2016-06-30,LB,BBWI,701985.0,5990.0,Retail,19271683202.920433,2016-01-30,-0.013439407304119192,8.0,9.0,284,2.413793103448276,95.51724137931035,False,284,39.65517241379311,202,False,False,290,"Bath & Body Works, Inc."
2016-06-30,LH,LH,920148.0,8071.0,Health services,13248459245.187376,2015-12-31,0.3732056617675069,4.0,9.0,91,68.96551724137932,11.724137931034482,True,90,46.06896551724138,174,False,False,290,LABCORP HOLDINGS INC.
2016-06-30,LKQ,LKQ,1065696.0,5010.0,Wholesale,9706670996.115208,2015-12-31,0.32088055742762417,5.625,8.0,117,60.0,45.86206896551724,False,117,54.3448275862069,126,False,False,290,LKQ CORP
2016-06-30,LLY,LLY,59478.0,2834.0,Chemicals & pharma,87104861943.75,2015-12-31,0.16728457717331274,5.0,9.0,195,33.10344827586207,32.93103448275862,False,195,33.03448275862069,236,False,False,290,ELI LILLY & Co
2016-06-30,LMT,LMT,936468.0,3760.0,Transport equipment,75812794345.62596,2015-12-31,0.040850624577706024,5.0,9.0,263,9.655172413793103,32.93103448275862,False,263,18.96551724137931,272,False,False,290,LOCKHEED MARTIN CORP
2016-06-30,LOW,LOW,60667.0,5211.0,Retail,71050214614.67079,2016-01-29,0.10772662744947663,6.0,9.0,237,18.620689655172416,60.17241379310345,False,237,35.24137931034483,226,False,False,290,LOWES COMPANIES INC
2016-06-30,LRCX,LRCX,707549.0,3559.0,Machinery & computers,13297197419.796753,2015-06-28,0.3837759069743887,5.0,9.0,81,72.41379310344827,32.93103448275862,True,64,56.62068965517241,112,False,False,290,LAM RESEARCH CORP
2016-06-30,LUV,LUV,92380.0,4512.0,Transportation,25018725370.54944,2015-12-31,0.2940997149543598,7.875,8.0,129,55.86206896551724,91.37931034482759,False,129,70.06896551724138,49,False,False,290,SOUTHWEST AIRLINES CO
2016-06-30,LYB,LYB,1489393.0,2860.0,Chemicals (other),32164362800.05719,2015-12-31,0.20364152838085614,7.0,9.0,175,40.0,83.79310344827586,False,175,57.51724137931034,104,False,False,290,LyondellBasell Industries N.V.
2016-06-30,M,M,794367.0,5311.0,Retail,10438338419.118347,2016-01-30,0.40715292313342794,5.0,9.0,71,75.86206896551724,32.93103448275862,True,61,58.689655172413794,100,False,False,290,"Macy's, Inc."
2016-06-30,MA,MA,1141391.0,7389.0,Business services & software,99860037231.44531,2015-12-31,0.060364487808360436,4.5,8.0,258,11.379310344827587,20.517241379310345,False,258,15.03448275862069,281,False,False,290,Mastercard Inc
2016-06-30,MAR,MAR,1048286.0,7011.0,Services (hotels/personal),16846409168.030357,2015-12-31,-0.21310179304042953,6.75,8.0,290,0.3448275862068966,73.44827586206897,False,290,29.586206896551726,245,False,False,290,MARRIOTT INTERNATIONAL INC /MD/
2016-06-30,MAS,MAS,62996.0,3430.0,Other manufacturing,10331843882.338715,2015-12-31,-0.013066399525332492,6.0,9.0,283,2.7586206896551726,60.17241379310345,False,283,25.724137931034484,260,False,False,290,MASCO CORP /DE/
2016-06-30,MAT,MAT,63276.0,3942.0,Other manufacturing,10638798533.435097,2015-12-31,0.2475142274500582,4.0,9.0,153,47.58620689655172,11.724137931034482,False,153,33.241379310344826,233,False,False,290,MATTEL INC /DE/
2016-06-30,MCD,MCD,63908.0,5812.0,Retail,108499489940.1333,2015-12-31,0.06532657438215503,6.75,8.0,257,11.724137931034482,73.44827586206897,False,257,36.41379310344828,220,False,False,290,MCDONALDS CORP
2016-06-30,MCHP,MCHP,827054.0,3674.0,Electronics & semis,10904020358.91978,2016-03-31,0.19725926118988676,4.5,8.0,181,37.93103448275862,20.517241379310345,False,181,30.96551724137931,243,False,False,290,MICROCHIP TECHNOLOGY INC
2016-06-30,MCK,MCK,927653.0,5122.0,Wholesale,42000079244.53372,2016-03-31,0.21247578958226493,8.0,9.0,169,42.06896551724138,95.51724137931035,False,169,63.44827586206897,76,False,False,290,MCKESSON CORP
2016-06-30,MCO,MCO,1059556.0,7320.0,Business services & software,18264078821.56372,2015-12-31,-0.030935039512254264,5.625,8.0,285,2.0689655172413794,45.86206896551724,False,285,19.586206896551726,271,False,False,290,MOODYS CORP /DE/
2016-06-30,MDLZ,MDLZ,1103982.0,2000.0,Food & beverage mfg,71398736961.3635,2015-12-31,0.392331870172414,5.0,9.0,77,73.79310344827587,32.93103448275862,True,63,57.44827586206897,105,False,False,290,"Mondelez International, Inc."
2016-06-30,MDT,MDT,1613103.0,3845.0,Instruments & medical devices,121020881586.81766,2016-04-29,0.4301984857270369,5.0,9.0,61,79.3103448275862,32.93103448275862,True,58,60.758620689655174,89,False,False,290,Medtronic plc
2016-06-30,MHK,MHK,851968.0,2273.0,Other manufacturing,14034034181.58339,2015-12-31,0.345885790015393,7.0,9.0,104,64.48275862068965,83.79310344827586,False,104,72.20689655172413,37,False,False,290,MOHAWK INDUSTRIES INC
2016-06-30,MKC,MKC,63754.0,2090.0,Food & beverage mfg,13653759765.625,2015-11-30,0.12354838732749464,5.0,9.0,224,23.103448275862068,32.93103448275862,False,224,27.03448275862069,257,False,False,290,MCCORMICK & CO INC
2016-06-30,MLM,MLM,916076.0,1400.0,Mining (other),12351635712.0,2015-12-31,0.3284815140765706,5.0,9.0,114,61.03448275862069,32.93103448275862,False,114,49.79310344827586,153,False,False,290,MARTIN MARIETTA MATERIALS INC
2016-06-30,MMM,MMM,66740.0,3841.0,Instruments & medical devices,105954285175.10419,2015-12-31,0.1105004859468487,7.0,9.0,232,20.344827586206897,83.79310344827586,False,232,45.72413793103448,175,False,False,290,3M CO
2016-06-30,MNST,MNST,865752.0,2086.0,Food & beverage mfg,32611246818.49134,2015-12-31,0.1474770353543475,4.5,8.0,208,28.620689655172416,20.517241379310345,False,208,25.379310344827587,261,False,False,290,Monster Beverage Corp
2016-06-30,MO,MO,764180.0,2111.0,Other manufacturing,135018976169.8599,2015-12-31,0.02133033505139923,8.0,9.0,274,5.862068965517241,95.51724137931035,False,274,41.724137931034484,192,False,False,290,"ALTRIA GROUP, INC."
2016-06-30,MOS,MOS,1285785.0,2870.0,Chemicals (other),9385530109.405518,2015-12-31,1.0155846168399056,6.0,9.0,6,98.27586206896551,60.17241379310345,True,22,83.03448275862068,10,False,True,290,MOSAIC CO
2016-06-30,MPC,MPC,1510295.0,2911.0,Petroleum refining,20089473631.357796,2015-12-31,0.6589022810104033,6.75,8.0,27,91.0344827586207,73.44827586206897,True,17,84.0,9,True,True,290,Marathon Petroleum Corp
2016-06-30,MRK,MRK,310158.0,2834.0,Chemicals & pharma,159882648782.61673,2015-12-31,0.27942994652748965,6.0,9.0,137,53.103448275862064,60.17241379310345,False,137,55.93103448275862,118,False,False,290,"Merck & Co., Inc."
2016-06-30,MSFT,MSFT,789019.0,7372.0,Business services & software,409256671538.98944,2015-06-30,0.1956791558188944,4.0,9.0,183,37.24137931034483,11.724137931034482,False,183,27.034482758620694,256,False,False,290,MICROSOFT CORP
2016-06-30,MSI,MSI,68505.0,3663.0,Electronics & semis,11501068243.28476,2015-12-31,-0.009216535173755817,5.0,9.0,281,3.4482758620689653,32.93103448275862,False,281,15.241379310344827,280,False,False,290,"Motorola Solutions, Inc."
2016-06-30,MU,MU,723125.0,3674.0,Electronics & semis,14939970651.389292,2015-09-03,0.8234286590687524,4.0,9.0,16,94.82758620689656,11.724137931034482,True,83,61.58620689655172,84,False,False,290,MICRON TECHNOLOGY INC
2016-06-30,MUR,MUR,717423.0,1311.0,Oil & gas extraction,5462094486.0,2015-12-31,0.9715555110959316,3.375,8.0,7,97.93103448275862,5.862068965517241,True,91,61.103448275862064,88,False,False,290,MURPHY OIL CORP
2016-06-30,NEM,NEM,1164727.0,1040.0,Mining (metals/coal),20700797666.87453,2015-12-31,0.5482880506659074,6.75,8.0,38,87.24137931034483,73.44827586206897,True,18,81.72413793103448,12,True,True,290,NEWMONT Corp /DE/
2016-06-30,NFLX,NFLX,1065280.0,7841.0,Services (other),39160869084.619835,2015-12-31,0.056776727686905074,3.0,9.0,259,11.03448275862069,3.103448275862069,False,259,7.862068965517241,289,False,False,290,NETFLIX INC
2016-06-30,NI,NI,1111711.0,4931.0,Utilities,8479551833.726166,2015-12-31,0.45326687959062245,4.5,8.0,54,81.72413793103448,20.517241379310345,True,75,57.241379310344826,107,False,False,290,NISOURCE INC.
2016-06-30,NKE,NKE,320187.0,3021.0,Other manufacturing,94430816730.76294,2015-05-31,0.13456412260236664,8.0,9.0,218,25.17241379310345,95.51724137931035,False,218,53.310344827586206,131,False,False,290,"NIKE, Inc."
2016-06-30,NOC,NOC,1133421.0,3812.0,Instruments & medical devices,40220058720.722046,2015-12-31,0.13729467772146672,4.0,9.0,217,25.517241379310345,11.724137931034482,False,217,20.0,270,False,False,290,NORTHROP GRUMMAN CORP /DE/
2016-06-30,NOV,NOV,1021860.0,3533.0,Machinery & computers,12645702742.826752,2015-12-31,1.2955389141416616,4.0,9.0,2,99.6551724137931,11.724137931034482,True,80,64.48275862068965,73,False,False,290,NOV Inc.
2016-06-30,NRG,NRG,1013871.0,4911.0,Utilities,4720210726.457251,2015-12-31,1.151219789731397,5.0,9.0,4,98.9655172413793,32.93103448275862,True,50,72.55172413793103,35,False,False,290,"NRG ENERGY, INC."
2016-06-30,NSC,NSC,702165.0,4011.0,Transportation,25385650340.602943,2015-12-31,0.4801137586184258,4.5,8.0,47,84.13793103448276,20.517241379310345,True,74,58.689655172413794,99,False,False,290,NORFOLK SOUTHERN CORP
2016-06-30,NTAP,NTAP,1002047.0,3572.0,Machinery & computers,6887170980.41684,2016-04-29,0.4183139939740004,5.0,9.0,65,77.93103448275862,32.93103448275862,True,59,59.93103448275862,92,False,False,290,"NetApp, Inc."
2016-06-30,NUE,NUE,73309.0,3312.0,Other manufacturing,15709476026.966019,2015-12-31,0.47212765004183443,6.0,9.0,49,83.44827586206897,60.17241379310345,True,27,74.13793103448276,27,False,False,290,NUCOR CORP
2016-06-30,NVDA,NVDA,1045810.0,3674.0,Electronics & semis,25462548703.950195,2016-01-31,0.17551267361176184,6.0,9.0,192,34.13793103448276,60.17241379310345,False,192,44.55172413793103,183,False,False,290,NVIDIA CORP
2016-06-30,NWL,NWL,814453.0,3089.0,Other manufacturing,12977903918.457031,2015-12-31,0.14046181967856086,5.0,9.0,214,26.551724137931032,32.93103448275862,False,214,29.103448275862068,249,False,False,290,NEWELL BRANDS INC.
2016-06-30,OI,OI,812074.0,3221.0,Other manufacturing,2899290071.1859093,2015-12-31,0.16072900212064328,4.0,9.0,200,31.379310344827587,11.724137931034482,False,200,23.517241379310345,266,False,False,290,"O-I Glass, Inc. /DE/"
2016-06-30,OKE,OKE,1039684.0,4923.0,Utilities,9964011947.159435,2015-12-31,0.03370108363787441,5.0,9.0,270,7.241379310344828,32.93103448275862,False,270,17.517241379310345,276,False,False,290,ONEOK INC /NEW/
2016-06-30,OMC,OMC,29989.0,7311.0,Business services & software,19524235770.889305,2015-12-31,0.12560798941265275,7.875,8.0,223,23.448275862068964,91.37931034482759,False,223,50.62068965517242,148,False,False,290,OMNICOM GROUP INC.
2016-06-30,ORCL,ORCL,1341439.0,7372.0,Business services & software,168743340158.15735,2016-05-31,0.2802421710728118,5.625,8.0,136,53.44827586206896,45.86206896551724,False,136,50.41379310344827,150,False,False,290,ORACLE CORP
2016-06-30,ORLY,ORLY,898173.0,5531.0,Retail,26348051541.897125,2015-12-31,0.07443867326892213,7.875,8.0,253,13.10344827586207,91.37931034482759,False,253,44.41379310344828,184,False,False,290,O REILLY AUTOMOTIVE INC
2016-06-30,OXY,OXY,797468.0,1311.0,Oil & gas extraction,57814434751.180275,2015-12-31,0.4211750941576558,3.375,8.0,63,78.62068965517241,5.862068965517241,True,95,49.51724137931034,155,False,False,290,OCCIDENTAL PETROLEUM CORP /DE/
2016-06-30,PBI,PBI,78814.0,3579.0,Machinery & computers,3409779886.6508026,2015-12-31,0.05241423374561154,7.0,9.0,260,10.689655172413794,83.79310344827586,False,260,39.93103448275862,200,False,False,290,PITNEY BOWES INC /DE/
2016-06-30,PCG,PCG,1004980.0,4931.0,Utilities,31501722803.920456,2015-12-31,0.5261934435515089,4.5,8.0,42,85.86206896551725,20.517241379310345,True,72,59.72413793103449,94,False,False,290,PG&E Corp
2016-06-30,PEG,PEG,788784.0,4931.0,Utilities,23604942044.673477,2015-12-31,0.5535281542005895,4.5,8.0,34,88.62068965517241,20.517241379310345,True,70,61.37931034482759,85,False,False,290,PUBLIC SERVICE ENTERPRISE GROUP INC
2016-06-30,PEP,PEP,77476.0,2080.0,Food & beverage mfg,153127029522.2597,2015-12-26,0.07881038401679244,7.0,9.0,250,14.13793103448276,83.79310344827586,False,250,42.0,191,False,False,290,PEPSICO INC
2016-06-30,PFE,PFE,78003.0,2834.0,Chemicals & pharma,217743559977.12994,2015-12-31,0.2972303750650429,5.0,9.0,128,56.20689655172414,32.93103448275862,False,128,46.896551724137936,169,False,False,290,PFIZER INC
2016-06-30,PG,PG,80424.0,2840.0,Chemicals (other),229672596966.2611,2015-06-30,0.2745212133829881,7.0,9.0,141,51.724137931034484,83.79310344827586,False,141,64.55172413793103,72,False,False,290,PROCTER & GAMBLE Co
2016-06-30,PH,PH,76334.0,3490.0,Other manufacturing,14956150898.02063,2015-06-30,0.34128346489707634,6.0,9.0,107,63.44827586206897,60.17241379310345,False,107,62.13793103448276,80,False,False,290,Parker-Hannifin Corp
2016-06-30,PKI,RVTY,31791.0,3826.0,Instruments & medical devices,5755144106.450165,2016-01-03,0.3667051529838656,8.0,9.0,93,68.27586206896552,95.51724137931035,True,3,79.17241379310346,14,True,True,290,"REVVITY, INC."
2016-06-30,PM,PM,1413329.0,2111.0,Other manufacturing,157599625115.61328,2015-12-31,-0.08403573289139712,6.0,9.0,288,1.0344827586206897,60.17241379310345,False,288,24.689655172413794,263,False,False,290,Philip Morris International Inc.
2016-06-30,PNR,PNR,77360.0,3550.0,Machinery & computers,10518762584.527576,2015-12-31,0.38110946680141705,5.0,9.0,84,71.37931034482759,32.93103448275862,True,65,56.0,116,False,False,290,PENTAIR plc
2016-06-30,PNW,PNW,764622.0,4931.0,Utilities,8998058219.951904,2015-12-31,0.5094340232024529,4.5,8.0,44,85.17241379310346,20.517241379310345,True,73,59.310344827586206,96,False,False,290,PINNACLE WEST CAPITAL CORP
2016-06-30,PPG,PPG,79879.0,2851.0,Chemicals (other),27783640979.85205,2015-12-31,0.17935014361917279,5.625,8.0,189,35.172413793103445,45.86206896551724,False,189,39.44827586206897,203,False,False,290,PPG INDUSTRIES INC
2016-06-30,PPL,PPL,922224.0,4911.0,Utilities,25488429597.0,2015-12-31,0.38915696874347533,4.5,8.0,80,72.75862068965517,20.517241379310345,True,78,51.86206896551724,139,False,False,290,PPL Corp
2016-06-30,PSX,PSX,1534701.0,2911.0,Petroleum refining,41848666058.34418,2015-12-31,0.55198892045435,5.625,8.0,36,87.93103448275862,45.86206896551724,True,43,71.10344827586206,45,False,False,290,Phillips 66
2016-06-30,PVH,PVH,78239.0,2320.0,Other manufacturing,7658683265.929756,2016-01-31,0.594397214499163,7.0,9.0,30,90.0,83.79310344827586,True,6,87.51724137931035,5,True,True,290,PVH CORP. /DE/
2016-06-30,PWR,PWR,1050915.0,1731.0,Construction,3535213806.2448006,2015-12-31,0.8727885126918236,4.0,9.0,11,96.55172413793103,11.724137931034482,True,81,62.62068965517241,78,False,False,290,"QUANTA SERVICES, INC."
2016-06-30,QCOM,QCOM,804328.0,3663.0,Electronics & semis,80520745335.57211,2015-09-27,0.39022241869535906,4.0,9.0,78,73.44827586206897,11.724137931034482,True,87,48.758620689655174,160,False,False,290,QUALCOMM INC/DE
2016-06-30,QRVO,QRVO,1604778.0,3674.0,Electronics & semis,7047344775.924,2016-04-02,0.7094405281660818,3.0,9.0,22,92.75862068965517,3.103448275862069,True,97,56.89655172413793,110,False,False,290,"Qorvo, Inc."
2016-06-30,R,R,85961.0,7510.0,Services (other),3270607720.0700073,2015-12-31,0.6075662904499797,6.0,9.0,29,90.3448275862069,60.17241379310345,True,23,78.27586206896552,17,False,True,290,RYDER SYSTEM INC
2016-06-30,RCL,RCL,884887.0,4400.0,Transportation,14598997289.889412,2015-12-31,0.5523008765529457,6.0,9.0,35,88.27586206896552,60.17241379310345,True,25,77.0344827586207,19,False,True,290,ROYAL CARIBBEAN CRUISES LTD
2016-06-30,REGN,REGN,872589.0,2834.0,Chemicals & pharma,35991994162.26196,2015-12-31,0.10154583220710067,6.75,8.0,239,17.93103448275862,73.44827586206897,False,239,40.13793103448276,199,False,False,290,"REGENERON PHARMACEUTICALS, INC."
2016-06-30,RHI,RHI,315213.0,7363.0,Business services & software,5004944536.467056,2015-12-31,0.20055786686270846,7.0,9.0,177,39.310344827586206,83.79310344827586,False,177,57.103448275862064,109,False,False,290,ROBERT HALF INC.
2016-06-30,RIG,RIG,1451505.0,1381.0,Oil & gas extraction,4329315133.188608,2015-12-31,3.3487975705113424,6.75,8.0,1,100.0,73.44827586206897,True,13,89.37931034482759,3,True,True,290,Transocean Ltd.
2016-06-30,RL,RL,1037038.0,2320.0,Other manufacturing,7635624234.008789,2016-04-02,0.4903331915319198,4.0,9.0,46,84.48275862068965,11.724137931034482,True,85,55.37931034482758,121,False,False,290,RALPH LAUREN CORP
2016-06-30,ROK,ROK,1024478.0,3829.0,Instruments & medical devices,15158001413.332115,2015-09-30,0.14888506330491877,6.0,9.0,207,28.965517241379313,60.17241379310345,False,207,41.44827586206897,193,False,False,290,"ROCKWELL AUTOMATION, INC"
2016-06-30,ROP,ROP,882835.0,3823.0,Instruments & medical devices,17237582022.700195,2015-12-31,0.30740663006109614,5.0,9.0,123,57.931034482758626,32.93103448275862,False,123,47.93103448275862,165,False,False,290,ROPER TECHNOLOGIES INC
2016-06-30,ROST,ROST,745732.0,5651.0,Retail,22748993039.395355,2016-01-30,0.10866375473055677,7.0,9.0,235,19.310344827586206,83.79310344827586,False,235,45.103448275862064,179,False,False,290,"ROSS STORES, INC."
2016-06-30,RRC,RRC,315852.0,1311.0,Oil & gas extraction,7315923758.993149,2015-12-31,0.37721251490731733,4.5,8.0,88,70.0,20.517241379310345,True,79,50.20689655172414,152,False,False,290,RANGE RESOURCES CORP
2016-06-30,RSG,RSG,1060391.0,4953.0,Utilities,17695264370.12645,2015-12-31,0.4393322324770922,7.0,9.0,57,80.6896551724138,83.79310344827586,True,7,81.93103448275862,11,True,True,290,"REPUBLIC SERVICES, INC."
2016-06-30,SBUX,SBUX,829224.0,5810.0,Retail,84811774414.0625,2015-09-27,0.06859896565299696,7.0,9.0,255,12.413793103448276,83.79310344827586,False,255,40.96551724137931,196,False,False,290,STARBUCKS CORP
2016-06-30,SHW,SHW,89800.0,5200.0,Retail,27097054659.78781,2015-12-31,0.03202968038028072,8.0,9.0,271,6.896551724137931,95.51724137931035,False,271,42.344827586206904,189,False,False,290,SHERWIN WILLIAMS CO
2016-06-30,SIG,SIG,832988.0,5944.0,Retail,6459665366.262543,2016-01-30,0.47381711380675917,6.0,9.0,48,83.79310344827586,60.17241379310345,True,26,74.34482758620689,25,False,False,290,SIGNET JEWELERS LTD
2016-06-30,SJM,SJM,91419.0,2033.0,Food & beverage mfg,17744538143.715973,2016-04-30,0.3949666056809701,7.0,9.0,74,74.82758620689656,83.79310344827586,True,9,78.41379310344827,16,True,True,290,J M SMUCKER Co
2016-06-30,SLB,SLB,87347.0,1389.0,Oil & gas extraction,99353582158.87848,2015-12-31,0.35864836703138187,5.0,9.0,96,67.24137931034483,32.93103448275862,True,66,53.51724137931035,129,False,False,290,SLB LIMITED/NV
2016-06-30,SNA,SNA,91440.0,3420.0,Other manufacturing,9168083810.978699,2016-01-02,0.2631629520130273,8.0,9.0,146,50.0,95.51724137931035,False,146,68.20689655172414,56,False,False,290,Snap-on Inc
2016-06-30,SO,SO,92122.0,4911.0,Utilities,48955985316.87578,2015-12-31,0.42062272604084766,5.625,8.0,64,78.27586206896552,45.86206896551724,True,48,65.3103448275862,67,False,False,290,SOUTHERN CO
2016-06-30,SPGI,SPGI,64040.0,7320.0,Business services & software,28456078206.45599,2015-12-31,0.006817524136407038,6.0,9.0,275,5.517241379310345,60.17241379310345,False,275,27.379310344827587,254,False,False,290,S&P Global Inc.
2016-06-30,SRE,SRE,1032208.0,4931.0,Utilities,28415580460.659233,2015-12-31,0.4155818677133592,4.5,8.0,66,77.58620689655173,20.517241379310345,True,77,54.758620689655174,124,False,False,290,SEMPRA
2016-06-30,STX,STX,1137789.0,3572.0,Machinery & computers,7357546938.386887,2015-07-03,0.4101910630367904,5.0,9.0,70,76.20689655172413,32.93103448275862,True,60,58.89655172413792,98,False,False,290,Seagate Technology Holdings plc
2016-06-30,SWK,SWK,93556.0,3420.0,Other manufacturing,16942733141.716187,2016-01-02,0.3430143148327557,7.0,9.0,105,64.13793103448275,83.79310344827586,False,105,71.99999999999999,39,False,False,290,"STANLEY BLACK & DECKER, INC."
2016-06-30,SWKS,SWKS,4127.0,3674.0,Electronics & semis,12096040678.581268,2015-10-02,0.26117637034687446,6.75,8.0,150,48.62068965517241,73.44827586206897,False,150,58.55172413793103,101,False,False,290,"SKYWORKS SOLUTIONS, INC."
2016-06-30,SYK,SYK,310764.0,3841.0,Instruments & medical devices,44694459266.74083,2015-12-31,0.19042628861903294,7.0,9.0,185,36.55172413793103,83.79310344827586,False,185,55.44827586206896,120,False,False,290,STRYKER CORP
2016-06-30,SYMC,GEN,849399.0,7372.0,Business services & software,12576479986.470146,2016-04-01,0.2922916431270644,6.0,9.0,130,55.51724137931034,60.17241379310345,False,130,57.37931034482759,106,False,False,290,Gen Digital Inc.
2016-06-30,SYY,SYY,96021.0,5140.0,Wholesale,30186139151.53007,2015-06-27,0.17425958230678104,5.0,9.0,194,33.44827586206897,32.93103448275862,False,194,33.241379310344826,234,False,False,290,SYSCO CORP
2016-06-30,T,T,732717.0,4813.0,Communications,265784712721.84753,2015-12-31,0.4651885307240877,5.625,8.0,52,82.41379310344827,45.86206896551724,True,46,67.79310344827586,59,False,False,290,AT&T INC.
2016-06-30,TAP,TAP,24545.0,2082.0,Food & beverage mfg,18739388491.05835,2015-12-31,0.3758393718856207,4.0,9.0,90,69.3103448275862,11.724137931034482,True,89,46.275862068965516,173,False,False,290,MOLSON COORS BEVERAGE CO
2016-06-30,TDC,TDC,816761.0,7372.0,Business services & software,3244057960.510254,2015-12-31,0.26170925745927853,4.0,9.0,148,49.310344827586206,11.724137931034482,False,148,34.275862068965516,231,False,False,290,TERADATA CORP /DE/
2016-06-30,TDG,TDG,1260221.0,3728.0,Transport equipment,14156843294.192871,2015-09-30,-0.07334304536844824,7.0,9.0,287,1.3793103448275863,83.79310344827586,False,287,34.3448275862069,230,False,False,290,TransDigm Group INC
2016-06-30,TEL,TEL,1385157.0,5065.0,Wholesale,22061929785.012405,2015-09-25,0.4344588208467372,6.0,9.0,60,79.65517241379311,60.17241379310345,True,30,71.86206896551724,40,False,False,290,TE Connectivity plc
2016-06-30,TGT,TGT,27419.0,5331.0,Retail,41890751505.11999,2016-01-30,0.30930454896270754,8.0,9.0,122,58.27586206896552,95.51724137931035,False,122,73.17241379310346,31,False,False,290,TARGET CORP
2016-06-30,TJX,TJX,109198.0,5651.0,Retail,51171920909.19467,2016-01-30,0.0841687183805933,5.625,8.0,247,15.172413793103448,45.86206896551724,False,247,27.448275862068968,253,False,False,290,TJX COMPANIES INC /DE/
2016-06-30,TMO,TMO,97745.0,3829.0,Instruments & medical devices,58551660304.54822,2015-12-31,0.3646386778607121,7.0,9.0,95,67.58620689655173,83.79310344827586,True,12,74.06896551724138,28,True,False,290,THERMO FISHER SCIENTIFIC INC.
2016-06-30,TPR,TPR,1116132.0,3100.0,Other manufacturing,11269786562.789322,2015-06-27,0.22093586121862974,5.0,9.0,165,43.44827586206896,32.93103448275862,False,165,39.241379310344826,205,False,False,290,"TAPESTRY, INC."
2016-06-30,TRIP,TRIP,1526520.0,7370.0,Business services & software,8516092441.484299,2015-12-31,0.16580374270266818,5.625,8.0,196,32.758620689655174,45.86206896551724,False,196,38.0,213,False,False,290,"TripAdvisor, Inc."
2016-06-30,TSCO,TSCO,916365.0,5200.0,Retail,12194451901.134338,2015-12-26,0.11425638571508036,9.0,8.0,230,21.03448275862069,99.48275862068967,False,230,52.413793103448285,136,False,False,290,TRACTOR SUPPLY CO /DE/
2016-06-30,TXN,TXN,97476.0,3674.0,Electronics & semis,62979397879.851555,2015-12-31,0.15792466004477215,8.0,9.0,203,30.344827586206897,95.51724137931035,False,203,56.413793103448285,115,False,False,290,TEXAS INSTRUMENTS INC
2016-06-30,UA,UAA,1336917.0,2300.0,Other manufacturing,17295869940.353394,2015-12-31,0.09645204350825007,1.0,9.0,241,17.24137931034483,0.3448275862068966,False,241,10.482758620689655,284,False,False,290,"Under Armour, Inc."
2016-06-30,UAL,UAL,100517.0,4512.0,Transportation,14753256849.438171,2015-12-31,0.6077302179105925,5.625,8.0,28,90.6896551724138,45.86206896551724,True,41,72.75862068965517,33,False,False,290,"United Airlines Holdings, Inc."
2016-06-30,UHS,UHS,352915.0,8062.0,Health services,13248678303.009033,2015-12-31,0.3207600715185923,9.0,8.0,118,59.6551724137931,99.48275862068967,False,118,75.58620689655173,22,False,False,290,UNIVERSAL HEALTH SERVICES INC
2016-06-30,ULTA,ULTA,1403568.0,5990.0,Retail,15256299671.62088,2016-01-30,0.09457640653742501,6.75,8.0,243,16.551724137931036,73.44827586206897,False,243,39.310344827586206,204,False,False,290,"Ulta Beauty, Inc."
2016-06-30,UNP,UNP,100885.0,4011.0,Transportation,73849652037.5,2015-12-31,0.2803263039003591,5.625,8.0,135,53.79310344827586,45.86206896551724,False,135,50.62068965517241,149,False,False,290,UNION PACIFIC CORP
2016-06-30,UPS,UPS,1090727.0,4210.0,Transportation,97055721099.85352,2015-12-31,0.02544929832069145,6.75,8.0,273,6.206896551724138,73.44827586206897,False,273,33.10344827586207,235,False,False,290,UNITED PARCEL SERVICE INC
2016-06-30,URBN,URBN,912615.0,5651.0,Retail,3228533550.0,2016-01-31,0.35224258394341296,7.875,8.0,100,65.86206896551724,91.37931034482759,True,4,76.06896551724138,20,True,True,290,URBAN OUTFITTERS INC
2016-06-30,URI,URI,1067701.0,7359.0,Business services & software,6104102227.090446,2015-12-31,0.24180460042910248,6.0,9.0,156,46.55172413793103,60.17241379310345,False,156,52.0,138,False,False,290,"UNITED RENTALS, INC."
2016-06-30,UTX,RTX,101829.0,3724.0,Transport equipment,85776102804.18115,2015-12-31,0.31894664254513594,5.0,9.0,119,59.310344827586206,32.93103448275862,False,119,48.758620689655174,161,False,False,290,RTX Corp
2016-06-30,VFC,VFC,103379.0,2320.0,Other manufacturing,26100967436.114285,2016-01-02,0.20630798506530967,5.0,9.0,173,40.689655172413794,32.93103448275862,False,173,37.58620689655172,215,False,False,290,V F CORP
2016-06-30,VMC,VMC,1396009.0,1400.0,Mining (other),16029672101.807266,2015-12-31,0.2778714356544955,7.0,9.0,138,52.758620689655174,83.79310344827586,False,138,65.17241379310344,69,False,False,290,Vulcan Materials CO
2016-06-30,VRSK,VRSK,1442145.0,7374.0,Business services & software,13624234567.720291,2015-12-31,0.10070371243098578,6.0,9.0,240,17.586206896551722,60.17241379310345,False,240,34.62068965517241,229,False,False,290,"Verisk Analytics, Inc."
2016-06-30,VRSN,VRSN,1014473.0,7371.0,Business services & software,9464650473.398552,2015-12-31,-0.11309947504227544,9.0,8.0,289,0.6896551724137931,99.48275862068967,False,289,40.20689655172415,198,False,False,290,VERISIGN INC/CA
2016-06-30,VRTX,VRTX,875320.0,2834.0,Chemicals & pharma,21194635141.97857,2015-12-31,0.04434928903957777,3.375,8.0,262,10.0,5.862068965517241,False,262,8.344827586206897,288,False,False,290,VERTEX PHARMACEUTICALS INC / MA
2016-06-30,VZ,VZ,732712.0,4813.0,Communications,227483279213.7788,2015-12-31,0.0784321382286426,8.0,9.0,251,13.793103448275861,95.51724137931035,False,251,46.48275862068966,171,False,False,290,VERIZON COMMUNICATIONS INC
2016-06-30,WAT,WAT,1000697.0,3826.0,Instruments & medical devices,11428328048.916962,2015-12-31,0.18015329899417026,7.0,9.0,188,35.51724137931034,83.79310344827586,False,188,54.82758620689654,123,False,False,290,WATERS CORP /DE/
2016-06-30,WDC,WDC,106040.0,3572.0,Machinery & computers,10888844423.595398,2015-07-03,0.8466463144631806,7.0,9.0,12,96.20689655172414,83.79310344827586,True,5,91.24137931034483,2,True,True,290,WESTERN DIGITAL CORP
2016-06-30,WEC,WEC,783325.0,4931.0,Utilities,20612084333.99382,2015-12-31,0.4213644704371897,6.0,9.0,62,78.96551724137932,60.17241379310345,True,31,71.44827586206897,43,False,False,290,"WEC ENERGY GROUP, INC."
2016-06-30,WHR,WHR,106640.0,3630.0,Electronics & semis,12870174062.140472,2015-12-31,0.3685264843427595,6.0,9.0,92,68.62068965517241,60.17241379310345,True,35,65.24137931034483,68,False,False,290,WHIRLPOOL CORP /DE/
2016-06-30,WM,WM,823768.0,4953.0,Utilities,29533380334.904625,2015-12-31,0.18098165328141944,5.0,9.0,187,35.86206896551724,32.93103448275862,False,187,34.689655172413794,228,False,False,290,WASTE MANAGEMENT INC
2016-06-30,WMB,WMB,107263.0,4922.0,Utilities,16223919704.469843,2015-12-31,0.37894664865150735,3.375,8.0,86,70.6896551724138,5.862068965517241,True,96,44.758620689655174,182,False,False,290,"WILLIAMS COMPANIES, INC."
2016-06-30,WMT,WMT,104169.0,5331.0,Retail,229599350733.44238,2016-01-31,0.3508110965588547,6.0,9.0,102,65.17241379310344,60.17241379310345,False,102,63.172413793103445,77,False,False,290,Walmart Inc.
2016-06-30,WYNN,WYNN,1174922.0,7011.0,Services (hotels/personal),9222611417.736786,2015-12-31,-0.012141788797980113,4.5,8.0,282,3.103448275862069,20.517241379310345,False,282,10.06896551724138,285,False,False,290,WYNN RESORTS LTD
2016-06-30,XEL,XEL,72903.0,4931.0,Utilities,22728252857.367645,2015-12-31,0.4664203652839765,3.375,8.0,50,83.10344827586206,5.862068965517241,True,93,52.206896551724135,137,False,False,290,XCEL ENERGY INC
2016-06-30,XOM,XOM,34088.0,2911.0,Petroleum refining,389279395656.4148,2015-12-31,0.438787672571196,4.5,8.0,58,80.3448275862069,20.517241379310345,True,76,56.413793103448285,114,False,False,290,EXXON MOBIL CORP
2016-06-30,XRAY,XRAY,818479.0,3843.0,Instruments & medical devices,8693171117.645554,2015-12-31,0.2689467362783514,5.625,8.0,143,51.03448275862069,45.86206896551724,False,143,48.96551724137931,158,False,False,290,DENTSPLY SIRONA Inc.
2016-06-30,XRX,XRX,108772.0,3577.0,Machinery & computers,9612405738.762375,2015-12-31,0.9439884506132284,5.0,9.0,8,97.58620689655172,32.93103448275862,True,52,71.72413793103448,41,False,False,290,XEROX CORP
2016-06-30,XYL,XYL,1524472.0,3561.0,Machinery & computers,7969391599.5477295,2015-12-31,0.26150051405658986,6.0,9.0,149,48.96551724137931,60.17241379310345,False,149,53.44827586206897,130,False,False,290,Xylem Inc.
2016-06-30,YUM,YUM,1041061.0,5812.0,Retail,33890359190.641827,2015-12-26,0.026880800963937707,7.0,9.0,272,6.551724137931035,83.79310344827586,False,272,37.44827586206896,217,False,False,290,YUM BRANDS INC
2016-06-30,ZBH,ZBH,1136869.0,3842.0,Instruments & medical devices,23935675668.168983,2015-12-31,0.4131030239998401,4.0,9.0,68,76.89655172413794,11.724137931034482,True,86,50.827586206896555,147,False,False,290,"ZIMMER BIOMET HOLDINGS, INC."
2016-06-30,ZTS,ZTS,1555280.0,2834.0,Chemicals & pharma,23595001093.560516,2015-12-31,0.04526382498416055,4.0,9.0,261,10.344827586206897,11.724137931034482,False,261,10.89655172413793,283,False,False,290,Zoetis Inc.
2017-06-30,A,A,1090872.0,3826.0,Instruments & medical devices,19082867263.963474,2016-10-31,0.22234604167753022,8.0,9.0,156,47.81144781144781,94.27609427609428,False,156,66.39730639730641,67,False,False,297,"AGILENT TECHNOLOGIES, INC."
2017-06-30,AAL,AAL,6201.0,4512.0,Transportation,25369049103.184288,2016-12-31,0.14919755110272984,5.625,8.0,206,30.976430976430976,38.552188552188554,False,206,34.00673400673401,237,False,False,297,American Airlines Group Inc.
2017-06-30,AAP,AAP,1158449.0,5531.0,Retail,8599864557.286957,2016-12-31,0.33909743352050953,5.0,9.0,91,69.6969696969697,25.757575757575758,True,71,52.121212121212125,138,False,False,297,ADVANCE AUTO PARTS INC
2017-06-30,AAPL,AAPL,320193.0,3571.0,Machinery & computers,767959741042.099,2016-09-24,0.16699963962429834,5.0,9.0,195,34.68013468013468,25.757575757575758,False,195,31.11111111111111,250,False,False,297,Apple Inc.
2017-06-30,ABBV,ABBV,1551152.0,2834.0,Chemicals & pharma,115575163270.33109,2016-12-31,0.040112424406932176,6.0,9.0,265,11.11111111111111,51.68350168350169,False,265,27.340067340067343,259,False,False,297,AbbVie Inc.
2017-06-30,ABC,COR,1140859.0,5122.0,Wholesale,20806072204.50299,2016-09-30,0.10234531434237452,7.0,9.0,235,21.21212121212121,76.0942760942761,False,235,43.16498316498317,190,False,False,297,"Cencora, Inc."
2017-06-30,ABT,ABT,1800.0,2834.0,Chemicals & pharma,83997964196.24603,2016-12-31,0.2445059257866855,5.0,9.0,143,52.18855218855219,25.757575757575758,False,143,41.61616161616162,201,False,False,297,ABBOTT LABORATORIES
2017-06-30,ACN,ACN,1467373.0,7389.0,Business services & software,77274994568.27316,2016-08-31,0.09777111007526318,7.0,9.0,238,20.2020202020202,76.0942760942761,False,238,42.55892255892256,196,False,False,297,Accenture plc
2017-06-30,ADBE,ADBE,796343.0,7372.0,Business services & software,69882460710.24628,2016-12-02,0.10624747503934645,8.0,9.0,233,21.885521885521886,94.27609427609428,False,233,50.84175084175085,144,False,False,297,ADOBE INC.
2017-06-30,ADI,ADI,6281.0,3674.0,Electronics & semis,23975670508.461914,2016-10-29,0.21545249373429867,6.75,8.0,160,46.464646464646464,62.2895622895623,False,160,52.7946127946128,135,False,False,297,ANALOG DEVICES INC
2017-06-30,ADM,ADM,7084.0,2070.0,Food & beverage mfg,23631298085.95943,2016-12-31,0.727044275667959,5.0,9.0,17,94.61279461279462,25.757575757575758,True,66,67.07070707070707,59,False,False,297,Archer-Daniels-Midland Co
2017-06-30,ADP,ADP,8670.0,7374.0,Business services & software,46739889981.81753,2016-06-30,0.09588383716229125,7.875,8.0,242,18.855218855218855,88.21548821548821,False,242,46.5993265993266,166,False,False,297,AUTOMATIC DATA PROCESSING INC
2017-06-30,ADSK,ADSK,769397.0,7372.0,Business services & software,22266023132.362152,2017-01-31,0.03294705999535958,4.0,9.0,270,9.427609427609427,9.932659932659933,False,270,9.62962962962963,295,False,False,297,"Autodesk, Inc."
2017-06-30,AEE,AEE,1002910.0,4931.0,Utilities,13264843962.382416,2016-12-31,0.5354755789169702,5.625,8.0,42,86.19528619528619,38.552188552188554,True,50,67.13804713804713,58,False,False,297,AMEREN CORP
2017-06-30,AEP,AEP,4904.0,4911.0,Utilities,34159228238.394287,2016-12-31,0.5092913656768779,5.625,8.0,49,83.83838383838383,38.552188552188554,True,53,65.72390572390572,70,False,False,297,AMERICAN ELECTRIC POWER CO INC
2017-06-30,AES,AES,874761.0,4991.0,Utilities,7323525214.567406,2016-12-31,0.7783136990724069,4.5,8.0,12,96.29629629629629,16.161616161616163,True,74,64.24242424242424,78,False,False,297,AES CORP
2017-06-30,AKAM,AKAM,1086222.0,7389.0,Business services & software,8626640062.661537,2016-12-31,0.3737689270189859,5.625,8.0,79,73.73737373737373,38.552188552188554,True,58,59.663299663299654,99,False,False,297,AKAMAI TECHNOLOGIES INC
2017-06-30,ALB,ALB,915913.0,2821.0,Chemicals & pharma,11880249093.69754,2016-12-31,0.31944296538473055,7.0,9.0,102,65.993265993266,76.0942760942761,False,102,70.03367003367003,43,False,False,297,ALBEMARLE CORP
2017-06-30,ALGN,ALGN,1097149.0,3842.0,Instruments & medical devices,12051051793.266724,2016-12-31,0.08259768666467379,5.625,8.0,252,15.488215488215488,38.552188552188554,False,252,24.713804713804713,273,False,False,297,ALIGN TECHNOLOGY INC
2017-06-30,ALK,ALK,766421.0,4512.0,Transportation,11082520885.676888,2016-12-31,0.264470514446586,4.5,8.0,131,56.22895622895623,16.161616161616163,False,131,40.2020202020202,206,False,False,297,"ALASKA AIR GROUP, INC."
2017-06-30,ALLE,ALLE,1579241.0,7381.0,Business services & software,7744649234.540337,2016-12-31,0.014629455327000955,8.0,9.0,278,6.7340067340067336,94.27609427609428,False,278,41.75084175084176,200,False,False,297,Allegion plc
2017-06-30,AMAT,AMAT,6951.0,3674.0,Electronics & semis,44473113713.98409,2016-10-30,0.162277821301518,7.0,9.0,197,34.00673400673401,76.0942760942761,False,197,50.841750841750844,145,False,False,297,APPLIED MATERIALS INC /DE
2017-06-30,AMD,AMD,2488.0,3674.0,Electronics & semis,11740660881.99511,2016-12-31,0.035432417662105954,6.0,9.0,267,10.437710437710438,51.68350168350169,False,267,26.93602693602694,261,False,False,297,ADVANCED MICRO DEVICES INC
2017-06-30,AME,AME,1037868.0,3823.0,Instruments & medical devices,13899174694.370422,2016-12-31,0.2342954219662398,5.0,9.0,147,50.841750841750844,25.757575757575758,False,147,40.80808080808081,203,False,False,297,AMETEK INC/
2017-06-30,AMGN,AMGN,318154.0,2836.0,Chemicals & pharma,126839261047.46422,2016-12-31,0.2355343270946726,8.0,9.0,146,51.178451178451176,94.27609427609428,False,146,68.41750841750843,51,False,False,297,AMGEN INC
2017-06-30,AMZN,AMZN,1018724.0,5961.0,Retail,461901172786.0916,2016-12-31,0.04175135534659265,7.0,9.0,263,11.784511784511785,76.0942760942761,False,263,37.50841750841751,223,False,False,297,AMAZON COM INC
2017-06-30,AN,AN,350698.0,5500.0,Retail,4254498515.081875,2016-12-31,0.5430252218469842,5.0,9.0,39,87.20538720538721,25.757575757575758,True,69,62.62626262626263,86,False,False,297,"AUTONATION, INC."
2017-06-30,APD,APD,2969.0,2810.0,Chemicals & pharma,31097680846.11908,2016-09-30,0.22765684795056085,6.0,9.0,153,48.821548821548824,51.68350168350169,False,153,49.96632996632997,153,False,False,297,"Air Products & Chemicals, Inc."
2017-06-30,APH,APH,820313.0,3678.0,Electronics & semis,22711780599.0683,2016-12-31,0.16180589557785507,8.0,9.0,198,33.670033670033675,94.27609427609428,False,198,57.912457912457924,110,False,False,297,AMPHENOL CORP /DE/
2017-06-30,APTV,APTV,1521332.0,3714.0,Transport equipment,23627095745.197327,2016-12-31,0.1016206149876906,7.0,9.0,236,20.875420875420875,76.0942760942761,False,236,42.96296296296296,192,False,False,297,Aptiv PLC
2017-06-30,AVY,AVY,8818.0,2670.0,Other manufacturing,7787483039.148705,2016-12-31,0.11884456060416304,8.0,9.0,228,23.56902356902357,94.27609427609428,False,228,51.85185185185186,140,False,False,297,Avery Dennison Corp
2017-06-30,AYI,AYI,1144215.0,3640.0,Electronics & semis,8961118802.108185,2016-08-31,0.18522240767631792,7.0,9.0,178,40.4040404040404,76.0942760942761,False,178,54.68013468013468,122,False,False,297,ACUITY INC. (DE)
2017-06-30,AZO,AZO,866787.0,5531.0,Retail,16464271455.40149,2016-08-27,-0.10857073177164826,7.0,9.0,295,1.0101010101010102,76.0942760942761,False,295,31.043771043771045,251,False,False,297,AUTOZONE INC
2017-06-30,BA,BA,12927.0,3721.0,Transport equipment,121117651653.25,2016-12-31,0.00674550727204491,5.0,9.0,280,6.0606060606060606,25.757575757575758,False,280,13.939393939393941,288,False,False,297,BOEING CO
2017-06-30,BAX,BAX,10456.0,3841.0,Instruments & medical devices,32696578698.66005,2016-12-31,0.2535433470395401,7.0,9.0,138,53.87205387205387,76.0942760942761,False,138,62.760942760942754,85,False,False,297,BAXTER INTERNATIONAL INC
2017-06-30,BBY,BBY,764478.0,5731.0,Retail,17721325023.198853,2017-01-28,0.2657250512495812,8.0,9.0,128,57.23905723905723,94.27609427609428,False,128,72.05387205387206,34,False,False,297,BEST BUY CO INC
2017-06-30,BDX,BDX,10795.0,3841.0,Instruments & medical devices,41425675126.99091,2016-09-30,0.18425770917675924,6.0,9.0,181,39.39393939393939,51.68350168350169,False,181,44.30976430976431,184,False,False,297,BECTON DICKINSON & CO
2017-06-30,BF.B,BF-B,14693.0,2080.0,Food & beverage mfg,18666580112.810135,2017-04-30,0.07339319745344372,3.0,9.0,254,14.814814814814813,3.1986531986531985,False,254,10.168350168350166,293,False,False,297,BROWN FORMAN CORP
2017-06-30,BIIB,BIIB,875045.0,2836.0,Chemicals & pharma,58600716631.84143,2016-12-31,0.20716640849752893,5.0,9.0,163,45.45454545454545,25.757575757575758,False,163,37.57575757575758,222,False,False,297,BIOGEN INC.
2017-06-30,BKNG,BKNG,1075531.0,4700.0,Transportation,91974249367.1997,2016-12-31,0.1067705587984076,6.0,9.0,232,22.22222222222222,51.68350168350169,False,232,34.00673400673401,238,False,False,297,Booking Holdings Inc.
2017-06-30,BLL,BALL,9389.0,3411.0,Other manufacturing,14778369109.479813,2016-12-31,0.2324343081806345,4.0,9.0,148,50.505050505050505,9.932659932659933,False,148,34.27609427609428,236,False,False,297,BALL Corp
2017-06-30,BMY,BMY,14272.0,2834.0,Chemicals & pharma,93203700786.68884,2016-12-31,0.17356606940987868,6.0,9.0,189,36.7003367003367,51.68350168350169,False,189,42.6936026936027,194,False,False,297,BRISTOL MYERS SQUIBB CO
2017-06-30,BSX,BSX,885725.0,3841.0,Instruments & medical devices,37795904164.56665,2016-12-31,0.17814099566672445,6.0,9.0,186,37.71043771043771,51.68350168350169,False,186,43.29966329966331,189,False,False,297,BOSTON SCIENTIFIC CORP
2017-06-30,BWA,BWA,908255.0,3714.0,Transport equipment,9009588933.726328,2016-12-31,0.35720830591423275,7.0,9.0,82,72.72727272727273,76.0942760942761,True,16,74.07407407407408,23,True,False,297,BORGWARNER INC
2017-06-30,CAG,CAG,23217.0,2000.0,Food & beverage mfg,20159889509.012203,2016-05-29,0.18420735879231312,5.0,9.0,182,39.05723905723906,25.757575757575758,False,182,33.737373737373744,240,False,False,297,CONAGRA BRANDS INC.
2017-06-30,CAH,CAH,721371.0,5122.0,Wholesale,24824451257.76619,2016-06-30,0.2640138922688016,7.0,9.0,132,55.892255892255896,76.0942760942761,False,132,63.97306397306397,80,False,False,297,CARDINAL HEALTH INC
2017-06-30,CAT,CAT,18230.0,3531.0,Machinery & computers,63023787602.09601,2016-12-31,0.20965099849950258,3.0,9.0,162,45.79124579124579,3.1986531986531985,False,162,28.754208754208754,257,False,False,297,CATERPILLAR INC
2017-06-30,CCL,CCL,815097.0,4400.0,Transportation,35134743341.40594,2016-11-30,0.6431525564431736,7.0,9.0,24,92.25589225589226,76.0942760942761,True,9,85.7912457912458,5,True,True,297,Carnival Corp Ltd.
2017-06-30,CF,CF,1324404.0,2870.0,Chemicals (other),6517886546.937126,2016-12-31,0.5136634361291984,4.0,9.0,46,84.84848484848484,9.932659932659933,True,82,54.88215488215488,120,False,False,297,"CF Industries Holdings, Inc."
2017-06-30,CHD,CHD,313927.0,2840.0,Chemicals (other),13210349832.21717,2016-12-31,0.14972351414769744,7.0,9.0,205,31.313131313131315,76.0942760942761,False,205,49.22558922558923,157,False,False,297,CHURCH & DWIGHT CO INC /DE/
2017-06-30,CHRW,CHRW,1043277.0,4731.0,Transportation,9708575928.85952,2016-12-31,0.1295604019803717,7.0,9.0,219,26.599326599326602,76.0942760942761,False,219,46.3973063973064,169,False,False,297,"C. H. ROBINSON WORLDWIDE, INC."
2017-06-30,CHTR,CHTR,1091667.0,4841.0,Communications,69572697095.61462,2016-12-31,0.5769360923989546,7.875,8.0,33,89.22558922558923,88.21548821548821,True,6,88.82154882154882,2,True,True,297,"CHARTER COMMUNICATIONS, INC. /MO/"
2017-06-30,CL,CL,21665.0,2844.0,Chemicals (other),65446166302.891594,2016-12-31,-0.0037129753158553396,8.0,9.0,285,4.377104377104377,94.27609427609428,False,285,40.336700336700346,205,False,False,297,COLGATE PALMOLIVE CO
2017-06-30,CLX,CLX,21076.0,2842.0,Chemicals (other),17250510762.15695,2016-06-30,0.017216881522809126,7.0,9.0,276,7.4074074074074066,76.0942760942761,False,276,34.882154882154886,235,False,False,297,CLOROX CO /DE/
2017-06-30,CMCSA,CMCSA,1166691.0,4841.0,Communications,187594398473.8922,2016-12-31,0.2875512298812447,7.875,8.0,118,60.60606060606061,88.21548821548821,False,118,71.64983164983165,36,False,False,297,COMCAST CORP
2017-06-30,CMI,CMI,26172.0,3510.0,Machinery & computers,27278157837.867737,2016-12-31,0.25203314831091983,5.0,9.0,139,53.535353535353536,25.757575757575758,False,139,42.42424242424242,198,False,False,297,CUMMINS INC
2017-06-30,CMS,CMS,811156.0,4931.0,Utilities,12913000000.0,2016-12-31,0.3293580113064354,4.5,8.0,96,68.01346801346801,16.161616161616163,True,80,47.27272727272727,163,False,False,297,CMS ENERGY CORP
2017-06-30,CNP,CNP,1130310.0,4911.0,Utilities,11792260817.011518,2016-12-31,0.29341277755734535,6.75,8.0,114,61.95286195286195,62.2895622895623,False,114,62.08754208754209,88,False,False,297,CENTERPOINT ENERGY INC
2017-06-30,COO,COO,711404.0,3851.0,Instruments & medical devices,11680487203.829071,2016-10-31,0.2311433549719515,8.0,9.0,151,49.494949494949495,94.27609427609428,False,151,67.40740740740742,57,False,False,297,"COOPER COMPANIES, INC."
2017-06-30,COP,COP,1163165.0,2911.0,Petroleum refining,54327194205.80158,2016-12-31,0.6437659907027766,5.625,8.0,23,92.5925925925926,38.552188552188554,True,45,70.97643097643098,40,False,False,297,CONOCOPHILLIPS
2017-06-30,COST,COST,909832.0,5331.0,Retail,69909648978.55939,2016-08-28,0.17278015519294787,7.0,9.0,191,36.02693602693603,76.0942760942761,False,191,52.053872053872055,139,False,False,297,COSTCO WHOLESALE CORP /NEW
2017-06-30,COTY,COTY,1024305.0,2844.0,Chemicals (other),6481580079.078674,2016-06-30,0.05557286890007856,5.0,9.0,259,13.131313131313133,25.757575757575758,False,259,18.181818181818183,285,False,False,297,COTY INC.
2017-06-30,CPB,CPB,16732.0,2000.0,Food & beverage mfg,16055684066.530037,2016-07-31,0.09498193871284762,7.0,9.0,244,18.181818181818183,76.0942760942761,False,244,41.34680134680135,202,False,False,297,CAMPBELL'S Co
2017-06-30,CPRI,CPRI,1530721.0,3100.0,Other manufacturing,5649168317.5,2017-04-01,0.2819176045908283,6.0,9.0,120,59.93265993265994,51.68350168350169,False,120,56.63299663299664,118,False,False,297,Capri Holdings Ltd
2017-06-30,CRM,CRM,1108524.0,7372.0,Business services & software,61269498920.440674,2017-01-31,0.12241208320862919,6.75,8.0,224,24.915824915824917,62.2895622895623,False,224,39.86531986531987,210,False,False,297,"Salesforce, Inc."
2017-06-30,CSCO,CSCO,858877.0,3576.0,Machinery & computers,156949271147.25162,2016-07-30,0.4051372748354013,6.0,9.0,69,77.10437710437711,51.68350168350169,True,36,66.93602693602693,62,False,False,297,"CISCO SYSTEMS, INC."
2017-06-30,CSX,CSX,277948.0,4011.0,Transportation,50546947443.303925,2016-12-30,0.23134928203363014,5.625,8.0,150,49.831649831649834,38.552188552188554,False,150,45.31986531986532,180,False,False,297,CSX CORP
2017-06-30,CTAS,CTAS,723254.0,2320.0,Other manufacturing,13134312261.044807,2016-05-31,0.14029352762269567,7.0,9.0,208,30.303030303030305,76.0942760942761,False,208,48.61952861952862,160,False,False,297,CINTAS CORP
2017-06-30,CTL,LUMN,18926.0,4813.0,Communications,13052220188.815666,2016-12-31,1.0265686454999807,5.0,9.0,6,98.31649831649831,25.757575757575758,True,63,69.29292929292929,48,False,False,297,"Lumen Technologies, Inc."
2017-06-30,CTSH,CTSH,1058290.0,7371.0,Business services & software,40413507223.90658,2016-12-31,0.2654558026989021,6.75,8.0,130,56.56565656565656,62.2895622895623,False,130,58.85521885521886,103,False,False,297,COGNIZANT TECHNOLOGY SOLUTIONS CORP
2017-06-30,CVS,CVS,64803.0,5912.0,Retail,82527789279.24396,2016-12-31,0.4462739196294318,5.0,9.0,61,79.7979797979798,25.757575757575758,True,70,58.18181818181819,107,False,False,297,CVS HEALTH Corp
2017-06-30,CVX,CVX,93410.0,2911.0,Petroleum refining,197507436326.47507,2016-12-31,0.7369646566593038,2.25,8.0,16,94.94949494949495,1.5151515151515151,True,99,57.57575757575758,113,False,False,297,CHEVRON CORP
2017-06-30,D,D,715957.0,4911.0,Utilities,48132481223.569534,2016-12-31,0.3034333495537358,5.625,8.0,108,63.97306397306397,38.552188552188554,False,108,53.8047138047138,128,False,False,297,"DOMINION ENERGY, INC"
2017-06-30,DAL,DAL,27904.0,4512.0,Transportation,39271615312.69425,2016-12-31,0.3128722845283199,5.625,8.0,105,64.98316498316498,38.552188552188554,False,105,54.41077441077441,124,False,False,297,"DELTA AIR LINES, INC."
2017-06-30,DD,DD,30554.0,2820.0,Chemicals & pharma,54528681878.987465,2016-12-31,0.18335304752438392,8.0,9.0,183,38.72053872053872,94.27609427609428,False,183,60.94276094276095,91,False,False,297,DUPONT E I DE NEMOURS & CO
2017-06-30,DG,DG,29534.0,5331.0,Retail,19831618737.030945,2017-02-03,0.27260981928343553,7.0,9.0,125,58.24915824915825,76.0942760942761,False,125,65.38720538720538,73,False,False,297,DOLLAR GENERAL CORP
2017-06-30,DGX,DGX,1022079.0,8071.0,Health services,15283975383.68274,2016-12-31,0.30280080174303864,6.0,9.0,109,63.63636363636363,51.68350168350169,False,109,58.85521885521886,102,False,False,297,QUEST DIAGNOSTICS INC
2017-06-30,DHR,DHR,313616.0,3823.0,Instruments & medical devices,58505920798.82225,2016-12-31,0.3931704635347446,6.0,9.0,70,76.76767676767676,51.68350168350169,True,37,66.73400673400673,63,False,False,297,DANAHER CORP /DE/
2017-06-30,DIS,DIS,1001039.0,4841.0,Communications,169092729337.5,2016-10-01,0.2558655252033066,6.75,8.0,135,54.882154882154886,62.2895622895623,False,135,57.84511784511785,111,False,False,297,WALT DISNEY CO/
2017-06-30,DLTR,DLTR,935703.0,5331.0,Retail,16521951252.445557,2017-01-28,0.3262023908466776,5.0,9.0,98,67.34006734006735,25.757575757575758,True,72,50.70707070707071,147,False,False,297,"DOLLAR TREE, INC."
2017-06-30,DOV,DOV,29905.0,3530.0,Machinery & computers,12474394810.926355,2016-12-31,0.30460363469270607,4.0,9.0,106,64.64646464646465,9.932659932659933,False,106,42.76094276094276,193,False,False,297,DOVER Corp
2017-06-30,DRI,DRI,940944.0,5812.0,Retail,11414950658.023865,2016-05-29,0.1710038053145581,7.0,9.0,192,35.69023569023569,76.0942760942761,False,192,51.85185185185185,141,False,False,297,DARDEN RESTAURANTS INC
2017-06-30,DTE,DTE,936340.0,4911.0,Utilities,18982216923.141045,2016-12-31,0.4747074610139332,7.875,8.0,55,81.81818181818183,88.21548821548821,True,8,84.37710437710439,9,True,True,297,DTE ENERGY CO
2017-06-30,DUK,DUK,1326160.0,4931.0,Utilities,58480224223.069244,2016-12-31,0.7016559964524439,3.375,8.0,18,94.27609427609428,5.387205387205387,True,91,58.72053872053872,104,False,False,297,Duke Energy CORP
2017-06-30,DVN,DVN,1090012.0,1311.0,Oil & gas extraction,16771461639.785767,2016-12-31,0.3533979403405003,5.625,8.0,84,72.05387205387206,38.552188552188554,True,60,58.65319865319866,105,False,False,297,DEVON ENERGY CORP/DE
2017-06-30,EBAY,EBAY,1065088.0,7389.0,Business services & software,37959525636.48555,2016-12-31,0.2776378214239387,5.0,9.0,123,58.92255892255892,25.757575757575758,False,123,45.656565656565654,176,False,False,297,EBAY INC
2017-06-30,ECL,ECL,31462.0,2840.0,Chemicals (other),38725632468.0,2016-12-31,0.17820496555356607,8.0,9.0,185,38.04713804713805,94.27609427609428,False,185,60.53872053872054,95,False,False,297,ECOLAB INC.
2017-06-30,ED,ED,1047862.0,4931.0,Utilities,24654880248.263336,2016-12-31,0.5799257532799064,5.625,8.0,32,89.56228956228956,38.552188552188554,True,48,69.15824915824916,49,False,False,297,CONSOLIDATED EDISON INC
2017-06-30,EFX,EFX,33185.0,7320.0,Business services & software,16470300731.341248,2016-12-31,0.16166675056109706,5.0,9.0,199,33.33333333333333,25.757575757575758,False,199,30.3030303030303,254,False,False,297,EQUIFAX INC
2017-06-30,EIX,EIX,827052.0,4911.0,Utilities,25475178992.577515,2016-12-31,0.5568950076517046,7.875,8.0,35,88.55218855218855,88.21548821548821,True,7,88.41750841750842,4,True,True,297,EDISON INTERNATIONAL
2017-06-30,EL,EL,1001250.0,2844.0,Chemicals (other),35512601242.06543,2016-06-30,0.10058119864700332,5.0,9.0,237,20.53872053872054,25.757575757575758,False,237,22.62626262626263,277,False,False,297,ESTEE LAUDER COMPANIES INC
2017-06-30,EMN,EMN,915389.0,2821.0,Chemicals & pharma,12303604413.825897,2016-12-31,0.3683473433937186,7.0,9.0,80,73.4006734006734,76.0942760942761,True,15,74.47811447811448,22,True,False,297,EASTMAN CHEMICAL CO
2017-06-30,EMR,EMR,32604.0,3600.0,Electronics & semis,38322362324.46013,2016-09-30,0.19748260652422123,6.0,9.0,172,42.42424242424242,51.68350168350169,False,172,46.12794612794613,172,False,False,297,EMERSON ELECTRIC CO
2017-06-30,EOG,EOG,821189.0,1311.0,Oil & gas extraction,52214837673.65302,2016-12-31,0.2677702665166943,5.625,8.0,127,57.57575757575758,38.552188552188554,False,127,49.966329966329965,154,False,False,297,EOG RESOURCES INC
2017-06-30,ES,ES,72741.0,4911.0,Utilities,19238137113.562378,2016-12-31,0.5567968424785013,6.75,8.0,36,88.21548821548821,62.2895622895623,True,23,77.84511784511784,16,False,True,297,EVERSOURCE ENERGY
2017-06-30,ETN,ETN,1551182.0,3590.0,Machinery & computers,35000151823.42529,2016-12-31,0.4256267251397912,6.75,8.0,65,78.45117845117845,62.2895622895623,True,25,71.98653198653199,35,False,False,297,Eaton Corp plc
2017-06-30,EW,EW,1099800.0,3842.0,Instruments & medical devices,25125503512.18714,2016-12-31,0.10423671703652237,5.0,9.0,234,21.548821548821547,25.757575757575758,False,234,23.232323232323232,275,False,False,297,Edwards Lifesciences Corp
2017-06-30,EXC,EXC,1109357.0,4911.0,Utilities,33422086514.523235,2016-12-31,0.7730516761355635,3.375,8.0,15,95.28619528619528,5.387205387205387,True,90,59.32659932659932,100,False,False,297,EXELON CORP
2017-06-30,EXPE,EXPE,1324424.0,4700.0,Transportation,22397164191.116333,2016-12-31,0.18450108079481983,6.0,9.0,180,39.73063973063973,51.68350168350169,False,180,44.51178451178451,183,False,False,297,"Expedia Group, Inc."
2017-06-30,F,F,37996.0,3711.0,Transport equipment,44457868332.862854,2016-12-31,0.6561268251010092,3.375,8.0,21,93.26599326599326,5.387205387205387,True,92,58.1144781144781,108,False,False,297,FORD MOTOR CO
2017-06-30,FAST,FAST,815556.0,5200.0,Retail,12590940013.634766,2016-12-31,0.1535305543435714,4.0,9.0,203,31.986531986531986,9.932659932659933,False,203,23.164983164983163,276,False,False,297,FASTENAL CO
2017-06-30,FB,META,1326801.0,7370.0,Business services & software,432255727767.94434,2016-12-31,0.13694208358015833,7.875,8.0,212,28.95622895622896,88.21548821548821,False,212,52.659932659932664,136,False,False,297,"Meta Platforms, Inc."
2017-06-30,FBHS,FBIN,1519751.0,2430.0,Other manufacturing,9986807239.820068,2016-12-31,0.23646195859113697,6.0,9.0,145,51.515151515151516,51.68350168350169,False,145,51.582491582491585,142,False,False,297,"Fortune Brands Innovations, Inc."
2017-06-30,FCX,FCX,831259.0,1000.0,Mining (metals/coal),17359016148.501266,2016-12-31,0.3485796630543735,7.0,9.0,88,70.70707070707071,76.0942760942761,True,18,72.86195286195287,30,True,False,297,FREEPORT-MCMORAN INC
2017-06-30,FDX,FDX,1048911.0,4513.0,Transportation,57706399112.05809,2016-05-31,0.2388643237508776,5.625,8.0,144,51.85185185185185,38.552188552188554,False,144,46.53198653198653,168,False,False,297,FEDEX CORP
2017-06-30,FE,FE,1031296.0,4911.0,Utilities,12902647710.763271,2016-12-31,0.48369917089139886,2.25,8.0,54,82.15488215488216,1.5151515151515151,True,100,49.8989898989899,155,False,False,297,FIRSTENERGY CORP
2017-06-30,FFIV,FFIV,1048695.0,3576.0,Machinery & computers,8299051689.957092,2016-09-30,0.14281896827252175,5.625,8.0,207,30.63973063973064,38.552188552188554,False,207,33.804713804713806,239,False,False,297,"F5, INC."
2017-06-30,FIS,FIS,1136893.0,7389.0,Business services & software,28077856055.679245,2016-12-31,0.3469281978183555,4.0,9.0,89,70.37037037037037,9.932659932659933,True,87,46.195286195286194,171,False,False,297,"Fidelity National Information Services, Inc."
2017-06-30,FISV,FISV,798354.0,7389.0,Business services & software,26249752857.243347,2016-12-31,0.09680091137691749,7.0,9.0,240,19.52861952861953,76.0942760942761,False,240,42.15488215488216,199,False,False,297,FISERV INC
2017-06-30,FLR,FLR,1124198.0,1600.0,Construction,6379690591.248413,2016-12-31,0.4898656063802062,4.0,9.0,53,82.49158249158249,9.932659932659933,True,83,53.46801346801347,129,False,False,297,FLUOR CORP
2017-06-30,FLS,FLS,30625.0,3561.0,Machinery & computers,6060062258.261665,2016-12-31,0.2719830143251362,5.625,8.0,126,57.91245791245792,38.552188552188554,False,126,50.16835016835017,150,False,False,297,FLOWSERVE CORP
2017-06-30,FMC,FMC,37785.0,2800.0,Chemicals & pharma,9766062114.783205,2016-12-31,0.20045950732143777,5.0,9.0,170,43.09764309764309,25.757575757575758,False,170,36.16161616161616,229,False,False,297,FMC CORP
2017-06-30,FTV,FTV,1659166.0,3823.0,Instruments & medical devices,21919512125.466187,2016-12-31,0.12262590447335668,7.0,9.0,223,25.252525252525253,76.0942760942761,False,223,45.58922558922559,177,False,False,297,Fortive Corp
2017-06-30,GD,GD,40533.0,3730.0,Transport equipment,59973238403.191956,2016-12-31,0.18301496287743943,7.0,9.0,184,38.38383838383838,76.0942760942761,False,184,53.46801346801347,130,False,False,297,GENERAL DYNAMICS CORP
2017-06-30,GE,GE,40545.0,3600.0,Electronics & semis,236138017272.09695,2016-12-31,0.3211172892699652,6.75,8.0,100,66.66666666666666,62.2895622895623,True,27,64.91582491582491,76,False,False,297,GENERAL ELECTRIC CO
2017-06-30,GILD,GILD,882095.0,2836.0,Chemicals & pharma,92514193586.45935,2016-12-31,0.20415245777772587,5.0,9.0,166,44.44444444444444,25.757575757575758,False,166,36.96969696969697,224,False,False,297,"GILEAD SCIENCES, INC."
2017-06-30,GIS,GIS,40704.0,2040.0,Food & beverage mfg,31971323097.184227,2017-05-28,0.13536818563449338,5.0,9.0,214,28.28282828282828,25.757575757575758,False,214,27.272727272727273,260,False,False,297,GENERAL MILLS INC
2017-06-30,GLW,GLW,24741.0,3357.0,Other manufacturing,27889209207.320847,2016-12-31,0.6415743044913276,7.0,9.0,25,91.91919191919192,76.0942760942761,True,10,85.58922558922559,6,True,True,297,CORNING INC /NY
2017-06-30,GM,GM,1467858.0,3711.0,Transport equipment,52323902433.152504,2016-12-31,0.837781548423373,5.625,8.0,9,97.3063973063973,38.552188552188554,True,43,73.8047138047138,26,False,False,297,General Motors Co
2017-06-30,GOOG,GOOG,1652044.0,7370.0,Business services & software,628198695484.7717,2016-12-31,0.2213248785763682,6.0,9.0,157,47.474747474747474,51.68350168350169,False,157,49.15824915824916,158,False,False,297,Alphabet Inc.
2017-06-30,GPC,GPC,40987.0,5013.0,Wholesale,13763599809.5309,2016-12-31,0.23204162022993685,6.0,9.0,149,50.16835016835017,51.68350168350169,False,149,50.77441077441078,146,False,False,297,GENUINE PARTS CO
2017-06-30,GPS,GAP,39911.0,5651.0,Retail,8792558143.63309,2017-01-28,0.33027930581304815,7.0,9.0,95,68.35016835016835,76.0942760942761,True,20,71.44781144781145,37,True,False,297,GAP INC
2017-06-30,GRMN,GRMN,1121788.0,3812.0,Instruments & medical devices,10107890398.746277,2016-12-31,0.33815196496629496,9.0,8.0,93,69.02356902356902,99.4949494949495,True,1,81.21212121212122,11,True,True,297,GARMIN LTD
2017-06-30,GT,GT,42582.0,3011.0,Other manufacturing,8797755088.005676,2016-12-31,0.5122897778939731,8.0,9.0,47,84.51178451178451,94.27609427609428,True,3,88.41750841750843,3,True,True,297,GOODYEAR TIRE & RUBBER CO /OH/
2017-06-30,GWW,GWW,277135.0,5000.0,Wholesale,10621907265.26706,2016-12-31,0.16926668206557682,5.0,9.0,194,35.01683501683502,25.757575757575758,False,194,31.313131313131315,248,False,False,297,"W.W. GRAINGER, INC."
2017-06-30,HAL,HAL,45012.0,1389.0,Oil & gas extraction,37026716690.81894,2016-12-31,0.254113808647069,2.0,9.0,137,54.20875420875421,0.6734006734006733,False,137,32.794612794612796,243,False,False,297,HALLIBURTON CO
2017-06-30,HAS,HAS,46080.0,3944.0,Other manufacturing,13860443260.108658,2016-12-25,0.13439223876490924,7.0,9.0,215,27.946127946127948,76.0942760942761,False,215,47.20538720538721,164,False,False,297,"HASBRO, INC."
2017-06-30,HD,HD,354950.0,5211.0,Retail,184527639322.37018,2017-01-29,0.023481577155117884,6.0,9.0,272,8.754208754208754,51.68350168350169,False,272,25.92592592592593,266,False,False,297,"HOME DEPOT, INC."
2017-06-30,HLT,HLT,1585689.0,7011.0,Services (hotels/personal),20393885782.81983,2016-12-31,0.2892533606797691,6.75,8.0,116,61.27946127946128,62.2895622895623,False,116,61.68350168350169,90,False,False,297,Hilton Worldwide Holdings Inc.
2017-06-30,HOG,HOG,793952.0,3751.0,Transport equipment,9526059150.503506,2016-12-31,0.20156897723005518,5.0,9.0,169,43.43434343434344,25.757575757575758,False,169,36.36363636363637,227,False,False,297,"HARLEY-DAVIDSON, INC."
2017-06-30,HON,HON,773840.0,3724.0,Transport equipment,101459580248.98918,2016-12-31,0.19090360863377384,6.0,9.0,175,41.41414141414141,51.68350168350169,False,175,45.52188552188552,179,False,False,297,HONEYWELL INTERNATIONAL INC
2017-06-30,HP,HP,46765.0,1381.0,Oil & gas extraction,5878349988.286533,2016-09-30,0.7758852414518199,4.5,8.0,14,95.62289562289563,16.161616161616163,True,75,63.83838383838384,81,False,False,297,"Helmerich & Payne, Inc."
2017-06-30,HPE,HPE,1645590.0,3570.0,Machinery & computers,36866265265.84845,2016-10-31,0.8530291792028163,6.0,9.0,8,97.64309764309765,51.68350168350169,True,28,79.25925925925927,12,False,True,297,Hewlett Packard Enterprise Co
2017-06-30,HPQ,HPQ,47217.0,3570.0,Machinery & computers,29811283433.46647,2016-10-31,-0.1304539607856724,5.0,9.0,297,0.33670033670033667,25.757575757575758,False,297,10.505050505050507,292,False,False,297,HP INC
2017-06-30,HRB,HRB,12659.0,7200.0,Services (hotels/personal),6403876244.877125,2017-04-30,-0.009507210581826008,8.0,9.0,287,3.7037037037037033,94.27609427609428,False,287,39.93265993265994,209,False,False,297,H&R BLOCK INC
2017-06-30,HRL,HRL,48465.0,2011.0,Food & beverage mfg,18054082223.05298,2016-10-30,0.2463712054174878,7.0,9.0,142,52.52525252525253,76.0942760942761,False,142,61.95286195286196,89,False,False,297,HORMEL FOODS CORP /DE/
2017-06-30,HRS,LHX,202058.0,3812.0,Instruments & medical devices,13549943570.334045,2016-07-01,0.2255359946067038,4.0,9.0,154,48.484848484848484,9.932659932659933,False,154,33.063973063973066,241,False,False,297,"L3HARRIS TECHNOLOGIES, INC. /DE/"
2017-06-30,HSIC,HSIC,1000228.0,5047.0,Wholesale,14494580185.838501,2016-12-31,0.19269726781937999,5.0,9.0,174,41.75084175084175,25.757575757575758,False,174,35.35353535353535,232,False,False,297,HENRY SCHEIN INC
2017-06-30,HSY,HSY,47111.0,2060.0,Food & beverage mfg,22790328329.938774,2016-12-31,0.03448199554754335,7.0,9.0,268,10.1010101010101,76.0942760942761,False,268,36.4983164983165,226,False,False,297,HERSHEY CO
2017-06-30,IBM,IBM,51143.0,3570.0,Machinery & computers,145094379696.8967,2016-12-31,0.1257526310675578,5.0,9.0,221,25.925925925925924,25.757575757575758,False,221,25.858585858585858,267,False,False,297,INTERNATIONAL BUSINESS MACHINES CORP
2017-06-30,IDXX,IDXX,874716.0,2835.0,Chemicals & pharma,14205802612.677628,2016-12-31,-0.0076273057534464025,7.0,9.0,286,4.040404040404041,76.0942760942761,False,286,32.861952861952865,242,False,False,297,IDEXX LABORATORIES INC /DE
2017-06-30,IFF,IFF,51253.0,2860.0,Chemicals (other),10670086800.0,2016-12-31,0.15241150615569501,5.0,9.0,204,31.64983164983165,25.757575757575758,False,204,29.292929292929294,256,False,False,297,INTERNATIONAL FLAVORS & FRAGRANCES INC
2017-06-30,ILMN,ILMN,1110803.0,3826.0,Instruments & medical devices,25385976473.260498,2017-01-01,0.08655286521337402,5.0,9.0,248,16.835016835016837,25.757575757575758,False,248,20.40404040404041,281,False,False,297,"ILLUMINA, INC."
2017-06-30,INCY,INCY,879169.0,8731.0,Services (professional),23848409945.344208,2016-12-31,0.017588887517504714,6.0,9.0,274,8.080808080808081,51.68350168350169,False,274,25.521885521885526,269,False,False,297,INCYTE CORP
2017-06-30,INTC,INTC,50863.0,3674.0,Electronics & semis,159522727935.79102,2016-12-31,0.4151508744675957,4.0,9.0,68,77.44107744107744,9.932659932659933,True,84,50.437710437710436,149,False,False,297,INTEL CORP
2017-06-30,INTU,INTU,896878.0,7372.0,Business services & software,34256752056.388428,2016-07-31,0.033891128910555575,7.0,9.0,269,9.764309764309765,76.0942760942761,False,269,36.2962962962963,228,False,False,297,INTUIT INC.
2017-06-30,IP,IP,51434.0,2621.0,Other manufacturing,23281157304.59461,2016-12-31,0.18645980280126753,4.0,9.0,176,41.07744107744108,9.932659932659933,False,176,28.61952861952862,258,False,False,297,INTERNATIONAL PAPER CO /NEW/
2017-06-30,IR,TT,1466258.0,3822.0,Instruments & medical devices,23716525891.530758,2016-12-31,0.28013377804092804,8.0,9.0,122,59.25925925925925,94.27609427609428,False,122,73.26599326599327,29,False,False,297,Trane Technologies plc
2017-06-30,ISRG,ISRG,1035267.0,3842.0,Instruments & medical devices,36280176653.76162,2016-12-31,0.15925501287218632,6.75,8.0,200,32.996632996633,62.2895622895623,False,200,44.71380471380472,181,False,False,297,INTUITIVE SURGICAL INC
2017-06-30,IT,IT,749251.0,8741.0,Services (professional),10208457385.3656,2016-12-31,0.0059634867151693305,6.0,9.0,281,5.723905723905724,51.68350168350169,False,281,24.10774410774411,274,False,False,297,GARTNER INC
2017-06-30,ITW,ITW,49826.0,3560.0,Machinery & computers,49643385626.25,2016-12-31,0.08579189243990569,7.0,9.0,250,16.161616161616163,76.0942760942761,False,250,40.13468013468014,207,False,False,297,ILLINOIS TOOL WORKS INC
2017-06-30,JBHT,JBHT,728535.0,4213.0,Transportation,10171585441.415611,2016-12-31,0.13902070706129768,6.75,8.0,210,29.629629629629626,62.2895622895623,False,210,42.6936026936027,195,False,False,297,HUNT J B TRANSPORT SERVICES INC
2017-06-30,JCI,JCI,833444.0,3585.0,Machinery & computers,40616097604.52736,2016-09-30,0.5938039699144222,5.625,8.0,31,89.8989898989899,38.552188552188554,True,47,69.36026936026936,47,False,False,297,Johnson Controls International plc
2017-06-30,JEC,J,52988.0,1600.0,Construction,6567604225.46535,2016-09-30,0.6494416919128195,5.625,8.0,22,92.92929292929293,38.552188552188554,True,44,71.17845117845118,38,False,False,297,JACOBS SOLUTIONS INC.
2017-06-30,JNJ,JNJ,200406.0,2834.0,Chemicals & pharma,358948603761.53125,2017-01-01,0.19617850372467932,8.0,9.0,173,42.08754208754209,94.27609427609428,False,173,62.96296296296297,84,False,False,297,JOHNSON & JOHNSON
2017-06-30,KDP,KDP,1418135.0,2080.0,Food & beverage mfg,16681716955.92186,2016-12-31,0.1279244819726095,7.0,9.0,220,26.262626262626267,76.0942760942761,False,220,46.1952861952862,170,False,False,297,Keurig Dr Pepper Inc.
2017-06-30,KHC,KHC,1637459.0,2030.0,Food & beverage mfg,104235531178.5991,2016-12-31,0.5502730148870421,6.0,9.0,37,87.87878787878788,51.68350168350169,True,31,73.40067340067341,28,False,False,297,Kraft Heinz Co
2017-06-30,KLAC,KLAC,319201.0,3827.0,Instruments & medical devices,14275102760.234423,2016-06-30,0.048273838134436205,7.0,9.0,261,12.457912457912458,76.0942760942761,False,261,37.91245791245792,221,False,False,297,KLA CORP
2017-06-30,KMB,KMB,55785.0,2670.0,Other manufacturing,45998648941.372925,2016-12-31,-0.002217456432905301,8.0,9.0,284,4.713804713804714,94.27609427609428,False,284,40.53872053872055,204,False,False,297,KIMBERLY CLARK CORP
2017-06-30,KMI,KMI,1506307.0,4922.0,Utilities,42773529807.23685,2016-12-31,0.8049604546355354,6.0,9.0,11,96.63299663299664,51.68350168350169,True,29,78.65319865319866,15,False,True,297,"KINDER MORGAN, INC."
2017-06-30,KMX,KMX,1170010.0,5500.0,Retail,11710347565.222435,2017-02-28,0.2654558272234299,4.0,9.0,129,56.9023569023569,9.932659932659933,False,129,38.11447811447811,220,False,False,297,CARMAX INC
2017-06-30,KO,KO,21344.0,2080.0,Food & beverage mfg,192561750783.39734,2016-12-31,0.11976417905517094,6.0,9.0,227,23.905723905723907,51.68350168350169,False,227,35.016835016835024,234,False,False,297,COCA COLA CO
2017-06-30,KR,KR,56873.0,5411.0,Retail,21320084123.315994,2017-01-28,0.3141638635785192,6.0,9.0,104,65.31986531986533,51.68350168350169,False,104,59.865319865319876,98,False,False,297,KROGER CO
2017-06-30,KSS,KSS,885639.0,5311.0,Retail,6665017573.3862,2017-01-28,0.7767421380360736,5.0,9.0,13,95.95959595959596,25.757575757575758,True,65,67.87878787878788,55,False,False,297,KOHLS Corp
2017-06-30,LB,BBWI,701985.0,5990.0,Retail,15361259875.000507,2017-01-28,-0.04745704492548831,5.0,9.0,291,2.356902356902357,25.757575757575758,False,291,11.717171717171718,291,False,False,297,"Bath & Body Works, Inc."
2017-06-30,LH,LH,920148.0,8071.0,Health services,15768522393.365479,2016-12-31,0.34916397761635143,4.0,9.0,87,71.04377104377105,9.932659932659933,True,86,46.599326599326595,167,False,False,297,LABCORP HOLDINGS INC.
2017-06-30,LKQ,LKQ,1065696.0,5010.0,Wholesale,10148611767.485619,2016-12-31,0.3392531982581704,5.625,8.0,90,70.03367003367003,38.552188552188554,True,61,57.44107744107744,115,False,False,297,LKQ CORP
2017-06-30,LLY,LLY,59478.0,2834.0,Chemicals & pharma,90805910002.16446,2016-12-31,0.15425978330778373,6.0,9.0,202,32.323232323232325,51.68350168350169,False,202,40.06734006734007,208,False,False,297,ELI LILLY & Co
2017-06-30,LMT,LMT,936468.0,3760.0,Transport equipment,80594528340.80908,2016-12-31,0.018748171012434655,6.0,9.0,273,8.417508417508419,51.68350168350169,False,273,25.72390572390573,268,False,False,297,LOCKHEED MARTIN CORP
2017-06-30,LNT,LNT,352541.0,4931.0,Utilities,9146199629.192047,2016-12-31,0.4222518812812267,4.5,8.0,66,78.11447811447812,16.161616161616163,True,79,53.333333333333336,133,False,False,297,ALLIANT ENERGY CORP
2017-06-30,LOW,LOW,60667.0,5211.0,Retail,66469020085.99103,2017-02-03,0.09679697386355822,6.0,9.0,241,19.19191919191919,51.68350168350169,False,241,32.188552188552194,245,False,False,297,LOWES COMPANIES INC
2017-06-30,LRCX,LRCX,707549.0,3559.0,Machinery & computers,22665572510.434055,2016-06-26,0.26006477433060515,6.0,9.0,133,55.55555555555556,51.68350168350169,False,133,54.006734006734014,127,False,False,297,LAM RESEARCH CORP
2017-06-30,LUV,LUV,92380.0,4512.0,Transportation,38231915745.83844,2016-12-31,0.22078412329936165,5.625,8.0,158,47.13804713804714,38.552188552188554,False,158,43.70370370370371,188,False,False,297,SOUTHWEST AIRLINES CO
2017-06-30,LYB,LYB,1489393.0,2860.0,Chemicals (other),33969619114.96437,2016-12-31,0.17804144284136886,4.0,9.0,187,37.37373737373738,9.932659932659933,False,187,26.397306397306398,265,False,False,297,LyondellBasell Industries N.V.
2017-06-30,M,M,794367.0,5311.0,Retail,7070970886.640722,2017-01-28,0.611372903283692,7.0,9.0,28,90.9090909090909,76.0942760942761,True,11,84.98316498316498,7,True,True,297,"Macy's, Inc."
2017-06-30,MA,MA,1141391.0,7389.0,Business services & software,133352096649.16992,2016-12-31,0.04241403129101238,7.875,8.0,262,12.121212121212121,88.21548821548821,False,262,42.55892255892256,197,False,False,297,Mastercard Inc
2017-06-30,MAR,MAR,1048286.0,7011.0,Services (hotels/personal),38475045906.25073,2016-12-31,0.13923310223080698,7.875,8.0,209,29.96632996632997,88.21548821548821,False,209,53.26599326599327,134,False,False,297,MARRIOTT INTERNATIONAL INC /MD/
2017-06-30,MAS,MAS,62996.0,3430.0,Other manufacturing,12239438369.738007,2016-12-31,-0.024347522410571105,8.0,9.0,289,3.0303030303030303,94.27609427609428,False,289,39.52861952861954,213,False,False,297,MASCO CORP /DE/
2017-06-30,MAT,MAT,63276.0,3942.0,Other manufacturing,7372849524.89859,2016-12-31,0.326574140957138,4.0,9.0,97,67.67676767676768,9.932659932659933,True,88,44.57912457912458,182,False,False,297,MATTEL INC /DE/
2017-06-30,MCD,MCD,63908.0,5812.0,Retail,125436998754.36261,2016-12-31,-0.01757296508916462,4.5,8.0,288,3.3670033670033668,16.161616161616163,False,288,8.484848484848484,296,False,False,297,MCDONALDS CORP
2017-06-30,MCHP,MCHP,827054.0,3674.0,Electronics & semis,17704928216.866676,2017-03-31,-0.0008120902736167401,5.0,9.0,283,5.05050505050505,25.757575757575758,False,283,13.333333333333334,289,False,False,297,MICROCHIP TECHNOLOGY INC
2017-06-30,MCK,MCK,927653.0,5122.0,Wholesale,34701894288.62869,2017-03-31,0.31972318017335644,4.0,9.0,101,66.32996632996633,9.932659932659933,False,101,43.771043771043765,187,False,False,297,MCKESSON CORP
2017-06-30,MCO,MCO,1059556.0,7320.0,Business services & software,23216544058.22754,2016-12-31,-0.052764097745455846,5.625,8.0,292,2.0202020202020203,38.552188552188554,False,292,16.632996632996633,286,False,False,297,MOODYS CORP /DE/
2017-06-30,MDLZ,MDLZ,1103982.0,2000.0,Food & beverage mfg,65934377482.62723,2016-12-31,0.381606696849903,6.0,9.0,75,75.08417508417509,51.68350168350169,True,39,65.72390572390573,69,False,False,297,"Mondelez International, Inc."
2017-06-30,MDT,MDT,1613103.0,3845.0,Instruments & medical devices,120613616873.75,2017-04-28,0.4169844276591447,8.0,9.0,67,77.77777777777779,94.27609427609428,True,4,84.37710437710439,10,True,True,297,Medtronic plc
2017-06-30,MHK,MHK,851968.0,2273.0,Other manufacturing,17929669387.794678,2016-12-31,0.322172755953449,7.0,9.0,99,67.003367003367,76.0942760942761,True,21,70.63973063973064,41,False,False,297,MOHAWK INDUSTRIES INC
2017-06-30,MKC,MKC,63754.0,2090.0,Food & beverage mfg,12344766270.446777,2016-11-30,0.13269591048650242,8.0,9.0,217,27.27272727272727,94.27609427609428,False,217,54.074074074074076,126,False,False,297,MCCORMICK & CO INC
2017-06-30,MLM,MLM,916076.0,1400.0,Mining (other),14037487697.959412,2016-12-31,0.29492300111520786,8.0,9.0,113,62.2895622895623,94.27609427609428,False,113,75.08417508417509,21,False,False,297,MARTIN MARIETTA MATERIALS INC
2017-06-30,MMM,MMM,66740.0,3841.0,Instruments & medical devices,124122873051.07422,2016-12-31,0.08296617494313532,6.0,9.0,251,15.824915824915825,51.68350168350169,False,251,30.168350168350173,255,False,False,297,3M CO
2017-06-30,MNST,MNST,865752.0,2086.0,Food & beverage mfg,28149649133.1585,2016-12-31,0.11828598588384585,4.5,8.0,229,23.232323232323232,16.161616161616163,False,229,20.404040404040405,282,False,False,297,Monster Beverage Corp
2017-06-30,MO,MO,764180.0,2111.0,Other manufacturing,144428642310.8466,2016-12-31,0.08841736511318693,8.0,9.0,246,17.50841750841751,94.27609427609428,False,246,48.21548821548822,162,False,False,297,"ALTRIA GROUP, INC."
2017-06-30,MOS,MOS,1285785.0,2870.0,Chemicals (other),7995946046.948919,2016-12-31,1.1986824252844073,5.0,9.0,3,99.32659932659934,25.757575757575758,True,62,69.8989898989899,44,False,False,297,MOSAIC CO
2017-06-30,MRK,MRK,310158.0,2834.0,Chemicals & pharma,175963646835.2319,2016-12-31,0.2278197839212632,6.0,9.0,152,49.158249158249156,51.68350168350169,False,152,50.16835016835017,151,False,False,297,"Merck & Co., Inc."
2017-06-30,MSFT,MSFT,789019.0,7372.0,Business services & software,537138100824.97705,2016-06-30,0.13403815497247654,5.0,9.0,216,27.609427609427613,25.757575757575758,False,216,26.868686868686872,262,False,False,297,MICROSOFT CORP
2017-06-30,MSI,MSI,68505.0,3663.0,Electronics & semis,14289921097.468185,2016-12-31,-0.06746013455391273,6.0,9.0,293,1.6835016835016834,51.68350168350169,False,293,21.68350168350169,278,False,False,297,"Motorola Solutions, Inc."
2017-06-30,MTD,MTD,1037646.0,3826.0,Instruments & medical devices,15266731738.349121,2016-12-31,0.02848959472494359,8.0,9.0,271,9.090909090909092,94.27609427609428,False,271,43.16498316498317,191,False,False,297,METTLER TOLEDO INTERNATIONAL INC/
2017-06-30,MU,MU,723125.0,3674.0,Electronics & semis,31100297157.72377,2016-09-01,0.38842072597367217,3.0,9.0,73,75.75757575757575,3.1986531986531985,True,98,46.734006734006726,165,False,False,297,MICRON TECHNOLOGY INC
2017-06-30,MUR,MUR,717423.0,1311.0,Oil & gas extraction,4418524226.349031,2016-12-31,1.1127423429479728,4.5,8.0,5,98.65319865319864,16.161616161616163,True,73,65.65656565656565,71,False,False,297,MURPHY OIL CORP
2017-06-30,NEM,NEM,1164727.0,1040.0,Mining (metals/coal),17203942280.83188,2016-12-31,0.623171121188021,3.375,8.0,27,91.24579124579124,5.387205387205387,True,93,56.90235690235689,117,False,False,297,NEWMONT Corp /DE/
2017-06-30,NFLX,NFLX,1065280.0,7841.0,Services (other),64307796044.45441,2016-12-31,0.04167146387892877,2.0,9.0,264,11.447811447811448,0.6734006734006733,False,264,7.1380471380471375,297,False,False,297,NETFLIX INC
2017-06-30,NI,NI,1111711.0,4931.0,Utilities,8202586217.975662,2016-12-31,0.49633126575105263,6.0,9.0,52,82.82828282828282,51.68350168350169,True,34,70.37037037037038,42,False,False,297,NISOURCE INC.
2017-06-30,NKE,NKE,320187.0,3021.0,Other manufacturing,100176100000.0,2016-05-31,0.1223645160871705,5.0,9.0,225,24.579124579124578,25.757575757575758,False,225,25.050505050505052,271,False,False,297,"NIKE, Inc."
2017-06-30,NOC,NOC,1133421.0,3812.0,Instruments & medical devices,44821412022.32172,2016-12-31,0.11733231423813559,7.0,9.0,230,22.895622895622896,76.0942760942761,False,230,44.17508417508418,185,False,False,297,NORTHROP GRUMMAN CORP /DE/
2017-06-30,NOV,NOV,1021860.0,3533.0,Machinery & computers,12475275885.457237,2016-12-31,1.1174101581392866,3.0,9.0,4,98.98989898989899,3.1986531986531985,True,94,60.67340067340067,94,False,False,297,NOV Inc.
2017-06-30,NRG,NRG,1013871.0,4911.0,Utilities,5441049935.338755,2016-12-31,0.8171217049716704,5.0,9.0,10,96.96969696969697,25.757575757575758,True,64,68.48484848484848,50,False,False,297,"NRG ENERGY, INC."
2017-06-30,NSC,NSC,702165.0,4011.0,Transportation,35360385985.40044,2016-12-31,0.3509294272161909,6.75,8.0,86,71.38047138047138,62.2895622895623,True,26,67.74410774410774,56,False,False,297,NORFOLK SOUTHERN CORP
2017-06-30,NTAP,NTAP,1002047.0,3572.0,Machinery & computers,10883090592.580666,2017-04-28,0.25544214452236674,7.0,9.0,136,54.54545454545454,76.0942760942761,False,136,63.164983164983155,83,False,False,297,"NetApp, Inc."
2017-06-30,NUE,NUE,73309.0,3312.0,Other manufacturing,18451751706.353256,2016-12-31,0.4270524081075092,7.0,9.0,64,78.78787878787878,76.0942760942761,True,13,77.7104377104377,17,True,True,297,NUCOR CORP
2017-06-30,NVDA,NVDA,1045810.0,3674.0,Electronics & semis,85092656283.24976,2017-01-29,0.06771442156911762,7.0,9.0,257,13.804713804713806,76.0942760942761,False,257,38.72053872053873,217,False,False,297,NVIDIA CORP
2017-06-30,NWL,NWL,814453.0,3089.0,Other manufacturing,25866287484.74121,2016-12-31,0.43874869970013186,6.0,9.0,63,79.12457912457911,51.68350168350169,True,35,68.14814814814815,52,False,False,297,NEWELL BRANDS INC.
2017-06-30,NWS,NWSA,1564708.0,2711.0,Other manufacturing,7954219889.259338,2016-06-30,1.4538195022261056,6.75,8.0,2,99.66329966329967,62.2895622895623,True,22,84.71380471380472,8,False,True,297,NEWS CORP
2017-06-30,OKE,OKE,1039684.0,4923.0,Utilities,10993127128.80091,2016-12-31,0.017169363893328102,6.0,9.0,277,7.07070707070707,51.68350168350169,False,277,24.91582491582492,272,False,False,297,ONEOK INC /NEW/
2017-06-30,OMC,OMC,29989.0,7311.0,Business services & software,19442557751.264755,2016-12-31,0.1111993610953456,7.0,9.0,231,22.55892255892256,76.0942760942761,False,231,43.97306397306397,186,False,False,297,OMNICOM GROUP INC.
2017-06-30,ORCL,ORCL,1341439.0,7372.0,Business services & software,207413232955.16968,2017-05-31,0.2596748492495718,6.75,8.0,134,55.218855218855225,62.2895622895623,False,134,58.047138047138056,109,False,False,297,ORACLE CORP
2017-06-30,ORLY,ORLY,898173.0,5531.0,Retail,20045267387.183975,2016-12-31,0.08117307534846435,7.0,9.0,253,15.151515151515152,76.0942760942761,False,253,39.52861952861953,214,False,False,297,O REILLY AUTOMOTIVE INC
2017-06-30,OXY,OXY,797468.0,1311.0,Oil & gas extraction,45758119374.518814,2016-12-31,0.4697964053997151,5.625,8.0,57,81.14478114478115,38.552188552188554,True,55,64.10774410774411,79,False,False,297,OCCIDENTAL PETROLEUM CORP /DE/
2017-06-30,PCG,PCG,1004980.0,4931.0,Utilities,33701509260.7956,2016-12-31,0.5323203735824763,5.625,8.0,43,85.85858585858585,38.552188552188554,True,51,66.93602693602693,61,False,False,297,PG&E Corp
2017-06-30,PEG,PEG,788784.0,4931.0,Utilities,21772405223.33107,2016-12-31,0.6030569367655364,5.625,8.0,30,90.23569023569024,38.552188552188554,True,46,69.56228956228956,46,False,False,297,PUBLIC SERVICE ENTERPRISE GROUP INC
2017-06-30,PEP,PEP,77476.0,2080.0,Food & beverage mfg,164828968604.82147,2016-12-31,0.06822829806672126,7.0,9.0,256,14.14141414141414,76.0942760942761,False,256,38.92255892255892,216,False,False,297,PEPSICO INC
2017-06-30,PFE,PFE,78003.0,2834.0,Chemicals & pharma,199923385348.36264,2016-12-31,0.29783409227612734,6.0,9.0,111,62.96296296296296,51.68350168350169,False,111,58.45117845117846,106,False,False,297,PFIZER INC
2017-06-30,PG,PG,80424.0,2840.0,Chemicals (other),232581664615.94104,2016-06-30,0.249301681178293,7.0,9.0,140,53.198653198653204,76.0942760942761,False,140,62.35690235690236,87,False,False,297,PROCTER & GAMBLE Co
2017-06-30,PH,PH,76334.0,3490.0,Other manufacturing,21400065832.800537,2016-06-30,0.21379630491544407,4.0,9.0,161,46.12794612794613,9.932659932659933,False,161,31.64983164983165,246,False,False,297,Parker-Hannifin Corp
2017-06-30,PKI,RVTY,31791.0,3826.0,Instruments & medical devices,7480886521.831329,2017-01-01,0.2878763090063293,7.0,9.0,117,60.94276094276094,76.0942760942761,False,117,67.003367003367,60,False,False,297,"REVVITY, INC."
2017-06-30,PM,PM,1413329.0,2111.0,Other manufacturing,182210267341.346,2016-12-31,-0.06963383669390467,7.0,9.0,294,1.3468013468013467,76.0942760942761,False,294,31.245791245791246,249,False,False,297,Philip Morris International Inc.
2017-06-30,PNR,PNR,77360.0,3550.0,Machinery & computers,12094673092.205496,2016-12-31,0.35175816390951326,6.0,9.0,85,71.71717171717171,51.68350168350169,True,41,63.7037037037037,82,False,False,297,PENTAIR plc
2017-06-30,PNW,PNW,764622.0,4931.0,Utilities,9481729199.779877,2016-12-31,0.5066187716172614,4.5,8.0,50,83.5016835016835,16.161616161616163,True,77,56.56565656565656,119,False,False,297,PINNACLE WEST CAPITAL CORP
2017-06-30,PPG,PPG,79879.0,2851.0,Chemicals (other),28270110984.622955,2016-12-31,0.1707103308729499,6.75,8.0,193,35.35353535353536,62.2895622895623,False,193,46.12794612794613,173,False,False,297,PPG INDUSTRIES INC
2017-06-30,PPL,PPL,922224.0,4911.0,Utilities,26312073216.148376,2016-12-31,0.3762151282676097,5.625,8.0,77,74.41077441077442,38.552188552188554,True,57,60.06734006734007,97,False,False,297,PPL Corp
2017-06-30,PSX,PSX,1534701.0,2911.0,Petroleum refining,42818241778.210266,2016-12-31,0.5229079726340848,4.5,8.0,44,85.52188552188552,16.161616161616163,True,76,57.77777777777778,112,False,False,297,Phillips 66
2017-06-30,PVH,PVH,78239.0,2320.0,Other manufacturing,8954266056.5,2017-01-29,0.5365598888489985,6.0,9.0,41,86.53198653198653,51.68350168350169,True,32,72.5925925925926,32,False,False,297,PVH CORP. /DE/
2017-06-30,PWR,PWR,1050915.0,1731.0,Construction,4777783460.213242,2016-12-31,0.6989490059164286,8.0,9.0,19,93.93939393939394,94.27609427609428,True,2,94.07407407407408,1,True,True,297,"QUANTA SERVICES, INC."
2017-06-30,QCOM,QCOM,804328.0,3663.0,Electronics & semis,81553684493.32019,2016-09-25,0.3896574409535456,6.0,9.0,71,76.43097643097643,51.68350168350169,True,38,66.53198653198653,66,False,False,297,QUALCOMM INC/DE
2017-06-30,QRVO,QRVO,1604778.0,3674.0,Electronics & semis,8047795804.973007,2017-04-01,0.6084550501361067,5.0,9.0,29,90.57239057239057,25.757575757575758,True,68,64.64646464646465,77,False,False,297,"Qorvo, Inc."
2017-06-30,RCL,RCL,884887.0,4400.0,Transportation,23463023836.592216,2016-12-31,0.3887568824685983,7.0,9.0,72,76.0942760942761,76.0942760942761,True,14,76.0942760942761,19,True,True,297,ROYAL CARIBBEAN CRUISES LTD
2017-06-30,REGN,REGN,872589.0,2834.0,Chemicals & pharma,51431691193.96973,2016-12-31,0.08650784947397697,4.5,8.0,249,16.4983164983165,16.161616161616163,False,249,16.363636363636363,287,False,False,297,"REGENERON PHARMACEUTICALS, INC."
2017-06-30,RHI,RHI,315213.0,7363.0,Business services & software,6125289016.010414,2016-12-31,0.17739554773004568,5.0,9.0,188,37.03703703703704,25.757575757575758,False,188,32.525252525252526,244,False,False,297,ROBERT HALF INC.
2017-06-30,RIG,RIG,1451505.0,1381.0,Oil & gas extraction,3206389345.306301,2016-12-31,4.9282848394977,5.625,8.0,1,100.0,38.552188552188554,True,42,75.42087542087542,20,False,True,297,Transocean Ltd.
2017-06-30,RL,RL,1037038.0,2320.0,Other manufacturing,6103260252.380371,2017-04-01,0.5406290840560342,3.0,9.0,40,86.86868686868688,3.1986531986531985,True,95,53.400673400673405,131,False,False,297,RALPH LAUREN CORP
2017-06-30,ROK,ROK,1024478.0,3829.0,Instruments & medical devices,20767995290.593536,2016-09-30,0.09582532989601444,5.0,9.0,243,18.51851851851852,25.757575757575758,False,243,21.414141414141415,280,False,False,297,"ROCKWELL AUTOMATION, INC"
2017-06-30,ROP,ROP,882835.0,3823.0,Instruments & medical devices,23485060433.708954,2016-12-31,0.24649138188680295,4.0,9.0,141,52.861952861952865,9.932659932659933,False,141,35.69023569023569,230,False,False,297,ROPER TECHNOLOGIES INC
2017-06-30,ROST,ROST,745732.0,5651.0,Retail,22624106541.45464,2017-01-28,0.12146411152037094,9.0,9.0,226,24.242424242424242,99.4949494949495,False,226,54.343434343434346,125,False,False,297,"ROSS STORES, INC."
2017-06-30,RRC,RRC,315852.0,1311.0,Oil & gas extraction,5734959131.144016,2016-12-31,0.9430525791595541,3.375,8.0,7,97.97979797979798,5.387205387205387,True,89,60.942760942760934,92,False,False,297,RANGE RESOURCES CORP
2017-06-30,RSG,RSG,1060391.0,4953.0,Utilities,21612690887.299065,2016-12-31,0.3558696156858412,7.0,9.0,83,72.39057239057239,76.0942760942761,True,17,73.87205387205387,25,True,False,297,"REPUBLIC SERVICES, INC."
2017-06-30,SBUX,SBUX,829224.0,5810.0,Retail,84864375998.68774,2016-10-02,0.06933415736293147,5.0,9.0,255,14.47811447811448,25.757575757575758,False,255,18.98989898989899,284,False,False,297,STARBUCKS CORP
2017-06-30,SHW,SHW,89800.0,5200.0,Retail,32747104643.49701,2016-12-31,0.0573620483535794,8.0,9.0,258,13.468013468013467,94.27609427609428,False,258,45.7912457912458,174,False,False,297,SHERWIN WILLIAMS CO
2017-06-30,SIG,SIG,832988.0,5944.0,Retail,4319315829.639912,2017-01-28,0.5765264912817455,6.0,9.0,34,88.88888888888889,51.68350168350169,True,30,74.006734006734,24,False,False,297,SIGNET JEWELERS LTD
2017-06-30,SJM,SJM,91419.0,2033.0,Food & beverage mfg,13422946577.558517,2017-04-30,0.5103350415960587,6.0,9.0,48,84.17508417508418,51.68350168350169,True,33,71.17845117845118,39,False,False,297,J M SMUCKER Co
2017-06-30,SLB,SLB,87347.0,1389.0,Oil & gas extraction,91614742482.66449,2016-12-31,0.4483776179120173,3.0,9.0,60,80.13468013468014,3.1986531986531985,True,96,49.36026936026936,156,False,False,297,SLB LIMITED/NV
2017-06-30,SNA,SNA,91440.0,3420.0,Other manufacturing,9159310244.0,2016-12-31,0.285742040642684,7.0,9.0,119,60.26936026936027,76.0942760942761,False,119,66.5993265993266,64,False,False,297,Snap-on Inc
2017-06-30,SNPS,SNPS,883241.0,7372.0,Business services & software,10946880780.597252,2016-10-31,0.29187729948271857,9.0,8.0,115,61.61616161616161,99.4949494949495,False,115,76.76767676767676,18,False,True,297,SYNOPSYS INC
2017-06-30,SO,SO,92122.0,4911.0,Utilities,47451530647.23685,2016-12-31,0.5217534537306161,5.625,8.0,45,85.18518518518519,38.552188552188554,True,52,66.53198653198653,65,False,False,297,SOUTHERN CO
2017-06-30,SPGI,SPGI,64040.0,7320.0,Business services & software,37723815022.16797,2016-12-31,0.017230494837757925,7.0,9.0,275,7.744107744107744,76.0942760942761,False,275,35.08417508417509,233,False,False,297,S&P Global Inc.
2017-06-30,SRE,SRE,1032208.0,4931.0,Utilities,28248800822.0,2016-12-31,0.45846193902552623,4.5,8.0,59,80.47138047138047,16.161616161616163,True,78,54.74747474747475,121,False,False,297,SEMPRA
2017-06-30,STX,STX,1137789.0,3572.0,Machinery & computers,11571107701.25,2016-07-01,0.13767048420333275,4.0,9.0,211,29.292929292929294,9.932659932659933,False,211,21.548821548821547,279,False,False,297,Seagate Technology Holdings plc
2017-06-30,SWK,SWK,93556.0,3420.0,Other manufacturing,21473215892.35869,2016-12-31,0.2965089175238869,7.0,9.0,112,62.62626262626263,76.0942760942761,False,112,68.01346801346801,53,False,False,297,"STANLEY BLACK & DECKER, INC."
2017-06-30,SWKS,SWKS,4127.0,3674.0,Electronics & semis,17828845632.6409,2016-09-30,0.19863316296353112,6.75,8.0,171,42.76094276094276,62.2895622895623,False,171,50.572390572390574,148,False,False,297,"SKYWORKS SOLUTIONS, INC."
2017-06-30,SYK,SYK,310764.0,3841.0,Instruments & medical devices,51748049741.2663,2016-12-31,0.18454801770789028,7.0,9.0,179,40.06734006734007,76.0942760942761,False,179,54.47811447811448,123,False,False,297,STRYKER CORP
2017-06-30,SYMC,GEN,849399.0,7372.0,Business services & software,17182788503.25,2017-03-31,0.2029356294143095,2.0,9.0,168,43.77104377104377,0.6734006734006733,False,168,26.531986531986533,263,False,False,297,Gen Digital Inc.
2017-06-30,SYY,SYY,96021.0,5140.0,Wholesale,27939853059.93918,2016-07-02,0.12453923764506636,7.0,9.0,222,25.589225589225588,76.0942760942761,False,222,45.79124579124579,175,False,False,297,SYSCO CORP
2017-06-30,TAP,TAP,24545.0,2082.0,Food & beverage mfg,18304079223.632812,2016-12-31,0.6238336198445348,5.0,9.0,26,91.58249158249158,25.757575757575758,True,67,65.25252525252526,75,False,False,297,MOLSON COORS BEVERAGE CO
2017-06-30,TDG,TDG,1260221.0,3728.0,Transport equipment,14343604442.353027,2016-09-30,-0.04542024305106429,8.0,9.0,290,2.6936026936026933,94.27609427609428,False,290,39.326599326599336,215,False,False,297,TransDigm Group INC
2017-06-30,TEL,TEL,1385157.0,5065.0,Wholesale,27958389000.722084,2016-09-30,0.30348672807223825,3.0,9.0,107,64.3097643097643,3.1986531986531985,False,107,39.86531986531986,211,False,False,297,TE Connectivity plc
2017-06-30,TGT,TGT,27419.0,5331.0,Retail,28899394086.879387,2017-01-28,0.3790044859443185,6.0,9.0,76,74.74747474747475,51.68350168350169,True,40,65.52188552188554,72,False,False,297,TARGET CORP
2017-06-30,TJX,TJX,109198.0,5651.0,Retail,46592219880.12964,2017-01-28,0.0968101329278722,6.75,8.0,239,19.865319865319865,62.2895622895623,False,239,36.83501683501684,225,False,False,297,TJX COMPANIES INC /DE/
2017-06-30,TMO,TMO,97745.0,3829.0,Instruments & medical devices,68111528889.22159,2016-12-31,0.3162357438053122,7.0,9.0,103,65.65656565656566,76.0942760942761,False,103,69.83164983164984,45,False,False,297,THERMO FISHER SCIENTIFIC INC.
2017-06-30,TPR,TPR,1116132.0,3100.0,Other manufacturing,13205155034.963303,2016-07-02,0.20317065516432659,4.0,9.0,167,44.107744107744104,9.932659932659933,False,167,30.437710437710432,253,False,False,297,"TAPESTRY, INC."
2017-06-30,TRIP,TRIP,1526520.0,7370.0,Business services & software,5016079536.182327,2016-12-31,0.29943703826178814,5.625,8.0,110,63.2996632996633,38.552188552188554,False,110,53.4006734006734,132,False,False,297,"TripAdvisor, Inc."
2017-06-30,TSCO,TSCO,916365.0,5200.0,Retail,7086649742.946796,2016-12-31,0.20506417739163127,4.0,9.0,165,44.78114478114478,9.932659932659933,False,165,30.84175084175084,252,False,False,297,TRACTOR SUPPLY CO /DE/
2017-06-30,TXN,TXN,97476.0,3674.0,Electronics & semis,76902284964.75583,2016-12-31,0.1361858104060205,9.0,9.0,213,28.619528619528616,99.4949494949495,False,213,56.96969696969697,116,False,False,297,TEXAS INSTRUMENTS INC
2017-06-30,UAL,UAL,100517.0,4512.0,Transportation,23675354487.75,2016-12-31,0.36573897993714527,5.625,8.0,81,73.06397306397307,38.552188552188554,True,59,59.25925925925927,101,False,False,297,"United Airlines Holdings, Inc."
2017-06-30,UHS,UHS,352915.0,8062.0,Health services,11867152817.993164,2016-12-31,0.3819972717572711,5.625,8.0,74,75.42087542087542,38.552188552188554,True,56,60.67340067340068,93,False,False,297,UNIVERSAL HEALTH SERVICES INC
2017-06-30,ULTA,ULTA,1403568.0,5990.0,Retail,17853084797.56485,2017-01-28,0.08683194067455775,7.875,8.0,247,17.17171717171717,88.21548821548821,False,247,45.58922558922559,178,False,False,297,"Ulta Beauty, Inc."
2017-06-30,UNP,UNP,100885.0,4011.0,Transportation,88630442568.60718,2016-12-31,0.2248888691328717,4.5,8.0,155,48.148148148148145,16.161616161616163,False,155,35.35353535353535,231,False,False,297,UNION PACIFIC CORP
2017-06-30,UPS,UPS,1090727.0,4210.0,Transportation,97650966766.35742,2016-12-31,0.004147424376954863,4.5,8.0,282,5.387205387205387,16.161616161616163,False,282,9.696969696969697,294,False,False,297,UNITED PARCEL SERVICE INC
2017-06-30,URI,URI,1067701.0,7359.0,Business services & software,9502639871.821404,2016-12-31,0.17342549251886172,7.0,9.0,190,36.36363636363637,76.0942760942761,False,190,52.25589225589226,137,False,False,297,"UNITED RENTALS, INC."
2017-06-30,UTX,RTX,101829.0,3724.0,Transport equipment,98403780637.37755,2016-12-31,0.2802636222040074,7.0,9.0,121,59.59595959595959,76.0942760942761,False,121,66.19528619528619,68,False,False,297,RTX Corp
2017-06-30,VFC,VFC,103379.0,2320.0,Other manufacturing,23851518501.464504,2016-12-31,0.2071533097440577,7.0,9.0,164,45.11784511784512,76.0942760942761,False,164,57.50841750841751,114,False,False,297,V F CORP
2017-06-30,VMC,VMC,1396009.0,1400.0,Mining (other),16766820496.431755,2016-12-31,0.2727097842416274,8.0,9.0,124,58.58585858585859,94.27609427609428,False,124,72.86195286195286,31,False,False,297,Vulcan Materials CO
2017-06-30,VRSK,VRSK,1442145.0,7374.0,Business services & software,14034217287.79007,2016-12-31,0.09493938797421951,6.0,9.0,245,17.845117845117844,51.68350168350169,False,245,31.380471380471384,247,False,False,297,"Verisk Analytics, Inc."
2017-06-30,VRSN,VRSN,1014473.0,7371.0,Business services & software,9512461914.315414,2016-12-31,-0.12621285749309658,6.75,8.0,296,0.6734006734006733,62.2895622895623,False,296,25.319865319865325,270,False,False,297,VERISIGN INC/CA
2017-06-30,VRTX,VRTX,875320.0,2834.0,Chemicals & pharma,32016220213.413208,2016-12-31,0.03612487646232048,4.5,8.0,266,10.774410774410773,16.161616161616163,False,266,12.929292929292929,290,False,False,297,VERTEX PHARMACEUTICALS INC / MA
2017-06-30,VZ,VZ,732712.0,4813.0,Communications,182066839422.2601,2016-12-31,0.1319954807600278,5.0,9.0,218,26.936026936026934,25.757575757575758,False,218,26.464646464646464,264,False,False,297,VERIZON COMMUNICATIONS INC
2017-06-30,WAT,WAT,1000697.0,3826.0,Instruments & medical devices,14722978877.756927,2016-12-31,0.15635076427894096,7.0,9.0,201,32.659932659932664,76.0942760942761,False,201,50.033670033670035,152,False,False,297,WATERS CORP /DE/
2017-06-30,WDC,WDC,106040.0,3572.0,Machinery & computers,25185846589.111237,2016-07-01,0.4425104377797009,3.0,9.0,62,79.46127946127946,3.1986531986531985,True,97,48.956228956228955,159,False,False,297,WESTERN DIGITAL CORP
2017-06-30,WEC,WEC,783325.0,4931.0,Utilities,19370762498.82384,2016-12-31,0.4625631025388932,7.0,9.0,58,80.8080808080808,76.0942760942761,True,12,78.92255892255892,13,True,True,297,"WEC ENERGY GROUP, INC."
2017-06-30,WHR,WHR,106640.0,3630.0,Electronics & semis,14269517556.187744,2016-12-31,0.33448923421592947,8.0,9.0,94,68.68686868686868,94.27609427609428,True,5,78.92255892255892,14,True,True,297,WHIRLPOOL CORP /DE/
2017-06-30,WM,WM,823768.0,4953.0,Utilities,32252214892.516457,2016-12-31,0.1642367824241762,7.0,9.0,196,34.34343434343434,76.0942760942761,False,196,51.043771043771045,143,False,False,297,WASTE MANAGEMENT INC
2017-06-30,WMB,WMB,107263.0,4922.0,Utilities,25005948804.088284,2016-12-31,0.18567581803738256,5.625,8.0,177,40.74074074074074,38.552188552188554,False,177,39.86531986531986,212,False,False,297,"WILLIAMS COMPANIES, INC."
2017-06-30,WMT,WMT,104169.0,5331.0,Retail,229538133809.32663,2017-01-31,0.3389327895495807,7.0,9.0,92,69.36026936026936,76.0942760942761,True,19,72.05387205387206,33,True,False,297,Walmart Inc.
2017-06-30,WYNN,WYNN,1174922.0,7011.0,Services (hotels/personal),13670210276.958252,2016-12-31,0.011554248018132542,5.625,8.0,279,6.397306397306397,38.552188552188554,False,279,19.25925925925926,283,False,False,297,WYNN RESORTS LTD
2017-06-30,XEL,XEL,72903.0,4931.0,Utilities,23271382376.372395,2016-12-31,0.4735794729233425,6.75,8.0,56,81.48148148148148,62.2895622895623,True,24,73.8047138047138,27,False,False,297,XCEL ENERGY INC
2017-06-30,XOM,XOM,34088.0,2911.0,Petroleum refining,334748074527.4415,2016-12-31,0.4998535099453821,5.625,8.0,51,83.16498316498317,38.552188552188554,True,54,65.31986531986533,74,False,False,297,EXXON MOBIL CORP
2017-06-30,XRAY,XRAY,818479.0,3843.0,Instruments & medical devices,14892503398.003723,2016-12-31,0.5448580257559442,5.625,8.0,38,87.54208754208754,38.552188552188554,True,49,67.94612794612794,54,False,False,297,DENTSPLY SIRONA Inc.
2017-06-30,XRX,XRX,108772.0,3577.0,Machinery & computers,7301610886.776251,2016-12-31,0.6578000491232123,4.0,9.0,20,93.60269360269359,9.932659932659933,True,81,60.134680134680124,96,False,False,297,XEROX CORP
2017-06-30,XYL,XYL,1524472.0,3561.0,Machinery & computers,9948100033.920326,2016-12-31,0.22014253903083938,5.0,9.0,159,46.801346801346796,25.757575757575758,False,159,38.38383838383838,218,False,False,297,Xylem Inc.
2017-06-30,ZBH,ZBH,1136869.0,3842.0,Instruments & medical devices,25821470395.62855,2016-12-31,0.37445195226515443,4.0,9.0,78,74.07407407407408,9.932659932659933,True,85,48.417508417508415,161,False,False,297,"ZIMMER BIOMET HOLDINGS, INC."
2017-06-30,ZTS,ZTS,1555280.0,2834.0,Chemicals & pharma,30688718837.79431,2016-12-31,0.04845428731839739,7.0,9.0,260,12.794612794612794,76.0942760942761,False,260,38.11447811447812,219,False,False,297,Zoetis Inc.
2018-06-29,A,A,1090872.0,3826.0,Instruments & medical devices,19975434838.96864,2017-10-31,0.24184705058713163,7.0,9.0,150,51.307189542483655,75.65359477124183,False,150,61.045751633986924,91,False,False,306,"AGILENT TECHNOLOGIES, INC."
2018-06-29,AAL,AAL,6201.0,4512.0,Transportation,17960343973.5086,2017-12-31,0.21859269542893092,5.625,8.0,165,46.40522875816993,34.967320261437905,False,165,41.83006535947712,205,False,False,306,American Airlines Group Inc.
2018-06-29,AAP,AAP,1158449.0,5531.0,Retail,10038830658.236694,2017-12-30,0.3401985864955186,6.0,9.0,96,68.95424836601308,49.673202614379086,True,52,61.24183006535948,90,False,False,306,ADVANCE AUTO PARTS INC
2018-06-29,AAPL,AAPL,320193.0,3571.0,Machinery & computers,950412497453.7354,2017-09-30,0.1410408642133046,4.0,9.0,213,30.718954248366014,5.065359477124183,False,213,20.45751633986928,288,False,False,306,Apple Inc.
2018-06-29,ABBV,ABBV,1551152.0,2834.0,Chemicals & pharma,147125668908.804,2017-12-31,0.03464385268596047,5.0,9.0,280,8.823529411764707,21.07843137254902,False,280,13.725490196078432,295,False,False,306,AbbVie Inc.
2018-06-29,ABC,COR,1140859.0,5122.0,Wholesale,18595855756.683037,2017-09-30,0.11101726250259107,7.0,9.0,236,23.202614379084967,75.65359477124183,False,236,44.18300653594771,183,False,False,306,"Cencora, Inc."
2018-06-29,ABT,ABT,1800.0,2834.0,Chemicals & pharma,106508907004.24345,2017-12-31,0.29008841484749276,5.0,9.0,124,59.80392156862745,21.07843137254902,False,124,44.31372549019608,182,False,False,306,ABBOTT LABORATORIES
2018-06-29,ACN,ACN,1467373.0,7389.0,Business services & software,101442851986.61041,2017-08-31,0.08822185915259219,6.0,9.0,252,17.973856209150327,49.673202614379086,False,252,30.653594771241828,258,False,False,306,Accenture plc
2018-06-29,ADBE,ADBE,796343.0,7372.0,Business services & software,119851759955.3471,2017-12-01,0.07058610572887603,8.0,9.0,266,13.398692810457517,92.97385620915033,False,266,45.22875816993464,176,False,False,306,ADOBE INC.
2018-06-29,ADI,ADI,6281.0,3674.0,Electronics & semis,35359544109.96771,2017-10-28,0.28737757388493884,4.5,8.0,125,59.47712418300654,9.313725490196079,False,125,39.411764705882355,226,False,False,306,ANALOG DEVICES INC
2018-06-29,ADM,ADM,7084.0,2070.0,Food & beverage mfg,25611605088.175278,2017-12-31,0.7153788267826743,5.0,9.0,20,93.79084967320262,21.07843137254902,True,77,64.70588235294117,79,False,False,306,Archer-Daniels-Midland Co
2018-06-29,ADP,ADP,8670.0,7374.0,Business services & software,59608428962.055176,2017-06-30,0.06671875218405154,5.0,9.0,268,12.745098039215685,21.07843137254902,False,268,16.07843137254902,294,False,False,306,AUTOMATIC DATA PROCESSING INC
2018-06-29,ADSK,ADSK,769397.0,7372.0,Business services & software,28620598630.03949,2018-01-31,-0.008944606760646458,5.0,9.0,298,2.941176470588235,21.07843137254902,False,298,10.196078431372548,298,False,False,306,"Autodesk, Inc."
2018-06-29,AEE,AEE,1002910.0,4931.0,Utilities,14764327088.06868,2017-12-31,0.48657822040569126,4.5,8.0,54,82.6797385620915,9.313725490196079,True,93,53.33333333333333,132,False,False,306,AMEREN CORP
2018-06-29,AEP,AEP,4904.0,4911.0,Utilities,34071387661.5,2017-12-31,0.5367260113289707,4.5,8.0,38,87.90849673202614,9.313725490196079,True,89,56.470588235294116,117,False,False,306,AMERICAN ELECTRIC POWER CO INC
2018-06-29,AES,AES,874761.0,4991.0,Utilities,8856627627.173405,2017-12-31,0.27832264195426104,3.375,8.0,129,58.16993464052288,2.450980392156863,False,129,35.88235294117648,238,False,False,306,AES CORP
2018-06-29,AKAM,AKAM,1086222.0,7389.0,Business services & software,12451413540.33474,2017-12-31,0.2658913374995812,5.625,8.0,133,56.86274509803921,34.967320261437905,False,133,48.10457516339869,160,False,False,306,AKAMAI TECHNOLOGIES INC
2018-06-29,ALB,ALB,915913.0,2821.0,Chemicals & pharma,10436525096.75505,2017-12-31,0.3520854849611294,6.0,9.0,92,70.26143790849673,49.673202614379086,True,50,62.02614379084967,84,False,False,306,ALBEMARLE CORP
2018-06-29,ALGN,ALGN,1097149.0,3842.0,Instruments & medical devices,27417468423.915894,2017-12-31,0.04195755721183023,7.875,8.0,278,9.477124183006536,86.43790849673204,False,278,40.26143790849674,215,False,False,306,ALIGN TECHNOLOGY INC
2018-06-29,ALK,ALK,766421.0,4512.0,Transportation,7427763813.858841,2017-12-31,0.5009583090212559,5.625,8.0,48,84.640522875817,34.967320261437905,True,65,64.77124183006536,78,False,False,306,"ALASKA AIR GROUP, INC."
2018-06-29,ALLE,ALLE,1579241.0,7381.0,Business services & software,7363543994.576569,2017-12-31,0.05453895573867533,9.0,9.0,272,11.437908496732026,98.52941176470588,False,272,46.27450980392157,169,False,False,306,Allegion plc
2018-06-29,AMAT,AMAT,6951.0,3674.0,Electronics & semis,48792376128.99679,2017-10-29,0.19160780313881842,8.0,9.0,184,40.19607843137255,92.97385620915033,False,184,61.30718954248366,89,False,False,306,APPLIED MATERIALS INC /DE
2018-06-29,AMD,AMD,2488.0,3674.0,Electronics & semis,14526961541.27828,2017-12-30,0.042059724482910406,7.0,9.0,277,9.803921568627452,75.65359477124183,False,277,36.1437908496732,236,False,False,306,ADVANCED MICRO DEVICES INC
2018-06-29,AME,AME,1037868.0,3823.0,Instruments & medical devices,16693106232.61264,2017-12-31,0.24127522726305892,7.0,9.0,151,50.98039215686274,75.65359477124183,False,151,60.849673202614376,94,False,False,306,AMETEK INC/
2018-06-29,AMGN,AMGN,318154.0,2836.0,Chemicals & pharma,133008582350.36224,2017-12-31,0.18976970924712105,6.0,9.0,185,39.869281045751634,49.673202614379086,False,185,43.790849673202615,188,False,False,306,AMGEN INC
2018-06-29,AMZN,AMZN,1018724.0,5961.0,Retail,822885368980.1097,2017-12-31,0.03367297687446156,6.0,9.0,281,8.49673202614379,49.673202614379086,False,281,24.96732026143791,273,False,False,306,AMAZON COM INC
2018-06-29,AOS,AOS,91142.0,3630.0,Electronics & semis,10213197475.867493,2017-12-31,0.1614381787775971,6.0,9.0,199,35.294117647058826,49.673202614379086,False,199,41.045751633986924,210,False,False,306,SMITH A O CORP
2018-06-29,APD,APD,2969.0,2810.0,Chemicals & pharma,34045434088.541656,2017-09-30,0.2962570538466013,5.0,9.0,121,60.78431372549019,21.07843137254902,False,121,44.90196078431372,180,False,False,306,"Air Products & Chemicals, Inc."
2018-06-29,APH,APH,820313.0,3678.0,Electronics & semis,26622911893.131256,2017-12-31,0.14986339646150326,6.0,9.0,207,32.6797385620915,49.673202614379086,False,207,39.47712418300654,225,False,False,306,AMPHENOL CORP /DE/
2018-06-29,APTV,APTV,1521332.0,3714.0,Transport equipment,24358899594.0692,2017-12-31,0.13543304726307204,6.0,9.0,217,29.411764705882355,49.673202614379086,False,217,37.51633986928105,230,False,False,306,Aptiv PLC
2018-06-29,ARNC,HWM,4281.0,3350.0,Other manufacturing,6297512681.679016,2017-12-31,0.7796729039203644,5.625,8.0,16,95.09803921568627,34.967320261437905,True,57,71.04575163398692,51,False,False,306,Howmet Aerospace Inc.
2018-06-29,AVGO,AVGO,1649338.0,3674.0,Electronics & semis,99174769839.72969,2017-10-29,0.20453790851021236,7.0,9.0,176,42.810457516339866,75.65359477124183,False,176,55.947712418300654,118,False,False,306,Broadcom Ltd
2018-06-29,AVY,AVY,8818.0,2670.0,Other manufacturing,8977429879.4328,2017-12-30,0.11653669413746505,6.0,9.0,230,25.163398692810457,49.673202614379086,False,230,34.967320261437905,243,False,False,306,Avery Dennison Corp
2018-06-29,AZO,AZO,866787.0,5531.0,Retail,18445556242.23877,2017-08-26,-0.07743745871589044,6.0,9.0,302,1.6339869281045754,49.673202614379086,False,302,20.84967320261438,286,False,False,306,AUTOZONE INC
2018-06-29,BA,BA,12927.0,3721.0,Transport equipment,197444390661.6057,2017-12-31,0.001797974603433654,7.0,9.0,293,4.57516339869281,75.65359477124183,False,293,33.006535947712415,248,False,False,306,BOEING CO
2018-06-29,BAX,BAX,10456.0,3841.0,Instruments & medical devices,39883848121.55258,2017-12-31,0.22876428503571447,6.0,9.0,157,49.01960784313725,49.673202614379086,False,157,49.28104575163398,152,False,False,306,BAXTER INTERNATIONAL INC
2018-06-29,BBY,BBY,764478.0,5731.0,Retail,21084780283.60405,2018-02-03,0.17130840119822183,6.0,9.0,191,37.908496732026144,49.673202614379086,False,191,42.614379084967325,201,False,False,306,BEST BUY CO INC
2018-06-29,BDX,BDX,10795.0,3841.0,Instruments & medical devices,54614488329.427864,2017-09-30,0.23707994702613086,7.0,9.0,152,50.65359477124183,75.65359477124183,False,152,60.65359477124183,95,False,False,306,BECTON DICKINSON & CO
2018-06-29,BF.B,BF-B,14693.0,2080.0,Food & beverage mfg,23573858202.655792,2018-04-30,0.05582454890017713,4.0,9.0,270,12.091503267973856,5.065359477124183,False,270,9.281045751633986,300,False,False,306,BROWN FORMAN CORP
2018-06-29,BIIB,BIIB,875045.0,2836.0,Chemicals & pharma,61403951918.598145,2017-12-31,0.20540697472893127,5.0,9.0,175,43.13725490196079,21.07843137254902,False,175,34.31372549019608,245,False,False,306,BIOGEN INC.
2018-06-29,BKNG,BKNG,1075531.0,4700.0,Transportation,97885325464.56909,2017-12-31,0.11503867353514521,7.0,9.0,231,24.836601307189543,75.65359477124183,False,231,45.16339869281046,177,False,False,306,Booking Holdings Inc.
2018-06-29,BLL,BALL,9389.0,3411.0,Other manufacturing,12458214716.783932,2017-12-31,0.3163374600287322,5.0,9.0,108,65.0326797385621,21.07843137254902,False,108,47.450980392156865,163,False,False,306,BALL Corp
2018-06-29,BMY,BMY,14272.0,2834.0,Chemicals & pharma,90347115909.79233,2017-12-31,0.1299543420038209,6.0,9.0,222,27.77777777777778,49.673202614379086,False,222,36.535947712418306,235,False,False,306,BRISTOL MYERS SQUIBB CO
2018-06-29,BR,BR,1383312.0,7389.0,Business services & software,13406320318.972618,2017-06-30,0.07487513173763442,5.0,9.0,263,14.37908496732026,21.07843137254902,False,263,17.058823529411764,291,False,False,306,"BROADRIDGE FINANCIAL SOLUTIONS, INC."
2018-06-29,BSX,BSX,885725.0,3841.0,Instruments & medical devices,44959584110.87369,2017-12-31,0.15596229677543025,5.0,9.0,204,33.66013071895425,21.07843137254902,False,204,28.627450980392155,263,False,False,306,BOSTON SCIENTIFIC CORP
2018-06-29,BWA,BWA,908255.0,3714.0,Transport equipment,9087342652.06575,2017-12-31,0.40900845740147046,9.0,9.0,75,75.81699346405229,98.52941176470588,True,2,84.90196078431373,6,True,True,306,BORGWARNER INC
2018-06-29,CAG,CAG,23217.0,2000.0,Food & beverage mfg,14884990539.037285,2017-05-28,0.26810900480814903,8.0,9.0,132,57.18954248366013,92.97385620915033,False,132,71.50326797385621,48,False,False,306,CONAGRA BRANDS INC.
2018-06-29,CAH,CAH,721371.0,5122.0,Wholesale,15452432992.563965,2017-06-30,0.4405778690822444,4.0,9.0,67,78.43137254901961,5.065359477124183,True,96,49.08496732026144,155,False,False,306,CARDINAL HEALTH INC
2018-06-29,CAT,CAT,18230.0,3531.0,Machinery & computers,81079887392.95453,2017-12-31,0.1697831662405121,7.0,9.0,194,36.9281045751634,75.65359477124183,False,194,52.41830065359477,139,False,False,306,CATERPILLAR INC
2018-06-29,CCL,CCL,815097.0,4400.0,Transportation,30613372951.793007,2017-11-30,0.7910268508515225,6.0,9.0,15,95.42483660130719,49.673202614379086,True,39,77.12418300653596,32,False,False,306,Carnival Corp Ltd.
2018-06-29,CF,CF,1324404.0,2870.0,Chemicals (other),10358167331.575417,2017-12-31,0.34552444321785786,5.0,9.0,95,69.28104575163398,21.07843137254902,True,85,49.99999999999999,150,False,False,306,"CF Industries Holdings, Inc."
2018-06-29,CHD,CHD,313927.0,2840.0,Chemicals (other),12967979807.377338,2017-12-31,0.1710366636087916,7.0,9.0,192,37.58169934640523,75.65359477124183,False,192,52.810457516339866,137,False,False,306,CHURCH & DWIGHT CO INC /DE/
2018-06-29,CHRW,CHRW,1043277.0,4731.0,Transportation,11691384617.815369,2017-12-31,0.12194834458079887,5.0,9.0,226,26.47058823529412,21.07843137254902,False,226,24.313725490196077,277,False,False,306,"C. H. ROBINSON WORLDWIDE, INC."
2018-06-29,CHTR,CHTR,1091667.0,4841.0,Communications,75273078651.49155,2017-12-31,0.5192294602557158,4.5,8.0,42,86.60130718954248,9.313725490196079,True,90,55.68627450980392,120,False,False,306,"CHARTER COMMUNICATIONS, INC. /MO/"
2018-06-29,CL,CL,21665.0,2844.0,Chemicals (other),56729923623.131836,2017-12-31,-0.0010576428834734898,8.0,9.0,294,4.248366013071895,92.97385620915033,False,294,39.73856209150327,222,False,False,306,COLGATE PALMOLIVE CO
2018-06-29,CLX,CLX,21076.0,2842.0,Chemicals (other),17456516112.75,2017-06-30,0.031048577877697523,5.0,9.0,282,8.169934640522875,21.07843137254902,False,282,13.333333333333332,296,False,False,306,CLOROX CO /DE/
2018-06-29,CMCSA,CMCSA,1166691.0,4841.0,Communications,154469478482.4142,2017-12-31,0.4441395198198364,4.5,8.0,62,80.06535947712419,9.313725490196079,True,94,51.76470588235294,142,False,False,306,COMCAST CORP
2018-06-29,CMI,CMI,26172.0,3510.0,Machinery & computers,22035883422.0,2017-12-31,0.32941724463621097,6.0,9.0,102,66.99346405228758,49.673202614379086,False,102,60.06535947712418,96,False,False,306,CUMMINS INC
2018-06-29,CMS,CMS,811156.0,4931.0,Utilities,13314047656.25,2017-12-31,0.33355746611852227,5.625,8.0,99,67.97385620915033,34.967320261437905,True,71,54.77124183006536,125,False,False,306,CMS ENERGY CORP
2018-06-29,CNP,CNP,1130310.0,4911.0,Utilities,11944343149.113655,2017-12-31,0.3924870494320886,5.625,8.0,81,73.8562091503268,34.967320261437905,True,69,58.30065359477125,107,False,False,306,CENTERPOINT ENERGY INC
2018-06-29,COO,COO,711404.0,3851.0,Instruments & medical devices,11504323713.588043,2017-10-31,0.2760440404027489,8.0,9.0,131,57.51633986928104,92.97385620915033,False,131,71.69934640522877,46,False,False,306,"COOPER COMPANIES, INC."
2018-06-29,COP,COP,1163165.0,2911.0,Petroleum refining,81774089193.79347,2017-12-31,0.3742872626494876,7.875,8.0,87,71.89542483660131,86.43790849673204,True,13,77.7124183006536,27,True,False,306,CONOCOPHILLIPS
2018-06-29,COST,COST,909832.0,5331.0,Retail,91322085994.85898,2017-09-03,0.11802183319166355,7.0,9.0,228,25.816993464052292,75.65359477124183,False,228,45.751633986928105,173,False,False,306,COSTCO WHOLESALE CORP /NEW
2018-06-29,COTY,COTY,1024305.0,2844.0,Chemicals (other),10556480499.60125,2017-06-30,0.8823679445390766,5.625,8.0,7,98.0392156862745,34.967320261437905,True,54,72.81045751633985,44,False,False,306,COTY INC.
2018-06-29,CPB,CPB,16732.0,2000.0,Food & beverage mfg,12183425705.68206,2017-07-30,0.13436286636824502,8.0,9.0,218,29.08496732026144,92.97385620915033,False,218,54.640522875817,126,False,False,306,CAMPBELL'S Co
2018-06-29,CPRI,CPRI,1530721.0,3100.0,Other manufacturing,9982806904.68296,2018-03-31,0.2021175025486561,7.0,9.0,177,42.48366013071895,75.65359477124183,False,177,55.7516339869281,119,False,False,306,Capri Holdings Ltd
2018-06-29,CRM,CRM,1108524.0,7372.0,Business services & software,99776595535.27832,2018-01-31,0.09409517281716112,6.0,9.0,248,19.28104575163399,49.673202614379086,False,248,31.437908496732028,254,False,False,306,"Salesforce, Inc."
2018-06-29,CSCO,CSCO,858877.0,3576.0,Machinery & computers,213082654223.66202,2017-07-29,0.3103819043411171,6.0,9.0,112,63.725490196078425,49.673202614379086,False,112,58.104575163398685,108,False,False,306,"CISCO SYSTEMS, INC."
2018-06-29,CSX,CSX,277948.0,4011.0,Transportation,56587917791.61667,2017-12-31,0.2601438712449122,5.625,8.0,138,55.22875816993464,34.967320261437905,False,138,47.12418300653595,164,False,False,306,CSX CORP
2018-06-29,CTAS,CTAS,723254.0,2320.0,Other manufacturing,19513016307.78534,2017-05-31,0.11801317457420601,5.0,9.0,229,25.49019607843137,21.07843137254902,False,229,23.725490196078432,279,False,False,306,CINTAS CORP
2018-06-29,CTL,LUMN,18926.0,4813.0,Communications,19942221136.76825,2017-12-31,1.1779530393777817,5.0,9.0,2,99.67320261437908,21.07843137254902,True,72,68.23529411764706,61,False,False,306,"Lumen Technologies, Inc."
2018-06-29,CTSH,CTSH,1058290.0,7371.0,Business services & software,46450173537.456825,2017-12-31,0.22968697827138698,6.75,8.0,155,49.673202614379086,63.725490196078425,False,155,55.294117647058826,123,False,False,306,COGNIZANT TECHNOLOGY SOLUTIONS CORP
2018-06-29,CVS,CVS,64803.0,5912.0,Retail,65285142754.89678,2017-12-31,0.5773289053147234,7.0,9.0,34,89.2156862745098,75.65359477124183,True,14,83.79084967320262,9,True,True,306,CVS HEALTH Corp
2018-06-29,CVX,CVX,93410.0,2911.0,Petroleum refining,241513319739.04303,2017-12-31,0.6133160695238221,7.875,8.0,29,90.84967320261438,86.43790849673204,True,7,89.08496732026144,2,True,True,306,CHEVRON CORP
2018-06-29,D,D,715957.0,4911.0,Utilities,44420952063.06955,2017-12-31,0.38589897793414074,5.625,8.0,83,73.20261437908496,34.967320261437905,True,70,57.90849673202614,110,False,False,306,"DOMINION ENERGY, INC"
2018-06-29,DAL,DAL,27904.0,4512.0,Transportation,35020488402.51851,2017-12-31,0.3971960596357548,5.625,8.0,79,74.50980392156863,34.967320261437905,True,68,58.692810457516345,104,False,False,306,"DELTA AIR LINES, INC."
2018-06-29,DG,DG,29534.0,5331.0,Retail,26497901629.933167,2018-02-02,0.2311795886916594,8.0,9.0,153,50.326797385620914,92.97385620915033,False,153,67.38562091503269,67,False,False,306,DOLLAR GENERAL CORP
2018-06-29,DGX,DGX,1022079.0,8071.0,Health services,14912025780.0271,2017-12-31,0.33000211189220846,8.0,9.0,101,67.3202614379085,92.97385620915033,False,101,77.58169934640523,29,False,False,306,QUEST DIAGNOSTICS INC
2018-06-29,DHR,DHR,313616.0,3823.0,Instruments & medical devices,68836155129.29495,2017-12-31,0.3829121477004547,7.0,9.0,84,72.87581699346404,75.65359477124183,True,20,73.98692810457516,41,True,False,306,DANAHER CORP /DE/
2018-06-29,DIS,DIS,1001039.0,4841.0,Communications,158295817365.85437,2017-09-30,0.26099868390402564,4.5,8.0,135,56.209150326797385,9.313725490196079,False,135,37.450980392156865,231,False,False,306,WALT DISNEY CO/
2018-06-29,DLTR,DLTR,935703.0,5331.0,Retail,20173559915.0,2018-02-03,0.35602541297927387,6.0,9.0,91,70.58823529411765,49.673202614379086,True,49,62.22222222222222,83,False,False,306,"DOLLAR TREE, INC."
2018-06-29,DOV,DOV,29905.0,3530.0,Machinery & computers,13994188885.990318,2017-12-31,0.3132142945696576,8.0,9.0,110,64.37908496732027,92.97385620915033,False,110,75.8169934640523,35,False,False,306,DOVER Corp
2018-06-29,DRI,DRI,940944.0,5812.0,Retail,13427269509.303284,2017-05-28,0.15652474976716643,6.0,9.0,203,33.98692810457516,49.673202614379086,False,203,40.26143790849673,216,False,False,306,DARDEN RESTAURANTS INC
2018-06-29,DTE,DTE,936340.0,4911.0,Utilities,18589767810.031605,2017-12-31,0.5116793333409487,7.875,8.0,45,85.62091503267973,86.43790849673204,True,9,85.94771241830065,5,True,True,306,DTE ENERGY CO
2018-06-29,DVN,DVN,1090012.0,1311.0,Oil & gas extraction,23127355518.341064,2017-12-31,0.4001322154044438,6.75,8.0,78,74.83660130718954,63.725490196078425,True,31,70.3921568627451,53,False,False,306,DEVON ENERGY CORP/DE
2018-06-29,DWDP,DD,1666700.0,2821.0,Chemicals & pharma,153529227162.86975,2017-12-31,0.6534912072055573,6.75,8.0,25,92.15686274509804,63.725490196078425,True,26,80.7843137254902,16,False,True,306,"DuPont de Nemours, Inc."
2018-06-29,DXC,DXC,1688568.0,7374.0,Business services & software,26538420902.46591,2018-03-31,0.5082065752731658,5.625,8.0,46,85.29411764705883,34.967320261437905,True,63,65.16339869281046,76,False,False,306,DXC Technology Co
2018-06-29,EBAY,EBAY,1065088.0,7389.0,Business services & software,36698007244.23787,2017-12-31,0.21971220252745496,3.0,9.0,164,46.73202614379085,1.6339869281045754,False,164,28.692810457516337,262,False,False,306,EBAY INC
2018-06-29,ECL,ECL,31462.0,2840.0,Chemicals (other),40535505554.4456,2017-12-31,0.18794634224475498,6.0,9.0,186,39.54248366013072,49.673202614379086,False,186,43.59477124183007,192,False,False,306,ECOLAB INC.
2018-06-29,ED,ED,1047862.0,4931.0,Utilities,24204764560.58235,2017-12-31,0.6369820272950861,5.625,8.0,27,91.50326797385621,34.967320261437905,True,59,68.88888888888889,59,False,False,306,CONSOLIDATED EDISON INC
2018-06-29,EFX,EFX,33185.0,7320.0,Business services & software,15028697699.237793,2017-12-31,0.21122255990024974,5.0,9.0,168,45.42483660130719,21.07843137254902,False,168,35.68627450980392,240,False,False,306,EQUIFAX INC
2018-06-29,EIX,EIX,827052.0,4911.0,Utilities,20614075152.764534,2017-12-31,0.6726472032940292,6.75,8.0,21,93.4640522875817,63.725490196078425,True,25,81.56862745098039,14,False,True,306,EDISON INTERNATIONAL
2018-06-29,EL,EL,1001250.0,2844.0,Chemicals (other),52381499896.240234,2017-06-30,0.08369367064104762,6.0,9.0,255,16.99346405228758,49.673202614379086,False,255,30.065359477124183,260,False,False,306,ESTEE LAUDER COMPANIES INC
2018-06-29,EMN,EMN,915389.0,2821.0,Chemicals & pharma,14290949101.950096,2017-12-31,0.3780714605765914,7.0,9.0,86,72.22222222222221,75.65359477124183,True,21,73.59477124183006,42,False,False,306,EASTMAN CHEMICAL CO
2018-06-29,EMR,EMR,32604.0,3600.0,Electronics & semis,44375423207.58426,2017-09-30,0.19646009817682134,7.0,9.0,180,41.50326797385621,75.65359477124183,False,180,55.16339869281046,124,False,False,306,EMERSON ELECTRIC CO
2018-06-29,EOG,EOG,821189.0,1311.0,Oil & gas extraction,71999720336.0758,2017-12-31,0.22615744788999115,6.75,8.0,159,48.36601307189542,63.725490196078425,False,159,54.50980392156862,128,False,False,306,EOG RESOURCES INC
2018-06-29,ES,ES,72741.0,4911.0,Utilities,18572677400.291748,2017-12-31,0.5969113532239488,5.625,8.0,32,89.86928104575163,34.967320261437905,True,60,67.90849673202615,63,False,False,306,EVERSOURCE ENERGY
2018-06-29,ETN,ETN,1551182.0,3590.0,Machinery & computers,32900547059.631348,2017-12-31,0.524398575158322,6.75,8.0,41,86.9281045751634,63.725490196078425,True,29,77.6470588235294,28,False,False,306,Eaton Corp plc
2018-06-29,EW,EW,1099800.0,3842.0,Instruments & medical devices,30573151910.642715,2017-12-31,0.09669268018685791,7.0,9.0,243,20.915032679738562,75.65359477124183,False,243,42.810457516339866,200,False,False,306,Edwards Lifesciences Corp
2018-06-29,EXC,EXC,1109357.0,4911.0,Utilities,41110252680.85972,2017-12-31,0.7262665163306317,6.75,8.0,18,94.44444444444444,63.725490196078425,True,23,82.15686274509804,12,False,True,306,EXELON CORP
2018-06-29,EXPE,EXPE,1324424.0,4700.0,Transportation,18223087980.163574,2017-12-31,0.24816513013177072,7.0,9.0,147,52.28758169934641,75.65359477124183,False,147,61.63398692810458,87,False,False,306,"Expedia Group, Inc."
2018-06-29,F,F,37996.0,3711.0,Transport equipment,44003248786.92627,2017-12-31,0.7928960011326733,5.625,8.0,14,95.75163398692811,34.967320261437905,True,56,71.43790849673204,49,False,False,306,FORD MOTOR CO
2018-06-29,FAST,FAST,815556.0,5200.0,Retail,13842376591.75412,2017-12-31,0.15148410289957867,6.0,9.0,206,33.006535947712415,49.673202614379086,False,206,39.67320261437908,223,False,False,306,FASTENAL CO
2018-06-29,FB,META,1326801.0,7370.0,Business services & software,563722341247.5586,2017-12-31,0.13188584975267198,7.875,8.0,220,28.431372549019606,86.43790849673204,False,220,51.63398692810458,143,False,False,306,"Meta Platforms, Inc."
2018-06-29,FBHS,FBIN,1519751.0,2430.0,Other manufacturing,8158218554.673834,2017-12-31,0.3186357392338735,9.0,9.0,106,65.68627450980392,98.52941176470588,False,106,78.82352941176471,19,False,True,306,"Fortune Brands Innovations, Inc."
2018-06-29,FCX,FCX,831259.0,1000.0,Mining (metals/coal),24989800595.56536,2017-12-31,0.3192102301694869,7.0,9.0,105,66.01307189542483,75.65359477124183,False,105,69.86928104575162,55,False,False,306,FREEPORT-MCMORAN INC
2018-06-29,FDX,FDX,1048911.0,4513.0,Transportation,60910531887.506424,2017-05-31,0.2638788318198349,6.75,8.0,134,56.5359477124183,63.725490196078425,False,134,59.41176470588235,100,False,False,306,FEDEX CORP
2018-06-29,FE,FE,1031296.0,4911.0,Utilities,17078430686.820751,2017-12-31,0.2298220528557628,5.625,8.0,154,50.0,34.967320261437905,False,154,43.98692810457516,184,False,False,306,FIRSTENERGY CORP
2018-06-29,FFIV,FFIV,1048695.0,3576.0,Machinery & computers,10794252677.87973,2017-09-30,0.11389320193692967,7.875,8.0,234,23.856209150326798,86.43790849673204,False,234,48.88888888888889,158,False,False,306,"F5, INC."
2018-06-29,FIS,FIS,1136893.0,7389.0,Business services & software,35114942153.11838,2017-12-31,0.3085581047735771,5.0,9.0,114,63.0718954248366,21.07843137254902,False,114,46.27450980392156,170,False,False,306,"Fidelity National Information Services, Inc."
2018-06-29,FISV,FISV,798354.0,7389.0,Business services & software,30615151774.27881,2017-12-31,0.08920419601820946,7.0,9.0,251,18.30065359477124,75.65359477124183,False,251,41.24183006535947,208,False,False,306,FISERV INC
2018-06-29,FLR,FLR,1124198.0,1600.0,Construction,6824678215.894714,2017-12-31,0.4897388410512515,5.0,9.0,52,83.33333333333334,21.07843137254902,True,78,58.43137254901961,105,False,False,306,FLUOR CORP
2018-06-29,FLS,FLS,30625.0,3561.0,Machinery & computers,5284232369.981644,2017-12-31,0.31311775943073217,4.5,8.0,111,64.05228758169935,9.313725490196079,False,111,42.15686274509804,203,False,False,306,FLOWSERVE CORP
2018-06-29,FLT,CPAY,1175454.0,7389.0,Business services & software,18918234125.65027,2017-12-31,0.19433748285286265,7.875,8.0,181,41.17647058823529,86.43790849673204,False,181,59.28104575163399,101,False,False,306,"CORPAY, INC."
2018-06-29,FMC,FMC,37785.0,2800.0,Chemicals & pharma,11983628507.21345,2017-12-31,0.22378864618389263,4.0,9.0,161,47.712418300653596,5.065359477124183,False,161,30.65359477124183,257,False,False,306,FMC CORP
2018-06-29,FTV,FTV,1659166.0,3823.0,Instruments & medical devices,26836721132.92258,2017-12-31,0.1412355846761831,7.0,9.0,212,31.045751633986928,75.65359477124183,False,212,48.888888888888886,159,False,False,306,Fortive Corp
2018-06-29,GD,GD,40533.0,3730.0,Transport equipment,55351397378.0134,2017-12-31,0.20658918368232912,6.0,9.0,172,44.11764705882353,49.673202614379086,False,172,46.33986928104575,168,False,False,306,GENERAL DYNAMICS CORP
2018-06-29,GE,GE,40545.0,3600.0,Electronics & semis,118169863019.80128,2017-12-31,0.5438188583601192,4.5,8.0,36,88.56209150326796,9.313725490196079,True,88,56.86274509803921,116,False,False,306,GENERAL ELECTRIC CO
2018-06-29,GILD,GILD,882095.0,2836.0,Chemicals & pharma,92798112808.79471,2017-12-31,0.2202846521471788,5.0,9.0,163,47.05882352941176,21.07843137254902,False,163,36.666666666666664,234,False,False,306,"GILEAD SCIENCES, INC."
2018-06-29,GIS,GIS,40704.0,2040.0,Food & beverage mfg,25542430823.89735,2017-05-28,0.1694396288998008,5.0,9.0,196,36.27450980392157,21.07843137254902,False,196,30.19607843137255,259,False,False,306,GENERAL MILLS INC
2018-06-29,GLW,GLW,24741.0,3357.0,Other manufacturing,23588534922.23544,2017-12-31,0.6654927935012392,4.0,9.0,22,93.13725490196079,5.065359477124183,True,95,57.908496732026144,109,False,False,306,CORNING INC /NY
2018-06-29,GM,GM,1467858.0,3711.0,Transport equipment,55263638442.444084,2017-12-31,0.6333459212326891,4.5,8.0,28,91.17647058823529,9.313725490196079,True,87,58.431372549019606,106,False,False,306,General Motors Co
2018-06-29,GOOG,GOOG,1652044.0,7370.0,Business services & software,775134670912.4756,2017-12-31,0.19674258644691664,5.0,9.0,179,41.830065359477125,21.07843137254902,False,179,33.529411764705884,247,False,False,306,Alphabet Inc.
2018-06-29,GPC,GPC,40987.0,5013.0,Wholesale,13468769435.499542,2017-12-31,0.2533380659859404,5.0,9.0,142,53.92156862745098,21.07843137254902,False,142,40.78431372549019,212,False,False,306,GENUINE PARTS CO
2018-06-29,GPS,GAP,39911.0,5651.0,Retail,12610036957.588638,2018-02-03,0.24932520107389228,9.0,9.0,145,52.94117647058824,98.52941176470588,False,145,71.1764705882353,50,False,False,306,GAP INC
2018-06-29,GRMN,GRMN,1121788.0,3812.0,Instruments & medical devices,12082722498.0,2017-12-30,0.3147027501980125,6.75,8.0,109,64.70588235294117,63.725490196078425,False,109,64.31372549019608,80,False,False,306,GARMIN LTD
2018-06-29,GT,GT,42582.0,3011.0,Other manufacturing,5597321553.730087,2017-12-31,0.8223576144080081,6.0,9.0,13,96.07843137254902,49.673202614379086,True,38,77.51633986928104,30,False,False,306,GOODYEAR TIRE & RUBBER CO /OH/
2018-06-29,GWW,GWW,277135.0,5000.0,Wholesale,17302908409.959747,2017-12-31,0.09767906989712441,6.0,9.0,241,21.568627450980394,49.673202614379086,False,241,32.810457516339866,249,False,False,306,"W.W. GRAINGER, INC."
2018-06-29,HAL,HAL,45012.0,1389.0,Oil & gas extraction,39423438321.545815,2017-12-31,0.2110926990214305,5.0,9.0,169,45.09803921568628,21.07843137254902,False,169,35.490196078431374,241,False,False,306,HALLIBURTON CO
2018-06-29,HAS,HAS,46080.0,3944.0,Other manufacturing,11462841429.941833,2017-12-31,0.15964252940113172,7.0,9.0,200,34.967320261437905,75.65359477124183,False,200,51.24183006535947,144,False,False,306,"HASBRO, INC."
2018-06-29,HD,HD,354950.0,5211.0,Retail,225783290805.6126,2018-01-28,0.00643980338319994,6.0,9.0,292,4.901960784313726,49.673202614379086,False,292,22.81045751633987,282,False,False,306,"HOME DEPOT, INC."
2018-06-29,HII,HII,1501585.0,3730.0,Transport equipment,9709108078.354248,2017-12-31,0.18106709553675002,6.0,9.0,188,38.88888888888889,49.673202614379086,False,188,43.20261437908497,197,False,False,306,"HUNTINGTON INGALLS INDUSTRIES, INC."
2018-06-29,HLT,HLT,1585689.0,7011.0,Services (hotels/personal),25023911141.059113,2017-12-31,0.08280080553036621,5.625,8.0,256,16.666666666666664,34.967320261437905,False,256,23.986928104575163,278,False,False,306,Hilton Worldwide Holdings Inc.
2018-06-29,HOG,HOG,793952.0,3751.0,Transport equipment,7086847920.694656,2017-12-31,0.2602393928356266,5.0,9.0,137,55.55555555555556,21.07843137254902,False,137,41.76470588235294,206,False,False,306,"HARLEY-DAVIDSON, INC."
2018-06-29,HON,HON,773840.0,3724.0,Transport equipment,108325891837.45099,2017-12-31,0.1594817241470174,6.0,9.0,201,34.64052287581699,49.673202614379086,False,201,40.65359477124183,213,False,False,306,HONEYWELL INTERNATIONAL INC
2018-06-29,HP,HP,46765.0,1381.0,Oil & gas extraction,6924689494.429195,2017-09-30,0.6014119482686333,3.375,8.0,30,90.52287581699346,2.450980392156863,True,98,55.294117647058826,121,False,False,306,"Helmerich & Payne, Inc."
2018-06-29,HPE,HPE,1645590.0,3570.0,Machinery & computers,23286667791.192814,2017-10-31,1.007701067856304,5.0,9.0,4,99.01960784313727,21.07843137254902,True,74,67.84313725490196,64,False,False,306,Hewlett Packard Enterprise Co
2018-06-29,HRB,HRB,12659.0,7200.0,Services (hotels/personal),4766836059.924217,2018-04-30,0.08259377814773415,7.0,9.0,258,16.013071895424837,75.65359477124183,False,258,39.869281045751634,221,False,False,306,H&R BLOCK INC
2018-06-29,HRL,HRL,48465.0,2011.0,Food & beverage mfg,19660386746.269226,2017-10-29,0.25105848952521964,5.0,9.0,144,53.26797385620915,21.07843137254902,False,144,40.3921568627451,214,False,False,306,HORMEL FOODS CORP /DE/
2018-06-29,HRS,LHX,202058.0,3812.0,Instruments & medical devices,17310525726.587936,2017-06-30,0.16914564272896498,7.0,9.0,197,35.947712418300654,75.65359477124183,False,197,51.83006535947712,141,False,False,306,"L3HARRIS TECHNOLOGIES, INC. /DE/"
2018-06-29,HSIC,HSIC,1000228.0,5047.0,Wholesale,11164346770.081556,2017-12-30,0.25182834767675905,6.0,9.0,143,53.59477124183007,49.673202614379086,False,143,52.02614379084967,140,False,False,306,HENRY SCHEIN INC
2018-06-29,HSY,HSY,47111.0,2060.0,Food & beverage mfg,19622707115.223083,2017-12-31,0.046646876734448665,8.0,9.0,275,10.457516339869281,92.97385620915033,False,275,43.4640522875817,195,False,False,306,HERSHEY CO
2018-06-29,IBM,IBM,51143.0,3570.0,Machinery & computers,128687160948.2871,2017-12-31,0.13671915574445026,5.0,9.0,215,30.065359477124183,21.07843137254902,False,215,26.470588235294116,271,False,False,306,INTERNATIONAL BUSINESS MACHINES CORP
2018-06-29,IDXX,IDXX,874716.0,2835.0,Chemicals & pharma,18987541937.062134,2017-12-31,-0.0028495526266298587,9.0,9.0,295,3.9215686274509802,98.52941176470588,False,295,41.76470588235294,207,False,False,306,IDEXX LABORATORIES INC /DE
2018-06-29,IFF,IFF,51253.0,2860.0,Chemicals (other),9783869934.21959,2017-12-31,0.17214067759725799,6.0,9.0,190,38.23529411764706,49.673202614379086,False,190,42.810457516339866,199,False,False,306,INTERNATIONAL FLAVORS & FRAGRANCES INC
2018-06-29,ILMN,ILMN,1110803.0,3826.0,Instruments & medical devices,41055631884.15527,2017-12-31,0.06695792693574228,6.0,9.0,267,13.071895424836603,49.673202614379086,False,267,27.712418300653596,268,False,False,306,"ILLUMINA, INC."
2018-06-29,INCY,INCY,879169.0,8731.0,Services (professional),14181478687.0,2017-12-31,0.1149830025478781,4.0,9.0,233,24.18300653594771,5.065359477124183,False,233,16.5359477124183,293,False,False,306,INCYTE CORP
2018-06-29,INTC,INTC,50863.0,3674.0,Electronics & semis,232046275726.31836,2017-12-30,0.29743636170831234,5.0,9.0,120,61.111111111111114,21.07843137254902,False,120,45.09803921568627,178,False,False,306,INTEL CORP
2018-06-29,INTU,INTU,896878.0,7372.0,Business services & software,52093635979.74609,2017-07-31,0.025991658568935996,9.0,9.0,286,6.862745098039216,98.52941176470588,False,286,43.529411764705884,194,False,False,306,INTUIT INC.
2018-06-29,IP,IP,51434.0,2621.0,Other manufacturing,21505943813.900036,2017-12-31,0.3032649976414709,5.0,9.0,119,61.43790849673203,21.07843137254902,False,119,45.29411764705882,175,False,False,306,INTERNATIONAL PAPER CO /NEW/
2018-06-29,IPGP,IPGP,1111928.0,3674.0,Electronics & semis,11926402019.545898,2017-12-31,0.1695668145921682,8.0,9.0,195,36.60130718954248,92.97385620915033,False,195,59.15032679738562,102,False,False,306,IPG PHOTONICS CORP
2018-06-29,IQV,IQV,1478242.0,8731.0,Services (professional),20787661472.206696,2017-12-31,0.39008716833501506,5.0,9.0,82,73.52941176470588,21.07843137254902,True,82,52.549019607843135,138,False,False,306,IQVIA HOLDINGS INC.
2018-06-29,IR,TT,1466258.0,3822.0,Instruments & medical devices,22422565603.89196,2017-12-31,0.31844259600518837,6.0,9.0,107,65.359477124183,49.673202614379086,False,107,59.084967320261434,103,False,False,306,Trane Technologies plc
2018-06-29,ISRG,ISRG,1035267.0,3842.0,Instruments & medical devices,53732587714.12903,2017-12-31,0.08793918553000389,5.625,8.0,253,17.647058823529413,34.967320261437905,False,253,24.57516339869281,275,False,False,306,INTUITIVE SURGICAL INC
2018-06-29,IT,IT,749251.0,8741.0,Services (professional),12071813724.894379,2017-12-31,0.0814678740421506,4.0,9.0,261,15.032679738562091,5.065359477124183,False,261,11.045751633986928,297,False,False,306,GARTNER INC
2018-06-29,ITW,ITW,49826.0,3560.0,Machinery & computers,47317741617.167404,2017-12-31,0.09698265054845855,7.0,9.0,242,21.241830065359476,75.65359477124183,False,242,43.006535947712415,198,False,False,306,ILLINOIS TOOL WORKS INC
2018-06-29,JBHT,JBHT,728535.0,4213.0,Transportation,13340658837.544128,2017-12-31,0.1378736254632084,7.875,8.0,214,30.392156862745097,86.43790849673204,False,214,52.81045751633987,136,False,False,306,HUNT J B TRANSPORT SERVICES INC
2018-06-29,JCI,JCI,833444.0,3585.0,Machinery & computers,30955801857.450882,2017-09-30,0.6605223826588916,6.0,9.0,24,92.48366013071896,49.673202614379086,True,41,75.359477124183,36,False,False,306,Johnson Controls International plc
2018-06-29,JEC,J,52988.0,1600.0,Construction,7648394041.259593,2017-09-29,0.5789910896471944,6.75,8.0,33,89.54248366013073,63.725490196078425,True,27,79.2156862745098,18,False,True,306,JACOBS SOLUTIONS INC.
2018-06-29,JNJ,JNJ,200406.0,2834.0,Chemicals & pharma,325543264615.94104,2017-12-31,0.1847987857189232,5.0,9.0,187,39.21568627450981,21.07843137254902,False,187,31.96078431372549,252,False,False,306,JOHNSON & JOHNSON
2018-06-29,KDP,KDP,1418135.0,2080.0,Food & beverage mfg,21928777516.0,2017-12-31,0.11177093653358766,5.0,9.0,235,23.52941176470588,21.07843137254902,False,235,22.549019607843135,284,False,False,306,Keurig Dr Pepper Inc.
2018-06-29,KHC,KHC,1637459.0,2030.0,Food & beverage mfg,76565134357.85118,2017-12-30,0.8624552226522503,6.0,9.0,10,97.05882352941177,49.673202614379086,True,35,78.10457516339869,22,False,False,306,Kraft Heinz Co
2018-06-29,KLAC,KLAC,319201.0,3827.0,Instruments & medical devices,16080848669.44313,2017-06-30,0.082484266052479,7.0,9.0,259,15.686274509803921,75.65359477124183,False,259,39.67320261437908,224,False,False,306,KLA CORP
2018-06-29,KMB,KMB,55785.0,2670.0,Other manufacturing,36943398777.575226,2017-12-31,0.017026045810971925,8.0,9.0,288,6.209150326797386,92.97385620915033,False,288,40.915032679738566,211,False,False,306,KIMBERLY CLARK CORP
2018-06-29,KMI,KMI,1506307.0,4922.0,Utilities,38981198474.58953,2017-12-31,0.8628775234277654,6.0,9.0,9,97.38562091503267,49.673202614379086,True,34,78.30065359477123,21,False,False,306,"KINDER MORGAN, INC."
2018-06-29,KMX,KMX,1170010.0,5500.0,Retail,13020132197.078728,2018-02-28,0.25474772066785834,4.0,9.0,140,54.57516339869281,5.065359477124183,False,140,34.77124183006536,244,False,False,306,CARMAX INC
2018-06-29,KO,KO,21344.0,2080.0,Food & beverage mfg,187102663141.0827,2017-12-31,0.09124402460870931,6.0,9.0,250,18.627450980392158,49.673202614379086,False,250,31.04575163398693,256,False,False,306,COCA COLA CO
2018-06-29,KR,KR,56873.0,5411.0,Retail,24637027931.987526,2018-02-03,0.2813245176785762,5.0,9.0,127,58.82352941176471,21.07843137254902,False,127,43.72549019607843,190,False,False,306,KROGER CO
2018-06-29,KSS,KSS,885639.0,5311.0,Retail,12264470193.809135,2018-02-03,0.44241617568926367,8.0,9.0,65,79.08496732026144,92.97385620915033,True,4,84.640522875817,7,True,True,306,KOHLS Corp
2018-06-29,LB,BBWI,701985.0,5990.0,Retail,10284283802.255844,2018-02-03,-0.07321851618241325,5.0,9.0,301,1.9607843137254901,21.07843137254902,False,301,9.607843137254902,299,False,False,306,"Bath & Body Works, Inc."
2018-06-29,LH,LH,920148.0,8071.0,Health services,18294107254.99878,2017-12-31,0.3733442635269198,7.0,9.0,88,71.56862745098039,75.65359477124183,True,22,73.20261437908496,43,False,False,306,LABCORP HOLDINGS INC.
2018-06-29,LKQ,LKQ,1065696.0,5010.0,Wholesale,9875434119.806608,2017-12-31,0.4251123493983891,2.25,8.0,74,76.1437908496732,1.3071895424836601,True,100,46.20915032679738,171,False,False,306,LKQ CORP
2018-06-29,LLY,LLY,59478.0,2834.0,Chemicals & pharma,93487343507.49908,2017-12-31,0.12399753341017901,4.0,9.0,225,26.797385620915033,5.065359477124183,False,225,18.104575163398692,289,False,False,306,ELI LILLY & Co
2018-06-29,LMT,LMT,936468.0,3760.0,Transport equipment,84366162217.47742,2017-12-31,-0.008095662787639625,8.0,9.0,297,3.2679738562091507,92.97385620915033,False,297,39.150326797385624,227,False,False,306,LOCKHEED MARTIN CORP
2018-06-29,LNT,LNT,352541.0,4931.0,Utilities,9791000068.91565,2017-12-31,0.42714737724061497,5.625,8.0,73,76.47058823529412,34.967320261437905,True,67,59.869281045751634,97,False,False,306,ALLIANT ENERGY CORP
2018-06-29,LOW,LOW,60667.0,5211.0,Retail,78918483223.16614,2018-02-02,0.07441856153510068,6.0,9.0,264,14.052287581699346,49.673202614379086,False,264,28.30065359477124,266,False,False,306,LOWES COMPANIES INC
2018-06-29,LRCX,LRCX,707549.0,3559.0,Machinery & computers,28080292227.21382,2017-06-25,0.2427841898807917,7.0,9.0,148,51.9607843137255,75.65359477124183,False,148,61.43790849673203,88,False,False,306,LAM RESEARCH CORP
2018-06-29,LUV,LUV,92380.0,4512.0,Transportation,29914946134.23939,2017-12-31,0.34865514894115957,6.75,8.0,94,69.6078431372549,63.725490196078425,True,33,67.25490196078431,69,False,False,306,SOUTHWEST AIRLINES CO
2018-06-29,LYB,LYB,1489393.0,2860.0,Chemicals (other),43342012028.75482,2017-12-31,0.2064740324944508,8.0,9.0,174,43.4640522875817,92.97385620915033,False,174,63.26797385620915,81,False,False,306,LyondellBasell Industries N.V.
2018-06-29,M,M,794367.0,5311.0,Retail,11428224374.867058,2018-02-03,0.4964025743558253,6.0,9.0,50,83.98692810457517,49.673202614379086,True,45,70.26143790849673,54,False,False,306,"Macy's, Inc."
2018-06-29,MA,MA,1141391.0,7389.0,Business services & software,209686844558.71582,2017-12-31,0.026076981660472592,6.75,8.0,285,7.18954248366013,63.725490196078425,False,285,29.803921568627448,261,False,False,306,Mastercard Inc
2018-06-29,MAR,MAR,1048286.0,7011.0,Services (hotels/personal),45251560241.99398,2017-12-31,0.08245019575120834,5.625,8.0,260,15.359477124183007,34.967320261437905,False,260,23.202614379084967,280,False,False,306,MARRIOTT INTERNATIONAL INC /MD/
2018-06-29,MAS,MAS,62996.0,3430.0,Other manufacturing,11727109356.163025,2017-12-31,-0.005116350344978049,7.0,9.0,296,3.594771241830065,75.65359477124183,False,296,32.41830065359477,251,False,False,306,MASCO CORP /DE/
2018-06-29,MAT,MAT,63276.0,3942.0,Other manufacturing,5647216638.599247,2017-12-31,0.22266810014072755,1.0,9.0,162,47.385620915032675,0.32679738562091504,False,162,28.56209150326797,265,False,False,306,MATTEL INC /DE/
2018-06-29,MCD,MCD,63908.0,5812.0,Retail,124489874756.89209,2017-12-31,-0.026251130916324382,7.875,8.0,300,2.287581699346405,86.43790849673204,False,300,35.94771241830066,237,False,False,306,MCDONALDS CORP
2018-06-29,MCHP,MCHP,827054.0,3674.0,Electronics & semis,21376587420.574905,2018-03-31,0.1534295411831358,6.0,9.0,205,33.33333333333333,49.673202614379086,False,205,39.869281045751634,220,False,False,306,MICROCHIP TECHNOLOGY INC
2018-06-29,MCK,MCK,927653.0,5122.0,Wholesale,26953600299.17865,2018-03-31,0.36373619446670935,5.0,9.0,90,70.91503267973856,21.07843137254902,True,84,50.98039215686274,147,False,False,306,MCKESSON CORP
2018-06-29,MCO,MCO,1059556.0,7320.0,Business services & software,32576959533.691406,2017-12-31,-0.010059256747428792,4.5,8.0,299,2.6143790849673203,9.313725490196079,False,299,5.294117647058824,306,False,False,306,MOODYS CORP /DE/
2018-06-29,MDLZ,MDLZ,1103982.0,2000.0,Food & beverage mfg,60980467106.0,2017-12-31,0.4281862904495673,6.0,9.0,71,77.12418300653596,49.673202614379086,True,48,66.14379084967321,72,False,False,306,"Mondelez International, Inc."
2018-06-29,MDT,MDT,1613103.0,3845.0,Instruments & medical devices,115719816619.18776,2018-04-27,0.4383000378138346,8.0,9.0,69,77.77777777777779,92.97385620915033,True,5,83.8562091503268,8,True,True,306,Medtronic plc
2018-06-29,MGM,MGM,789570.0,7011.0,Services (hotels/personal),16441646765.673649,2017-12-31,0.46301031207491056,7.875,8.0,60,80.71895424836602,86.43790849673204,True,10,83.00653594771242,10,True,True,306,MGM Resorts International
2018-06-29,MHK,MHK,851968.0,2273.0,Other manufacturing,15947145132.0699,2017-12-31,0.4426599207280017,7.0,9.0,64,79.41176470588235,75.65359477124183,True,16,77.90849673202614,25,True,False,306,MOHAWK INDUSTRIES INC
2018-06-29,MKC,MKC,63754.0,2090.0,Food & beverage mfg,14720211535.644531,2017-11-30,0.17465102276381328,5.0,9.0,189,38.56209150326798,21.07843137254902,False,189,31.568627450980394,253,False,False,306,MCCORMICK & CO INC
2018-06-29,MLM,MLM,916076.0,1400.0,Mining (other),14025794551.655731,2017-12-31,0.33364241738786754,6.0,9.0,98,68.30065359477125,49.673202614379086,True,53,60.84967320261438,93,False,False,306,MARTIN MARIETTA MATERIALS INC
2018-06-29,MMM,MMM,66740.0,3841.0,Instruments & medical devices,117146754693.42041,2017-12-31,0.09870525248660124,5.0,9.0,240,21.895424836601308,21.07843137254902,False,240,21.568627450980394,285,False,False,306,3M CO
2018-06-29,MNST,MNST,865752.0,2086.0,Food & beverage mfg,32454877028.268997,2017-12-31,0.1200193116309507,7.875,8.0,227,26.143790849673206,86.43790849673204,False,227,50.26143790849674,149,False,False,306,Monster Beverage Corp
2018-06-29,MO,MO,764180.0,2111.0,Other manufacturing,107926521007.89336,2017-12-31,0.14247656513337795,5.0,9.0,211,31.372549019607842,21.07843137254902,False,211,27.25490196078431,270,False,False,306,"ALTRIA GROUP, INC."
2018-06-29,MOS,MOS,1285785.0,2870.0,Chemicals (other),10805595261.245716,2017-12-31,0.8900481433441412,5.0,9.0,6,98.36601307189542,21.07843137254902,True,76,67.45098039215686,66,False,False,306,MOSAIC CO
2018-06-29,MRK,MRK,310158.0,2834.0,Chemicals & pharma,163658758534.52774,2017-12-31,0.2098023980351531,7.0,9.0,170,44.771241830065364,75.65359477124183,False,170,57.124183006535944,114,False,False,306,"Merck & Co., Inc."
2018-06-29,MSCI,MSCI,1408198.0,7389.0,Business services & software,14879477611.308594,2017-12-31,0.02695067733394254,9.0,9.0,284,7.516339869281046,98.52941176470588,False,284,43.92156862745098,186,False,False,306,MSCI Inc.
2018-06-29,MSFT,MSFT,789019.0,7372.0,Business services & software,759518283470.2666,2017-06-30,0.09531567781255929,7.0,9.0,245,20.26143790849673,75.65359477124183,False,245,42.41830065359477,202,False,False,306,MICROSOFT CORP
2018-06-29,MSI,MSI,68505.0,3663.0,Electronics & semis,18771357127.29435,2017-12-31,-0.09280096202884863,5.0,9.0,303,1.3071895424836601,21.07843137254902,False,303,9.215686274509805,301,False,False,306,"Motorola Solutions, Inc."
2018-06-29,MTD,MTD,1037646.0,3826.0,Instruments & medical devices,14739346640.429077,2017-12-31,0.037130546784132634,7.0,9.0,279,9.15032679738562,75.65359477124183,False,279,35.751633986928105,239,False,False,306,METTLER TOLEDO INTERNATIONAL INC/
2018-06-29,MU,MU,723125.0,3674.0,Electronics & semis,60476702362.80496,2017-08-31,0.30790369303357534,8.0,9.0,117,62.091503267973856,92.97385620915033,False,117,74.44444444444444,39,False,False,306,MICRON TECHNOLOGY INC
2018-06-29,NCLH,NCLH,1513761.0,4400.0,Transportation,10804314134.25,2017-12-31,0.5321731605130833,7.875,8.0,40,87.25490196078431,86.43790849673204,True,8,86.9281045751634,3,True,True,306,Norwegian Cruise Line Holdings Ltd.
2018-06-29,NFLX,NFLX,1065280.0,7841.0,Services (other),169860452843.1886,2017-12-31,0.021087639530237106,4.0,9.0,287,6.535947712418301,5.065359477124183,False,287,5.947712418300654,305,False,False,306,NETFLIX INC
2018-06-29,NI,NI,1111711.0,4931.0,Utilities,8867156765.241629,2017-12-31,0.4872023935490079,6.0,9.0,53,83.00653594771242,49.673202614379086,True,46,69.67320261437908,57,False,False,306,NISOURCE INC.
2018-06-29,NKE,NKE,320187.0,3021.0,Other manufacturing,132093504505.92041,2017-05-31,0.09392589019730278,6.0,9.0,249,18.954248366013072,49.673202614379086,False,249,31.24183006535948,255,False,False,306,"NIKE, Inc."
2018-06-29,NKTR,NKTR,906709.0,2834.0,Chemicals & pharma,7857866363.389408,2017-12-31,0.011177079876186175,4.5,8.0,290,5.555555555555555,9.313725490196079,False,290,7.0588235294117645,304,False,False,306,NEKTAR THERAPEUTICS
2018-06-29,NOC,NOC,1133421.0,3812.0,Instruments & medical devices,53566752029.59259,2017-12-31,0.13157415249120163,6.0,9.0,221,28.104575163398692,49.673202614379086,False,221,36.73202614379085,233,False,False,306,NORTHROP GRUMMAN CORP /DE/
2018-06-29,NOV,NOV,1021860.0,3533.0,Machinery & computers,16498236769.45324,2017-12-31,0.8542731079054021,6.0,9.0,12,96.40522875816994,49.673202614379086,True,37,77.7124183006536,26,False,False,306,NOV Inc.
2018-06-29,NRG,NRG,1013871.0,4911.0,Utilities,9751484294.238499,2017-12-31,0.20181543041224606,2.0,9.0,178,42.15686274509804,0.8169934640522877,False,178,25.620915032679736,272,False,False,306,"NRG ENERGY, INC."
2018-06-29,NSC,NSC,702165.0,4011.0,Transportation,42846662513.83472,2017-12-31,0.38180336670838383,6.75,8.0,85,72.54901960784314,63.725490196078425,True,32,69.01960784313725,58,False,False,306,NORFOLK SOUTHERN CORP
2018-06-29,NTAP,NTAP,1002047.0,3572.0,Machinery & computers,20691131039.30841,2018-04-27,0.09989787392835961,7.0,9.0,239,22.22222222222222,75.65359477124183,False,239,43.59477124183006,193,False,False,306,"NetApp, Inc."
2018-06-29,NUE,NUE,73309.0,3312.0,Other manufacturing,19871046937.5,2017-12-31,0.43978739658190696,7.0,9.0,68,78.10457516339869,75.65359477124183,True,18,77.12418300653594,33,True,False,306,NUCOR CORP
2018-06-29,NVDA,NVDA,1045810.0,3674.0,Electronics & semis,143238321378.10574,2018-01-28,0.052157829888824406,8.0,9.0,273,11.11111111111111,92.97385620915033,False,273,43.8562091503268,187,False,False,306,NVIDIA CORP
2018-06-29,NWL,NWL,814453.0,3089.0,Other manufacturing,12513308444.213867,2017-12-31,1.1303725200301034,5.0,9.0,3,99.34640522875817,21.07843137254902,True,73,68.03921568627452,62,False,False,306,NEWELL BRANDS INC.
2018-06-29,NWS,NWSA,1564708.0,2711.0,Other manufacturing,9011700000.0,2017-06-30,1.1972213899708157,3.375,8.0,1,100.0,2.450980392156863,True,97,60.98039215686275,92,False,False,306,NEWS CORP
2018-06-29,OKE,OKE,1039684.0,4923.0,Utilities,28674588823.303726,2017-12-31,0.1927792943802397,7.0,9.0,183,40.52287581699346,75.65359477124183,False,183,54.57516339869281,127,False,False,306,ONEOK INC /NEW/
2018-06-29,OMC,OMC,29989.0,7311.0,Business services & software,17562512587.426804,2017-12-31,0.14890238438161627,7.0,9.0,208,32.35294117647059,75.65359477124183,False,208,49.67320261437908,151,False,False,306,OMNICOM GROUP INC.
2018-06-29,ORCL,ORCL,1341439.0,7372.0,Business services & software,175409694767.2844,2018-05-31,0.26068114456652225,5.625,8.0,136,55.88235294117647,34.967320261437905,False,136,47.51633986928105,161,False,False,306,ORACLE CORP
2018-06-29,ORLY,ORLY,898173.0,5531.0,Retail,22889849204.592705,2017-12-31,0.028529938933322917,6.0,9.0,283,7.8431372549019605,49.673202614379086,False,283,24.57516339869281,276,False,False,306,O REILLY AUTOMOTIVE INC
2018-06-29,OXY,OXY,797468.0,1311.0,Oil & gas extraction,64027642947.42485,2017-12-31,0.32129872431650075,6.75,8.0,104,66.33986928104575,63.725490196078425,False,104,65.29411764705883,75,False,False,306,OCCIDENTAL PETROLEUM CORP /DE/
2018-06-29,PCG,PCG,1004980.0,4931.0,Utilities,21917083262.402363,2017-12-31,0.876941505851325,5.625,8.0,8,97.7124183006536,34.967320261437905,True,55,72.61437908496731,45,False,False,306,PG&E Corp
2018-06-29,PEG,PEG,788784.0,4931.0,Utilities,27327960928.896072,2017-12-31,0.5066971530012121,5.625,8.0,47,84.9673202614379,34.967320261437905,True,64,64.9673202614379,77,False,False,306,PUBLIC SERVICE ENTERPRISE GROUP INC
2018-06-29,PEP,PEP,77476.0,2080.0,Food & beverage mfg,154585416928.18454,2017-12-30,0.07144917172317201,5.0,9.0,265,13.725490196078432,21.07843137254902,False,265,16.666666666666668,292,False,False,306,PEPSICO INC
2018-06-29,PFE,PFE,78003.0,2834.0,Chemicals & pharma,215969938389.2067,2017-12-31,0.3301755815269691,5.0,9.0,100,67.64705882352942,21.07843137254902,True,86,49.01960784313726,157,False,False,306,PFIZER INC
2018-06-29,PG,PG,80424.0,2840.0,Chemicals (other),199054104568.17932,2017-06-30,0.28021527172726607,7.0,9.0,128,58.496732026143796,75.65359477124183,False,128,65.359477124183,74,False,False,306,PROCTER & GAMBLE Co
2018-06-29,PH,PH,76334.0,3490.0,Other manufacturing,20748301338.160645,2017-06-30,0.2535942058216921,7.0,9.0,141,54.248366013071895,75.65359477124183,False,141,62.810457516339866,82,False,False,306,Parker-Hannifin Corp
2018-06-29,PKG,PKG,75677.0,2650.0,Other manufacturing,10547366687.759842,2017-12-31,0.20693316773872047,7.0,9.0,171,44.44444444444444,75.65359477124183,False,171,56.928104575163395,115,False,False,306,PACKAGING CORP OF AMERICA
2018-06-29,PKI,RVTY,31791.0,3826.0,Instruments & medical devices,8092233701.765755,2017-12-31,0.3093321439114883,4.0,9.0,113,63.39869281045751,5.065359477124183,False,113,40.065359477124176,217,False,False,306,"REVVITY, INC."
2018-06-29,PM,PM,1413329.0,2111.0,Other manufacturing,125407778646.46297,2017-12-31,-0.0963736072071864,5.0,9.0,305,0.6535947712418301,21.07843137254902,False,305,8.823529411764707,302,False,False,306,Philip Morris International Inc.
2018-06-29,PNR,PNR,77360.0,3550.0,Machinery & computers,11388900170.733795,2017-12-31,0.4423429764487444,7.0,9.0,66,78.75816993464052,75.65359477124183,True,17,77.51633986928104,31,True,False,306,PENTAIR plc
2018-06-29,PNW,PNW,764622.0,4931.0,Utilities,9006590728.891296,2017-12-31,0.5558918075337391,5.625,8.0,35,88.88888888888889,34.967320261437905,True,61,67.3202614379085,68,False,False,306,PINNACLE WEST CAPITAL CORP
2018-06-29,PPG,PPG,79879.0,2851.0,Chemicals (other),25920116825.322624,2017-12-31,0.21442804588635647,6.75,8.0,167,45.751633986928105,63.725490196078425,False,167,52.94117647058823,134,False,False,306,PPG INDUSTRIES INC
2018-06-29,PPL,PPL,922224.0,4911.0,Utilities,19815121032.08203,2017-12-31,0.5430701120915289,5.625,8.0,37,88.23529411764706,34.967320261437905,True,62,66.92810457516339,70,False,False,306,PPL Corp
2018-06-29,PRGO,PRGO,1585364.0,2834.0,Chemicals & pharma,10268178145.92804,2017-12-31,0.6009342565260207,9.0,9.0,31,90.19607843137256,98.52941176470588,True,1,93.52941176470588,1,True,True,306,PERRIGO Co plc
2018-06-29,PSX,PSX,1534701.0,2911.0,Petroleum refining,56293964319.36603,2017-12-31,0.4456072743018803,7.875,8.0,61,80.3921568627451,86.43790849673204,True,11,82.81045751633988,11,True,True,306,Phillips 66
2018-06-29,PVH,PVH,78239.0,2320.0,Other manufacturing,11527211341.944122,2018-02-04,0.48028962389668983,7.0,9.0,56,82.02614379084967,75.65359477124183,True,15,79.47712418300654,17,True,True,306,PVH CORP. /DE/
2018-06-29,PWR,PWR,1050915.0,1731.0,Construction,5121633922.381821,2017-12-31,0.7403049607725041,6.0,9.0,17,94.77124183006535,49.673202614379086,True,40,76.73202614379085,34,False,False,306,"QUANTA SERVICES, INC."
2018-06-29,QCOM,QCOM,804328.0,3663.0,Electronics & semis,82730117966.1023,2017-09-24,0.3716421631672013,5.0,9.0,89,71.24183006535948,21.07843137254902,True,83,51.17647058823529,146,False,False,306,QUALCOMM INC/DE
2018-06-29,QRVO,QRVO,1604778.0,3674.0,Electronics & semis,10140748204.098862,2018-03-31,0.4709281705732256,5.0,9.0,57,81.69934640522875,21.07843137254902,True,79,57.45098039215686,112,False,False,306,"Qorvo, Inc."
2018-06-29,RCL,RCL,884887.0,4400.0,Transportation,22144397006.244896,2017-12-31,0.4832962034135256,8.0,9.0,55,82.35294117647058,92.97385620915033,True,3,86.60130718954248,4,True,True,306,ROYAL CARIBBEAN CRUISES LTD
2018-06-29,REGN,REGN,872589.0,2834.0,Chemicals & pharma,36685545581.54297,2017-12-31,0.1674795318593047,6.75,8.0,198,35.62091503267974,63.725490196078425,False,198,46.86274509803921,167,False,False,306,"REGENERON PHARMACEUTICALS, INC."
2018-06-29,RHI,RHI,315213.0,7363.0,Business services & software,8089426585.191925,2017-12-31,0.1366308215248828,6.0,9.0,216,29.73856209150327,49.673202614379086,False,216,37.712418300653596,228,False,False,306,ROBERT HALF INC.
2018-06-29,RL,RL,1037038.0,2320.0,Other manufacturing,10271324099.731445,2018-03-31,0.33660703979639756,8.0,9.0,97,68.62745098039215,92.97385620915033,True,6,78.36601307189542,20,True,True,306,RALPH LAUREN CORP
2018-06-29,RMD,RMD,943819.0,3841.0,Instruments & medical devices,14730020392.092667,2017-06-30,0.13307965283281653,6.0,9.0,219,28.75816993464052,49.673202614379086,False,219,37.124183006535944,232,False,False,306,RESMED INC
2018-06-29,ROK,ROK,1024478.0,3829.0,Instruments & medical devices,21361039011.426315,2017-09-30,0.124694309044387,5.0,9.0,224,27.124183006535947,21.07843137254902,False,224,24.705882352941174,274,False,False,306,"ROCKWELL AUTOMATION, INC"
2018-06-29,ROP,ROP,882835.0,3823.0,Instruments & medical devices,28370847299.70172,2017-12-31,0.2419231236732278,6.0,9.0,149,51.633986928104584,49.673202614379086,False,149,50.84967320261438,148,False,False,306,ROPER TECHNOLOGIES INC
2018-06-29,ROST,ROST,745732.0,5651.0,Retail,32095958361.75,2018-02-03,0.09500598067929883,9.0,9.0,247,19.607843137254903,98.52941176470588,False,247,51.1764705882353,145,False,False,306,"ROSS STORES, INC."
2018-06-29,RSG,RSG,1060391.0,4953.0,Utilities,22641758275.076706,2017-12-31,0.3515098034043046,6.0,9.0,93,69.93464052287581,49.673202614379086,True,51,61.83006535947712,86,False,False,306,"REPUBLIC SERVICES, INC."
2018-06-29,SBUX,SBUX,829224.0,5810.0,Retail,69503777828.97949,2017-10-01,0.078414442642391,5.0,9.0,262,14.705882352941178,21.07843137254902,False,262,17.254901960784316,290,False,False,306,STARBUCKS CORP
2018-06-29,SHW,SHW,89800.0,5200.0,Retail,38309051520.53252,2017-12-31,0.09637899800315068,5.0,9.0,244,20.588235294117645,21.07843137254902,False,244,20.784313725490193,287,False,False,306,SHERWIN WILLIAMS CO
2018-06-29,SJM,SJM,91419.0,2033.0,Food & beverage mfg,12202754111.409828,2018-04-30,0.6466654927203407,6.0,9.0,26,91.83006535947712,49.673202614379086,True,42,74.9673202614379,38,False,False,306,J M SMUCKER Co
2018-06-29,SLB,SLB,87347.0,1389.0,Oil & gas extraction,92765012285.90894,2017-12-31,0.39715404646797337,5.0,9.0,80,74.18300653594771,21.07843137254902,True,81,52.94117647058823,133,False,False,306,SLB LIMITED/NV
2018-06-29,SNA,SNA,91440.0,3420.0,Other manufacturing,9116206903.79956,2017-12-30,0.32402730995155876,6.0,9.0,103,66.66666666666666,49.673202614379086,False,103,59.86928104575163,98,False,False,306,Snap-on Inc
2018-06-29,SNPS,SNPS,883241.0,7372.0,Business services & software,12725428011.956192,2017-10-31,0.25740745198687126,6.0,9.0,139,54.90196078431373,49.673202614379086,False,139,52.81045751633987,135,False,False,306,SYNOPSYS INC
2018-06-29,SO,SO,92122.0,4911.0,Utilities,46687866995.91636,2017-12-31,0.5176291305429269,4.5,8.0,44,85.94771241830065,9.313725490196079,True,91,55.294117647058826,122,False,False,306,SOUTHERN CO
2018-06-29,SPGI,SPGI,64040.0,7320.0,Business services & software,51767671860.07385,2017-12-31,0.013734440326422391,7.0,9.0,289,5.88235294117647,75.65359477124183,False,289,33.790849673202615,246,False,False,306,S&P Global Inc.
2018-06-29,SRE,SRE,1032208.0,4931.0,Utilities,29645694411.15753,2017-12-31,0.4273807799634973,3.375,8.0,72,76.79738562091504,2.450980392156863,True,99,47.05882352941177,165,False,False,306,SEMPRA
2018-06-29,STX,STX,1137789.0,3572.0,Machinery & computers,16478695769.587372,2017-06-30,0.08277354100543327,8.0,9.0,257,16.33986928104575,92.97385620915033,False,257,46.993464052287585,166,False,False,306,Seagate Technology Holdings plc
2018-06-29,SWK,SWK,93556.0,3420.0,Other manufacturing,20467545680.981262,2017-12-30,0.40537835504673064,7.0,9.0,77,75.16339869281046,75.65359477124183,True,19,75.359477124183,37,True,False,306,"STANLEY BLACK & DECKER, INC."
2018-06-29,SWKS,SWKS,4127.0,3674.0,Electronics & semis,17705274153.02513,2017-09-29,0.22963214039277288,5.625,8.0,156,49.34640522875817,34.967320261437905,False,156,43.59477124183007,191,False,False,306,"SKYWORKS SOLUTIONS, INC."
2018-06-29,SYK,SYK,310764.0,3841.0,Instruments & medical devices,63262058480.26337,2017-12-31,0.15753518363790223,4.0,9.0,202,34.31372549019608,5.065359477124183,False,202,22.614379084967318,283,False,False,306,STRYKER CORP
2018-06-29,SYMC,GEN,849399.0,7372.0,Business services & software,12560161983.624739,2017-03-31,0.2776238080803546,2.0,9.0,130,57.84313725490197,0.8169934640522877,False,130,35.032679738562095,242,False,False,306,Gen Digital Inc.
2018-06-29,SYY,SYY,96021.0,5140.0,Wholesale,36049046283.43019,2017-07-01,0.0660632179080603,7.0,9.0,269,12.418300653594772,75.65359477124183,False,269,37.712418300653596,229,False,False,306,SYSCO CORP
2018-06-29,T,T,732717.0,4813.0,Communications,197219620562.3169,2017-12-31,0.720044991442061,6.75,8.0,19,94.11764705882352,63.725490196078425,True,24,81.96078431372548,13,False,True,306,AT&T INC.
2018-06-29,TAP,TAP,24545.0,2082.0,Food & beverage mfg,14655816197.20459,2017-12-31,0.9024471801524578,5.0,9.0,5,98.69281045751634,21.07843137254902,True,75,67.64705882352942,65,False,False,306,MOLSON COORS BEVERAGE CO
2018-06-29,TDG,TDG,1260221.0,3728.0,Transport equipment,17933372309.408447,2017-09-30,-0.16456492114713414,5.0,9.0,306,0.32679738562091504,21.07843137254902,False,306,8.627450980392156,303,False,False,306,TransDigm Group INC
2018-06-29,TEL,TEL,1385157.0,5065.0,Wholesale,31668445733.750732,2017-09-29,0.30790901713271784,6.0,9.0,116,62.41830065359477,49.673202614379086,False,116,57.32026143790849,113,False,False,306,TE Connectivity plc
2018-06-29,TGT,TGT,27419.0,5331.0,Retail,41013153761.04744,2018-02-03,0.2854937727593315,7.0,9.0,126,59.150326797385624,75.65359477124183,False,126,65.75163398692811,73,False,False,306,TARGET CORP
2018-06-29,TJX,TJX,109198.0,5651.0,Retail,59684749129.4073,2018-02-03,0.08625836708867683,7.875,8.0,254,17.320261437908496,86.43790849673204,False,254,44.96732026143791,179,False,False,306,TJX COMPANIES INC /DE/
2018-06-29,TMO,TMO,97745.0,3829.0,Instruments & medical devices,83225551186.01047,2017-12-31,0.30535093655554807,5.0,9.0,118,61.76470588235294,21.07843137254902,False,118,45.49019607843137,174,False,False,306,THERMO FISHER SCIENTIFIC INC.
2018-06-29,TPR,TPR,1116132.0,3100.0,Other manufacturing,13199531265.125977,2017-07-01,0.22742474256879225,6.0,9.0,158,48.69281045751634,49.673202614379086,False,158,49.084967320261434,156,False,False,306,"TAPESTRY, INC."
2018-06-29,TRIP,TRIP,1526520.0,7370.0,Business services & software,7027413768.342842,2017-12-31,0.19395471007272333,4.5,8.0,182,40.849673202614376,9.313725490196079,False,182,28.235294117647058,267,False,False,306,"TripAdvisor, Inc."
2018-06-29,TSCO,TSCO,916365.0,5200.0,Retail,9570192655.90458,2017-12-30,0.1482387085619131,5.0,9.0,209,32.02614379084967,21.07843137254902,False,209,27.647058823529413,269,False,False,306,TRACTOR SUPPLY CO /DE/
2018-06-29,TTWO,TTWO,946581.0,7372.0,Business services & software,13537972366.451782,2018-03-31,0.10998471260657845,7.0,9.0,237,22.875816993464053,75.65359477124183,False,237,43.98692810457516,185,False,False,306,TAKE TWO INTERACTIVE SOFTWARE INC
2018-06-29,TXN,TXN,97476.0,3674.0,Electronics & semis,108462572095.5,2017-12-31,0.09530476550840408,8.0,9.0,246,19.934640522875817,92.97385620915033,False,246,49.150326797385624,154,False,False,306,TEXAS INSTRUMENTS INC
2018-06-29,UAL,UAL,100517.0,4512.0,Transportation,19852170098.03083,2017-12-31,0.4435787098597086,5.625,8.0,63,79.73856209150327,34.967320261437905,True,66,61.830065359477125,85,False,False,306,"United Airlines Holdings, Inc."
2018-06-29,UHS,UHS,352915.0,8062.0,Health services,10659459113.52539,2017-12-31,0.4680832251299685,6.75,8.0,58,81.37254901960785,63.725490196078425,True,30,74.31372549019608,40,False,False,306,UNIVERSAL HEALTH SERVICES INC
2018-06-29,ULTA,ULTA,1403568.0,5990.0,Retail,14150322442.576447,2018-02-03,0.12538350325230865,6.75,8.0,223,27.450980392156865,63.725490196078425,False,223,41.96078431372549,204,False,False,306,"Ulta Beauty, Inc."
2018-06-29,UNP,UNP,100885.0,4011.0,Transportation,110411965795.87769,2017-12-31,0.22512052766049037,6.75,8.0,160,48.03921568627451,63.725490196078425,False,160,54.31372549019608,129,False,False,306,UNION PACIFIC CORP
2018-06-29,UPS,UPS,1090727.0,4210.0,Transportation,92526332923.88916,2017-12-31,0.010807734062286741,6.75,8.0,291,5.228758169934641,63.725490196078425,False,291,28.627450980392155,264,False,False,306,UNITED PARCEL SERVICE INC
2018-06-29,URI,URI,1067701.0,7359.0,Business services & software,12463211495.055542,2017-12-31,0.24921345523440933,5.0,9.0,146,52.614379084967325,21.07843137254902,False,146,40.0,218,False,False,306,"UNITED RENTALS, INC."
2018-06-29,UTX,RTX,101829.0,3724.0,Transport equipment,99996280577.7558,2017-12-31,0.29611101361890807,7.0,9.0,122,60.45751633986928,75.65359477124183,False,122,66.5359477124183,71,False,False,306,RTX Corp
2018-06-29,VFC,VFC,103379.0,2320.0,Other manufacturing,32338202712.802273,2017-12-30,0.11503112999311307,5.0,9.0,232,24.509803921568626,21.07843137254902,False,232,23.13725490196078,281,False,False,306,V F CORP
2018-06-29,VMC,VMC,1396009.0,1400.0,Mining (other),17098174994.056702,2017-12-31,0.2906095534597803,5.0,9.0,123,60.130718954248366,21.07843137254902,False,123,44.509803921568626,181,False,False,306,Vulcan Materials CO
2018-06-29,VRSK,VRSK,1442145.0,7374.0,Business services & software,17762814269.359436,2017-12-31,0.10839498577211852,7.0,9.0,238,22.54901960784314,75.65359477124183,False,238,43.790849673202615,189,False,False,306,"Verisk Analytics, Inc."
2018-06-29,VRSN,VRSN,1014473.0,7371.0,Business services & software,13346303192.186996,2017-12-31,-0.09442847070473942,9.0,8.0,304,0.9803921568627451,98.52941176470588,False,304,40.0,219,False,False,306,VERISIGN INC/CA
2018-06-29,VRTX,VRTX,875320.0,2834.0,Chemicals & pharma,43151483305.23706,2017-12-31,0.04701064354267058,7.875,8.0,274,10.784313725490197,86.43790849673204,False,274,41.04575163398693,209,False,False,306,VERTEX PHARMACEUTICALS INC / MA
2018-06-29,VZ,VZ,732712.0,4813.0,Communications,205238953959.75168,2017-12-31,0.2177315716039136,6.0,9.0,166,46.07843137254902,49.673202614379086,False,166,47.51633986928104,162,False,False,306,VERIZON COMMUNICATIONS INC
2018-06-29,WAT,WAT,1000697.0,3826.0,Instruments & medical devices,15251883710.062683,2017-12-31,0.14645981063481497,7.0,9.0,210,31.699346405228756,75.65359477124183,False,210,49.28104575163398,153,False,False,306,WATERS CORP /DE/
2018-06-29,WDC,WDC,106040.0,3572.0,Machinery & computers,22826274788.540375,2017-06-30,0.5002130266885358,6.0,9.0,49,84.31372549019608,49.673202614379086,True,44,70.45751633986927,52,False,False,306,WESTERN DIGITAL CORP
2018-06-29,WEC,WEC,783325.0,4931.0,Utilities,20399952083.23269,2017-12-31,0.4652854066163021,6.0,9.0,59,81.04575163398692,49.673202614379086,True,47,68.49673202614379,60,False,False,306,"WEC ENERGY GROUP, INC."
2018-06-29,WHR,WHR,106640.0,3630.0,Electronics & semis,10336725532.807709,2017-12-31,0.4061247429542342,5.0,9.0,76,75.49019607843137,21.07843137254902,True,80,53.725490196078425,131,False,False,306,WHIRLPOOL CORP /DE/
2018-06-29,WM,WM,823768.0,4953.0,Utilities,35275031648.358826,2017-12-31,0.17063060523944376,8.0,9.0,193,37.254901960784316,92.97385620915033,False,193,59.54248366013073,99,False,False,306,WASTE MANAGEMENT INC
2018-06-29,WMB,WMB,107263.0,4922.0,Utilities,22428844583.920532,2017-12-31,0.430517049769139,7.875,8.0,70,77.45098039215686,86.43790849673204,True,12,81.04575163398692,15,True,True,306,"WILLIAMS COMPANIES, INC."
2018-06-29,WMT,WMT,104169.0,5331.0,Retail,252727175708.09094,2018-01-31,0.3081148664833002,6.0,9.0,115,62.745098039215684,49.673202614379086,False,115,57.51633986928104,111,False,False,306,Walmart Inc.
2018-06-29,WYNN,WYNN,1174922.0,7011.0,Services (hotels/personal),17239008482.477325,2017-12-31,0.054982628552184006,6.75,8.0,271,11.76470588235294,63.725490196078425,False,271,32.549019607843135,250,False,False,306,WYNN RESORTS LTD
2018-06-29,XEL,XEL,72903.0,4931.0,Utilities,23208408578.48913,2017-12-31,0.49357111071446513,4.5,8.0,51,83.66013071895425,9.313725490196079,True,92,53.92156862745098,130,False,False,306,XCEL ENERGY INC
2018-06-29,XOM,XOM,34088.0,2911.0,Petroleum refining,350565258638.9491,2017-12-31,0.5353867657299775,6.75,8.0,39,87.58169934640523,63.725490196078425,True,28,78.0392156862745,23,False,False,306,EXXON MOBIL CORP
2018-06-29,XRAY,XRAY,818479.0,3843.0,Instruments & medical devices,9952208187.31406,2017-12-31,0.664807234281303,5.625,8.0,23,92.81045751633987,34.967320261437905,True,58,69.67320261437908,56,False,False,306,DENTSPLY SIRONA Inc.
2018-06-29,XRX,XRX,108772.0,3577.0,Machinery & computers,6112163352.0,2017-12-31,0.8599246612543742,6.0,9.0,11,96.73202614379085,49.673202614379086,True,36,77.90849673202614,24,False,False,306,XEROX CORP
2018-06-29,XYL,XYL,1524472.0,3561.0,Machinery & computers,12121192878.008995,2017-12-31,0.2064978278285708,6.0,9.0,173,43.790849673202615,49.673202614379086,False,173,46.1437908496732,172,False,False,306,Xylem Inc.
2018-06-29,ZBH,ZBH,1136869.0,3842.0,Instruments & medical devices,22638693523.485447,2017-12-31,0.5183956392105952,6.0,9.0,43,86.27450980392157,49.673202614379086,True,43,71.63398692810458,47,False,False,306,"ZIMMER BIOMET HOLDINGS, INC."
2018-06-29,ZTS,ZTS,1555280.0,2834.0,Chemicals & pharma,41338764995.17145,2017-12-31,0.04281695401898784,8.0,9.0,276,10.130718954248366,92.97385620915033,False,276,43.26797385620915,196,False,False,306,Zoetis Inc.
2019-06-28,A,A,1090872.0,3826.0,Instruments & medical devices,23784862558.92856,2018-10-31,0.19201288166727715,7.0,9.0,170,44.771241830065364,75.32679738562092,False,170,56.993464052287585,106,False,False,306,"AGILENT TECHNOLOGIES, INC."
2019-06-28,AAL,AAL,6201.0,4512.0,Transportation,14643701694.361755,2018-12-31,-0.011540797779639955,6.75,8.0,294,4.248366013071895,62.41830065359477,False,294,27.516339869281047,270,False,False,306,American Airlines Group Inc.
2019-06-28,AAP,AAP,1158449.0,5531.0,Retail,11047234411.016022,2018-12-29,0.32142098808541797,8.0,9.0,107,65.359477124183,93.95424836601308,False,107,76.79738562091504,32,False,False,306,ADVANCE AUTO PARTS INC
2019-06-28,AAPL,AAPL,320193.0,3571.0,Machinery & computers,939209163470.9167,2018-09-29,0.11408214928826968,6.0,9.0,222,27.77777777777778,46.568627450980394,False,222,35.294117647058826,230,False,False,306,Apple Inc.
2019-06-28,ABBV,ABBV,1551152.0,2834.0,Chemicals & pharma,107268074938.71906,2018-12-31,-0.0787373130805703,7.0,9.0,302,1.6339869281045754,75.32679738562092,False,302,31.111111111111114,253,False,False,306,AbbVie Inc.
2019-06-28,ABC,COR,1140859.0,5122.0,Wholesale,18069450065.918785,2018-09-30,0.1623084260617133,6.0,9.0,187,39.21568627450981,46.568627450980394,False,187,42.15686274509804,191,False,False,306,"Cencora, Inc."
2019-06-28,ABT,ABT,1800.0,2834.0,Chemicals & pharma,147719146942.73907,2018-12-31,0.20663536604250857,6.0,9.0,162,47.385620915032675,46.568627450980394,False,162,47.05882352941176,173,False,False,306,ABBOTT LABORATORIES
2019-06-28,ACN,ACN,1467373.0,7389.0,Business services & software,116119031054.37552,2018-08-31,0.08925972690166917,7.0,9.0,238,22.54901960784314,75.32679738562092,False,238,43.66013071895425,187,False,False,306,Accenture plc
2019-06-28,ADBE,ADBE,796343.0,7372.0,Business services & software,143708437877.90726,2018-11-30,0.06514658525447145,7.0,9.0,259,15.686274509803921,75.32679738562092,False,259,39.54248366013072,207,False,False,306,ADOBE INC.
2019-06-28,ADI,ADI,6281.0,3674.0,Electronics & semis,41779909763.78358,2018-11-03,0.2630101420067041,5.625,8.0,133,56.86274509803921,30.555555555555557,False,133,46.33986928104575,176,False,False,306,ANALOG DEVICES INC
2019-06-28,ADP,ADP,8670.0,7374.0,Business services & software,72428222851.63348,2018-06-30,0.04776591035633805,6.0,9.0,267,13.071895424836603,46.568627450980394,False,267,26.47058823529412,273,False,False,306,AUTOMATIC DATA PROCESSING INC
2019-06-28,ADSK,ADSK,769397.0,7372.0,Business services & software,35762285346.46338,2019-01-31,-0.005897274124313099,5.0,9.0,289,5.88235294117647,19.28104575163399,False,289,11.241830065359478,301,False,False,306,"Autodesk, Inc."
2019-06-28,AEE,AEE,1002910.0,4931.0,Utilities,18374826351.005722,2018-12-31,0.4152964416767034,5.625,8.0,79,74.50980392156863,30.555555555555557,True,64,56.9281045751634,108,False,False,306,AMEREN CORP
2019-06-28,AEP,AEP,4904.0,4911.0,Utilities,43410570600.44687,2018-12-31,0.4383356343121673,4.5,8.0,71,77.12418300653596,10.457516339869281,True,88,50.45751633986929,149,False,False,306,AMERICAN ELECTRIC POWER CO INC
2019-06-28,AES,AES,874761.0,4991.0,Utilities,11101124321.04177,2018-12-31,0.288979738198171,7.875,8.0,118,61.76470588235294,86.60130718954248,False,118,71.69934640522875,46,False,False,306,AES CORP
2019-06-28,AKAM,AKAM,1086222.0,7389.0,Business services & software,13079849409.962997,2018-12-31,0.24402880338734953,6.75,8.0,142,53.92156862745098,62.41830065359477,False,142,57.3202614379085,103,False,False,306,AKAMAI TECHNOLOGIES INC
2019-06-28,ALB,ALB,915913.0,2821.0,Chemicals & pharma,7446129951.522217,2018-12-31,0.4815012662070249,5.0,9.0,58,81.37254901960785,19.28104575163399,True,75,56.5359477124183,109,False,False,306,ALBEMARLE CORP
2019-06-28,ALGN,ALGN,1097149.0,3842.0,Instruments & medical devices,21893085250.33246,2018-12-31,0.05722770389253265,6.75,8.0,265,13.725490196078432,62.41830065359477,False,265,33.20261437908497,241,False,False,306,ALIGN TECHNOLOGY INC
2019-06-28,ALK,ALK,766421.0,4512.0,Transportation,7868836287.312813,2018-12-31,0.4766905630058491,5.625,8.0,61,80.3921568627451,30.555555555555557,True,62,60.45751633986928,93,False,False,306,"ALASKA AIR GROUP, INC."
2019-06-28,ALLE,ALLE,1579241.0,7381.0,Business services & software,10442369222.513962,2018-12-31,0.06234217409172151,7.0,9.0,261,15.032679738562091,75.32679738562092,False,261,39.150326797385624,209,False,False,306,Allegion plc
2019-06-28,AMAT,AMAT,6951.0,3674.0,Electronics & semis,43050999490.35832,2018-10-28,0.15885810041487325,6.0,9.0,190,38.23529411764706,46.568627450980394,False,190,41.568627450980394,195,False,False,306,APPLIED MATERIALS INC /DE
2019-06-28,AMD,AMD,2488.0,3674.0,Electronics & semis,30530927890.020397,2018-12-29,0.04146614883636785,7.0,9.0,271,11.76470588235294,75.32679738562092,False,271,37.189542483660134,219,False,False,306,ADVANCED MICRO DEVICES INC
2019-06-28,AME,AME,1037868.0,3823.0,Instruments & medical devices,20632654605.418396,2018-12-31,0.2055926433666959,7.0,9.0,164,46.73202614379085,75.32679738562092,False,164,58.169934640522875,101,False,False,306,AMETEK INC/
2019-06-28,AMGN,AMGN,318154.0,2836.0,Chemicals & pharma,114673395345.90326,2018-12-31,0.10900523144269632,8.0,9.0,227,26.143790849673206,93.95424836601308,False,227,53.26797385620915,129,False,False,306,AMGEN INC
2019-06-28,AMZN,AMZN,1018724.0,5961.0,Retail,930156560969.7968,2018-12-31,0.046818999969849256,7.0,9.0,268,12.745098039215685,75.32679738562092,False,268,37.77777777777778,216,False,False,306,AMAZON COM INC
2019-06-28,ANET,ANET,1596532.0,3576.0,Machinery & computers,19661248878.480347,2018-12-31,0.10901591314201738,4.5,8.0,226,26.47058823529412,10.457516339869281,False,226,20.065359477124183,290,False,False,306,"Arista Networks, Inc."
2019-06-28,AOS,AOS,91142.0,3630.0,Electronics & semis,8044993484.170132,2018-12-31,0.2134246601166905,6.0,9.0,159,48.36601307189542,46.568627450980394,False,159,47.647058823529406,169,False,False,306,SMITH A O CORP
2019-06-28,APA,APA,6769.0,1311.0,Oil & gas extraction,10875499597.61944,2018-12-31,0.6556020655419545,5.0,9.0,30,90.52287581699346,19.28104575163399,True,71,62.02614379084967,85,False,False,306,APACHE CORP
2019-06-28,APH,APH,820313.0,3678.0,Electronics & semis,28598487655.151978,2018-12-31,0.1404619729699708,5.0,9.0,206,33.006535947712415,19.28104575163399,False,206,27.516339869281044,271,False,False,306,AMPHENOL CORP /DE/
2019-06-28,APTV,APTV,1521332.0,3714.0,Transport equipment,21018594203.427505,2018-12-31,0.16456857040590947,6.0,9.0,185,39.869281045751634,46.568627450980394,False,185,42.549019607843135,190,False,False,306,Aptiv PLC
2019-06-28,ARNC,HWM,4281.0,3350.0,Other manufacturing,9602126135.922638,2018-12-31,0.5803922924060305,5.625,8.0,40,87.25490196078431,30.555555555555557,True,59,64.57516339869281,75,False,False,306,Howmet Aerospace Inc.
2019-06-28,ATO,ATO,731802.0,4924.0,Utilities,11754385356.582947,2018-09-30,0.40580182249415775,6.75,8.0,82,73.52941176470588,62.41830065359477,True,37,69.08496732026144,56,False,False,306,ATMOS ENERGY CORP
2019-06-28,AVY,AVY,8818.0,2670.0,Other manufacturing,9714893995.388893,2018-12-29,0.09831296156739658,5.0,9.0,232,24.509803921568626,19.28104575163399,False,232,22.41830065359477,281,False,False,306,Avery Dennison Corp
2019-06-28,AZO,AZO,866787.0,5531.0,Retail,28101741094.10083,2018-08-25,-0.05410180795947749,6.0,9.0,299,2.6143790849673203,46.568627450980394,False,299,20.196078431372552,289,False,False,306,AUTOZONE INC
2019-06-28,BA,BA,12927.0,3721.0,Transport equipment,205660235044.5227,2018-12-31,0.001648349764487097,8.0,9.0,286,6.862745098039216,93.95424836601308,False,286,41.69934640522876,194,False,False,306,BOEING CO
2019-06-28,BAX,BAX,10456.0,3841.0,Instruments & medical devices,41976879525.87123,2018-12-31,0.1856736395852482,7.0,9.0,174,43.4640522875817,75.32679738562092,False,174,56.209150326797385,110,False,False,306,BAXTER INTERNATIONAL INC
2019-06-28,BDX,BDX,10795.0,3841.0,Instruments & medical devices,67603683772.12745,2018-09-30,0.3105452074292982,4.0,9.0,111,64.05228758169935,4.901960784313726,False,111,40.3921568627451,202,False,False,306,BECTON DICKINSON & CO
2019-06-28,BF.B,BF-B,14693.0,2080.0,Food & beverage mfg,26449644105.621338,2019-04-30,0.06226926885757088,6.0,9.0,262,14.705882352941178,46.568627450980394,False,262,27.450980392156865,272,False,False,306,BROWN FORMAN CORP
2019-06-28,BIIB,BIIB,875045.0,2836.0,Chemicals & pharma,46004282353.58789,2018-12-31,0.2834431781758473,6.0,9.0,124,59.80392156862745,46.568627450980394,False,124,54.50980392156863,123,False,False,306,BIOGEN INC.
2019-06-28,BKNG,BKNG,1075531.0,4700.0,Transportation,84385809421.15784,2018-12-31,0.1041051814311016,6.75,8.0,230,25.163398692810457,62.41830065359477,False,230,40.06535947712418,204,False,False,306,Booking Holdings Inc.
2019-06-28,BLL,BALL,9389.0,3411.0,Other manufacturing,23400324654.52671,2018-12-31,0.1477757275188514,7.0,9.0,199,35.294117647058826,75.32679738562092,False,199,51.30718954248366,141,False,False,306,BALL Corp
2019-06-28,BMY,BMY,14272.0,2834.0,Chemicals & pharma,74041848530.68433,2018-12-31,0.1895009414059306,8.0,9.0,173,43.790849673202615,93.95424836601308,False,173,63.8562091503268,78,False,False,306,BRISTOL MYERS SQUIBB CO
2019-06-28,BR,BR,1383312.0,7389.0,Business services & software,14852396464.299622,2018-06-30,0.0736783456212164,7.0,9.0,252,17.973856209150327,75.32679738562092,False,252,40.915032679738566,199,False,False,306,"BROADRIDGE FINANCIAL SOLUTIONS, INC."
2019-06-28,BSX,BSX,885725.0,3841.0,Instruments & medical devices,59568642945.03698,2018-12-31,0.14648646617737018,6.0,9.0,200,34.967320261437905,46.568627450980394,False,200,39.6078431372549,206,False,False,306,BOSTON SCIENTIFIC CORP
2019-06-28,BWA,BWA,908255.0,3714.0,Transport equipment,8719275861.914528,2018-12-31,0.4846159322079516,7.0,9.0,56,82.02614379084967,75.32679738562092,True,25,79.34640522875817,26,False,False,306,BORGWARNER INC
2019-06-28,CAG,CAG,23217.0,2000.0,Food & beverage mfg,10366354500.374405,2018-05-27,0.3546280420824144,6.0,9.0,97,68.62745098039215,46.568627450980394,True,55,59.803921568627445,95,False,False,306,CONAGRA BRANDS INC.
2019-06-28,CAH,CAH,721371.0,5122.0,Wholesale,14545836479.764633,2018-06-30,0.41654531235992837,6.0,9.0,78,74.83660130718954,46.568627450980394,True,52,63.529411764705884,79,False,False,306,CARDINAL HEALTH INC
2019-06-28,CAT,CAT,18230.0,3531.0,Machinery & computers,78440715897.9025,2018-12-31,0.17949861674294712,8.0,9.0,178,42.15686274509804,93.95424836601308,False,178,62.875816993464056,81,False,False,306,CATERPILLAR INC
2019-06-28,CCL,CCL,815097.0,4400.0,Transportation,24518813968.894558,2018-11-30,0.9969079267459373,8.0,9.0,7,98.0392156862745,93.95424836601308,True,5,96.40522875816993,2,True,True,306,Carnival Corp Ltd.
2019-06-28,CE,CE,1306830.0,2820.0,Chemicals & pharma,13809193003.530533,2018-12-31,0.21608793498918397,8.0,9.0,157,49.01960784313725,93.95424836601308,False,157,66.99346405228758,64,False,False,306,Celanese Corp
2019-06-28,CF,CF,1324404.0,2870.0,Chemicals (other),10411217713.4076,2018-12-31,0.2841166212661827,7.0,9.0,123,60.130718954248366,75.32679738562092,False,123,66.20915032679738,68,False,False,306,"CF Industries Holdings, Inc."
2019-06-28,CHD,CHD,313927.0,2840.0,Chemicals (other),17965531281.6156,2018-12-31,0.13658377041768927,4.0,9.0,210,31.699346405228756,4.901960784313726,False,210,20.98039215686274,284,False,False,306,CHURCH & DWIGHT CO INC /DE/
2019-06-28,CHRW,CHRW,1043277.0,4731.0,Transportation,11543610229.67781,2018-12-31,0.13817921501707875,6.75,8.0,208,32.35294117647059,62.41830065359477,False,208,44.37908496732026,183,False,False,306,"C. H. ROBINSON WORLDWIDE, INC."
2019-06-28,CHTR,CHTR,1091667.0,4841.0,Communications,91822705172.86896,2018-12-31,0.39516370086993696,5.625,8.0,86,72.22222222222221,30.555555555555557,True,66,55.55555555555555,116,False,False,306,"CHARTER COMMUNICATIONS, INC. /MO/"
2019-06-28,CL,CL,21665.0,2844.0,Chemicals (other),61756352747.20322,2018-12-31,-0.0016516519428783675,6.0,9.0,287,6.535947712418301,46.568627450980394,False,287,22.54901960784314,280,False,False,306,COLGATE PALMOLIVE CO
2019-06-28,CLX,CLX,21076.0,2842.0,Chemicals (other),19611231461.627426,2018-06-30,0.03701960284444847,7.0,9.0,273,11.11111111111111,75.32679738562092,False,273,36.79738562091504,222,False,False,306,CLOROX CO /DE/
2019-06-28,CMCSA,CMCSA,1166691.0,4841.0,Communications,193811525403.3508,2018-12-31,0.36949814956031446,6.75,8.0,91,70.58823529411765,62.41830065359477,True,39,67.3202614379085,62,False,False,306,COMCAST CORP
2019-06-28,CMI,CMI,26172.0,3510.0,Machinery & computers,26958442094.967834,2018-12-31,0.27256767932341336,6.0,9.0,128,58.496732026143796,46.568627450980394,False,128,53.72549019607844,127,False,False,306,CUMMINS INC
2019-06-28,CMS,CMS,811156.0,4931.0,Utilities,16411700037.306576,2018-12-31,0.28973232445091485,5.625,8.0,116,62.41830065359477,30.555555555555557,False,116,49.67320261437908,155,False,False,306,CMS ENERGY CORP
2019-06-28,CNP,CNP,1130310.0,4911.0,Utilities,14349536062.89093,2018-12-31,0.5615512560603715,6.0,9.0,44,85.94771241830065,46.568627450980394,True,49,70.19607843137256,51,False,False,306,CENTERPOINT ENERGY INC
2019-06-28,COO,COO,711404.0,3851.0,Instruments & medical devices,16585789751.462769,2018-10-31,0.19942372654930643,5.0,9.0,166,46.07843137254902,19.28104575163399,False,166,35.359477124183,229,False,False,306,"COOPER COMPANIES, INC."
2019-06-28,COP,COP,1163165.0,2911.0,Petroleum refining,69198649734.0,2018-12-31,0.46155524887803007,9.0,9.0,64,79.41176470588235,99.34640522875817,True,4,87.38562091503267,13,True,True,306,CONOCOPHILLIPS
2019-06-28,COST,COST,909832.0,5331.0,Retail,115800949721.13867,2018-09-02,0.11052586382772671,7.0,9.0,225,26.797385620915033,75.32679738562092,False,225,46.209150326797385,178,False,False,306,COSTCO WHOLESALE CORP /NEW
2019-06-28,COTY,COTY,1024305.0,2844.0,Chemicals (other),10060612808.395573,2018-06-30,0.8796382654359716,5.0,9.0,12,96.40522875816994,19.28104575163399,True,68,65.55555555555556,71,False,False,306,COTY INC.
2019-06-28,CPB,CPB,16732.0,2000.0,Food & beverage mfg,12047290997.27703,2018-07-29,0.11322047423842388,4.0,9.0,223,27.450980392156865,4.901960784313726,False,223,18.43137254901961,295,False,False,306,CAMPBELL'S Co
2019-06-28,CPRI,CPRI,1530721.0,3100.0,Other manufacturing,5234573270.743004,2019-03-30,0.4640301843850633,4.0,9.0,63,79.73856209150327,4.901960784313726,True,95,49.80392156862745,153,False,False,306,Capri Holdings Ltd
2019-06-28,CPRT,CPRT,900075.0,5500.0,Retail,17482895540.901108,2018-07-31,0.09043690710735132,6.0,9.0,237,22.875816993464053,46.568627450980394,False,237,32.35294117647059,247,False,False,306,COPART INC
2019-06-28,CRM,CRM,1108524.0,7372.0,Business services & software,116983826705.93262,2019-01-31,0.13339450793678492,7.0,9.0,211,31.372549019607842,75.32679738562092,False,211,48.954248366013076,162,False,False,306,"Salesforce, Inc."
2019-06-28,CSCO,CSCO,858877.0,3576.0,Machinery & computers,250189115170.6893,2018-07-28,0.17268537030687547,5.0,9.0,180,41.50326797385621,19.28104575163399,False,180,32.614379084967325,246,False,False,306,"CISCO SYSTEMS, INC."
2019-06-28,CSX,CSX,277948.0,4011.0,Transportation,63105323657.61571,2018-12-31,0.19934926676319825,6.75,8.0,167,45.751633986928105,62.41830065359477,False,167,52.41830065359477,134,False,False,306,CSX CORP
2019-06-28,CTAS,CTAS,723254.0,2320.0,Other manufacturing,25219016044.484848,2018-05-31,0.11961315202302211,7.0,9.0,219,28.75816993464052,75.32679738562092,False,219,47.38562091503268,170,False,False,306,CINTAS CORP
2019-06-28,CTL,LUMN,18926.0,4813.0,Communications,12698250984.902767,2018-12-31,1.561474885287269,4.0,9.0,2,99.67320261437908,4.901960784313726,True,89,61.764705882352935,86,False,False,306,"Lumen Technologies, Inc."
2019-06-28,CTSH,CTSH,1058290.0,7371.0,Business services & software,36455542691.23726,2018-12-31,0.3133679862279478,7.875,8.0,110,64.37908496732027,86.60130718954248,False,110,73.26797385620915,40,False,False,306,COGNIZANT TECHNOLOGY SOLUTIONS CORP
2019-06-28,CVS,CVS,64803.0,5912.0,Retail,70678009347.95935,2018-12-31,0.8238064503677353,5.0,9.0,15,95.42483660130719,19.28104575163399,True,69,64.96732026143792,73,False,False,306,CVS HEALTH Corp
2019-06-28,CVX,CVX,93410.0,2911.0,Petroleum refining,236443814493.2251,2018-12-31,0.6536605761130134,8.0,9.0,31,90.19607843137256,93.95424836601308,True,8,91.69934640522877,7,True,True,306,CHEVRON CORP
2019-06-28,D,D,715957.0,4911.0,Utilities,61802958158.748726,2018-12-31,0.32534041410044845,5.625,8.0,105,66.01307189542483,30.555555555555557,False,105,51.83006535947712,136,False,False,306,"DOMINION ENERGY, INC"
2019-06-28,DAL,DAL,27904.0,4512.0,Transportation,38530418061.5,2018-12-31,0.35522583684800957,6.75,8.0,95,69.28104575163398,62.41830065359477,True,40,66.53594771241829,67,False,False,306,"DELTA AIR LINES, INC."
2019-06-28,DG,DG,29534.0,5331.0,Retail,35076562093.546234,2019-02-01,0.1829538762346593,6.0,9.0,176,42.810457516339866,46.568627450980394,False,176,44.31372549019608,184,False,False,306,DOLLAR GENERAL CORP
2019-06-28,DGX,DGX,1022079.0,8071.0,Health services,13669190272.29248,2018-12-31,0.38158807479422235,5.0,9.0,90,70.91503267973856,19.28104575163399,True,78,50.26143790849673,151,False,False,306,QUEST DIAGNOSTICS INC
2019-06-28,DHR,DHR,313616.0,3823.0,Instruments & medical devices,100312021922.07623,2018-12-31,0.2812663872124653,8.0,9.0,125,59.47712418300654,93.95424836601308,False,125,73.26797385620915,41,False,False,306,DANAHER CORP /DE/
2019-06-28,DIS,DIS,1001039.0,4841.0,Communications,207878012504.34735,2018-09-29,0.23462317833628513,9.0,8.0,147,52.28758169934641,99.34640522875817,False,147,71.11111111111111,47,False,False,306,WALT DISNEY CO/
2019-06-28,DLTR,DLTR,935703.0,5331.0,Retail,25580765108.501602,2019-02-02,0.2205915255491955,4.0,9.0,155,49.673202614379086,4.901960784313726,False,155,31.764705882352942,250,False,False,306,"DOLLAR TREE, INC."
2019-06-28,DOV,DOV,29905.0,3530.0,Machinery & computers,14523049681.67633,2018-12-31,0.1906394359783272,4.0,9.0,171,44.44444444444444,4.901960784313726,False,171,28.627450980392155,262,False,False,306,DOVER Corp
2019-06-28,DRI,DRI,940944.0,5812.0,Retail,15038579758.407097,2018-05-27,0.14594463275516623,6.0,9.0,201,34.64052287581699,46.568627450980394,False,201,39.41176470588235,208,False,False,306,DARDEN RESTAURANTS INC
2019-06-28,DVA,DVA,927066.0,8090.0,Health services,9361663720.703125,2018-12-31,0.3955965638682273,6.75,8.0,85,72.54901960784314,62.41830065359477,True,38,68.49673202614379,60,False,False,306,DAVITA INC.
2019-06-28,DVN,DVN,1090012.0,1311.0,Oil & gas extraction,12500316200.637817,2018-12-31,0.7348614109082531,6.0,9.0,23,92.81045751633987,46.568627450980394,True,47,74.31372549019608,39,False,False,306,DEVON ENERGY CORP/DE
2019-06-28,DXC,DXC,1688568.0,7374.0,Business services & software,14813138802.49688,2019-03-31,0.7697220792988246,5.625,8.0,20,93.79084967320262,30.555555555555557,True,57,68.49673202614379,59,False,False,306,DXC Technology Co
2019-06-28,EBAY,EBAY,1065088.0,7389.0,Business services & software,36137777814.5,2018-12-31,0.17380703462844907,7.0,9.0,179,41.830065359477125,75.32679738562092,False,179,55.22875816993464,119,False,False,306,EBAY INC
2019-06-28,ECL,ECL,31462.0,2840.0,Chemicals (other),56833742828.84668,2018-12-31,0.14081775370841626,5.0,9.0,205,33.33333333333333,19.28104575163399,False,205,27.712418300653592,268,False,False,306,ECOLAB INC.
2019-06-28,ED,ED,1047862.0,4931.0,Utilities,28152044785.34497,2018-12-31,0.5941309104732245,4.5,8.0,36,88.56209150326796,10.457516339869281,True,83,57.32026143790849,104,False,False,306,CONSOLIDATED EDISON INC
2019-06-28,EFX,EFX,33185.0,7320.0,Business services & software,16323453516.144287,2018-12-31,0.19038863295235356,4.5,8.0,172,44.11764705882353,10.457516339869281,False,172,30.653594771241828,256,False,False,306,EQUIFAX INC
2019-06-28,EIX,EIX,827052.0,4911.0,Utilities,21962934589.616272,2018-12-31,0.576061452460987,5.625,8.0,42,86.60130718954248,30.555555555555557,True,60,64.18300653594771,76,False,False,306,EDISON INTERNATIONAL
2019-06-28,EL,EL,1001250.0,2844.0,Chemicals (other),67384480224.609375,2018-06-30,0.06957091580099335,5.0,9.0,255,16.99346405228758,19.28104575163399,False,255,17.908496732026144,297,False,False,306,ESTEE LAUDER COMPANIES INC
2019-06-28,EMN,EMN,915389.0,2821.0,Chemicals & pharma,10878870005.499939,2018-12-31,0.5334193714113898,7.0,9.0,48,84.640522875817,75.32679738562092,True,23,80.91503267973857,21,False,False,306,EASTMAN CHEMICAL CO
2019-06-28,EMR,EMR,32604.0,3600.0,Electronics & semis,41777302422.91376,2018-09-30,0.21415935163618427,8.0,9.0,158,48.69281045751634,93.95424836601308,False,158,66.79738562091504,66,False,False,306,EMERSON ELECTRIC CO
2019-06-28,EOG,EOG,821189.0,1311.0,Oil & gas extraction,54037760565.21835,2018-12-31,0.358345493918633,7.875,8.0,93,69.93464052287581,86.60130718954248,True,20,76.60130718954247,33,True,False,306,EOG RESOURCES INC
2019-06-28,ES,ES,72741.0,4911.0,Utilities,24014487904.02466,2018-12-31,0.4783286258656755,4.5,8.0,60,80.71895424836602,10.457516339869281,True,85,52.61437908496732,132,False,False,306,EVERSOURCE ENERGY
2019-06-28,ETN,ETN,1551182.0,3590.0,Machinery & computers,35277407482.91016,2018-12-31,0.45658117047866686,6.0,9.0,65,79.08496732026144,46.568627450980394,True,51,66.07843137254902,70,False,False,306,Eaton Corp plc
2019-06-28,ETR,ETR,65984.0,4911.0,Utilities,19513522158.01538,2018-12-31,0.4532398061396164,4.5,8.0,68,78.10457516339869,10.457516339869281,True,87,51.045751633986924,143,False,False,306,ENTERGY CORP /DE/
2019-06-28,EW,EW,1099800.0,3842.0,Instruments & medical devices,38382752760.75453,2018-12-31,0.08181799829664603,6.0,9.0,245,20.26143790849673,46.568627450980394,False,245,30.784313725490197,255,False,False,306,Edwards Lifesciences Corp
2019-06-28,EXC,EXC,1109357.0,4911.0,Utilities,46489619095.79963,2018-12-31,0.6617391279675928,5.625,8.0,28,91.17647058823529,30.555555555555557,True,58,66.9281045751634,65,False,False,306,EXELON CORP
2019-06-28,EXPE,EXPE,1324424.0,4700.0,Transportation,19949311646.94214,2018-12-31,0.20572138390695138,5.0,9.0,163,47.05882352941176,19.28104575163399,False,163,35.947712418300654,225,False,False,306,"Expedia Group, Inc."
2019-06-28,F,F,37996.0,3711.0,Transport equipment,40654018180.84717,2018-12-31,0.8838486724770592,4.5,8.0,11,96.73202614379085,10.457516339869281,True,82,62.222222222222214,84,False,False,306,FORD MOTOR CO
2019-06-28,FANG,FANG,1539838.0,1311.0,Oil & gas extraction,17912654653.001038,2018-12-31,0.7647826224185513,6.75,8.0,21,93.4640522875817,62.41830065359477,True,29,81.04575163398692,20,False,True,306,"Diamondback Energy, Inc."
2019-06-28,FAST,FAST,815556.0,5200.0,Retail,18637017147.479378,2018-12-31,0.12355517955358195,5.0,9.0,215,30.065359477124183,19.28104575163399,False,215,25.751633986928105,275,False,False,306,FASTENAL CO
2019-06-28,FB,META,1326801.0,7370.0,Business services & software,557770000000.0,2018-12-31,0.15082740197572475,6.75,8.0,196,36.27450980392157,62.41830065359477,False,196,46.73202614379085,174,False,False,306,"Meta Platforms, Inc."
2019-06-28,FBHS,FBIN,1519751.0,2430.0,Other manufacturing,8029581185.819288,2018-12-31,0.2712719318221515,4.0,9.0,129,58.16993464052288,4.901960784313726,False,129,36.86274509803922,220,False,False,306,"Fortune Brands Innovations, Inc."
2019-06-28,FCX,FCX,831259.0,1000.0,Mining (metals/coal),16823573157.355114,2018-12-31,0.5823970870133734,8.0,9.0,38,87.90849673202614,93.95424836601308,True,9,90.32679738562092,8,True,True,306,FREEPORT-MCMORAN INC
2019-06-28,FDX,FDX,1048911.0,4513.0,Transportation,43662200429.09971,2018-05-31,0.44468670404114,7.875,8.0,69,77.77777777777779,86.60130718954248,True,19,81.30718954248366,19,True,True,306,FEDEX CORP
2019-06-28,FE,FE,1031296.0,4911.0,Utilities,22695815339.80322,2018-12-31,0.300231558019853,5.625,8.0,113,63.39869281045751,30.555555555555557,False,113,50.261437908496724,152,False,False,306,FIRSTENERGY CORP
2019-06-28,FFIV,FFIV,1048695.0,3576.0,Machinery & computers,8829141470.851318,2018-09-30,0.14559648910870276,6.75,8.0,202,34.31372549019608,62.41830065359477,False,202,45.55555555555556,182,False,False,306,"F5, INC."
2019-06-28,FIS,FIS,1136893.0,7389.0,Business services & software,39615897343.66754,2018-12-31,0.25785103165491796,6.0,9.0,136,55.88235294117647,46.568627450980394,False,136,52.15686274509804,135,False,False,306,"Fidelity National Information Services, Inc."
2019-06-28,FISV,FISV,798354.0,7389.0,Business services & software,35697069710.39432,2018-12-31,0.06423496434309064,6.0,9.0,260,15.359477124183007,46.568627450980394,False,260,27.84313725490196,267,False,False,306,FISERV INC
2019-06-28,FMC,FMC,37785.0,2800.0,Chemicals & pharma,12651591677.68266,2018-12-31,0.24669623234091595,6.0,9.0,141,54.248366013071895,46.568627450980394,False,141,51.17647058823529,142,False,False,306,FMC CORP
2019-06-28,FOX,FOX,1308161.0,4841.0,Communications,67653557739.25781,2018-06-30,0.2891791748100109,7.875,8.0,117,62.091503267973856,86.60130718954248,False,117,71.89542483660131,45,False,False,306,"TWENTY-FIRST CENTURY FOX, INC."
2019-06-28,FTI,FTI,1681459.0,3533.0,Machinery & computers,11676355567.725658,2018-12-31,0.8906546173315663,3.375,8.0,10,97.05882352941177,0.8169934640522877,True,98,58.56209150326797,100,False,False,306,TechnipFMC plc
2019-06-28,FTNT,FTNT,1262039.0,3577.0,Machinery & computers,13109785092.640633,2018-12-31,0.07705694585085841,7.875,8.0,251,18.30065359477124,86.60130718954248,False,251,45.62091503267973,181,False,False,306,"Fortinet, Inc."
2019-06-28,FTV,FTV,1659166.0,3823.0,Instruments & medical devices,27279137742.313908,2018-12-31,0.2417781699078201,5.0,9.0,144,53.26797385620915,19.28104575163399,False,144,39.673202614379086,205,False,False,306,Fortive Corp
2019-06-28,GD,GD,40533.0,3730.0,Transport equipment,52407058540.06299,2018-12-31,0.22386297431731225,5.0,9.0,154,50.0,19.28104575163399,False,154,37.712418300653596,218,False,False,306,GENERAL DYNAMICS CORP
2019-06-28,GILD,GILD,882095.0,2836.0,Chemicals & pharma,86173490184.44055,2018-12-31,0.24818537527288906,6.0,9.0,140,54.57516339869281,46.568627450980394,False,140,51.372549019607845,140,False,False,306,"GILEAD SCIENCES, INC."
2019-06-28,GIS,GIS,40704.0,2040.0,Food & beverage mfg,31163679648.582245,2018-05-27,0.19705952792642645,5.0,9.0,168,45.42483660130719,19.28104575163399,False,168,34.967320261437905,233,False,False,306,GENERAL MILLS INC
2019-06-28,GLW,GLW,24741.0,3357.0,Other manufacturing,26144070095.639362,2018-12-31,0.5275383652792609,6.0,9.0,49,84.31372549019608,46.568627450980394,True,50,69.2156862745098,55,False,False,306,CORNING INC /NY
2019-06-28,GM,GM,1467858.0,3711.0,Transport equipment,54307221298.22467,2018-12-31,0.7155586139567475,6.75,8.0,24,92.48366013071896,62.41830065359477,True,30,80.45751633986929,23,False,False,306,General Motors Co
2019-06-28,GOOG,GOOG,1652044.0,7370.0,Business services & software,751833459733.8867,2018-12-31,0.2362597696341845,6.0,9.0,145,52.94117647058824,46.568627450980394,False,145,50.3921568627451,150,False,False,306,Alphabet Inc.
2019-06-28,GPC,GPC,40987.0,5013.0,Wholesale,15116855445.931015,2018-12-31,0.22825190148449515,6.0,9.0,153,50.326797385620914,46.568627450980394,False,153,48.82352941176471,163,False,False,306,GENUINE PARTS CO
2019-06-28,GPN,GPN,1123360.0,7389.0,Business services & software,25237017839.067383,2018-12-31,0.15815684029914287,6.0,9.0,191,37.908496732026144,46.568627450980394,False,191,41.372549019607845,196,False,False,306,GLOBAL PAYMENTS INC
2019-06-28,GPS,GAP,39911.0,5651.0,Retail,6803409483.887243,2019-02-02,0.5222381525637544,7.0,9.0,50,83.98692810457517,75.32679738562092,True,24,80.52287581699348,22,False,False,306,GAP INC
2019-06-28,GRMN,GRMN,1121788.0,3812.0,Instruments & medical devices,15806578560.884308,2018-12-29,0.2633697092615532,6.75,8.0,132,57.18954248366013,62.41830065359477,False,132,59.28104575163398,97,False,False,306,GARMIN LTD
2019-06-28,GWW,GWW,277135.0,5000.0,Wholesale,14934838597.000214,2018-12-31,0.12862542755472756,8.0,9.0,213,30.718954248366014,93.95424836601308,False,213,56.01307189542484,112,False,False,306,"W.W. GRAINGER, INC."
2019-06-28,HAL,HAL,45012.0,1389.0,Oil & gas extraction,19841624027.370792,2018-12-31,0.4799002333107789,7.875,8.0,59,81.04575163398692,86.60130718954248,True,18,83.26797385620915,17,True,True,306,HALLIBURTON CO
2019-06-28,HAS,HAS,46080.0,3944.0,Other manufacturing,13299032268.004074,2018-12-30,0.1319258397636262,4.0,9.0,212,31.045751633986928,4.901960784313726,False,212,20.588235294117645,287,False,False,306,"HASBRO, INC."
2019-06-28,HCA,HCA,860730.0,8062.0,Health services,46279057912.08954,2018-12-31,-0.10695982639497303,6.75,8.0,304,0.9803921568627451,62.41830065359477,False,304,25.555555555555557,276,False,False,306,"HCA Healthcare, Inc."
2019-06-28,HD,HD,354950.0,5211.0,Retail,229578813698.32846,2019-02-03,-0.008180197335054326,7.0,9.0,291,5.228758169934641,75.32679738562092,False,291,33.26797385620915,240,False,False,306,"HOME DEPOT, INC."
2019-06-28,HII,HII,1501585.0,3730.0,Transport equipment,9333432426.270615,2018-12-31,0.16242684692642623,6.75,8.0,186,39.54248366013072,62.41830065359477,False,186,48.692810457516345,164,False,False,306,"HUNTINGTON INGALLS INDUSTRIES, INC."
2019-06-28,HLT,HLT,1585689.0,7011.0,Services (hotels/personal),28622898092.790596,2018-12-31,0.019250321830226666,6.75,8.0,279,9.15032679738562,62.41830065359477,False,279,30.45751633986928,258,False,False,306,Hilton Worldwide Holdings Inc.
2019-06-28,HOG,HOG,793952.0,3751.0,Transport equipment,5716460199.783707,2018-12-31,0.31032298625417193,7.0,9.0,112,63.725490196078425,75.32679738562092,False,112,68.36601307189542,61,False,False,306,"HARLEY-DAVIDSON, INC."
2019-06-28,HON,HON,773840.0,3724.0,Transport equipment,127291106999.32376,2018-12-31,0.1428222318790627,5.0,9.0,204,33.66013071895425,19.28104575163399,False,204,27.908496732026144,266,False,False,306,HONEYWELL INTERNATIONAL INC
2019-06-28,HP,HP,46765.0,1381.0,Oil & gas extraction,5519526829.974358,2018-09-30,0.7940417965176122,5.625,8.0,19,94.11764705882352,30.555555555555557,True,56,68.69281045751633,58,False,False,306,"Helmerich & Payne, Inc."
2019-06-28,HPE,HPE,1645590.0,3570.0,Machinery & computers,20910242186.973263,2018-10-31,1.0157223340641912,6.0,9.0,6,98.36601307189542,46.568627450980394,True,42,77.6470588235294,29,False,False,306,Hewlett Packard Enterprise Co
2019-06-28,HPQ,HPQ,47217.0,3570.0,Machinery & computers,32297152222.7967,2018-10-31,-0.019785026109793255,4.5,8.0,295,3.9215686274509802,10.457516339869281,False,295,6.5359477124183005,305,False,False,306,HP INC
2019-06-28,HRB,HRB,12659.0,7200.0,Services (hotels/personal),5917435141.616558,2019-04-30,0.09151380404518682,5.0,9.0,235,23.52941176470588,19.28104575163399,False,235,21.830065359477125,283,False,False,306,H&R BLOCK INC
2019-06-28,HRL,HRL,48465.0,2011.0,Food & beverage mfg,21516281165.908813,2018-10-28,0.260305717182862,4.0,9.0,135,56.209150326797385,4.901960784313726,False,135,35.68627450980392,226,False,False,306,HORMEL FOODS CORP /DE/
2019-06-28,HSIC,HSIC,1000228.0,5047.0,Wholesale,10583119070.723717,2018-12-29,0.2798165626041182,6.0,9.0,126,59.150326797385624,46.568627450980394,False,126,54.117647058823536,125,False,False,306,HENRY SCHEIN INC
2019-06-28,HSY,HSY,47111.0,2060.0,Food & beverage mfg,28109964747.10327,2018-12-31,0.04975890267326422,7.0,9.0,266,13.398692810457517,75.32679738562092,False,266,38.16993464052288,214,False,False,306,HERSHEY CO
2019-06-28,IBM,IBM,51143.0,3570.0,Machinery & computers,122712563437.22762,2018-12-31,0.13687270096506318,7.0,9.0,209,32.02614379084967,75.32679738562092,False,209,49.34640522875817,158,False,False,306,INTERNATIONAL BUSINESS MACHINES CORP
2019-06-28,IFF,IFF,51253.0,2860.0,Chemicals (other),15471424526.137207,2018-12-31,0.38994153316703434,6.0,9.0,88,71.56862745098039,46.568627450980394,True,54,61.56862745098039,89,False,False,306,INTERNATIONAL FLAVORS & FRAGRANCES INC
2019-06-28,ILMN,ILMN,1110803.0,3826.0,Instruments & medical devices,54118048564.453125,2018-12-30,0.06944078915787816,6.0,9.0,256,16.666666666666664,46.568627450980394,False,256,28.627450980392155,263,False,False,306,"ILLUMINA, INC."
2019-06-28,INCY,INCY,879169.0,8731.0,Services (professional),18185545496.032906,2018-12-31,0.10590647393118567,6.0,9.0,228,25.816993464052292,46.568627450980394,False,228,34.117647058823536,238,False,False,306,INCYTE CORP
2019-06-28,INTC,INTC,50863.0,3674.0,Electronics & semis,215271385196.6858,2018-12-29,0.34636744652279006,8.0,9.0,99,67.97385620915033,93.95424836601308,True,14,78.36601307189542,28,True,False,306,INTEL CORP
2019-06-28,INTU,INTU,896878.0,7372.0,Business services & software,67598650981.2262,2018-07-31,0.03482318013496695,7.875,8.0,274,10.784313725490197,86.60130718954248,False,274,41.11111111111111,197,False,False,306,INTUIT INC.
2019-06-28,IP,IP,51434.0,2621.0,Other manufacturing,17338228968.221687,2018-12-31,0.42461084194316595,6.75,8.0,76,75.49019607843137,62.41830065359477,True,35,70.26143790849673,50,False,False,306,INTERNATIONAL PAPER CO /NEW/
2019-06-28,IPGP,IPGP,1111928.0,3674.0,Electronics & semis,8169389888.25,2018-12-31,0.2699770766446379,4.0,9.0,130,57.84313725490197,4.901960784313726,False,130,36.66666666666667,224,False,False,306,IPG PHOTONICS CORP
2019-06-28,IQV,IQV,1478242.0,8731.0,Services (professional),31793816428.84616,2018-12-31,0.21117313849458053,4.5,8.0,161,47.712418300653596,10.457516339869281,False,161,32.81045751633987,245,False,False,306,IQVIA HOLDINGS INC.
2019-06-28,IR,TT,1466258.0,3822.0,Instruments & medical devices,30675499561.274784,2018-12-31,0.22893514695570152,6.0,9.0,151,50.98039215686274,46.568627450980394,False,151,49.21568627450981,159,False,False,306,Trane Technologies plc
2019-06-28,ISRG,ISRG,1035267.0,3842.0,Instruments & medical devices,60054998275.44891,2018-12-31,0.11121139275313843,7.875,8.0,224,27.124183006535947,86.60130718954248,False,224,50.91503267973856,145,False,False,306,INTUITIVE SURGICAL INC
2019-06-28,IT,IT,749251.0,8741.0,Services (professional),14438207171.802795,2018-12-31,0.05892400558301257,7.0,9.0,264,14.052287581699346,75.32679738562092,False,264,38.56209150326798,212,False,False,306,GARTNER INC
2019-06-28,ITW,ITW,49826.0,3560.0,Machinery & computers,49482024439.18414,2018-12-31,0.06584209188943438,6.0,9.0,258,16.013071895424837,46.568627450980394,False,258,28.235294117647058,265,False,False,306,ILLINOIS TOOL WORKS INC
2019-06-28,JBHT,JBHT,728535.0,4213.0,Transportation,9939813009.293335,2018-12-31,0.21141081809439358,6.75,8.0,160,48.03921568627451,62.41830065359477,False,160,53.790849673202615,126,False,False,306,HUNT J B TRANSPORT SERVICES INC
2019-06-28,JCI,JCI,833444.0,3585.0,Machinery & computers,38172876906.60187,2018-09-30,0.554425071282478,8.0,9.0,45,85.62091503267973,93.95424836601308,True,11,88.95424836601308,10,True,True,306,Johnson Controls International plc
2019-06-28,JEC,J,52988.0,1600.0,Construction,12005650650.223967,2018-09-28,0.4876324632926735,5.0,9.0,55,82.35294117647058,19.28104575163399,True,74,57.124183006535944,105,False,False,306,JACOBS SOLUTIONS INC.
2019-06-28,JKHY,JKHY,779152.0,7373.0,Business services & software,10335786495.641373,2018-06-30,0.1225671602769876,8.0,9.0,218,29.08496732026144,93.95424836601308,False,218,55.032679738562095,121,False,False,306,JACK HENRY & ASSOCIATES INC
2019-06-28,JNJ,JNJ,200406.0,2834.0,Chemicals & pharma,370921938032.2184,2018-12-30,0.16109049876367768,7.0,9.0,188,38.88888888888889,75.32679738562092,False,188,53.46405228758171,128,False,False,306,JOHNSON & JOHNSON
2019-06-28,KEYS,KEYS,1601046.0,3823.0,Instruments & medical devices,16852106366.730225,2018-10-31,0.14437364368903335,6.0,9.0,203,33.98692810457516,46.568627450980394,False,203,39.01960784313725,210,False,False,306,"Keysight Technologies, Inc."
2019-06-28,KHC,KHC,1637459.0,2030.0,Food & beverage mfg,37866901593.04733,2018-12-29,1.3641728746427102,4.0,9.0,3,99.34640522875817,4.901960784313726,True,90,61.568627450980394,88,False,False,306,Kraft Heinz Co
2019-06-28,KLAC,KLAC,319201.0,3827.0,Instruments & medical devices,18454152769.13971,2018-06-30,0.08781280941327899,8.0,9.0,240,21.895424836601308,93.95424836601308,False,240,50.71895424836602,148,False,False,306,KLA CORP
2019-06-28,KMB,KMB,55785.0,2670.0,Other manufacturing,45905847225.95123,2018-12-31,-0.006251926875183665,5.0,9.0,290,5.555555555555555,19.28104575163399,False,290,11.045751633986928,302,False,False,306,KIMBERLY CLARK CORP
2019-06-28,KMI,KMI,1506307.0,4922.0,Utilities,47265144128.98393,2018-12-31,0.7125335301653714,8.0,9.0,25,92.15686274509804,93.95424836601308,True,7,92.87581699346404,5,True,True,306,"KINDER MORGAN, INC."
2019-06-28,KMX,KMX,1170010.0,5500.0,Retail,14430036703.72789,2019-02-28,0.23264168130166554,5.0,9.0,148,51.9607843137255,19.28104575163399,False,148,38.88888888888889,211,False,False,306,CARMAX INC
2019-06-28,KO,KO,21344.0,2080.0,Food & beverage mfg,217700306550.1386,2018-12-31,0.07800172755424715,6.0,9.0,250,18.627450980392158,46.568627450980394,False,250,29.80392156862745,260,False,False,306,COCA COLA CO
2019-06-28,KR,KR,56873.0,5411.0,Retail,17331679850.259743,2019-02-02,0.45500494286373605,6.75,8.0,67,78.43137254901961,62.41830065359477,True,32,72.02614379084967,43,False,False,306,KROGER CO
2019-06-28,KSS,KSS,885639.0,5311.0,Retail,7758543365.714218,2019-02-02,0.7123759885682108,7.0,9.0,26,91.83006535947712,75.32679738562092,True,21,85.22875816993464,14,False,True,306,KOHLS Corp
2019-06-28,LB,BBWI,701985.0,5990.0,Retail,7182639225.314499,2019-02-02,-0.12098616855727569,6.0,9.0,305,0.6535947712418301,46.568627450980394,False,305,19.019607843137255,293,False,False,306,"Bath & Body Works, Inc."
2019-06-28,LH,LH,920148.0,8071.0,Health services,17047940156.469725,2018-12-31,0.40892916892099374,6.0,9.0,81,73.8562091503268,46.568627450980394,True,53,62.941176470588246,80,False,False,306,LABCORP HOLDINGS INC.
2019-06-28,LHX,LHX,202058.0,3812.0,Instruments & medical devices,22189287458.5459,2018-06-29,0.14971188264635227,8.0,9.0,197,35.947712418300654,93.95424836601308,False,197,59.15032679738562,98,False,False,306,"L3HARRIS TECHNOLOGIES, INC. /DE/"
2019-06-28,LKQ,LKQ,1065696.0,5010.0,Wholesale,8376167625.4835205,2018-12-31,0.5709410572742613,4.5,8.0,43,86.27450980392157,10.457516339869281,True,84,55.947712418300654,113,False,False,306,LKQ CORP
2019-06-28,LLY,LLY,59478.0,2834.0,Chemicals & pharma,114714023431.934,2018-12-31,0.08568002155230739,7.0,9.0,243,20.915032679738562,75.32679738562092,False,243,42.67973856209151,189,False,False,306,ELI LILLY & Co
2019-06-28,LMT,LMT,936468.0,3760.0,Transport equipment,102722786024.83478,2018-12-31,0.013570504207926949,7.0,9.0,280,8.823529411764707,75.32679738562092,False,280,35.42483660130719,228,False,False,306,LOCKHEED MARTIN CORP
2019-06-28,LNT,LNT,352541.0,4931.0,Utilities,11586535665.265274,2018-12-31,0.3957783527778068,5.625,8.0,84,72.87581699346404,30.555555555555557,True,65,55.94771241830065,114,False,False,306,ALLIANT ENERGY CORP
2019-06-28,LOW,LOW,60667.0,5211.0,Retail,80316564287.22604,2019-02-01,0.045370466632118626,6.0,9.0,270,12.091503267973856,46.568627450980394,False,270,25.88235294117647,274,False,False,306,LOWES COMPANIES INC
2019-06-28,LRCX,LRCX,707549.0,3559.0,Machinery & computers,29599824819.72473,2018-06-24,0.21965842837243066,8.0,9.0,156,49.34640522875817,93.95424836601308,False,156,67.18954248366013,63,False,False,306,LAM RESEARCH CORP
2019-06-28,LUV,LUV,92380.0,4512.0,Transportation,28065539077.550995,2018-12-31,0.3510711115426675,5.625,8.0,98,68.30065359477125,30.555555555555557,True,67,53.20261437908497,130,False,False,306,SOUTHWEST AIRLINES CO
2019-06-28,LW,LW,1679273.0,2030.0,Food & beverage mfg,9271616644.834167,2018-05-27,-0.03611020740234545,7.0,9.0,296,3.594771241830065,75.32679738562092,False,296,32.28758169934641,248,False,False,306,"Lamb Weston Holdings, Inc."
2019-06-28,LYB,LYB,1489393.0,2860.0,Chemicals (other),31967751218.32686,2018-12-31,0.32085459905980945,6.0,9.0,108,65.0326797385621,46.568627450980394,False,108,57.64705882352942,102,False,False,306,LyondellBasell Industries N.V.
2019-06-28,M,M,794367.0,5311.0,Retail,6605396946.00029,2019-02-02,0.9743547666574582,6.0,9.0,8,97.7124183006536,46.568627450980394,True,43,77.25490196078431,30,False,False,306,"Macy's, Inc."
2019-06-28,MA,MA,1141391.0,7389.0,Business services & software,275375728729.24805,2018-12-31,0.01959141433740667,7.875,8.0,278,9.477124183006536,86.60130718954248,False,278,40.326797385620914,203,False,False,306,Mastercard Inc
2019-06-28,MAR,MAR,1048286.0,7011.0,Services (hotels/personal),47652139142.81853,2018-12-31,0.0466925523181958,5.625,8.0,269,12.418300653594772,30.555555555555557,False,269,19.673202614379086,291,False,False,306,MARRIOTT INTERNATIONAL INC /MD/
2019-06-28,MAS,MAS,62996.0,3430.0,Other manufacturing,11555886194.295883,2018-12-31,-0.009605494389066488,7.0,9.0,293,4.57516339869281,75.32679738562092,False,293,32.875816993464056,244,False,False,306,MASCO CORP /DE/
2019-06-28,MCD,MCD,63908.0,5812.0,Retail,158925799965.79578,2018-12-31,-0.03937938334333973,5.625,8.0,297,3.2679738562091507,30.555555555555557,False,297,14.183006535947714,299,False,False,306,MCDONALDS CORP
2019-06-28,MCHP,MCHP,827054.0,3674.0,Electronics & semis,20628227517.50592,2019-03-31,0.25632352539804115,5.0,9.0,137,55.55555555555556,19.28104575163399,False,137,41.04575163398693,198,False,False,306,MICROCHIP TECHNOLOGY INC
2019-06-28,MCK,MCK,927653.0,5122.0,Wholesale,25528933394.896667,2019-03-31,0.3170520238663015,7.0,9.0,109,64.70588235294117,75.32679738562092,False,109,68.95424836601308,57,False,False,306,MCKESSON CORP
2019-06-28,MCO,MCO,1059556.0,7320.0,Business services & software,37362802532.958984,2018-12-31,0.012309033820316524,5.625,8.0,281,8.49673202614379,30.555555555555557,False,281,17.3202614379085,298,False,False,306,MOODYS CORP /DE/
2019-06-28,MDLZ,MDLZ,1103982.0,2000.0,Food & beverage mfg,77840735504.72769,2018-12-31,0.3293519753348544,7.0,9.0,104,66.33986928104575,75.32679738562092,False,104,69.93464052287582,53,False,False,306,"Mondelez International, Inc."
2019-06-28,MDT,MDT,1613103.0,3845.0,Instruments & medical devices,130615250486.59291,2019-04-26,0.3835003938161235,8.0,9.0,89,71.24183006535948,93.95424836601308,True,13,80.32679738562092,24,True,False,306,Medtronic plc
2019-06-28,MGM,MGM,789570.0,7011.0,Services (hotels/personal),15339707355.276054,2018-12-31,0.42453762964129277,6.75,8.0,77,75.16339869281046,62.41830065359477,True,36,70.06535947712419,52,False,False,306,MGM Resorts International
2019-06-28,MHK,MHK,851968.0,2273.0,Other manufacturing,10663540598.858917,2018-12-31,0.6971243679416831,5.0,9.0,27,91.50326797385621,19.28104575163399,True,70,62.61437908496732,82,False,False,306,MOHAWK INDUSTRIES INC
2019-06-28,MKC,MKC,63754.0,2090.0,Food & beverage mfg,20383814277.648926,2018-11-30,0.1561140597463801,4.0,9.0,193,37.254901960784316,4.901960784313726,False,193,24.31372549019608,279,False,False,306,MCCORMICK & CO INC
2019-06-28,MLM,MLM,916076.0,1400.0,Mining (other),14365893438.384583,2018-12-31,0.34431293961736426,5.0,9.0,100,67.64705882352942,19.28104575163399,True,81,48.30065359477125,165,False,False,306,MARTIN MARIETTA MATERIALS INC
2019-06-28,MMM,MMM,66740.0,3841.0,Instruments & medical devices,99809168626.17186,2018-12-31,0.0981472958330133,5.0,9.0,233,24.18300653594771,19.28104575163399,False,233,22.22222222222222,282,False,False,306,3M CO
2019-06-28,MNST,MNST,865752.0,2086.0,Food & beverage mfg,34669148621.804,2018-12-31,0.10415314893914195,5.625,8.0,229,25.49019607843137,30.555555555555557,False,229,27.516339869281047,269,False,False,306,Monster Beverage Corp
2019-06-28,MO,MO,764180.0,2111.0,Other manufacturing,88754297745.2955,2018-12-31,0.16660601656085772,7.0,9.0,184,40.19607843137255,75.32679738562092,False,184,54.2483660130719,124,False,False,306,"ALTRIA GROUP, INC."
2019-06-28,MPC,MPC,1510295.0,2911.0,Petroleum refining,37641841056.70292,2018-12-31,0.9344654515440167,6.0,9.0,9,97.38562091503267,46.568627450980394,True,44,77.05882352941175,31,False,False,306,Marathon Petroleum Corp
2019-06-28,MRK,MRK,310158.0,2834.0,Chemicals & pharma,216435329285.1526,2018-12-31,0.12336710502942683,8.0,9.0,216,29.73856209150327,93.95424836601308,False,216,55.42483660130719,117,False,False,306,"Merck & Co., Inc."
2019-06-28,MSCI,MSCI,1408198.0,7389.0,Business services & software,20135559046.914597,2018-12-31,-0.008268655447414168,7.0,9.0,292,4.901960784313726,75.32679738562092,False,292,33.071895424836605,242,False,False,306,MSCI Inc.
2019-06-28,MSFT,MSFT,789019.0,7372.0,Business services & software,1027234443134.7527,2018-06-30,0.08052494788587326,7.0,9.0,247,19.607843137254903,75.32679738562092,False,247,41.89542483660131,193,False,False,306,MICROSOFT CORP
2019-06-28,MSI,MSI,68505.0,3663.0,Electronics & semis,27322259148.106323,2018-12-31,-0.04732405153581952,6.0,9.0,298,2.941176470588235,46.568627450980394,False,298,20.3921568627451,288,False,False,306,"Motorola Solutions, Inc."
2019-06-28,MTD,MTD,1037646.0,3826.0,Instruments & medical devices,20827999080.0,2018-12-31,0.028330277802182426,6.0,9.0,277,9.803921568627452,46.568627450980394,False,277,24.50980392156863,278,False,False,306,METTLER TOLEDO INTERNATIONAL INC/
2019-06-28,MU,MU,723125.0,3674.0,Electronics & semis,43770915094.32364,2018-08-30,0.7377958612564625,9.0,9.0,22,93.13725490196079,99.34640522875817,True,2,95.62091503267973,3,True,True,306,MICRON TECHNOLOGY INC
2019-06-28,NCLH,NCLH,1513761.0,4400.0,Transportation,11676745096.208439,2018-12-31,0.510673218509861,7.875,8.0,53,83.00653594771242,86.60130718954248,True,17,84.44444444444444,16,True,True,306,Norwegian Cruise Line Holdings Ltd.
2019-06-28,NEM,NEM,1164727.0,1040.0,Mining (metals/coal),20491794199.381256,2018-12-31,0.512497827072512,7.875,8.0,52,83.33333333333334,86.60130718954248,True,16,84.640522875817,15,True,True,306,NEWMONT Corp /DE/
2019-06-28,NFLX,NFLX,1065280.0,7841.0,Services (other),160371389854.83478,2018-12-31,0.032666456309582606,4.0,9.0,276,10.130718954248366,4.901960784313726,False,276,8.03921568627451,304,False,False,306,NETFLIX INC
2019-06-28,NI,NI,1111711.0,4931.0,Utilities,10727837427.809353,2018-12-31,0.5360726277499477,4.0,9.0,47,84.9673202614379,4.901960784313726,True,92,52.94117647058823,131,False,False,306,NISOURCE INC.
2019-06-28,NKE,NKE,320187.0,3021.0,Other manufacturing,136318005044.55566,2018-05-31,0.07197875289322887,5.0,9.0,254,17.320261437908496,19.28104575163399,False,254,18.104575163398692,296,False,False,306,"NIKE, Inc."
2019-06-28,NKTR,NKTR,906709.0,2834.0,Chemicals & pharma,6194636792.90657,2018-12-31,0.2772680719500426,7.875,8.0,127,58.82352941176471,86.60130718954248,False,127,69.93464052287581,54,False,False,306,NEKTAR THERAPEUTICS
2019-06-28,NOC,NOC,1133421.0,3812.0,Instruments & medical devices,54843883400.38074,2018-12-31,0.14927826937840738,6.75,8.0,198,35.62091503267974,62.41830065359477,False,198,46.33986928104575,177,False,False,306,NORTHROP GRUMMAN CORP /DE/
2019-06-28,NOV,NOV,1021860.0,3533.0,Machinery & computers,8523723106.058144,2018-12-31,1.6212399004583216,6.0,9.0,1,100.0,46.568627450980394,True,41,78.62745098039215,27,False,False,306,NOV Inc.
2019-06-28,NRG,NRG,1013871.0,4911.0,Utilities,9868633655.862236,2018-12-31,-0.125042639440463,8.0,9.0,306,0.32679738562091504,93.95424836601308,False,306,37.77777777777778,217,False,False,306,"NRG ENERGY, INC."
2019-06-28,NSC,NSC,702165.0,4011.0,Transportation,53311870621.30533,2018-12-31,0.2881534604013838,5.625,8.0,119,61.43790849673203,30.555555555555557,False,119,49.084967320261434,161,False,False,306,NORFOLK SOUTHERN CORP
2019-06-28,NTAP,NTAP,1002047.0,3572.0,Machinery & computers,14809369121.022396,2019-04-26,0.07360205496213262,7.0,9.0,253,17.647058823529413,75.32679738562092,False,253,40.71895424836602,201,False,False,306,"NetApp, Inc."
2019-06-28,NUE,NUE,73309.0,3312.0,Other manufacturing,16826524757.324684,2018-12-31,0.581942982358104,8.0,9.0,39,87.58169934640523,93.95424836601308,True,10,90.13071895424837,9,True,True,306,NUCOR CORP
2019-06-28,NVDA,NVDA,1045810.0,3674.0,Electronics & semis,99523382034.30176,2019-01-27,0.09386738883913916,6.0,9.0,234,23.856209150326798,46.568627450980394,False,234,32.94117647058824,243,False,False,306,NVIDIA CORP
2019-06-28,NWL,NWL,814453.0,3089.0,Other manufacturing,6519576032.25708,2018-12-31,0.8041933975551584,6.0,9.0,17,94.77124183006535,46.568627450980394,True,46,75.49019607843137,36,False,False,306,NEWELL BRANDS INC.
2019-06-28,NWS,NWSA,1564708.0,2711.0,Other manufacturing,7860622866.630554,2018-06-30,1.1819674035554608,3.375,8.0,4,99.01960784313727,0.8169934640522877,True,97,59.73856209150327,96,False,False,306,NEWS CORP
2019-06-28,OKE,OKE,1039684.0,4923.0,Utilities,28322978190.5094,2018-12-31,0.23230406618060756,6.0,9.0,149,51.633986928104584,46.568627450980394,False,149,49.6078431372549,156,False,False,306,ONEOK INC /NEW/
2019-06-28,OMC,OMC,29989.0,7311.0,Business services & software,18331460213.44986,2018-12-31,0.13894692350428164,7.0,9.0,207,32.6797385620915,75.32679738562092,False,207,49.73856209150327,154,False,False,306,OMNICOM GROUP INC.
2019-06-28,ORLY,ORLY,898173.0,5531.0,Retail,28945678915.87515,2018-12-31,0.012218300390461135,7.0,9.0,282,8.169934640522875,75.32679738562092,False,282,35.032679738562095,232,False,False,306,O REILLY AUTOMOTIVE INC
2019-06-28,OXY,OXY,797468.0,1311.0,Oil & gas extraction,37687194239.066315,2018-12-31,-0.004563884456585676,7.875,8.0,288,6.209150326797386,86.60130718954248,False,288,38.36601307189542,213,False,False,306,OCCIDENTAL PETROLEUM CORP /DE/
2019-06-28,PEG,PEG,788784.0,4931.0,Utilities,29704072553.406372,2018-12-31,0.48400770548048266,4.0,9.0,57,81.69934640522875,4.901960784313726,True,94,50.98039215686274,144,False,False,306,PUBLIC SERVICE ENTERPRISE GROUP INC
2019-06-28,PEP,PEP,77476.0,2080.0,Food & beverage mfg,184196496200.8589,2018-12-29,0.0788180030534821,5.0,9.0,248,19.28104575163399,19.28104575163399,False,248,19.28104575163399,292,False,False,306,PEPSICO INC
2019-06-28,PFE,PFE,78003.0,2834.0,Chemicals & pharma,240504191804.7542,2018-12-31,0.26364197448780846,7.0,9.0,131,57.51633986928104,75.32679738562092,False,131,64.640522875817,74,False,False,306,PFIZER INC
2019-06-28,PG,PG,80424.0,2840.0,Chemicals (other),272810452709.9041,2018-06-30,0.193845211848366,5.0,9.0,169,45.09803921568628,19.28104575163399,False,169,34.771241830065364,235,False,False,306,PROCTER & GAMBLE Co
2019-06-28,PH,PH,76334.0,3490.0,Other manufacturing,22502526953.164673,2018-06-30,0.26040924257957127,7.0,9.0,134,56.5359477124183,75.32679738562092,False,134,64.05228758169935,77,False,False,306,Parker-Hannifin Corp
2019-06-28,PKG,PKG,75677.0,2650.0,Other manufacturing,9007352018.76213,2018-12-31,0.29669096915868787,8.0,9.0,115,62.745098039215684,93.95424836601308,False,115,75.22875816993464,37,False,False,306,PACKAGING CORP OF AMERICA
2019-06-28,PKI,RVTY,31791.0,3826.0,Instruments & medical devices,10674473521.038208,2018-12-30,0.2421622944593323,6.0,9.0,143,53.59477124183007,46.568627450980394,False,143,50.78431372549019,147,False,False,306,"REVVITY, INC."
2019-06-28,PM,PM,1413329.0,2111.0,Other manufacturing,122081506636.63403,2018-12-31,-0.10205476933605702,5.0,9.0,303,1.3071895424836601,19.28104575163399,False,303,8.496732026143793,303,False,False,306,Philip Morris International Inc.
2019-06-28,PNR,PNR,77360.0,3550.0,Machinery & computers,6374726608.740063,2018-12-31,0.2880280383291445,6.0,9.0,120,61.111111111111114,46.568627450980394,False,120,55.294117647058826,118,False,False,306,PENTAIR plc
2019-06-28,PNW,PNW,764622.0,4931.0,Utilities,10551864809.29721,2018-12-31,0.4949755417069131,4.0,9.0,54,82.6797385620915,4.901960784313726,True,93,51.56862745098039,138,False,False,306,PINNACLE WEST CAPITAL CORP
2019-06-28,PPG,PPG,79879.0,2851.0,Chemicals (other),27531767055.498055,2018-12-31,0.1681693728799509,4.5,8.0,181,41.17647058823529,10.457516339869281,False,181,28.888888888888886,261,False,False,306,PPG INDUSTRIES INC
2019-06-28,PPL,PPL,922224.0,4911.0,Utilities,22356253340.979362,2018-12-31,0.5214201065897092,5.625,8.0,51,83.66013071895425,30.555555555555557,True,61,62.41830065359477,83,False,False,306,PPL Corp
2019-06-28,PRGO,PRGO,1585364.0,2834.0,Chemicals & pharma,6470275400.651905,2018-12-31,0.8760059887758297,6.0,9.0,13,96.07843137254902,46.568627450980394,True,45,76.27450980392156,34,False,False,306,PERRIGO Co plc
2019-06-28,PSX,PSX,1534701.0,2911.0,Petroleum refining,42552570574.46537,2018-12-31,0.5793539536432516,7.0,9.0,41,86.9281045751634,75.32679738562092,True,22,82.2875816993464,18,False,True,306,Phillips 66
2019-06-28,PVH,PVH,78239.0,2320.0,Other manufacturing,7111856101.894272,2019-02-03,0.8194485260251176,9.0,9.0,16,95.09803921568627,99.34640522875817,True,1,96.79738562091504,1,True,True,306,PVH CORP. /DE/
2019-06-28,PWR,PWR,1050915.0,1731.0,Construction,5841656759.937286,2018-12-31,0.6169754828318076,5.0,9.0,32,89.86928104575163,19.28104575163399,True,72,61.63398692810458,87,False,False,306,"QUANTA SERVICES, INC."
2019-06-28,QCOM,QCOM,804328.0,3663.0,Electronics & semis,92209207547.09734,2018-09-30,0.010064070874115354,4.0,9.0,285,7.18954248366013,4.901960784313726,False,285,6.2745098039215685,306,False,False,306,QUALCOMM INC/DE
2019-06-28,QRVO,QRVO,1604778.0,3674.0,Electronics & semis,7936549932.973099,2019-03-30,0.5493166472609626,8.0,9.0,46,85.29411764705883,93.95424836601308,True,12,88.75816993464053,11,True,True,306,"Qorvo, Inc."
2019-06-28,RCL,RCL,884887.0,4400.0,Transportation,25355507352.06395,2018-12-31,0.4379900920853004,7.0,9.0,72,76.79738562091504,75.32679738562092,True,26,76.20915032679738,35,False,False,306,ROYAL CARIBBEAN CRUISES LTD
2019-06-28,RHI,RHI,315213.0,7363.0,Business services & software,6788664515.030708,2018-12-31,0.15661371947987485,8.0,9.0,192,37.58169934640523,93.95424836601308,False,192,60.130718954248366,94,False,False,306,ROBERT HALF INC.
2019-06-28,RL,RL,1037038.0,2320.0,Other manufacturing,9155353704.833984,2019-03-30,0.3590467507841203,7.0,9.0,92,70.26143790849673,75.32679738562092,True,28,72.2875816993464,42,False,False,306,RALPH LAUREN CORP
2019-06-28,RMD,RMD,943819.0,3841.0,Instruments & medical devices,17411732494.845154,2018-06-30,0.11825244849181855,6.0,9.0,221,28.104575163398692,46.568627450980394,False,221,35.490196078431374,227,False,False,306,RESMED INC
2019-06-28,ROK,ROK,1024478.0,3829.0,Instruments & medical devices,19771672883.54915,2018-09-30,0.0818089601991052,6.0,9.0,246,19.934640522875817,46.568627450980394,False,246,30.58823529411765,257,False,False,306,"ROCKWELL AUTOMATION, INC"
2019-06-28,ROL,ROL,84839.0,7340.0,Business services & software,11748602205.446474,2018-12-31,0.060595123364545464,5.625,8.0,263,14.37908496732026,30.555555555555557,False,263,20.84967320261438,285,False,False,306,ROLLINS INC
2019-06-28,ROP,ROP,882835.0,3823.0,Instruments & medical devices,37947387247.114746,2018-12-31,0.20392708329579085,6.0,9.0,165,46.40522875816993,46.568627450980394,False,165,46.470588235294116,175,False,False,306,ROPER TECHNOLOGIES INC
2019-06-28,ROST,ROST,745732.0,5651.0,Retail,36500644543.50062,2019-02-02,0.09056678426761174,7.0,9.0,236,23.202614379084967,75.32679738562092,False,236,44.052287581699346,186,False,False,306,"ROSS STORES, INC."
2019-06-28,RSG,RSG,1060391.0,4953.0,Utilities,27864768629.781464,2018-12-31,0.284484687647025,6.0,9.0,122,60.45751633986928,46.568627450980394,False,122,54.90196078431373,122,False,False,306,"REPUBLIC SERVICES, INC."
2019-06-28,SBUX,SBUX,829224.0,5810.0,Retail,103999500271.60645,2018-09-30,0.011245246342008554,7.0,9.0,283,7.8431372549019605,75.32679738562092,False,283,34.83660130718955,234,False,False,306,STARBUCKS CORP
2019-06-28,SHW,SHW,89800.0,5200.0,Retail,42491856750.57037,2018-12-31,0.08779905810893805,5.0,9.0,241,21.568627450980394,19.28104575163399,False,241,20.65359477124183,286,False,False,306,SHERWIN WILLIAMS CO
2019-06-28,SJM,SJM,91419.0,2033.0,Food & beverage mfg,13102016476.762024,2019-04-30,0.608341472790591,5.0,9.0,34,89.2156862745098,19.28104575163399,True,73,61.24183006535948,90,False,False,306,J M SMUCKER Co
2019-06-28,SLB,SLB,87347.0,1389.0,Oil & gas extraction,54959004557.0197,2018-12-31,0.6579813497619321,6.75,8.0,29,90.84967320261438,62.41830065359477,True,31,79.47712418300654,25,False,False,306,SLB LIMITED/NV
2019-06-28,SNA,SNA,91440.0,3420.0,Other manufacturing,9212256898.734604,2018-12-29,0.33637794017942024,6.75,8.0,102,66.99346405228758,62.41830065359477,False,102,65.16339869281046,72,False,False,306,Snap-on Inc
2019-06-28,SNPS,SNPS,883241.0,7372.0,Business services & software,19241087259.306885,2018-10-31,0.18081888788884004,6.0,9.0,177,42.48366013071895,46.568627450980394,False,177,44.11764705882353,185,False,False,306,SYNOPSYS INC
2019-06-28,SO,SO,92122.0,4911.0,Utilities,57190712080.22415,2018-12-31,0.43229047341323296,6.75,8.0,73,76.47058823529412,62.41830065359477,True,33,70.84967320261438,48,False,False,306,SOUTHERN CO
2019-06-28,SPGI,SPGI,64040.0,7320.0,Business services & software,56628593950.686646,2018-12-31,0.011089803863872648,7.0,9.0,284,7.516339869281046,75.32679738562092,False,284,34.640522875817,236,False,False,306,S&P Global Inc.
2019-06-28,SRE,SRE,1032208.0,4931.0,Utilities,37663961511.28125,2018-12-31,0.45502382947334846,4.5,8.0,66,78.75816993464052,10.457516339869281,True,86,51.43790849673202,139,False,False,306,SEMPRA
2019-06-28,STX,STX,1137789.0,3572.0,Machinery & computers,13532143746.773624,2018-06-29,0.12304037195858006,7.0,9.0,217,29.411764705882355,75.32679738562092,False,217,47.777777777777786,167,False,False,306,Seagate Technology Holdings plc
2019-06-28,SWK,SWK,93556.0,3420.0,Other manufacturing,21887734271.670975,2018-12-29,0.3580178698597551,5.0,9.0,94,69.6078431372549,19.28104575163399,True,79,49.47712418300654,157,False,False,306,"STANLEY BLACK & DECKER, INC."
2019-06-28,SWKS,SWKS,4127.0,3674.0,Electronics & semis,13717896657.686882,2018-09-28,0.2986609465164784,4.5,8.0,114,63.0718954248366,10.457516339869281,False,114,42.026143790849666,192,False,False,306,"SKYWORKS SOLUTIONS, INC."
2019-06-28,SYK,SYK,310764.0,3841.0,Instruments & medical devices,76612396551.24933,2018-12-31,0.1531083809935811,6.0,9.0,194,36.9281045751634,46.568627450980394,False,194,40.7843137254902,200,False,False,306,STRYKER CORP
2019-06-28,SYY,SYY,96021.0,5140.0,Wholesale,36758488068.73096,2018-06-30,0.06820076482233155,6.0,9.0,257,16.33986928104575,46.568627450980394,False,257,28.431372549019606,264,False,False,306,SYSCO CORP
2019-06-28,T,T,732717.0,4813.0,Communications,244120349166.2979,2018-12-31,0.794214823394029,3.375,8.0,18,94.44444444444444,0.8169934640522877,True,99,56.99346405228758,107,False,False,306,AT&T INC.
2019-06-28,TAP,TAP,24545.0,2082.0,Food & beverage mfg,12096000000.0,2018-12-31,1.116683201058201,4.0,9.0,5,98.69281045751634,4.901960784313726,True,91,61.1764705882353,91,False,False,306,MOLSON COORS BEVERAGE CO
2019-06-28,TDG,TDG,1260221.0,3728.0,Transport equipment,25519692209.098206,2018-09-30,-0.07086570579229985,7.0,9.0,301,1.9607843137254901,75.32679738562092,False,301,31.307189542483663,252,False,False,306,TransDigm Group INC
2019-06-28,TEL,TEL,1385157.0,5065.0,Wholesale,32855796101.257324,2018-09-28,0.3296526423106674,5.0,9.0,103,66.66666666666666,19.28104575163399,False,103,47.71241830065359,168,False,False,306,TE Connectivity plc
2019-06-28,TFX,TFX,96943.0,3841.0,Instruments & medical devices,15239666769.363556,2018-12-31,0.16666886739978734,5.0,9.0,183,40.52287581699346,19.28104575163399,False,183,32.02614379084967,249,False,False,306,TELEFLEX INC
2019-06-28,TGT,TGT,27419.0,5331.0,Retail,44719619893.07478,2019-02-02,0.25261842625253256,6.0,9.0,139,54.90196078431373,46.568627450980394,False,139,51.5686274509804,137,False,False,306,TARGET CORP
2019-06-28,TJX,TJX,109198.0,5651.0,Retail,64227441177.32048,2019-02-02,0.07860512434337376,6.0,9.0,249,18.954248366013072,46.568627450980394,False,249,30.0,259,False,False,306,TJX COMPANIES INC /DE/
2019-06-28,TMO,TMO,97745.0,3829.0,Instruments & medical devices,117179398113.68976,2018-12-31,0.23541680913257054,7.875,8.0,146,52.614379084967325,86.60130718954248,False,146,66.20915032679738,69,False,False,306,THERMO FISHER SCIENTIFIC INC.
2019-06-28,TPR,TPR,1116132.0,3100.0,Other manufacturing,9139477116.036213,2018-06-30,0.35500936856737614,5.0,9.0,96,68.95424836601308,19.28104575163399,True,80,49.08496732026144,160,False,False,306,"TAPESTRY, INC."
2019-06-28,TSCO,TSCO,916365.0,5200.0,Retail,13195241508.393707,2018-12-29,0.11836236563055712,7.0,9.0,220,28.431372549019606,75.32679738562092,False,220,47.189542483660134,171,False,False,306,TRACTOR SUPPLY CO /DE/
2019-06-28,TTWO,TTWO,946581.0,7372.0,Business services & software,12776836471.150238,2019-03-31,0.15970933060054232,8.0,9.0,189,38.56209150326798,93.95424836601308,False,189,60.71895424836602,92,False,False,306,TAKE TWO INTERACTIVE SOFTWARE INC
2019-06-28,TXN,TXN,97476.0,3674.0,Electronics & semis,107700495045.0994,2018-12-31,0.08350936545123379,6.0,9.0,244,20.588235294117645,46.568627450980394,False,244,30.980392156862745,254,False,False,306,TEXAS INSTRUMENTS INC
2019-06-28,UAL,UAL,100517.0,4512.0,Transportation,23352000180.337967,2018-12-31,0.42801472776690197,6.75,8.0,75,75.81699346405229,62.41830065359477,True,34,70.45751633986929,49,False,False,306,"United Airlines Holdings, Inc."
2019-06-28,UHS,UHS,352915.0,8062.0,Health services,12162257583.068848,2018-12-31,0.4431136212328231,5.625,8.0,70,77.45098039215686,30.555555555555557,True,63,58.69281045751634,99,False,False,306,UNIVERSAL HEALTH SERVICES INC
2019-06-28,ULTA,ULTA,1403568.0,5990.0,Retail,20398431617.54297,2019-02-02,0.08923323293319199,7.875,8.0,239,22.22222222222222,86.60130718954248,False,239,47.97385620915033,166,False,False,306,"Ulta Beauty, Inc."
2019-06-28,UNP,UNP,100885.0,4011.0,Transportation,122245868074.0796,2018-12-31,0.16706495132926616,5.625,8.0,182,40.849673202614376,30.555555555555557,False,182,36.73202614379085,223,False,False,306,UNION PACIFIC CORP
2019-06-28,UPS,UPS,1090727.0,4210.0,Transportation,89431817092.89551,2018-12-31,0.03377992417242285,5.625,8.0,275,10.457516339869281,30.555555555555557,False,275,18.496732026143793,294,False,False,306,UNITED PARCEL SERVICE INC
2019-06-28,URI,URI,1067701.0,7359.0,Business services & software,10556165594.28833,2018-12-31,0.32237084285995626,5.0,9.0,106,65.68627450980392,19.28104575163399,False,106,47.12418300653595,172,False,False,306,"UNITED RENTALS, INC."
2019-06-28,UTX,RTX,101829.0,3724.0,Transport equipment,112199690608.05894,2018-12-31,0.3426569163572947,5.625,8.0,101,67.3202614379085,30.555555555555557,False,101,52.61437908496732,133,False,False,306,RTX Corp
2019-06-28,VLO,VLO,1035002.0,2911.0,Petroleum refining,35751976486.961655,2018-12-31,0.6060364245289127,6.0,9.0,35,88.88888888888889,46.568627450980394,True,48,71.96078431372548,44,False,False,306,VALERO ENERGY CORP/TX
2019-06-28,VMC,VMC,1396009.0,1400.0,Mining (other),18101696163.227295,2018-12-31,0.28742626951000544,6.0,9.0,121,60.78431372549019,46.568627450980394,False,121,55.09803921568627,120,False,False,306,Vulcan Materials CO
2019-06-28,VRSK,VRSK,1442145.0,7374.0,Business services & software,23947606861.58127,2018-12-31,0.08646375447735564,6.0,9.0,242,21.241830065359476,46.568627450980394,False,242,31.372549019607845,251,False,False,306,"Verisk Analytics, Inc."
2019-06-28,VRSN,VRSN,1014473.0,7371.0,Business services & software,25039579171.249237,2018-12-31,-0.05533136122314782,5.625,8.0,300,2.287581699346405,30.555555555555557,False,300,13.594771241830067,300,False,False,306,VERISIGN INC/CA
2019-06-28,VZ,VZ,732712.0,4813.0,Communications,236063785709.29117,2018-12-31,0.23175939433325238,5.625,8.0,150,51.307189542483655,30.555555555555557,False,150,43.006535947712415,188,False,False,306,VERIZON COMMUNICATIONS INC
2019-06-28,WAB,WAB,943452.0,3743.0,Transport equipment,6932971331.9882965,2018-12-31,0.41326162518233195,7.0,9.0,80,74.18300653594771,75.32679738562092,True,27,74.640522875817,38,False,False,306,WESTINGHOUSE AIR BRAKE TECHNOLOGIES CORP
2019-06-28,WAT,WAT,1000697.0,3826.0,Instruments & medical devices,15392327431.669296,2018-12-31,0.10182072899355098,6.0,9.0,231,24.836601307189543,46.568627450980394,False,231,33.529411764705884,239,False,False,306,WATERS CORP /DE/
2019-06-28,WDC,WDC,106040.0,3572.0,Machinery & computers,13854016564.703953,2018-06-29,0.8323217996849859,8.0,9.0,14,95.75163398692811,93.95424836601308,True,6,95.0326797385621,4,True,True,306,WESTERN DIGITAL CORP
2019-06-28,WHR,WHR,106640.0,3630.0,Electronics & semis,9049780822.479858,2018-12-31,0.2531553023150687,4.0,9.0,138,55.22875816993464,4.901960784313726,False,138,35.09803921568628,231,False,False,306,WHIRLPOOL CORP /DE/
2019-06-28,WM,WM,823768.0,4953.0,Utilities,48891446693.74527,2018-12-31,0.12834555784995347,6.0,9.0,214,30.392156862745097,46.568627450980394,False,214,36.86274509803921,221,False,False,306,WASTE MANAGEMENT INC
2019-06-28,WMB,WMB,107263.0,4922.0,Utilities,33955915723.20646,2018-12-31,0.4317362582561992,3.375,8.0,74,76.1437908496732,0.8169934640522877,True,100,46.01307189542483,179,False,False,306,"WILLIAMS COMPANIES, INC."
2019-06-28,WMT,WMT,104169.0,5331.0,Retail,317071426336.3463,2019-01-31,0.22864248865836603,5.0,9.0,152,50.65359477124183,19.28104575163399,False,152,38.10457516339869,215,False,False,306,Walmart Inc.
2019-06-28,WYNN,WYNN,1174922.0,7011.0,Services (hotels/personal),13345717479.705902,2018-12-31,0.1524176578061973,5.625,8.0,195,36.60130718954248,30.555555555555557,False,195,34.18300653594771,237,False,False,306,WYNN RESORTS LTD
2019-06-28,XEL,XEL,72903.0,4931.0,Utilities,30590435145.406708,2018-12-31,0.399536650652555,4.0,9.0,83,73.20261437908496,4.901960784313726,True,96,45.882352941176464,180,False,False,306,XCEL ENERGY INC
2019-06-28,XOM,XOM,34088.0,2911.0,Petroleum refining,324512898656.2977,2018-12-31,0.5910211914353991,9.0,8.0,37,88.23529411764706,99.34640522875817,True,3,92.6797385620915,6,True,True,306,EXXON MOBIL CORP
2019-06-28,XRAY,XRAY,818479.0,3843.0,Instruments & medical devices,13027010669.92154,2018-12-31,0.39311397908226664,5.0,9.0,87,71.89542483660131,19.28104575163399,True,77,50.849673202614376,146,False,False,306,DENTSPLY SIRONA Inc.
2019-06-28,XRX,XRX,108772.0,3577.0,Machinery & computers,8134614905.02652,2018-12-31,0.6152719038866024,7.875,8.0,33,89.54248366013073,86.60130718954248,True,15,88.36601307189542,12,True,True,306,XEROX CORP
2019-06-28,XYL,XYL,1524472.0,3561.0,Machinery & computers,15017787551.12973,2018-12-31,0.1843147661115884,7.0,9.0,175,43.13725490196079,75.32679738562092,False,175,56.013071895424844,111,False,False,306,Xylem Inc.
2019-06-28,ZBH,ZBH,1136869.0,3842.0,Instruments & medical devices,24069981047.60193,2018-12-31,0.46827207623094286,5.0,9.0,62,80.06535947712419,19.28104575163399,True,76,55.751633986928105,115,False,False,306,"ZIMMER BIOMET HOLDINGS, INC."
2019-06-28,ZTS,ZTS,1555280.0,2834.0,Chemicals & pharma,54335823610.58285,2018-12-31,0.04021288083639968,6.0,9.0,272,11.437908496732026,46.568627450980394,False,272,25.490196078431374,277,False,False,306,Zoetis Inc.
2020-06-30,AAL,AAL,6201.0,4512.0,Transportation,5568587654.05719,2019-12-31,-0.021190292284261156,6.75,8.0,304,5.015673981191222,66.14420062695925,False,304,29.46708463949843,279,False,False,319,American Airlines Group Inc.
2020-06-30,AAP,AAP,1158449.0,5531.0,Retail,9862972974.151962,2019-12-28,0.35983886494479184,6.0,9.0,111,65.51724137931035,52.82131661442007,False,111,60.43887147335424,106,False,False,319,ADVANCE AUTO PARTS INC
2020-06-30,AAPL,AAPL,320193.0,3571.0,Machinery & computers,1620903017760.9253,2019-09-28,0.055825671868387196,6.0,9.0,268,16.30094043887147,52.82131661442007,False,268,30.909090909090914,274,False,False,319,Apple Inc.
2020-06-30,ABBV,ABBV,1551152.0,2834.0,Chemicals & pharma,145223603588.3428,2019-12-31,-0.05627184423246175,7.0,9.0,308,3.761755485893417,76.8025078369906,False,308,32.978056426332294,264,False,False,319,AbbVie Inc.
2020-06-30,ABC,COR,1140859.0,5122.0,Wholesale,20750777991.952896,2019-09-30,0.1387377861743997,8.0,9.0,219,31.661442006269592,92.94670846394985,False,219,56.17554858934169,128,False,False,319,"Cencora, Inc."
2020-06-30,ABT,ABT,1800.0,2834.0,Chemicals & pharma,161230701945.64713,2019-12-31,0.19281687435982356,7.0,9.0,185,42.31974921630094,76.8025078369906,False,185,56.112852664576806,130,False,False,319,ABBOTT LABORATORIES
2020-06-30,ACN,ACN,1467373.0,7389.0,Business services & software,137012430178.92838,2019-08-31,0.1051656990623615,7.0,9.0,235,26.64576802507837,76.8025078369906,False,235,46.708463949843264,193,False,False,319,Accenture plc
2020-06-30,ADBE,ADBE,796343.0,7372.0,Business services & software,209876433550.17242,2019-11-29,0.05017311768585344,5.0,9.0,272,15.047021943573668,25.54858934169279,False,272,19.247648902821318,301,False,False,319,ADOBE INC.
2020-06-30,ADI,ADI,6281.0,3674.0,Electronics & semis,45168602309.36607,2019-11-02,0.25923290518936437,4.5,8.0,147,54.2319749216301,14.576802507836991,False,147,38.36990595611285,225,False,False,319,ANALOG DEVICES INC
2020-06-30,ADM,ADM,7084.0,2070.0,Food & beverage mfg,22259711861.86876,2019-12-31,0.8636679629682328,3.0,9.0,33,89.96865203761756,2.3510971786833856,True,97,54.92163009404389,137,False,False,319,Archer-Daniels-Midland Co
2020-06-30,ADP,ADP,8670.0,7374.0,Business services & software,64609748736.07231,2019-06-30,0.08357717071549572,8.0,9.0,248,22.570532915360502,92.94670846394985,False,248,50.721003134796234,159,False,False,319,AUTOMATIC DATA PROCESSING INC
2020-06-30,AEE,AEE,1002910.0,4931.0,Utilities,17324863406.60791,2019-12-31,0.4651696126461927,4.5,8.0,90,72.10031347962382,14.576802507836991,True,85,49.090909090909086,170,False,False,319,AMEREN CORP
2020-06-30,AEP,AEP,4904.0,4911.0,Utilities,39355656368.82289,2019-12-31,0.4988406194021048,3.375,8.0,75,76.8025078369906,4.702194357366771,True,96,47.96238244514107,178,False,False,319,AMERICAN ELECTRIC POWER CO INC
2020-06-30,AES,AES,874761.0,4991.0,Utilities,9621895036.164007,2019-12-31,0.3113731742800663,3.375,8.0,128,60.18808777429467,4.702194357366771,False,128,37.99373040752351,227,False,False,319,AES CORP
2020-06-30,AKAM,AKAM,1086222.0,7389.0,Business services & software,17335927473.300934,2019-12-31,0.21100445912880184,7.875,8.0,173,46.08150470219436,85.8934169278997,False,173,62.0062695924765,93,False,False,319,AKAMAI TECHNOLOGIES INC
2020-06-30,ALB,ALB,915913.0,2821.0,Chemicals & pharma,8200177284.735359,2019-12-31,0.47953231539516694,4.0,9.0,83,74.29467084639498,8.77742946708464,True,93,48.087774294670844,176,False,False,319,ALBEMARLE CORP
2020-06-30,ALGN,ALGN,1097149.0,3842.0,Instruments & medical devices,21613017697.10846,2019-12-31,0.06228510145439338,5.625,8.0,264,17.55485893416928,38.557993730407524,False,264,25.956112852664578,288,False,False,319,ALIGN TECHNOLOGY INC
2020-06-30,ALK,ALK,766421.0,4512.0,Transportation,4456825536.294594,2019-12-31,0.9717679017789856,9.0,8.0,24,92.78996865203762,99.05956112852664,True,1,95.29780564263322,1,True,True,319,"ALASKA AIR GROUP, INC."
2020-06-30,ALLE,ALLE,1579241.0,7381.0,Business services & software,9465625471.877747,2019-12-31,0.08001584282520219,7.0,9.0,252,21.316614420062695,76.8025078369906,False,252,43.510971786833856,211,False,False,319,Allegion plc
2020-06-30,AMAT,AMAT,6951.0,3674.0,Electronics & semis,55330133422.42161,2019-10-27,0.1484543682063744,5.0,9.0,213,33.5423197492163,25.54858934169279,False,213,30.344827586206893,275,False,False,319,APPLIED MATERIALS INC /DE
2020-06-30,AMD,AMD,2488.0,3674.0,Electronics & semis,61535894122.864746,2019-12-28,0.04594066666774211,6.0,9.0,275,14.106583072100312,52.82131661442007,False,275,29.592476489028215,278,False,False,319,ADVANCED MICRO DEVICES INC
2020-06-30,AME,AME,1037868.0,3823.0,Instruments & medical devices,20476821356.938133,2019-12-31,0.24981865646186951,5.0,9.0,155,51.724137931034484,25.54858934169279,False,155,41.25391849529781,216,False,False,319,AMETEK INC/
2020-06-30,AMGN,AMGN,318154.0,2836.0,Chemicals & pharma,139111836689.32953,2019-12-31,0.06953398237133591,6.0,9.0,258,19.435736677115987,52.82131661442007,False,258,32.78996865203762,266,False,False,319,AMGEN INC
2020-06-30,AMZN,AMZN,1018724.0,5961.0,Retail,1373369351994.2761,2019-12-31,0.045188135230979476,5.0,9.0,276,13.793103448275861,25.54858934169279,False,276,18.495297805642632,303,False,False,319,AMAZON COM INC
2020-06-30,ANET,ANET,1596532.0,3576.0,Machinery & computers,16062931953.451569,2019-12-31,0.18020906820675386,6.75,8.0,193,39.811912225705335,66.14420062695925,False,193,50.344827586206904,162,False,False,319,"Arista Networks, Inc."
2020-06-30,AOS,AOS,91142.0,3630.0,Electronics & semis,7796024603.199863,2019-12-31,0.21380127498775017,4.0,9.0,171,46.70846394984326,8.77742946708464,False,171,31.536050156739808,273,False,False,319,SMITH A O CORP
2020-06-30,APA,APA,6769.0,1311.0,Oil & gas extraction,5093768146.5,2019-12-31,0.6390161284110578,2.0,9.0,57,82.44514106583071,0.6269592476489028,True,100,49.717868338557984,164,False,False,319,APACHE CORP
2020-06-30,APH,APH,820313.0,3678.0,Electronics & semis,28561070932.763977,2019-12-31,0.15861800177818414,4.0,9.0,203,36.677115987460816,8.77742946708464,False,203,25.517241379310345,290,False,False,319,AMPHENOL CORP /DE/
2020-06-30,APTV,APTV,1521332.0,3714.0,Transport equipment,19892059193.35327,2019-12-31,0.19198615703275607,6.0,9.0,186,42.00626959247649,52.82131661442007,False,186,46.332288401253926,195,False,False,319,Aptiv PLC
2020-06-30,ATO,ATO,731802.0,4924.0,Utilities,11884230429.624557,2019-09-30,0.4838532064866449,4.5,8.0,81,74.92163009404389,14.576802507836991,True,84,50.78369905956113,158,False,False,319,ATMOS ENERGY CORP
2020-06-30,AVGO,AVGO,1730168.0,3674.0,Electronics & semis,125547227608.99747,2019-11-03,0.19865830950625132,6.0,9.0,181,43.573667711598745,52.82131661442007,False,181,47.27272727272728,184,False,False,319,Broadcom Inc.
2020-06-30,AVY,AVY,8818.0,2670.0,Other manufacturing,9503417402.635254,2019-12-28,0.1266912678870799,6.0,9.0,223,30.407523510971785,52.82131661442007,False,223,39.3730407523511,223,False,False,319,Avery Dennison Corp
2020-06-30,AWK,AWK,1410636.0,4941.0,Utilities,23284208009.289215,2019-12-31,0.26288203565085966,5.625,8.0,144,55.172413793103445,38.557993730407524,False,144,48.52664576802508,172,False,False,319,"American Water Works Company, Inc."
2020-06-30,AZO,AZO,866787.0,5531.0,Retail,26880274671.174805,2019-08-31,-0.06375868628447671,7.0,9.0,311,2.8213166144200628,76.8025078369906,False,311,32.41379310344828,268,False,False,319,AUTOZONE INC
2020-06-30,BA,BA,12927.0,3721.0,Transport equipment,103225801445.00415,2019-12-31,-0.08347719154877087,1.0,9.0,313,2.19435736677116,0.3134796238244514,False,313,1.4420062695924765,318,False,False,319,BOEING CO
2020-06-30,BAX,BAX,10456.0,3841.0,Instruments & medical devices,43675406465.07697,2019-12-31,0.18046769653540554,6.0,9.0,192,40.12539184952978,52.82131661442007,False,192,45.2037617554859,200,False,False,319,BAXTER INTERNATIONAL INC
2020-06-30,BBY,BBY,764478.0,5731.0,Retail,22425877506.76468,2020-02-01,0.15513328292061584,6.75,8.0,209,34.79623824451411,66.14420062695925,False,209,47.33542319749216,182,False,False,319,BEST BUY CO INC
2020-06-30,BDX,BDX,10795.0,3841.0,Instruments & medical devices,64712938229.25563,2019-09-30,0.32576174991958,7.0,9.0,121,62.38244514106584,76.8025078369906,False,121,68.15047021943573,56,False,False,319,BECTON DICKINSON & CO
2020-06-30,BF.B,BF-B,14693.0,2080.0,Food & beverage mfg,30442784867.031097,2020-04-30,0.06487579926167937,3.0,9.0,261,18.495297805642632,2.3510971786833856,False,261,12.037617554858933,313,False,False,319,BROWN FORMAN CORP
2020-06-30,BIIB,BIIB,875045.0,2836.0,Chemicals & pharma,46570824018.24518,2019-12-31,0.28651414874627296,6.0,9.0,136,57.68025078369906,52.82131661442007,False,136,55.73667711598746,133,False,False,319,BIOGEN INC.
2020-06-30,BIO,BIO,12208.0,3826.0,Instruments & medical devices,13473815778.564453,2019-12-31,0.4271289658832758,5.0,9.0,99,69.27899686520375,25.54858934169279,True,76,51.78683385579937,153,False,False,319,"BIO-RAD LABORATORIES, INC."
2020-06-30,BKNG,BKNG,1075531.0,4700.0,Transportation,65384368597.74876,2019-12-31,0.09074034248920282,6.75,8.0,242,24.45141065830721,66.14420062695925,False,242,41.12852664576803,217,False,False,319,Booking Holdings Inc.
2020-06-30,BLL,BALL,9389.0,3411.0,Other manufacturing,22637979666.973343,2019-12-31,0.13026780849628158,8.0,9.0,222,30.721003134796238,92.94670846394985,False,222,55.61128526645768,134,False,False,319,BALL Corp
2020-06-30,BMY,BMY,14272.0,2834.0,Chemicals & pharma,132741633082.45595,2019-12-31,0.3887099985273539,4.0,9.0,105,67.39811912225704,8.77742946708464,False,105,43.94984326018808,208,False,False,319,BRISTOL MYERS SQUIBB CO
2020-06-30,BR,BR,1383312.0,7389.0,Business services & software,14421337725.330566,2019-06-30,0.07818276095286128,7.0,9.0,253,21.003134796238246,76.8025078369906,False,253,43.32288401253919,213,False,False,319,"BROADRIDGE FINANCIAL SOLUTIONS, INC."
2020-06-30,BSX,BSX,885725.0,3841.0,Instruments & medical devices,49020419555.56001,2019-12-31,0.2830861123959115,4.0,9.0,138,57.05329153605015,8.77742946708464,False,138,37.74294670846395,228,False,False,319,BOSTON SCIENTIFIC CORP
2020-06-30,BWA,BWA,908255.0,3714.0,Transport equipment,7286258486.585931,2019-12-31,0.6458733256120119,6.0,9.0,56,82.75862068965517,52.82131661442007,True,31,70.78369905956113,39,False,False,319,BORGWARNER INC
2020-06-30,CAG,CAG,23217.0,2000.0,Food & beverage mfg,17097184703.419724,2019-05-26,0.43191906317318757,5.0,9.0,97,69.90595611285266,25.54858934169279,True,75,52.16300940438872,149,False,False,319,CONAGRA BRANDS INC.
2020-06-30,CAH,CAH,721371.0,5122.0,Wholesale,15559596245.395699,2019-06-30,0.40669435762978384,7.0,9.0,103,68.02507836990596,76.8025078369906,False,103,71.5360501567398,37,False,False,319,CARDINAL HEALTH INC
2020-06-30,CAT,CAT,18230.0,3531.0,Machinery & computers,69585450165.0,2019-12-31,0.21023073020742022,5.0,9.0,174,45.76802507836991,25.54858934169279,False,174,37.680250783699066,230,False,False,319,CATERPILLAR INC
2020-06-30,CCL,CCL,815097.0,4400.0,Transportation,8664503193.678778,2019-11-30,2.9274615558460564,4.0,9.0,1,100.0,8.77742946708464,True,87,63.510971786833856,82,False,False,319,Carnival Corp Ltd.
2020-06-30,CDW,CDW,1402057.0,5961.0,Retail,16587197444.590416,2019-12-31,0.057894047695994766,8.0,9.0,267,16.614420062695924,92.94670846394985,False,267,47.14733542319749,186,False,False,319,CDW Corp
2020-06-30,CE,CE,1306830.0,2820.0,Chemicals & pharma,10322458385.693115,2019-12-31,0.24286850150683986,4.0,9.0,157,51.09717868338558,8.77742946708464,False,157,34.1692789968652,255,False,False,319,Celanese Corp
2020-06-30,CF,CF,1324404.0,2870.0,Chemicals (other),6083056788.839584,2019-12-31,0.4762408276896322,8.0,9.0,84,73.98119122257053,92.94670846394985,True,4,81.56739811912226,10,True,True,319,"CF Industries Holdings, Inc."
2020-06-30,CHD,CHD,313927.0,2840.0,Chemicals (other),18989486051.793533,2019-12-31,0.14048826770369752,8.0,9.0,216,32.60188087774294,92.94670846394985,False,216,56.739811912225704,124,False,False,319,CHURCH & DWIGHT CO INC /DE/
2020-06-30,CHRW,CHRW,1043277.0,4731.0,Transportation,10664625229.27185,2019-12-31,0.15666092001191426,5.625,8.0,206,35.73667711598746,38.557993730407524,False,206,36.86520376175549,237,False,False,319,"C. H. ROBINSON WORLDWIDE, INC."
2020-06-30,CHTR,CHTR,1091667.0,4841.0,Communications,111957216995.0679,2019-12-31,0.28086621697094577,7.875,8.0,140,56.42633228840125,85.8934169278997,False,140,68.21316614420063,55,False,False,319,"CHARTER COMMUNICATIONS, INC. /MO/"
2020-06-30,CL,CL,21665.0,2844.0,Chemicals (other),62639483289.56066,2019-12-31,0.0018678314994896984,7.0,9.0,296,7.523510971786834,76.8025078369906,False,296,35.23510971786834,249,False,False,319,COLGATE PALMOLIVE CO
2020-06-30,CLX,CLX,21076.0,2842.0,Chemicals (other),27584126346.143066,2019-06-30,0.020265278406331032,6.0,9.0,288,10.031347962382444,52.82131661442007,False,288,27.147335423197497,284,False,False,319,CLOROX CO /DE/
2020-06-30,CMCSA,CMCSA,1166691.0,4841.0,Communications,177281038681.45752,2019-12-31,0.46663760893596695,6.75,8.0,89,72.41379310344827,66.14420062695925,True,19,69.90595611285266,44,True,False,319,COMCAST CORP
2020-06-30,CMI,CMI,26172.0,3510.0,Machinery & computers,26035721332.444077,2019-12-31,0.2883346270358659,6.0,9.0,135,57.993730407523515,52.82131661442007,False,135,55.924764890282134,131,False,False,319,CUMMINS INC
2020-06-30,CMS,CMS,811156.0,4931.0,Utilities,16584398013.136154,2019-12-31,0.30257353905914147,3.375,8.0,132,58.93416927899686,4.702194357366771,False,132,37.241379310344826,234,False,False,319,CMS ENERGY CORP
2020-06-30,CNP,CNP,1130310.0,4911.0,Utilities,9376880302.268114,2019-12-31,0.891447872911217,5.0,9.0,32,90.28213166144201,25.54858934169279,True,61,64.38871473354232,75,False,False,319,CENTERPOINT ENERGY INC
2020-06-30,COO,COO,711404.0,3851.0,Instruments & medical devices,13916046807.246826,2019-10-31,0.26073496663653783,7.0,9.0,145,54.858934169278996,76.8025078369906,False,145,63.63636363636364,80,False,False,319,"COOPER COMPANIES, INC."
2020-06-30,COP,COP,1163165.0,2911.0,Petroleum refining,45429184573.20314,2019-12-31,0.7700116198130902,7.0,9.0,40,87.7742946708464,76.8025078369906,True,10,83.38557993730407,8,True,True,319,CONOCOPHILLIPS
2020-06-30,COST,COST,909832.0,5331.0,Retail,133308380052.66571,2019-09-01,0.11434389941561061,5.0,9.0,229,28.526645768025077,25.54858934169279,False,229,27.33542319749216,283,False,False,319,COSTCO WHOLESALE CORP /NEW
2020-06-30,COTY,COTY,1024305.0,2844.0,Chemicals (other),3371259202.51323,2019-06-30,1.3605895377550696,4.0,9.0,12,96.55172413793103,8.77742946708464,True,90,61.442006269592476,99,False,False,319,COTY INC.
2020-06-30,CPB,CPB,16732.0,2000.0,Food & beverage mfg,14947893165.642036,2019-07-28,0.07378966304999172,4.0,9.0,257,19.74921630094044,8.77742946708464,False,257,15.360501567398119,308,False,False,319,CAMPBELL'S Co
2020-06-30,CPRT,CPRT,900075.0,5500.0,Retail,19339468711.23169,2019-07-31,0.0919560421516222,6.0,9.0,241,24.76489028213166,52.82131661442007,False,241,35.98746081504703,243,False,False,319,COPART INC
2020-06-30,CRM,CRM,1108524.0,7372.0,Business services & software,167660351638.79395,2020-01-31,0.20210502762753094,6.0,9.0,180,43.8871473354232,52.82131661442007,False,180,47.46081504702195,181,False,False,319,"Salesforce, Inc."
2020-06-30,CSX,CSX,277948.0,4011.0,Transportation,53966597677.89565,2019-12-31,0.21982115809496366,5.625,8.0,165,48.589341692789965,38.557993730407524,False,165,44.57680250783699,202,False,False,319,CSX CORP
2020-06-30,CTL,LUMN,18926.0,4813.0,Communications,10928089018.36135,2019-12-31,1.232603429324902,5.0,9.0,17,94.98432601880877,25.54858934169279,True,57,67.21003134796238,60,False,False,319,"Lumen Technologies, Inc."
2020-06-30,CTSH,CTSH,1058290.0,7371.0,Business services & software,31173560195.489243,2019-12-31,0.35356885549424233,5.0,9.0,113,64.89028213166145,25.54858934169279,False,113,49.15360501567399,168,False,False,319,COGNIZANT TECHNOLOGY SOLUTIONS CORP
2020-06-30,CVX,CVX,93410.0,2911.0,Petroleum refining,167692155089.71844,2019-12-31,0.8599865624175641,6.0,9.0,34,89.65517241379311,52.82131661442007,True,26,74.92163009404389,26,False,False,319,CHEVRON CORP
2020-06-30,D,D,715957.0,4911.0,Utilities,68028866639.237404,2019-12-31,0.47030035307903595,5.625,8.0,87,73.04075235109718,38.557993730407524,True,51,59.24764890282132,112,False,False,319,"DOMINION ENERGY, INC"
2020-06-30,DAL,DAL,27904.0,4512.0,Transportation,17954636071.397038,2019-12-31,0.8553779613760227,7.875,8.0,35,89.34169278996865,85.8934169278997,True,8,87.96238244514106,5,True,True,319,"DELTA AIR LINES, INC."
2020-06-30,DG,DG,29534.0,5331.0,Retail,47997337965.16504,2020-01-31,0.13964316114498818,8.0,9.0,217,32.288401253918494,92.94670846394985,False,217,56.55172413793103,126,False,False,319,DOLLAR GENERAL CORP
2020-06-30,DGX,DGX,1022079.0,8071.0,Health services,15208539427.098236,2019-12-31,0.3709100421536201,7.0,9.0,108,66.4576802507837,76.8025078369906,False,108,70.59561128526646,40,False,False,319,QUEST DIAGNOSTICS INC
2020-06-30,DHR,DHR,313616.0,3823.0,Instruments & medical devices,123115613621.20314,2019-12-31,0.24587133272255207,6.0,9.0,156,51.410658307210035,52.82131661442007,False,156,51.974921630094045,151,False,False,319,DANAHER CORP /DE/
2020-06-30,DLTR,DLTR,935703.0,5331.0,Retail,21947628816.148933,2020-02-01,0.28498750604884276,7.0,9.0,137,57.36677115987461,76.8025078369906,False,137,65.141065830721,71,False,False,319,"DOLLAR TREE, INC."
2020-06-30,DOV,DOV,29905.0,3530.0,Machinery & computers,13936312679.476685,2019-12-31,0.2176084929886833,8.0,9.0,168,47.64890282131661,92.94670846394985,False,168,65.7680250783699,68,False,False,319,DOVER Corp
2020-06-30,DPZ,DPZ,1286681.0,5140.0,Wholesale,14285150982.56195,2019-12-29,-0.2391125585000576,8.0,9.0,317,0.9404388714733543,92.94670846394985,False,317,37.74294670846395,229,False,False,319,DOMINOS PIZZA INC
2020-06-30,DRI,DRI,940944.0,5812.0,Retail,9325806874.497032,2019-05-26,0.2565568890926706,9.0,9.0,152,52.66457680250783,99.05956112852664,False,152,71.22257053291536,38,False,False,319,DARDEN RESTAURANTS INC
2020-06-30,DUK,DUK,1326160.0,4931.0,Utilities,58585091336.26579,2019-12-31,0.7992135700745402,5.0,9.0,37,88.71473354231975,25.54858934169279,True,62,63.44827586206897,83,False,False,319,Duke Energy CORP
2020-06-30,DVA,DVA,927066.0,8090.0,Health services,9939983923.339844,2019-12-31,0.21462901916678076,5.625,8.0,170,47.02194357366771,38.557993730407524,False,170,43.63636363636364,210,False,False,319,DAVITA INC.
2020-06-30,DVN,DVN,1090012.0,1311.0,Oil & gas extraction,4342086058.425903,2019-12-31,1.3362240918143722,4.0,9.0,14,95.92476489028213,8.77742946708464,True,91,61.06583072100314,104,False,False,319,DEVON ENERGY CORP/DE
2020-06-30,DXC,DXC,1688568.0,7374.0,Business services & software,4186903924.5,2020-03-31,1.1428492476266756,5.0,9.0,20,94.04388714733543,25.54858934169279,True,58,66.64576802507837,61,False,False,319,DXC Technology Co
2020-06-30,DXCM,DXCM,1093557.0,3841.0,Instruments & medical devices,37132264607.75372,2019-12-31,0.02376908624678122,4.5,8.0,286,10.658307210031348,14.576802507836991,False,286,12.225705329153605,312,False,False,319,DEXCOM INC
2020-06-30,EBAY,EBAY,1065088.0,7389.0,Business services & software,41754439931.06147,2019-12-31,0.06873520527969011,5.0,9.0,259,19.122257053291534,25.54858934169279,False,259,21.692789968652036,297,False,False,319,EBAY INC
2020-06-30,ECL,ECL,31462.0,2840.0,Chemicals (other),57330712358.585815,2019-12-31,0.15149471622951663,8.0,9.0,211,34.1692789968652,92.94670846394985,False,211,57.68025078369906,118,False,False,319,ECOLAB INC.
2020-06-30,ED,ED,1047862.0,4931.0,Utilities,24008469802.82019,2019-12-31,0.7506517553185759,5.625,8.0,42,87.14733542319749,38.557993730407524,True,44,67.7115987460815,57,False,False,319,CONSOLIDATED EDISON INC
2020-06-30,EFX,EFX,33185.0,7320.0,Business services & software,20837996489.3313,2019-12-31,0.12374510194970997,3.0,9.0,225,29.780564263322884,2.3510971786833856,False,225,18.808777429467085,302,False,False,319,EQUIFAX INC
2020-06-30,EL,EL,1001250.0,2844.0,Chemicals (other),68585177337.646484,2019-06-30,0.06394967790791903,6.0,9.0,263,17.86833855799373,52.82131661442007,False,263,31.849529780564268,271,False,False,319,ESTEE LAUDER COMPANIES INC
2020-06-30,EMN,EMN,915389.0,2821.0,Chemicals & pharma,9470555640.436432,2019-12-31,0.6291077552578992,6.0,9.0,59,81.81818181818183,52.82131661442007,True,32,70.21943573667713,42,False,False,319,EASTMAN CHEMICAL CO
2020-06-30,EMR,EMR,32604.0,3600.0,Electronics & semis,37785811641.45401,2019-09-30,0.2178860170616992,7.0,9.0,166,48.275862068965516,76.8025078369906,False,166,59.68652037617555,110,False,False,319,EMERSON ELECTRIC CO
2020-06-30,EOG,EOG,821189.0,1311.0,Oil & gas extraction,29486878398.84554,2019-12-31,0.7339100364332656,4.5,8.0,45,86.20689655172413,14.576802507836991,True,81,57.554858934169275,119,False,False,319,EOG RESOURCES INC
2020-06-30,ES,ES,72741.0,4911.0,Utilities,27475157140.38082,2019-12-31,0.4596877803271025,4.5,8.0,91,71.78683385579937,14.576802507836991,True,86,48.90282131661442,171,False,False,319,EVERSOURCE ENERGY
2020-06-30,ETN,ETN,1551182.0,3590.0,Machinery & computers,36164233387.75635,2019-12-31,0.44469351327227835,8.0,9.0,94,70.84639498432603,92.94670846394985,True,5,79.68652037617555,13,True,True,319,Eaton Corp plc
2020-06-30,ETR,ETR,65984.0,4911.0,Utilities,18736364804.165894,2019-12-31,0.5456594759367004,4.5,8.0,70,78.36990595611285,14.576802507836991,True,82,52.8526645768025,144,False,False,319,ENTERGY CORP /DE/
2020-06-30,EVRG,EVRG,1711269.0,4911.0,Utilities,13438613088.282524,2019-12-31,0.6378560007411823,6.75,8.0,58,82.13166144200626,66.14420062695925,True,16,75.73667711598746,25,True,False,319,"Evergy, Inc."
2020-06-30,EW,EW,1099800.0,3842.0,Instruments & medical devices,43357384479.65488,2019-12-31,0.09567689679128497,7.0,9.0,239,25.391849529780565,76.8025078369906,False,239,45.95611285266458,196,False,False,319,Edwards Lifesciences Corp
2020-06-30,EXC,EXC,1109357.0,4911.0,Utilities,35358057188.53651,2019-12-31,0.911362290868385,5.625,8.0,29,91.22257053291536,38.557993730407524,True,43,70.15673981191222,43,False,False,319,EXELON CORP
2020-06-30,EXPE,EXPE,1324424.0,4700.0,Transportation,12099346350.79956,2019-12-31,0.32786895134528066,7.0,9.0,119,63.00940438871473,76.8025078369906,False,119,68.52664576802508,51,False,False,319,"Expedia Group, Inc."
2020-06-30,F,F,37996.0,3711.0,Transport equipment,24149759696.96045,2019-12-31,1.3741337560463076,5.0,9.0,11,96.86520376175548,25.54858934169279,True,55,68.3385579937304,53,False,False,319,FORD MOTOR CO
2020-06-30,FANG,FANG,1539838.0,1311.0,Oil & gas extraction,6619457156.215408,2019-12-31,2.0015236426992677,5.625,8.0,4,99.05956112852664,38.557993730407524,True,40,74.858934169279,27,False,False,319,"Diamondback Energy, Inc."
2020-06-30,FAST,FAST,815556.0,5200.0,Retail,24599854651.09998,2019-12-31,0.10835836381174749,4.0,9.0,234,26.959247648902824,8.77742946708464,False,234,19.68652037617555,299,False,False,319,FASTENAL CO
2020-06-30,FB,META,1326801.0,7370.0,Business services & software,648057800903.3203,2019-12-31,0.155933621752785,5.625,8.0,207,35.42319749216301,38.557993730407524,False,207,36.677115987460816,239,False,False,319,"Meta Platforms, Inc."
2020-06-30,FBHS,FBIN,1519751.0,2430.0,Other manufacturing,8948390637.12151,2019-12-31,0.27117725392245295,7.0,9.0,142,55.79937304075236,76.8025078369906,False,142,64.20062695924766,76,False,False,319,"Fortune Brands Innovations, Inc."
2020-06-30,FCX,FCX,831259.0,1000.0,Mining (metals/coal),16787750526.018356,2019-12-31,0.5538562171024386,3.0,9.0,68,78.99686520376176,2.3510971786833856,True,99,48.338557993730404,174,False,False,319,FREEPORT-MCMORAN INC
2020-06-30,FDX,FDX,1048911.0,4513.0,Transportation,36570555335.76184,2019-05-31,0.48555456259740404,5.0,9.0,80,75.23510971786834,25.54858934169279,True,73,55.36050156739812,135,False,False,319,FEDEX CORP
2020-06-30,FE,FE,1031296.0,4911.0,Utilities,20968884730.96884,2019-12-31,0.3326357166577704,4.5,8.0,118,63.322884012539184,14.576802507836991,False,118,43.824451410658305,209,False,False,319,FIRSTENERGY CORP
2020-06-30,FFIV,FFIV,1048695.0,3576.0,Machinery & computers,8479530122.660522,2019-09-30,0.20773521345158166,4.5,8.0,175,45.45454545454545,14.576802507836991,False,175,33.103448275862064,263,False,False,319,"F5, INC."
2020-06-30,FIS,FIS,1136893.0,7389.0,Business services & software,82642564305.1228,2019-12-31,0.5982389391677594,6.0,9.0,63,80.56426332288402,52.82131661442007,True,33,69.46708463949844,47,False,False,319,"Fidelity National Information Services, Inc."
2020-06-30,FISV,FISV,798354.0,7389.0,Business services & software,66293625061.660515,2019-12-31,0.4974686475407828,5.625,8.0,76,76.48902821316614,38.557993730407524,True,49,61.31661442006269,100,False,False,319,FISERV INC
2020-06-30,FLS,FLS,30625.0,3561.0,Machinery & computers,3733296979.201729,2019-12-31,0.47956458057693085,7.875,8.0,82,74.60815047021944,85.8934169278997,True,9,79.12225705329155,15,True,True,319,FLOWSERVE CORP
2020-06-30,FMC,FMC,37785.0,2800.0,Chemicals & pharma,12863362522.930466,2019-12-31,0.196861434596582,6.0,9.0,183,42.94670846394985,52.82131661442007,False,183,46.896551724137936,190,False,False,319,FMC CORP
2020-06-30,FTI,FTI,1681459.0,3533.0,Machinery & computers,3057923088.140004,2019-12-31,2.5047392557733703,4.5,8.0,2,99.68652037617555,14.576802507836991,True,77,65.64263322884013,69,False,False,319,TechnipFMC plc
2020-06-30,FTNT,FTNT,1262039.0,3577.0,Machinery & computers,23681096296.95669,2019-12-31,0.055820895427458744,5.625,8.0,269,15.987460815047022,38.557993730407524,False,269,25.015673981191224,291,False,False,319,"Fortinet, Inc."
2020-06-30,FTV,FTV,1659166.0,3823.0,Instruments & medical devices,22761856188.113647,2019-12-31,0.3245341653576358,3.0,9.0,123,61.75548589341693,2.3510971786833856,False,123,37.993730407523515,226,False,False,319,Fortive Corp
2020-06-30,GD,GD,40533.0,3730.0,Transport equipment,43287703134.69945,2019-12-31,0.31364565492773094,3.0,9.0,127,60.50156739811913,2.3510971786833856,False,127,37.24137931034483,233,False,False,319,GENERAL DYNAMICS CORP
2020-06-30,GE,GE,40545.0,3600.0,Electronics & semis,59695784620.49784,2019-12-31,0.474338350354425,5.625,8.0,86,73.35423197492163,38.557993730407524,True,50,59.43573667711599,111,False,False,319,GENERAL ELECTRIC CO
2020-06-30,GILD,GILD,882095.0,2836.0,Chemicals & pharma,97224207397.69043,2019-12-31,0.23168098360383324,8.0,9.0,159,50.470219435736674,92.94670846394985,False,159,67.46081504702194,59,False,False,319,"GILEAD SCIENCES, INC."
2020-06-30,GIS,GIS,40704.0,2040.0,Food & beverage mfg,37110810936.66747,2019-05-26,0.19009285493758304,5.0,9.0,187,41.692789968652036,25.54858934169279,False,187,35.23510971786834,248,False,False,319,GENERAL MILLS INC
2020-06-30,GLW,GLW,24741.0,3357.0,Other manufacturing,19777971798.098934,2019-12-31,0.6525947216306894,5.0,9.0,55,83.07210031347962,25.54858934169279,True,69,60.062695924764895,107,False,False,319,CORNING INC /NY
2020-06-30,GM,GM,1467858.0,3711.0,Transport equipment,36153751103.65794,2019-12-31,1.1559519752231628,4.5,8.0,19,94.35736677115987,14.576802507836991,True,78,62.44514106583072,91,False,False,319,General Motors Co
2020-06-30,GOOG,GOOG,1652044.0,7370.0,Business services & software,973037187254.3335,2019-12-31,0.20702394794223508,6.0,9.0,176,45.141065830721004,52.82131661442007,False,176,48.21316614420063,175,False,False,319,Alphabet Inc.
2020-06-30,GPC,GPC,40987.0,5013.0,Wholesale,12642385802.979149,2019-12-31,0.2906656273006685,6.0,9.0,134,58.307210031347964,52.82131661442007,False,134,56.112852664576806,129,False,False,319,GENUINE PARTS CO
2020-06-30,GPN,GPN,1123360.0,7389.0,Business services & software,50822777600.95618,2019-12-31,0.5480957223297438,6.0,9.0,69,78.68338557993731,52.82131661442007,True,34,68.33855799373042,52,False,False,319,GLOBAL PAYMENTS INC
2020-06-30,GPS,GAP,39911.0,5651.0,Retail,4685825228.247912,2020-02-01,0.7076661715870042,5.0,9.0,47,85.57993730407524,25.54858934169279,True,66,61.56739811912226,98,False,False,319,GAP INC
2020-06-30,GRMN,GRMN,1121788.0,3812.0,Instruments & medical devices,18592017307.5,2019-12-28,0.2578254914847949,7.875,8.0,149,53.60501567398119,85.8934169278997,False,149,66.52037617554859,63,False,False,319,GARMIN LTD
2020-06-30,GWW,GWW,277135.0,5000.0,Wholesale,16856665289.455261,2019-12-31,0.11004549050163563,7.0,9.0,233,27.27272727272727,76.8025078369906,False,233,47.0846394984326,188,False,False,319,"W.W. GRAINGER, INC."
2020-06-30,HAL,HAL,45012.0,1389.0,Oil & gas extraction,11421250179.268505,2019-12-31,0.7014993870411079,3.375,8.0,48,85.26645768025078,4.702194357366771,True,95,53.040752351097176,143,False,False,319,HALLIBURTON CO
2020-06-30,HAS,HAS,46080.0,3944.0,Other manufacturing,10258924961.13478,2019-12-29,0.29199258317497745,7.0,9.0,133,58.620689655172406,76.8025078369906,False,133,65.8934169278997,67,False,False,319,"HASBRO, INC."
2020-06-30,HCA,HCA,860730.0,8062.0,Health services,32847752911.761475,2019-12-31,-0.08548529963504951,7.875,8.0,314,1.8808777429467085,85.8934169278997,False,314,35.48589341692791,246,False,False,319,"HCA Healthcare, Inc."
2020-06-30,HD,HD,354950.0,5211.0,Retail,269233510308.1881,2020-02-02,-0.011573596453254112,7.0,9.0,301,5.956112852664576,76.8025078369906,False,301,34.294670846394986,254,False,False,319,"HOME DEPOT, INC."
2020-06-30,HII,HII,1501585.0,3730.0,Transport equipment,7112210530.021301,2019-12-31,0.22327797993280774,6.75,8.0,162,49.52978056426332,66.14420062695925,False,162,56.17554858934169,127,False,False,319,"HUNTINGTON INGALLS INDUSTRIES, INC."
2020-06-30,HLT,HLT,1585689.0,7011.0,Services (hotels/personal),20378533893.496765,2019-12-31,-0.023652339393945152,6.75,8.0,305,4.702194357366771,66.14420062695925,False,305,29.278996865203762,280,False,False,319,Hilton Worldwide Holdings Inc.
2020-06-30,HON,HON,773840.0,3724.0,Transport equipment,103034806973.791,2019-12-31,0.1794927417557479,6.0,9.0,194,39.49843260188088,52.82131661442007,False,194,44.827586206896555,201,False,False,319,HONEYWELL INTERNATIONAL INC
2020-06-30,HPQ,HPQ,47217.0,3570.0,Machinery & computers,25329058289.597626,2019-10-31,-0.04710005347849637,5.0,9.0,307,4.075235109717868,25.54858934169279,False,307,12.664576802507836,311,False,False,319,HP INC
2020-06-30,HRB,HRB,12659.0,7200.0,Services (hotels/personal),2748547346.843548,2020-04-30,0.025846744128888308,3.0,9.0,283,11.598746081504702,2.3510971786833856,False,283,7.899686520376175,316,False,False,319,H&R BLOCK INC
2020-06-30,HRL,HRL,48465.0,2011.0,Food & beverage mfg,25804080304.71039,2019-10-27,0.22947758378038652,4.0,9.0,161,49.843260188087775,8.77742946708464,False,161,33.41692789968652,259,False,False,319,HORMEL FOODS CORP /DE/
2020-06-30,HSIC,HSIC,1000228.0,5047.0,Wholesale,8372571499.431381,2019-12-28,0.35807923529869057,7.0,9.0,112,65.20376175548589,76.8025078369906,False,112,69.84326018808777,46,False,False,319,HENRY SCHEIN INC
2020-06-30,HSY,HSY,47111.0,2060.0,Food & beverage mfg,27068470085.785034,2019-12-31,0.06425268936471404,6.0,9.0,262,18.181818181818183,52.82131661442007,False,262,32.03761755485894,270,False,False,319,HERSHEY CO
2020-06-30,HWM,HWM,4281.0,3350.0,Other manufacturing,6909309469.089737,2019-12-31,0.666781538822424,6.0,9.0,52,84.01253918495298,52.82131661442007,True,30,71.53605015673982,36,False,False,319,Howmet Aerospace Inc.
2020-06-30,IBM,IBM,51143.0,3570.0,Machinery & computers,107293038618.6578,2019-12-31,0.1942437297733111,6.0,9.0,184,42.63322884012539,52.82131661442007,False,184,46.708463949843264,192,False,False,319,INTERNATIONAL BUSINESS MACHINES CORP
2020-06-30,IEX,IEX,832101.0,3561.0,Machinery & computers,12043499323.967133,2019-12-31,0.18792121285680377,7.0,9.0,191,40.43887147335423,76.8025078369906,False,191,54.98432601880878,136,False,False,319,IDEX CORP /DE/
2020-06-30,IFF,IFF,51253.0,2860.0,Chemicals (other),13078996579.459671,2019-12-31,0.47536551922982867,4.0,9.0,85,73.66771159874608,8.77742946708464,True,94,47.711598746081506,180,False,False,319,INTERNATIONAL FLAVORS & FRAGRANCES INC
2020-06-30,ILMN,ILMN,1110803.0,3826.0,Instruments & medical devices,54441448241.45508,2019-12-29,0.08473323449333549,6.0,9.0,247,22.884012539184955,52.82131661442007,False,247,34.858934169279,250,False,False,319,"ILLUMINA, INC."
2020-06-30,INCY,INCY,879169.0,8731.0,Services (professional),22538152534.59857,2019-12-31,0.11528921884840196,5.625,8.0,228,28.84012539184953,38.557993730407524,False,228,32.72727272727273,267,False,False,319,INCYTE CORP
2020-06-30,INTC,INTC,50863.0,3674.0,Electronics & semis,255892917831.4209,2019-12-28,0.30287669020624747,5.0,9.0,131,59.24764890282132,25.54858934169279,False,131,45.7680250783699,198,False,False,319,INTEL CORP
2020-06-30,INTU,INTU,896878.0,7372.0,Business services & software,77031212658.92542,2019-07-31,0.048668583429935304,6.75,8.0,273,14.733542319749215,66.14420062695925,False,273,35.29780564263323,247,False,False,319,INTUIT INC.
2020-06-30,IP,IP,51434.0,2621.0,Other manufacturing,13806710506.574263,2019-12-31,0.5586413937141178,5.0,9.0,66,79.62382445141067,25.54858934169279,True,71,57.993730407523515,117,False,False,319,INTERNATIONAL PAPER CO /NEW/
2020-06-30,IPGP,IPGP,1111928.0,3674.0,Electronics & semis,8510089030.755524,2019-12-31,0.28222101923025067,5.0,9.0,139,56.739811912225704,25.54858934169279,False,139,44.26332288401254,205,False,False,319,IPG PHOTONICS CORP
2020-06-30,IQV,IQV,1478242.0,8731.0,Services (professional),27289071453.995728,2019-12-31,0.2199781700201832,5.0,9.0,164,48.90282131661442,25.54858934169279,False,164,39.56112852664577,222,False,False,319,IQVIA HOLDINGS INC.
2020-06-30,IR,IR,1699150.0,3560.0,Machinery & computers,5770554891.540564,2019-12-31,0.3240416277369113,5.0,9.0,124,61.442006269592476,25.54858934169279,False,124,47.084639498432594,189,False,False,319,Ingersoll Rand Inc.
2020-06-30,ISRG,ISRG,1035267.0,3842.0,Instruments & medical devices,66091186235.117065,2019-12-31,0.12503633949921586,3.375,8.0,224,30.094043887147336,4.702194357366771,False,224,19.937304075235108,298,False,False,319,INTUITIVE SURGICAL INC
2020-06-30,IT,IT,749251.0,8741.0,Services (professional),10810698019.129913,2019-12-31,0.08682075832098227,9.0,9.0,244,23.824451410658305,99.05956112852664,False,244,53.918495297805634,139,False,False,319,GARTNER INC
2020-06-30,ITW,ITW,49826.0,3560.0,Machinery & computers,55753413785.64285,2019-12-31,0.05434644794396895,8.0,9.0,270,15.673981191222571,92.94670846394985,False,270,46.58307210031348,194,False,False,319,ILLINOIS TOOL WORKS INC
2020-06-30,J,J,52988.0,1600.0,Construction,11266073105.466164,2019-09-27,0.5072478179843606,5.0,9.0,72,77.74294670846395,25.54858934169279,True,72,56.86520376175548,122,False,False,319,JACOBS SOLUTIONS INC.
2020-06-30,JBHT,JBHT,728535.0,4213.0,Transportation,12787202977.608063,2019-12-31,0.17728888827133202,5.625,8.0,195,39.18495297805642,38.557993730407524,False,195,38.93416927899686,224,False,False,319,HUNT J B TRANSPORT SERVICES INC
2020-06-30,JCI,JCI,833444.0,3585.0,Machinery & computers,26336270169.702744,2019-09-30,0.7505238924355665,7.0,9.0,43,86.83385579937304,76.8025078369906,True,11,82.82131661442006,9,True,True,319,Johnson Controls International plc
2020-06-30,JKHY,JKHY,779152.0,7373.0,Business services & software,14170366403.215485,2019-06-30,0.10084516937231305,6.0,9.0,237,26.01880877742947,52.82131661442007,False,237,36.73981191222571,238,False,False,319,JACK HENRY & ASSOCIATES INC
2020-06-30,JNJ,JNJ,200406.0,2834.0,Chemicals & pharma,370520863236.7599,2019-12-29,0.16050648128280567,7.0,9.0,200,37.61755485893417,76.8025078369906,False,200,53.29153605015674,141,False,False,319,JOHNSON & JOHNSON
2020-06-30,KEYS,KEYS,1601046.0,3823.0,Instruments & medical devices,18991745471.441467,2019-10-31,0.15817398166573035,7.0,9.0,204,36.36363636363637,76.8025078369906,False,204,52.53918495297806,145,False,False,319,"Keysight Technologies, Inc."
2020-06-30,KHC,KHC,1637459.0,2030.0,Food & beverage mfg,38950430872.12688,2019-12-28,1.3253511923777377,5.0,9.0,15,95.61128526645768,25.54858934169279,True,56,67.58620689655173,58,False,False,319,Kraft Heinz Co
2020-06-30,KLAC,KLAC,319201.0,3827.0,Instruments & medical devices,30972097083.09841,2019-06-30,0.0858549549572181,4.0,9.0,245,23.510971786833856,8.77742946708464,False,245,17.61755485893417,304,False,False,319,KLA CORP
2020-06-30,KMB,KMB,55785.0,2670.0,Other manufacturing,48312819475.25519,2019-12-31,-0.000683048523320025,8.0,9.0,299,6.583072100313479,92.94670846394985,False,299,41.12852664576803,218,False,False,319,KIMBERLY CLARK CORP
2020-06-30,KMI,KMI,1506307.0,4922.0,Utilities,34361012845.84063,2019-12-31,0.9819850232989986,6.0,9.0,23,93.10344827586206,52.82131661442007,True,25,76.99059561128527,22,False,False,319,"KINDER MORGAN, INC."
2020-06-30,KMX,KMX,1170010.0,5500.0,Retail,14558566134.838654,2020-02-29,0.25887679906753186,4.0,9.0,148,53.91849529780565,8.77742946708464,False,148,35.862068965517246,244,False,False,319,CARMAX INC
2020-06-30,KO,KO,21344.0,2080.0,Food & beverage mfg,191689535982.84836,2019-12-31,0.0990194895234049,5.0,9.0,238,25.705329153605017,25.54858934169279,False,238,25.642633228840126,289,False,False,319,COCA COLA CO
2020-06-30,KR,KR,56873.0,5411.0,Retail,26331637156.98127,2020-02-01,0.3266792698348938,7.0,9.0,120,62.695924764890286,76.8025078369906,False,120,68.3385579937304,54,False,False,319,KROGER CO
2020-06-30,KSS,KSS,885639.0,5311.0,Retail,3224469876.066208,2020-02-01,1.690200314927084,6.0,9.0,8,97.80564263322884,52.82131661442007,True,21,79.81191222570533,12,False,True,319,KOHLS Corp
2020-06-30,LB,BBWI,701985.0,5990.0,Retail,4139703641.949898,2020-02-01,-0.36210321550794294,3.0,9.0,319,0.3134796238244514,2.3510971786833856,False,319,1.1285266457680252,319,False,False,319,"Bath & Body Works, Inc."
2020-06-30,LDOS,LDOS,1336920.0,7373.0,Business services & software,13245150278.314713,2020-01-03,0.2576792205663267,7.0,9.0,151,52.97805642633229,76.8025078369906,False,151,62.507836990595614,90,False,False,319,"Leidos Holdings, Inc."
2020-06-30,LH,LH,920148.0,8071.0,Health services,16162503730.462646,2019-12-31,0.4681824132073006,7.0,9.0,88,72.72727272727273,76.8025078369906,True,13,74.35736677115989,29,True,False,319,LABCORP HOLDINGS INC.
2020-06-30,LIN,LIN,1707925.0,2810.0,Chemicals & pharma,113046089928.2528,2019-12-31,0.43410612460055803,6.0,9.0,96,70.21943573667711,52.82131661442007,True,38,63.260188087774296,85,False,False,319,LINDE PLC
2020-06-30,LKQ,LKQ,1065696.0,5010.0,Wholesale,8047280061.335392,2019-12-31,0.6224309284407843,5.625,8.0,61,81.19122257053291,38.557993730407524,True,46,64.13793103448276,77,False,False,319,LKQ CORP
2020-06-30,LLY,LLY,59478.0,2834.0,Chemicals & pharma,157018823083.78754,2019-12-31,0.01660246809141424,5.0,9.0,291,9.090909090909092,25.54858934169279,False,291,15.673981191222571,307,False,False,319,ELI LILLY & Co
2020-06-30,LMT,LMT,936468.0,3760.0,Transport equipment,102884587386.50006,2019-12-31,0.030393279298997388,9.0,9.0,280,12.539184952978054,99.05956112852664,False,280,47.14733542319749,187,False,False,319,LOCKHEED MARTIN CORP
2020-06-30,LNT,LNT,352541.0,4931.0,Utilities,11722283986.348766,2019-12-31,0.4440346272161313,5.0,9.0,95,70.53291536050156,25.54858934169279,True,74,52.53918495297805,146,False,False,319,ALLIANT ENERGY CORP
2020-06-30,LOW,LOW,60667.0,5211.0,Retail,102008657631.4873,2020-01-31,0.01933169248363187,7.0,9.0,290,9.404388714733543,76.8025078369906,False,290,36.36363636363637,241,False,False,319,LOWES COMPANIES INC
2020-06-30,LUV,LUV,92380.0,4512.0,Transportation,17681161715.06607,2019-12-31,0.5560720589768815,6.75,8.0,67,79.3103448275862,66.14420062695925,True,17,74.04388714733543,30,True,False,319,SOUTHWEST AIRLINES CO
2020-06-30,LVS,LVS,1300514.0,7011.0,Services (hotels/personal),34778211728.27442,2019-12-31,0.14914510385199042,6.75,8.0,212,33.85579937304075,66.14420062695925,False,212,46.77115987460815,191,False,False,319,LAS VEGAS SANDS CORP
2020-06-30,LW,LW,1679273.0,2030.0,Food & beverage mfg,9338193324.266731,2019-05-26,-0.0004926006391457106,7.0,9.0,298,6.896551724137931,76.8025078369906,False,298,34.858934169278996,251,False,False,319,"Lamb Weston Holdings, Inc."
2020-06-30,LYB,LYB,1489393.0,2860.0,Chemicals (other),21921227515.09149,2019-12-31,0.3669502537876665,4.0,9.0,109,66.14420062695925,8.77742946708464,False,109,43.1974921630094,214,False,False,319,LyondellBasell Industries N.V.
2020-06-30,LYV,LYV,1335258.0,7900.0,Services (other),9510161484.67807,2019-12-31,0.1204837585403827,5.625,8.0,226,29.46708463949843,38.557993730407524,False,226,33.10344827586207,262,False,False,319,"Live Nation Entertainment, Inc."
2020-06-30,MA,MA,1141391.0,7389.0,Business services & software,300726912414.5508,2019-12-31,0.01959585177357364,6.75,8.0,289,9.717868338557993,66.14420062695925,False,289,32.288401253918494,269,False,False,319,Mastercard Inc
2020-06-30,MAR,MAR,1048286.0,7011.0,Services (hotels/personal),27794914031.216698,2019-12-31,0.025292396990703223,6.75,8.0,284,11.285266457680251,66.14420062695925,False,284,33.22884012539185,261,False,False,319,MARRIOTT INTERNATIONAL INC /MD/
2020-06-30,MAS,MAS,62996.0,3430.0,Other manufacturing,13945079116.725922,2019-12-31,-0.016851822641733006,7.0,9.0,302,5.6426332288401255,76.8025078369906,False,302,34.106583072100314,257,False,False,319,MASCO CORP /DE/
2020-06-30,MCD,MCD,63908.0,5812.0,Retail,137512545357.81906,2019-12-31,-0.05970582522951719,7.875,8.0,309,3.4482758620689653,85.8934169278997,False,309,36.42633228840126,240,False,False,319,MCDONALDS CORP
2020-06-30,MCHP,MCHP,827054.0,3674.0,Electronics & semis,25835964660.11371,2020-03-31,0.216190882495789,6.0,9.0,169,47.33542319749217,52.82131661442007,False,169,49.52978056426333,166,False,False,319,MICROCHIP TECHNOLOGY INC
2020-06-30,MCK,MCK,927653.0,5122.0,Wholesale,24831520409.197906,2020-03-31,0.20506195013793274,7.0,9.0,179,44.20062695924764,76.8025078369906,False,179,57.241379310344826,120,False,False,319,MCKESSON CORP
2020-06-30,MCO,MCO,1059556.0,7320.0,Business services & software,51484404058.83789,2019-12-31,0.01188709495987539,6.0,9.0,294,8.150470219435736,52.82131661442007,False,294,26.01880877742947,287,False,False,319,MOODYS CORP /DE/
2020-06-30,MDLZ,MDLZ,1103982.0,2000.0,Food & beverage mfg,73266377427.32825,2019-12-31,0.3722717153178979,8.0,9.0,107,66.77115987460816,92.94670846394985,False,107,77.24137931034483,20,False,True,319,"Mondelez International, Inc."
2020-06-30,MDT,MDT,1613103.0,3845.0,Instruments & medical devices,122997103386.08066,2020-04-24,0.41250564934638784,5.0,9.0,102,68.3385579937304,25.54858934169279,False,102,51.222570532915356,157,False,False,319,Medtronic plc
2020-06-30,MGM,MGM,789570.0,7011.0,Services (hotels/personal),8272896553.102413,2019-12-31,0.9340458871206607,7.875,8.0,25,92.47648902821317,85.8934169278997,True,7,89.84326018808778,4,True,True,319,MGM Resorts International
2020-06-30,MHK,MHK,851968.0,2273.0,Other manufacturing,7293421431.829559,2019-12-31,1.1133102722631418,6.0,9.0,21,93.73040752351098,52.82131661442007,True,24,77.36677115987462,19,False,True,319,MOHAWK INDUSTRIES INC
2020-06-30,MKC,MKC,63754.0,2090.0,Food & beverage mfg,23789766485.595703,2019-11-30,0.14477653667115245,5.0,9.0,214,33.22884012539185,25.54858934169279,False,214,30.156739811912225,276,False,False,319,MCCORMICK & CO INC
2020-06-30,MLM,MLM,916076.0,1400.0,Mining (other),12848420411.748108,2019-12-31,0.4164558621624361,8.0,9.0,101,68.65203761755487,92.94670846394985,False,101,78.36990595611286,16,False,True,319,MARTIN MARIETTA MATERIALS INC
2020-06-30,MMM,MMM,66740.0,3841.0,Instruments & medical devices,89787844491.8457,2019-12-31,0.11207530436833123,5.0,9.0,231,27.89968652037618,25.54858934169279,False,231,26.959247648902824,285,False,False,319,3M CO
2020-06-30,MNST,MNST,865752.0,2086.0,Food & beverage mfg,37217640399.5923,2019-12-31,0.11207806177969558,7.875,8.0,230,28.213166144200624,85.8934169278997,False,230,51.28526645768025,156,False,False,319,Monster Beverage Corp
2020-06-30,MO,MO,764180.0,2111.0,Other manufacturing,72940897057.0,2019-12-31,0.08530193966682079,5.0,9.0,246,23.197492163009404,25.54858934169279,False,246,24.137931034482758,293,False,False,319,"ALTRIA GROUP, INC."
2020-06-30,MPC,MPC,1510295.0,2911.0,Petroleum refining,24278458980.205082,2019-12-31,1.3878146066631196,6.0,9.0,10,97.17868338557993,52.82131661442007,True,22,79.43573667711598,14,False,True,319,Marathon Petroleum Corp
2020-06-30,MRK,MRK,310158.0,2834.0,Chemicals & pharma,196129668319.2515,2019-12-31,0.13209118346047316,8.0,9.0,221,31.03448275862069,92.94670846394985,False,221,55.79937304075235,132,False,False,319,"Merck & Co., Inc."
2020-06-30,MSCI,MSCI,1408198.0,7389.0,Business services & software,28310641898.433105,2019-12-31,-0.0027097230884138256,7.0,9.0,300,6.269592476489027,76.8025078369906,False,300,34.48275862068966,252,False,False,319,MSCI Inc.
2020-06-30,MSFT,MSFT,789019.0,7372.0,Business services & software,1553882125051.4434,2019-06-30,0.06585441607844754,8.0,9.0,260,18.808777429467085,92.94670846394985,False,260,48.46394984326019,173,False,False,319,MICROSOFT CORP
2020-06-30,MSI,MSI,68505.0,3663.0,Electronics & semis,23903249555.385742,2019-12-31,-0.029284721241689085,5.0,9.0,306,4.38871473354232,25.54858934169279,False,306,12.852664576802509,310,False,False,319,"Motorola Solutions, Inc."
2020-06-30,MTD,MTD,1037646.0,3826.0,Instruments & medical devices,19375760135.086304,2019-12-31,0.021716825407950672,7.0,9.0,287,10.344827586206897,76.8025078369906,False,287,36.92789968652038,236,False,False,319,METTLER TOLEDO INTERNATIONAL INC/
2020-06-30,MU,MU,723125.0,3674.0,Electronics & semis,57035258907.727646,2019-08-29,0.6291020797862727,4.0,9.0,60,81.50470219435736,8.77742946708464,True,92,52.41379310344827,147,False,False,319,MICRON TECHNOLOGY INC
2020-06-30,NCLH,NCLH,1513761.0,4400.0,Transportation,3502917813.694252,2019-12-31,1.8600433542939825,6.75,8.0,5,98.7460815047022,66.14420062695925,True,14,85.70532915360502,6,True,True,319,Norwegian Cruise Line Holdings Ltd.
2020-06-30,NEE,NEE,753308.0,4911.0,Utilities,117434937626.48671,2019-12-31,0.31511065401761457,5.625,8.0,126,60.81504702194357,38.557993730407524,False,126,51.912225705329156,152,False,False,319,NEXTERA ENERGY INC
2020-06-30,NEM,NEM,1164727.0,1040.0,Mining (metals/coal),49860187135.66156,2019-12-31,0.4296012756975745,5.625,8.0,98,69.59247648902821,38.557993730407524,True,53,57.17868338557994,121,False,False,319,NEWMONT Corp /DE/
2020-06-30,NFLX,NFLX,1065280.0,7841.0,Services (other),199674584658.35757,2019-12-31,0.037972569283031395,3.0,9.0,278,13.166144200626958,2.3510971786833856,False,278,8.84012539184953,315,False,False,319,NETFLIX INC
2020-06-30,NI,NI,1111711.0,4931.0,Utilities,8692668446.026863,2019-12-31,0.6887068150788986,5.0,9.0,49,84.95297805642633,25.54858934169279,True,67,61.191222570532915,101,False,False,319,NISOURCE INC.
2020-06-30,NKE,NKE,320187.0,3021.0,Other manufacturing,154889589820.86182,2019-05-31,0.058364154817991634,8.0,9.0,266,16.927899686520377,92.94670846394985,False,266,47.33542319749216,183,False,False,319,"NIKE, Inc."
2020-06-30,NLOK,GEN,849399.0,7372.0,Business services & software,11680439333.850676,2020-04-03,0.0008561321808349577,5.0,9.0,297,7.210031347962382,25.54858934169279,False,297,14.545454545454547,309,False,False,319,Gen Digital Inc.
2020-06-30,NOC,NOC,1133421.0,3812.0,Instruments & medical devices,51538359656.47034,2019-12-31,0.17111526363631224,6.75,8.0,197,38.557993730407524,66.14420062695925,False,197,49.592476489028215,165,False,False,319,NORTHROP GRUMMAN CORP /DE/
2020-06-30,NOV,NOV,1021860.0,3533.0,Machinery & computers,4727848839.0,2019-12-31,1.6451456602925456,4.0,9.0,9,97.4921630094044,8.77742946708464,True,89,62.00626959247649,94,False,False,319,NOV Inc.
2020-06-30,NOW,NOW,1373715.0,7372.0,Business services & software,76880388984.68018,2019-12-31,0.027678593046973673,6.75,8.0,282,11.912225705329153,66.14420062695925,False,282,33.60501567398119,258,False,False,319,"ServiceNow, Inc."
2020-06-30,NRG,NRG,1013871.0,4911.0,Utilities,8063704022.424786,2019-12-31,0.20561270545014787,6.0,9.0,177,44.827586206896555,52.82131661442007,False,177,48.02507836990596,177,False,False,319,"NRG ENERGY, INC."
2020-06-30,NSC,NSC,702165.0,4011.0,Transportation,45269704571.10718,2019-12-31,0.33541195251561234,6.75,8.0,117,63.63636363636363,66.14420062695925,False,117,64.63949843260188,73,False,False,319,NORFOLK SOUTHERN CORP
2020-06-30,NTAP,NTAP,1002047.0,3572.0,Machinery & computers,9841988994.07463,2020-04-24,0.024588525769099732,5.0,9.0,285,10.9717868338558,25.54858934169279,False,285,16.802507836990596,305,False,False,319,"NetApp, Inc."
2020-06-30,NUE,NUE,73309.0,3312.0,Other manufacturing,12464425482.820988,2019-12-31,0.8309942575592963,6.0,9.0,36,89.0282131661442,52.82131661442007,True,27,74.54545454545455,28,False,False,319,NUCOR CORP
2020-06-30,NVDA,NVDA,1045810.0,3674.0,Electronics & semis,232504926910.4004,2020-01-26,0.052489210281135304,5.0,9.0,271,15.360501567398119,25.54858934169279,False,271,19.435736677115987,300,False,False,319,NVIDIA CORP
2020-06-30,NWL,NWL,814453.0,3089.0,Other manufacturing,6725180048.465729,2019-12-31,0.7380174157764473,5.0,9.0,44,86.52037617554859,25.54858934169279,True,64,62.131661442006276,92,False,False,319,NEWELL BRANDS INC.
2020-06-30,NWS,NWSA,1564708.0,2711.0,Other manufacturing,6934541799.259186,2019-06-30,1.3186163216979743,5.625,8.0,16,95.29780564263322,38.557993730407524,True,41,72.60188087774294,34,False,False,319,NEWS CORP
2020-06-30,ODFL,ODFL,878927.0,4213.0,Transportation,20273793406.93474,2019-12-31,0.1519556275514886,6.75,8.0,210,34.48275862068966,66.14420062695925,False,210,47.14733542319749,185,False,False,319,"OLD DOMINION FREIGHT LINE, INC."
2020-06-30,OKE,OKE,1039684.0,4923.0,Utilities,13730457684.539795,2019-12-31,0.453440893453267,6.0,9.0,92,71.47335423197492,52.82131661442007,True,37,64.01253918495298,78,False,False,319,ONEOK INC /NEW/
2020-06-30,ORLY,ORLY,898173.0,5531.0,Retail,31581852300.733566,2019-12-31,0.0125812759877536,7.0,9.0,293,8.463949843260188,76.8025078369906,False,293,35.79937304075236,245,False,False,319,O REILLY AUTOMOTIVE INC
2020-06-30,OXY,OXY,797468.0,1311.0,Oil & gas extraction,16382616103.297558,2019-12-31,2.0895319638912646,4.0,9.0,3,99.37304075235109,8.77742946708464,True,88,63.134796238244505,87,False,False,319,OCCIDENTAL PETROLEUM CORP /DE/
2020-06-30,PAYC,PAYC,1590955.0,7372.0,Business services & software,18226375633.531586,2019-12-31,0.028893731292970137,8.0,9.0,281,12.225705329153605,92.94670846394985,False,281,44.5141065830721,203,False,False,319,"Paycom Software, Inc."
2020-06-30,PEG,PEG,788784.0,4931.0,Utilities,24832054107.283703,2019-12-31,0.6076420393902942,5.0,9.0,62,80.87774294670847,25.54858934169279,True,70,58.74608150470219,113,False,False,319,PUBLIC SERVICE ENTERPRISE GROUP INC
2020-06-30,PEP,PEP,77476.0,2080.0,Food & beverage mfg,183781163543.68344,2019-12-28,0.08045438234743506,6.0,9.0,251,21.630094043887148,52.82131661442007,False,251,34.10658307210032,256,False,False,319,PEPSICO INC
2020-06-30,PFE,PFE,78003.0,2834.0,Chemicals & pharma,181407794341.88412,2019-12-31,0.34807214446916024,6.0,9.0,114,64.57680250783699,52.82131661442007,False,114,59.87460815047022,108,False,False,319,PFIZER INC
2020-06-30,PG,PG,80424.0,2840.0,Chemicals (other),299195187739.131,2019-06-30,0.1590232796173321,6.0,9.0,202,36.990595611285265,52.82131661442007,False,202,43.32288401253919,212,False,False,319,PROCTER & GAMBLE Co
2020-06-30,PH,PH,76334.0,3490.0,Other manufacturing,23539529051.49257,2019-06-30,0.2532747782233974,8.0,9.0,153,52.35109717868338,92.94670846394985,False,153,68.58934169278996,50,False,False,319,Parker-Hannifin Corp
2020-06-30,PKG,PKG,75677.0,2650.0,Other manufacturing,9446351225.857468,2019-12-31,0.3250990701673003,6.0,9.0,122,62.06896551724138,52.82131661442007,False,122,58.36990595611286,115,False,False,319,PACKAGING CORP OF AMERICA
2020-06-30,PKI,RVTY,31791.0,3826.0,Instruments & medical devices,10917795121.703094,2019-12-29,0.2577282288808021,6.0,9.0,150,53.29153605015674,52.82131661442007,False,150,53.10344827586208,142,False,False,319,"REVVITY, INC."
2020-06-30,PM,PM,1413329.0,2111.0,Other manufacturing,109007186017.18689,2019-12-31,-0.10620400748786124,6.0,9.0,315,1.5673981191222568,52.82131661442007,False,315,22.068965517241384,296,False,False,319,Philip Morris International Inc.
2020-06-30,PNR,PNR,77360.0,3550.0,Machinery & computers,6393465598.724842,2019-12-31,0.3056089017495769,7.0,9.0,130,59.56112852664577,76.8025078369906,False,130,66.45768025078371,64,False,False,319,PENTAIR plc
2020-06-30,PNW,PNW,764622.0,4931.0,Utilities,8240686733.831383,2019-12-31,0.6590043009043134,5.0,9.0,53,83.69905956112854,25.54858934169279,True,68,60.43887147335424,105,False,False,319,PINNACLE WEST CAPITAL CORP
2020-06-30,PPG,PPG,79879.0,2851.0,Chemicals (other),25004273148.104004,2019-12-31,0.21132387927063856,7.0,9.0,172,46.39498432601881,76.8025078369906,False,172,58.557993730407524,114,False,False,319,PPG INDUSTRIES INC
2020-06-30,PPL,PPL,922224.0,4911.0,Utilities,19840304187.15906,2019-12-31,0.6547782673820075,5.625,8.0,54,83.38557993730407,38.557993730407524,True,45,65.45454545454545,70,False,False,319,PPL Corp
2020-06-30,PRGO,PRGO,1585364.0,2834.0,Chemicals & pharma,7523738081.103985,2019-12-31,0.7713984640927835,6.0,9.0,39,88.08777429467085,52.82131661442007,True,28,73.98119122257054,31,False,False,319,PERRIGO Co plc
2020-06-30,PSX,PSX,1534701.0,2911.0,Petroleum refining,31596156710.34114,2019-12-31,0.7883870253070108,5.0,9.0,38,88.40125391849529,25.54858934169279,True,63,63.26018808777428,86,False,False,319,Phillips 66
2020-06-30,PVH,PVH,78239.0,2320.0,Other manufacturing,3405949430.120224,2020-02-02,1.7062790036183433,6.0,9.0,7,98.11912225705329,52.82131661442007,True,20,80.0,11,True,True,319,PVH CORP. /DE/
2020-06-30,PWR,PWR,1050915.0,1731.0,Construction,5590623061.784615,2019-12-31,0.7244795356865078,5.0,9.0,46,85.8934169278997,25.54858934169279,True,65,61.75548589341693,96,False,False,319,"QUANTA SERVICES, INC."
2020-06-30,PYPL,PYPL,1633917.0,7389.0,Business services & software,204364029140.1435,2019-12-31,0.0826221721652446,7.875,8.0,249,22.25705329153605,85.8934169278997,False,249,47.71159874608151,179,False,False,319,"PayPal Holdings, Inc."
2020-06-30,QCOM,QCOM,804328.0,3663.0,Electronics & semis,104147668908.83981,2019-09-29,0.047134996408770655,8.0,9.0,274,14.420062695924765,92.94670846394985,False,274,45.8307210031348,197,False,False,319,QUALCOMM INC/DE
2020-06-30,QRVO,QRVO,1604778.0,3674.0,Electronics & semis,12681572091.243591,2020-03-28,0.3384962817791346,7.0,9.0,116,63.94984326018809,76.8025078369906,False,116,69.0909090909091,49,False,False,319,"Qorvo, Inc."
2020-06-30,RCL,RCL,884887.0,4400.0,Transportation,10512700645.345642,2019-12-31,1.1570619587066222,6.0,9.0,18,94.67084639498434,52.82131661442007,True,23,77.93103448275863,17,False,True,319,ROYAL CARIBBEAN CRUISES LTD
2020-06-30,RHI,RHI,315213.0,7363.0,Business services & software,6081811101.281754,2019-12-31,0.18804974060423654,8.0,9.0,190,40.75235109717868,92.94670846394985,False,190,61.63009404388714,97,False,False,319,ROBERT HALF INC.
2020-06-30,RL,RL,1037038.0,2320.0,Other manufacturing,5497015745.544434,2020-03-28,0.489920372191561,6.0,9.0,78,75.86206896551724,52.82131661442007,True,35,66.64576802507837,62,False,False,319,RALPH LAUREN CORP
2020-06-30,RMD,RMD,943819.0,3841.0,Instruments & medical devices,27584842560.0,2019-06-30,0.0751207115100533,6.0,9.0,255,20.37617554858934,52.82131661442007,False,255,33.35423197492163,260,False,False,319,RESMED INC
2020-06-30,ROK,ROK,1024478.0,3829.0,Instruments & medical devices,24611498646.0,2019-09-30,0.016423217692421704,8.0,9.0,292,8.77742946708464,92.94670846394985,False,292,42.44514106583072,215,False,False,319,"ROCKWELL AUTOMATION, INC"
2020-06-30,ROL,ROL,84839.0,7340.0,Business services & software,13894582188.994234,2019-12-31,0.058709933764409826,4.5,8.0,265,17.24137931034483,14.576802507836991,False,265,16.175548589341695,306,False,False,319,ROLLINS INC
2020-06-30,ROP,ROP,882835.0,3823.0,Instruments & medical devices,41198139180.86719,2019-12-31,0.23039632829844242,5.0,9.0,160,50.15673981191222,25.54858934169279,False,160,40.31347962382445,219,False,False,319,ROPER TECHNOLOGIES INC
2020-06-30,ROST,ROST,745732.0,5651.0,Retail,30336644261.762367,2020-02-01,0.11073238592292636,6.0,9.0,232,27.586206896551722,52.82131661442007,False,232,37.680250783699066,231,False,False,319,"ROSS STORES, INC."
2020-06-30,RSG,RSG,1060391.0,4953.0,Utilities,26179117087.85289,2019-12-31,0.31010213112828183,8.0,9.0,129,59.87460815047022,92.94670846394985,False,129,73.10344827586206,32,False,False,319,"REPUBLIC SERVICES, INC."
2020-06-30,RTX,RTX,101829.0,3724.0,Transport equipment,84726017852.6178,2019-12-31,0.4930480749451309,4.5,8.0,77,76.17554858934169,14.576802507836991,True,83,51.53605015673981,155,False,False,319,RTX Corp
2020-06-30,SBUX,SBUX,829224.0,5810.0,Retail,86909785675.04883,2019-09-29,-0.07170884097334991,5.0,9.0,312,2.507836990595611,25.54858934169279,False,312,11.724137931034484,314,False,False,319,STARBUCKS CORP
2020-06-30,SHW,SHW,89800.0,5200.0,Retail,53293779319.31323,2019-12-31,0.07736925496116485,9.0,9.0,254,20.689655172413794,99.05956112852664,False,254,52.03761755485893,150,False,False,319,SHERWIN WILLIAMS CO
2020-06-30,SJM,SJM,91419.0,2033.0,Food & beverage mfg,12066909020.614258,2020-04-30,0.6787902341856762,6.0,9.0,50,84.63949843260188,52.82131661442007,True,29,71.91222570532916,35,False,False,319,J M SMUCKER Co
2020-06-30,SLB,SLB,87347.0,1389.0,Oil & gas extraction,25461236349.508896,2019-12-31,0.9331832780562633,4.5,8.0,26,92.16300940438872,14.576802507836991,True,80,61.12852664576803,103,False,False,319,SLB LIMITED/NV
2020-06-30,SNA,SNA,91440.0,3420.0,Other manufacturing,7570879565.206696,2019-12-28,0.450291141291841,5.625,8.0,93,71.15987460815047,38.557993730407524,True,52,58.1191222570533,116,False,False,319,Snap-on Inc
2020-06-30,SNPS,SNPS,883241.0,7372.0,Business services & software,29354301015.0,2019-10-31,0.1390941994467382,7.0,9.0,218,31.974921630094045,76.8025078369906,False,218,49.905956112852664,163,False,False,319,SYNOPSYS INC
2020-06-30,SO,SO,92122.0,4911.0,Utilities,54661741398.02511,2019-12-31,0.5031855791003712,6.75,8.0,73,77.4294670846395,66.14420062695925,True,18,72.91536050156739,33,True,False,319,SOUTHERN CO
2020-06-30,SPGI,SPGI,64040.0,7320.0,Business services & software,80327226261.8164,2019-12-31,0.005963108926962824,9.0,9.0,295,7.836990595611286,99.05956112852664,False,295,44.32601880877743,204,False,False,319,S&P Global Inc.
2020-06-30,SRE,SRE,1032208.0,4931.0,Utilities,34263517281.761147,2019-12-31,0.5816390604652965,5.625,8.0,64,80.25078369905955,38.557993730407524,True,47,63.573667711598745,81,False,False,319,SEMPRA
2020-06-30,STE,STE,1757898.0,3842.0,Instruments & medical devices,13029864926.52008,2020-03-31,0.2604690086304994,8.0,9.0,146,54.54545454545454,92.94670846394985,False,146,69.90595611285266,45,False,False,319,STERIS plc
2020-06-30,STX,STX,1137789.0,3572.0,Machinery & computers,13024118259.418095,2019-06-28,0.16599972120466572,5.0,9.0,199,37.93103448275862,25.54858934169279,False,199,32.97805642633229,265,False,False,319,Seagate Technology Holdings plc
2020-06-30,SWK,SWK,93556.0,3420.0,Other manufacturing,21468069924.39746,2019-12-28,0.42557621771191556,6.0,9.0,100,68.96551724137932,52.82131661442007,True,39,62.50783699059562,89,False,False,319,"STANLEY BLACK & DECKER, INC."
2020-06-30,SWKS,SWKS,4127.0,3674.0,Electronics & semis,21784189030.628845,2019-09-27,0.18923357643490854,5.625,8.0,189,41.06583072100313,38.557993730407524,False,189,40.06269592476489,220,False,False,319,"SKYWORKS SOLUTIONS, INC."
2020-06-30,SYK,SYK,310764.0,3841.0,Instruments & medical devices,67494696292.0401,2019-12-31,0.18974824250761727,4.0,9.0,188,41.37931034482759,8.77742946708464,False,188,28.338557993730408,282,False,False,319,STRYKER CORP
2020-06-30,SYY,SYY,96021.0,5140.0,Wholesale,28050251790.055412,2019-06-29,0.08921855742083719,8.0,9.0,243,24.137931034482758,92.94670846394985,False,243,51.661442006269596,154,False,False,319,SYSCO CORP
2020-06-30,T,T,732717.0,4813.0,Communications,216836291182.20007,2019-12-31,0.9312739989189439,5.625,8.0,27,91.84952978056427,38.557993730407524,True,42,70.53291536050156,41,False,False,319,AT&T INC.
2020-06-30,TAP,TAP,24545.0,2082.0,Food & beverage mfg,7442376132.202148,2019-12-31,1.8031069327356464,5.0,9.0,6,98.43260188087774,25.54858934169279,True,54,69.27899686520375,48,False,False,319,MOLSON COORS BEVERAGE CO
2020-06-30,TDG,TDG,1260221.0,3728.0,Transport equipment,23671047021.78363,2019-09-30,-0.12229729413050132,4.0,9.0,316,1.2539184952978055,8.77742946708464,False,316,4.263322884012539,317,False,False,319,TransDigm Group INC
2020-06-30,TDY,TDY,1094285.0,3812.0,Instruments & medical devices,11390384088.304749,2019-12-29,0.23833261275072892,7.0,9.0,158,50.78369905956113,76.8025078369906,False,158,61.191222570532915,102,False,False,319,TELEDYNE TECHNOLOGIES INC
2020-06-30,TEL,TEL,1385157.0,5065.0,Wholesale,27276407260.33557,2019-09-27,0.3875143782359686,5.0,9.0,106,67.0846394984326,25.54858934169279,False,106,50.47021943573667,161,False,False,319,TE Connectivity plc
2020-06-30,TFX,TFX,96943.0,3841.0,Instruments & medical devices,16875464039.146942,2019-12-31,0.17654744148597679,7.0,9.0,196,38.87147335423197,76.8025078369906,False,196,54.043887147335425,138,False,False,319,TELEFLEX INC
2020-06-30,TGT,TGT,27419.0,5331.0,Retail,60080366936.311455,2020-02-01,0.1969528583695842,7.0,9.0,182,43.260188087774296,76.8025078369906,False,182,56.67711598746082,125,False,False,319,TARGET CORP
2020-06-30,TMO,TMO,97745.0,3829.0,Instruments & medical devices,144511477009.70682,2019-12-31,0.20534701197474256,9.0,8.0,178,44.5141065830721,99.05956112852664,False,178,66.33228840125392,66,False,False,319,THERMO FISHER SCIENTIFIC INC.
2020-06-30,TMUS,TMUS,1283699.0,4812.0,Communications,89249557114.32574,2019-12-31,0.32256742700831825,6.75,8.0,125,61.12852664576802,66.14420062695925,False,125,63.134796238244505,88,False,False,319,"T-Mobile US, Inc."
2020-06-30,TPR,TPR,1116132.0,3100.0,Other manufacturing,3809363355.082878,2019-06-29,0.9223063468891801,8.0,9.0,28,91.53605015673982,92.94670846394985,True,2,92.10031347962382,3,True,True,319,"TAPESTRY, INC."
2020-06-30,TSCO,TSCO,916365.0,5200.0,Retail,15456595981.577206,2019-12-28,0.10138862411024147,6.0,9.0,236,26.332288401253916,52.82131661442007,False,236,36.92789968652038,235,False,False,319,TRACTOR SUPPLY CO /DE/
2020-06-30,TT,TT,1466258.0,3822.0,Instruments & medical devices,27343459959.744366,2019-12-31,0.2657893335627429,7.0,9.0,143,55.4858934169279,76.8025078369906,False,143,64.01253918495297,79,False,False,319,Trane Technologies plc
2020-06-30,TTWO,TTWO,946581.0,7372.0,Business services & software,15902991847.7417,2020-03-31,0.15967083579688715,7.875,8.0,201,37.30407523510972,85.8934169278997,False,201,56.73981191222572,123,False,False,319,TAKE TWO INTERACTIVE SOFTWARE INC
2020-06-30,TXN,TXN,97476.0,3674.0,Electronics & semis,118586885484.53696,2019-12-31,0.07510948587279848,5.0,9.0,256,20.06269592476489,25.54858934169279,False,256,22.25705329153605,295,False,False,319,TEXAS INSTRUMENTS INC
2020-06-30,TYL,TYL,860731.0,7372.0,Business services & software,13665684672.363281,2019-12-31,0.11832981945428961,6.75,8.0,227,29.153605015673982,66.14420062695925,False,227,43.94984326018809,207,False,False,319,TYLER TECHNOLOGIES INC
2020-06-30,UA,UAA,1336917.0,2300.0,Other manufacturing,4392389256.782532,2019-12-31,0.48950283645283293,6.0,9.0,79,75.54858934169279,52.82131661442007,True,36,66.4576802507837,65,False,False,319,"Under Armour, Inc."
2020-06-30,UAL,UAL,100517.0,4512.0,Transportation,8581588276.097351,2019-12-31,1.3436906583036343,7.875,8.0,13,96.23824451410658,85.8934169278997,True,6,92.10031347962382,2,True,True,319,"United Airlines Holdings, Inc."
2020-06-30,UHS,UHS,352915.0,8062.0,Health services,8245102125.823975,2019-12-31,0.6675605609251258,6.75,8.0,51,84.32601880877742,66.14420062695925,True,15,77.05329153605015,21,True,False,319,UNIVERSAL HEALTH SERVICES INC
2020-06-30,ULTA,ULTA,1403568.0,5990.0,Retail,11454473504.81427,2020-02-01,0.16605686845410725,6.75,8.0,198,38.24451410658307,66.14420062695925,False,198,49.40438871473354,167,False,False,319,"Ulta Beauty, Inc."
2020-06-30,UNP,UNP,100885.0,4011.0,Transportation,116702515169.92615,2019-12-31,0.15533512687026926,4.5,8.0,208,35.10971786833856,14.576802507836991,False,208,26.896551724137932,286,False,False,319,UNION PACIFIC CORP
2020-06-30,UPS,UPS,1090727.0,4210.0,Transportation,96059520263.67188,2019-12-31,0.034010163605153104,5.625,8.0,279,12.852664576802509,38.557993730407524,False,279,23.134796238244515,294,False,False,319,UNITED PARCEL SERVICE INC
2020-06-30,URI,URI,1067701.0,7359.0,Business services & software,11084920592.732925,2019-12-31,0.3455144281783019,6.0,9.0,115,64.26332288401254,52.82131661442007,False,115,59.68652037617555,109,False,False,319,"UNITED RENTALS, INC."
2020-06-30,VFC,VFC,103379.0,2320.0,Other manufacturing,23696690438.671913,2020-03-28,0.1416794471231723,5.0,9.0,215,32.9153605015674,25.54858934169279,False,215,29.968652037617556,277,False,False,319,V F CORP
2020-06-30,VLO,VLO,1035002.0,2911.0,Petroleum refining,24077209626.400223,2019-12-31,0.9055451332738079,5.0,9.0,30,90.9090909090909,25.54858934169279,True,59,64.76489028213166,72,False,False,319,VALERO ENERGY CORP/TX
2020-06-30,VMC,VMC,1396009.0,1400.0,Mining (other),15337929500.181671,2019-12-31,0.3665329795611208,8.0,9.0,110,65.8307210031348,92.94670846394985,False,110,76.67711598746081,24,False,False,319,Vulcan Materials CO
2020-06-30,VRSK,VRSK,1442145.0,7374.0,Business services & software,27755525681.731705,2019-12-31,0.08145405084105564,6.0,9.0,250,21.9435736677116,52.82131661442007,False,250,34.29467084639499,253,False,False,319,"Verisk Analytics, Inc."
2020-06-30,VRSN,VRSN,1014473.0,7371.0,Business services & software,24078680963.707245,2019-12-31,-0.06188461910542207,7.875,8.0,310,3.1347962382445136,85.8934169278997,False,310,36.23824451410659,242,False,False,319,VERISIGN INC/CA
2020-06-30,VZ,VZ,732712.0,4813.0,Communications,228010174498.71912,2019-12-31,0.2755798075157957,5.625,8.0,141,56.112852664576806,38.557993730407524,False,141,49.09090909090909,169,False,False,319,VERIZON COMMUNICATIONS INC
2020-06-30,WAB,WAB,943452.0,3743.0,Transport equipment,11036815107.174377,2019-12-31,0.9021171328246562,5.0,9.0,31,90.59561128526646,25.54858934169279,True,60,64.57680250783699,74,False,False,319,WESTINGHOUSE AIR BRAKE TECHNOLOGIES CORP
2020-06-30,WAT,WAT,1000697.0,3826.0,Instruments & medical devices,11213310938.617401,2019-12-31,-0.019287880375737393,6.0,9.0,303,5.329153605015674,52.82131661442007,False,303,24.326018808777434,292,False,False,319,WATERS CORP /DE/
2020-06-30,WDC,WDC,106040.0,3572.0,Machinery & computers,13068570313.417683,2019-06-28,0.7626695010216031,3.0,9.0,41,87.46081504702194,2.3510971786833856,True,98,53.41692789968651,140,False,False,319,WESTERN DIGITAL CORP
2020-06-30,WHR,WHR,106640.0,3630.0,Electronics & semis,8131959772.253632,2019-12-31,0.3928942210094777,8.0,9.0,104,67.7115987460815,92.94670846394985,False,104,77.80564263322884,18,False,True,319,WHIRLPOOL CORP /DE/
2020-06-30,WM,WM,823768.0,4953.0,Utilities,44980906115.109924,2019-12-31,0.1571333396866749,5.0,9.0,205,36.05015673981191,25.54858934169279,False,205,31.84952978056426,272,False,False,319,WASTE MANAGEMENT INC
2020-06-30,WMB,WMB,107263.0,4922.0,Utilities,23061652773.2161,2019-12-31,0.579446760880896,5.625,8.0,65,79.9373040752351,38.557993730407524,True,48,63.38557993730407,84,False,False,319,"WILLIAMS COMPANIES, INC."
2020-06-30,WMT,WMT,104169.0,5331.0,Retail,339250161954.23035,2020-01-31,0.2201001160025206,6.0,9.0,163,49.21630094043887,52.82131661442007,False,163,50.65830721003135,160,False,False,319,Walmart Inc.
2020-06-30,WST,WST,105770.0,3841.0,Instruments & medical devices,16773653154.129593,2019-12-31,0.09378994459609925,7.0,9.0,240,25.07836990595611,76.8025078369906,False,240,45.7680250783699,199,False,False,319,WEST PHARMACEUTICAL SERVICES INC
2020-06-30,WYNN,WYNN,1174922.0,7011.0,Services (hotels/personal),8008876294.020767,2019-12-31,0.21763914636830078,5.625,8.0,167,47.96238244514107,38.557993730407524,False,167,44.20062695924765,206,False,False,319,WYNN RESORTS LTD
2020-06-30,XOM,XOM,34088.0,2911.0,Petroleum refining,189263575237.92847,2019-12-31,1.0126090018064569,4.5,8.0,22,93.41692789968651,14.576802507836991,True,79,61.8808777429467,95,False,False,319,EXXON MOBIL CORP
2020-06-30,XRAY,XRAY,818479.0,3843.0,Instruments & medical devices,9756601190.120144,2019-12-31,0.5219543056814532,8.0,9.0,71,78.0564263322884,92.94670846394985,True,3,84.01253918495297,7,True,True,319,DENTSPLY SIRONA Inc.
2020-06-30,XYL,XYL,1524472.0,3561.0,Machinery & computers,11707258761.721298,2019-12-31,0.2525783413678675,6.0,9.0,154,52.03761755485894,52.82131661442007,False,154,52.35109717868339,148,False,False,319,Xylem Inc.
2020-06-30,YUM,YUM,1041061.0,5812.0,Retail,26144469106.664246,2019-12-31,-0.30660404567009225,8.0,9.0,318,0.6269592476489028,92.94670846394985,False,318,37.55485893416928,232,False,False,319,YUM BRANDS INC
2020-06-30,ZBH,ZBH,1136869.0,3842.0,Instruments & medical devices,24636338414.939922,2019-12-31,0.5028385221599178,7.0,9.0,74,77.11598746081505,76.8025078369906,True,12,76.99059561128527,23,True,False,319,"ZIMMER BIOMET HOLDINGS, INC."
2020-06-30,ZBRA,ZBRA,877212.0,3560.0,Machinery & computers,13823514570.528671,2019-12-31,0.13303418538153056,6.0,9.0,220,31.347962382445143,52.82131661442007,False,220,39.93730407523512,221,False,False,319,ZEBRA TECHNOLOGIES CORP
2020-06-30,ZTS,ZTS,1555280.0,2834.0,Chemicals & pharma,65084944634.15657,2019-12-31,0.04160716453277648,6.0,9.0,277,13.479623824451412,52.82131661442007,False,277,29.216300940438877,281,False,False,319,Zoetis Inc.
2021-06-30,A,A,1090872.0,3826.0,Instruments & medical devices,45355427688.91565,2020-10-31,0.10744028329802092,5.0,9.0,223,35.46511627906977,39.53488372093023,False,223,37.093023255813954,263,False,False,344,"AGILENT TECHNOLOGIES, INC."
2021-06-30,AAL,AAL,6201.0,4512.0,Transportation,13567523132.359314,2020-12-31,-0.5061351237811281,2.25,8.0,344,0.29069767441860467,3.1976744186046515,False,344,1.4534883720930236,343,False,False,344,American Airlines Group Inc.
2021-06-30,AAP,AAP,1158449.0,5531.0,Retail,13441679478.807068,2021-01-02,0.26481155168237225,6.0,9.0,106,69.47674418604652,66.42441860465115,False,106,68.25581395348837,59,False,False,344,ADVANCE AUTO PARTS INC
2021-06-30,AAPL,AAPL,320193.0,3571.0,Machinery & computers,2328566916067.841,2020-09-26,0.028059747628097112,7.0,9.0,302,12.5,86.48255813953489,False,302,42.093023255813954,236,False,False,344,Apple Inc.
2021-06-30,ABBV,ABBV,1551152.0,2834.0,Chemicals & pharma,198908912483.79135,2020-12-31,0.06573863300904395,4.0,9.0,262,24.12790697674419,17.441860465116278,False,262,21.453488372093027,326,False,False,344,AbbVie Inc.
2021-06-30,ABC,COR,1140859.0,5122.0,Wholesale,23384553097.705467,2020-09-30,-0.04357252395385647,6.0,9.0,332,3.77906976744186,66.42441860465115,False,332,28.83720930232558,301,False,False,344,"Cencora, Inc."
2021-06-30,ABT,ABT,1800.0,2834.0,Chemicals & pharma,205373399013.56787,2020-12-31,0.15963118961591585,6.0,9.0,177,48.837209302325576,66.42441860465115,False,177,55.87209302325581,135,False,False,344,ABBOTT LABORATORIES
2021-06-30,ACN,ACN,1467373.0,7389.0,Business services & software,187574856790.40305,2020-08-31,0.09063334122118762,6.0,9.0,234,32.26744186046512,66.42441860465115,False,234,45.93023255813954,199,False,False,344,Accenture plc
2021-06-30,ADBE,ADBE,796343.0,7372.0,Business services & software,280345875012.20703,2020-11-27,0.047312984360559786,8.0,9.0,282,18.313953488372093,95.93023255813954,False,282,49.36046511627907,177,False,False,344,ADOBE INC.
2021-06-30,ADI,ADI,6281.0,3674.0,Electronics & semis,63610521564.93411,2020-10-31,0.18861573061859593,4.5,8.0,157,54.65116279069767,26.598837209302324,False,157,43.43023255813954,224,False,False,344,ANALOG DEVICES INC
2021-06-30,ADM,ADM,7084.0,2070.0,Food & beverage mfg,33839892032.327744,2020-12-31,0.591668554405336,4.0,9.0,26,92.73255813953489,17.441860465116278,True,73,62.616279069767444,89,False,False,344,Archer-Daniels-Midland Co
2021-06-30,ADP,ADP,8670.0,7374.0,Business services & software,85399726641.65955,2020-06-30,0.06735618749854372,5.0,9.0,258,25.290697674418606,39.53488372093023,False,258,30.988372093023255,292,False,False,344,AUTOMATIC DATA PROCESSING INC
2021-06-30,ADSK,ADSK,769397.0,7372.0,Business services & software,64098989278.315,2021-01-31,0.015062640002135468,7.875,8.0,310,10.174418604651162,91.71511627906976,False,310,42.7906976744186,231,False,False,344,"Autodesk, Inc."
2021-06-30,AEE,AEE,1002910.0,4931.0,Utilities,20278542836.153526,2020-12-31,0.4407614527442731,4.5,8.0,54,84.59302325581395,26.598837209302324,True,65,61.3953488372093,97,False,False,344,AMEREN CORP
2021-06-30,AEP,AEP,4904.0,4911.0,Utilities,42007746951.841125,2020-12-31,0.4892169061949487,5.625,8.0,47,86.62790697674419,52.616279069767444,True,30,73.02325581395348,32,False,False,344,AMERICAN ELECTRIC POWER CO INC
2021-06-30,AES,AES,874761.0,4991.0,Utilities,17349059356.06167,2020-12-31,0.15182379320638467,4.5,8.0,185,46.51162790697674,26.598837209302324,False,185,38.54651162790697,254,False,False,344,AES CORP
2021-06-30,AKAM,AKAM,1086222.0,7389.0,Business services & software,19031483232.945633,2020-12-31,0.22338227388606946,3.375,8.0,128,63.08139534883721,9.593023255813954,False,128,41.68604651162791,240,False,False,344,AKAMAI TECHNOLOGIES INC
2021-06-30,ALB,ALB,915913.0,2821.0,Chemicals & pharma,19647901456.994705,2020-12-31,0.21723576990358429,4.0,9.0,132,61.91860465116279,17.441860465116278,False,132,44.12790697674418,219,False,False,344,ALBEMARLE CORP
2021-06-30,ALGN,ALGN,1097149.0,3842.0,Instruments & medical devices,48350093753.0,2020-12-31,0.06688435841552731,3.375,8.0,259,25.0,9.593023255813954,False,259,18.837209302325583,329,False,False,344,ALIGN TECHNOLOGY INC
2021-06-30,ALK,ALK,766421.0,4512.0,Transportation,7492094113.358994,2020-12-31,0.39882040385373174,2.25,8.0,62,82.26744186046511,3.1976744186046515,True,95,50.63953488372093,168,False,False,344,"ALASKA AIR GROUP, INC."
2021-06-30,ALLE,ALLE,1579241.0,7381.0,Business services & software,12639009248.992996,2020-12-31,0.06562223222252028,6.0,9.0,263,23.837209302325583,66.42441860465115,False,263,40.872093023255815,244,False,False,344,Allegion plc
2021-06-30,AMAT,AMAT,6951.0,3674.0,Electronics & semis,130202606932.88596,2020-10-25,0.08124261294900585,8.0,9.0,242,29.941860465116278,95.93023255813954,False,242,56.337209302325576,131,False,False,344,APPLIED MATERIALS INC /DE
2021-06-30,AMCR,AMCR,1748790.0,3990.0,Other manufacturing,17974797968.408714,2020-06-30,0.257354770169332,6.0,9.0,110,68.31395348837209,66.42441860465115,False,110,67.55813953488371,64,False,False,344,Amcor plc
2021-06-30,AMD,AMD,2488.0,3674.0,Electronics & semis,113775531615.02332,2020-12-26,0.05130277061460253,7.0,9.0,279,19.186046511627907,86.48255813953489,False,279,46.104651162790695,198,False,False,344,ADVANCED MICRO DEVICES INC
2021-06-30,AME,AME,1037868.0,3823.0,Instruments & medical devices,30780279448.5,2020-12-31,0.1932843400578654,5.0,9.0,153,55.81395348837209,39.53488372093023,False,153,49.302325581395344,178,False,False,344,AMETEK INC/
2021-06-30,AMGN,AMGN,318154.0,2836.0,Chemicals & pharma,140781805856.25,2020-12-31,0.06683392035478915,7.0,9.0,260,24.709302325581394,86.48255813953489,False,260,49.41860465116279,176,False,False,344,AMGEN INC
2021-06-30,AMZN,AMZN,1018724.0,5961.0,Retail,1732343242020.26,2020-12-31,0.05391772123119907,5.0,9.0,274,20.63953488372093,39.53488372093023,False,274,28.19767441860465,305,False,False,344,AMAZON COM INC
2021-06-30,ANET,ANET,1596532.0,3576.0,Machinery & computers,27655692027.27362,2020-12-31,0.12005814198124494,4.5,8.0,211,38.95348837209303,26.598837209302324,False,211,34.01162790697674,274,False,False,344,"Arista Networks, Inc."
2021-06-30,AOS,AOS,91142.0,3630.0,Electronics & semis,11639893848.97821,2020-12-31,0.15879010788077333,5.0,9.0,179,48.25581395348838,39.53488372093023,False,179,44.76744186046512,210,False,False,344,SMITH A O CORP
2021-06-30,APA,APA,6769.0,1311.0,Oil & gas extraction,8173132485.616453,2020-12-31,-0.20053510730242122,3.375,8.0,342,0.872093023255814,9.593023255813954,False,342,4.3604651162790695,340,False,False,344,APACHE CORP
2021-06-30,APD,APD,2969.0,2810.0,Chemicals & pharma,63584928367.71289,2020-09-30,0.18997898260012622,7.0,9.0,155,55.23255813953488,86.48255813953489,False,155,67.73255813953489,63,False,False,344,"Air Products & Chemicals, Inc."
2021-06-30,APH,APH,820313.0,3678.0,Electronics & semis,40988087793.18536,2020-12-31,0.1313771949345558,4.0,9.0,198,42.73255813953488,17.441860465116278,False,198,32.61627906976744,284,False,False,344,AMPHENOL CORP /DE/
2021-06-30,APTV,APTV,1521332.0,3714.0,Transport equipment,42483092585.85123,2020-12-31,0.18607402424918376,5.0,9.0,160,53.779069767441854,39.53488372093023,False,160,48.081395348837205,187,False,False,344,Aptiv PLC
2021-06-30,ATO,ATO,731802.0,4924.0,Utilities,12099235692.996826,2020-09-30,0.5612919007711227,6.0,9.0,32,90.98837209302324,66.42441860465115,True,19,81.16279069767441,16,True,True,344,ATMOS ENERGY CORP
2021-06-30,AVGO,AVGO,1730168.0,3674.0,Electronics & semis,193937075491.7424,2020-11-01,0.12310178411974933,5.0,9.0,208,39.825581395348834,39.53488372093023,False,208,39.70930232558139,249,False,False,344,Broadcom Inc.
2021-06-30,AVY,AVY,8818.0,2670.0,Other manufacturing,17459175010.73442,2021-01-02,0.08504983764049787,7.0,9.0,238,31.1046511627907,86.48255813953489,False,238,53.25581395348837,151,False,False,344,Avery Dennison Corp
2021-06-30,AWK,AWK,1410636.0,4941.0,Utilities,27965233259.083862,2020-12-31,0.23078656059139313,6.75,8.0,123,64.53488372093024,79.36046511627907,False,123,70.46511627906978,44,False,False,344,"American Water Works Company, Inc."
2021-06-30,AZO,AZO,866787.0,5531.0,Retail,34583024510.90869,2020-08-29,-0.025387513452533785,8.0,9.0,329,4.651162790697675,95.93023255813954,False,329,41.16279069767442,243,False,False,344,AUTOZONE INC
2021-06-30,BA,BA,12927.0,3721.0,Transport equipment,139662726358.26782,2020-12-31,-0.13114451133522298,1.0,9.0,340,1.4534883720930232,0.29069767441860467,False,340,0.9883720930232557,344,False,False,344,BOEING CO
2021-06-30,BAX,BAX,10456.0,3841.0,Instruments & medical devices,40660863467.0,2020-12-31,0.21369442896981064,5.0,9.0,135,61.04651162790697,39.53488372093023,False,135,52.44186046511628,155,False,False,344,BAXTER INTERNATIONAL INC
2021-06-30,BBY,BBY,764478.0,5731.0,Retail,28750160681.864044,2021-01-30,0.15954693438960627,6.0,9.0,178,48.54651162790697,66.42441860465115,False,178,55.69767441860465,138,False,False,344,BEST BUY CO INC
2021-06-30,BDX,BDX,10795.0,3841.0,Instruments & medical devices,70532725400.41435,2020-09-30,0.33693579632838616,6.0,9.0,80,77.03488372093024,66.42441860465115,True,24,72.7906976744186,34,False,False,344,BECTON DICKINSON & CO
2021-06-30,BF.B,BF-B,14693.0,2080.0,Food & beverage mfg,35875952428.77197,2021-04-30,0.07403287774096634,4.0,9.0,249,27.906976744186046,17.441860465116278,False,249,23.72093023255814,318,False,False,344,BROWN FORMAN CORP
2021-06-30,BIIB,BIIB,875045.0,2836.0,Chemicals & pharma,52749291899.759674,2020-12-31,0.20285201212433243,6.0,9.0,147,57.55813953488372,66.42441860465115,False,147,61.104651162790695,102,False,False,344,BIOGEN INC.
2021-06-30,BIO,BIO,12208.0,3826.0,Instruments & medical devices,19179224065.91797,2020-12-31,0.5151376284068205,7.0,9.0,40,88.66279069767442,86.48255813953489,True,11,87.79069767441861,8,True,True,344,"BIO-RAD LABORATORIES, INC."
2021-06-30,BKNG,BKNG,1075531.0,4700.0,Transportation,89628093872.0375,2020-12-31,0.05459225772429972,5.625,8.0,272,21.22093023255814,52.616279069767444,False,272,33.77906976744186,275,False,False,344,Booking Holdings Inc.
2021-06-30,BLL,BALL,9389.0,3411.0,Other manufacturing,26568613327.492126,2020-12-31,0.12326574818306993,6.0,9.0,207,40.116279069767444,66.42441860465115,False,207,50.63953488372093,169,False,False,344,BALL Corp
2021-06-30,BMY,BMY,14272.0,2834.0,Chemicals & pharma,149708549039.72125,2020-12-31,0.252637543030124,5.0,9.0,115,66.86046511627907,39.53488372093023,False,115,55.93023255813954,134,False,False,344,BRISTOL MYERS SQUIBB CO
2021-06-30,BR,BR,1383312.0,7389.0,Business services & software,18602037439.011993,2020-06-30,0.07238454413472659,4.0,9.0,251,27.325581395348834,17.441860465116278,False,251,23.372093023255815,321,False,False,344,"BROADRIDGE FINANCIAL SOLUTIONS, INC."
2021-06-30,BSX,BSX,885725.0,3841.0,Instruments & medical devices,60598003252.65442,2020-12-31,0.25291262380544965,4.0,9.0,113,67.44186046511628,17.441860465116278,False,113,47.44186046511628,190,False,False,344,BOSTON SCIENTIFIC CORP
2021-06-30,BWA,BWA,908255.0,3714.0,Transport equipment,11602082320.836374,2020-12-31,0.5540384753567769,4.0,9.0,35,90.11627906976744,17.441860465116278,True,76,61.04651162790697,103,False,False,344,BORGWARNER INC
2021-06-30,CAG,CAG,23217.0,2000.0,Food & beverage mfg,17725925744.3524,2020-05-31,0.4443265820691694,4.0,9.0,52,85.17441860465115,17.441860465116278,True,79,58.0813953488372,122,False,False,344,CONAGRA BRANDS INC.
2021-06-30,CAH,CAH,721371.0,5122.0,Wholesale,16695632514.733425,2020-06-30,0.10715377200721554,6.0,9.0,224,35.174418604651166,66.42441860465115,False,224,47.674418604651166,189,False,False,344,CARDINAL HEALTH INC
2021-06-30,CAT,CAT,18230.0,3531.0,Machinery & computers,118674478885.22644,2020-12-31,0.129581356871788,6.0,9.0,201,41.86046511627907,66.42441860465115,False,201,51.68604651162791,160,False,False,344,CATERPILLAR INC
2021-06-30,CDW,CDW,1402057.0,5961.0,Retail,24624093881.20865,2020-12-31,0.0526760499800504,6.0,9.0,277,19.767441860465116,66.42441860465115,False,277,38.43023255813954,255,False,False,344,CDW Corp
2021-06-30,CE,CE,1306830.0,2820.0,Chemicals & pharma,17308678434.45874,2020-12-31,0.20371283765838022,6.0,9.0,145,58.139534883720934,66.42441860465115,False,145,61.45348837209302,94,False,False,344,Celanese Corp
2021-06-30,CF,CF,1324404.0,2870.0,Chemicals (other),11018518786.390915,2020-12-31,0.265189909519326,6.0,9.0,105,69.76744186046511,66.42441860465115,False,105,68.43023255813952,57,False,False,344,"CF Industries Holdings, Inc."
2021-06-30,CHD,CHD,313927.0,2840.0,Chemicals (other),20885170445.88208,2020-12-31,0.144619360796049,7.0,9.0,191,44.76744186046512,86.48255813953489,False,191,61.45348837209302,95,False,False,344,CHURCH & DWIGHT CO INC /DE/
2021-06-30,CHRW,CHRW,1043277.0,4731.0,Transportation,12534493424.826584,2020-12-31,0.14998077196135345,5.625,8.0,186,46.22093023255814,52.616279069767444,False,186,48.77906976744187,179,False,False,344,"C. H. ROBINSON WORLDWIDE, INC."
2021-06-30,CHTR,CHTR,1091667.0,4841.0,Communications,146682679142.24066,2020-12-31,0.1622891001119218,6.75,8.0,176,49.127906976744185,79.36046511627907,False,176,61.22093023255814,100,False,False,344,"CHARTER COMMUNICATIONS, INC. /MO/"
2021-06-30,CL,CL,21665.0,2844.0,Chemicals (other),69030572560.49611,2020-12-31,0.010763346911962223,6.0,9.0,315,8.720930232558139,66.42441860465115,False,315,31.802325581395348,287,False,False,344,COLGATE PALMOLIVE CO
2021-06-30,CLX,CLX,21076.0,2842.0,Chemicals (other),22707080422.61783,2020-06-30,0.039987527374746465,7.0,9.0,288,16.569767441860463,86.48255813953489,False,288,44.53488372093023,215,False,False,344,CLOROX CO /DE/
2021-06-30,CMCSA,CMCSA,1166691.0,4841.0,Communications,260809471956.27594,2020-12-31,0.3463179436026864,5.625,8.0,79,77.32558139534885,52.616279069767444,True,35,67.44186046511629,65,False,False,344,COMCAST CORP
2021-06-30,CMG,CMG,1058090.0,5812.0,Retail,43632869306.95009,2020-12-31,0.04629846792308526,5.625,8.0,284,17.732558139534884,52.616279069767444,False,284,31.68604651162791,288,False,False,344,CHIPOTLE MEXICAN GRILL INC
2021-06-30,CMI,CMI,26172.0,3510.0,Machinery & computers,36000395194.54785,2020-12-31,0.2239419860930017,5.0,9.0,126,63.662790697674424,39.53488372093023,False,126,54.01162790697675,148,False,False,344,CUMMINS INC
2021-06-30,CMS,CMS,811156.0,4931.0,Utilities,17070773883.391083,2020-12-31,0.3219537694976619,4.5,8.0,86,75.29069767441861,26.598837209302324,True,67,55.81395348837209,136,False,False,344,CMS ENERGY CORP
2021-06-30,CNP,CNP,1130310.0,4911.0,Utilities,13524739939.93325,2020-12-31,0.6172392250849594,4.0,9.0,22,93.8953488372093,17.441860465116278,True,72,63.313953488372086,85,False,False,344,CENTERPOINT ENERGY INC
2021-06-30,COO,COO,711404.0,3851.0,Instruments & medical devices,19466259947.410583,2020-10-31,0.19647328302059128,4.0,9.0,151,56.395348837209305,17.441860465116278,False,151,40.81395348837209,245,False,False,344,"COOPER COMPANIES, INC."
2021-06-30,COP,COP,1163165.0,2911.0,Petroleum refining,82503346941.46115,2020-12-31,0.3617913830959955,2.0,9.0,71,79.65116279069767,1.744186046511628,True,99,48.48837209302325,183,False,False,344,CONOCOPHILLIPS
2021-06-30,COST,COST,909832.0,5331.0,Retail,174580699367.78275,2020-08-30,0.10473093570029622,5.0,9.0,228,34.01162790697674,39.53488372093023,False,228,36.22093023255813,265,False,False,344,COSTCO WHOLESALE CORP /NEW
2021-06-30,CPB,CPB,16732.0,2000.0,Food & beverage mfg,13780540726.052914,2020-08-02,0.18598689637442886,7.0,9.0,161,53.48837209302325,86.48255813953489,False,161,66.6860465116279,70,False,False,344,CAMPBELL'S Co
2021-06-30,CPRT,CPRT,900075.0,5500.0,Retail,31108178645.67749,2020-07-31,0.08002770037923518,6.75,8.0,243,29.651162790697676,79.36046511627907,False,243,49.53488372093024,175,False,False,344,COPART INC
2021-06-30,CRL,CRL,1100682.0,8731.0,Services (professional),18413222560.221954,2020-12-26,0.11484149464245168,5.625,8.0,217,37.2093023255814,52.616279069767444,False,217,43.372093023255815,227,False,False,344,"CHARLES RIVER LABORATORIES INTERNATIONAL, INC."
2021-06-30,CRM,CRM,1108524.0,7372.0,Business services & software,224972673934.93652,2021-01-31,0.1844357329014991,6.0,9.0,162,53.19767441860465,66.42441860465115,False,162,58.48837209302325,118,False,False,344,"Salesforce, Inc."
2021-06-30,CSCO,CSCO,858877.0,3576.0,Machinery & computers,224371540741.0,2020-07-25,0.16900539112387875,9.0,9.0,173,50.0,99.70930232558139,False,173,69.88372093023256,46,False,False,344,"CISCO SYSTEMS, INC."
2021-06-30,CSX,CSX,277948.0,4011.0,Transportation,73383490970.48538,2020-12-31,0.17865053606229775,6.75,8.0,165,52.32558139534884,79.36046511627907,False,165,63.139534883720934,86,False,False,344,CSX CORP
2021-06-30,CTAS,CTAS,723254.0,2320.0,Other manufacturing,39536622584.0,2020-05-31,0.08182798095933586,6.0,9.0,241,30.23255813953488,66.42441860465115,False,241,44.70930232558139,212,False,False,344,CINTAS CORP
2021-06-30,CTSH,CTSH,1058290.0,7371.0,Business services & software,36750344642.594345,2020-12-31,0.2948543777040085,5.0,9.0,97,72.09302325581395,39.53488372093023,True,55,59.069767441860456,114,False,False,344,COGNIZANT TECHNOLOGY SOLUTIONS CORP
2021-06-30,CTVA,CTVA,1755672.0,2820.0,Chemicals & pharma,32999148564.65149,2020-12-31,0.7522618334035241,8.0,9.0,11,97.09302325581395,95.93023255813954,True,2,96.62790697674419,1,True,True,344,"Corteva, Inc."
2021-06-30,CVS,CVS,64803.0,5912.0,Retail,109419458226.99011,2020-12-31,0.6341559456093528,7.0,9.0,17,95.34883720930233,86.48255813953489,True,9,91.80232558139535,4,True,True,344,CVS HEALTH Corp
2021-06-30,CVX,CVX,93410.0,2911.0,Petroleum refining,201768698146.17526,2020-12-31,0.6526681353943021,4.0,9.0,13,96.51162790697676,17.441860465116278,True,70,64.88372093023257,78,False,False,344,CHEVRON CORP
2021-06-30,D,D,715957.0,4911.0,Utilities,59271533413.9357,2020-12-31,0.44063310826811625,5.625,8.0,55,84.30232558139535,52.616279069767444,True,32,71.62790697674419,40,False,False,344,"DOMINION ENERGY, INC"
2021-06-30,DAL,DAL,27904.0,4512.0,Transportation,27606223656.79201,2020-12-31,0.055567180034150995,3.375,8.0,271,21.511627906976745,9.593023255813954,False,271,16.74418604651163,332,False,False,344,"DELTA AIR LINES, INC."
2021-06-30,DG,DG,29534.0,5331.0,Retail,51774391344.24469,2021-01-29,0.12865893402222434,6.0,9.0,204,40.98837209302326,66.42441860465115,False,204,51.16279069767442,164,False,False,344,DOLLAR GENERAL CORP
2021-06-30,DGX,DGX,1022079.0,8071.0,Health services,17612024972.078644,2020-12-31,0.3837718837394014,9.0,9.0,63,81.97674418604652,99.70930232558139,True,1,89.06976744186046,6,True,True,344,QUEST DIAGNOSTICS INC
2021-06-30,DHR,DHR,313616.0,3823.0,Instruments & medical devices,191127122574.47348,2020-12-31,0.20806047548016118,5.0,9.0,142,59.01162790697675,39.53488372093023,False,142,51.22093023255814,163,False,False,344,DANAHER CORP /DE/
2021-06-30,DIS,DIS,1744489.0,7990.0,Services (other),318228962688.7166,2020-10-03,0.2626505120520999,3.375,8.0,108,68.8953488372093,9.593023255813954,False,108,45.17441860465116,207,False,False,344,Walt Disney Co
2021-06-30,DLTR,DLTR,935703.0,5331.0,Retail,23225382037.5,2021-01-30,0.3136783708546564,8.0,9.0,89,74.4186046511628,95.93023255813954,True,6,83.02325581395348,15,True,True,344,"DOLLAR TREE, INC."
2021-06-30,DOV,DOV,29905.0,3530.0,Machinery & computers,21633577474.965424,2020-12-31,0.15650546026971487,7.0,9.0,182,47.383720930232556,86.48255813953489,False,182,63.02325581395348,87,False,False,344,DOVER Corp
2021-06-30,DOW,DOW,1751788.0,2821.0,Chemicals & pharma,47074912448.70117,2020-12-31,0.2641534387036994,6.0,9.0,107,69.18604651162791,66.42441860465115,False,107,68.0813953488372,60,False,False,344,DOW INC.
2021-06-30,DPZ,DPZ,1286681.0,5140.0,Wholesale,18101446202.01953,2021-01-03,-0.1823282495313431,5.0,9.0,341,1.1627906976744187,39.53488372093023,False,341,16.511627906976745,333,False,False,344,DOMINOS PIZZA INC
2021-06-30,DRI,DRI,940944.0,5812.0,Retail,18963196721.51796,2020-05-31,0.12293285959295754,4.0,9.0,209,39.53488372093023,17.441860465116278,False,209,30.69767441860465,294,False,False,344,DARDEN RESTAURANTS INC
2021-06-30,DUK,DUK,1326160.0,4931.0,Utilities,75882469555.91003,2020-12-31,0.6320827495560122,5.0,9.0,19,94.76744186046511,39.53488372093023,True,42,72.67441860465115,35,False,False,344,Duke Energy CORP
2021-06-30,DVA,DVA,927066.0,8090.0,Health services,13175042033.38623,2020-12-31,0.1050141621175836,6.75,8.0,226,34.593023255813954,79.36046511627907,False,226,52.5,154,False,False,344,DAVITA INC.
2021-06-30,DVN,DVN,1090012.0,1311.0,Oil & gas extraction,19647789359.474182,2020-12-31,0.1468358575723864,4.5,8.0,187,45.93023255813954,26.598837209302324,False,187,38.19767441860465,258,False,False,344,DEVON ENERGY CORP/DE
2021-06-30,DXC,DXC,1688568.0,7374.0,Business services & software,9922182906.115883,2021-03-31,0.5012001942571245,5.0,9.0,44,87.5,39.53488372093023,True,44,68.31395348837209,58,False,False,344,DXC Technology Co
2021-06-30,DXCM,DXCM,1093557.0,3841.0,Instruments & medical devices,41067734001.0,2020-12-31,0.04447530511314612,6.75,8.0,286,17.151162790697676,79.36046511627907,False,286,42.03488372093023,238,False,False,344,DEXCOM INC
2021-06-30,EBAY,EBAY,1065088.0,7389.0,Business services & software,47774096678.103294,2020-12-31,0.07453830103777019,6.0,9.0,247,28.488372093023255,66.42441860465115,False,247,43.66279069767442,223,False,False,344,EBAY INC
2021-06-30,ECL,ECL,31462.0,2840.0,Chemicals (other),58876515786.257935,2020-12-31,0.10473615698297302,4.0,9.0,227,34.30232558139535,17.441860465116278,False,227,27.558139534883722,307,False,False,344,ECOLAB INC.
2021-06-30,ED,ED,1047862.0,4931.0,Utilities,24558302716.63214,2020-12-31,0.7674390293770524,4.5,8.0,8,97.96511627906976,26.598837209302324,True,59,69.41860465116278,49,False,False,344,CONSOLIDATED EDISON INC
2021-06-30,EFX,EFX,33185.0,7320.0,Business services & software,29169462850.818085,2020-12-31,0.10862044379096748,8.0,9.0,221,36.04651162790697,95.93023255813954,False,221,60.0,108,False,False,344,EQUIFAX INC
2021-06-30,EL,EL,1001250.0,2844.0,Chemicals (other),114699643157.95898,2020-06-30,0.03430699426484616,5.0,9.0,293,15.11627906976744,39.53488372093023,False,293,24.883720930232556,315,False,False,344,ESTEE LAUDER COMPANIES INC
2021-06-30,EMN,EMN,915389.0,2821.0,Chemicals & pharma,15861871454.5,2020-12-31,0.37971559770088037,5.0,9.0,65,81.3953488372093,39.53488372093023,True,49,64.65116279069767,81,False,False,344,EASTMAN CHEMICAL CO
2021-06-30,EMR,EMR,32604.0,3600.0,Electronics & semis,57555317026.52987,2020-09-30,0.1460334237430358,5.0,9.0,189,45.348837209302324,39.53488372093023,False,189,43.02325581395348,229,False,False,344,EMERSON ELECTRIC CO
2021-06-30,ENPH,ENPH,1463101.0,3674.0,Electronics & semis,23692183968.91687,2020-12-31,0.020428382652902664,5.0,9.0,307,11.046511627906977,39.53488372093023,False,307,22.441860465116278,325,False,False,344,"Enphase Energy, Inc."
2021-06-30,EOG,EOG,821189.0,1311.0,Oil & gas extraction,48692538112.475525,2020-12-31,0.4169404140138353,3.375,8.0,59,83.13953488372093,9.593023255813954,True,87,53.72093023255814,149,False,False,344,EOG RESOURCES INC
2021-06-30,ES,ES,72741.0,4911.0,Utilities,27522589355.10576,2020-12-31,0.5109826629517707,5.625,8.0,41,88.37209302325581,52.616279069767444,True,29,74.06976744186048,28,False,False,344,EVERSOURCE ENERGY
2021-06-30,ETN,ETN,1551182.0,3590.0,Machinery & computers,58990455084.228516,2020-12-31,0.2530917922006612,5.0,9.0,112,67.73255813953489,39.53488372093023,False,112,56.45348837209303,130,False,False,344,Eaton Corp plc
2021-06-30,ETR,ETR,65984.0,4911.0,Utilities,19987854889.68361,2020-12-31,0.5466390495780186,5.625,8.0,36,89.82558139534885,52.616279069767444,True,27,74.94186046511629,25,False,False,344,ENTERGY CORP /DE/
2021-06-30,ETSY,ETSY,1370637.0,7389.0,Business services & software,25945982510.233765,2020-12-31,0.028614218008786864,7.0,9.0,301,12.790697674418606,86.48255813953489,False,301,42.26744186046512,233,False,False,344,ETSY INC
2021-06-30,EVRG,EVRG,1711269.0,4911.0,Utilities,13714282853.8881,2020-12-31,0.6368105494866629,4.5,8.0,16,95.63953488372093,26.598837209302324,True,61,68.02325581395348,61,False,False,344,"Evergy, Inc."
2021-06-30,EW,EW,1099800.0,3842.0,Instruments & medical devices,64681419486.021965,2020-12-31,0.07072046402736311,7.0,9.0,254,26.453488372093027,86.48255813953489,False,254,50.46511627906977,172,False,False,344,Edwards Lifesciences Corp
2021-06-30,EXC,EXC,1109357.0,4911.0,Utilities,43261528633.47436,2020-12-31,0.7532096305720181,4.5,8.0,10,97.38372093023256,26.598837209302324,True,60,69.06976744186046,52,False,False,344,EXELON CORP
2021-06-30,EXPE,EXPE,1324424.0,4700.0,Transportation,23150886889.434814,2020-12-31,0.06522428307872329,2.0,9.0,264,23.546511627906977,1.744186046511628,False,264,14.825581395348836,337,False,False,344,"Expedia Group, Inc."
2021-06-30,F,F,37996.0,3711.0,Transport equipment,59038778635.9787,2020-12-31,0.5198278268801664,4.0,9.0,39,88.95348837209302,17.441860465116278,True,77,60.34883720930232,105,False,False,344,FORD MOTOR CO
2021-06-30,FANG,FANG,1539838.0,1311.0,Oil & gas extraction,14836089000.384903,2020-12-31,0.5927438154200781,3.375,8.0,25,93.02325581395348,9.593023255813954,True,82,59.65116279069767,111,False,False,344,"Diamondback Energy, Inc."
2021-06-30,FAST,FAST,815556.0,5200.0,Retail,29864498352.0,2020-12-31,0.09152003719550039,4.0,9.0,233,32.55813953488372,17.441860465116278,False,233,26.51162790697674,311,False,False,344,FASTENAL CO
2021-06-30,FB,META,1326801.0,7370.0,Business services & software,991321185638.4277,2020-12-31,0.12941315272847626,6.75,8.0,203,41.27906976744186,79.36046511627907,False,203,56.51162790697674,129,False,False,344,"Meta Platforms, Inc."
2021-06-30,FBHS,FBIN,1519751.0,2430.0,Other manufacturing,13812545892.326565,2020-12-31,0.20094050884145145,7.0,9.0,148,57.26744186046512,86.48255813953489,False,148,68.95348837209303,54,False,False,344,"Fortune Brands Innovations, Inc."
2021-06-30,FCX,FCX,831259.0,1000.0,Mining (metals/coal),54124210241.24582,2020-12-31,0.18797502919029785,8.0,9.0,158,54.360465116279066,95.93023255813954,False,158,70.98837209302326,42,False,False,344,FREEPORT-MCMORAN INC
2021-06-30,FDX,FDX,1048911.0,4513.0,Transportation,78148882697.1952,2020-05-31,0.23410443461985175,5.625,8.0,121,65.11627906976744,52.616279069767444,False,121,60.116279069767444,106,False,False,344,FEDEX CORP
2021-06-30,FE,FE,1031296.0,4911.0,Utilities,20213033001.57173,2020-12-31,0.35803632237859917,5.625,8.0,73,79.06976744186046,52.616279069767444,True,34,68.48837209302326,56,False,False,344,FIRSTENERGY CORP
2021-06-30,FFIV,FFIV,1048695.0,3576.0,Machinery & computers,11498835244.917297,2020-09-30,0.19412992294038692,4.0,9.0,152,56.104651162790695,17.441860465116278,False,152,40.63953488372093,246,False,False,344,"F5, INC."
2021-06-30,FIS,FIS,1136893.0,7389.0,Business services & software,87995293574.81949,2020-12-31,0.5602572364632415,4.0,9.0,33,90.69767441860465,17.441860465116278,True,75,61.3953488372093,96,False,False,344,"Fidelity National Information Services, Inc."
2021-06-30,FISV,FISV,798354.0,7389.0,Business services & software,71558565843.92412,2020-12-31,0.4517977633944584,5.625,8.0,50,85.75581395348837,52.616279069767444,True,31,72.5,37,False,False,344,FISERV INC
2021-06-30,FMC,FMC,37785.0,2800.0,Chemicals & pharma,13996057285.844193,2020-12-31,0.21161673887942756,7.0,9.0,137,60.46511627906976,86.48255813953489,False,137,70.87209302325581,43,False,False,344,FMC CORP
2021-06-30,FTNT,FTNT,1262039.0,3577.0,Machinery & computers,38870445395.02533,2020-12-31,0.022021872692756732,6.75,8.0,306,11.337209302325581,79.36046511627907,False,306,38.54651162790698,253,False,False,344,"Fortinet, Inc."
2021-06-30,FTV,FTV,1659166.0,3823.0,Instruments & medical devices,23577194442.811794,2020-12-31,0.38020639061798983,7.0,9.0,64,81.68604651162791,86.48255813953489,True,12,83.6046511627907,14,True,True,344,Fortive Corp
2021-06-30,GD,GD,40533.0,3730.0,Transport equipment,53892186896.04115,2020-12-31,0.2905987101657297,5.625,8.0,98,71.80232558139535,52.616279069767444,True,37,64.12790697674419,84,False,False,344,GENERAL DYNAMICS CORP
2021-06-30,GE,GE,40545.0,3600.0,Electronics & semis,118016500854.45003,2020-12-31,0.30124601002910895,4.0,9.0,94,72.96511627906976,17.441860465116278,True,81,50.755813953488364,167,False,False,344,GENERAL ELECTRIC CO
2021-06-30,GILD,GILD,882095.0,2836.0,Chemicals & pharma,86529005489.1236,2020-12-31,0.21035720793402543,6.0,9.0,138,60.17441860465116,66.42441860465115,False,138,62.67441860465116,88,False,False,344,"GILEAD SCIENCES, INC."
2021-06-30,GIS,GIS,40704.0,2040.0,Food & beverage mfg,37159334441.63733,2020-05-31,0.21686341052896757,8.0,9.0,133,61.627906976744185,95.93023255813954,False,133,75.34883720930233,23,False,False,344,GENERAL MILLS INC
2021-06-30,GLW,GLW,24741.0,3357.0,Other manufacturing,31426247832.536354,2020-12-31,0.4218448244487752,5.0,9.0,58,83.43023255813954,39.53488372093023,True,47,65.87209302325581,73,False,False,344,CORNING INC /NY
2021-06-30,GM,GM,1467858.0,3711.0,Transport equipment,85258808921.00983,2020-12-31,0.5281565690381528,5.625,8.0,38,89.24418604651163,52.616279069767444,True,28,74.59302325581396,26,False,False,344,General Motors Co
2021-06-30,GNRC,GNRC,1474735.0,3621.0,Electronics & semis,26096927262.624207,2020-12-31,0.05327420297450749,8.0,9.0,275,20.348837209302324,95.93023255813954,False,275,50.581395348837205,170,False,False,344,GENERAC HOLDINGS INC.
2021-06-30,GOOG,GOOG,1652044.0,7370.0,Business services & software,1692322428591.6138,2020-12-31,0.1315021276325019,4.0,9.0,197,43.02325581395349,17.441860465116278,False,197,32.7906976744186,283,False,False,344,Alphabet Inc.
2021-06-30,GPC,GPC,40987.0,5013.0,Wholesale,18262775573.91443,2020-12-31,0.17548241706356832,5.0,9.0,167,51.74418604651163,39.53488372093023,False,167,46.86046511627907,193,False,False,344,GENUINE PARTS CO
2021-06-30,GPN,GPN,1123360.0,7389.0,Business services & software,55369945628.85501,2020-12-31,0.4936318735656523,5.0,9.0,46,86.9186046511628,39.53488372093023,True,45,67.96511627906978,62,False,False,344,GLOBAL PAYMENTS INC
2021-06-30,GPS,GAP,39911.0,5651.0,Retail,12613756003.428108,2021-01-30,0.20723407042990044,3.0,9.0,143,58.720930232558146,5.813953488372093,False,143,37.55813953488372,260,False,False,344,GAP INC
2021-06-30,GRMN,GRMN,1121788.0,3812.0,Instruments & medical devices,27708883418.434113,2020-12-26,0.19907391852283188,4.5,8.0,149,56.97674418604651,26.598837209302324,False,149,44.825581395348834,209,False,False,344,GARMIN LTD
2021-06-30,GWW,GWW,277135.0,5000.0,Wholesale,22940564046.0,2020-12-31,0.07968417848552145,6.0,9.0,244,29.360465116279073,66.42441860465115,False,244,44.18604651162791,217,False,False,344,"W.W. GRAINGER, INC."
2021-06-30,HAL,HAL,45012.0,1389.0,Oil & gas extraction,20545190503.7703,2020-12-31,0.24210045650767795,3.375,8.0,118,65.98837209302324,9.593023255813954,False,118,43.43023255813953,226,False,False,344,HALLIBURTON CO
2021-06-30,HAS,HAS,46080.0,3944.0,Other manufacturing,12982481939.359474,2020-12-27,0.22620767074565187,5.0,9.0,125,63.95348837209303,39.53488372093023,False,125,54.18604651162791,146,False,False,344,"HASBRO, INC."
2021-06-30,HCA,HCA,860730.0,8062.0,Health services,70274545817.2226,2020-12-31,0.00813950475735151,4.5,8.0,320,7.267441860465117,26.598837209302324,False,320,15.0,336,False,False,344,"HCA Healthcare, Inc."
2021-06-30,HD,HD,354950.0,5211.0,Retail,343466671322.25354,2021-01-31,0.00960500763378218,6.0,9.0,318,7.848837209302325,66.42441860465115,False,318,31.279069767441857,289,False,False,344,"HOME DEPOT, INC."
2021-06-30,HII,HII,1501585.0,3730.0,Transport equipment,8496757170.0,2020-12-31,0.22373241484550982,6.75,8.0,127,63.372093023255815,79.36046511627907,False,127,69.76744186046511,48,False,False,344,"HUNTINGTON INGALLS INDUSTRIES, INC."
2021-06-30,HLT,HLT,1585689.0,7011.0,Services (hotels/personal),33485053477.852592,2020-12-31,-0.04449746514472505,3.375,8.0,333,3.488372093023256,9.593023255813954,False,333,5.930232558139535,339,False,False,344,Hilton Worldwide Holdings Inc.
2021-06-30,HON,HON,773840.0,3724.0,Transport equipment,152558178479.9329,2020-12-31,0.11503152551279544,5.0,9.0,216,37.5,39.53488372093023,False,216,38.31395348837209,256,False,False,344,HONEYWELL INTERNATIONAL INC
2021-06-30,HPE,HPE,1645590.0,3570.0,Machinery & computers,18859227131.113796,2020-10-31,0.8509892737609853,4.5,8.0,6,98.54651162790698,26.598837209302324,True,58,69.76744186046511,47,False,False,344,Hewlett Packard Enterprise Co
2021-06-30,HPQ,HPQ,47217.0,3570.0,Machinery & computers,38934120948.020096,2020-10-31,-0.05722486974791451,4.0,9.0,336,2.616279069767442,17.441860465116278,False,336,8.546511627906977,338,False,False,344,HP INC
2021-06-30,HRL,HRL,48465.0,2011.0,Food & beverage mfg,25689834250.0,2020-10-25,0.25012025914491837,5.0,9.0,116,66.56976744186046,39.53488372093023,False,116,55.75581395348837,137,False,False,344,HORMEL FOODS CORP /DE/
2021-06-30,HSIC,HSIC,1000228.0,5047.0,Wholesale,10569411184.91272,2020-12-26,0.3167794252133307,7.0,9.0,87,75.0,86.48255813953489,True,13,79.59302325581396,18,True,True,344,HENRY SCHEIN INC
2021-06-30,HSY,HSY,47111.0,2060.0,Food & beverage mfg,36268999455.75897,2020-12-31,0.061605007955222724,7.0,9.0,265,23.25581395348837,86.48255813953489,False,265,48.54651162790697,182,False,False,344,HERSHEY CO
2021-06-30,HWM,HWM,4281.0,3350.0,Other manufacturing,14946698100.80478,2020-12-31,0.23931707029042104,5.0,9.0,120,65.40697674418605,39.53488372093023,False,120,55.05813953488372,143,False,False,344,Howmet Aerospace Inc.
2021-06-30,IBM,IBM,51143.0,3570.0,Machinery & computers,130991956398.66493,2020-12-31,0.1572386623291163,5.0,9.0,180,47.96511627906977,39.53488372093023,False,180,44.593023255813954,214,False,False,344,INTERNATIONAL BUSINESS MACHINES CORP
2021-06-30,IDXX,IDXX,874716.0,2835.0,Chemicals & pharma,53950839781.20117,2020-12-31,0.011715999279407826,6.0,9.0,313,9.30232558139535,66.42441860465115,False,313,32.151162790697676,285,False,False,344,IDEXX LABORATORIES INC /DE
2021-06-30,IEX,IEX,832101.0,3561.0,Machinery & computers,16699536858.447098,2020-12-31,0.1521121826031417,5.0,9.0,184,46.80232558139535,39.53488372093023,False,184,43.8953488372093,221,False,False,344,IDEX CORP /DE/
2021-06-30,ILMN,ILMN,1110803.0,3826.0,Instruments & medical devices,69041339409.63135,2021-01-03,0.06798825225782311,5.0,9.0,257,25.581395348837212,39.53488372093023,False,257,31.162790697674417,290,False,False,344,"ILLUMINA, INC."
2021-06-30,INCY,INCY,879169.0,8731.0,Services (professional),18495432798.7918,2020-12-31,0.14118447664390849,2.25,8.0,193,44.18604651162791,3.1976744186046515,False,193,27.790697674418606,306,False,False,344,INCYTE CORP
2021-06-30,INTC,INTC,50863.0,3674.0,Electronics & semis,228096817520.1416,2020-12-26,0.3552789595271057,6.0,9.0,75,78.48837209302324,66.42441860465115,True,21,73.66279069767441,29,False,False,344,INTEL CORP
2021-06-30,INTU,INTU,896878.0,7372.0,Business services & software,128330040700.1576,2020-07-31,0.039788033823897395,4.5,8.0,289,16.27906976744186,26.598837209302324,False,289,20.406976744186046,327,False,False,344,INTUIT INC.
2021-06-30,IP,IP,51434.0,2621.0,Other manufacturing,24102010395.282074,2020-12-31,0.3258649328911337,5.0,9.0,85,75.5813953488372,39.53488372093023,True,51,61.16279069767442,101,False,False,344,INTERNATIONAL PAPER CO /NEW/
2021-06-30,IPGP,IPGP,1111928.0,3674.0,Electronics & semis,11283275414.56018,2020-12-31,0.2297931145644261,5.0,9.0,124,64.24418604651163,39.53488372093023,False,124,54.360465116279066,144,False,False,344,IPG PHOTONICS CORP
2021-06-30,IQV,IQV,1478242.0,8731.0,Services (professional),46351282624.50598,2020-12-31,0.1294678304506565,6.0,9.0,202,41.56976744186046,66.42441860465115,False,202,51.51162790697674,161,False,False,344,IQVIA HOLDINGS INC.
2021-06-30,IR,IR,1699150.0,3560.0,Machinery & computers,20439905338.035793,2020-12-31,0.4461713422434261,3.375,8.0,51,85.46511627906976,9.593023255813954,True,85,55.11627906976744,142,False,False,344,Ingersoll Rand Inc.
2021-06-30,ISRG,ISRG,1035267.0,3842.0,Instruments & medical devices,108258453704.63177,2020-12-31,0.08989136337150216,4.5,8.0,235,31.976744186046513,26.598837209302324,False,235,29.825581395348838,299,False,False,344,INTUITIVE SURGICAL INC
2021-06-30,IT,IT,749251.0,8741.0,Services (professional),21488358654.843323,2020-12-31,0.05074505770845487,7.0,9.0,280,18.8953488372093,86.48255813953489,False,280,45.93023255813954,200,False,False,344,GARTNER INC
2021-06-30,ITW,ITW,49826.0,3560.0,Machinery & computers,70793014743.17877,2020-12-31,0.044947937470152736,5.0,9.0,285,17.441860465116278,39.53488372093023,False,285,26.27906976744186,312,False,False,344,ILLINOIS TOOL WORKS INC
2021-06-30,J,J,52988.0,1600.0,Construction,17294358046.68821,2020-10-02,0.3362779921810213,6.0,9.0,81,76.74418604651163,66.42441860465115,True,25,72.61627906976744,36,False,False,344,JACOBS SOLUTIONS INC.
2021-06-30,JBHT,JBHT,728535.0,4213.0,Transportation,13631923537.898804,2020-12-31,0.19073889262738483,6.75,8.0,154,55.52325581395349,79.36046511627907,False,154,65.05813953488372,77,False,False,344,HUNT J B TRANSPORT SERVICES INC
2021-06-30,JCI,JCI,833444.0,3585.0,Machinery & computers,49681790531.617836,2020-09-30,0.3511749438437934,6.0,9.0,76,78.19767441860465,66.42441860465115,True,22,73.48837209302326,30,False,False,344,Johnson Controls International plc
2021-06-30,JKHY,JKHY,779152.0,7373.0,Business services & software,12531705692.823837,2020-06-30,0.12366137842571695,8.0,9.0,206,40.406976744186046,95.93023255813954,False,206,62.616279069767444,90,False,False,344,JACK HENRY & ASSOCIATES INC
2021-06-30,JNJ,JNJ,200406.0,2834.0,Chemicals & pharma,433048728645.52954,2021-01-03,0.1461221239418439,4.0,9.0,188,45.63953488372093,17.441860465116278,False,188,34.360465116279066,273,False,False,344,JOHNSON & JOHNSON
2021-06-30,KEYS,KEYS,1601046.0,3823.0,Instruments & medical devices,28734783868.456787,2020-10-31,0.11473898725298005,6.0,9.0,218,36.91860465116279,66.42441860465115,False,218,48.72093023255813,180,False,False,344,"Keysight Technologies, Inc."
2021-06-30,KHC,KHC,1637459.0,2030.0,Food & beverage mfg,49881105469.52554,2020-12-26,1.0044484685811548,6.0,9.0,2,99.70930232558139,66.42441860465115,True,16,86.3953488372093,9,True,True,344,Kraft Heinz Co
2021-06-30,KLAC,KLAC,319201.0,3827.0,Instruments & medical devices,50402156989.06418,2020-06-30,0.0528831335646671,6.0,9.0,276,20.058139534883722,66.42441860465115,False,276,38.604651162790695,252,False,False,344,KLA CORP
2021-06-30,KMB,KMB,55785.0,2670.0,Other manufacturing,45266325339.6781,2020-12-31,0.013829264807834557,7.0,9.0,311,9.883720930232558,86.48255813953489,False,311,40.52325581395349,247,False,False,344,KIMBERLY CLARK CORP
2021-06-30,KMI,KMI,1506307.0,4922.0,Utilities,41280926474.01695,2020-12-31,0.7615139165974497,5.0,9.0,9,97.67441860465115,39.53488372093023,True,40,74.41860465116278,27,False,False,344,"KINDER MORGAN, INC."
2021-06-30,KMX,KMX,1170010.0,5500.0,Retail,21074718217.82727,2021-02-28,0.20710184377734359,4.0,9.0,144,58.43023255813954,17.441860465116278,False,144,42.03488372093023,237,False,False,344,CARMAX INC
2021-06-30,KO,KO,21344.0,2080.0,Food & beverage mfg,233176857418.5551,2020-12-31,0.08276550346228431,4.0,9.0,240,30.523255813953487,17.441860465116278,False,240,25.290697674418603,313,False,False,344,COCA COLA CO
2021-06-30,KR,KR,56873.0,5411.0,Retail,28808879718.016193,2021-01-30,0.33239751402104895,8.0,9.0,83,76.16279069767442,95.93023255813954,True,5,84.06976744186048,13,True,True,344,KROGER CO
2021-06-30,LB,BBWI,701985.0,5990.0,Retail,20091369556.02654,2021-01-30,-0.03294947107283827,7.0,9.0,331,4.069767441860465,86.48255813953489,False,331,37.03488372093023,264,False,False,344,"Bath & Body Works, Inc."
2021-06-30,LDOS,LDOS,1336920.0,7373.0,Business services & software,14345559311.78579,2021-01-01,0.26921222909915554,5.0,9.0,103,70.34883720930233,39.53488372093023,False,103,58.02325581395349,123,False,False,344,"Leidos Holdings, Inc."
2021-06-30,LH,LH,920148.0,8071.0,Health services,26922960768.45703,2020-12-31,0.34764749986063326,8.0,9.0,77,77.90697674418605,95.93023255813954,True,4,85.11627906976744,10,True,True,344,LABCORP HOLDINGS INC.
2021-06-30,LIN,LIN,1707925.0,2810.0,Chemicals & pharma,151152013658.6403,2020-12-31,0.3130424719769866,7.0,9.0,90,74.12790697674419,86.48255813953489,True,14,79.06976744186046,19,True,True,344,LINDE PLC
2021-06-30,LKQ,LKQ,1065696.0,5010.0,Wholesale,14929038617.834442,2020-12-31,0.3788400676546981,6.75,8.0,66,81.1046511627907,79.36046511627907,True,15,80.40697674418604,17,True,True,344,LKQ CORP
2021-06-30,LLY,LLY,59478.0,2834.0,Chemicals & pharma,219977869152.19635,2020-12-31,0.02564621623867417,5.0,9.0,304,11.918604651162791,39.53488372093023,False,304,22.96511627906977,324,False,False,344,ELI LILLY & Co
2021-06-30,LMT,LMT,936468.0,3760.0,Transport equipment,105977134828.46567,2020-12-31,0.05675752613746224,8.0,9.0,268,22.38372093023256,95.93023255813954,False,268,51.80232558139535,159,False,False,344,LOCKHEED MARTIN CORP
2021-06-30,LNT,LNT,352541.0,4931.0,Utilities,13933366928.582954,2020-12-31,0.408228680774323,5.0,9.0,61,82.55813953488372,39.53488372093023,True,48,65.34883720930233,76,False,False,344,ALLIANT ENERGY CORP
2021-06-30,LOW,LOW,60667.0,5211.0,Retail,139126312457.99768,2021-01-29,0.010328743532491967,8.0,9.0,316,8.430232558139535,95.93023255813954,False,316,43.43023255813954,225,False,False,344,LOWES COMPANIES INC
2021-06-30,LRCX,LRCX,707549.0,3559.0,Machinery & computers,94758333463.08708,2020-06-28,0.05458616473046072,5.0,9.0,273,20.930232558139537,39.53488372093023,False,273,28.372093023255815,302,False,False,344,LAM RESEARCH CORP
2021-06-30,LUMN,LUMN,18926.0,4813.0,Communications,14906172206.48581,2020-12-31,0.7488173251576493,6.0,9.0,12,96.80232558139535,66.42441860465115,True,17,84.65116279069767,11,True,True,344,"Lumen Technologies, Inc."
2021-06-30,LUV,LUV,92380.0,4512.0,Transportation,31359067184.79023,2020-12-31,0.28304413354186236,2.25,8.0,100,71.22093023255815,3.1976744186046515,True,97,44.01162790697675,220,False,False,344,SOUTHWEST AIRLINES CO
2021-06-30,LVS,LVS,1300514.0,7011.0,Services (hotels/personal),40246883354.241356,2020-12-31,0.07386907388163498,1.125,8.0,250,27.61627906976744,0.872093023255814,False,250,16.918604651162788,330,False,False,344,LAS VEGAS SANDS CORP
2021-06-30,LW,LW,1679273.0,2030.0,Food & beverage mfg,11781160450.165894,2020-05-31,0.020371507629931354,6.0,9.0,308,10.755813953488373,66.42441860465115,False,308,33.02325581395348,282,False,False,344,"Lamb Weston Holdings, Inc."
2021-06-30,LYB,LYB,1489393.0,2860.0,Chemicals (other),34372217159.18248,2020-12-31,0.23190241010887366,4.0,9.0,122,64.82558139534885,17.441860465116278,False,122,45.872093023255815,201,False,False,344,LyondellBasell Industries N.V.
2021-06-30,LYV,LYV,1335258.0,7900.0,Services (other),19098745128.437653,2020-12-31,-0.024701727617566917,1.125,8.0,327,5.232558139534884,0.872093023255814,False,327,3.4883720930232562,342,False,False,344,"Live Nation Entertainment, Inc."
2021-06-30,MA,MA,1141391.0,7389.0,Business services & software,365820176330.5664,2020-12-31,0.01747033218371448,5.625,8.0,309,10.465116279069768,52.616279069767444,False,309,27.32558139534884,308,False,False,344,Mastercard Inc
2021-06-30,MAR,MAR,1048286.0,7011.0,Services (hotels/personal),44289021144.04678,2020-12-31,0.009708952442219407,4.5,8.0,317,8.13953488372093,26.598837209302324,False,317,15.523255813953488,335,False,False,344,MARRIOTT INTERNATIONAL INC /MD/
2021-06-30,MAS,MAS,62996.0,3430.0,Other manufacturing,15148255681.443192,2020-12-31,0.012872769254804533,8.0,9.0,312,9.593023255813954,95.93023255813954,False,312,44.127906976744185,218,False,False,344,MASCO CORP /DE/
2021-06-30,MCD,MCD,63908.0,5812.0,Retail,172219713869.1001,2020-12-31,-0.04543556497804607,5.625,8.0,334,3.1976744186046515,52.616279069767444,False,334,22.965116279069772,323,False,False,344,MCDONALDS CORP
2021-06-30,MCHP,MCHP,827054.0,3674.0,Electronics & semis,40958594686.212906,2021-03-31,0.13030476364943555,6.0,9.0,200,42.151162790697676,66.42441860465115,False,200,51.86046511627907,158,False,False,344,MICROCHIP TECHNOLOGY INC
2021-06-30,MCK,MCK,927653.0,5122.0,Wholesale,30251544482.423172,2021-03-31,-0.0006941794331261821,6.0,9.0,324,6.104651162790697,66.42441860465115,False,324,30.23255813953488,296,False,False,344,MCKESSON CORP
2021-06-30,MCO,MCO,1059556.0,7320.0,Business services & software,67799426086.42578,2020-12-31,0.02314178881101372,8.0,9.0,305,11.627906976744185,95.93023255813954,False,305,45.348837209302324,206,False,False,344,MOODYS CORP /DE/
2021-06-30,MDLZ,MDLZ,1103982.0,2000.0,Food & beverage mfg,88172431124.71576,2020-12-31,0.31277350128854015,5.0,9.0,91,73.83720930232558,39.53488372093023,True,52,60.11627906976744,107,False,False,344,"Mondelez International, Inc."
2021-06-30,MDT,MDT,1613103.0,3845.0,Instruments & medical devices,166818822172.25693,2021-04-30,0.3082865550201254,5.0,9.0,92,73.54651162790698,39.53488372093023,True,53,59.94186046511628,109,False,False,344,Medtronic plc
2021-06-30,MGM,MGM,789570.0,7011.0,Services (hotels/personal),21105496345.836296,2020-12-31,0.30820056981428234,1.125,8.0,93,73.25581395348837,0.872093023255814,True,100,44.302325581395344,216,False,False,344,MGM Resorts International
2021-06-30,MHK,MHK,851968.0,2273.0,Other manufacturing,13496803146.71106,2020-12-31,0.6323212917334181,5.0,9.0,18,95.05813953488372,39.53488372093023,True,41,72.84883720930233,33,False,False,344,MOHAWK INDUSTRIES INC
2021-06-30,MKC,MKC,63754.0,2090.0,Food & beverage mfg,47074559837.34131,2020-11-30,0.08340173574784379,7.875,8.0,239,30.813953488372093,91.71511627906976,False,239,55.174418604651166,141,False,False,344,MCCORMICK & CO INC
2021-06-30,MLM,MLM,916076.0,1400.0,Mining (other),21913110160.68268,2020-12-31,0.2688208089497635,6.0,9.0,104,70.05813953488372,66.42441860465115,False,104,68.6046511627907,55,False,False,344,MARTIN MARIETTA MATERIALS INC
2021-06-30,MMM,MMM,66740.0,3841.0,Instruments & medical devices,115026634873.30931,2020-12-31,0.11186104865339887,6.0,9.0,220,36.337209302325576,66.42441860465115,False,220,48.37209302325581,184,False,False,344,3M CO
2021-06-30,MNST,MNST,865752.0,2086.0,Food & beverage mfg,48245317432.72684,2020-12-31,0.10697121036038973,5.625,8.0,225,34.883720930232556,52.616279069767444,False,225,41.97674418604652,239,False,False,344,Monster Beverage Corp
2021-06-30,MO,MO,764180.0,2111.0,Other manufacturing,88622323269.94707,2020-12-31,0.03203481803735042,6.0,9.0,297,13.953488372093023,66.42441860465115,False,297,34.94186046511628,271,False,False,344,"ALTRIA GROUP, INC."
2021-06-30,MOS,MOS,1285785.0,2870.0,Chemicals (other),12096868485.374947,2020-12-31,0.7920562260872609,7.0,9.0,7,98.25581395348837,86.48255813953489,True,8,93.54651162790697,2,True,True,344,MOSAIC CO
2021-06-30,MPC,MPC,1510295.0,2911.0,Petroleum refining,39350024761.12015,2020-12-31,0.564141957591187,3.0,9.0,31,91.27906976744185,5.813953488372093,True,90,57.09302325581395,124,False,False,344,Marathon Petroleum Corp
2021-06-30,MPWR,MPWR,1280452.0,3674.0,Electronics & semis,17037163006.896973,2020-12-31,0.056734034863005475,6.75,8.0,269,22.093023255813954,79.36046511627907,False,269,45.0,208,False,False,344,"MONOLITHIC POWER SYSTEMS, INC."
2021-06-30,MRK,MRK,310158.0,2834.0,Chemicals & pharma,206228207774.55875,2020-12-31,0.12276206185952812,5.0,9.0,210,39.24418604651162,39.53488372093023,False,210,39.360465116279066,251,False,False,344,"Merck & Co., Inc."
2021-06-30,MSCI,MSCI,1408198.0,7389.0,Business services & software,44018892101.62775,2020-12-31,-0.010069176638446335,6.0,9.0,325,5.813953488372093,66.42441860465115,False,325,30.05813953488372,297,False,False,344,MSCI Inc.
2021-06-30,MSFT,MSFT,789019.0,7372.0,Business services & software,2050077133902.2122,2020-06-30,0.05770709698849948,8.0,9.0,267,22.674418604651162,95.93023255813954,False,267,51.97674418604651,157,False,False,344,MICROSOFT CORP
2021-06-30,MSI,MSI,68505.0,3663.0,Electronics & semis,36653786585.56683,2020-12-31,-0.01522352946256646,6.0,9.0,326,5.523255813953488,66.42441860465115,False,326,29.883720930232556,298,False,False,344,"Motorola Solutions, Inc."
2021-06-30,MTD,MTD,1037646.0,3826.0,Instruments & medical devices,32428107186.920166,2020-12-31,0.008716975010925603,6.0,9.0,319,7.55813953488372,66.42441860465115,False,319,31.104651162790695,291,False,False,344,METTLER TOLEDO INTERNATIONAL INC/
2021-06-30,MU,MU,723125.0,3674.0,Electronics & semis,94601592216.03165,2020-09-03,0.41221293517924057,4.0,9.0,60,82.84883720930233,17.441860465116278,True,80,56.68604651162791,128,False,False,344,MICRON TECHNOLOGY INC
2021-06-30,NCLH,NCLH,1513761.0,4400.0,Transportation,9285970436.631603,2020-12-31,0.4688906808085219,2.25,8.0,48,86.33720930232558,3.1976744186046515,True,94,53.081395348837205,153,False,False,344,Norwegian Cruise Line Holdings Ltd.
2021-06-30,NEE,NEE,753308.0,4911.0,Utilities,143619614304.53485,2020-12-31,0.2542340764303744,3.375,8.0,111,68.02325581395348,9.593023255813954,False,111,44.65116279069767,213,False,False,344,NEXTERA ENERGY INC
2021-06-30,NEM,NEM,1164727.0,1040.0,Mining (metals/coal),50723916308.56781,2020-12-31,0.45359273641325093,6.0,9.0,49,86.04651162790698,66.42441860465115,True,20,78.19767441860465,20,True,True,344,NEWMONT Corp /DE/
2021-06-30,NFLX,NFLX,1065280.0,7841.0,Services (other),233941702028.3046,2020-12-31,0.04729913437434604,6.0,9.0,283,18.023255813953487,66.42441860465115,False,283,37.383720930232556,262,False,False,344,NETFLIX INC
2021-06-30,NI,NI,1111711.0,4931.0,Utilities,9600562919.5,2020-12-31,0.5991523672342721,3.0,9.0,24,93.31395348837209,5.813953488372093,True,89,58.313953488372086,120,False,False,344,NISOURCE INC.
2021-06-30,NKE,NKE,320187.0,3021.0,Other manufacturing,240819020562.74414,2020-05-31,0.033448354624053926,4.0,9.0,296,14.244186046511627,17.441860465116278,False,296,15.523255813953488,334,False,False,344,"NIKE, Inc."
2021-06-30,NLOK,GEN,849399.0,7372.0,Business services & software,15786100923.02341,2021-04-02,-0.03167343237181321,6.0,9.0,330,4.3604651162790695,66.42441860465115,False,330,29.186046511627904,300,False,False,344,Gen Digital Inc.
2021-06-30,NOC,NOC,1133421.0,3812.0,Instruments & medical devices,60590461076.038086,2020-12-31,0.1745984402845832,6.75,8.0,169,51.162790697674424,79.36046511627907,False,169,62.44186046511628,92,False,False,344,NORTHROP GRUMMAN CORP /DE/
2021-06-30,NOV,NOV,1021860.0,3533.0,Machinery & computers,5947396185.567329,2020-12-31,0.8760136095596281,5.0,9.0,4,99.12790697674419,39.53488372093023,True,39,75.2906976744186,24,False,False,344,NOV Inc.
2021-06-30,NOW,NOW,1373715.0,7372.0,Business services & software,107766758590.69824,2020-12-31,0.026301997360479716,5.625,8.0,303,12.209302325581394,52.616279069767444,False,303,28.372093023255815,303,False,False,344,"ServiceNow, Inc."
2021-06-30,NRG,NRG,1013871.0,4911.0,Utilities,9860922465.417942,2020-12-31,0.17036945639636925,6.0,9.0,172,50.2906976744186,66.42441860465115,False,172,56.74418604651162,127,False,False,344,"NRG ENERGY, INC."
2021-06-30,NSC,NSC,702165.0,4011.0,Transportation,66859867702.46796,2020-12-31,0.22122388973040144,6.75,8.0,130,62.5,79.36046511627907,False,130,69.24418604651163,51,False,False,344,NORFOLK SOUTHERN CORP
2021-06-30,NTAP,NTAP,1002047.0,3572.0,Machinery & computers,18263647108.959457,2021-04-30,0.03750619993440219,6.0,9.0,291,15.69767441860465,66.42441860465115,False,291,35.98837209302325,267,False,False,344,"NetApp, Inc."
2021-06-30,NUE,NUE,73309.0,3312.0,Other manufacturing,28591539248.896378,2020-12-31,0.37733767692889914,5.0,9.0,67,80.81395348837209,39.53488372093023,True,50,64.30232558139534,83,False,False,344,NUCOR CORP
2021-06-30,NVDA,NVDA,1045810.0,3674.0,Electronics & semis,496062013244.6289,2021-01-31,0.034054210056332926,6.0,9.0,295,14.534883720930234,66.42441860465115,False,295,35.2906976744186,270,False,False,344,NVIDIA CORP
2021-06-30,NWL,NWL,814453.0,3089.0,Other manufacturing,11663761708.450317,2020-12-31,0.3321398444888764,3.0,9.0,84,75.87209302325581,5.813953488372093,True,93,47.848837209302324,188,False,False,344,NEWELL BRANDS INC.
2021-06-30,NWS,NWSA,1564708.0,2711.0,Other manufacturing,15150183269.119263,2020-06-30,0.5004559922027115,3.375,8.0,45,87.20930232558139,9.593023255813954,True,84,56.16279069767442,132,False,False,344,NEWS CORP
2021-06-30,NXPI,NXPI,1413447.0,3674.0,Electronics & semis,56986127036.424774,2020-12-31,0.1569504801455118,6.0,9.0,181,47.674418604651166,66.42441860465115,False,181,55.174418604651166,140,False,False,344,NXP Semiconductors N.V.
2021-06-30,ODFL,ODFL,878927.0,4213.0,Transportation,29678639128.663742,2020-12-31,0.11207683699982923,5.625,8.0,219,36.627906976744185,52.616279069767444,False,219,43.02325581395349,228,False,False,344,"OLD DOMINION FREIGHT LINE, INC."
2021-06-30,OKE,OKE,1039684.0,4923.0,Utilities,24758886954.203568,2020-12-31,0.24404966229607186,5.0,9.0,117,66.27906976744185,39.53488372093023,False,117,55.581395348837205,139,False,False,344,ONEOK INC /NEW/
2021-06-30,OMC,OMC,29989.0,7311.0,Business services & software,17199000596.77971,2020-12-31,0.17933600168474406,5.0,9.0,164,52.616279069767444,39.53488372093023,False,164,47.383720930232556,191,False,False,344,OMNICOM GROUP INC.
2021-06-30,ORLY,ORLY,898173.0,5531.0,Retail,39751718258.03107,2020-12-31,0.0035283506259924644,5.0,9.0,323,6.395348837209303,39.53488372093023,False,323,19.651162790697676,328,False,False,344,O REILLY AUTOMOTIVE INC
2021-06-30,OXY,OXY,797468.0,1311.0,Oil & gas extraction,29129716458.29191,2020-12-31,0.6375963194352724,4.0,9.0,15,95.93023255813954,17.441860465116278,True,71,64.53488372093024,82,False,False,344,OCCIDENTAL PETROLEUM CORP /DE/
2021-06-30,PAYC,PAYC,1590955.0,7372.0,Business services & software,21876729070.74234,2020-12-31,0.029969882512137,6.0,9.0,299,13.372093023255813,66.42441860465115,False,299,34.59302325581395,272,False,False,344,"Paycom Software, Inc."
2021-06-30,PAYX,PAYX,723531.0,8700.0,Services (professional),38495987973.47818,2020-05-31,0.07225168508251421,6.0,9.0,252,27.03488372093023,66.42441860465115,False,252,42.7906976744186,230,False,False,344,PAYCHEX INC
2021-06-30,PEG,PEG,788784.0,4931.0,Utilities,30174261984.64198,2020-12-31,0.5297229807355519,7.0,9.0,37,89.53488372093024,86.48255813953489,True,10,88.31395348837209,7,True,True,344,PUBLIC SERVICE ENTERPRISE GROUP INC
2021-06-30,PENN,PENN,921738.0,7011.0,Services (hotels/personal),11969651056.338799,2020-12-31,0.2219112309538338,4.5,8.0,129,62.7906976744186,26.598837209302324,False,129,48.31395348837209,185,False,False,344,"PENN Entertainment, Inc."
2021-06-30,PEP,PEP,77476.0,2080.0,Food & beverage mfg,204416609810.83112,2020-12-26,0.0658165694678649,6.0,9.0,261,24.418604651162788,66.42441860465115,False,261,41.22093023255813,242,False,False,344,PEPSICO INC
2021-06-30,PFE,PFE,78003.0,2834.0,Chemicals & pharma,218419970016.4813,2020-12-31,0.2895248085384695,5.0,9.0,99,71.51162790697676,39.53488372093023,True,56,58.720930232558146,117,False,False,344,PFIZER INC
2021-06-30,PG,PG,80424.0,2840.0,Chemicals (other),335447659142.91724,2020-06-30,0.13974758422752226,8.0,9.0,194,43.895348837209305,95.93023255813954,False,194,64.7093023255814,80,False,False,344,PROCTER & GAMBLE Co
2021-06-30,PH,PH,76334.0,3490.0,Other manufacturing,39482556006.5332,2020-06-30,0.15485276583887617,3.0,9.0,183,47.093023255813954,5.813953488372093,False,183,30.58139534883721,295,False,False,344,Parker-Hannifin Corp
2021-06-30,PKG,PKG,75677.0,2650.0,Other manufacturing,12841636566.244354,2020-12-31,0.25279488196490896,5.0,9.0,114,67.15116279069767,39.53488372093023,False,114,56.104651162790695,133,False,False,344,PACKAGING CORP OF AMERICA
2021-06-30,PKI,RVTY,31791.0,3826.0,Instruments & medical devices,17303462021.922546,2021-01-03,0.21588119159433727,7.0,9.0,134,61.337209302325576,86.48255813953489,False,134,71.3953488372093,41,False,False,344,"REVVITY, INC."
2021-06-30,PM,PM,1413329.0,2111.0,Other manufacturing,154359054398.75317,2020-12-31,-0.0814140773856769,7.0,9.0,338,2.0348837209302326,86.48255813953489,False,338,35.81395348837209,269,False,False,344,Philip Morris International Inc.
2021-06-30,PNR,PNR,77360.0,3550.0,Machinery & computers,11207628702.239983,2020-12-31,0.18793449140396934,5.0,9.0,159,54.06976744186046,39.53488372093023,False,159,48.25581395348837,186,False,False,344,PENTAIR plc
2021-06-30,PNW,PNW,764622.0,4931.0,Utilities,9237330671.53299,2020-12-31,0.609862654084796,5.0,9.0,23,93.6046511627907,39.53488372093023,True,43,71.97674418604652,39,False,False,344,PINNACLE WEST CAPITAL CORP
2021-06-30,POOL,POOL,945841.0,5090.0,Wholesale,18451602991.524353,2020-12-31,0.03465660952567304,6.0,9.0,292,15.406976744186046,66.42441860465115,False,292,35.81395348837209,268,False,False,344,POOL CORP
2021-06-30,PPG,PPG,79879.0,2851.0,Chemicals (other),40199644925.02113,2020-12-31,0.14151866292876242,4.0,9.0,192,44.47674418604651,17.441860465116278,False,192,33.66279069767442,276,False,False,344,PPG INDUSTRIES INC
2021-06-30,PPL,PPL,922224.0,4911.0,Utilities,21508503908.430054,2020-12-31,0.6217540772214556,4.5,8.0,20,94.47674418604652,26.598837209302324,True,62,67.32558139534883,66,False,False,344,PPL Corp
2021-06-30,PRGO,PRGO,1585364.0,2834.0,Chemicals & pharma,6102458641.21138,2020-12-31,0.926692065032566,5.0,9.0,3,99.4186046511628,39.53488372093023,True,38,75.46511627906978,22,False,False,344,PERRIGO Co plc
2021-06-30,PSX,PSX,1534701.0,2911.0,Petroleum refining,37496994164.22075,2020-12-31,0.5062805812342777,4.0,9.0,43,87.79069767441861,17.441860465116278,True,78,59.651162790697676,110,False,False,344,Phillips 66
2021-06-30,PTC,PTC,857005.0,7372.0,Business services & software,16479781966.832275,2020-09-30,0.08727348473994759,6.0,9.0,237,31.3953488372093,66.42441860465115,False,237,45.40697674418604,205,False,False,344,PTC INC.
2021-06-30,PVH,PVH,78239.0,2320.0,Other manufacturing,7657221031.1562805,2021-01-31,0.6177567528419249,3.0,9.0,21,94.18604651162791,5.813953488372093,True,88,58.837209302325576,116,False,False,344,PVH CORP. /DE/
2021-06-30,PWR,PWR,1050915.0,1731.0,Construction,12531718641.76435,2020-12-31,0.34665484632907295,6.0,9.0,78,77.61627906976744,66.42441860465115,True,23,73.13953488372093,31,False,False,344,"QUANTA SERVICES, INC."
2021-06-30,PYPL,PYPL,1633917.0,7389.0,Business services & software,341374323391.7212,2020-12-31,0.05864237181373638,6.75,8.0,266,22.96511627906977,79.36046511627907,False,266,45.52325581395349,204,False,False,344,"PayPal Holdings, Inc."
2021-06-30,QCOM,QCOM,804328.0,3663.0,Electronics & semis,161653821716.3086,2020-09-27,0.03759267758398387,6.0,9.0,290,15.988372093023257,66.42441860465115,False,290,36.16279069767442,266,False,False,344,QUALCOMM INC/DE
2021-06-30,QRVO,QRVO,1604778.0,3674.0,Electronics & semis,22027609080.624634,2021-04-03,0.21016466122381014,9.0,9.0,139,59.883720930232556,99.70930232558139,False,139,75.81395348837208,21,False,False,344,"Qorvo, Inc."
2021-06-30,RCL,RCL,884887.0,4400.0,Transportation,20256996278.680115,2020-12-31,0.4324762111557646,2.0,9.0,57,83.72093023255815,1.744186046511628,True,98,50.93023255813954,166,False,False,344,ROYAL CARIBBEAN CRUISES LTD
2021-06-30,REGN,REGN,872589.0,2834.0,Chemicals & pharma,60098901635.74219,2020-12-31,0.18345260395645904,4.5,8.0,163,52.90697674418605,26.598837209302324,False,163,42.383720930232556,232,False,False,344,"REGENERON PHARMACEUTICALS, INC."
2021-06-30,RHI,RHI,315213.0,7363.0,Business services & software,10064718398.471863,2020-12-31,0.1197538721185682,6.0,9.0,213,38.372093023255815,66.42441860465115,False,213,49.59302325581395,174,False,False,344,ROBERT HALF INC.
2021-06-30,RL,RL,1037038.0,2320.0,Other manufacturing,8659034820.55664,2021-03-27,0.30077255190349006,5.0,9.0,95,72.67441860465115,39.53488372093023,True,54,59.41860465116278,112,False,False,344,RALPH LAUREN CORP
2021-06-30,RMD,RMD,943819.0,3841.0,Instruments & medical devices,35720909843.162384,2020-06-30,0.06990379055190767,6.0,9.0,255,26.16279069767442,66.42441860465115,False,255,42.26744186046511,234,False,False,344,RESMED INC
2021-06-30,ROK,ROK,1024478.0,3829.0,Instruments & medical devices,33229438506.182373,2020-09-30,0.03093040527328732,5.0,9.0,298,13.662790697674417,39.53488372093023,False,298,24.01162790697674,316,False,False,344,"ROCKWELL AUTOMATION, INC"
2021-06-30,ROL,ROL,84839.0,7340.0,Business services & software,16831254244.674492,2020-12-31,0.05592928407565656,4.5,8.0,270,21.802325581395348,26.598837209302324,False,270,23.72093023255814,319,False,False,344,ROLLINS INC
2021-06-30,ROP,ROP,882835.0,3823.0,Instruments & medical devices,49342599790.40094,2020-12-31,0.21238848468699312,5.0,9.0,136,60.75581395348837,39.53488372093023,False,136,52.26744186046511,156,False,False,344,ROPER TECHNOLOGIES INC
2021-06-30,ROST,ROST,745732.0,5651.0,Retail,44208895276.0,2021-01-30,0.07443388891435189,4.0,9.0,248,28.197674418604652,17.441860465116278,False,248,23.895348837209305,317,False,False,344,"ROSS STORES, INC."
2021-06-30,RSG,RSG,1060391.0,4953.0,Utilities,35082004094.37029,2020-12-31,0.2418305401589482,6.0,9.0,119,65.69767441860465,66.42441860465115,False,119,65.98837209302326,72,False,False,344,"REPUBLIC SERVICES, INC."
2021-06-30,RTX,RTX,101829.0,3724.0,Transport equipment,129626675901.87659,2020-12-31,0.5566986848804576,4.5,8.0,34,90.40697674418605,26.598837209302324,True,64,64.88372093023256,79,False,False,344,RTX Corp
2021-06-30,SBUX,SBUX,829224.0,5810.0,Retail,131231394134.52148,2020-09-27,-0.05947585980835667,6.75,8.0,337,2.3255813953488373,79.36046511627907,False,337,33.139534883720934,279,False,False,344,STARBUCKS CORP
2021-06-30,SHW,SHW,89800.0,5200.0,Retail,73236090908.46844,2020-12-31,0.04930355996898894,7.0,9.0,281,18.6046511627907,86.48255813953489,False,281,45.75581395348837,202,False,False,344,SHERWIN WILLIAMS CO
2021-06-30,SJM,SJM,91419.0,2033.0,Food & beverage mfg,14038092577.262878,2021-04-30,0.5787680879922049,8.0,9.0,30,91.56976744186046,95.93023255813954,True,3,93.31395348837209,3,True,True,344,J M SMUCKER Co
2021-06-30,SLB,SLB,87347.0,1389.0,Oil & gas extraction,44568351642.627106,2020-12-31,0.270842415191653,3.375,8.0,102,70.63953488372093,9.593023255813954,False,102,46.22093023255814,197,False,False,344,SLB LIMITED/NV
2021-06-30,SNA,SNA,91440.0,3420.0,Other manufacturing,12110596895.424683,2021-01-02,0.3158308407940674,5.625,8.0,88,74.70930232558139,52.616279069767444,True,36,65.87209302325581,74,False,False,344,Snap-on Inc
2021-06-30,SNPS,SNPS,883241.0,7372.0,Business services & software,42204833655.28073,2020-10-31,0.1162758758885898,8.0,9.0,214,38.08139534883721,95.93023255813954,False,214,61.220930232558146,99,False,False,344,SYNOPSYS INC
2021-06-30,SO,SO,92122.0,4911.0,Utilities,63935448753.11577,2020-12-31,0.43750377209383146,3.375,8.0,56,84.01162790697676,9.593023255813954,True,86,54.244186046511636,145,False,False,344,SOUTHERN CO
2021-06-30,SPGI,SPGI,64040.0,7320.0,Business services & software,98795312546.57591,2020-12-31,0.005152066296263173,6.0,9.0,321,6.976744186046512,66.42441860465115,False,321,30.75581395348837,293,False,False,344,S&P Global Inc.
2021-06-30,SRE,SRE,1032208.0,4931.0,Utilities,40087303934.710175,2020-12-31,0.5830524307164031,4.5,8.0,29,91.86046511627907,26.598837209302324,True,63,65.75581395348837,75,False,False,344,SEMPRA
2021-06-30,STE,STE,1757898.0,3842.0,Instruments & medical devices,17611756992.527466,2021-03-31,0.22036359016574408,3.0,9.0,131,62.2093023255814,5.813953488372093,False,131,39.65116279069767,250,False,False,344,STERIS plc
2021-06-30,STX,STX,1137789.0,3572.0,Machinery & computers,22638592587.331024,2020-07-03,0.07893600245273368,5.0,9.0,245,29.069767441860467,39.53488372093023,False,245,33.25581395348837,278,False,False,344,Seagate Technology Holdings plc
2021-06-30,SWK,SWK,93556.0,3420.0,Other manufacturing,32981457773.771667,2021-01-02,0.3353278098215261,6.0,9.0,82,76.45348837209302,66.42441860465115,True,26,72.44186046511626,38,False,False,344,"STANLEY BLACK & DECKER, INC."
2021-06-30,SWKS,SWKS,4127.0,3674.0,Electronics & semis,31846169810.0,2020-10-02,0.13075983783432574,5.625,8.0,199,42.44186046511628,52.616279069767444,False,199,46.51162790697674,195,False,False,344,"SKYWORKS SOLUTIONS, INC."
2021-06-30,SYK,SYK,310764.0,3841.0,Instruments & medical devices,97710674798.72699,2020-12-31,0.1339055331155124,3.0,9.0,196,43.31395348837209,5.813953488372093,False,196,28.313953488372093,304,False,False,344,STRYKER CORP
2021-06-30,SYY,SYY,96021.0,5140.0,Wholesale,39538644688.25,2020-06-27,0.02930330589567006,5.0,9.0,300,13.08139534883721,39.53488372093023,False,300,23.662790697674417,320,False,False,344,SYSCO CORP
2021-06-30,T,T,732717.0,4813.0,Communications,205252149714.92947,2020-12-31,0.8732673457936629,4.5,8.0,5,98.83720930232558,26.598837209302324,True,57,69.94186046511628,45,False,False,344,AT&T INC.
2021-06-30,TAP,TAP,24545.0,2082.0,Food & beverage mfg,11639991702.270508,2020-12-31,1.0622859806324494,4.0,9.0,1,100.0,17.441860465116278,True,69,66.97674418604652,68,False,False,344,MOLSON COORS BEVERAGE CO
2021-06-30,TDG,TDG,1260221.0,3728.0,Transport equipment,35235800863.67908,2020-09-30,-0.1127262585961065,5.0,9.0,339,1.744186046511628,39.53488372093023,False,339,16.86046511627907,331,False,False,344,TransDigm Group INC
2021-06-30,TDY,TDY,1094285.0,3812.0,Instruments & medical devices,15505082752.26538,2021-01-03,0.20822849201035598,5.0,9.0,141,59.30232558139535,39.53488372093023,False,141,51.395348837209305,162,False,False,344,TELEDYNE TECHNOLOGIES INC
2021-06-30,TEL,TEL,1385157.0,5065.0,Wholesale,44719705651.101715,2020-09-25,0.209818017882433,3.0,9.0,140,59.59302325581395,5.813953488372093,False,140,38.0813953488372,259,False,False,344,TE Connectivity plc
2021-06-30,TER,TER,97210.0,3825.0,Instruments & medical devices,22330432776.28656,2020-12-31,0.09883453769618415,7.875,8.0,230,33.43023255813954,91.71511627906976,False,230,56.74418604651163,126,False,False,344,"TERADYNE, INC"
2021-06-30,TFX,TFX,96943.0,3841.0,Instruments & medical devices,18759499158.86078,2020-12-31,0.17785426848264618,4.0,9.0,166,52.03488372093024,17.441860465116278,False,166,38.197674418604656,257,False,False,344,TELEFLEX INC
2021-06-30,TGT,TGT,27419.0,5331.0,Retail,120535478092.18048,2021-01-30,0.11979875326795396,8.0,9.0,212,38.662790697674424,95.93023255813954,False,212,61.56976744186046,93,False,False,344,TARGET CORP
2021-06-30,TJX,TJX,109198.0,5651.0,Retail,81306512383.90251,2021-01-30,0.07173698427082928,4.0,9.0,253,26.744186046511626,17.441860465116278,False,253,23.023255813953483,322,False,False,344,TJX COMPANIES INC /DE/
2021-06-30,TMO,TMO,97745.0,3829.0,Instruments & medical devices,198656937808.8448,2020-12-31,0.17370145931275724,7.875,8.0,171,50.58139534883721,91.71511627906976,False,171,67.03488372093022,67,False,False,344,THERMO FISHER SCIENTIFIC INC.
2021-06-30,TMUS,TMUS,1283699.0,4812.0,Communications,179995317906.19226,2020-12-31,0.3630316652683998,5.625,8.0,70,79.94186046511628,52.616279069767444,True,33,69.01162790697674,53,False,False,344,"T-Mobile US, Inc."
2021-06-30,TPR,TPR,1116132.0,3100.0,Other manufacturing,12010966119.066826,2020-06-27,0.18952680221005083,4.0,9.0,156,54.94186046511628,17.441860465116278,False,156,39.94186046511628,248,False,False,344,"TAPESTRY, INC."
2021-06-30,TRMB,TRMB,864749.0,3829.0,Instruments & medical devices,20537253614.148254,2021-01-01,0.17514026303507646,5.0,9.0,168,51.45348837209303,39.53488372093023,False,168,46.68604651162791,194,False,False,344,TRIMBLE INC.
2021-06-30,TSCO,TSCO,916365.0,5200.0,Retail,21639121583.488903,2020-12-26,0.08890564215268007,6.0,9.0,236,31.686046511627907,66.42441860465115,False,236,45.581395348837205,203,False,False,344,TRACTOR SUPPLY CO /DE/
2021-06-30,TSLA,TSLA,1318605.0,3711.0,Transport equipment,652412423739.5596,2020-12-31,0.03406587488418542,8.0,9.0,294,14.825581395348838,95.93023255813954,False,294,47.26744186046512,192,False,False,344,"Tesla, Inc."
2021-06-30,TT,TT,1466258.0,3822.0,Instruments & medical devices,43904260672.47467,2020-12-31,0.14594711086929296,6.0,9.0,190,45.05813953488372,66.42441860465115,False,190,53.604651162790695,150,False,False,344,Trane Technologies plc
2021-06-30,TTWO,TTWO,946581.0,7372.0,Business services & software,20473442076.99614,2021-03-31,0.1627421509030813,6.75,8.0,175,49.41860465116279,79.36046511627907,False,175,61.3953488372093,98,False,False,344,TAKE TWO INTERACTIVE SOFTWARE INC
2021-06-30,TXN,TXN,97476.0,3674.0,Electronics & semis,176961999237.64716,2020-12-31,0.0519151006406891,7.0,9.0,278,19.476744186046513,86.48255813953489,False,278,46.27906976744186,196,False,False,344,TEXAS INSTRUMENTS INC
2021-06-30,TYL,TYL,860731.0,7372.0,Business services & software,18355695151.971436,2020-12-31,0.10820135023797713,6.75,8.0,222,35.75581395348838,79.36046511627907,False,222,53.197674418604656,152,False,False,344,TYLER TECHNOLOGIES INC
2021-06-30,UA,UAA,1336917.0,2300.0,Other manufacturing,9603982176.778793,2020-12-31,0.17451021556998905,4.0,9.0,170,50.872093023255815,17.441860465116278,False,170,37.5,261,False,False,344,"Under Armour, Inc."
2021-06-30,UAL,UAL,100517.0,4512.0,Transportation,16653124972.773743,2020-12-31,0.35789078684895637,2.25,8.0,74,78.77906976744185,3.1976744186046515,True,96,48.54651162790697,181,False,False,344,"United Airlines Holdings, Inc."
2021-06-30,UHS,UHS,352915.0,8062.0,Health services,12455481606.994629,2020-12-31,0.5071779798905952,7.875,8.0,42,88.0813953488372,91.71511627906976,True,7,89.53488372093022,5,True,True,344,UNIVERSAL HEALTH SERVICES INC
2021-06-30,ULTA,ULTA,1403568.0,5990.0,Retail,19434206928.346924,2021-01-30,0.10288811925139267,5.625,8.0,229,33.72093023255814,52.616279069767444,False,229,41.27906976744187,241,False,False,344,"Ulta Beauty, Inc."
2021-06-30,UNP,UNP,100885.0,4011.0,Transportation,147315566898.61322,2020-12-31,0.11511342865530959,5.625,8.0,215,37.7906976744186,52.616279069767444,False,215,43.720930232558146,222,False,False,344,UNION PACIFIC CORP
2021-06-30,UPS,UPS,1090727.0,4210.0,Transportation,180309991058.3496,2020-12-31,0.003643724877050158,5.625,8.0,322,6.686046511627906,52.616279069767444,False,322,25.058139534883722,314,False,False,344,UNITED PARCEL SERVICE INC
2021-06-30,URI,URI,1067701.0,7359.0,Business services & software,23032291741.831055,2020-12-31,0.1973316442386586,6.0,9.0,150,56.68604651162791,66.42441860465115,False,150,60.581395348837205,104,False,False,344,"UNITED RENTALS, INC."
2021-06-30,VFC,VFC,103379.0,2320.0,Other manufacturing,32172142563.18579,2021-04-03,0.0949941084588234,4.0,9.0,231,33.13953488372093,17.441860465116278,False,231,26.860465116279066,310,False,False,344,V F CORP
2021-06-30,VLO,VLO,1035002.0,2911.0,Petroleum refining,31900591277.380997,2020-12-31,0.5893621167244879,4.0,9.0,27,92.44186046511628,17.441860465116278,True,74,62.44186046511628,91,False,False,344,VALERO ENERGY CORP/TX
2021-06-30,VMC,VMC,1396009.0,1400.0,Mining (other),23072473275.243896,2020-12-31,0.2612346725076567,5.0,9.0,109,68.6046511627907,39.53488372093023,False,109,56.97674418604651,125,False,False,344,Vulcan Materials CO
2021-06-30,VRSK,VRSK,1442145.0,7374.0,Business services & software,28442945580.480194,2020-12-31,0.09486359253352855,8.0,9.0,232,32.848837209302324,95.93023255813954,False,232,58.081395348837205,121,False,False,344,"Verisk Analytics, Inc."
2021-06-30,VRSN,VRSN,1014473.0,7371.0,Business services & software,25750500870.199768,2020-12-31,-0.05398722172463961,6.75,8.0,335,2.9069767441860463,79.36046511627907,False,335,33.48837209302326,277,False,False,344,VERISIGN INC/CA
2021-06-30,VRTX,VRTX,875320.0,2834.0,Chemicals & pharma,52415748570.39624,2020-12-31,0.16572910312123643,7.875,8.0,174,49.7093023255814,91.71511627906976,False,174,66.51162790697674,71,False,False,344,VERTEX PHARMACEUTICALS INC / MA
2021-06-30,VZ,VZ,732712.0,4813.0,Communications,231860460334.1891,2020-12-31,0.2987659038550846,4.5,8.0,96,72.38372093023256,26.598837209302324,True,68,54.06976744186046,147,False,False,344,VERIZON COMMUNICATIONS INC
2021-06-30,WAB,WAB,943452.0,3743.0,Transport equipment,15546143269.364914,2020-12-31,0.6511132584212646,6.0,9.0,14,96.22093023255815,66.42441860465115,True,18,84.30232558139535,12,True,True,344,WESTINGHOUSE AIR BRAKE TECHNOLOGIES CORP
2021-06-30,WAT,WAT,1000697.0,3826.0,Instruments & medical devices,21491995409.976807,2020-12-31,0.01080141678665334,6.0,9.0,314,9.011627906976743,66.42441860465115,False,314,31.97674418604651,286,False,False,344,WATERS CORP /DE/
2021-06-30,WDC,WDC,106040.0,3572.0,Machinery & computers,21530760356.575676,2020-07-03,0.44359789630388247,5.0,9.0,53,84.88372093023256,39.53488372093023,True,46,66.74418604651163,69,False,False,344,WESTERN DIGITAL CORP
2021-06-30,WHR,WHR,106640.0,3630.0,Electronics & semis,13730796309.57756,2020-12-31,0.27667732550588536,5.0,9.0,101,70.93023255813954,39.53488372093023,False,101,58.372093023255815,119,False,False,344,WHIRLPOOL CORP /DE/
2021-06-30,WM,WM,823768.0,4953.0,Utilities,59287959802.55206,2020-12-31,0.125691624822604,6.0,9.0,205,40.69767441860465,66.42441860465115,False,205,50.98837209302325,165,False,False,344,WASTE MANAGEMENT INC
2021-06-30,WMB,WMB,107263.0,4922.0,Utilities,32226133955.001423,2020-12-31,0.36520049275639155,4.5,8.0,68,80.52325581395348,26.598837209302324,True,66,58.95348837209302,115,False,False,344,"WILLIAMS COMPANIES, INC."
2021-06-30,WMT,WMT,104169.0,5331.0,Retail,397263462464.72876,2021-01-31,0.2037061236337207,7.0,9.0,146,57.84883720930233,86.48255813953489,False,146,69.30232558139535,50,False,False,344,Walmart Inc.
2021-06-30,WST,WST,105770.0,3841.0,Instruments & medical devices,26610397088.888977,2020-12-31,0.06969080520689923,6.0,9.0,256,25.872093023255815,66.42441860465115,False,256,42.093023255813954,235,False,False,344,WEST PHARMACEUTICAL SERVICES INC
2021-06-30,WYNN,WYNN,1174922.0,7011.0,Services (hotels/personal),14139772700.730423,2020-12-31,-0.02489410596973859,2.25,8.0,328,4.941860465116279,3.1976744186046515,False,328,4.244186046511628,341,False,False,344,WYNN RESORTS LTD
2021-06-30,XOM,XOM,34088.0,2911.0,Petroleum refining,267048125484.53918,2020-12-31,0.5884707099698336,3.375,8.0,28,92.15116279069767,9.593023255813954,True,83,59.127906976744185,113,False,False,344,EXXON MOBIL CORP
2021-06-30,XRAY,XRAY,818479.0,3843.0,Instruments & medical devices,13857007615.81437,2020-12-31,0.358446797296365,3.0,9.0,72,79.36046511627907,5.813953488372093,True,92,49.94186046511628,173,False,False,344,DENTSPLY SIRONA Inc.
2021-06-30,XYL,XYL,1524472.0,3561.0,Machinery & computers,21635804655.156868,2020-12-31,0.13718001467038485,4.0,9.0,195,43.604651162790695,17.441860465116278,False,195,33.13953488372093,280,False,False,344,Xylem Inc.
2021-06-30,YUM,YUM,1041061.0,5812.0,Retail,34515362173.08154,2020-12-31,-0.22862283641787118,6.0,9.0,343,0.5813953488372093,66.42441860465115,False,343,26.918604651162788,309,False,False,344,YUM BRANDS INC
2021-06-30,ZBH,ZBH,1136869.0,3842.0,Instruments & medical devices,33427322787.60466,2020-12-31,0.3647973867809057,3.0,9.0,69,80.23255813953489,5.813953488372093,True,91,50.46511627906977,171,False,False,344,"ZIMMER BIOMET HOLDINGS, INC."
2021-06-30,ZBRA,ZBRA,877212.0,3560.0,Machinery & computers,28310456280.797363,2020-12-31,0.07573173596125503,5.0,9.0,246,28.77906976744186,39.53488372093023,False,246,33.081395348837205,281,False,False,344,ZEBRA TECHNOLOGIES CORP
2021-06-30,ZTS,ZTS,1555280.0,2834.0,Chemicals & pharma,88552005562.29854,2020-12-31,0.04256255943687706,7.0,9.0,287,16.86046511627907,86.48255813953489,False,287,44.7093023255814,211,False,False,344,Zoetis Inc.
2022-06-30,A,A,1090872.0,3826.0,Instruments & medical devices,35868633645.89338,2021-10-31,0.15024268984433395,7.0,9.0,231,35.2112676056338,64.50704225352113,False,231,46.929577464788736,200,False,False,355,"AGILENT TECHNOLOGIES, INC."
2022-06-30,AAL,AAL,6201.0,4512.0,Transportation,8231350481.667946,2021-12-31,-0.891712728834342,5.625,8.0,355,0.28169014084507044,25.915492957746476,False,355,10.535211267605634,346,False,False,355,American Airlines Group Inc.
2022-06-30,AAP,AAP,1158449.0,5531.0,Retail,10575379725.363983,2022-01-01,0.29580885804952317,8.0,9.0,139,61.12676056338028,89.1549295774648,False,139,72.33802816901408,58,False,False,355,ADVANCE AUTO PARTS INC
2022-06-30,AAPL,AAPL,320193.0,3571.0,Machinery & computers,2243082617867.34,2021-09-25,0.02812647180155326,7.0,9.0,315,11.549295774647888,64.50704225352113,False,315,32.73239436619719,281,False,False,355,Apple Inc.
2022-06-30,ABBV,ABBV,1551152.0,2834.0,Chemicals & pharma,270902342927.00998,2021-12-31,0.056876584504665664,6.0,9.0,301,15.492957746478872,36.33802816901409,False,301,23.83098591549296,309,False,False,355,AbbVie Inc.
2022-06-30,ABC,COR,1140859.0,5122.0,Wholesale,29446707025.038345,2021-09-30,0.007585024695973086,5.0,9.0,327,8.169014084507042,16.76056338028169,False,327,11.6056338028169,342,False,False,355,"Cencora, Inc."
2022-06-30,ABT,ABT,1800.0,2834.0,Chemicals & pharma,191602351000.4104,2021-12-31,0.18685574479158304,9.0,9.0,205,42.53521126760563,98.45070422535211,False,205,64.90140845070422,95,False,False,355,ABBOTT LABORATORIES
2022-06-30,ACN,ACN,1467373.0,7389.0,Business services & software,176236965644.27353,2021-08-31,0.11081360785239196,6.0,9.0,252,29.295774647887324,36.33802816901409,False,252,32.11267605633803,283,False,False,355,Accenture plc
2022-06-30,ADBE,ADBE,796343.0,7372.0,Business services & software,172670500848.38867,2021-12-03,0.08569500828049566,7.0,9.0,274,23.098591549295776,64.50704225352113,False,274,39.66197183098592,247,False,False,355,ADOBE INC.
2022-06-30,ADI,ADI,6281.0,3674.0,Electronics & semis,76745555948.66162,2021-10-30,0.49504549847048906,6.75,8.0,67,81.40845070422536,48.30985915492958,True,56,68.16901408450705,74,False,False,355,ANALOG DEVICES INC
2022-06-30,ADM,ADM,7084.0,2070.0,Food & beverage mfg,43624125129.401886,2021-12-31,0.5159530405076251,7.0,9.0,59,83.66197183098592,64.50704225352113,True,36,76.0,43,False,False,355,Archer-Daniels-Midland Co
2022-06-30,ADP,ADP,8670.0,7374.0,Business services & software,88863837141.73334,2021-06-30,0.0638066077537984,8.0,9.0,295,17.183098591549296,89.1549295774648,False,295,45.971830985915496,208,False,False,355,AUTOMATIC DATA PROCESSING INC
2022-06-30,ADSK,ADSK,769397.0,7372.0,Business services & software,37368280668.01688,2022-01-31,0.0227224797293587,4.0,9.0,320,10.140845070422536,4.788732394366197,False,320,8.0,351,False,False,355,"Autodesk, Inc."
2022-06-30,AEE,AEE,1002910.0,4931.0,Utilities,23288011549.182724,2021-12-31,0.416523324866713,4.5,8.0,87,75.77464788732394,8.87323943661972,True,90,49.01408450704225,182,False,False,355,AMEREN CORP
2022-06-30,AEP,AEP,4904.0,4911.0,Utilities,48374101950.086365,2021-12-31,0.4637440096179387,6.75,8.0,77,78.59154929577464,48.30985915492958,True,58,66.47887323943662,83,False,False,355,AMERICAN ELECTRIC POWER CO INC
2022-06-30,AES,AES,874761.0,4991.0,Utilities,14021972086.174625,2021-12-31,0.19954397161856927,4.5,8.0,196,45.07042253521127,8.87323943661972,False,196,30.59154929577465,290,False,False,355,AES CORP
2022-06-30,AKAM,AKAM,1086222.0,7389.0,Business services & software,14644460386.083496,2021-12-31,0.30933294096003927,5.625,8.0,132,63.098591549295776,25.915492957746476,False,132,48.225352112676056,191,False,False,355,AKAMAI TECHNOLOGIES INC
2022-06-30,ALB,ALB,915913.0,2821.0,Chemicals & pharma,24458311302.665634,2021-12-31,0.22999404702919615,5.0,9.0,175,50.985915492957744,16.76056338028169,False,175,37.29577464788732,255,False,False,355,ALBEMARLE CORP
2022-06-30,ALGN,ALGN,1097149.0,3842.0,Instruments & medical devices,18648529420.70114,2021-12-31,0.1942627173582138,5.625,8.0,200,43.94366197183099,25.915492957746476,False,200,36.732394366197184,258,False,False,355,ALIGN TECHNOLOGY INC
2022-06-30,ALK,ALK,766421.0,4512.0,Transportation,5042792565.236443,2021-12-31,0.753749029100066,7.875,8.0,20,94.64788732394366,78.59154929577464,True,25,88.22535211267606,16,False,True,355,"ALASKA AIR GROUP, INC."
2022-06-30,ALLE,ALLE,1579241.0,7381.0,Business services & software,8637760406.42897,2021-12-31,0.08788157627468017,7.0,9.0,272,23.661971830985916,64.50704225352113,False,272,40.00000000000001,245,False,False,355,Allegion plc
2022-06-30,AMAT,AMAT,6951.0,3674.0,Electronics & semis,80836938285.71997,2021-10-31,0.15150252173966194,7.0,9.0,230,35.49295774647888,64.50704225352113,False,230,47.09859154929578,198,False,False,355,APPLIED MATERIALS INC /DE
2022-06-30,AMCR,AMCR,1748790.0,3990.0,Other manufacturing,19121315484.017944,2021-06-30,0.24914603830379065,8.0,9.0,163,54.3661971830986,89.1549295774648,False,163,68.28169014084509,73,False,False,355,Amcor plc
2022-06-30,AMD,AMD,2488.0,3674.0,Electronics & semis,91710734144.33344,2021-12-25,0.0817461562154905,7.0,9.0,277,22.253521126760564,64.50704225352113,False,277,39.15492957746479,250,False,False,355,ADVANCED MICRO DEVICES INC
2022-06-30,AME,AME,1037868.0,3823.0,Instruments & medical devices,25461610990.350998,2021-12-31,0.26989195627111684,7.0,9.0,151,57.74647887323944,64.50704225352113,False,151,60.45070422535212,119,False,False,355,AMETEK INC/
2022-06-30,AMGN,AMGN,318154.0,2836.0,Chemicals & pharma,135525247420.91873,2021-12-31,0.049437282923313335,5.0,9.0,305,14.366197183098592,16.76056338028169,False,305,15.32394366197183,333,False,False,355,AMGEN INC
2022-06-30,AMZN,AMZN,1018724.0,5961.0,Retail,1080887286404.7805,2021-12-31,0.1278995522834087,6.0,9.0,244,31.549295774647888,36.33802816901409,False,244,33.46478873239437,278,False,False,355,AMAZON COM INC
2022-06-30,ANET,ANET,1596532.0,3576.0,Machinery & computers,28850038364.25966,2021-12-31,0.13790622909288106,5.625,8.0,240,32.67605633802817,25.915492957746476,False,240,29.971830985915492,293,False,False,355,"Arista Networks, Inc."
2022-06-30,AOS,AOS,91142.0,3630.0,Electronics & semis,8743705731.919693,2021-12-31,0.20954502086127935,6.0,9.0,187,47.6056338028169,36.33802816901409,False,187,43.098591549295776,224,False,False,355,SMITH A O CORP
2022-06-30,APD,APD,2969.0,2810.0,Chemicals & pharma,53256791717.17917,2021-09-30,0.25423424061860017,4.0,9.0,159,55.49295774647888,4.788732394366197,False,159,35.21126760563381,266,False,False,355,"Air Products & Chemicals, Inc."
2022-06-30,APH,APH,820313.0,3678.0,Electronics & semis,38559740940.70278,2021-12-31,0.1634347079688949,7.0,9.0,222,37.74647887323944,64.50704225352113,False,222,48.45070422535212,187,False,False,355,AMPHENOL CORP /DE/
2022-06-30,APTV,APTV,1521332.0,3714.0,Transport equipment,24094694367.245636,2021-12-31,0.346424813395721,6.0,9.0,114,68.16901408450704,36.33802816901409,False,114,55.436619718309856,140,False,False,355,Aptiv PLC
2022-06-30,ATO,ATO,731802.0,4924.0,Utilities,14844933883.63424,2021-09-30,0.5326321465612541,4.0,9.0,53,85.35211267605634,4.788732394366197,True,93,53.12676056338028,155,False,False,355,ATMOS ENERGY CORP
2022-06-30,AVGO,AVGO,1730168.0,3674.0,Electronics & semis,200578307686.0437,2021-10-31,0.12445014761552335,8.0,9.0,246,30.985915492957744,89.1549295774648,False,246,54.25352112676056,145,False,False,355,Broadcom Inc.
2022-06-30,AVY,AVY,8818.0,2670.0,Other manufacturing,13348003591.687134,2022-01-01,0.14417137265369612,6.0,9.0,237,33.52112676056338,36.33802816901409,False,237,34.647887323943664,271,False,False,355,Avery Dennison Corp
2022-06-30,AWK,AWK,1410636.0,4941.0,Utilities,27035227687.482925,2021-12-31,0.269944092365788,5.625,8.0,150,58.028169014084504,25.915492957746476,False,150,45.183098591549296,213,False,False,355,"American Water Works Company, Inc."
2022-06-30,AZO,AZO,866787.0,5531.0,Retail,45062668950.62305,2021-08-28,-0.03988969232980034,5.0,9.0,342,3.943661971830986,16.76056338028169,False,342,9.070422535211268,350,False,False,355,AUTOZONE INC
2022-06-30,BA,BA,12927.0,3721.0,Transport equipment,79707728582.46964,2021-12-31,-0.18817497709122746,4.0,9.0,351,1.4084507042253522,4.788732394366197,False,351,2.7605633802816905,355,False,False,355,BOEING CO
2022-06-30,BALL,BALL,9389.0,3411.0,Other manufacturing,22418262435.676575,2021-12-31,0.1617877393668105,7.0,9.0,225,36.901408450704224,64.50704225352113,False,225,47.94366197183099,193,False,False,355,BALL Corp
2022-06-30,BAX,BAX,10456.0,3841.0,Instruments & medical devices,32262321155.68634,2021-12-31,0.28134987424487123,6.0,9.0,143,60.0,36.33802816901409,False,143,50.53521126760563,173,False,False,355,BAXTER INTERNATIONAL INC
2022-06-30,BBWI,BBWI,701985.0,5990.0,Retail,6431460340.947395,2022-01-29,-0.2360272658971864,8.0,9.0,352,1.1267605633802817,89.1549295774648,False,352,36.33802816901409,260,False,False,355,"Bath & Body Works, Inc."
2022-06-30,BBY,BBY,764478.0,5731.0,Retail,14682597963.512451,2022-01-29,0.20568567003639043,7.0,9.0,192,46.19718309859155,64.50704225352113,False,192,53.52112676056339,151,False,False,355,BEST BUY CO INC
2022-06-30,BDX,BDX,10795.0,3841.0,Instruments & medical devices,71770843362.65099,2021-09-30,0.3298971962801448,8.0,9.0,120,66.47887323943662,89.1549295774648,False,120,75.5492957746479,44,False,False,355,BECTON DICKINSON & CO
2022-06-30,BF.B,BF-B,14693.0,2080.0,Food & beverage mfg,33608044954.223633,2022-04-30,0.08143883417580446,6.0,9.0,278,21.971830985915496,36.33802816901409,False,278,27.718309859154935,300,False,False,355,BROWN FORMAN CORP
2022-06-30,BIIB,BIIB,875045.0,2836.0,Chemicals & pharma,29971592363.21588,2021-12-31,0.36355092075030687,5.0,9.0,108,69.85915492957746,16.76056338028169,False,108,48.61971830985915,185,False,False,355,BIOGEN INC.
2022-06-30,BIO,BIO,12208.0,3826.0,Instruments & medical devices,14766345000.0,2021-12-31,0.9255597102735985,3.0,9.0,12,96.90140845070422,1.1267605633802817,True,98,58.59154929577464,127,False,False,355,"BIO-RAD LABORATORIES, INC."
2022-06-30,BKNG,BKNG,1075531.0,4700.0,Transportation,71512184329.22173,2021-12-31,0.0863908725198247,7.875,8.0,273,23.380281690140844,78.59154929577464,False,273,45.46478873239436,212,False,False,355,Booking Holdings Inc.
2022-06-30,BMY,BMY,14272.0,2834.0,Chemicals & pharma,167837887140.0,2021-12-31,0.21417095158029525,8.0,9.0,183,48.732394366197184,89.1549295774648,False,183,64.90140845070422,94,False,False,355,BRISTOL MYERS SQUIBB CO
2022-06-30,BR,BR,1383312.0,7389.0,Business services & software,16559795083.267593,2021-06-30,0.10924652092029552,4.0,9.0,253,29.014084507042252,4.788732394366197,False,253,19.323943661971832,320,False,False,355,"BROADRIDGE FINANCIAL SOLUTIONS, INC."
2022-06-30,BSX,BSX,885725.0,3841.0,Instruments & medical devices,53174030669.34274,2021-12-31,0.3125962013931613,7.0,9.0,131,63.38028169014085,64.50704225352113,False,131,63.83098591549296,100,False,False,355,BOSTON SCIENTIFIC CORP
2022-06-30,BWA,BWA,908255.0,3714.0,Transport equipment,8007847920.53,2021-12-31,0.8676488451019617,6.0,9.0,14,96.3380281690141,36.33802816901409,True,63,72.3380281690141,57,False,False,355,BORGWARNER INC
2022-06-30,CAG,CAG,23217.0,2000.0,Food & beverage mfg,16446367394.691456,2021-05-30,0.5199810872983625,8.0,9.0,57,84.22535211267605,89.1549295774648,True,16,86.19718309859155,18,True,True,355,CONAGRA BRANDS INC.
2022-06-30,CAH,CAH,721371.0,5122.0,Wholesale,15181372529.113525,2021-06-30,0.11797352291865408,8.0,9.0,247,30.704225352112672,89.1549295774648,False,247,54.08450704225352,147,False,False,355,CARDINAL HEALTH INC
2022-06-30,CARR,CARR,1783180.0,3585.0,Machinery & computers,30507630357.558918,2021-12-31,0.23253199009087605,7.875,8.0,174,51.267605633802816,78.59154929577464,False,174,62.197183098591545,113,False,False,355,CARRIER GLOBAL Corp
2022-06-30,CAT,CAT,18230.0,3531.0,Machinery & computers,95795345053.03902,2021-12-31,0.17240921248162513,7.0,9.0,213,40.28169014084507,64.50704225352113,False,213,49.9718309859155,177,False,False,355,CATERPILLAR INC
2022-06-30,CDW,CDW,1402057.0,5961.0,Retail,21261827990.226074,2021-12-31,0.03319093731378157,4.0,9.0,312,12.394366197183098,4.788732394366197,False,312,9.352112676056336,349,False,False,355,CDW Corp
2022-06-30,CE,CE,1306830.0,2820.0,Chemicals & pharma,12705309691.145767,2021-12-31,0.32970467480373833,6.0,9.0,121,66.19718309859155,36.33802816901409,False,121,54.25352112676056,144,False,False,355,Celanese Corp
2022-06-30,CF,CF,1324404.0,2870.0,Chemicals (other),17772248229.768723,2021-12-31,0.18039360910061522,9.0,9.0,209,41.40845070422535,98.45070422535211,False,209,64.22535211267606,98,False,False,355,"CF Industries Holdings, Inc."
2022-06-30,CHD,CHD,313927.0,2840.0,Chemicals (other),22487809085.103363,2021-12-31,0.1437756780913697,5.0,9.0,238,33.23943661971831,16.76056338028169,False,238,26.647887323943664,303,False,False,355,CHURCH & DWIGHT CO INC /DE/
2022-06-30,CHRW,CHRW,1043277.0,4731.0,Transportation,13056310279.585808,2021-12-31,0.15486258802851788,5.625,8.0,229,35.774647887323944,25.915492957746476,False,229,31.830985915492956,285,False,False,355,"C. H. ROBINSON WORLDWIDE, INC."
2022-06-30,CHTR,CHTR,1091667.0,4841.0,Communications,86054609233.36423,2021-12-31,0.1632684190326051,6.75,8.0,223,37.46478873239437,48.30985915492958,False,223,41.802816901408455,235,False,False,355,"CHARTER COMMUNICATIONS, INC. /MO/"
2022-06-30,CL,CL,21665.0,2844.0,Chemicals (other),67356645458.08731,2021-12-31,0.009041424136523403,6.0,9.0,326,8.450704225352112,36.33802816901409,False,326,19.605633802816904,319,False,False,355,COLGATE PALMOLIVE CO
2022-06-30,CLX,CLX,21076.0,2842.0,Chemicals (other),17314186788.785934,2021-06-30,0.023737759388514672,5.0,9.0,317,10.985915492957748,16.76056338028169,False,317,13.295774647887324,338,False,False,355,CLOROX CO /DE/
2022-06-30,CMCSA,CMCSA,1166691.0,4841.0,Communications,179876165420.8374,2021-12-31,0.5342119661889813,6.75,8.0,49,86.47887323943661,48.30985915492958,True,53,71.2112676056338,65,False,False,355,COMCAST CORP
2022-06-30,CMG,CMG,1058090.0,5812.0,Retail,36645045364.76326,2021-12-31,0.06269262262147678,7.875,8.0,298,16.338028169014084,78.59154929577464,False,298,41.239436619718305,239,False,False,355,CHIPOTLE MEXICAN GRILL INC
2022-06-30,CMI,CMI,26172.0,3510.0,Machinery & computers,27563845850.68924,2021-12-31,0.3074317004202846,7.0,9.0,133,62.81690140845071,64.50704225352113,False,133,63.49295774647888,102,False,False,355,CUMMINS INC
2022-06-30,CMS,CMS,811156.0,4931.0,Utilities,19558817887.5,2021-12-31,0.3390286692243225,6.75,8.0,118,67.04225352112675,48.30985915492958,False,118,59.54929577464789,123,False,False,355,CMS ENERGY CORP
2022-06-30,CNP,CNP,1130310.0,4911.0,Utilities,18603928813.875984,2021-12-31,0.506075899031483,6.0,9.0,62,82.8169014084507,36.33802816901409,True,67,64.22535211267606,97,False,False,355,CENTERPOINT ENERGY INC
2022-06-30,COO,COO,711404.0,3851.0,Instruments & medical devices,15470638981.149902,2021-10-31,0.448708033873597,7.0,9.0,81,77.46478873239437,64.50704225352113,True,42,72.28169014084507,59,False,False,355,"COOPER COMPANIES, INC."
2022-06-30,COP,COP,1163165.0,2911.0,Petroleum refining,116710509153.28687,2021-12-31,0.3890480842677504,7.0,9.0,101,71.83098591549296,64.50704225352113,False,101,68.90140845070422,69,False,False,355,CONOCOPHILLIPS
2022-06-30,COST,COST,909832.0,5331.0,Retail,211757315596.7443,2021-08-29,0.08294400573837857,5.0,9.0,276,22.535211267605636,16.76056338028169,False,276,20.225352112676056,317,False,False,355,COSTCO WHOLESALE CORP /NEW
2022-06-30,CPB,CPB,16732.0,2000.0,Food & beverage mfg,14487927321.110218,2021-08-01,0.2175604508594719,6.0,9.0,181,49.29577464788733,36.33802816901409,False,181,44.11267605633803,219,False,False,355,CAMPBELL'S Co
2022-06-30,CPRT,CPRT,900075.0,5500.0,Retail,25763343262.828033,2021-07-31,0.13698536575771264,5.625,8.0,241,32.3943661971831,25.915492957746476,False,241,29.802816901408452,295,False,False,355,COPART INC
2022-06-30,CRL,CRL,1100682.0,8731.0,Services (professional),10802499538.218475,2021-12-25,0.2346512481701098,4.5,8.0,172,51.83098591549295,8.87323943661972,False,172,34.64788732394366,272,False,False,355,"CHARLES RIVER LABORATORIES INTERNATIONAL, INC."
2022-06-30,CRM,CRM,1108524.0,7372.0,Business services & software,163389593353.27148,2022-01-31,0.35578153300322213,4.0,9.0,111,69.01408450704226,4.788732394366197,False,111,43.32394366197183,222,False,False,355,"Salesforce, Inc."
2022-06-30,CSCO,CSCO,858877.0,3576.0,Machinery & computers,179844256926.5783,2021-07-31,0.22950413154894672,6.0,9.0,176,50.70422535211267,36.33802816901409,False,176,44.95774647887323,215,False,False,355,"CISCO SYSTEMS, INC."
2022-06-30,CSX,CSX,277948.0,4011.0,Transportation,63739896071.24366,2021-12-31,0.21179827442628266,7.875,8.0,184,48.45070422535211,78.59154929577464,False,184,60.50704225352112,118,False,False,355,CSX CORP
2022-06-30,CTAS,CTAS,723254.0,2320.0,Other manufacturing,38461354899.15756,2021-05-31,0.09588447962036763,7.0,9.0,263,26.197183098591548,64.50704225352113,False,263,41.521126760563384,237,False,False,355,CINTAS CORP
2022-06-30,CTSH,CTSH,1058290.0,7371.0,Business services & software,35400854421.19272,2021-12-31,0.33872063813300474,9.0,9.0,119,66.7605633802817,98.45070422535211,False,119,79.43661971830986,29,False,False,355,COGNIZANT TECHNOLOGY SOLUTIONS CORP
2022-06-30,CTVA,CTVA,1755672.0,2820.0,Chemicals & pharma,39360916496.2616,2021-12-31,0.6449036826266713,8.0,9.0,31,91.54929577464789,89.1549295774648,True,13,90.59154929577466,14,True,True,355,"Corteva, Inc."
2022-06-30,CVS,CVS,64803.0,5912.0,Retail,121617220879.71674,2021-12-31,0.6173056698463085,7.0,9.0,34,90.70422535211267,64.50704225352113,True,31,80.22535211267606,27,False,False,355,CVS HEALTH Corp
2022-06-30,CVX,CVX,93410.0,2911.0,Petroleum refining,281966771056.49554,2021-12-31,0.49320350578521255,7.0,9.0,68,81.12676056338029,64.50704225352113,True,39,74.47887323943662,49,False,False,355,CHEVRON CORP
2022-06-30,CZR,CZR,1590895.0,7011.0,Services (hotels/personal),8200928009.936771,2021-12-31,0.546279639886089,4.5,8.0,48,86.76056338028168,8.87323943661972,True,88,55.6056338028169,138,False,False,355,"Caesars Entertainment, Inc."
2022-06-30,D,D,715957.0,4911.0,Utilities,64683089078.41937,2021-12-31,0.4221814447806102,6.75,8.0,86,76.05633802816901,48.30985915492958,True,59,64.95774647887323,93,False,False,355,"DOMINION ENERGY, INC"
2022-06-30,DAL,DAL,27904.0,4512.0,Transportation,18538764707.795105,2021-12-31,0.20966877034507106,6.75,8.0,186,47.88732394366197,48.30985915492958,False,186,48.056338028169016,192,False,False,355,"DELTA AIR LINES, INC."
2022-06-30,DD,DD,1666700.0,2821.0,Chemicals & pharma,28507399304.242916,2021-12-31,0.9272329516241009,6.0,9.0,11,97.1830985915493,36.33802816901409,True,62,72.84507042253522,54,False,False,355,"DuPont de Nemours, Inc."
2022-06-30,DG,DG,29534.0,5331.0,Retail,56173452800.680664,2022-01-28,0.11147589631385668,5.0,9.0,251,29.577464788732392,16.76056338028169,False,251,24.450704225352112,307,False,False,355,DOLLAR GENERAL CORP
2022-06-30,DGX,DGX,1022079.0,8071.0,Health services,15885096267.014114,2021-12-31,0.4056632639602671,8.0,9.0,93,74.08450704225352,89.1549295774648,True,22,80.11267605633803,28,False,False,355,QUEST DIAGNOSTICS INC
2022-06-30,DHR,DHR,313616.0,3823.0,Instruments & medical devices,181356185157.66718,2021-12-31,0.2490513348675303,7.0,9.0,164,54.08450704225351,64.50704225352113,False,164,58.25352112676056,128,False,False,355,DANAHER CORP /DE/
2022-06-30,DIS,DIS,1744489.0,7990.0,Services (other),171586724264.72287,2021-10-02,0.5160830500113809,5.625,8.0,58,83.94366197183099,25.915492957746476,True,78,60.732394366197184,117,False,False,355,Walt Disney Co
2022-06-30,DLTR,DLTR,935703.0,5331.0,Retail,35083446148.61441,2022-01-29,0.22000404314058056,4.0,9.0,180,49.57746478873239,4.788732394366197,False,180,31.661971830985912,287,False,False,355,"DOLLAR TREE, INC."
2022-06-30,DOV,DOV,29905.0,3530.0,Machinery & computers,17476704877.278023,2021-12-31,0.23972070418416966,6.0,9.0,170,52.394366197183096,36.33802816901409,False,170,45.97183098591549,209,False,False,355,DOVER Corp
2022-06-30,DOW,DOW,1751788.0,2821.0,Chemicals & pharma,37971913079.79445,2021-12-31,0.4783799004761214,8.0,9.0,72,80.0,89.1549295774648,True,18,83.66197183098592,20,True,True,355,DOW INC.
2022-06-30,DPZ,DPZ,1286681.0,5140.0,Wholesale,14043660958.713623,2022-01-02,-0.299746341952817,5.0,9.0,354,0.5633802816901409,16.76056338028169,False,354,7.04225352112676,353,False,False,355,DOMINOS PIZZA INC
2022-06-30,DRI,DRI,940944.0,5812.0,Retail,14791879584.910545,2021-05-30,0.19017867092899354,7.0,9.0,203,43.098591549295776,64.50704225352113,False,203,51.66197183098592,163,False,False,355,DARDEN RESTAURANTS INC
2022-06-30,DUK,DUK,1326160.0,4931.0,Utilities,82482907355.8714,2021-12-31,0.5976510962121288,6.75,8.0,36,90.14084507042254,48.30985915492958,True,50,73.40845070422536,51,False,False,355,Duke Energy CORP
2022-06-30,DVA,DVA,927066.0,8090.0,Health services,7700147911.834717,2021-12-31,0.09811603733466269,7.875,8.0,262,26.478873239436616,78.59154929577464,False,262,47.323943661971825,197,False,False,355,DAVITA INC.
2022-06-30,DVN,DVN,1090012.0,1311.0,Oil & gas extraction,36604062405.39551,2021-12-31,0.2530320240803317,6.75,8.0,160,55.21126760563381,48.30985915492958,False,160,52.45070422535211,158,False,False,355,DEVON ENERGY CORP/DE
2022-06-30,DXC,DXC,1688568.0,7374.0,Business services & software,6992021611.401634,2022-03-31,0.7225378124921537,8.0,9.0,22,94.08450704225352,89.1549295774648,True,10,92.11267605633803,8,True,True,355,DXC Technology Co
2022-06-30,DXCM,DXCM,1093557.0,3841.0,Instruments & medical devices,28937206334.12671,2021-12-31,0.07780640515199712,4.5,8.0,281,21.12676056338028,8.87323943661972,False,281,16.225352112676056,331,False,False,355,DEXCOM INC
2022-06-30,EBAY,EBAY,1065088.0,7389.0,Business services & software,24482328812.252426,2021-12-31,0.3993901101069479,6.0,9.0,94,73.80281690140845,36.33802816901409,True,71,58.816901408450704,126,False,False,355,EBAY INC
2022-06-30,ECL,ECL,31462.0,2840.0,Chemicals (other),44090913831.386795,2021-12-31,0.16384781743528623,5.0,9.0,221,38.028169014084504,16.76056338028169,False,221,29.521126760563376,297,False,False,355,ECOLAB INC.
2022-06-30,ED,ED,1047862.0,4931.0,Utilities,33673996689.900925,2021-12-31,0.5950288640970628,6.75,8.0,38,89.5774647887324,48.30985915492958,True,51,73.07042253521128,53,False,False,355,CONSOLIDATED EDISON INC
2022-06-30,EFX,EFX,33185.0,7320.0,Business services & software,22314623587.310944,2021-12-31,0.1606300902175309,5.0,9.0,226,36.61971830985916,16.76056338028169,False,226,28.67605633802817,299,False,False,355,EQUIFAX INC
2022-06-30,EIX,EIX,827052.0,4911.0,Utilities,24075275440.78718,2021-12-31,0.6599301444785678,5.625,8.0,29,92.11267605633803,25.915492957746476,True,75,65.63380281690141,88,False,False,355,EDISON INTERNATIONAL
2022-06-30,EL,EL,1001250.0,2844.0,Chemicals (other),92419742335.51025,2021-06-30,0.0655379451071325,7.0,9.0,294,17.464788732394364,64.50704225352113,False,294,36.28169014084507,261,False,False,355,ESTEE LAUDER COMPANIES INC
2022-06-30,EMN,EMN,915389.0,2821.0,Chemicals & pharma,11577445975.123398,2021-12-31,0.49268206582490265,8.0,9.0,69,80.84507042253522,89.1549295774648,True,17,84.16901408450704,19,True,True,355,EASTMAN CHEMICAL CO
2022-06-30,EMR,EMR,32604.0,3600.0,Electronics & semis,47318346544.64722,2021-09-30,0.208861904983829,6.0,9.0,188,47.32394366197183,36.33802816901409,False,188,42.929577464788736,226,False,False,355,EMERSON ELECTRIC CO
2022-06-30,ENPH,ENPH,1463101.0,3674.0,Electronics & semis,26149582203.49008,2021-12-31,0.01645028194533017,5.0,9.0,324,9.014084507042254,16.76056338028169,False,324,12.112676056338028,341,False,False,355,"Enphase Energy, Inc."
2022-06-30,EOG,EOG,821189.0,1311.0,Oil & gas extraction,64653693901.406006,2021-12-31,0.3430585116114713,7.875,8.0,116,67.6056338028169,78.59154929577464,False,116,72.0,62,False,False,355,EOG RESOURCES INC
2022-06-30,EPAM,EPAM,1352010.0,7371.0,Business services & software,16766655656.98819,2021-12-31,0.14833709541612683,6.0,9.0,234,34.36619718309859,36.33802816901409,False,234,35.15492957746479,267,False,False,355,"EPAM Systems, Inc."
2022-06-30,ES,ES,72741.0,4911.0,Utilities,29094839195.80887,2021-12-31,0.5018018453974861,3.375,8.0,64,82.25352112676056,2.2535211267605635,True,97,50.25352112676056,174,False,False,355,EVERSOURCE ENERGY
2022-06-30,ETN,ETN,1551182.0,3590.0,Machinery & computers,50244811148.07129,2021-12-31,0.3266605968849389,7.0,9.0,124,65.35211267605634,64.50704225352113,False,124,65.01408450704226,92,False,False,355,Eaton Corp plc
2022-06-30,ETR,ETR,65984.0,4911.0,Utilities,22869035723.76175,2021-12-31,0.5088664052375608,4.5,8.0,61,83.09859154929578,8.87323943661972,True,89,53.40845070422535,152,False,False,355,ENTERGY CORP /DE/
2022-06-30,ETSY,ETSY,1370637.0,7389.0,Business services & software,9300081860.357864,2021-12-31,0.06759284589520924,3.0,9.0,293,17.74647887323944,1.1267605633802817,False,293,11.098591549295776,344,False,False,355,ETSY INC
2022-06-30,EVRG,EVRG,1711269.0,4911.0,Utilities,14962587707.25,2021-12-31,0.6178343065297924,6.75,8.0,33,90.98591549295774,48.30985915492958,True,49,73.91549295774648,50,False,False,355,"Evergy, Inc."
2022-06-30,EW,EW,1099800.0,3842.0,Instruments & medical devices,59260792902.0762,2021-12-31,0.09847826386061634,8.0,9.0,261,26.76056338028169,89.1549295774648,False,261,51.71830985915493,162,False,False,355,Edwards Lifesciences Corp
2022-06-30,EXC,EXC,1109357.0,4911.0,Utilities,62276569541.085594,2021-12-31,0.5522622754182048,5.625,8.0,46,87.32394366197182,25.915492957746476,True,76,62.76056338028169,107,False,False,355,EXELON CORP
2022-06-30,EXPE,EXPE,1324424.0,4700.0,Transportation,14236354024.887085,2021-12-31,0.14448924186656809,7.0,9.0,236,33.80281690140845,64.50704225352113,False,236,46.08450704225352,207,False,False,355,"Expedia Group, Inc."
2022-06-30,F,F,37996.0,3711.0,Transport equipment,44419830456.7337,2021-12-31,1.0922824220875633,6.75,8.0,6,98.59154929577466,48.30985915492958,True,46,78.47887323943662,36,False,False,355,FORD MOTOR CO
2022-06-30,FANG,FANG,1539838.0,1311.0,Oil & gas extraction,21493823765.06376,2021-12-31,0.5623941152643085,6.75,8.0,44,87.88732394366198,48.30985915492958,True,52,72.05633802816902,61,False,False,355,"Diamondback Energy, Inc."
2022-06-30,FAST,FAST,815556.0,5200.0,Retail,28731458540.376343,2021-12-31,0.10588393887921818,7.0,9.0,254,28.732394366197184,64.50704225352113,False,254,43.04225352112677,225,False,False,355,FASTENAL CO
2022-06-30,FBHS,FBIN,1519751.0,2430.0,Other manufacturing,8034357031.77442,2021-12-31,0.3814617632598693,7.0,9.0,104,70.98591549295776,64.50704225352113,False,104,68.3943661971831,72,False,False,355,"Fortune Brands Innovations, Inc."
2022-06-30,FCX,FCX,831259.0,1000.0,Mining (metals/coal),42566894002.27296,2021-12-31,0.32842424441993595,8.0,9.0,122,65.91549295774648,89.1549295774648,False,122,75.21126760563381,46,False,False,355,FREEPORT-MCMORAN INC
2022-06-30,FDS,FDS,1013237.0,7370.0,Business services & software,14475458123.928223,2021-08-31,0.07021214743593836,5.0,9.0,287,19.43661971830986,16.76056338028169,False,287,18.366197183098592,323,False,False,355,FACTSET RESEARCH SYSTEMS INC
2022-06-30,FDX,FDX,1048911.0,4513.0,Transportation,60610517407.47893,2021-05-31,0.39874267757063947,5.625,8.0,95,73.52112676056338,25.915492957746476,True,80,54.478873239436616,143,False,False,355,FEDEX CORP
2022-06-30,FE,FE,1031296.0,4911.0,Utilities,21895520745.59941,2021-12-31,0.39619975705503657,5.625,8.0,98,72.67605633802818,25.915492957746476,True,81,53.971830985915496,148,False,False,355,FIRSTENERGY CORP
2022-06-30,FFIV,FFIV,1048695.0,3576.0,Machinery & computers,9370545128.434021,2021-09-30,0.251875741234964,5.0,9.0,161,54.929577464788736,16.76056338028169,False,161,39.66197183098592,246,False,False,355,"F5, INC."
2022-06-30,FIS,FIS,1136893.0,7389.0,Business services & software,55881178994.49608,2021-12-31,0.8472799044677164,8.0,9.0,15,96.05633802816902,89.1549295774648,True,8,93.29577464788733,6,True,True,355,"Fidelity National Information Services, Inc."
2022-06-30,FISV,FISV,798354.0,7389.0,Business services & software,58025959433.9888,2021-12-31,0.5334164277836967,6.75,8.0,51,85.91549295774648,48.30985915492958,True,54,70.87323943661973,66,False,False,355,FISERV INC
2022-06-30,FMC,FMC,37785.0,2800.0,Chemicals & pharma,13451101516.313057,2021-12-31,0.22544622061786412,7.0,9.0,178,50.140845070422536,64.50704225352113,False,178,55.887323943661976,137,False,False,355,FMC CORP
2022-06-30,FTNT,FTNT,1262039.0,3577.0,Machinery & computers,45494691145.70938,2021-12-31,0.01718222456981604,7.0,9.0,323,9.295774647887324,64.50704225352113,False,323,31.380281690140848,288,False,False,355,"Fortinet, Inc."
2022-06-30,FTV,FTV,1659166.0,3823.0,Instruments & medical devices,19526030162.46923,2021-12-31,0.4871548348974333,6.0,9.0,70,80.56338028169014,36.33802816901409,True,69,62.87323943661973,106,False,False,355,Fortive Corp
2022-06-30,GD,GD,40533.0,3730.0,Transport equipment,61440675198.75,2021-12-31,0.2871224956909149,5.625,8.0,141,60.56338028169014,25.915492957746476,False,141,46.70422535211267,202,False,False,355,GENERAL DYNAMICS CORP
2022-06-30,GE,GE,40545.0,3600.0,Electronics & semis,69993825712.09221,2021-12-31,0.5759079403061691,3.375,8.0,41,88.73239436619718,2.2535211267605635,True,96,54.140845070422536,146,False,False,355,GENERAL ELECTRIC CO
2022-06-30,GILD,GILD,882095.0,2836.0,Chemicals & pharma,77502740132.39137,2021-12-31,0.2718484528935314,6.0,9.0,149,58.309859154929576,36.33802816901409,False,149,49.52112676056338,179,False,False,355,"GILEAD SCIENCES, INC."
2022-06-30,GIS,GIS,40704.0,2040.0,Food & beverage mfg,45814023430.54089,2021-05-30,0.20671399913954663,9.0,9.0,189,47.04225352112676,98.45070422535211,False,189,67.6056338028169,78,False,False,355,GENERAL MILLS INC
2022-06-30,GLW,GLW,24741.0,3357.0,Other manufacturing,26652717875.579586,2021-12-31,0.4627295444154327,7.0,9.0,78,78.30985915492957,64.50704225352113,True,40,72.78873239436619,55,False,False,355,CORNING INC /NY
2022-06-30,GM,GM,1467858.0,3711.0,Transport equipment,46147957995.69019,2021-12-31,1.2946184965666208,7.875,8.0,3,99.43661971830986,78.59154929577464,True,23,91.09859154929578,10,False,True,355,General Motors Co
2022-06-30,GNRC,GNRC,1474735.0,3621.0,Electronics & semis,13431561344.371353,2021-12-31,0.16481881318493974,5.0,9.0,219,38.59154929577465,16.76056338028169,False,219,29.859154929577464,294,False,False,355,GENERAC HOLDINGS INC.
2022-06-30,GOOG,GOOG,1652044.0,7370.0,Business services & software,1448356549119.873,2021-12-31,0.17373829679778213,8.0,9.0,211,40.845070422535215,89.1549295774648,False,211,60.16901408450705,121,False,False,355,Alphabet Inc.
2022-06-30,GPC,GPC,40987.0,5013.0,Wholesale,18881113181.0,2021-12-31,0.1848800950736698,8.0,9.0,206,42.25352112676056,89.1549295774648,False,206,61.014084507042256,116,False,False,355,GENUINE PARTS CO
2022-06-30,GPN,GPN,1123360.0,7389.0,Business services & software,31196940011.740387,2021-12-31,0.8214972683332181,8.0,9.0,16,95.77464788732394,89.1549295774648,True,9,93.12676056338029,7,True,True,355,GLOBAL PAYMENTS INC
2022-06-30,GRMN,GRMN,1121788.0,3812.0,Instruments & medical devices,18941330610.0,2021-12-25,0.3227945874495245,3.375,8.0,127,64.50704225352113,2.2535211267605635,False,127,39.605633802816904,248,False,False,355,GARMIN LTD
2022-06-30,GWW,GWW,277135.0,5000.0,Wholesale,23224961713.814575,2021-12-31,0.08068904582457569,7.0,9.0,279,21.69014084507042,64.50704225352113,False,279,38.816901408450704,251,False,False,355,"W.W. GRAINGER, INC."
2022-06-30,HAL,HAL,45012.0,1389.0,Oil & gas extraction,28179203321.56453,2021-12-31,0.2382253296303371,6.75,8.0,171,52.112676056338024,48.30985915492958,False,171,50.59154929577465,172,False,False,355,HALLIBURTON CO
2022-06-30,HAS,HAS,46080.0,3944.0,Other manufacturing,11378025422.175598,2021-12-26,0.2692119138730403,6.0,9.0,153,57.183098591549296,36.33802816901409,False,153,48.845070422535215,184,False,False,355,"HASBRO, INC."
2022-06-30,HCA,HCA,860730.0,8062.0,Health services,51023015258.78906,2021-12-31,-0.018285865609231795,6.75,8.0,336,5.633802816901409,48.30985915492958,False,336,22.70422535211268,313,False,False,355,"HCA Healthcare, Inc."
2022-06-30,HD,HD,354950.0,5211.0,Retail,283416874771.1886,2022-01-30,-0.005984117923003824,5.0,9.0,332,6.760563380281689,16.76056338028169,False,332,10.760563380281688,345,False,False,355,"HOME DEPOT, INC."
2022-06-30,HII,HII,1501585.0,3730.0,Transport equipment,8710409064.928345,2021-12-31,0.3223729194655337,5.625,8.0,128,64.22535211267606,25.915492957746476,False,128,48.90140845070423,183,False,False,355,"HUNTINGTON INGALLS INDUSTRIES, INC."
2022-06-30,HLT,HLT,1585689.0,7011.0,Services (hotels/personal),31107259979.5719,2021-12-31,-0.026392552752609832,5.625,8.0,339,4.788732394366197,25.915492957746476,False,339,13.23943661971831,339,False,False,355,Hilton Worldwide Holdings Inc.
2022-06-30,HON,HON,773840.0,3724.0,Transport equipment,119202159191.76688,2021-12-31,0.15577737958695076,6.0,9.0,228,36.056338028169016,36.33802816901409,False,228,36.16901408450704,263,False,False,355,HONEYWELL INTERNATIONAL INC
2022-06-30,HPE,HPE,1645590.0,3570.0,Machinery & computers,17151013462.8649,2021-10-31,1.1644209855727121,7.875,8.0,4,99.15492957746478,78.59154929577464,True,24,90.92957746478872,13,False,True,355,Hewlett Packard Enterprise Co
2022-06-30,HPQ,HPQ,47217.0,3570.0,Machinery & computers,35491644162.33719,2021-10-31,-0.04648981581278607,6.0,9.0,344,3.3802816901408446,36.33802816901409,False,344,16.563380281690144,330,False,False,355,HP INC
2022-06-30,HRL,HRL,48465.0,2011.0,Food & beverage mfg,25627159370.269775,2021-10-31,0.27208957884303336,3.0,9.0,148,58.59154929577465,1.1267605633802817,False,148,35.6056338028169,264,False,False,355,HORMEL FOODS CORP /DE/
2022-06-30,HSIC,HSIC,1000228.0,5047.0,Wholesale,10526640378.967285,2021-12-25,0.325376936676165,8.0,9.0,126,64.7887323943662,89.1549295774648,False,126,74.53521126760563,48,False,False,355,HENRY SCHEIN INC
2022-06-30,HSY,HSY,47111.0,2060.0,Food & beverage mfg,44346416207.03375,2021-12-31,0.062174787408473334,6.0,9.0,299,16.056338028169016,36.33802816901409,False,299,24.169014084507047,308,False,False,355,HERSHEY CO
2022-06-30,HWM,HWM,4281.0,3350.0,Other manufacturing,13174558669.799057,2021-12-31,0.26627077900086543,7.0,9.0,156,56.33802816901409,64.50704225352113,False,156,59.605633802816904,122,False,False,355,Howmet Aerospace Inc.
2022-06-30,IBM,IBM,51143.0,3570.0,Machinery & computers,126973579118.92102,2021-12-31,0.14885773978457112,7.0,9.0,233,34.647887323943664,64.50704225352113,False,233,46.591549295774655,203,False,False,355,INTERNATIONAL BUSINESS MACHINES CORP
2022-06-30,IDXX,IDXX,874716.0,2835.0,Chemicals & pharma,29548682507.638092,2021-12-31,0.023351024189374358,7.0,9.0,319,10.422535211267606,64.50704225352113,False,319,32.056338028169016,284,False,False,355,IDEXX LABORATORIES INC /DE
2022-06-30,IEX,IEX,832101.0,3561.0,Machinery & computers,13825630382.548462,2021-12-31,0.20274663233715842,6.0,9.0,195,45.352112676056336,36.33802816901409,False,195,41.74647887323944,236,False,False,355,IDEX CORP /DE/
2022-06-30,IFF,IFF,51253.0,2860.0,Chemicals (other),30338042044.392418,2021-12-31,0.6949031176485144,5.0,9.0,25,93.2394366197183,16.76056338028169,True,83,62.647887323943664,108,False,False,355,INTERNATIONAL FLAVORS & FRAGRANCES INC
2022-06-30,ILMN,ILMN,1110803.0,3826.0,Instruments & medical devices,28944519166.3208,2022-01-02,0.37105470428739495,5.625,8.0,105,70.70422535211267,25.915492957746476,False,105,52.78873239436619,156,False,False,355,"ILLUMINA, INC."
2022-06-30,INCY,INCY,879169.0,8731.0,Services (professional),16814074878.50235,2021-12-31,0.22421715302458547,4.5,8.0,179,49.859154929577464,8.87323943661972,False,179,33.46478873239437,277,False,False,355,INCYTE CORP
2022-06-30,INTC,INTC,50863.0,3674.0,Electronics & semis,152333519378.6621,2021-12-25,0.6261983599478353,5.0,9.0,32,91.26760563380282,16.76056338028169,True,85,61.46478873239437,115,False,False,355,INTEL CORP
2022-06-30,INTU,INTU,896878.0,7372.0,Business services & software,105260553780.48834,2021-07-31,0.09375781948269941,4.5,8.0,266,25.352112676056336,8.87323943661972,False,266,18.76056338028169,322,False,False,355,INTUIT INC.
2022-06-30,IP,IP,51434.0,2621.0,Other manufacturing,15743324963.363861,2021-12-31,0.5768794089644109,7.0,9.0,40,89.01408450704226,64.50704225352113,True,32,79.21126760563381,32,False,False,355,INTERNATIONAL PAPER CO /NEW/
2022-06-30,IQV,IQV,1478242.0,8731.0,Services (professional),41333398481.72681,2021-12-31,0.14617718895462042,7.0,9.0,235,34.08450704225352,64.50704225352113,False,235,46.25352112676057,205,False,False,355,IQVIA HOLDINGS INC.
2022-06-30,IR,IR,1699150.0,3560.0,Machinery & computers,17167290357.731552,2021-12-31,0.5243401732263494,8.0,9.0,55,84.78873239436619,89.1549295774648,True,15,86.53521126760563,17,True,True,355,Ingersoll Rand Inc.
2022-06-30,ISRG,ISRG,1035267.0,3842.0,Instruments & medical devices,71802806863.85591,2021-12-31,0.16574700237785236,6.75,8.0,217,39.154929577464785,48.30985915492958,False,217,42.816901408450704,227,False,False,355,INTUITIVE SURGICAL INC
2022-06-30,IT,IT,749251.0,8741.0,Services (professional),19899562576.332733,2021-12-31,0.01864654052452955,7.0,9.0,321,9.859154929577464,64.50704225352113,False,321,31.718309859154935,286,False,False,355,GARTNER INC
2022-06-30,ITW,ITW,49826.0,3560.0,Machinery & computers,57030934632.75,2021-12-31,0.06357952965964142,6.0,9.0,296,16.901408450704224,36.33802816901409,False,296,24.676056338028168,306,False,False,355,ILLINOIS TOOL WORKS INC
2022-06-30,J,J,52988.0,1600.0,Construction,16393245707.462944,2021-10-01,0.36234685345415313,5.0,9.0,109,69.57746478873239,16.76056338028169,False,109,48.45070422535211,188,False,False,355,JACOBS SOLUTIONS INC.
2022-06-30,JBHT,JBHT,728535.0,4213.0,Transportation,16510729942.930725,2021-12-31,0.18883574565005418,6.75,8.0,204,42.816901408450704,48.30985915492958,False,204,45.014084507042256,214,False,False,355,HUNT J B TRANSPORT SERVICES INC
2022-06-30,JCI,JCI,833444.0,3585.0,Machinery & computers,33723435824.90816,2021-09-30,0.5207654430936924,7.0,9.0,56,84.50704225352112,64.50704225352113,True,35,76.50704225352112,42,False,False,355,Johnson Controls International plc
2022-06-30,JKHY,JKHY,779152.0,7373.0,Business services & software,13324000416.20192,2021-06-30,0.09901620825497329,4.0,9.0,260,27.042253521126757,4.788732394366197,False,260,18.140845070422532,325,False,False,355,JACK HENRY & ASSOCIATES INC
2022-06-30,JNJ,JNJ,200406.0,2834.0,Chemicals & pharma,466721376283.5786,2022-01-02,0.15860212058301745,8.0,9.0,227,36.33802816901409,89.1549295774648,False,227,57.46478873239437,131,False,False,355,JOHNSON & JOHNSON
2022-06-30,KDP,KDP,1418135.0,2080.0,Food & beverage mfg,50188623600.99483,2021-12-31,0.4975629576640753,6.0,9.0,66,81.69014084507043,36.33802816901409,True,68,63.54929577464789,101,False,False,355,Keurig Dr Pepper Inc.
2022-06-30,KEYS,KEYS,1601046.0,3823.0,Instruments & medical devices,25232406709.502625,2021-10-31,0.14996587695992275,8.0,9.0,232,34.92957746478873,89.1549295774648,False,232,56.61971830985915,133,False,False,355,"Keysight Technologies, Inc."
2022-06-30,KHC,KHC,1637459.0,2030.0,Food & beverage mfg,46673450595.508255,2021-12-25,1.0562321699168375,6.0,9.0,8,98.02816901408451,36.33802816901409,True,61,73.35211267605634,52,False,False,355,Kraft Heinz Co
2022-06-30,KLAC,KLAC,319201.0,3827.0,Instruments & medical devices,48735373500.52212,2021-06-30,0.06930395229173354,8.0,9.0,292,18.028169014084508,89.1549295774648,False,292,46.47887323943662,204,False,False,355,KLA CORP
2022-06-30,KMB,KMB,55785.0,2670.0,Other manufacturing,45544642708.456116,2021-12-31,0.011285630305418279,6.0,9.0,325,8.732394366197182,36.33802816901409,False,325,19.774647887323944,318,False,False,355,KIMBERLY CLARK CORP
2022-06-30,KMI,KMI,1506307.0,4922.0,Utilities,38003041694.30603,2021-12-31,0.8110666574517426,7.0,9.0,17,95.49295774647887,64.50704225352113,True,29,83.09859154929578,23,False,False,355,"KINDER MORGAN, INC."
2022-06-30,KMX,KMX,1170010.0,5500.0,Retail,14525465930.754929,2022-02-28,0.3604317427721852,5.0,9.0,110,69.29577464788733,16.76056338028169,False,110,48.28169014084507,190,False,False,355,CARMAX INC
2022-06-30,KO,KO,21344.0,2080.0,Food & beverage mfg,272744625144.73926,2021-12-31,0.08432430148823268,7.0,9.0,275,22.816901408450704,64.50704225352113,False,275,39.49295774647888,249,False,False,355,COCA COLA CO
2022-06-30,KR,KR,56873.0,5411.0,Retail,34234179850.316925,2022-01-29,0.27609833334191874,5.0,9.0,146,59.154929577464785,16.76056338028169,False,146,42.19718309859155,232,False,False,355,KROGER CO
2022-06-30,LDOS,LDOS,1336920.0,7373.0,Business services & software,14150304143.703415,2021-12-31,0.30324436538061295,6.0,9.0,134,62.53521126760564,36.33802816901409,False,134,52.05633802816902,161,False,False,355,"Leidos Holdings, Inc."
2022-06-30,LH,LH,920148.0,8071.0,Health services,21889224410.44922,2021-12-31,0.4693359530407028,8.0,9.0,74,79.43661971830987,89.1549295774648,True,19,83.32394366197184,21,True,False,355,LABCORP HOLDINGS INC.
2022-06-30,LHX,LHX,202058.0,3812.0,Instruments & medical devices,46664027199.109634,2021-12-31,0.4117304303381383,7.0,9.0,90,74.92957746478874,64.50704225352113,True,44,70.7605633802817,67,False,False,355,"L3HARRIS TECHNOLOGIES, INC. /DE/"
2022-06-30,LIN,LIN,1707925.0,2810.0,Chemicals & pharma,145991797605.0046,2021-12-31,0.301626534657386,7.0,9.0,135,62.25352112676056,64.50704225352113,False,135,63.15492957746479,104,False,False,355,LINDE PLC
2022-06-30,LKQ,LKQ,1065696.0,5010.0,Wholesale,13991344028.819706,2021-12-31,0.4125224844812066,7.875,8.0,89,75.21126760563381,78.59154929577464,True,28,76.56338028169014,41,False,False,355,LKQ CORP
2022-06-30,LLY,LLY,59478.0,2834.0,Chemicals & pharma,308779519125.778,2021-12-31,0.029079648888054713,5.0,9.0,314,11.830985915492958,16.76056338028169,False,314,13.802816901408452,337,False,False,355,ELI LILLY & Co
2022-06-30,LMT,LMT,936468.0,3760.0,Transport equipment,117089682345.9877,2021-12-31,0.09359492468018922,7.0,9.0,267,25.070422535211268,64.50704225352113,False,267,40.845070422535215,241,False,False,355,LOCKHEED MARTIN CORP
2022-06-30,LNT,LNT,352541.0,4931.0,Utilities,14680555646.290054,2021-12-31,0.408022703249229,5.0,9.0,92,74.36619718309859,16.76056338028169,True,87,51.323943661971825,164,False,False,355,ALLIANT ENERGY CORP
2022-06-30,LOW,LOW,60667.0,5211.0,Retail,115554910535.63509,2022-01-28,-0.041677155714770174,6.0,9.0,343,3.6619718309859155,36.33802816901409,False,343,16.732394366197184,329,False,False,355,LOWES COMPANIES INC
2022-06-30,LRCX,LRCX,707549.0,3559.0,Machinery & computers,60493563540.7954,2021-06-27,0.0996335419376544,7.0,9.0,259,27.323943661971832,64.50704225352113,False,259,42.19718309859155,233,False,False,355,LAM RESEARCH CORP
2022-06-30,LUMN,LUMN,18926.0,4813.0,Communications,11164990807.685791,2021-12-31,1.0604576576856242,9.0,9.0,7,98.30985915492958,98.45070422535211,True,1,98.36619718309859,1,True,True,355,"Lumen Technologies, Inc."
2022-06-30,LUV,LUV,92380.0,4512.0,Transportation,21395388000.670616,2021-12-31,0.48674041338598695,6.75,8.0,71,80.28169014084507,48.30985915492958,True,57,67.49295774647888,79,False,False,355,SOUTHWEST AIRLINES CO
2022-06-30,LVS,LVS,1300514.0,7011.0,Services (hotels/personal),25662415886.255585,2021-12-31,0.0777791151404817,4.5,8.0,282,20.845070422535212,8.87323943661972,False,282,16.056338028169016,332,False,False,355,LAS VEGAS SANDS CORP
2022-06-30,LW,LW,1679273.0,2030.0,Food & beverage mfg,10447013387.59552,2021-05-30,0.04600357845531724,5.0,9.0,306,14.084507042253522,16.76056338028169,False,306,15.154929577464788,334,False,False,355,"Lamb Weston Holdings, Inc."
2022-06-30,LYB,LYB,1489393.0,2860.0,Chemicals (other),28687717828.878258,2021-12-31,0.41334762391113733,8.0,9.0,88,75.49295774647888,89.1549295774648,True,21,80.95774647887325,26,False,False,355,LyondellBasell Industries N.V.
2022-06-30,LYV,LYV,1335258.0,7900.0,Services (other),18549600709.482162,2021-12-31,-0.031410433524973996,6.75,8.0,340,4.507042253521127,48.30985915492958,False,340,22.02816901408451,314,False,False,355,"Live Nation Entertainment, Inc."
2022-06-30,MA,MA,1141391.0,7389.0,Business services & software,311694250854.4922,2021-12-31,0.02345888632836366,7.875,8.0,318,10.704225352112676,78.59154929577464,False,318,37.859154929577464,254,False,False,355,Mastercard Inc
2022-06-30,MAR,MAR,1048286.0,7011.0,Services (hotels/personal),44381572414.62953,2021-12-31,0.031860069913473864,6.75,8.0,313,12.112676056338028,48.30985915492958,False,313,26.59154929577465,304,False,False,355,MARRIOTT INTERNATIONAL INC /MD/
2022-06-30,MAS,MAS,62996.0,3430.0,Other manufacturing,12140268238.101585,2021-12-31,-0.014744320017429107,5.0,9.0,335,5.915492957746479,16.76056338028169,False,335,10.253521126760564,348,False,False,355,MASCO CORP /DE/
2022-06-30,MCD,MCD,63908.0,5812.0,Retail,183576198810.62476,2021-12-31,-0.025063161944791888,9.0,8.0,338,5.070422535211268,98.45070422535211,False,338,42.42253521126761,230,False,False,355,MCDONALDS CORP
2022-06-30,MCHP,MCHP,827054.0,3674.0,Electronics & semis,32205436519.322205,2022-03-31,0.18303741967488357,7.0,9.0,208,41.690140845070424,64.50704225352113,False,208,50.816901408450704,170,False,False,355,MICROCHIP TECHNOLOGY INC
2022-06-30,MCK,MCK,927653.0,5122.0,Wholesale,47419621099.90466,2022-03-31,-0.04791265613897045,7.0,9.0,345,3.0985915492957745,64.50704225352113,False,345,27.66197183098592,301,False,False,355,MCKESSON CORP
2022-06-30,MCO,MCO,1059556.0,7320.0,Business services & software,50368844226.07422,2021-12-31,0.05414061096498867,6.0,9.0,303,14.929577464788732,36.33802816901409,False,303,23.492957746478872,310,False,False,355,MOODYS CORP /DE/
2022-06-30,MDLZ,MDLZ,1103982.0,2000.0,Food & beverage mfg,86201288463.80205,2021-12-31,0.32794173386249115,7.0,9.0,123,65.63380281690141,64.50704225352113,False,123,65.1830985915493,90,False,False,355,"Mondelez International, Inc."
2022-06-30,MDT,MDT,1613103.0,3845.0,Instruments & medical devices,119251660572.5,2022-04-29,0.44067310884992833,8.0,9.0,82,77.1830985915493,89.1549295774648,True,20,81.97183098591549,25,True,False,355,Medtronic plc
2022-06-30,META,META,1326801.0,7370.0,Business services & software,453918750000.0,2021-12-31,0.2751131122034505,7.875,8.0,147,58.87323943661972,78.59154929577464,False,147,66.7605633802817,81,False,False,355,"Meta Platforms, Inc."
2022-06-30,MGM,MGM,789570.0,7011.0,Services (hotels/personal),12714037522.61185,2021-12-31,0.47747578133251445,7.875,8.0,73,79.71830985915493,78.59154929577464,True,26,79.26760563380282,31,False,False,355,MGM Resorts International
2022-06-30,MHK,MHK,851968.0,2273.0,Other manufacturing,8074664246.67276,2021-12-31,1.0429442937482045,8.0,9.0,9,97.74647887323944,89.1549295774648,True,7,94.30985915492958,5,True,True,355,MOHAWK INDUSTRIES INC
2022-06-30,MKC,MKC,63754.0,2090.0,Food & beverage mfg,22252725000.0,2021-11-30,0.198222914272297,5.0,9.0,197,44.7887323943662,16.76056338028169,False,197,33.5774647887324,275,False,False,355,MCCORMICK & CO INC
2022-06-30,MLM,MLM,916076.0,1400.0,Mining (other),18670957399.997803,2021-12-31,0.35002490016932764,4.0,9.0,112,68.73239436619718,4.788732394366197,False,112,43.15492957746479,223,False,False,355,MARTIN MARIETTA MATERIALS INC
2022-06-30,MMM,MMM,66740.0,3841.0,Instruments & medical devices,73906049657.99864,2021-12-31,0.20358279287860184,7.0,9.0,194,45.63380281690141,64.50704225352113,False,194,53.183098591549296,154,False,False,355,3M CO
2022-06-30,MNST,MNST,865752.0,2086.0,Food & beverage mfg,49071564706.52496,2021-12-31,0.13382395770899075,4.5,8.0,242,32.11267605633803,8.87323943661972,False,242,22.816901408450708,312,False,False,355,Monster Beverage Corp
2022-06-30,MO,MO,764180.0,2111.0,Other manufacturing,75906839171.81439,2021-12-31,-0.021157513835674737,6.0,9.0,337,5.352112676056338,36.33802816901409,False,337,17.74647887323944,327,False,False,355,"ALTRIA GROUP, INC."
2022-06-30,MOS,MOS,1285785.0,2870.0,Chemicals (other),17395246889.651394,2021-12-31,0.6095975565778537,8.0,9.0,35,90.4225352112676,89.1549295774648,True,14,89.91549295774648,15,True,True,355,MOSAIC CO
2022-06-30,MPC,MPC,1510295.0,2911.0,Petroleum refining,46466156759.71208,2021-12-31,0.5639803639349316,7.0,9.0,43,88.16901408450704,64.50704225352113,True,33,78.70422535211267,34,False,False,355,Marathon Petroleum Corp
2022-06-30,MPWR,MPWR,1280452.0,3674.0,Electronics & semis,17861316757.41577,2021-12-31,0.06964688084844106,6.75,8.0,289,18.87323943661972,48.30985915492958,False,289,30.647887323943667,289,False,False,355,"MONOLITHIC POWER SYSTEMS, INC."
2022-06-30,MRK,MRK,310158.0,2834.0,Chemicals & pharma,230453468230.60153,2021-12-31,0.16569071532389118,7.0,9.0,218,38.87323943661972,64.50704225352113,False,218,49.12676056338029,181,False,False,355,"Merck & Co., Inc."
2022-06-30,MRNA,MRNA,1682852.0,2836.0,Chemicals & pharma,57550408509.041565,2021-12-31,0.24578452814592486,6.75,8.0,167,53.239436619718305,48.30985915492958,False,167,51.267605633802816,165,False,False,355,"Moderna, Inc."
2022-06-30,MSCI,MSCI,1408198.0,7389.0,Business services & software,33494686073.228302,2021-12-31,-0.0048803860899790975,6.0,9.0,331,7.042253521126761,36.33802816901409,False,331,18.760563380281692,321,False,False,355,MSCI Inc.
2022-06-30,MSFT,MSFT,789019.0,7372.0,Business services & software,1930049418315.8765,2021-06-30,0.07356702820795955,8.0,9.0,285,20.0,89.1549295774648,False,285,47.66197183098592,194,False,False,355,MICROSOFT CORP
2022-06-30,MSI,MSI,68505.0,3663.0,Electronics & semis,35256626081.0668,2021-12-31,-0.0011345385093861956,8.0,9.0,329,7.605633802816901,89.1549295774648,False,329,40.22535211267606,243,False,False,355,"Motorola Solutions, Inc."
2022-06-30,MTCH,MTCH,891103.0,7370.0,Business services & software,19871984886.882812,2021-12-31,-0.010254083885425293,5.0,9.0,334,6.197183098591549,16.76056338028169,False,334,10.422535211267604,347,False,False,355,"Match Group, Inc."
2022-06-30,MTD,MTD,1037646.0,3826.0,Instruments & medical devices,26198406788.972168,2021-12-31,0.006543184147829827,7.0,9.0,328,7.887323943661972,64.50704225352113,False,328,30.53521126760564,291,False,False,355,METTLER TOLEDO INTERNATIONAL INC/
2022-06-30,MU,MU,723125.0,3674.0,Electronics & semis,61837518871.13251,2021-09-02,0.7104586471451907,8.0,9.0,24,93.52112676056338,89.1549295774648,True,11,91.77464788732394,9,True,True,355,MICRON TECHNOLOGY INC
2022-06-30,NCLH,NCLH,1513761.0,4400.0,Transportation,4637998763.14827,2021-12-31,0.5245042364670057,2.0,9.0,54,85.07042253521126,0.42253521126760557,True,100,51.2112676056338,166,False,False,355,Norwegian Cruise Line Holdings Ltd.
2022-06-30,NDSN,NDSN,72331.0,3569.0,Machinery & computers,11777272260.67273,2021-10-31,0.18333022725558257,7.0,9.0,207,41.971830985915496,64.50704225352113,False,207,50.98591549295775,169,False,False,355,NORDSON CORP
2022-06-30,NEE,NEE,753308.0,4911.0,Utilities,152034225748.1333,2021-12-31,0.24469490219676257,6.75,8.0,168,52.95774647887323,48.30985915492958,False,168,51.098591549295776,167,False,False,355,NEXTERA ENERGY INC
2022-06-30,NEM,NEM,1164727.0,1040.0,Mining (metals/coal),47288612400.9749,2021-12-31,0.46569351228301203,6.0,9.0,75,79.15492957746478,36.33802816901409,True,70,62.02816901408451,114,False,False,355,NEWMONT Corp /DE/
2022-06-30,NFLX,NFLX,1065280.0,7841.0,Services (other),77635826353.30139,2021-12-31,0.20414863529466412,6.0,9.0,193,45.91549295774648,36.33802816901409,False,193,42.08450704225352,234,False,False,355,NETFLIX INC
2022-06-30,NI,NI,1111711.0,4931.0,Utilities,11954803852.114735,2021-12-31,0.5811304046424035,6.0,9.0,39,89.29577464788733,36.33802816901409,True,65,68.11267605633803,75,False,False,355,NISOURCE INC.
2022-06-30,NKE,NKE,320187.0,3021.0,Other manufacturing,160760595199.58496,2021-05-31,0.07941622749125626,7.0,9.0,280,21.408450704225352,64.50704225352113,False,280,38.647887323943664,252,False,False,355,"NIKE, Inc."
2022-06-30,NLOK,GEN,849399.0,7372.0,Business services & software,12738206402.215485,2022-04-01,-0.0073008708654481395,7.0,9.0,333,6.478873239436619,64.50704225352113,False,333,29.690140845070427,296,False,False,355,Gen Digital Inc.
2022-06-30,NOC,NOC,1133421.0,3812.0,Instruments & medical devices,74705703697.70471,2021-12-31,0.17302561063215235,5.625,8.0,212,40.563380281690144,25.915492957746476,False,212,34.70422535211267,270,False,False,355,NORTHROP GRUMMAN CORP /DE/
2022-06-30,NOW,NOW,1373715.0,7372.0,Business services & software,95103996276.85547,2021-12-31,0.038852205424087065,4.5,8.0,309,13.239436619718308,8.87323943661972,False,309,11.492957746478872,343,False,False,355,"ServiceNow, Inc."
2022-06-30,NRG,NRG,1013871.0,4911.0,Utilities,9242988689.234177,2021-12-31,0.38948441040430143,6.0,9.0,100,72.11267605633803,36.33802816901409,True,72,57.80281690140845,129,False,False,355,"NRG ENERGY, INC."
2022-06-30,NSC,NSC,702165.0,4011.0,Transportation,54499013636.92609,2021-12-31,0.2502981079781868,6.75,8.0,162,54.647887323943664,48.30985915492958,False,162,52.11267605633803,160,False,False,355,NORFOLK SOUTHERN CORP
2022-06-30,NTAP,NTAP,1002047.0,3572.0,Machinery & computers,14430462789.246277,2022-04-29,0.05807159564033427,7.0,9.0,300,15.774647887323944,64.50704225352113,False,300,35.26760563380282,265,False,False,355,"NetApp, Inc."
2022-06-30,NUE,NUE,73309.0,3312.0,Other manufacturing,28099327931.394684,2021-12-31,0.498815809197338,7.0,9.0,65,81.97183098591549,64.50704225352113,True,38,74.98591549295774,47,False,False,355,NUCOR CORP
2022-06-30,NVDA,NVDA,1045810.0,3674.0,Electronics & semis,380490909957.88574,2022-01-30,0.06994122409637991,5.0,9.0,288,19.154929577464788,16.76056338028169,False,288,18.197183098591548,324,False,False,355,NVIDIA CORP
2022-06-30,NWL,NWL,814453.0,3089.0,Other manufacturing,8101520389.556885,2021-12-31,0.5049669448803003,7.0,9.0,63,82.53521126760563,64.50704225352113,True,37,75.32394366197184,45,False,False,355,NEWELL BRANDS INC.
2022-06-30,NWS,NWSA,1564708.0,2711.0,Other manufacturing,9198431954.956055,2021-06-30,0.8926521433444933,6.75,8.0,13,96.61971830985917,48.30985915492958,True,48,77.29577464788733,40,False,False,355,NEWS CORP
2022-06-30,NXPI,NXPI,1413447.0,3674.0,Electronics & semis,38863522912.19885,2021-12-31,0.1679724201727201,7.0,9.0,215,39.718309859154935,64.50704225352113,False,215,49.633802816901415,178,False,False,355,NXP Semiconductors N.V.
2022-06-30,ODFL,ODFL,878927.0,4213.0,Transportation,29437295292.625397,2021-12-31,0.12500492872800925,7.875,8.0,245,31.26760563380282,78.59154929577464,False,245,50.19718309859155,176,False,False,355,"OLD DOMINION FREIGHT LINE, INC."
2022-06-30,OKE,OKE,1039684.0,4923.0,Utilities,24764837317.5,2021-12-31,0.24289127858511725,6.0,9.0,169,52.67605633802817,36.33802816901409,False,169,46.140845070422536,206,False,False,355,ONEOK INC /NEW/
2022-06-30,OMC,OMC,29989.0,7311.0,Business services & software,13294011462.308884,2021-12-31,0.24599046038674294,8.0,9.0,166,53.52112676056338,89.1549295774648,False,166,67.77464788732394,77,False,False,355,OMNICOM GROUP INC.
2022-06-30,ON,ON,1097864.0,3674.0,Electronics & semis,21758966018.765373,2021-12-31,0.21073611659880612,8.0,9.0,185,48.16901408450705,89.1549295774648,False,185,64.56338028169014,96,False,False,355,ON SEMICONDUCTOR CORP
2022-06-30,ORLY,ORLY,898173.0,5531.0,Retail,42075795081.70555,2021-12-31,-0.0015786510955055142,8.0,9.0,330,7.323943661971831,89.1549295774648,False,330,40.056338028169016,244,False,False,355,O REILLY AUTOMOTIVE INC
2022-06-30,OTIS,OTIS,1781335.0,3600.0,Electronics & semis,30032088920.390686,2021-12-31,-0.12070422439175578,7.875,8.0,350,1.6901408450704223,78.59154929577464,False,350,32.45070422535211,282,False,False,355,Otis Worldwide Corp
2022-06-30,OXY,OXY,797468.0,1311.0,Oil & gas extraction,54997688670.00798,2021-12-31,0.3695973502080092,7.0,9.0,106,70.4225352112676,64.50704225352113,False,106,68.05633802816902,76,False,False,355,OCCIDENTAL PETROLEUM CORP /DE/
2022-06-30,PARA,PARA,813828.0,4833.0,Communications,6307440000.0,2021-12-31,3.551678652511954,6.75,8.0,1,100.0,48.30985915492958,True,45,79.32394366197184,30,False,False,355,Paramount Global
2022-06-30,PAYC,PAYC,1590955.0,7372.0,Business services & software,16867010648.268677,2021-12-31,0.052985915443868874,7.0,9.0,304,14.647887323943662,64.50704225352113,False,304,34.591549295774655,273,False,False,355,"Paycom Software, Inc."
2022-06-30,PAYX,PAYX,723531.0,8700.0,Services (professional),40973864154.25312,2021-05-31,0.07194830316471372,8.0,9.0,286,19.718309859154928,89.1549295774648,False,286,47.49295774647888,195,False,False,355,PAYCHEX INC
2022-06-30,PEG,PEG,788784.0,4931.0,Utilities,31771491113.911896,2021-12-31,0.45443255868082255,4.0,9.0,80,77.74647887323944,4.788732394366197,True,94,48.563380281690144,186,False,False,355,PUBLIC SERVICE ENTERPRISE GROUP INC
2022-06-30,PENN,PENN,921738.0,7011.0,Services (hotels/personal),5120374021.981997,2021-12-31,0.8002931001540043,5.625,8.0,18,95.2112676056338,25.915492957746476,True,73,67.49295774647887,80,False,False,355,"PENN Entertainment, Inc."
2022-06-30,PEP,PEP,77476.0,2080.0,Food & beverage mfg,230566015390.35034,2021-12-25,0.0695809396403848,4.0,9.0,290,18.591549295774648,4.788732394366197,False,290,13.070422535211268,340,False,False,355,PEPSICO INC
2022-06-30,PFE,PFE,78003.0,2834.0,Chemicals & pharma,294832057190.63916,2021-12-31,0.26184737418184356,7.0,9.0,158,55.774647887323944,64.50704225352113,False,158,59.26760563380282,125,False,False,355,PFIZER INC
2022-06-30,PG,PG,80424.0,2840.0,Chemicals (other),349039406335.05176,2021-06-30,0.13366399080800534,8.0,9.0,243,31.83098591549296,89.1549295774648,False,243,54.760563380281695,142,False,False,355,PROCTER & GAMBLE Co
2022-06-30,PH,PH,76334.0,3490.0,Other manufacturing,31765408967.83632,2021-06-30,0.2643852943465518,7.0,9.0,157,56.056338028169016,64.50704225352113,False,157,59.43661971830986,124,False,False,355,Parker-Hannifin Corp
2022-06-30,PKG,PKG,75677.0,2650.0,Other manufacturing,12860898875.0,2021-12-31,0.28047806261908736,8.0,9.0,144,59.71830985915493,89.1549295774648,False,144,71.49295774647888,64,False,False,355,PACKAGING CORP OF AMERICA
2022-06-30,PKI,RVTY,31791.0,3826.0,Instruments & medical devices,17945816386.272583,2022-01-02,0.39793369364141057,6.75,8.0,96,73.23943661971832,48.30985915492958,True,60,63.26760563380283,103,False,False,355,"REVVITY, INC."
2022-06-30,PM,PM,1413329.0,2111.0,Other manufacturing,153029995339.7906,2021-12-31,-0.06603934070285014,8.0,9.0,347,2.535211267605634,89.1549295774648,False,347,37.1830985915493,256,False,False,355,Philip Morris International Inc.
2022-06-30,PNR,PNR,77360.0,3550.0,Machinery & computers,7556574302.766254,2021-12-31,0.3205023735574742,7.0,9.0,129,63.94366197183099,64.50704225352113,False,129,64.16901408450704,99,False,False,355,PENTAIR plc
2022-06-30,PNW,PNW,764622.0,4931.0,Utilities,8257582958.656807,2021-12-31,0.7152456147967919,5.0,9.0,23,93.80281690140845,16.76056338028169,True,82,62.985915492957744,105,False,False,355,PINNACLE WEST CAPITAL CORP
2022-06-30,POOL,POOL,945841.0,5090.0,Wholesale,14108243257.98996,2021-12-31,0.07594092194244206,7.0,9.0,284,20.281690140845072,64.50704225352113,False,284,37.971830985915496,253,False,False,355,POOL CORP
2022-06-30,PPG,PPG,79879.0,2851.0,Chemicals (other),26984119307.426025,2021-12-31,0.2329518309782337,7.0,9.0,173,51.54929577464789,64.50704225352113,False,173,56.732394366197184,132,False,False,355,PPG INDUSTRIES INC
2022-06-30,PPL,PPL,922224.0,4911.0,Utilities,19950367322.909744,2021-12-31,0.6878570092411969,5.625,8.0,26,92.95774647887323,25.915492957746476,True,74,66.14084507042253,85,False,False,355,PPL Corp
2022-06-30,PSX,PSX,1534701.0,2911.0,Petroleum refining,35949464335.505005,2021-12-31,0.53313729020076,6.0,9.0,52,85.63380281690141,36.33802816901409,True,66,65.91549295774648,86,False,False,355,Phillips 66
2022-06-30,PTC,PTC,857005.0,7372.0,Business services & software,12534494436.820312,2021-09-30,0.16262865728449022,5.0,9.0,224,37.183098591549296,16.76056338028169,False,224,29.014084507042252,298,False,False,355,PTC INC.
2022-06-30,PVH,PVH,78239.0,2320.0,Other manufacturing,3869595957.070381,2022-01-30,1.3667576818547431,8.0,9.0,2,99.71830985915493,89.1549295774648,True,5,95.49295774647888,2,True,True,355,PVH CORP. /DE/
2022-06-30,PWR,PWR,1050915.0,1731.0,Construction,17884803434.212463,2021-12-31,0.2858460826145006,6.0,9.0,142,60.281690140845065,36.33802816901409,False,142,50.70422535211267,171,False,False,355,"QUANTA SERVICES, INC."
2022-06-30,PYPL,PYPL,1633917.0,7389.0,Business services & software,81363938857.54459,2021-12-31,0.2670347614075143,5.625,8.0,155,56.61971830985916,25.915492957746476,False,155,44.33802816901409,218,False,False,355,"PayPal Holdings, Inc."
2022-06-30,QCOM,QCOM,804328.0,3663.0,Electronics & semis,143068797607.42188,2021-09-26,0.0695469603882645,7.0,9.0,291,18.30985915492958,64.50704225352113,False,291,36.78873239436621,257,False,False,355,QUALCOMM INC/DE
2022-06-30,QRVO,QRVO,1604778.0,3674.0,Electronics & semis,10000502826.52301,2022-04-02,0.4552989063633983,7.0,9.0,79,78.0281690140845,64.50704225352113,True,41,72.61971830985915,56,False,False,355,"Qorvo, Inc."
2022-06-30,RCL,RCL,884887.0,4400.0,Transportation,8902146696.699665,2021-12-31,0.5712729943986873,2.0,9.0,42,88.45070422535211,0.42253521126760557,True,99,53.239436619718305,153,False,False,355,ROYAL CARIBBEAN CRUISES LTD
2022-06-30,REGN,REGN,872589.0,2834.0,Chemicals & pharma,62482441516.11328,2021-12-31,0.30038518893599586,6.75,8.0,137,61.69014084507042,48.30985915492958,False,137,56.33802816901408,135,False,False,355,"REGENERON PHARMACEUTICALS, INC."
2022-06-30,RHI,RHI,315213.0,7363.0,Business services & software,8289273573.762634,2021-12-31,0.16660699972206597,7.875,8.0,216,39.436619718309856,78.59154929577464,False,216,55.09859154929577,141,False,False,355,ROBERT HALF INC.
2022-06-30,RL,RL,1037038.0,2320.0,Other manufacturing,6544450111.38916,2022-04-02,0.38750390893600917,8.0,9.0,102,71.54929577464789,89.1549295774648,False,102,78.59154929577466,35,False,False,355,RALPH LAUREN CORP
2022-06-30,RMD,RMD,943819.0,3841.0,Instruments & medical devices,30532265998.713623,2021-06-30,0.09451244136683398,4.0,9.0,264,25.915492957746476,4.788732394366197,False,264,17.464788732394364,328,False,False,355,RESMED INC
2022-06-30,ROK,ROK,1024478.0,3829.0,Instruments & medical devices,23116349216.1911,2021-09-30,0.10337272454450903,5.0,9.0,257,27.887323943661972,16.76056338028169,False,257,23.43661971830986,311,False,False,355,"ROCKWELL AUTOMATION, INC"
2022-06-30,ROL,ROL,84839.0,7340.0,Business services & software,17183631987.40416,2021-12-31,0.06296969120341708,9.0,8.0,297,16.619718309859156,98.45070422535211,False,297,49.35211267605634,180,False,False,355,ROLLINS INC
2022-06-30,ROP,ROP,882835.0,3823.0,Instruments & medical devices,41676158188.20145,2021-12-31,0.27746799375748893,6.0,9.0,145,59.436619718309856,36.33802816901409,False,145,50.19718309859155,175,False,False,355,ROPER TECHNOLOGIES INC
2022-06-30,ROST,ROST,745732.0,5651.0,Retail,24643179626.942734,2022-01-29,0.16475349615847018,9.0,9.0,220,38.309859154929576,98.45070422535211,False,220,62.36619718309859,111,False,False,355,"ROSS STORES, INC."
2022-06-30,RSG,RSG,1060391.0,4953.0,Utilities,41411369098.55505,2021-12-31,0.21682209971447905,8.0,9.0,182,49.014084507042256,89.1549295774648,False,182,65.07042253521126,91,False,False,355,"REPUBLIC SERVICES, INC."
2022-06-30,RTX,RTX,101829.0,3724.0,Transport equipment,143427932071.41656,2021-12-31,0.5094405179293634,6.75,8.0,60,83.38028169014085,48.30985915492958,True,55,69.35211267605634,68,False,False,355,RTX Corp
2022-06-30,SBUX,SBUX,829224.0,5810.0,Retail,89620747283.93555,2021-10-03,-0.0593746443905609,7.875,8.0,346,2.8169014084507045,78.59154929577464,False,346,33.12676056338028,279,False,False,355,STARBUCKS CORP
2022-06-30,SEDG,SEDG,1419612.0,3674.0,Electronics & semis,14455409113.544617,2021-12-31,0.09062621401510544,4.5,8.0,270,24.225352112676056,8.87323943661972,False,270,18.08450704225352,326,False,False,355,"SOLAREDGE TECHNOLOGIES, INC."
2022-06-30,SHW,SHW,89800.0,5200.0,Retail,58300292689.85724,2021-12-31,0.041804249816811134,5.0,9.0,308,13.521126760563378,16.76056338028169,False,308,14.816901408450702,335,False,False,355,SHERWIN WILLIAMS CO
2022-06-30,SJM,SJM,91419.0,2033.0,Food & beverage mfg,13627681722.71901,2022-04-30,0.5973209651961169,6.0,9.0,37,89.85915492957747,36.33802816901409,True,64,68.45070422535211,71,False,False,355,J M SMUCKER Co
2022-06-30,SLB,SLB,87347.0,1389.0,Oil & gas extraction,50184926700.070435,2021-12-31,0.29897423363136927,6.75,8.0,138,61.408450704225345,48.30985915492958,False,138,56.16901408450704,136,False,False,355,SLB LIMITED/NV
2022-06-30,SNA,SNA,91440.0,3420.0,Other manufacturing,10529014976.937286,2022-01-01,0.39717865433376415,9.0,8.0,97,72.95774647887325,98.45070422535211,True,4,83.1549295774648,22,True,False,355,Snap-on Inc
2022-06-30,SNPS,SNPS,883241.0,7372.0,Business services & software,46599224516.22656,2021-10-31,0.11363144032914436,5.0,9.0,249,30.140845070422532,16.76056338028169,False,249,24.788732394366196,305,False,False,355,SYNOPSYS INC
2022-06-30,SO,SO,92122.0,4911.0,Utilities,75604755330.52618,2021-12-31,0.3686805132579484,5.625,8.0,107,70.14084507042253,25.915492957746476,False,107,52.450704225352105,159,False,False,355,SOUTHERN CO
2022-06-30,SPGI,SPGI,64040.0,7320.0,Business services & software,81265166905.00793,2021-12-31,0.025004563177421824,8.0,9.0,316,11.267605633802818,89.1549295774648,False,316,42.42253521126761,229,False,False,355,S&P Global Inc.
2022-06-30,SRE,SRE,1032208.0,4931.0,Utilities,47433311849.72893,2021-12-31,0.5477374230648092,5.625,8.0,47,87.04225352112675,25.915492957746476,True,77,62.59154929577464,109,False,False,355,SEMPRA
2022-06-30,STE,STE,1757898.0,3842.0,Instruments & medical devices,20631502108.95984,2022-03-31,0.3166204751113653,5.0,9.0,130,63.66197183098592,16.76056338028169,False,130,44.901408450704224,216,False,False,355,STERIS plc
2022-06-30,STX,STX,1137789.0,3572.0,Machinery & computers,16259963233.511536,2021-07-02,0.03880697581772624,7.0,9.0,310,12.957746478873238,64.50704225352113,False,310,33.5774647887324,276,False,False,355,Seagate Technology Holdings plc
2022-06-30,SWK,SWK,93556.0,3420.0,Other manufacturing,16871240497.641296,2022-01-01,0.6869974974051507,5.0,9.0,27,92.67605633802816,16.76056338028169,True,84,62.30985915492957,112,False,False,355,"STANLEY BLACK & DECKER, INC."
2022-06-30,SWKS,SWKS,4127.0,3674.0,Electronics & semis,15321475016.975632,2021-10-01,0.3457304204804699,7.0,9.0,115,67.88732394366197,64.50704225352113,False,115,66.53521126760563,82,False,False,355,"SKYWORKS SOLUTIONS, INC."
2022-06-30,SYK,SYK,310764.0,3841.0,Instruments & medical devices,75104961620.76013,2021-12-31,0.19808278546390704,8.0,9.0,198,44.50704225352113,89.1549295774648,False,198,62.36619718309859,110,False,False,355,STRYKER CORP
2022-06-30,SYY,SYY,96021.0,5140.0,Wholesale,43378448470.33511,2021-07-03,0.03579879075347674,5.0,9.0,311,12.676056338028168,16.76056338028169,False,311,14.309859154929576,336,False,False,355,SYSCO CORP
2022-06-30,T,T,732717.0,4813.0,Communications,198222693512.8846,2021-12-31,0.9275174135803441,6.75,8.0,10,97.46478873239437,48.30985915492958,True,47,77.80281690140845,39,False,False,355,AT&T INC.
2022-06-30,TAP,TAP,24545.0,2082.0,Food & beverage mfg,11834120635.604858,2021-12-31,1.1337640043682242,8.0,9.0,5,98.87323943661971,89.1549295774648,True,6,94.98591549295774,3,True,True,355,MOLSON COORS BEVERAGE CO
2022-06-30,TDG,TDG,1260221.0,3728.0,Transport equipment,29650426755.474915,2021-09-30,-0.09834597066841759,5.0,9.0,349,1.971830985915493,16.76056338028169,False,349,7.887323943661972,352,False,False,355,TransDigm Group INC
2022-06-30,TDY,TDY,1094285.0,3812.0,Instruments & medical devices,17703237360.680054,2022-01-02,0.4305427219164398,5.0,9.0,84,76.61971830985915,16.76056338028169,True,86,52.67605633802816,157,False,False,355,TELEDYNE TECHNOLOGIES INC
2022-06-30,TECH,TECH,842023.0,2836.0,Chemicals & pharma,13546531971.414185,2021-06-30,0.1153779434690866,6.0,9.0,248,30.422535211267604,36.33802816901409,False,248,32.78873239436619,280,False,False,355,BIO-TECHNE Corp
2022-06-30,TEL,TEL,1385157.0,5065.0,Wholesale,36922356616.164665,2021-09-24,0.288009785251476,8.0,9.0,140,60.84507042253521,89.1549295774648,False,140,72.16901408450704,60,False,False,355,TE Connectivity plc
2022-06-30,TER,TER,97210.0,3825.0,Instruments & medical devices,14544446964.957489,2021-12-31,0.17618022920870058,5.625,8.0,210,41.12676056338028,25.915492957746476,False,210,35.04225352112676,269,False,False,355,"TERADYNE, INC"
2022-06-30,TFX,TFX,96943.0,3841.0,Instruments & medical devices,11522993227.971863,2021-12-31,0.32584832132725855,6.0,9.0,125,65.07042253521126,36.33802816901409,False,125,53.5774647887324,150,False,False,355,TELEFLEX INC
2022-06-30,TGT,TGT,27419.0,5331.0,Retail,65307302756.58684,2022-01-29,0.19640988769370482,6.0,9.0,199,44.225352112676056,36.33802816901409,False,199,41.070422535211264,240,False,False,355,TARGET CORP
2022-06-30,TJX,TJX,109198.0,5651.0,Retail,65636488652.8942,2022-01-29,0.09145815267092752,7.0,9.0,269,24.507042253521128,64.50704225352113,False,269,40.507042253521135,242,False,False,355,TJX COMPANIES INC /DE/
2022-06-30,TMO,TMO,97745.0,3829.0,Instruments & medical devices,212526676266.2964,2021-12-31,0.19194296319247134,6.75,8.0,201,43.66197183098591,48.30985915492958,False,201,45.521126760563384,211,False,False,355,THERMO FISHER SCIENTIFIC INC.
2022-06-30,TMUS,TMUS,1283699.0,4812.0,Communications,168079462023.59317,2021-12-31,0.41112697035108436,4.5,8.0,91,74.64788732394366,8.87323943661972,True,91,48.33802816901409,189,False,False,355,"T-Mobile US, Inc."
2022-06-30,TPR,TPR,1116132.0,3100.0,Other manufacturing,8532634621.579361,2021-07-03,0.381980495421321,8.0,9.0,103,71.26760563380282,89.1549295774648,False,103,78.42253521126761,37,False,False,355,"TAPESTRY, INC."
2022-06-30,TRMB,TRMB,864749.0,3829.0,Instruments & medical devices,14628282118.492641,2021-12-31,0.26966255969408925,7.0,9.0,152,57.46478873239437,64.50704225352113,False,152,60.28169014084507,120,False,False,355,TRIMBLE INC.
2022-06-30,TSCO,TSCO,916365.0,5200.0,Retail,21860920111.765423,2021-12-25,0.09160936455379008,5.0,9.0,268,24.788732394366196,16.76056338028169,False,268,21.577464788732392,315,False,False,355,TRACTOR SUPPLY CO /DE/
2022-06-30,TSLA,TSLA,1318605.0,3711.0,Transport equipment,695984677737.1365,2021-12-31,0.043375954910607896,7.0,9.0,307,13.802816901408452,64.50704225352113,False,307,34.08450704225353,274,False,False,355,"Tesla, Inc."
2022-06-30,TT,TT,1466258.0,3822.0,Instruments & medical devices,30329590737.84729,2021-12-31,0.20626391084774745,6.75,8.0,190,46.76056338028169,48.30985915492958,False,190,47.38028169014085,196,False,False,355,Trane Technologies plc
2022-06-30,TTWO,TTWO,946581.0,7372.0,Business services & software,14190053838.051819,2022-03-31,0.2684738932972953,3.375,8.0,154,56.901408450704224,2.2535211267605635,False,154,35.04225352112676,268,False,False,355,TAKE TWO INTERACTIVE SOFTWARE INC
2022-06-30,TXN,TXN,97476.0,3674.0,Electronics & semis,141903000439.41608,2021-12-31,0.09395854885881978,8.0,9.0,265,25.633802816901408,89.1549295774648,False,265,51.04225352112677,168,False,False,355,TEXAS INSTRUMENTS INC
2022-06-30,TYL,TYL,860731.0,7372.0,Business services & software,13747688378.43277,2021-12-31,0.1690489292473284,4.5,8.0,214,40.0,8.87323943661972,False,214,27.549295774647888,302,False,False,355,TYLER TECHNOLOGIES INC
2022-06-30,UAL,UAL,100517.0,4512.0,Transportation,11498264085.031433,2021-12-31,0.43737036850169475,5.625,8.0,83,76.90140845070422,25.915492957746476,True,79,56.50704225352113,134,False,False,355,"United Airlines Holdings, Inc."
2022-06-30,UHS,UHS,352915.0,8062.0,Health services,8310488414.451599,2021-12-31,0.7327684843901983,3.375,8.0,21,94.36619718309859,2.2535211267605635,True,95,57.52112676056338,130,False,False,355,UNIVERSAL HEALTH SERVICES INC
2022-06-30,ULTA,ULTA,1403568.0,5990.0,Retail,20171113916.12448,2022-01-29,0.07611741257247306,7.875,8.0,283,20.56338028169014,78.59154929577464,False,283,43.77464788732394,220,False,False,355,"Ulta Beauty, Inc."
2022-06-30,UNP,UNP,100885.0,4011.0,Transportation,135837808771.49545,2021-12-31,0.1042493259282579,6.75,8.0,255,28.450704225352112,48.30985915492958,False,255,36.3943661971831,259,False,False,355,UNION PACIFIC CORP
2022-06-30,UPS,UPS,1090727.0,4210.0,Transportation,159539954132.08008,2021-12-31,0.08933812271376369,7.875,8.0,271,23.943661971830984,78.59154929577464,False,271,45.80281690140845,210,False,False,355,UNITED PARCEL SERVICE INC
2022-06-30,URI,URI,1067701.0,7359.0,Business services & software,17592004480.036926,2021-12-31,0.340552437148278,7.0,9.0,117,67.32394366197182,64.50704225352113,False,117,66.19718309859155,84,False,False,355,"UNITED RENTALS, INC."
2022-06-30,VFC,VFC,103379.0,2320.0,Other manufacturing,17152217409.129715,2022-04-02,0.20582499135772828,7.0,9.0,191,46.478873239436616,64.50704225352113,False,191,53.690140845070424,149,False,False,355,V F CORP
2022-06-30,VLO,VLO,1035002.0,2911.0,Petroleum refining,43500789296.76178,2021-12-31,0.4236704735233836,7.0,9.0,85,76.33802816901408,64.50704225352113,True,43,71.6056338028169,63,False,False,355,VALERO ENERGY CORP/TX
2022-06-30,VMC,VMC,1396009.0,1400.0,Mining (other),18869783087.999725,2021-12-31,0.3468508339220023,6.0,9.0,113,68.45070422535211,36.33802816901409,False,113,55.6056338028169,139,False,False,355,Vulcan Materials CO
2022-06-30,VRSK,VRSK,1442145.0,7374.0,Business services & software,27916463840.144226,2021-12-31,0.100890285249876,7.0,9.0,258,27.605633802816904,64.50704225352113,False,258,42.36619718309859,231,False,False,355,"Verisk Analytics, Inc."
2022-06-30,VRSN,VRSN,1014473.0,7371.0,Business services & software,18434317602.262604,2021-12-31,-0.06837893472364204,6.75,8.0,348,2.2535211267605635,48.30985915492958,False,348,20.676056338028175,316,False,False,355,VERISIGN INC/CA
2022-06-30,VRTX,VRTX,875320.0,2834.0,Chemicals & pharma,71737167932.22794,2021-12-31,0.1407917302999994,5.625,8.0,239,32.95774647887324,25.915492957746476,False,239,30.140845070422536,292,False,False,355,VERTEX PHARMACEUTICALS INC / MA
2022-06-30,VZ,VZ,732712.0,4813.0,Communications,213039550846.5,2021-12-31,0.39053781173218655,4.5,8.0,99,72.3943661971831,8.87323943661972,True,92,46.98591549295775,199,False,False,355,VERIZON COMMUNICATIONS INC
2022-06-30,WAB,WAB,943452.0,3743.0,Transport equipment,15208612896.396332,2021-12-31,0.6707383552655954,8.0,9.0,28,92.3943661971831,89.1549295774648,True,12,91.09859154929578,11,True,True,355,WESTINGHOUSE AIR BRAKE TECHNOLOGIES CORP
2022-06-30,WAT,WAT,1000697.0,3826.0,Instruments & medical devices,20029460572.444458,2021-12-31,0.018350668939415303,8.0,9.0,322,9.577464788732394,89.1549295774648,False,322,41.40845070422536,238,False,False,355,WATERS CORP /DE/
2022-06-30,WDC,WDC,106040.0,3572.0,Machinery & computers,13841174770.491644,2021-07-02,0.7745729808178115,7.0,9.0,19,94.92957746478872,64.50704225352113,True,30,82.7605633802817,24,False,False,355,WESTERN DIGITAL CORP
2022-06-30,WHR,WHR,106640.0,3630.0,Electronics & semis,9077118116.252441,2021-12-31,0.5338698844651267,9.0,9.0,50,86.19718309859155,98.45070422535211,True,3,91.09859154929578,12,True,True,355,WHIRLPOOL CORP /DE/
2022-06-30,WM,WM,823768.0,4953.0,Utilities,63423474348.33444,2021-12-31,0.11232434162899313,7.0,9.0,250,29.859154929577464,64.50704225352113,False,250,43.71830985915493,221,False,False,355,WASTE MANAGEMENT INC
2022-06-30,WMB,WMB,107263.0,4922.0,Utilities,37938649894.20156,2021-12-31,0.3010913680865027,7.875,8.0,136,61.97183098591549,78.59154929577464,False,136,68.61971830985914,70,False,False,355,"WILLIAMS COMPANIES, INC."
2022-06-30,WMT,WMT,104169.0,5331.0,Retail,334561382829.68524,2022-01-31,0.24884222828066652,6.0,9.0,165,53.80281690140845,36.33802816901409,False,165,46.816901408450704,201,False,False,355,Walmart Inc.
2022-06-30,WST,WST,105770.0,3841.0,Instruments & medical devices,22460523703.22693,2021-12-31,0.10397798514664511,7.0,9.0,256,28.169014084507044,64.50704225352113,False,256,42.70422535211268,228,False,False,355,WEST PHARMACEUTICAL SERVICES INC
2022-06-30,WYNN,WYNN,1174922.0,7011.0,Services (hotels/personal),6603908100.865784,2021-12-31,-0.032468350062577256,4.5,8.0,341,4.225352112676056,8.87323943661972,False,341,6.084507042253522,354,False,False,355,WYNN RESORTS LTD
2022-06-30,XOM,XOM,34088.0,2911.0,Petroleum refining,362564853035.58026,2021-12-31,0.46495681693519453,7.875,8.0,76,78.87323943661971,78.59154929577464,True,27,78.76056338028168,33,False,False,355,EXXON MOBIL CORP
2022-06-30,XRAY,XRAY,818479.0,3843.0,Instruments & medical devices,7773215146.601543,2021-12-31,0.6486376492749422,9.0,9.0,30,91.83098591549296,98.45070422535211,True,2,94.47887323943662,4,True,True,355,DENTSPLY SIRONA Inc.
2022-06-30,XYL,XYL,1524472.0,3561.0,Machinery & computers,14064671101.92147,2021-12-31,0.22880023120912987,8.0,9.0,177,50.42253521126761,89.1549295774648,False,177,65.91549295774648,87,False,False,355,Xylem Inc.
2022-06-30,YUM,YUM,1041061.0,5812.0,Retail,32802231884.14998,2021-12-31,-0.25525702121646876,8.0,9.0,353,0.8450704225352111,89.1549295774648,False,353,36.16901408450705,262,False,False,355,YUM BRANDS INC
2022-06-30,ZBH,ZBH,1136869.0,3842.0,Instruments & medical devices,22635467316.843266,2021-12-31,0.5593301796150263,7.0,9.0,45,87.60563380281691,64.50704225352113,True,34,78.36619718309859,38,False,False,355,"ZIMMER BIOMET HOLDINGS, INC."
2022-06-30,ZBRA,ZBRA,877212.0,3560.0,Machinery & computers,15602790220.946045,2021-12-31,0.19124784463192449,9.0,9.0,202,43.38028169014084,98.45070422535211,False,202,65.40845070422534,89,False,False,355,ZEBRA TECHNOLOGIES CORP
2022-06-30,ZTS,ZTS,1555280.0,2834.0,Chemicals & pharma,81127022708.13202,2021-12-31,0.05599860377403716,8.0,9.0,302,15.211267605633802,89.1549295774648,False,302,44.7887323943662,217,False,False,355,Zoetis Inc.
