date,source,url,sector,split,label_n21_quantile,car_n1,car_n3,car_n21
1999-03-17,Beige_Book,https://www.federalreserve.gov/fomc/beigebook/1999/19990317/default.htm,XLB,train,2,0.005311461140180551,0.024441596856616732,0.14772959265812458
1999-03-17,Beige_Book,https://www.federalreserve.gov/fomc/beigebook/1999/19990317/default.htm,XLE,train,2,-0.0034921974280812673,0.007747456721556523,0.08154966121840268
1999-03-17,Beige_Book,https://www.federalreserve.gov/fomc/beigebook/1999/19990317/default.htm,XLF,train,1,0.007227106002935413,0.005760943068005453,0.015970266535471067
1999-03-17,Beige_Book,https://www.federalreserve.gov/fomc/beigebook/1999/19990317/default.htm,XLI,train,2,-0.013607570714572637,0.0002767031833240674,0.0980262699640817
1999-03-17,Beige_Book,https://www.federalreserve.gov/fomc/beigebook/1999/19990317/default.htm,XLK,train,0,-0.0021493255500697472,-0.011134827881863263,-0.002424864704775098
1999-03-17,Beige_Book,https://www.federalreserve.gov/fomc/beigebook/1999/19990317/default.htm,XLP,train,-2,0.0010657426751177201,0.011141893161146221,-0.055339081662686196
1999-03-17,Beige_Book,https://www.federalreserve.gov/fomc/beigebook/1999/19990317/default.htm,XLU,train,-1,-0.0012836526896586875,-0.0013267475815799123,-0.011549922325449491
1999-03-17,Beige_Book,https://www.federalreserve.gov/fomc/beigebook/1999/19990317/default.htm,XLV,train,1,-0.0021977491628004664,0.005736672464645709,0.00802459375756892
1999-03-17,Beige_Book,https://www.federalreserve.gov/fomc/beigebook/1999/19990317/default.htm,XLY,train,1,0.0011544917890669026,-0.008289163960835122,0.013088523505112692
1999-05-05,Beige_Book,https://www.federalreserve.gov/fomc/beigebook/1999/19990505/default.htm,XLB,train,-2,0.014540620441794383,0.008618460876783418,-0.04813414364526569
1999-05-05,Beige_Book,https://www.federalreserve.gov/fomc/beigebook/1999/19990505/default.htm,XLE,train,0,0.0034054697555326863,-0.004616773530327856,0.004632139760621157
1999-05-05,Beige_Book,https://www.federalreserve.gov/fomc/beigebook/1999/19990505/default.htm,XLF,train,-2,-0.010484844273689453,0.002681384948442167,-0.03742478921384518
1999-05-05,Beige_Book,https://www.federalreserve.gov/fomc/beigebook/1999/19990505/default.htm,XLI,train,0,0.008269698351395682,0.01123334750838334,0.0028318745578371773
1999-05-05,Beige_Book,https://www.federalreserve.gov/fomc/beigebook/1999/19990505/default.htm,XLK,train,1,-0.01898380193542515,0.004041902270618181,0.014024331778303867
1999-05-05,Beige_Book,https://www.federalreserve.gov/fomc/beigebook/1999/19990505/default.htm,XLP,train,1,-0.007007769655798968,-0.016746516439939407,0.0096254333748661
1999-05-05,Beige_Book,https://www.federalreserve.gov/fomc/beigebook/1999/19990505/default.htm,XLU,train,1,-0.014910673373173311,-0.007802593526028967,0.014362244130343815
1999-05-05,Beige_Book,https://www.federalreserve.gov/fomc/beigebook/1999/19990505/default.htm,XLV,train,0,0.010415960034449778,0.0024875113343714172,0.003429182064440206
1999-05-05,Beige_Book,https://www.federalreserve.gov/fomc/beigebook/1999/19990505/default.htm,XLY,train,0,-0.016126833265876828,0.00298590830694323,-0.003176905467577096
1999-05-18,FOMC_statement,https://www.federalreserve.gov/boarddocs/press/general/1999/19990518/,XLB,train,1,0.002819581466722898,0.002133685895012838,0.018813552455427818
1999-05-18,FOMC_statement,https://www.federalreserve.gov/boarddocs/press/general/1999/19990518/,XLE,train,2,0.00662377226969979,0.045395168954754817,0.06433825366468082
1999-05-18,FOMC_statement,https://www.federalreserve.gov/boarddocs/press/general/1999/19990518/,XLF,train,-1,-4.440859021404009e-06,-0.003970463262560453,-0.013740219789103114
1999-05-18,FOMC_statement,https://www.federalreserve.gov/boarddocs/press/general/1999/19990518/,XLI,train,2,0.008017396937531673,0.010545157842639985,0.03468425375979545
1999-05-18,FOMC_statement,https://www.federalreserve.gov/boarddocs/press/general/1999/19990518/,XLK,train,0,-0.003976012316504907,-0.016860095969130073,0.006476723568435538
1999-05-18,FOMC_statement,https://www.federalreserve.gov/boarddocs/press/general/1999/19990518/,XLP,train,-1,0.006816215773744583,0.017837141743518248,-0.020641179546871058
1999-05-18,FOMC_statement,https://www.federalreserve.gov/boarddocs/press/general/1999/19990518/,XLU,train,2,0.01355539342915102,0.013663452318603553,0.04071658384516108
1999-05-18,FOMC_statement,https://www.federalreserve.gov/boarddocs/press/general/1999/19990518/,XLV,train,1,0.004722714938008243,0.018636863345973698,0.009088851747031224
1999-05-18,FOMC_statement,https://www.federalreserve.gov/boarddocs/press/general/1999/19990518/,XLY,train,-2,-0.019061125284335123,-0.005212727462688527,-0.031855973326616494
1999-06-16,Beige_Book,https://www.federalreserve.gov/fomc/beigebook/1999/19990616/default.htm,XLB,train,-2,-0.00589392242679776,-0.031142848846303584,-0.08663103249653537
1999-06-16,Beige_Book,https://www.federalreserve.gov/fomc/beigebook/1999/19990616/default.htm,XLE,train,-2,-0.008295816173881532,-0.033233401441425614,-0.052718266037347083
1999-06-16,Beige_Book,https://www.federalreserve.gov/fomc/beigebook/1999/19990616/default.htm,XLF,train,-1,0.009866792988929785,0.014036468413877845,-0.014738509964740243
1999-06-16,Beige_Book,https://www.federalreserve.gov/fomc/beigebook/1999/19990616/default.htm,XLI,train,-2,-0.0014610845154294783,-0.010904921162572134,-0.05202370185229477
1999-06-16,Beige_Book,https://www.federalreserve.gov/fomc/beigebook/1999/19990616/default.htm,XLK,train,2,0.0016394151038126026,0.032236018841009795,0.07162476536597695
1999-06-16,Beige_Book,https://www.federalreserve.gov/fomc/beigebook/1999/19990616/default.htm,XLP,train,-2,-0.0012359286104504097,-0.01632061134395635,-0.024350569178602455
1999-06-16,Beige_Book,https://www.federalreserve.gov/fomc/beigebook/1999/19990616/default.htm,XLU,train,-2,-0.0179618465870367,-0.025533477273984917,-0.04896821181261146
1999-06-16,Beige_Book,https://www.federalreserve.gov/fomc/beigebook/1999/19990616/default.htm,XLV,train,-2,-0.004527215581611843,-0.017683691629674647,-0.036243385744365475
1999-06-16,Beige_Book,https://www.federalreserve.gov/fomc/beigebook/1999/19990616/default.htm,XLY,train,-1,-0.014326463228456321,0.007209265678274068,-0.007282775896226834
1999-06-30,FOMC_statement,https://www.federalreserve.gov/boarddocs/press/general/1999/19990630/default.htm,XLB,train,1,0.0020880386901060977,0.007921524648452749,0.020349187876923414
1999-06-30,FOMC_statement,https://www.federalreserve.gov/boarddocs/press/general/1999/19990630/default.htm,XLE,train,2,0.0002731477010613492,0.012584779122103096,0.051012886565432236
1999-06-30,FOMC_statement,https://www.federalreserve.gov/boarddocs/press/general/1999/19990630/default.htm,XLF,train,-2,0.00325127768673128,0.001807446220960851,-0.03121505714016537
1999-06-30,FOMC_statement,https://www.federalreserve.gov/boarddocs/press/general/1999/19990630/default.htm,XLI,train,0,-0.007002914126664983,-0.01098309826869659,-0.006036620865789488
1999-06-30,FOMC_statement,https://www.federalreserve.gov/boarddocs/press/general/1999/19990630/default.htm,XLK,train,1,0.0036657232356132052,0.0012524003109116721,0.02195766209572836
1999-06-30,FOMC_statement,https://www.federalreserve.gov/boarddocs/press/general/1999/19990630/default.htm,XLP,train,0,-0.0002009051023270647,-0.006905792937266897,-0.006618855303609061
1999-06-30,FOMC_statement,https://www.federalreserve.gov/boarddocs/press/general/1999/19990630/default.htm,XLU,train,2,-0.01109647808433889,-0.02339212085819331,0.03440567168724906
1999-06-30,FOMC_statement,https://www.federalreserve.gov/boarddocs/press/general/1999/19990630/default.htm,XLV,train,0,-0.004331460226856487,-0.016192874948157354,0.0011178693379894078
1999-06-30,FOMC_statement,https://www.federalreserve.gov/boarddocs/press/general/1999/19990630/default.htm,XLY,train,-2,-0.0022801817626272314,0.0015082746249132084,-0.04550309327347202
1999-08-11,Beige_Book,https://www.federalreserve.gov/fomc/beigebook/1999/19990811/default.htm,XLB,train,-2,0.009444409382511787,-0.03339143959413582,-0.08669685703871233
1999-08-11,Beige_Book,https://www.federalreserve.gov/fomc/beigebook/1999/19990811/default.htm,XLE,train,-2,0.0026923680486031776,-0.038017945525894214,-0.0376278252449862
1999-08-11,Beige_Book,https://www.federalreserve.gov/fomc/beigebook/1999/19990811/default.htm,XLF,train,-2,0.005291872985015655,0.0064728145987082986,-0.038731156825861146
1999-08-11,Beige_Book,https://www.federalreserve.gov/fomc/beigebook/1999/19990811/default.htm,XLI,train,-1,-0.0032212967579381413,-0.009548572815604173,-0.008730173481151793
1999-08-11,Beige_Book,https://www.federalreserve.gov/fomc/beigebook/1999/19990811/default.htm,XLK,train,2,-0.011978687053726067,-0.004676340371892906,0.04984884026016334
1999-08-11,Beige_Book,https://www.federalreserve.gov/fomc/beigebook/1999/19990811/default.htm,XLP,train,1,0.01910654495247066,0.004412409082742319,0.008553801695975194
1999-08-11,Beige_Book,https://www.federalreserve.gov/fomc/beigebook/1999/19990811/default.htm,XLU,train,-2,-0.00459183822874365,-0.026903320848332912,-0.07634094821783888
1999-08-11,Beige_Book,https://www.federalreserve.gov/fomc/beigebook/1999/19990811/default.htm,XLV,train,-1,0.0005999699028101935,-0.009749953374739051,-0.011849112573909526
1999-08-11,Beige_Book,https://www.federalreserve.gov/fomc/beigebook/1999/19990811/default.htm,XLY,train,-1,0.012504770546284072,0.01871438406298498,-0.015184608212917228
1999-08-24,FOMC_statement,https://www.federalreserve.gov/boarddocs/press/general/1999/19990824/default.htm,XLB,train,-2,-0.03437126974012239,-0.02112337878292303,-0.05965951516671453
1999-08-24,FOMC_statement,https://www.federalreserve.gov/boarddocs/press/general/1999/19990824/default.htm,XLE,train,-1,-0.01498466270694676,-0.01724382052523843,-0.017859413343105257
1999-08-24,FOMC_statement,https://www.federalreserve.gov/boarddocs/press/general/1999/19990824/default.htm,XLF,train,-2,-0.018251943964225137,-0.0335547115377659,-0.06979454934738916
1999-08-24,FOMC_statement,https://www.federalreserve.gov/boarddocs/press/general/1999/19990824/default.htm,XLI,train,2,0.0007389725009974146,0.008174831818245631,0.02776259441073492
1999-08-24,FOMC_statement,https://www.federalreserve.gov/boarddocs/press/general/1999/19990824/default.htm,XLK,train,2,0.010752777185474738,0.017123168723429227,0.05182548507615725
1999-08-24,FOMC_statement,https://www.federalreserve.gov/boarddocs/press/general/1999/19990824/default.htm,XLP,train,-1,0.019434981839388854,0.014465137789472338,-0.008456095747036985
1999-08-24,FOMC_statement,https://www.federalreserve.gov/boarddocs/press/general/1999/19990824/default.htm,XLU,train,2,0.0038533711373685,0.01505146103492161,0.04867837722561885
1999-08-24,FOMC_statement,https://www.federalreserve.gov/boarddocs/press/general/1999/19990824/default.htm,XLV,train,2,0.009956352364687282,0.019116672599773454,0.03540162678865333
1999-08-24,FOMC_statement,https://www.federalreserve.gov/boarddocs/press/general/1999/19990824/default.htm,XLY,train,0,-0.000144214314641955,0.00047756189549730266,0.0037783868266915155
1999-09-22,Beige_Book,https://www.federalreserve.gov/fomc/beigebook/1999/19990922/default.htm,XLB,train,1,0.004476955201720756,0.0033911267195069206,0.013168280759803475
1999-09-22,Beige_Book,https://www.federalreserve.gov/fomc/beigebook/1999/19990922/default.htm,XLE,train,0,0.009610561859295763,0.002933528645224781,-0.004882392842762706
1999-09-22,Beige_Book,https://www.federalreserve.gov/fomc/beigebook/1999/19990922/default.htm,XLF,train,2,0.013216783084769035,-0.002191869424317927,0.025366313910971217
1999-09-22,Beige_Book,https://www.federalreserve.gov/fomc/beigebook/1999/19990922/default.htm,XLI,train,-2,0.012822987691937127,-0.0012542264874496611,-0.06360879744415016
1999-09-22,Beige_Book,https://www.federalreserve.gov/fomc/beigebook/1999/19990922/default.htm,XLK,train,-2,-0.015775155043175837,-0.008849147072445995,-0.053627967839144586
1999-09-22,Beige_Book,https://www.federalreserve.gov/fomc/beigebook/1999/19990922/default.htm,XLP,train,2,-0.0025471191362798073,-0.016875991846359018,0.03519786275880821
1999-09-22,Beige_Book,https://www.federalreserve.gov/fomc/beigebook/1999/19990922/default.htm,XLU,train,-2,0.011907838587984498,0.006493602607703042,-0.03733202980156092
1999-09-22,Beige_Book,https://www.federalreserve.gov/fomc/beigebook/1999/19990922/default.htm,XLV,train,-1,0.01004703422910902,-0.003571086182390104,-0.0213967334477001
1999-09-22,Beige_Book,https://www.federalreserve.gov/fomc/beigebook/1999/19990922/default.htm,XLY,train,2,0.025754993301146167,0.016880918326759975,0.05326560895628307
1999-10-05,FOMC_statement,https://www.federalreserve.gov/boarddocs/press/general/1999/19991005/DEFAULT.HTM,XLB,train,-1,-0.0027780075792149805,0.0006980394349351826,-0.015157937244536734
1999-10-05,FOMC_statement,https://www.federalreserve.gov/boarddocs/press/general/1999/19991005/DEFAULT.HTM,XLE,train,-2,0.002420497469655336,-0.03691679563313921,-0.03032631436219546
1999-10-05,FOMC_statement,https://www.federalreserve.gov/boarddocs/press/general/1999/19991005/DEFAULT.HTM,XLF,train,2,0.00191940731498641,0.0007065227902784965,0.07083287247441306
1999-10-05,FOMC_statement,https://www.federalreserve.gov/boarddocs/press/general/1999/19991005/DEFAULT.HTM,XLI,train,-2,-0.0010875085753827562,0.003949558217877458,-0.07224450820244199
1999-10-05,FOMC_statement,https://www.federalreserve.gov/boarddocs/press/general/1999/19991005/DEFAULT.HTM,XLK,train,-1,-0.0031072063511921044,-0.018467249488781978,-0.02110040310106498
1999-10-05,FOMC_statement,https://www.federalreserve.gov/boarddocs/press/general/1999/19991005/DEFAULT.HTM,XLP,train,2,0.023904858015368458,0.03347160244965541,0.044521364638873684
1999-10-05,FOMC_statement,https://www.federalreserve.gov/boarddocs/press/general/1999/19991005/DEFAULT.HTM,XLU,train,-2,-0.00036161779030630115,-0.016605469246580462,-0.02544767116072988
1999-10-05,FOMC_statement,https://www.federalreserve.gov/boarddocs/press/general/1999/19991005/DEFAULT.HTM,XLV,train,1,0.00979141729730193,0.0020883074532765944,0.007013449169937402
1999-10-05,FOMC_statement,https://www.federalreserve.gov/boarddocs/press/general/1999/19991005/DEFAULT.HTM,XLY,train,-1,-0.004359789489861932,0.011866106004792876,-0.012170215370327031
1999-11-03,Beige_Book,https://www.federalreserve.gov/fomc/beigebook/1999/19991103/default.htm,XLB,train,-2,0.005292304819804583,-0.016940674999623595,-0.04189515593369009
1999-11-03,Beige_Book,https://www.federalreserve.gov/fomc/beigebook/1999/19991103/default.htm,XLE,train,-2,-0.023456572549823473,-0.020756335868214904,-0.03878013849650608
1999-11-03,Beige_Book,https://www.federalreserve.gov/fomc/beigebook/1999/19991103/default.htm,XLF,train,-2,0.00421188371500536,0.012661233823326068,-0.06394003748161048
1999-11-03,Beige_Book,https://www.federalreserve.gov/fomc/beigebook/1999/19991103/default.htm,XLI,train,-2,-0.010445865920452158,-0.014381531541821313,-0.03990530801670367
1999-11-03,Beige_Book,https://www.federalreserve.gov/fomc/beigebook/1999/19991103/default.htm,XLK,train,2,4.180090083760746e-05,0.010160851662298631,0.0885942205554835
1999-11-03,Beige_Book,https://www.federalreserve.gov/fomc/beigebook/1999/19991103/default.htm,XLP,train,-2,-0.011983823755291056,-0.01644953544942751,-0.05588242614271011
1999-11-03,Beige_Book,https://www.federalreserve.gov/fomc/beigebook/1999/19991103/default.htm,XLU,train,-2,-0.012891288892150299,-0.008831311671157915,-0.06326254087454686
1999-11-03,Beige_Book,https://www.federalreserve.gov/fomc/beigebook/1999/19991103/default.htm,XLV,train,-1,0.0035686062910880167,-0.009936717060492706,-0.013902244540118791
1999-11-03,Beige_Book,https://www.federalreserve.gov/fomc/beigebook/1999/19991103/default.htm,XLY,train,-1,0.004776266903138371,-0.0026131914590227234,-0.0169498471014774
1999-11-16,FOMC_statement,https://www.federalreserve.gov/boarddocs/press/general/1999/19991116/DEFAULT.HTM,XLB,train,0,-0.006395942171748881,-0.023245967256294797,0.004694009253658926
1999-11-16,FOMC_statement,https://www.federalreserve.gov/boarddocs/press/general/1999/19991116/DEFAULT.HTM,XLE,train,-2,0.014889402347258107,-0.013924833666847491,-0.05110719832421817
1999-11-16,FOMC_statement,https://www.federalreserve.gov/boarddocs/press/general/1999/19991116/DEFAULT.HTM,XLF,train,-2,-0.023781577353854333,-0.0479965752839302,-0.1515902109876719
1999-11-16,FOMC_statement,https://www.federalreserve.gov/boarddocs/press/general/1999/19991116/DEFAULT.HTM,XLI,train,-2,0.003881201520338662,-0.010922679506758626,-0.03399962530675249
1999-11-16,FOMC_statement,https://www.federalreserve.gov/boarddocs/press/general/1999/19991116/DEFAULT.HTM,XLK,train,2,-0.012164851573110536,0.02488818227352063,0.09921868380855081
1999-11-16,FOMC_statement,https://www.federalreserve.gov/boarddocs/press/general/1999/19991116/DEFAULT.HTM,XLP,train,-2,-0.007620757052423932,-0.01564260740856227,-0.09522237153682911
1999-11-16,FOMC_statement,https://www.federalreserve.gov/boarddocs/press/general/1999/19991116/DEFAULT.HTM,XLU,train,-1,0.004796013308428826,-0.008251678093660342,-0.022580276187034287
1999-11-16,FOMC_statement,https://www.federalreserve.gov/boarddocs/press/general/1999/19991116/DEFAULT.HTM,XLV,train,0,-0.012696375529188564,-0.01724889669121399,2.5971924592638196e-05
1999-11-16,FOMC_statement,https://www.federalreserve.gov/boarddocs/press/general/1999/19991116/DEFAULT.HTM,XLY,train,2,-0.011308150241360893,-0.022361936035091512,0.04522664193685488
1999-12-08,Beige_Book,https://www.federalreserve.gov/fomc/beigebook/1999/19991208/default.htm,XLB,train,2,-0.008700351629343794,-0.00039214634507755974,0.0790554473265902
1999-12-08,Beige_Book,https://www.federalreserve.gov/fomc/beigebook/1999/19991208/default.htm,XLE,train,1,0.0032539051930549068,-0.024720811825450162,0.009187856555997853
1999-12-08,Beige_Book,https://www.federalreserve.gov/fomc/beigebook/1999/19991208/default.htm,XLF,train,-2,0.009654021469413854,0.010642496252720401,-0.05887050153517315
1999-12-08,Beige_Book,https://www.federalreserve.gov/fomc/beigebook/1999/19991208/default.htm,XLI,train,1,-0.03168677569162559,-0.0127723106658163,0.01533729900564862
1999-12-08,Beige_Book,https://www.federalreserve.gov/fomc/beigebook/1999/19991208/default.htm,XLK,train,-1,-0.0074075544246461344,-0.0008249096333996508,-0.008273832882071841
1999-12-08,Beige_Book,https://www.federalreserve.gov/fomc/beigebook/1999/19991208/default.htm,XLP,train,0,-0.006208862639037194,-0.027068816663313178,-0.002349359741893431
1999-12-08,Beige_Book,https://www.federalreserve.gov/fomc/beigebook/1999/19991208/default.htm,XLU,train,-2,-0.0038174635422734138,-0.016900099832381832,-0.09478611501759227
1999-12-08,Beige_Book,https://www.federalreserve.gov/fomc/beigebook/1999/19991208/default.htm,XLV,train,-2,0.010410073330444858,-0.007697696196710235,-0.02770047830483069
1999-12-08,Beige_Book,https://www.federalreserve.gov/fomc/beigebook/1999/19991208/default.htm,XLY,train,2,-0.0065390582281185106,0.046052427052889366,0.03962034335573461
1999-12-21,FOMC_statement,https://www.federalreserve.gov/boarddocs/press/general/1999/19991221/DEFAULT.HTM,XLB,train,-1,-0.0013566354268308434,0.002764890277376475,-0.009831224684584638
1999-12-21,FOMC_statement,https://www.federalreserve.gov/boarddocs/press/general/1999/19991221/DEFAULT.HTM,XLE,train,2,-0.007916337102546911,-0.0009101863865457194,0.08910241958747966
1999-12-21,FOMC_statement,https://www.federalreserve.gov/boarddocs/press/general/1999/19991221/DEFAULT.HTM,XLF,train,-2,-0.0026068677346715585,-0.008979014029831922,-0.04494075046283241
1999-12-21,FOMC_statement,https://www.federalreserve.gov/boarddocs/press/general/1999/19991221/DEFAULT.HTM,XLI,train,0,-0.007061838637589024,0.0017514758522417795,0.004202495040140031
1999-12-21,FOMC_statement,https://www.federalreserve.gov/boarddocs/press/general/1999/19991221/DEFAULT.HTM,XLK,train,1,-0.0026068677346715585,-0.0042341614670085015,0.007230683677201588
1999-12-21,FOMC_statement,https://www.federalreserve.gov/boarddocs/press/general/1999/19991221/DEFAULT.HTM,XLP,train,2,0.01685079147742008,0.026051863734325442,0.033087815341310445
1999-12-21,FOMC_statement,https://www.federalreserve.gov/boarddocs/press/general/1999/19991221/DEFAULT.HTM,XLU,train,-2,-0.0053225253408388795,-0.041522442979355145,-0.03660002359645875
1999-12-21,FOMC_statement,https://www.federalreserve.gov/boarddocs/press/general/1999/19991221/DEFAULT.HTM,XLV,train,2,-0.0015568292485157453,0.004864335233816908,0.06953779811559702
1999-12-21,FOMC_statement,https://www.federalreserve.gov/boarddocs/press/general/1999/19991221/DEFAULT.HTM,XLY,train,-1,-0.0004840308346150124,0.014440395101084746,-0.02341256528957314
2000-01-19,Beige_Book,https://www.federalreserve.gov/fomc/beigebook/2000/20000119/default.htm,XLB,train,-2,-0.011123542408730591,-0.002600651469005344,-0.061988025885484244
2000-01-19,Beige_Book,https://www.federalreserve.gov/fomc/beigebook/2000/20000119/default.htm,XLE,train,2,0.015305538007618025,0.037955308102373686,0.026940040605480498
2000-01-19,Beige_Book,https://www.federalreserve.gov/fomc/beigebook/2000/20000119/default.htm,XLF,train,-2,-0.0029995696735163335,-0.0031109372126830737,-0.030777399745611778
2000-01-19,Beige_Book,https://www.federalreserve.gov/fomc/beigebook/2000/20000119/default.htm,XLI,train,-2,0.00881190457286618,-0.0018949839673056967,-0.029936269287766715
2000-01-19,Beige_Book,https://www.federalreserve.gov/fomc/beigebook/2000/20000119/default.htm,XLK,train,2,0.021173926492333295,0.02020912356621063,0.10451996205614644
2000-01-19,Beige_Book,https://www.federalreserve.gov/fomc/beigebook/2000/20000119/default.htm,XLP,train,-2,0.0015884003766389876,-0.007969075411232263,-0.04396361679654215
2000-01-19,Beige_Book,https://www.federalreserve.gov/fomc/beigebook/2000/20000119/default.htm,XLU,train,2,0.01995670534756544,0.06941345954641442,0.025565942275557973
2000-01-19,Beige_Book,https://www.federalreserve.gov/fomc/beigebook/2000/20000119/default.htm,XLV,train,-2,0.007553561801335373,0.006259170963698324,-0.045285264200302544
2000-01-19,Beige_Book,https://www.federalreserve.gov/fomc/beigebook/2000/20000119/default.htm,XLY,train,-2,0.0017213430430987886,-0.02575073761691693,-0.10099539507881006
2000-02-02,FOMC_statement,https://www.federalreserve.gov/boarddocs/press/general/2000/20000202/default.htm,XLB,train,-2,-0.032089950281095625,-0.04708886345243768,-0.1265714334804442
2000-02-02,FOMC_statement,https://www.federalreserve.gov/boarddocs/press/general/2000/20000202/default.htm,XLE,train,-1,-0.02702868846743811,-0.038900727516217204,-0.01758032960714606
2000-02-02,FOMC_statement,https://www.federalreserve.gov/boarddocs/press/general/2000/20000202/default.htm,XLF,train,-2,-0.021190167158623097,-0.03616469270950362,-0.09136289772405803
2000-02-02,FOMC_statement,https://www.federalreserve.gov/boarddocs/press/general/2000/20000202/default.htm,XLI,train,-2,-0.01564110088647408,-0.02320075983620995,-0.025514868933106283
2000-02-02,FOMC_statement,https://www.federalreserve.gov/boarddocs/press/general/2000/20000202/default.htm,XLK,train,2,0.013782971364595609,0.04269268669524018,0.12037304127836634
2000-02-02,FOMC_statement,https://www.federalreserve.gov/boarddocs/press/general/2000/20000202/default.htm,XLP,train,-2,-0.0286230320464389,-0.025005845997852605,-0.12821570969577545
2000-02-02,FOMC_statement,https://www.federalreserve.gov/boarddocs/press/general/2000/20000202/default.htm,XLU,train,-2,-0.0167811643864354,-0.019142966769717495,-0.03843671873107235
2000-02-02,FOMC_statement,https://www.federalreserve.gov/boarddocs/press/general/2000/20000202/default.htm,XLV,train,-2,-0.006062944868631126,-0.013210743104811629,-0.08701230188047882
2000-02-02,FOMC_statement,https://www.federalreserve.gov/boarddocs/press/general/2000/20000202/default.htm,XLY,train,-2,-0.011157087412532185,-0.028302591438064906,-0.07928414838551567
2000-03-08,Beige_Book,https://www.federalreserve.gov/fomc/beigebook/2000/20000308/default.htm,XLB,train,2,-0.030767615029561046,0.00932867276929883,0.047819249749305515
2000-03-08,Beige_Book,https://www.federalreserve.gov/fomc/beigebook/2000/20000308/default.htm,XLE,train,-2,-0.028111456176312943,-0.03983268048413213,-0.049547338654062356
2000-03-08,Beige_Book,https://www.federalreserve.gov/fomc/beigebook/2000/20000308/default.htm,XLF,train,2,-0.02372083249080159,0.0057908052652443365,0.12239516621117086
2000-03-08,Beige_Book,https://www.federalreserve.gov/fomc/beigebook/2000/20000308/default.htm,XLI,train,2,-0.018787450180452803,-0.015257629615428536,0.04052579471150297
2000-03-08,Beige_Book,https://www.federalreserve.gov/fomc/beigebook/2000/20000308/default.htm,XLK,train,-2,0.00101325909909189,0.004716885171798357,-0.0833002294346401
2000-03-08,Beige_Book,https://www.federalreserve.gov/fomc/beigebook/2000/20000308/default.htm,XLP,train,2,-0.002504063322022576,-0.014043541680773264,0.044559340149749715
2000-03-08,Beige_Book,https://www.federalreserve.gov/fomc/beigebook/2000/20000308/default.htm,XLU,train,0,-0.02121894031458993,-0.0019127628710254863,0.0009391328737009541
2000-03-08,Beige_Book,https://www.federalreserve.gov/fomc/beigebook/2000/20000308/default.htm,XLV,train,1,-0.0058618954658320455,-0.005261094691134227,0.015336663376731896
2000-03-08,Beige_Book,https://www.federalreserve.gov/fomc/beigebook/2000/20000308/default.htm,XLY,train,2,-0.009073030624235257,-0.014536740666404757,0.10177352259888028
2000-03-21,FOMC_statement,https://www.federalreserve.gov/boarddocs/press/general/2000/20000321/default.htm,XLB,train,1,-0.031732376272277873,-0.02897125119113586,0.017172419879537326
2000-03-21,FOMC_statement,https://www.federalreserve.gov/boarddocs/press/general/2000/20000321/default.htm,XLE,train,2,-0.013825700566432952,-0.03571669501515817,0.05344003105574113
2000-03-21,FOMC_statement,https://www.federalreserve.gov/boarddocs/press/general/2000/20000321/default.htm,XLF,train,2,0.0025470741036421884,0.0258189116347185,0.03317550142322434
2000-03-21,FOMC_statement,https://www.federalreserve.gov/boarddocs/press/general/2000/20000321/default.htm,XLI,train,2,-0.010483964046320349,-0.004284578539668127,0.046176763523129605
2000-03-21,FOMC_statement,https://www.federalreserve.gov/boarddocs/press/general/2000/20000321/default.htm,XLK,train,-2,0.01129039986000846,0.015978254591176855,-0.08782105625883474
2000-03-21,FOMC_statement,https://www.federalreserve.gov/boarddocs/press/general/2000/20000321/default.htm,XLP,train,2,-0.014144484316239825,-0.06318682475711623,0.1092322458395486
2000-03-21,FOMC_statement,https://www.federalreserve.gov/boarddocs/press/general/2000/20000321/default.htm,XLU,train,2,-0.029191474220845115,-0.04475710730849625,0.0834183911728531
2000-03-21,FOMC_statement,https://www.federalreserve.gov/boarddocs/press/general/2000/20000321/default.htm,XLV,train,1,0.019394223415280853,0.00902121930017441,0.022015972007909945
2000-03-21,FOMC_statement,https://www.federalreserve.gov/boarddocs/press/general/2000/20000321/default.htm,XLY,train,2,-0.01048840186616451,-0.02740889852026729,0.06144171239041307
2000-05-03,Beige_Book,https://www.federalreserve.gov/fomc/beigebook/2000/20000503/default.htm,XLB,train,-2,0.002838344977450724,-0.007942502325048006,-0.07503687266206183
2000-05-03,Beige_Book,https://www.federalreserve.gov/fomc/beigebook/2000/20000503/default.htm,XLE,train,1,0.018312766386068935,0.03668198917776333,0.013812407030445062
2000-05-03,Beige_Book,https://www.federalreserve.gov/fomc/beigebook/2000/20000503/default.htm,XLF,train,2,-0.02297527028365509,-0.001150501711281171,0.09832178032996286
2000-05-03,Beige_Book,https://www.federalreserve.gov/fomc/beigebook/2000/20000503/default.htm,XLI,train,-1,-0.005932822599091114,0.0066815515213577426,-0.01736083094547569
2000-05-03,Beige_Book,https://www.federalreserve.gov/fomc/beigebook/2000/20000503/default.htm,XLK,train,-1,-0.014708979491979579,-0.027364338793558374,-0.012904141931076696
2000-05-03,Beige_Book,https://www.federalreserve.gov/fomc/beigebook/2000/20000503/default.htm,XLP,train,-2,-0.007549265100514679,0.03211974694964914,-0.028585782763597245
2000-05-03,Beige_Book,https://www.federalreserve.gov/fomc/beigebook/2000/20000503/default.htm,XLU,train,-1,-0.00925107515512602,-0.004784221228080088,-0.014763319459767499
2000-05-03,Beige_Book,https://www.federalreserve.gov/fomc/beigebook/2000/20000503/default.htm,XLV,train,-1,-0.010785869191201947,-0.014309574768485489,-0.013366923618348237
2000-05-03,Beige_Book,https://www.federalreserve.gov/fomc/beigebook/2000/20000503/default.htm,XLY,train,-2,-0.023768282425386644,-0.01867734031820467,-0.04462689276377574
2000-05-16,FOMC_statement,https://www.federalreserve.gov/boarddocs/press/general/2000/20000516/default.htm,XLB,train,-2,0.013119364928619315,0.03575774204207205,-0.09628352875407109
2000-05-16,FOMC_statement,https://www.federalreserve.gov/boarddocs/press/general/2000/20000516/default.htm,XLE,train,-1,0.015376219028295668,0.04383539801978309,-0.017471427865962563
2000-05-16,FOMC_statement,https://www.federalreserve.gov/boarddocs/press/general/2000/20000516/default.htm,XLF,train,1,-0.006618187356956073,0.016434040559719088,0.013384513577165635
2000-05-16,FOMC_statement,https://www.federalreserve.gov/boarddocs/press/general/2000/20000516/default.htm,XLI,train,-2,0.0038600111436408735,-0.00039656596482307016,-0.05386564132661775
2000-05-16,FOMC_statement,https://www.federalreserve.gov/boarddocs/press/general/2000/20000516/default.htm,XLK,train,2,-0.0038218016015485468,-0.04013432404488748,0.02671576021328348
2000-05-16,FOMC_statement,https://www.federalreserve.gov/boarddocs/press/general/2000/20000516/default.htm,XLP,train,2,0.013724149120493467,0.04694149934945757,0.028948538318799066
2000-05-16,FOMC_statement,https://www.federalreserve.gov/boarddocs/press/general/2000/20000516/default.htm,XLU,train,1,-0.004869716820701919,0.012700480813759074,0.018251883993754325
2000-05-16,FOMC_statement,https://www.federalreserve.gov/boarddocs/press/general/2000/20000516/default.htm,XLV,train,0,-0.0010202612952389112,-0.0004803369929683443,0.006410967787847444
2000-05-16,FOMC_statement,https://www.federalreserve.gov/boarddocs/press/general/2000/20000516/default.htm,XLY,train,-2,-0.013269258015210728,0.00913092273750482,-0.11047826402853567
2000-06-14,Beige_Book,https://www.federalreserve.gov/fomc/beigebook/2000/20000614/default.htm,XLB,train,-2,-0.0021139462539803144,-0.034150485837120215,-0.048571653687291105
2000-06-14,Beige_Book,https://www.federalreserve.gov/fomc/beigebook/2000/20000614/default.htm,XLE,train,-2,-0.016350558189778264,-0.012444356827734593,-0.07754800883738
2000-06-14,Beige_Book,https://www.federalreserve.gov/fomc/beigebook/2000/20000614/default.htm,XLF,train,-1,-0.0256644722047058,-0.05100647179761142,-0.023188659795671862
2000-06-14,Beige_Book,https://www.federalreserve.gov/fomc/beigebook/2000/20000614/default.htm,XLI,train,-1,0.0074908254446011124,-0.024853929457073543,-0.008258290641967814
2000-06-14,Beige_Book,https://www.federalreserve.gov/fomc/beigebook/2000/20000614/default.htm,XLK,train,2,0.017886196731158988,0.048381431487389825,0.04674623655270249
2000-06-14,Beige_Book,https://www.federalreserve.gov/fomc/beigebook/2000/20000614/default.htm,XLP,train,-1,0.016546767015842123,-0.00467565161333805,-0.022026010133994856
2000-06-14,Beige_Book,https://www.federalreserve.gov/fomc/beigebook/2000/20000614/default.htm,XLU,train,-2,-0.007401542487332602,-0.006896238106067432,-0.06217836657344433
2000-06-14,Beige_Book,https://www.federalreserve.gov/fomc/beigebook/2000/20000614/default.htm,XLV,train,0,0.026366768850209166,0.016735611026497677,0.0012395898949399964
2000-06-14,Beige_Book,https://www.federalreserve.gov/fomc/beigebook/2000/20000614/default.htm,XLY,train,2,-0.004494632922341091,-0.021516676738837948,0.050827770743482326
2000-06-28,FOMC_statement,https://www.federalreserve.gov/boarddocs/press/general/2000/20000628/default.htm,XLB,train,-1,-0.008832013477366396,-0.027165699711811375,-0.013294850436827321
2000-06-28,FOMC_statement,https://www.federalreserve.gov/boarddocs/press/general/2000/20000628/default.htm,XLE,train,-1,0.011483085251001057,-0.016901221948249834,-0.017862702090638782
2000-06-28,FOMC_statement,https://www.federalreserve.gov/boarddocs/press/general/2000/20000628/default.htm,XLF,train,2,0.008805139758779723,-0.018516440556486935,0.06672152734656844
2000-06-28,FOMC_statement,https://www.federalreserve.gov/boarddocs/press/general/2000/20000628/default.htm,XLI,train,1,-0.007954399766188835,-0.014385854612064986,0.008370149746575573
2000-06-28,FOMC_statement,https://www.federalreserve.gov/boarddocs/press/general/2000/20000628/default.htm,XLK,train,-2,-0.010161446310887778,-0.004593359781844053,-0.047383231665664716
2000-06-28,FOMC_statement,https://www.federalreserve.gov/boarddocs/press/general/2000/20000628/default.htm,XLP,train,1,0.018284867329782628,0.009428364160133595,0.017032049122278736
2000-06-28,FOMC_statement,https://www.federalreserve.gov/boarddocs/press/general/2000/20000628/default.htm,XLU,train,0,-0.006531034255968349,-0.021582828680926536,-0.0030276440672108995
2000-06-28,FOMC_statement,https://www.federalreserve.gov/boarddocs/press/general/2000/20000628/default.htm,XLV,train,1,0.024516967636002862,0.004231901927553405,0.01776290434589023
2000-06-28,FOMC_statement,https://www.federalreserve.gov/boarddocs/press/general/2000/20000628/default.htm,XLY,train,2,-0.007543673861062472,-0.004354363904139791,0.055424080552460064
2000-08-09,Beige_Book,https://www.federalreserve.gov/fomc/beigebook/2000/20000809/default.htm,XLB,train,-2,-0.010083698926232398,-0.006988697679163214,-0.08448140939142879
2000-08-09,Beige_Book,https://www.federalreserve.gov/fomc/beigebook/2000/20000809/default.htm,XLE,train,2,0.013947722410684205,0.009542382594673549,0.04383436781004402
2000-08-09,Beige_Book,https://www.federalreserve.gov/fomc/beigebook/2000/20000809/default.htm,XLF,train,2,-0.0007870214713744383,0.01008193634540755,0.034111034937100215
2000-08-09,Beige_Book,https://www.federalreserve.gov/fomc/beigebook/2000/20000809/default.htm,XLI,train,1,0.0023232737503537937,0.006297643299689737,0.010945767694718667
2000-08-09,Beige_Book,https://www.federalreserve.gov/fomc/beigebook/2000/20000809/default.htm,XLK,train,-1,-0.016426814043413618,-0.009723005449226552,-0.010711083410835931
2000-08-09,Beige_Book,https://www.federalreserve.gov/fomc/beigebook/2000/20000809/default.htm,XLP,train,-1,0.02256868368794207,0.015442519889004358,-0.021675072473094192
2000-08-09,Beige_Book,https://www.federalreserve.gov/fomc/beigebook/2000/20000809/default.htm,XLU,train,2,0.004875262314998907,0.004709533203785532,0.07096251151759414
2000-08-09,Beige_Book,https://www.federalreserve.gov/fomc/beigebook/2000/20000809/default.htm,XLV,train,-2,0.006969036889329261,0.007255650866550334,-0.037897063707377
2000-08-09,Beige_Book,https://www.federalreserve.gov/fomc/beigebook/2000/20000809/default.htm,XLY,train,-2,-0.023893122631631458,-0.01423138111876221,-0.04471842235862322
2000-08-22,FOMC_statement,https://www.federalreserve.gov/boarddocs/press/general/2000/20000822/default.htm,XLB,train,-2,-0.008528037789251486,-0.015045303781314412,-0.09875767549625292
2000-08-22,FOMC_statement,https://www.federalreserve.gov/boarddocs/press/general/2000/20000822/default.htm,XLE,train,2,0.022085761573626295,0.0006569004205344564,0.04841425834346502
2000-08-22,FOMC_statement,https://www.federalreserve.gov/boarddocs/press/general/2000/20000822/default.htm,XLF,train,2,-0.016764743888285416,-0.03471852075235615,0.036530154705104345
2000-08-22,FOMC_statement,https://www.federalreserve.gov/boarddocs/press/general/2000/20000822/default.htm,XLI,train,1,-0.008975677483444633,0.0034343064547117663,0.014036615118153573
2000-08-22,FOMC_statement,https://www.federalreserve.gov/boarddocs/press/general/2000/20000822/default.htm,XLK,train,-1,0.005807853014534459,0.009115059586139007,-0.019593430572825477
2000-08-22,FOMC_statement,https://www.federalreserve.gov/boarddocs/press/general/2000/20000822/default.htm,XLP,train,2,0.0024426028202577665,-0.002767947654459202,0.04004320592939015
2000-08-22,FOMC_statement,https://www.federalreserve.gov/boarddocs/press/general/2000/20000822/default.htm,XLU,train,2,0.0038963317900746475,-0.002137189360591374,0.11601133611063252
2000-08-22,FOMC_statement,https://www.federalreserve.gov/boarddocs/press/general/2000/20000822/default.htm,XLV,train,1,-0.0029043242184130236,0.008567135848284835,0.007483424291323426
2000-08-22,FOMC_statement,https://www.federalreserve.gov/boarddocs/press/general/2000/20000822/default.htm,XLY,train,2,-0.009954076081096885,-0.0035891463539007296,0.04472688869607233
2000-09-20,Beige_Book,https://www.federalreserve.gov/fomc/beigebook/2000/20000920/default.htm,XLB,train,2,0.01165253305310432,-0.003886790042533006,0.03282139226302583
2000-09-20,Beige_Book,https://www.federalreserve.gov/fomc/beigebook/2000/20000920/default.htm,XLE,train,2,0.007497448161643994,-0.025035967489805966,0.03854941410759383
2000-09-20,Beige_Book,https://www.federalreserve.gov/fomc/beigebook/2000/20000920/default.htm,XLF,train,1,0.00399437614903686,0.028318861728967692,0.013166970292545321
2000-09-20,Beige_Book,https://www.federalreserve.gov/fomc/beigebook/2000/20000920/default.htm,XLI,train,1,0.01834668561205266,0.029404030808049098,0.020315960604530447
2000-09-20,Beige_Book,https://www.federalreserve.gov/fomc/beigebook/2000/20000920/default.htm,XLK,train,-2,-0.005326164426661006,-0.06570420790577602,-0.09914275196204048
2000-09-20,Beige_Book,https://www.federalreserve.gov/fomc/beigebook/2000/20000920/default.htm,XLP,train,2,0.041800867973083244,0.05562850995790336,0.11316711169401472
2000-09-20,Beige_Book,https://www.federalreserve.gov/fomc/beigebook/2000/20000920/default.htm,XLU,train,2,0.022668281470978657,0.044209470380216165,0.12087902614788792
2000-09-20,Beige_Book,https://www.federalreserve.gov/fomc/beigebook/2000/20000920/default.htm,XLV,train,0,0.024571041313166342,0.01962699685764191,-0.004377590230926431
2000-09-20,Beige_Book,https://www.federalreserve.gov/fomc/beigebook/2000/20000920/default.htm,XLY,train,-1,0.05224258788957692,0.01927012480457213,-0.017495375113913303
2000-10-03,FOMC_statement,https://www.federalreserve.gov/boarddocs/press/general/2000/20001003/default.htm,XLB,train,2,0.0008408745509684845,0.0007698417598613894,0.047968353642518835
2000-10-03,FOMC_statement,https://www.federalreserve.gov/boarddocs/press/general/2000/20001003/default.htm,XLE,train,-1,-0.03778602936287945,-0.025379860869912174,-0.015031394284014787
2000-10-03,FOMC_statement,https://www.federalreserve.gov/boarddocs/press/general/2000/20001003/default.htm,XLF,train,-1,-0.02109960536149691,-0.03483077706209292,-0.02028986352031459
2000-10-03,FOMC_statement,https://www.federalreserve.gov/boarddocs/press/general/2000/20001003/default.htm,XLI,train,1,-0.0012415745543155055,-0.009177051405115155,0.014514859556610582
2000-10-03,FOMC_statement,https://www.federalreserve.gov/boarddocs/press/general/2000/20001003/default.htm,XLK,train,-2,0.018515032811389887,0.0017786553027628882,-0.03250348117694424
2000-10-03,FOMC_statement,https://www.federalreserve.gov/boarddocs/press/general/2000/20001003/default.htm,XLP,train,2,-0.016478852092680296,0.0195324048316734,0.06650020719740535
2000-10-03,FOMC_statement,https://www.federalreserve.gov/boarddocs/press/general/2000/20001003/default.htm,XLU,train,2,-0.008333242865847135,0.013800836889111823,0.056298116400876896
2000-10-03,FOMC_statement,https://www.federalreserve.gov/boarddocs/press/general/2000/20001003/default.htm,XLV,train,0,-0.0004013020452353633,0.0033105542904605656,0.006471048373932975
2000-10-03,FOMC_statement,https://www.federalreserve.gov/boarddocs/press/general/2000/20001003/default.htm,XLY,train,1,0.009388057784457171,-0.01698407719555184,0.008084806513376508
2000-11-01,Beige_Book,https://www.federalreserve.gov/fomc/beigebook/2000/20001101/default.htm,XLB,train,2,-0.00881715500021596,-0.013961233712805998,0.08967889647255722
2000-11-01,Beige_Book,https://www.federalreserve.gov/fomc/beigebook/2000/20001101/default.htm,XLE,train,1,-0.03678272004351413,-0.04431815156815755,0.012437992741490933
2000-11-01,Beige_Book,https://www.federalreserve.gov/fomc/beigebook/2000/20001101/default.htm,XLF,train,1,0.003267927018599348,0.006618162978248798,0.02087994551375083
2000-11-01,Beige_Book,https://www.federalreserve.gov/fomc/beigebook/2000/20001101/default.htm,XLI,train,2,-0.0036430835111217474,-0.010120470454428765,0.04738793413390441
2000-11-01,Beige_Book,https://www.federalreserve.gov/fomc/beigebook/2000/20001101/default.htm,XLK,train,-2,0.02423004847726129,0.008623996096978503,-0.11409916442465629
2000-11-01,Beige_Book,https://www.federalreserve.gov/fomc/beigebook/2000/20001101/default.htm,XLP,train,2,-0.009255918600010071,-0.0031371483447273363,0.0948604450151962
2000-11-01,Beige_Book,https://www.federalreserve.gov/fomc/beigebook/2000/20001101/default.htm,XLU,train,2,-0.0011855567879892615,-0.017957105331994128,0.05968398083889459
2000-11-01,Beige_Book,https://www.federalreserve.gov/fomc/beigebook/2000/20001101/default.htm,XLV,train,-1,0.007296935568698482,0.0028993730124666772,-0.020331035225776284
2000-11-01,Beige_Book,https://www.federalreserve.gov/fomc/beigebook/2000/20001101/default.htm,XLY,train,2,0.0071817664750293275,-0.0014274823654734092,0.04518603759335904
2000-11-15,FOMC_statement,https://www.federalreserve.gov/boarddocs/press/general/2000/20001115/default.htm,XLB,train,2,-0.01439026695740786,-0.006994606341918619,0.07265504104209197
2000-11-15,FOMC_statement,https://www.federalreserve.gov/boarddocs/press/general/2000/20001115/default.htm,XLE,train,0,0.019505568272787266,0.026224623712843398,0.006567476336558076
2000-11-15,FOMC_statement,https://www.federalreserve.gov/boarddocs/press/general/2000/20001115/default.htm,XLF,train,2,0.012279752620107498,-0.005773900241566765,0.06842879309149363
2000-11-15,FOMC_statement,https://www.federalreserve.gov/boarddocs/press/general/2000/20001115/default.htm,XLI,train,2,0.020754696092437963,0.022136747909489607,0.048233803362633165
2000-11-15,FOMC_statement,https://www.federalreserve.gov/boarddocs/press/general/2000/20001115/default.htm,XLK,train,-2,-0.01633885787742617,-0.029450344063742917,-0.09526518748001056
2000-11-15,FOMC_statement,https://www.federalreserve.gov/boarddocs/press/general/2000/20001115/default.htm,XLP,train,2,0.017993898288782062,0.034740238557661396,0.07267208004659864
2000-11-15,FOMC_statement,https://www.federalreserve.gov/boarddocs/press/general/2000/20001115/default.htm,XLU,train,2,0.02727957667564407,0.04156087232728767,0.06514054076103004
2000-11-15,FOMC_statement,https://www.federalreserve.gov/boarddocs/press/general/2000/20001115/default.htm,XLV,train,2,0.0036778503240649796,0.011139350438448159,0.02511100038069425
2000-11-15,FOMC_statement,https://www.federalreserve.gov/boarddocs/press/general/2000/20001115/default.htm,XLY,train,2,0.004831833348812209,-0.0006894310404962356,0.030974278197218208
2000-12-06,Beige_Book,https://www.federalreserve.gov/fomc/beigebook/2000/20001206/default.htm,XLB,train,2,-0.016536718851028365,-0.03647012985516396,0.10075214245957687
2000-12-06,Beige_Book,https://www.federalreserve.gov/fomc/beigebook/2000/20001206/default.htm,XLE,train,2,0.030114218657595337,-0.00445842987355094,0.0819828054981695
2000-12-06,Beige_Book,https://www.federalreserve.gov/fomc/beigebook/2000/20001206/default.htm,XLF,train,2,0.01595178022452881,0.015928392211558062,0.06752550094285215
2000-12-06,Beige_Book,https://www.federalreserve.gov/fomc/beigebook/2000/20001206/default.htm,XLI,train,-1,0.010770622549743258,0.0020835968667687332,-0.00791742897889458
2000-12-06,Beige_Book,https://www.federalreserve.gov/fomc/beigebook/2000/20001206/default.htm,XLK,train,-2,-0.01941759933087528,0.0276374012791053,-0.08038855880784446
2000-12-06,Beige_Book,https://www.federalreserve.gov/fomc/beigebook/2000/20001206/default.htm,XLP,train,1,0.0281880826593639,-0.026644673477812075,0.007248362293200805
2000-12-06,Beige_Book,https://www.federalreserve.gov/fomc/beigebook/2000/20001206/default.htm,XLU,train,-2,0.013263145418413447,-0.045253368554219575,-0.027237973091908674
2000-12-06,Beige_Book,https://www.federalreserve.gov/fomc/beigebook/2000/20001206/default.htm,XLV,train,2,-0.003010929730348444,-0.008001662894383976,0.03354375443449531
2000-12-06,Beige_Book,https://www.federalreserve.gov/fomc/beigebook/2000/20001206/default.htm,XLY,train,2,0.00015676462820479742,-0.03868113530526118,0.09319737816505169
2000-12-19,FOMC_statement,https://www.federalreserve.gov/boarddocs/press/general/2000/20001219/default.htm,XLB,train,-2,-0.00861423963729091,0.041860024699078235,-0.0649099078076143
2000-12-19,FOMC_statement,https://www.federalreserve.gov/boarddocs/press/general/2000/20001219/default.htm,XLE,train,-2,-0.0005492438825573931,-0.01663251114180997,-0.07975940091609768
2000-12-19,FOMC_statement,https://www.federalreserve.gov/boarddocs/press/general/2000/20001219/default.htm,XLF,train,-1,0.019554162041654832,0.014285194689457326,-0.020560675857388966
2000-12-19,FOMC_statement,https://www.federalreserve.gov/boarddocs/press/general/2000/20001219/default.htm,XLI,train,-1,-0.004061776715346355,-0.011239460590983574,-0.013972948726273193
2000-12-19,FOMC_statement,https://www.federalreserve.gov/boarddocs/press/general/2000/20001219/default.htm,XLK,train,2,-0.04584820140723256,-0.010820755736301146,0.10937169440535444
2000-12-19,FOMC_statement,https://www.federalreserve.gov/boarddocs/press/general/2000/20001219/default.htm,XLP,train,-2,0.031223393947544253,-0.013043091762986125,-0.09978944804213086
2000-12-19,FOMC_statement,https://www.federalreserve.gov/boarddocs/press/general/2000/20001219/default.htm,XLU,train,-2,0.019730244598339275,-0.0072885293358895265,-0.06896788046881852
2000-12-19,FOMC_statement,https://www.federalreserve.gov/boarddocs/press/general/2000/20001219/default.htm,XLV,train,1,-0.016388607179470993,-0.029083901878494967,0.01542360561295264
2000-12-19,FOMC_statement,https://www.federalreserve.gov/boarddocs/press/general/2000/20001219/default.htm,XLY,train,2,0.017073357891489116,0.02776293707538635,0.08461657333241368
2001-01-03,FOMC_statement,https://www.federalreserve.gov/boarddocs/press/general/2001/20010103/default.htm,XLB,train,-1,0.0440480565747845,0.05111525745501111,-0.006773272994566315
2001-01-03,FOMC_statement,https://www.federalreserve.gov/boarddocs/press/general/2001/20010103/default.htm,XLE,train,0,-0.02024340719060702,0.022732407643732966,0.002527102973633122
2001-01-03,FOMC_statement,https://www.federalreserve.gov/boarddocs/press/general/2001/20010103/default.htm,XLF,train,-1,-0.006815682018636804,-0.013181097201053427,-0.02061855828348713
2001-01-03,FOMC_statement,https://www.federalreserve.gov/boarddocs/press/general/2001/20010103/default.htm,XLI,train,-1,0.018788394275662368,0.006638194443697065,-0.008157869657499983
2001-01-03,FOMC_statement,https://www.federalreserve.gov/boarddocs/press/general/2001/20010103/default.htm,XLK,train,2,0.020800874234251587,-0.017705608002984263,0.048113679524581565
2001-01-03,FOMC_statement,https://www.federalreserve.gov/boarddocs/press/general/2001/20010103/default.htm,XLP,train,0,-0.028747196704166256,0.009419768508383775,0.0016014927886383035
2001-01-03,FOMC_statement,https://www.federalreserve.gov/boarddocs/press/general/2001/20010103/default.htm,XLU,train,-1,-0.0048608529427111025,0.025150884613679536,-0.019077837184162227
2001-01-03,FOMC_statement,https://www.federalreserve.gov/boarddocs/press/general/2001/20010103/default.htm,XLV,train,2,0.04012688622547822,0.023737819257837356,0.03940850656184358
2001-01-03,FOMC_statement,https://www.federalreserve.gov/boarddocs/press/general/2001/20010103/default.htm,XLY,train,1,0.02493638136504428,0.003564946386521939,0.01953484776848713
2001-01-17,Beige_Book,https://www.federalreserve.gov/fomc/beigebook/2001/20010117/default.htm,XLB,train,2,-0.01534907739581659,-0.03624601945900141,0.04225633554156316
2001-01-17,Beige_Book,https://www.federalreserve.gov/fomc/beigebook/2001/20010117/default.htm,XLE,train,2,-0.028895400846755015,-0.023713580187656236,0.04521105282424531
2001-01-17,Beige_Book,https://www.federalreserve.gov/fomc/beigebook/2001/20010117/default.htm,XLF,train,1,-0.024594098011440857,-0.014975826575064466,0.008865084778511112
2001-01-17,Beige_Book,https://www.federalreserve.gov/fomc/beigebook/2001/20010117/default.htm,XLI,train,0,-0.0034326041300951626,-0.01687539840120411,-0.004070855550418528
2001-01-17,Beige_Book,https://www.federalreserve.gov/fomc/beigebook/2001/20010117/default.htm,XLK,train,-2,0.04258740816133977,0.036883892121329476,-0.038959565631192516
2001-01-17,Beige_Book,https://www.federalreserve.gov/fomc/beigebook/2001/20010117/default.htm,XLP,train,2,-0.002082915474671765,-0.004803604793848004,0.028654340691120272
2001-01-17,Beige_Book,https://www.federalreserve.gov/fomc/beigebook/2001/20010117/default.htm,XLU,train,2,0.007805301964653788,0.0018489478609999832,0.033851297368638344
2001-01-17,Beige_Book,https://www.federalreserve.gov/fomc/beigebook/2001/20010117/default.htm,XLV,train,-1,-0.013079884041182543,-0.045597001973217255,-0.02051055509727351
2001-01-17,Beige_Book,https://www.federalreserve.gov/fomc/beigebook/2001/20010117/default.htm,XLY,train,1,-0.024946694541644443,-0.027919752941337972,0.022041346138351514
2001-01-31,FOMC_statement,https://www.federalreserve.gov/boarddocs/press/general/2001/20010131/default.htm,XLB,train,2,-0.0013649538241784498,0.019738831231704057,0.14083469257106818
2001-01-31,FOMC_statement,https://www.federalreserve.gov/boarddocs/press/general/2001/20010131/default.htm,XLE,train,2,-0.01940164051232196,0.03281057298039369,0.12428025893705485
2001-01-31,FOMC_statement,https://www.federalreserve.gov/boarddocs/press/general/2001/20010131/default.htm,XLF,train,2,-0.005281252339671916,0.019549848960527916,0.036346219096325294
2001-01-31,FOMC_statement,https://www.federalreserve.gov/boarddocs/press/general/2001/20010131/default.htm,XLI,train,2,-0.019710587729061646,-0.0027312792269571506,0.03983875497124323
2001-01-31,FOMC_statement,https://www.federalreserve.gov/boarddocs/press/general/2001/20010131/default.htm,XLK,train,-2,-0.007176825002378262,-0.041992395680422345,-0.18319881453415854
2001-01-31,FOMC_statement,https://www.federalreserve.gov/boarddocs/press/general/2001/20010131/default.htm,XLP,train,2,0.0020453730901714984,0.023014068344464955,0.10783245249230655
2001-01-31,FOMC_statement,https://www.federalreserve.gov/boarddocs/press/general/2001/20010131/default.htm,XLU,train,2,0.005492359625372867,0.017135728622825863,0.1140911077742538
2001-01-31,FOMC_statement,https://www.federalreserve.gov/boarddocs/press/general/2001/20010131/default.htm,XLV,train,2,0.006705850133559288,0.00955033686563389,0.08110601233552184
2001-01-31,FOMC_statement,https://www.federalreserve.gov/boarddocs/press/general/2001/20010131/default.htm,XLY,train,1,-0.008040668868616097,-0.017336183074963762,0.021973268974471938
2001-03-07,Beige_Book,https://www.federalreserve.gov/fomc/beigebook/2001/20010307/default.htm,XLB,train,1,0.0024321247927161505,0.02648236973833451,0.010789580006811517
2001-03-07,Beige_Book,https://www.federalreserve.gov/fomc/beigebook/2001/20010307/default.htm,XLE,train,0,0.008930205268875335,0.04346924120177864,-0.004791753568068047
2001-03-07,Beige_Book,https://www.federalreserve.gov/fomc/beigebook/2001/20010307/default.htm,XLF,train,2,0.002820215341281962,0.0030188743877338498,0.02811305007536924
2001-03-07,Beige_Book,https://www.federalreserve.gov/fomc/beigebook/2001/20010307/default.htm,XLI,train,-2,0.005104113181635173,0.0016546686261148524,-0.02905094492932725
2001-03-07,Beige_Book,https://www.federalreserve.gov/fomc/beigebook/2001/20010307/default.htm,XLK,train,-2,-0.02100764481672135,-0.06743929118967296,-0.08000088171721775
2001-03-07,Beige_Book,https://www.federalreserve.gov/fomc/beigebook/2001/20010307/default.htm,XLP,train,2,0.007413491031261543,0.055032036288767405,0.04332966777914571
2001-03-07,Beige_Book,https://www.federalreserve.gov/fomc/beigebook/2001/20010307/default.htm,XLU,train,2,0.01765669959590732,0.08399509129599314,0.09180916211439061
2001-03-07,Beige_Book,https://www.federalreserve.gov/fomc/beigebook/2001/20010307/default.htm,XLV,train,1,0.004476000910109468,0.01817074977612554,0.02426847252941866
2001-03-07,Beige_Book,https://www.federalreserve.gov/fomc/beigebook/2001/20010307/default.htm,XLY,train,2,0.014991015139493635,0.04020077148338541,0.04818083191841549
2001-03-20,FOMC_statement,https://www.federalreserve.gov/boarddocs/press/general/2001/20010320/default.htm,XLB,train,-2,-0.014186878855191765,-0.056239304985039484,-0.04660880731598438
2001-03-20,FOMC_statement,https://www.federalreserve.gov/boarddocs/press/general/2001/20010320/default.htm,XLE,train,-2,-0.011645877579725794,-0.0532836037291855,-0.10914979366583277
2001-03-20,FOMC_statement,https://www.federalreserve.gov/boarddocs/press/general/2001/20010320/default.htm,XLF,train,0,-0.012008596466780652,-0.01566568385312872,-0.004542319800532768
2001-03-20,FOMC_statement,https://www.federalreserve.gov/boarddocs/press/general/2001/20010320/default.htm,XLI,train,0,-0.008947253626132246,-0.036099648154564234,-0.006430792583610012
2001-03-20,FOMC_statement,https://www.federalreserve.gov/boarddocs/press/general/2001/20010320/default.htm,XLK,train,2,0.02179407099911479,0.06888713986248496,0.11842726636998802
2001-03-20,FOMC_statement,https://www.federalreserve.gov/boarddocs/press/general/2001/20010320/default.htm,XLP,train,-2,-0.008011637806516925,-0.01460299994441916,-0.07123258268579324
2001-03-20,FOMC_statement,https://www.federalreserve.gov/boarddocs/press/general/2001/20010320/default.htm,XLU,train,-2,-0.00531535481778822,-0.03972147239726265,-0.03144685008750592
2001-03-20,FOMC_statement,https://www.federalreserve.gov/boarddocs/press/general/2001/20010320/default.htm,XLV,train,-1,-0.009427169306828409,-0.029011420341092387,-0.009575179891237906
2001-03-20,FOMC_statement,https://www.federalreserve.gov/boarddocs/press/general/2001/20010320/default.htm,XLY,train,-2,0.01080107246187878,-0.029165455939270002,-0.03784711664722695
2001-04-18,FOMC_statement,https://www.federalreserve.gov/boarddocs/press/general/2001/20010418/default.htm,XLB,train,2,-0.029486458019511996,-0.011793243488012695,0.05743283729165738
2001-04-18,FOMC_statement,https://www.federalreserve.gov/boarddocs/press/general/2001/20010418/default.htm,XLE,train,1,-0.030654648044921462,0.03388169322356405,0.011416963488223408
2001-04-18,FOMC_statement,https://www.federalreserve.gov/boarddocs/press/general/2001/20010418/default.htm,XLF,train,-1,-0.007905510995306564,-0.010183059913635994,-0.012793782744592419
2001-04-18,FOMC_statement,https://www.federalreserve.gov/boarddocs/press/general/2001/20010418/default.htm,XLI,train,2,-0.009900495720567504,-0.0006274054965292875,0.04120541673690936
2001-04-18,FOMC_statement,https://www.federalreserve.gov/boarddocs/press/general/2001/20010418/default.htm,XLK,train,-1,0.0497404887780688,0.01018005592290061,-0.00742901516902128
2001-04-18,FOMC_statement,https://www.federalreserve.gov/boarddocs/press/general/2001/20010418/default.htm,XLP,train,1,-0.01734689371401754,0.0039266344712795,0.014545283018532196
2001-04-18,FOMC_statement,https://www.federalreserve.gov/boarddocs/press/general/2001/20010418/default.htm,XLU,train,-1,-0.011432118212570286,0.006229994657684368,-0.007042125333742155
2001-04-18,FOMC_statement,https://www.federalreserve.gov/boarddocs/press/general/2001/20010418/default.htm,XLV,train,0,-0.01226777687106062,-0.005313839488794159,-0.0013710416085677135
2001-04-18,FOMC_statement,https://www.federalreserve.gov/boarddocs/press/general/2001/20010418/default.htm,XLY,train,0,-0.010378572350928428,-0.0002964795563168421,0.005877237012047676
2001-05-02,Beige_Book,https://www.federalreserve.gov/fomc/beigebook/2001/20010502/default.htm,XLB,train,2,0.010906264413253042,0.0076658677586171065,0.037562329226820235
2001-05-02,Beige_Book,https://www.federalreserve.gov/fomc/beigebook/2001/20010502/default.htm,XLE,train,2,0.007748138924346892,0.017977047523488943,0.03294123315211683
2001-05-02,Beige_Book,https://www.federalreserve.gov/fomc/beigebook/2001/20010502/default.htm,XLF,train,2,0.013053416277411634,0.010480069511090373,0.025666305015269786
2001-05-02,Beige_Book,https://www.federalreserve.gov/fomc/beigebook/2001/20010502/default.htm,XLI,train,2,-0.0020149663642736737,0.008558202063069675,0.029877656109076
2001-05-02,Beige_Book,https://www.federalreserve.gov/fomc/beigebook/2001/20010502/default.htm,XLK,train,-2,-0.019208264912849438,-0.014179144188986026,-0.06374783515635596
2001-05-02,Beige_Book,https://www.federalreserve.gov/fomc/beigebook/2001/20010502/default.htm,XLP,train,1,0.007563490811323237,0.007525823867492454,0.023192886229928433
2001-05-02,Beige_Book,https://www.federalreserve.gov/fomc/beigebook/2001/20010502/default.htm,XLU,train,0,-0.00015210288800449057,0.006915018922364791,0.002391661614978169
2001-05-02,Beige_Book,https://www.federalreserve.gov/fomc/beigebook/2001/20010502/default.htm,XLV,train,1,-0.006731426031102661,-0.009550918150914134,0.01674008901824664
2001-05-02,Beige_Book,https://www.federalreserve.gov/fomc/beigebook/2001/20010502/default.htm,XLY,train,0,0.0011924100025720863,-0.005657124507827738,0.0021490290382468746
2001-05-15,FOMC_statement,https://www.federalreserve.gov/boarddocs/press/general/2001/20010515/default.htm,XLB,train,0,0.028484914257352445,0.027777209899085387,0.005533695547145889
2001-05-15,FOMC_statement,https://www.federalreserve.gov/boarddocs/press/general/2001/20010515/default.htm,XLE,train,0,-0.015236041232357778,0.0027932433621575825,-0.006732026646181111
2001-05-15,FOMC_statement,https://www.federalreserve.gov/boarddocs/press/general/2001/20010515/default.htm,XLF,train,1,0.003258764888871335,-0.01369111659683575,0.017129851553625786
2001-05-15,FOMC_statement,https://www.federalreserve.gov/boarddocs/press/general/2001/20010515/default.htm,XLI,train,1,0.008714735192436596,0.022332316817136544,0.02324919513588619
2001-05-15,FOMC_statement,https://www.federalreserve.gov/boarddocs/press/general/2001/20010515/default.htm,XLK,train,-1,0.017066700377602606,0.021198906797241346,-0.011883973302524442
2001-05-15,FOMC_statement,https://www.federalreserve.gov/boarddocs/press/general/2001/20010515/default.htm,XLP,train,2,0.006920011649662161,0.00044355429954534564,0.043856110231179746
2001-05-15,FOMC_statement,https://www.federalreserve.gov/boarddocs/press/general/2001/20010515/default.htm,XLU,train,-1,-0.0021036889780017276,-0.008187056246385382,-0.022832494230097367
2001-05-15,FOMC_statement,https://www.federalreserve.gov/boarddocs/press/general/2001/20010515/default.htm,XLV,train,2,0.004049707830503957,0.009330961269525595,0.0330019761436654
2001-05-15,FOMC_statement,https://www.federalreserve.gov/boarddocs/press/general/2001/20010515/default.htm,XLY,train,1,-0.011357816715227287,-0.0029120521526768695,0.013171541031338996
2001-06-13,Beige_Book,https://www.federalreserve.gov/fomc/beigebook/2001/20010613/default.htm,XLB,train,0,-0.0028033652950850696,-0.012652741524661781,-0.0038651432336460623
2001-06-13,Beige_Book,https://www.federalreserve.gov/fomc/beigebook/2001/20010613/default.htm,XLE,train,-2,0.002114479183788265,0.001727299002830307,-0.08252807542087903
2001-06-13,Beige_Book,https://www.federalreserve.gov/fomc/beigebook/2001/20010613/default.htm,XLF,train,2,0.004954630749377298,0.015862233251014657,0.026269245769728666
2001-06-13,Beige_Book,https://www.federalreserve.gov/fomc/beigebook/2001/20010613/default.htm,XLI,train,-1,0.015828807482447638,0.012553479139592816,-0.023038528391115976
2001-06-13,Beige_Book,https://www.federalreserve.gov/fomc/beigebook/2001/20010613/default.htm,XLK,train,1,-0.013316515802456297,-0.04440228636902088,0.0100016492924756
2001-06-13,Beige_Book,https://www.federalreserve.gov/fomc/beigebook/2001/20010613/default.htm,XLP,train,-2,0.02165367091222392,0.022194173377587112,-0.029767873820136348
2001-06-13,Beige_Book,https://www.federalreserve.gov/fomc/beigebook/2001/20010613/default.htm,XLU,train,1,-0.007133182432551455,0.0035655354945820505,0.01988314325359375
2001-06-13,Beige_Book,https://www.federalreserve.gov/fomc/beigebook/2001/20010613/default.htm,XLV,train,0,0.003816854712472395,-0.01086878562917315,0.0053238102338510895
2001-06-13,Beige_Book,https://www.federalreserve.gov/fomc/beigebook/2001/20010613/default.htm,XLY,train,2,0.011928134135168134,0.015963426713840212,0.05886089182725851
2001-06-27,FOMC_statement,https://www.federalreserve.gov/boarddocs/press/general/2001/20010627/default.htm,XLB,train,-1,-0.004604775894883506,-0.006245134429417654,-0.006969151423892872
2001-06-27,FOMC_statement,https://www.federalreserve.gov/boarddocs/press/general/2001/20010627/default.htm,XLE,train,0,-0.02675782525532011,-0.032200414936823685,-0.0021321935525072666
2001-06-27,FOMC_statement,https://www.federalreserve.gov/boarddocs/press/general/2001/20010627/default.htm,XLF,train,0,0.007595164767411955,-0.0028890278597927255,-0.005537398967595197
2001-06-27,FOMC_statement,https://www.federalreserve.gov/boarddocs/press/general/2001/20010627/default.htm,XLI,train,0,-0.0020830206842437082,-0.015002257999036539,-0.0020980203613980564
2001-06-27,FOMC_statement,https://www.federalreserve.gov/boarddocs/press/general/2001/20010627/default.htm,XLK,train,-1,0.01412143346827155,0.02086746071868706,-0.014612781180762702
2001-06-27,FOMC_statement,https://www.federalreserve.gov/boarddocs/press/general/2001/20010627/default.htm,XLP,train,0,0.0009356015881425428,-0.01823354021768464,0.0015543233219419417
2001-06-27,FOMC_statement,https://www.federalreserve.gov/boarddocs/press/general/2001/20010627/default.htm,XLU,train,1,-0.0032391568414236183,-0.005805653121539578,0.006978098583393266
2001-06-27,FOMC_statement,https://www.federalreserve.gov/boarddocs/press/general/2001/20010627/default.htm,XLV,train,0,0.0020187671916358507,-0.0026183400827253234,0.004145481646077753
2001-06-27,FOMC_statement,https://www.federalreserve.gov/boarddocs/press/general/2001/20010627/default.htm,XLY,train,2,0.010339569793049064,0.008290153250104737,0.06298799288178136
2001-08-08,Beige_Book,https://www.federalreserve.gov/fomc/beigebook/2001/20010808/default.htm,XLB,train,2,-0.011839127865883481,0.01316475759542024,0.06666639959519338
2001-08-08,Beige_Book,https://www.federalreserve.gov/fomc/beigebook/2001/20010808/default.htm,XLE,train,2,0.002953819932602908,0.005120690920762172,0.08534775019209984
2001-08-08,Beige_Book,https://www.federalreserve.gov/fomc/beigebook/2001/20010808/default.htm,XLF,train,-1,0.0017483671822295932,-0.00231156958007539,-0.018911425921957603
2001-08-08,Beige_Book,https://www.federalreserve.gov/fomc/beigebook/2001/20010808/default.htm,XLI,train,1,-0.0026020606479848496,0.0029899420950960653,0.013475429776615755
2001-08-08,Beige_Book,https://www.federalreserve.gov/fomc/beigebook/2001/20010808/default.htm,XLK,train,-2,-0.0025624066485545605,-0.0039110712302201645,-0.10574913546996856
2001-08-08,Beige_Book,https://www.federalreserve.gov/fomc/beigebook/2001/20010808/default.htm,XLP,train,2,0.0002598194115690511,0.00893713429310683,0.08651862553158318
2001-08-08,Beige_Book,https://www.federalreserve.gov/fomc/beigebook/2001/20010808/default.htm,XLU,train,2,-0.00129256010012746,0.003509054704871395,0.06915754524883688
2001-08-08,Beige_Book,https://www.federalreserve.gov/fomc/beigebook/2001/20010808/default.htm,XLV,train,-1,-0.007485766256468462,-0.0017422663904300695,-0.008948823710822174
2001-08-08,Beige_Book,https://www.federalreserve.gov/fomc/beigebook/2001/20010808/default.htm,XLY,train,-2,-0.006487025908612942,-0.022252337098185748,-0.05109664552604887
2001-08-21,FOMC_statement,https://www.federalreserve.gov/boarddocs/press/general/2001/20010821/default.htm,XLB,train,-2,-0.012651798823996585,-0.00834468917188902,-0.03396425592846186
2001-08-21,FOMC_statement,https://www.federalreserve.gov/boarddocs/press/general/2001/20010821/default.htm,XLE,train,-2,-0.009673858483136177,-0.009741894798163675,-0.05948710676859503
2001-08-21,FOMC_statement,https://www.federalreserve.gov/boarddocs/press/general/2001/20010821/default.htm,XLF,train,0,-0.005934743275645804,-0.020163080297758262,-0.0028548579616413106
2001-08-21,FOMC_statement,https://www.federalreserve.gov/boarddocs/press/general/2001/20010821/default.htm,XLI,train,-2,-0.012127324548348528,-0.007765734895267773,-0.07387433530146226
2001-08-21,FOMC_statement,https://www.federalreserve.gov/boarddocs/press/general/2001/20010821/default.htm,XLK,train,-2,-0.00018318146520734935,0.03055143403957361,-0.0865044897979429
2001-08-21,FOMC_statement,https://www.federalreserve.gov/boarddocs/press/general/2001/20010821/default.htm,XLP,train,2,-0.0060736371243135245,-0.01427692841110162,0.07921666103223357
2001-08-21,FOMC_statement,https://www.federalreserve.gov/boarddocs/press/general/2001/20010821/default.htm,XLU,train,2,-0.012014929202292302,-0.02452775038705446,0.09064846601189713
2001-08-21,FOMC_statement,https://www.federalreserve.gov/boarddocs/press/general/2001/20010821/default.htm,XLV,train,-2,-0.01425351070437686,-0.008069255885795656,-0.087238356688213
2001-08-21,FOMC_statement,https://www.federalreserve.gov/boarddocs/press/general/2001/20010821/default.htm,XLY,train,-2,-0.007753222896395906,-0.011069820374358663,-0.046207746341417444
2001-09-17,FOMC_statement,https://www.federalreserve.gov/boarddocs/press/general/2001/20010917/default.htm,XLB,train,1,0.0008206371508525656,-0.0009745220011156963,0.019672660336224168
2001-09-17,FOMC_statement,https://www.federalreserve.gov/boarddocs/press/general/2001/20010917/default.htm,XLE,train,-2,-0.046047218855667205,-0.05827184008475739,-0.053228582551174464
2001-09-17,FOMC_statement,https://www.federalreserve.gov/boarddocs/press/general/2001/20010917/default.htm,XLF,train,0,-0.01018044406294527,-0.009491756339176982,-0.003035698572144252
2001-09-17,FOMC_statement,https://www.federalreserve.gov/boarddocs/press/general/2001/20010917/default.htm,XLI,train,0,-0.011769506500608484,-0.041960618591782795,-0.0013883787182168428
2001-09-17,FOMC_statement,https://www.federalreserve.gov/boarddocs/press/general/2001/20010917/default.htm,XLK,train,2,-0.006557452675383546,-0.0071972987387292076,0.03953965520294889
2001-09-17,FOMC_statement,https://www.federalreserve.gov/boarddocs/press/general/2001/20010917/default.htm,XLP,train,-2,-0.009792946888855902,0.009269649779053757,-0.05880129006652279
2001-09-17,FOMC_statement,https://www.federalreserve.gov/boarddocs/press/general/2001/20010917/default.htm,XLU,train,-2,0.009432448886658285,0.0664825612287625,-0.05723047713110341
2001-09-17,FOMC_statement,https://www.federalreserve.gov/boarddocs/press/general/2001/20010917/default.htm,XLV,train,-1,-0.01583841784460982,-0.01849840727063623,-0.009224104838119418
2001-09-17,FOMC_statement,https://www.federalreserve.gov/boarddocs/press/general/2001/20010917/default.htm,XLY,train,2,0.008266192376395698,0.002887223283149387,0.07180759973781736
2001-09-19,Beige_Book,https://www.federalreserve.gov/fomc/beigebook/2001/20010919/default.htm,XLB,train,1,-0.006187489242119759,0.004008226102149459,0.017234049500982174
2001-09-19,Beige_Book,https://www.federalreserve.gov/fomc/beigebook/2001/20010919/default.htm,XLE,train,-1,0.0036386816812117306,-0.046605823811965985,-0.013270795585805129
2001-09-19,Beige_Book,https://www.federalreserve.gov/fomc/beigebook/2001/20010919/default.htm,XLF,train,0,-0.012274221793538764,-0.00036147155730059666,0.006381396740743672
2001-09-19,Beige_Book,https://www.federalreserve.gov/fomc/beigebook/2001/20010919/default.htm,XLI,train,1,-0.02543672306587652,0.018047847616299295,0.011038326332932669
2001-09-19,Beige_Book,https://www.federalreserve.gov/fomc/beigebook/2001/20010919/default.htm,XLK,train,1,-0.011785781081230629,-0.008593784542937688,0.010527053377332729
2001-09-19,Beige_Book,https://www.federalreserve.gov/fomc/beigebook/2001/20010919/default.htm,XLP,train,-2,0.011618856995152083,-0.028572286389923374,-0.033768275239831946
2001-09-19,Beige_Book,https://www.federalreserve.gov/fomc/beigebook/2001/20010919/default.htm,XLU,train,-2,0.04451931942426968,-0.004735262792774697,-0.0760513462005391
2001-09-19,Beige_Book,https://www.federalreserve.gov/fomc/beigebook/2001/20010919/default.htm,XLV,train,-1,-0.00642705541015165,0.0033224916915229885,-0.019579036320329313
2001-09-19,Beige_Book,https://www.federalreserve.gov/fomc/beigebook/2001/20010919/default.htm,XLY,train,2,-0.0026707754410445483,0.032506006699649315,0.06449174921943657
2001-10-02,FOMC_statement,https://www.federalreserve.gov/boarddocs/press/general/2001/20011002/default.htm,XLB,train,1,-0.004354308044290711,-0.0029318181268890298,0.018700178102138976
2001-10-02,FOMC_statement,https://www.federalreserve.gov/boarddocs/press/general/2001/20011002/default.htm,XLE,train,2,-0.00292823361261374,0.029097560490786933,0.03186422326838734
2001-10-02,FOMC_statement,https://www.federalreserve.gov/boarddocs/press/general/2001/20011002/default.htm,XLF,train,-2,-0.0007317359059246797,-0.034941091960718706,-0.02618111522185651
2001-10-02,FOMC_statement,https://www.federalreserve.gov/boarddocs/press/general/2001/20011002/default.htm,XLI,train,0,0.007483633875698059,0.009008385452890066,0.006232612457926945
2001-10-02,FOMC_statement,https://www.federalreserve.gov/boarddocs/press/general/2001/20011002/default.htm,XLK,train,2,0.05014878669463152,0.07201507387443173,0.12160320109887335
2001-10-02,FOMC_statement,https://www.federalreserve.gov/boarddocs/press/general/2001/20011002/default.htm,XLP,train,-2,-0.025015635079742582,-0.016729822582742027,-0.024832178812148498
2001-10-02,FOMC_statement,https://www.federalreserve.gov/boarddocs/press/general/2001/20011002/default.htm,XLU,train,-2,-0.006036210453590485,-0.01286124733721461,-0.07567956269735598
2001-10-02,FOMC_statement,https://www.federalreserve.gov/boarddocs/press/general/2001/20011002/default.htm,XLV,train,1,0.020479223719149342,0.007944007674681619,0.010506105119282627
2001-10-02,FOMC_statement,https://www.federalreserve.gov/boarddocs/press/general/2001/20011002/default.htm,XLY,train,2,0.01842016269458746,0.006610752565608391,0.025509381671671605
2001-10-24,Beige_Book,https://www.federalreserve.gov/fomc/beigebook/2001/20011024/default.htm,XLB,train,2,-0.01991660272379414,0.001398619338483842,0.026600395867315663
2001-10-24,Beige_Book,https://www.federalreserve.gov/fomc/beigebook/2001/20011024/default.htm,XLE,train,-2,0.00742098648570555,0.04570186709939705,-0.08667607822134671
2001-10-24,Beige_Book,https://www.federalreserve.gov/fomc/beigebook/2001/20011024/default.htm,XLF,train,0,-0.004688798638975422,-0.00020305899862560484,0.0005510307686453775
2001-10-24,Beige_Book,https://www.federalreserve.gov/fomc/beigebook/2001/20011024/default.htm,XLI,train,1,-0.0022516011951767556,0.007688363339425908,0.0164062764339028
2001-10-24,Beige_Book,https://www.federalreserve.gov/fomc/beigebook/2001/20011024/default.htm,XLK,train,2,0.006116481979486776,-0.012105932206830428,0.042511835502700324
2001-10-24,Beige_Book,https://www.federalreserve.gov/fomc/beigebook/2001/20011024/default.htm,XLP,train,-2,-0.008529746872908639,0.010001212162955797,-0.03836944672678033
2001-10-24,Beige_Book,https://www.federalreserve.gov/fomc/beigebook/2001/20011024/default.htm,XLU,train,-2,-0.011162222423081847,0.018540138909194814,-0.05549691709553928
2001-10-24,Beige_Book,https://www.federalreserve.gov/fomc/beigebook/2001/20011024/default.htm,XLV,train,2,-0.012096727848828204,-0.0006448726307404229,0.03425046002723453
2001-10-24,Beige_Book,https://www.federalreserve.gov/fomc/beigebook/2001/20011024/default.htm,XLY,train,2,-0.008583339853507344,-0.00455836435016943,0.05018718483200957
2001-11-06,FOMC_statement,https://www.federalreserve.gov/boarddocs/press/general/2001/20011106/default.htm,XLB,train,2,0.0008574293171449421,0.0004884334533540313,0.03477122025056467
2001-11-06,FOMC_statement,https://www.federalreserve.gov/boarddocs/press/general/2001/20011106/default.htm,XLE,train,-2,0.005530906293456095,0.040105455002289236,-0.054186428031742895
2001-11-06,FOMC_statement,https://www.federalreserve.gov/boarddocs/press/general/2001/20011106/default.htm,XLF,train,-1,0.005223953846173135,-0.0024264903178314867,-0.008354167979433225
2001-11-06,FOMC_statement,https://www.federalreserve.gov/boarddocs/press/general/2001/20011106/default.htm,XLI,train,1,-0.000999722951247839,0.0018731620339083044,0.024458878495879466
2001-11-06,FOMC_statement,https://www.federalreserve.gov/boarddocs/press/general/2001/20011106/default.htm,XLK,train,2,-0.0029028557852516235,-0.005790692562782307,0.05998518046608403
2001-11-06,FOMC_statement,https://www.federalreserve.gov/boarddocs/press/general/2001/20011106/default.htm,XLP,train,-2,0.0025082333061154927,-0.008692269008191533,-0.03733330687636871
2001-11-06,FOMC_statement,https://www.federalreserve.gov/boarddocs/press/general/2001/20011106/default.htm,XLU,train,-2,-0.011670497152945103,0.0040027918743557045,-0.07127740180034425
2001-11-06,FOMC_statement,https://www.federalreserve.gov/boarddocs/press/general/2001/20011106/default.htm,XLV,train,2,-0.004321848458910593,-0.006015845038906731,0.07198975812137853
2001-11-06,FOMC_statement,https://www.federalreserve.gov/boarddocs/press/general/2001/20011106/default.htm,XLY,train,2,-0.005614961230083315,-0.006642272916062453,0.03993077918128096
2001-11-28,Beige_Book,https://www.federalreserve.gov/fomc/beigebook/2001/20011128/default.htm,XLB,train,-2,-0.013955207318600227,-0.012394596663141466,-0.030857431118407663
2001-11-28,Beige_Book,https://www.federalreserve.gov/fomc/beigebook/2001/20011128/default.htm,XLE,train,2,0.003660003028400194,0.025067900201057425,0.05309712448826842
2001-11-28,Beige_Book,https://www.federalreserve.gov/fomc/beigebook/2001/20011128/default.htm,XLF,train,0,-0.002688593647507176,-0.013795274468162089,0.0026490148343079056
2001-11-28,Beige_Book,https://www.federalreserve.gov/fomc/beigebook/2001/20011128/default.htm,XLI,train,2,-0.00781767819216328,-0.00527923763300886,0.03416895647654428
2001-11-28,Beige_Book,https://www.federalreserve.gov/fomc/beigebook/2001/20011128/default.htm,XLK,train,0,0.013223003875538097,0.01002860516726356,0.0016722156844732883
2001-11-28,Beige_Book,https://www.federalreserve.gov/fomc/beigebook/2001/20011128/default.htm,XLP,train,-1,0.005679282274421826,0.016859024475122997,-0.02314553145416043
2001-11-28,Beige_Book,https://www.federalreserve.gov/fomc/beigebook/2001/20011128/default.htm,XLU,train,0,-0.013862384958612917,-0.003299931330164152,-0.0004347936239686989
2001-11-28,Beige_Book,https://www.federalreserve.gov/fomc/beigebook/2001/20011128/default.htm,XLV,train,1,-0.011208600401785285,0.00684156494531496,0.019765476995975084
2001-11-28,Beige_Book,https://www.federalreserve.gov/fomc/beigebook/2001/20011128/default.htm,XLY,train,2,-0.006462715610030312,-0.00023648478221882652,0.04813096810340811
2001-12-11,FOMC_statement,https://www.federalreserve.gov/boarddocs/press/general/2001/20011211/default.htm,XLB,train,-2,-0.00887943515881462,-0.02615756149130366,-0.03561725263647286
2001-12-11,FOMC_statement,https://www.federalreserve.gov/boarddocs/press/general/2001/20011211/default.htm,XLE,train,1,0.001242301066056939,0.0049483157153777935,0.008011930926426158
2001-12-11,FOMC_statement,https://www.federalreserve.gov/boarddocs/press/general/2001/20011211/default.htm,XLF,train,0,-0.004962389209094975,-0.01628519610172441,-0.0021039042024186827
2001-12-11,FOMC_statement,https://www.federalreserve.gov/boarddocs/press/general/2001/20011211/default.htm,XLI,train,-1,0.003739548347664101,-0.003632847177718057,-0.013576706075080658
2001-12-11,FOMC_statement,https://www.federalreserve.gov/boarddocs/press/general/2001/20011211/default.htm,XLK,train,-1,0.0028265091985768542,-0.018746310639670027,-0.012455689795410008
2001-12-11,FOMC_statement,https://www.federalreserve.gov/boarddocs/press/general/2001/20011211/default.htm,XLP,train,-1,0.0008576162603901594,-0.0032498623893473244,-0.007772624610812517
2001-12-11,FOMC_statement,https://www.federalreserve.gov/boarddocs/press/general/2001/20011211/default.htm,XLU,train,2,0.009944162220324015,0.011775643161934246,0.02511529900142917
2001-12-11,FOMC_statement,https://www.federalreserve.gov/boarddocs/press/general/2001/20011211/default.htm,XLV,train,0,-0.005558843040983308,-0.019029646570708936,0.006183580169444869
2001-12-11,FOMC_statement,https://www.federalreserve.gov/boarddocs/press/general/2001/20011211/default.htm,XLY,train,1,0.0006761885237018816,0.007383435889693923,0.016879008243979365
2002-01-16,Beige_Book,https://www.federalreserve.gov/fomc/beigebook/2002/20020116/default.htm,XLB,train,2,-0.003069563363089056,0.0069836054603886755,0.12752983079922053
2002-01-16,Beige_Book,https://www.federalreserve.gov/fomc/beigebook/2002/20020116/default.htm,XLE,train,2,-0.007932174216515264,-0.012056012515325953,0.043784031311402405
2002-01-16,Beige_Book,https://www.federalreserve.gov/fomc/beigebook/2002/20020116/default.htm,XLF,train,-1,0.00197575781908621,0.006271664241426,-0.020835545719897763
2002-01-16,Beige_Book,https://www.federalreserve.gov/fomc/beigebook/2002/20020116/default.htm,XLI,train,1,-0.003596649027063137,0.020771191361585895,0.018071101617856633
2002-01-16,Beige_Book,https://www.federalreserve.gov/fomc/beigebook/2002/20020116/default.htm,XLK,train,-2,0.017198294630921707,-0.04050875559077183,-0.08427251904820476
2002-01-16,Beige_Book,https://www.federalreserve.gov/fomc/beigebook/2002/20020116/default.htm,XLP,train,2,0.001658142429856957,0.020299124042007177,0.03546935546355923
2002-01-16,Beige_Book,https://www.federalreserve.gov/fomc/beigebook/2002/20020116/default.htm,XLU,train,-2,-0.017540962461473963,-0.029578210207771294,-0.027437086073484607
2002-01-16,Beige_Book,https://www.federalreserve.gov/fomc/beigebook/2002/20020116/default.htm,XLV,train,2,-0.0012401728314710425,-9.369280219651e-05,0.029531660631131218
2002-01-16,Beige_Book,https://www.federalreserve.gov/fomc/beigebook/2002/20020116/default.htm,XLY,train,2,0.004358423224856134,0.019405770786601884,0.0688421205947144
2002-01-30,FOMC_statement,https://www.federalreserve.gov/boarddocs/press/general/2002/20020130/default.htm,XLB,train,2,0.009726035163085012,0.025535767640120888,0.07049802784498638
2002-01-30,FOMC_statement,https://www.federalreserve.gov/boarddocs/press/general/2002/20020130/default.htm,XLE,train,2,0.012145774274101573,0.020470192533554532,0.05459975745474577
2002-01-30,FOMC_statement,https://www.federalreserve.gov/boarddocs/press/general/2002/20020130/default.htm,XLF,train,0,0.005106372118920843,-0.013878307095307907,-0.002694131636186592
2002-01-30,FOMC_statement,https://www.federalreserve.gov/boarddocs/press/general/2002/20020130/default.htm,XLI,train,2,0.003945427719019845,-0.01849518806367778,0.04754213241867866
2002-01-30,FOMC_statement,https://www.federalreserve.gov/boarddocs/press/general/2002/20020130/default.htm,XLK,train,-2,0.002820279179618801,-0.01450217766070827,-0.08847126136492434
2002-01-30,FOMC_statement,https://www.federalreserve.gov/boarddocs/press/general/2002/20020130/default.htm,XLP,train,2,-0.006130101671282695,0.013507117351341691,0.027803804891222583
2002-01-30,FOMC_statement,https://www.federalreserve.gov/boarddocs/press/general/2002/20020130/default.htm,XLU,train,1,-0.005003883304054213,0.016415562948408402,0.009047419621396546
2002-01-30,FOMC_statement,https://www.federalreserve.gov/boarddocs/press/general/2002/20020130/default.htm,XLV,train,2,-0.0015136489471434533,0.007054124786147198,0.057270147229423585
2002-01-30,FOMC_statement,https://www.federalreserve.gov/boarddocs/press/general/2002/20020130/default.htm,XLY,train,1,0.003410459909528818,0.006034521675935212,0.013051867872311274
2002-03-06,Beige_Book,https://www.federalreserve.gov/fomc/beigebook/2002/20020306/default.htm,XLB,train,1,-0.00458097916487854,-0.01642892897376691,0.0099020884621277
2002-03-06,Beige_Book,https://www.federalreserve.gov/fomc/beigebook/2002/20020306/default.htm,XLE,train,2,0.00960409237418236,0.009306041639742246,0.030939665359917767
2002-03-06,Beige_Book,https://www.federalreserve.gov/fomc/beigebook/2002/20020306/default.htm,XLF,train,2,-0.006665781111242608,-0.002668009050739717,0.03340035208066816
2002-03-06,Beige_Book,https://www.federalreserve.gov/fomc/beigebook/2002/20020306/default.htm,XLI,train,-2,-0.00972933837954093,-0.007253141974737254,-0.02567231965122385
2002-03-06,Beige_Book,https://www.federalreserve.gov/fomc/beigebook/2002/20020306/default.htm,XLK,train,-2,-0.0013714475709939444,0.021733652262399317,-0.06030279283832274
2002-03-06,Beige_Book,https://www.federalreserve.gov/fomc/beigebook/2002/20020306/default.htm,XLP,train,1,0.0017570688537856816,-0.008047404181447226,0.011101759667605848
2002-03-06,Beige_Book,https://www.federalreserve.gov/fomc/beigebook/2002/20020306/default.htm,XLU,train,1,-0.0038337863179740417,-0.009814052339819468,0.022479782818275673
2002-03-06,Beige_Book,https://www.federalreserve.gov/fomc/beigebook/2002/20020306/default.htm,XLV,train,2,-0.005403057493592711,-0.006167905705295684,0.04609555431711554
2002-03-06,Beige_Book,https://www.federalreserve.gov/fomc/beigebook/2002/20020306/default.htm,XLY,train,1,0.009821178216170234,0.004498144777896451,0.01240556460740061
2002-03-19,FOMC_statement,https://www.federalreserve.gov/boarddocs/press/general/2002/20020319/,XLB,train,1,0.014237522938651437,-0.008417225690468322,0.024445057136561976
2002-03-19,FOMC_statement,https://www.federalreserve.gov/boarddocs/press/general/2002/20020319/,XLE,train,1,0.008219106663115539,-0.007885025077786434,0.02378908981818839
2002-03-19,FOMC_statement,https://www.federalreserve.gov/boarddocs/press/general/2002/20020319/,XLF,train,2,0.003197211109739917,0.0049323870465194375,0.04065582759868269
2002-03-19,FOMC_statement,https://www.federalreserve.gov/boarddocs/press/general/2002/20020319/,XLI,train,-1,0.007847658861713791,-0.016294250841499602,-0.015815525213296322
2002-03-19,FOMC_statement,https://www.federalreserve.gov/boarddocs/press/general/2002/20020319/,XLK,train,-2,-0.01164946610999451,-0.004543043877097919,-0.03346313541968304
2002-03-19,FOMC_statement,https://www.federalreserve.gov/boarddocs/press/general/2002/20020319/,XLP,train,1,-0.0008432469320519553,0.00975312074900514,0.017494381764944555
2002-03-19,FOMC_statement,https://www.federalreserve.gov/boarddocs/press/general/2002/20020319/,XLU,train,1,0.012781819022673058,0.013570208090769142,0.01510576383028861
2002-03-19,FOMC_statement,https://www.federalreserve.gov/boarddocs/press/general/2002/20020319/,XLV,train,2,0.019151587890446242,0.009131278198507675,0.05215603286287107
2002-03-19,FOMC_statement,https://www.federalreserve.gov/boarddocs/press/general/2002/20020319/,XLY,train,1,0.014906371398859308,-0.0004262456282742022,0.01851871497032731
2002-04-24,Beige_Book,https://www.federalreserve.gov/fomc/beigebook/2002/20020424/default.htm,XLB,train,2,-0.0027624542109669914,0.007473054178015359,0.07042881838623138
2002-04-24,Beige_Book,https://www.federalreserve.gov/fomc/beigebook/2002/20020424/default.htm,XLE,train,1,0.006617493961741383,0.013051247011807376,0.0067927633720579195
2002-04-24,Beige_Book,https://www.federalreserve.gov/fomc/beigebook/2002/20020424/default.htm,XLF,train,0,-0.009901646792599306,0.0015407713107412624,0.0015072413167968035
2002-04-24,Beige_Book,https://www.federalreserve.gov/fomc/beigebook/2002/20020424/default.htm,XLI,train,1,-0.012573265688801571,-0.020661094847327144,0.012201359353190333
2002-04-24,Beige_Book,https://www.federalreserve.gov/fomc/beigebook/2002/20020424/default.htm,XLK,train,0,0.006176317462418979,-0.010184915613105305,0.001895675173551603
2002-04-24,Beige_Book,https://www.federalreserve.gov/fomc/beigebook/2002/20020424/default.htm,XLP,train,-1,0.002605193393811822,0.009969493244399552,-0.01662792976020311
2002-04-24,Beige_Book,https://www.federalreserve.gov/fomc/beigebook/2002/20020424/default.htm,XLU,train,0,-0.007235754490199198,-0.014202525969125745,0.005040013676520627
2002-04-24,Beige_Book,https://www.federalreserve.gov/fomc/beigebook/2002/20020424/default.htm,XLV,train,-1,0.00243072463660865,-0.012627524744489804,-0.019122547839662496
2002-04-24,Beige_Book,https://www.federalreserve.gov/fomc/beigebook/2002/20020424/default.htm,XLY,train,0,0.0021587811266108314,0.009154869625665252,-0.006419216536764472
2002-05-07,FOMC_statement,https://www.federalreserve.gov/boarddocs/press/monetary/2002/20020507/default.htm,XLB,train,0,-0.026473468732699068,0.0013802339638523398,0.0030493084691061156
2002-05-07,FOMC_statement,https://www.federalreserve.gov/boarddocs/press/monetary/2002/20020507/default.htm,XLE,train,-2,-0.016270672608037273,0.004409571922135647,-0.026312606718694842
2002-05-07,FOMC_statement,https://www.federalreserve.gov/boarddocs/press/monetary/2002/20020507/default.htm,XLF,train,-1,-0.007621319353561251,-0.0020029377478136823,-0.010066767401669785
2002-05-07,FOMC_statement,https://www.federalreserve.gov/boarddocs/press/monetary/2002/20020507/default.htm,XLI,train,-1,0.004262923700204091,0.0027101236782880456,-0.012391452879722875
2002-05-07,FOMC_statement,https://www.federalreserve.gov/boarddocs/press/monetary/2002/20020507/default.htm,XLK,train,2,0.06646274033884225,0.02983309384156685,0.04029465951078315
2002-05-07,FOMC_statement,https://www.federalreserve.gov/boarddocs/press/monetary/2002/20020507/default.htm,XLP,train,-1,-0.018999065768584122,-0.0009370187230133276,-0.015728080460579497
2002-05-07,FOMC_statement,https://www.federalreserve.gov/boarddocs/press/monetary/2002/20020507/default.htm,XLU,train,-2,-0.022971090365464297,-0.023860177729104204,-0.02818485196314513
2002-05-07,FOMC_statement,https://www.federalreserve.gov/boarddocs/press/monetary/2002/20020507/default.htm,XLV,train,1,-0.014903972996037185,-0.009153267249128239,0.01249136048087196
2002-05-07,FOMC_statement,https://www.federalreserve.gov/boarddocs/press/monetary/2002/20020507/default.htm,XLY,train,-1,-0.022436800699534798,-0.023761323388011513,-0.014355039289390192
2002-06-12,Beige_Book,https://www.federalreserve.gov/fomc/beigebook/2002/20020612/default.htm,XLB,train,2,-0.0077633106708761,-0.016319141419101957,0.04322165607854056
2002-06-12,Beige_Book,https://www.federalreserve.gov/fomc/beigebook/2002/20020612/default.htm,XLE,train,1,0.00888089975978612,0.00833071929712137,0.01863637262461959
2002-06-12,Beige_Book,https://www.federalreserve.gov/fomc/beigebook/2002/20020612/default.htm,XLF,train,2,-0.01328951283087143,0.01560040965553422,0.03220540568512342
2002-06-12,Beige_Book,https://www.federalreserve.gov/fomc/beigebook/2002/20020612/default.htm,XLI,train,2,0.0075423083362258225,0.00529070870189241,0.036867358991400256
2002-06-12,Beige_Book,https://www.federalreserve.gov/fomc/beigebook/2002/20020612/default.htm,XLK,train,0,-0.006859869969154553,-0.00013792593759265337,0.0047179792830892575
2002-06-12,Beige_Book,https://www.federalreserve.gov/fomc/beigebook/2002/20020612/default.htm,XLP,train,-1,0.007071672480215674,0.005037381620543013,-0.017793076976827638
2002-06-12,Beige_Book,https://www.federalreserve.gov/fomc/beigebook/2002/20020612/default.htm,XLU,train,-2,0.008858074876127997,-0.006731850448448151,-0.06489116660084615
2002-06-12,Beige_Book,https://www.federalreserve.gov/fomc/beigebook/2002/20020612/default.htm,XLV,train,-2,-0.008179761675549124,-0.012974786522250481,-0.026738502732107428
2002-06-12,Beige_Book,https://www.federalreserve.gov/fomc/beigebook/2002/20020612/default.htm,XLY,train,-1,-0.012845074782735888,-0.01815158312508114,-0.01683563397578358
2002-06-26,FOMC_statement,https://www.federalreserve.gov/boarddocs/press/monetary/2002/20020626/default.htm,XLB,train,1,-0.009549524654216324,0.02485763665090346,0.02336279705806077
2002-06-26,FOMC_statement,https://www.federalreserve.gov/boarddocs/press/monetary/2002/20020626/default.htm,XLE,train,-2,-0.01246966339210731,0.01068622196984903,-0.0591782203115524
2002-06-26,FOMC_statement,https://www.federalreserve.gov/boarddocs/press/monetary/2002/20020626/default.htm,XLF,train,0,0.0038995326530899543,0.02033824363460157,-0.0012540266433329617
2002-06-26,FOMC_statement,https://www.federalreserve.gov/boarddocs/press/monetary/2002/20020626/default.htm,XLI,train,1,-0.0017545924760524745,-0.0005841455837948262,0.017463217486102578
2002-06-26,FOMC_statement,https://www.federalreserve.gov/boarddocs/press/monetary/2002/20020626/default.htm,XLK,train,0,0.009072348821104415,-0.010311619918017101,-0.0037225180720142914
2002-06-26,FOMC_statement,https://www.federalreserve.gov/boarddocs/press/monetary/2002/20020626/default.htm,XLP,train,2,-0.009859532455396725,0.016676263376702916,0.045355056549681194
2002-06-26,FOMC_statement,https://www.federalreserve.gov/boarddocs/press/monetary/2002/20020626/default.htm,XLU,train,-2,-0.0183409620118139,0.005893983102948419,-0.09732951080809382
2002-06-26,FOMC_statement,https://www.federalreserve.gov/boarddocs/press/monetary/2002/20020626/default.htm,XLV,train,2,0.007955126411416602,-0.02816192895174996,0.03380888261491932
2002-06-26,FOMC_statement,https://www.federalreserve.gov/boarddocs/press/monetary/2002/20020626/default.htm,XLY,train,-2,-0.011617256450130897,-0.013580537690545236,-0.029925128741207896
2002-07-31,Beige_Book,https://www.federalreserve.gov/fomc/beigebook/2002/20020731/default.htm,XLB,train,-2,0.01978597576541019,0.0006659918455346192,-0.027406657366194964
2002-07-31,Beige_Book,https://www.federalreserve.gov/fomc/beigebook/2002/20020731/default.htm,XLE,train,0,-0.03281976552088883,-0.024050454871174853,0.00028974832148442875
2002-07-31,Beige_Book,https://www.federalreserve.gov/fomc/beigebook/2002/20020731/default.htm,XLF,train,1,0.0013791000790106533,-0.006017218341418773,0.006835507454035161
2002-07-31,Beige_Book,https://www.federalreserve.gov/fomc/beigebook/2002/20020731/default.htm,XLI,train,-2,0.003886207316305512,-0.00828515129362617,-0.02729570028696282
2002-07-31,Beige_Book,https://www.federalreserve.gov/fomc/beigebook/2002/20020731/default.htm,XLK,train,1,-0.017886755205850702,-0.025141812907974237,0.011971974488532933
2002-07-31,Beige_Book,https://www.federalreserve.gov/fomc/beigebook/2002/20020731/default.htm,XLP,train,-1,0.01671904319006068,0.05826440029466329,-0.013046122866555154
2002-07-31,Beige_Book,https://www.federalreserve.gov/fomc/beigebook/2002/20020731/default.htm,XLU,train,2,0.01160209361027209,0.03166874162808242,0.04279293013073904
2002-07-31,Beige_Book,https://www.federalreserve.gov/fomc/beigebook/2002/20020731/default.htm,XLV,train,0,-0.0017943665728770153,0.004556420136944905,0.002644666331772405
2002-07-31,Beige_Book,https://www.federalreserve.gov/fomc/beigebook/2002/20020731/default.htm,XLY,train,1,-0.004482778682793009,-0.014825557811713685,0.02029305599909559
2002-08-13,FOMC_statement,https://www.federalreserve.gov/boarddocs/press/monetary/2002/20020813/default.htm,XLB,train,-2,-0.02378494331851,-0.05307205902919443,-0.03007460178238508
2002-08-13,FOMC_statement,https://www.federalreserve.gov/boarddocs/press/monetary/2002/20020813/default.htm,XLE,train,0,0.0027310318518616317,0.004022207748408113,-0.006161871426266563
2002-08-13,FOMC_statement,https://www.federalreserve.gov/boarddocs/press/monetary/2002/20020813/default.htm,XLF,train,-1,0.0033643440040469486,-0.002317140606052037,-0.020456791475575553
2002-08-13,FOMC_statement,https://www.federalreserve.gov/boarddocs/press/monetary/2002/20020813/default.htm,XLI,train,-1,-0.014920037915094886,-0.018597405943690526,-0.013003411601589687
2002-08-13,FOMC_statement,https://www.federalreserve.gov/boarddocs/press/monetary/2002/20020813/default.htm,XLK,train,1,0.025970561252110613,0.05281718812457292,0.018757400325361773
2002-08-13,FOMC_statement,https://www.federalreserve.gov/boarddocs/press/monetary/2002/20020813/default.htm,XLP,train,-1,-0.003628949383222002,-0.028013885801550398,-0.02238415251533976
2002-08-13,FOMC_statement,https://www.federalreserve.gov/boarddocs/press/monetary/2002/20020813/default.htm,XLU,train,-2,-0.006226065384801638,-0.031087654839407675,-0.05887912834448028
2002-08-13,FOMC_statement,https://www.federalreserve.gov/boarddocs/press/monetary/2002/20020813/default.htm,XLV,train,-1,-0.011342100840835645,-0.02327147340086877,-0.010779940610769034
2002-08-13,FOMC_statement,https://www.federalreserve.gov/boarddocs/press/monetary/2002/20020813/default.htm,XLY,train,2,0.018192688295428194,0.04710572938780777,0.08728447276625817
2002-09-11,Beige_Book,https://www.federalreserve.gov/fomc/beigebook/2002/20020911/default.htm,XLB,train,-2,-0.0007754458311828305,-0.01980099989224704,-0.027683977300411056
2002-09-11,Beige_Book,https://www.federalreserve.gov/fomc/beigebook/2002/20020911/default.htm,XLE,train,2,-0.006256475965776387,0.006836610664352261,0.04263226807775855
2002-09-11,Beige_Book,https://www.federalreserve.gov/fomc/beigebook/2002/20020911/default.htm,XLF,train,-2,-0.009585536523528781,-0.009075972281037736,-0.026854004824738653
2002-09-11,Beige_Book,https://www.federalreserve.gov/fomc/beigebook/2002/20020911/default.htm,XLI,train,-2,0.004736972811514084,-0.014287886245710535,-0.03990701037043276
2002-09-11,Beige_Book,https://www.federalreserve.gov/fomc/beigebook/2002/20020911/default.htm,XLK,train,-2,-0.018447338348738573,-0.035571562422131,-0.04398293772110129
2002-09-11,Beige_Book,https://www.federalreserve.gov/fomc/beigebook/2002/20020911/default.htm,XLP,train,2,0.0054296163891550675,0.02067028351317901,0.05865875118947372
2002-09-11,Beige_Book,https://www.federalreserve.gov/fomc/beigebook/2002/20020911/default.htm,XLU,train,-2,-0.007269158991048963,-0.008968296660575303,-0.08052960370798579
2002-09-11,Beige_Book,https://www.federalreserve.gov/fomc/beigebook/2002/20020911/default.htm,XLV,train,2,-0.0004884747070870166,0.0021620272652438377,0.08381046447076246
2002-09-11,Beige_Book,https://www.federalreserve.gov/fomc/beigebook/2002/20020911/default.htm,XLY,train,-2,-0.0063390746104674545,0.0016232422073572117,-0.037082630212948886
2002-09-24,FOMC_statement,https://www.federalreserve.gov/boarddocs/press/monetary/2002/20020924/default.htm,XLB,train,-1,-6.529102522656594e-05,0.003940099872365654,-0.017406821664114447
2002-09-24,FOMC_statement,https://www.federalreserve.gov/boarddocs/press/monetary/2002/20020924/default.htm,XLE,train,0,0.002479328857269092,0.04441437104017065,-0.004347588573445527
2002-09-24,FOMC_statement,https://www.federalreserve.gov/boarddocs/press/monetary/2002/20020924/default.htm,XLF,train,1,-0.005089312866346063,0.011310691577077314,0.022657066000049464
2002-09-24,FOMC_statement,https://www.federalreserve.gov/boarddocs/press/monetary/2002/20020924/default.htm,XLI,train,-2,-0.005513971485765268,-0.0057791759590681835,-0.030251734111188866
2002-09-24,FOMC_statement,https://www.federalreserve.gov/boarddocs/press/monetary/2002/20020924/default.htm,XLK,train,2,0.013646207821398804,-0.004466207339073325,0.07546951593639095
2002-09-24,FOMC_statement,https://www.federalreserve.gov/boarddocs/press/monetary/2002/20020924/default.htm,XLP,train,-2,-0.016780265666825,-0.005149081237633579,-0.04658442055273515
2002-09-24,FOMC_statement,https://www.federalreserve.gov/boarddocs/press/monetary/2002/20020924/default.htm,XLU,train,-2,0.004913527234494897,0.04561629660535105,-0.09264139859099763
2002-09-24,FOMC_statement,https://www.federalreserve.gov/boarddocs/press/monetary/2002/20020924/default.htm,XLV,train,-1,0.003674282825775199,0.0027439538138812614,-0.01874984919680811
2002-09-24,FOMC_statement,https://www.federalreserve.gov/boarddocs/press/monetary/2002/20020924/default.htm,XLY,train,-1,-0.00495722336106974,0.008231728160704499,-0.018824098718406734
2002-10-23,Beige_Book,https://www.federalreserve.gov/fomc/beigebook/2002/20021023/default.htm,XLB,train,1,-0.012567798323912971,-0.012876778623345131,0.008566630985573753
2002-10-23,Beige_Book,https://www.federalreserve.gov/fomc/beigebook/2002/20021023/default.htm,XLE,train,-2,0.0039253786243321764,-0.027587608013290632,-0.03929952780856505
2002-10-23,Beige_Book,https://www.federalreserve.gov/fomc/beigebook/2002/20021023/default.htm,XLF,train,0,0.0022978153880740537,0.010563359723961718,0.005012384284625471
2002-10-23,Beige_Book,https://www.federalreserve.gov/fomc/beigebook/2002/20021023/default.htm,XLI,train,-1,-0.0006129891632862261,-0.01618187047773101,-0.016571354428208007
2002-10-23,Beige_Book,https://www.federalreserve.gov/fomc/beigebook/2002/20021023/default.htm,XLK,train,2,0.004404740495968729,0.014912175239176428,0.12042757386562275
2002-10-23,Beige_Book,https://www.federalreserve.gov/fomc/beigebook/2002/20021023/default.htm,XLP,train,-2,0.005637210335667997,-0.023962010927432664,-0.08696203692201454
2002-10-23,Beige_Book,https://www.federalreserve.gov/fomc/beigebook/2002/20021023/default.htm,XLU,train,1,0.02097439560553105,0.04088955759090962,0.021283041821831827
2002-10-23,Beige_Book,https://www.federalreserve.gov/fomc/beigebook/2002/20021023/default.htm,XLV,train,-1,0.003915949085640857,0.0034935306768999475,-0.01786732332873231
2002-10-23,Beige_Book,https://www.federalreserve.gov/fomc/beigebook/2002/20021023/default.htm,XLY,train,-2,0.007969187936487487,-0.0019302130164767783,-0.039352777052123256
2002-11-06,FOMC_statement,https://www.federalreserve.gov/boarddocs/press/monetary/2002/20021106/default.htm,XLB,train,2,0.003693032371447358,-0.01255314452914702,0.035995928365717855
2002-11-06,FOMC_statement,https://www.federalreserve.gov/boarddocs/press/monetary/2002/20021106/default.htm,XLE,train,2,0.005755624264192294,0.015218707055433933,0.03312901541294211
2002-11-06,FOMC_statement,https://www.federalreserve.gov/boarddocs/press/monetary/2002/20021106/default.htm,XLF,train,0,-0.011701367724635037,-0.00012480688397742412,-0.0034713613148064093
2002-11-06,FOMC_statement,https://www.federalreserve.gov/boarddocs/press/monetary/2002/20021106/default.htm,XLI,train,0,0.0029698822230057598,-0.0030685543255124514,-0.004376246510678583
2002-11-06,FOMC_statement,https://www.federalreserve.gov/boarddocs/press/monetary/2002/20021106/default.htm,XLK,train,2,-0.015017890780687826,-0.029336787249694574,0.025659256758144622
2002-11-06,FOMC_statement,https://www.federalreserve.gov/boarddocs/press/monetary/2002/20021106/default.htm,XLP,train,0,0.022062122615469915,0.04047419863646362,-0.0026544619950621406
2002-11-06,FOMC_statement,https://www.federalreserve.gov/boarddocs/press/monetary/2002/20021106/default.htm,XLU,train,-2,-0.021910154709336993,-0.03616361274767277,-0.05142347776104439
2002-11-06,FOMC_statement,https://www.federalreserve.gov/boarddocs/press/monetary/2002/20021106/default.htm,XLV,train,-1,0.020230281399042926,0.027841435937308034,-0.011775653771452399
2002-11-06,FOMC_statement,https://www.federalreserve.gov/boarddocs/press/monetary/2002/20021106/default.htm,XLY,train,-1,0.00016399177454717861,-0.001351350968468501,-0.010039107866239072
2002-11-27,Beige_Book,https://www.federalreserve.gov/fomc/beigebook/2002/20021127/default.htm,XLB,train,2,0.0256325970587854,0.0071331480019983795,0.03427318106390986
2002-11-27,Beige_Book,https://www.federalreserve.gov/fomc/beigebook/2002/20021127/default.htm,XLE,train,2,0.015361285610028252,0.04004305747949555,0.07303991566598034
2002-11-27,Beige_Book,https://www.federalreserve.gov/fomc/beigebook/2002/20021127/default.htm,XLF,train,0,-0.005292038862950155,-0.008032237954691657,0.002331799098697407
2002-11-27,Beige_Book,https://www.federalreserve.gov/fomc/beigebook/2002/20021127/default.htm,XLI,train,1,0.0008676607559217064,0.002555480651457609,0.010765524470665588
2002-11-27,Beige_Book,https://www.federalreserve.gov/fomc/beigebook/2002/20021127/default.htm,XLK,train,-2,-0.002631653415821056,-0.022903785575594693,-0.07707778190311743
2002-11-27,Beige_Book,https://www.federalreserve.gov/fomc/beigebook/2002/20021127/default.htm,XLP,train,2,-0.002784404560142284,0.007052143428621482,0.06269135688216221
2002-11-27,Beige_Book,https://www.federalreserve.gov/fomc/beigebook/2002/20021127/default.htm,XLU,train,2,0.007462866160969472,0.015151373599228135,0.10024685313768433
2002-11-27,Beige_Book,https://www.federalreserve.gov/fomc/beigebook/2002/20021127/default.htm,XLV,train,1,-0.0007740835044965921,-0.0045730648888466785,0.01507421672592213
2002-11-27,Beige_Book,https://www.federalreserve.gov/fomc/beigebook/2002/20021127/default.htm,XLY,train,-2,-0.006207525609164821,-0.018681067706060595,-0.04085604037459789
2002-12-10,FOMC_statement,https://www.federalreserve.gov/boarddocs/press/monetary/2002/20021210/default.htm,XLB,train,1,0.010200966457952099,0.010561810519080561,0.01279369091424365
2002-12-10,FOMC_statement,https://www.federalreserve.gov/boarddocs/press/monetary/2002/20021210/default.htm,XLE,train,-2,-0.006133986605555308,0.01591251148646866,-0.059337100625482586
2002-12-10,FOMC_statement,https://www.federalreserve.gov/boarddocs/press/monetary/2002/20021210/default.htm,XLF,train,1,-2.4325739691466453e-06,-6.056108730279064e-06,0.009070853994733064
2002-12-10,FOMC_statement,https://www.federalreserve.gov/boarddocs/press/monetary/2002/20021210/default.htm,XLI,train,-1,0.004388140505504623,-0.0007856260997428643,-0.008369771903974588
2002-12-10,FOMC_statement,https://www.federalreserve.gov/boarddocs/press/monetary/2002/20021210/default.htm,XLK,train,2,0.0068195661759804516,-0.0041677827476540585,0.03507823062326676
2002-12-10,FOMC_statement,https://www.federalreserve.gov/boarddocs/press/monetary/2002/20021210/default.htm,XLP,train,-2,-0.006757818260685222,0.0031978813223840774,-0.026946856557198307
2002-12-10,FOMC_statement,https://www.federalreserve.gov/boarddocs/press/monetary/2002/20021210/default.htm,XLU,train,2,0.008266898770606934,0.03743225319603327,0.06880911091078279
2002-12-10,FOMC_statement,https://www.federalreserve.gov/boarddocs/press/monetary/2002/20021210/default.htm,XLV,train,-2,-0.002339376051577302,-0.002219802204996957,-0.025297888586374273
2002-12-10,FOMC_statement,https://www.federalreserve.gov/boarddocs/press/monetary/2002/20021210/default.htm,XLY,train,-1,-0.002125320656715224,-0.010439342995696044,-0.023622490162421128
2003-01-15,Beige_Book,https://www.federalreserve.gov/fomc/beigebook/2003/20030115/default.htm,XLB,train,0,0.009547086792138781,0.010223632873165411,-0.004075940417277657
2003-01-15,Beige_Book,https://www.federalreserve.gov/fomc/beigebook/2003/20030115/default.htm,XLE,train,2,0.014035953204617035,0.013372747936361673,0.06199855584208491
2003-01-15,Beige_Book,https://www.federalreserve.gov/fomc/beigebook/2003/20030115/default.htm,XLF,train,-1,-0.005717411178622123,0.00514385857996047,-0.020424338332552305
2003-01-15,Beige_Book,https://www.federalreserve.gov/fomc/beigebook/2003/20030115/default.htm,XLI,train,0,-0.0016208489682750793,-0.0031828675471009538,-0.002978477737045959
2003-01-15,Beige_Book,https://www.federalreserve.gov/fomc/beigebook/2003/20030115/default.htm,XLK,train,-2,-0.01729500930677108,-0.04228294219716566,-0.029168331890130572
2003-01-15,Beige_Book,https://www.federalreserve.gov/fomc/beigebook/2003/20030115/default.htm,XLP,train,2,0.018875706199567466,0.036071066849070355,0.02871570239787291
2003-01-15,Beige_Book,https://www.federalreserve.gov/fomc/beigebook/2003/20030115/default.htm,XLU,train,-2,0.0025992499507812017,0.007584308087588698,-0.025294261853473277
2003-01-15,Beige_Book,https://www.federalreserve.gov/fomc/beigebook/2003/20030115/default.htm,XLV,train,1,0.0011705048021872777,0.023385641598312912,0.021514420355549846
2003-01-15,Beige_Book,https://www.federalreserve.gov/fomc/beigebook/2003/20030115/default.htm,XLY,train,-1,0.00037501804536332894,-0.007507695956392335,-0.007550906483504538
2003-01-29,FOMC_statement,https://www.federalreserve.gov/boarddocs/press/monetary/2003/20030129/default.htm,XLB,train,-1,0.0016810923835101077,-0.006224039239467349,-0.020461600340822672
2003-01-29,FOMC_statement,https://www.federalreserve.gov/boarddocs/press/monetary/2003/20030129/default.htm,XLE,train,2,0.008021924070639286,0.014699969739248142,0.05109986334473038
2003-01-29,FOMC_statement,https://www.federalreserve.gov/boarddocs/press/monetary/2003/20030129/default.htm,XLF,train,-1,-0.001466917062464601,-0.0007274404385591016,-0.018263736495548244
2003-01-29,FOMC_statement,https://www.federalreserve.gov/boarddocs/press/monetary/2003/20030129/default.htm,XLI,train,0,0.006269091722644227,0.010416242180349755,0.0020472736981885786
2003-01-29,FOMC_statement,https://www.federalreserve.gov/boarddocs/press/monetary/2003/20030129/default.htm,XLK,train,-1,-0.007105545151886328,-0.020772698502706577,-0.008291627610563346
2003-01-29,FOMC_statement,https://www.federalreserve.gov/boarddocs/press/monetary/2003/20030129/default.htm,XLP,train,0,0.0053996472907447135,0.01385807547919482,-0.005840377642499228
2003-01-29,FOMC_statement,https://www.federalreserve.gov/boarddocs/press/monetary/2003/20030129/default.htm,XLU,train,-2,0.007739245676347206,0.0010241416736929132,-0.04115499858826244
2003-01-29,FOMC_statement,https://www.federalreserve.gov/boarddocs/press/monetary/2003/20030129/default.htm,XLV,train,0,0.005165940036371719,-0.00022639022029879996,-0.0032701019053335
2003-01-29,FOMC_statement,https://www.federalreserve.gov/boarddocs/press/monetary/2003/20030129/default.htm,XLY,train,0,-0.004804511139711587,-0.013926535561545772,-0.005564290922771997
2003-03-05,Beige_Book,https://www.federalreserve.gov/fomc/beigebook/2003/20030305/default.htm,XLB,train,0,-0.008920167468922657,-0.005331880143176426,-0.0012918843396734214
2003-03-05,Beige_Book,https://www.federalreserve.gov/fomc/beigebook/2003/20030305/default.htm,XLE,train,-2,0.0092743053913803,0.016213104511356824,-0.06404393508380068
2003-03-05,Beige_Book,https://www.federalreserve.gov/fomc/beigebook/2003/20030305/default.htm,XLF,train,0,-0.005547780383868939,-0.01589217095114326,-0.0028002543099063804
2003-03-05,Beige_Book,https://www.federalreserve.gov/fomc/beigebook/2003/20030305/default.htm,XLI,train,1,0.0009801228754889868,-0.0036638357408357303,0.007033063076404722
2003-03-05,Beige_Book,https://www.federalreserve.gov/fomc/beigebook/2003/20030305/default.htm,XLK,train,0,-0.004243452342155285,-0.012817053685901136,0.0032231463630677526
2003-03-05,Beige_Book,https://www.federalreserve.gov/fomc/beigebook/2003/20030305/default.htm,XLP,train,-1,0.0018018296228191621,0.0034666017598041776,-0.019541959921014262
2003-03-05,Beige_Book,https://www.federalreserve.gov/fomc/beigebook/2003/20030305/default.htm,XLU,train,-1,0.008388084067769586,0.005459379615923021,-0.012776209036656105
2003-03-05,Beige_Book,https://www.federalreserve.gov/fomc/beigebook/2003/20030305/default.htm,XLV,train,1,0.010333774209945079,0.02023471514148012,0.012875866252577417
2003-03-05,Beige_Book,https://www.federalreserve.gov/fomc/beigebook/2003/20030305/default.htm,XLY,train,2,-0.0032074982603272906,0.00534647597908533,0.04570995709919945
2003-03-18,FOMC_statement,https://www.federalreserve.gov/boarddocs/press/monetary/2003/20030318/default.htm,XLB,train,-1,-0.01134119988688742,0.0028846838909709627,-0.01254056855877761
2003-03-18,FOMC_statement,https://www.federalreserve.gov/boarddocs/press/monetary/2003/20030318/default.htm,XLE,train,-2,-0.006343084976646596,-0.03117420472757282,-0.03952630132039936
2003-03-18,FOMC_statement,https://www.federalreserve.gov/boarddocs/press/monetary/2003/20030318/default.htm,XLF,train,2,0.006858315536415027,0.010094735390918652,0.0408549683008691
2003-03-18,FOMC_statement,https://www.federalreserve.gov/boarddocs/press/monetary/2003/20030318/default.htm,XLI,train,0,-0.001630531203543839,0.009366767286896005,0.004930242003628571
2003-03-18,FOMC_statement,https://www.federalreserve.gov/boarddocs/press/monetary/2003/20030318/default.htm,XLK,train,-2,-0.00963032354030946,-0.019408479166290293,-0.04352813017900914
2003-03-18,FOMC_statement,https://www.federalreserve.gov/boarddocs/press/monetary/2003/20030318/default.htm,XLP,train,-1,0.00925518059561159,0.005425401319955614,-0.016677274154503263
2003-03-18,FOMC_statement,https://www.federalreserve.gov/boarddocs/press/monetary/2003/20030318/default.htm,XLU,train,2,-0.013075719288245136,-0.00852508480793146,0.02541843671557975
2003-03-18,FOMC_statement,https://www.federalreserve.gov/boarddocs/press/monetary/2003/20030318/default.htm,XLV,train,-1,0.003666264875922698,0.005007543863556618,-0.013987151185522295
2003-03-18,FOMC_statement,https://www.federalreserve.gov/boarddocs/press/monetary/2003/20030318/default.htm,XLY,train,2,0.011487695092721628,0.026847872312162124,0.04314966388825836
2003-04-23,Beige_Book,https://www.federalreserve.gov/fomc/beigebook/2003/20030423/default.htm,XLB,train,0,0.0033519904024280622,0.000724452832535194,0.002624503551476698
2003-04-23,Beige_Book,https://www.federalreserve.gov/fomc/beigebook/2003/20030423/default.htm,XLE,train,2,0.005356100153666721,-0.007501813356988629,0.040929917725936016
2003-04-23,Beige_Book,https://www.federalreserve.gov/fomc/beigebook/2003/20030423/default.htm,XLF,train,-1,-0.011839947110990012,-0.010090010178787745,-0.019445049129071967
2003-04-23,Beige_Book,https://www.federalreserve.gov/fomc/beigebook/2003/20030423/default.htm,XLI,train,-1,-0.0005828590186254257,0.0046807766953028684,-0.010074633581686254
2003-04-23,Beige_Book,https://www.federalreserve.gov/fomc/beigebook/2003/20030423/default.htm,XLK,train,1,1.7780545867873698e-06,-0.002607385398016193,0.010386709483314438
2003-04-23,Beige_Book,https://www.federalreserve.gov/fomc/beigebook/2003/20030423/default.htm,XLP,train,1,0.0021462688052263923,-0.0036028916198280747,0.009416296182845119
2003-04-23,Beige_Book,https://www.federalreserve.gov/fomc/beigebook/2003/20030423/default.htm,XLU,train,2,0.018084764393887953,0.024326538057785396,0.05923602625658464
2003-04-23,Beige_Book,https://www.federalreserve.gov/fomc/beigebook/2003/20030423/default.htm,XLV,train,0,0.015096246339981745,0.004487311402613159,0.0008238027039958462
2003-04-23,Beige_Book,https://www.federalreserve.gov/fomc/beigebook/2003/20030423/default.htm,XLY,train,0,-0.00678997470700371,-0.0037921477850973995,-0.006573765198641945
2003-05-06,FOMC_statement,https://www.federalreserve.gov/boarddocs/press/monetary/2003/20030506/default.htm,XLB,train,-1,-0.0013795446801475597,0.003483568691185046,-0.009552095505804492
2003-05-06,FOMC_statement,https://www.federalreserve.gov/boarddocs/press/monetary/2003/20030506/default.htm,XLE,train,2,0.012145977865828161,0.016235133714780803,0.030133947113868187
2003-05-06,FOMC_statement,https://www.federalreserve.gov/boarddocs/press/monetary/2003/20030506/default.htm,XLF,train,1,-0.0007627535944806363,-0.009541066267362508,0.007168733889101331
2003-05-06,FOMC_statement,https://www.federalreserve.gov/boarddocs/press/monetary/2003/20030506/default.htm,XLI,train,0,0.004132598452472602,0.0061209209350345795,-0.003355098382113564
2003-05-06,FOMC_statement,https://www.federalreserve.gov/boarddocs/press/monetary/2003/20030506/default.htm,XLK,train,0,-0.006702106000277985,0.001116279497281436,0.003059875708924409
2003-05-06,FOMC_statement,https://www.federalreserve.gov/boarddocs/press/monetary/2003/20030506/default.htm,XLP,train,0,0.008137986382201756,0.012196185721880415,-0.0011415294531144093
2003-05-06,FOMC_statement,https://www.federalreserve.gov/boarddocs/press/monetary/2003/20030506/default.htm,XLU,train,2,0.004031880050290315,0.005287215603046236,0.05568705511634542
2003-05-06,FOMC_statement,https://www.federalreserve.gov/boarddocs/press/monetary/2003/20030506/default.htm,XLV,train,-2,-0.0029764564354218814,0.0007971709127456705,-0.0330099348761389
2003-05-06,FOMC_statement,https://www.federalreserve.gov/boarddocs/press/monetary/2003/20030506/default.htm,XLY,train,1,0.0047571120969231995,0.0030355306739361376,0.011962915704496035
2003-06-11,Beige_Book,https://www.federalreserve.gov/fomc/beigebook/2003/20030611/default.htm,XLB,train,-1,0.005392065628788689,0.0020118807644081693,-0.02033467610722295
2003-06-11,Beige_Book,https://www.federalreserve.gov/fomc/beigebook/2003/20030611/default.htm,XLE,train,-2,-0.012075302282336775,-0.040489675215527376,-0.07557987181090509
2003-06-11,Beige_Book,https://www.federalreserve.gov/fomc/beigebook/2003/20030611/default.htm,XLF,train,0,-0.005052958528553475,0.00521891324929824,0.005383262490638363
2003-06-11,Beige_Book,https://www.federalreserve.gov/fomc/beigebook/2003/20030611/default.htm,XLI,train,-1,-0.0004869511285578998,0.0021043763734288623,-0.018763791414326714
2003-06-11,Beige_Book,https://www.federalreserve.gov/fomc/beigebook/2003/20030611/default.htm,XLK,train,2,0.0015334856782607265,-0.006281304476021821,0.03850481618544466
2003-06-11,Beige_Book,https://www.federalreserve.gov/fomc/beigebook/2003/20030611/default.htm,XLP,train,-1,0.00032529881392284743,7.891391735037612e-05,-0.00820608292122138
2003-06-11,Beige_Book,https://www.federalreserve.gov/fomc/beigebook/2003/20030611/default.htm,XLU,train,-2,0.008990228860796146,0.004335898196107024,-0.035881790308604944
2003-06-11,Beige_Book,https://www.federalreserve.gov/fomc/beigebook/2003/20030611/default.htm,XLV,train,1,-0.0010527954157701913,0.012543803798657716,0.007358566134520017
2003-06-11,Beige_Book,https://www.federalreserve.gov/fomc/beigebook/2003/20030611/default.htm,XLY,train,1,0.0030709029411244426,0.004914127546781999,0.009324138296328832
2003-06-25,FOMC_statement,https://www.federalreserve.gov/boarddocs/press/monetary/2003/20030625/default.htm,XLB,train,2,0.0020190551757619524,0.004778942966655486,0.04495621343718248
2003-06-25,FOMC_statement,https://www.federalreserve.gov/boarddocs/press/monetary/2003/20030625/default.htm,XLE,train,-2,-0.017530337413124486,-0.015588265943938362,-0.06828480658503433
2003-06-25,FOMC_statement,https://www.federalreserve.gov/boarddocs/press/monetary/2003/20030625/default.htm,XLF,train,2,-0.004499281623616236,-0.004757029852345607,0.02745530327305712
2003-06-25,FOMC_statement,https://www.federalreserve.gov/boarddocs/press/monetary/2003/20030625/default.htm,XLI,train,1,-0.0009144616280969409,0.002974357933635652,0.012865901621482156
2003-06-25,FOMC_statement,https://www.federalreserve.gov/boarddocs/press/monetary/2003/20030625/default.htm,XLK,train,1,0.005879287867348371,0.007268815575066645,0.02171319113890202
2003-06-25,FOMC_statement,https://www.federalreserve.gov/boarddocs/press/monetary/2003/20030625/default.htm,XLP,train,-1,-0.00655721119991326,0.0013434853062846974,-0.021988603361737358
2003-06-25,FOMC_statement,https://www.federalreserve.gov/boarddocs/press/monetary/2003/20030625/default.htm,XLU,train,-2,-0.003520007647887846,-0.00013137490505421567,-0.07831837295603739
2003-06-25,FOMC_statement,https://www.federalreserve.gov/boarddocs/press/monetary/2003/20030625/default.htm,XLV,train,-2,0.0011865026169755044,-0.008747411488402856,-0.042675726148931226
2003-06-25,FOMC_statement,https://www.federalreserve.gov/boarddocs/press/monetary/2003/20030625/default.htm,XLY,train,0,-0.0055806733627588034,0.0066711702621824465,0.004378329557330529
2003-07-30,Beige_Book,https://www.federalreserve.gov/fomc/beigebook/2003/20030730/default.htm,XLB,train,1,0.009445019618728345,0.01027188033580917,0.022079485489556072
2003-07-30,Beige_Book,https://www.federalreserve.gov/fomc/beigebook/2003/20030730/default.htm,XLE,train,2,0.005061484791071713,0.0009579020356772494,0.05236305034253008
2003-07-30,Beige_Book,https://www.federalreserve.gov/fomc/beigebook/2003/20030730/default.htm,XLF,train,-2,-0.0034887237493452794,-0.01295683975046924,-0.03344574632949149
2003-07-30,Beige_Book,https://www.federalreserve.gov/fomc/beigebook/2003/20030730/default.htm,XLI,train,2,0.0068426817144160434,0.010092528777073007,0.03194215803436162
2003-07-30,Beige_Book,https://www.federalreserve.gov/fomc/beigebook/2003/20030730/default.htm,XLK,train,2,0.004545732373585354,0.016852392880488343,0.0349129542289941
2003-07-30,Beige_Book,https://www.federalreserve.gov/fomc/beigebook/2003/20030730/default.htm,XLP,train,0,-0.0023193814920179356,0.0006128727128620337,6.858702159917573e-05
2003-07-30,Beige_Book,https://www.federalreserve.gov/fomc/beigebook/2003/20030730/default.htm,XLU,train,0,-0.0008638430407108544,0.0036291973471604955,0.002723168626044714
2003-07-30,Beige_Book,https://www.federalreserve.gov/fomc/beigebook/2003/20030730/default.htm,XLV,train,-2,-0.007485413979260169,-0.012104193572528121,-0.06163453218953363
2003-07-30,Beige_Book,https://www.federalreserve.gov/fomc/beigebook/2003/20030730/default.htm,XLY,train,2,-0.0001401500414284218,6.511861317282097e-06,0.026720331358070615
2003-08-12,FOMC_statement,https://www.federalreserve.gov/boarddocs/press/monetary/2003/20030812/default.htm,XLB,train,0,0.004221164882440842,0.010612074702503693,-0.004124272762047632
2003-08-12,FOMC_statement,https://www.federalreserve.gov/boarddocs/press/monetary/2003/20030812/default.htm,XLE,train,-1,0.004293502320761977,0.005485117336679224,-0.013094405397485298
2003-08-12,FOMC_statement,https://www.federalreserve.gov/boarddocs/press/monetary/2003/20030812/default.htm,XLF,train,-2,-0.002308350307224427,0.0005199575523353595,-0.033251829232699426
2003-08-12,FOMC_statement,https://www.federalreserve.gov/boarddocs/press/monetary/2003/20030812/default.htm,XLI,train,1,0.001665529998485571,0.016956244137664278,0.012979276646985172
2003-08-12,FOMC_statement,https://www.federalreserve.gov/boarddocs/press/monetary/2003/20030812/default.htm,XLK,train,2,0.0033914352005049997,0.001629820533435522,0.06177503566360232
2003-08-12,FOMC_statement,https://www.federalreserve.gov/boarddocs/press/monetary/2003/20030812/default.htm,XLP,train,-1,0.001676642492105751,0.0047030546119049,-0.014689992090678228
2003-08-12,FOMC_statement,https://www.federalreserve.gov/boarddocs/press/monetary/2003/20030812/default.htm,XLU,train,0,-0.00443765287992115,-0.008346658359796977,0.0005311001530805548
2003-08-12,FOMC_statement,https://www.federalreserve.gov/boarddocs/press/monetary/2003/20030812/default.htm,XLV,train,-1,-0.009217791621089932,-0.01790578226547135,-0.01517407364819856
2003-08-12,FOMC_statement,https://www.federalreserve.gov/boarddocs/press/monetary/2003/20030812/default.htm,XLY,train,-1,0.0015472612221687498,0.007507227119662119,-0.0077425418591996475
2003-09-16,FOMC_statement,https://www.federalreserve.gov/boarddocs/press/monetary/2003/20030916/default.htm,XLB,train,-1,-0.012795157729764584,-0.0076511709981499365,-0.007417111844655766
2003-09-16,FOMC_statement,https://www.federalreserve.gov/boarddocs/press/monetary/2003/20030916/default.htm,XLE,train,0,-0.011201163134226921,-0.004560576136106276,-0.005510451850139875
2003-09-16,FOMC_statement,https://www.federalreserve.gov/boarddocs/press/monetary/2003/20030916/default.htm,XLF,train,2,0.0034839772666753754,0.019257723617855604,0.040585638114438605
2003-09-16,FOMC_statement,https://www.federalreserve.gov/boarddocs/press/monetary/2003/20030916/default.htm,XLI,train,-1,-0.0021683818903156515,-0.0011524370584454768,-0.013675297040008139
2003-09-16,FOMC_statement,https://www.federalreserve.gov/boarddocs/press/monetary/2003/20030916/default.htm,XLK,train,0,0.0003761683080849565,0.00869587607048461,0.0030308361325368516
2003-09-16,FOMC_statement,https://www.federalreserve.gov/boarddocs/press/monetary/2003/20030916/default.htm,XLP,train,1,0.006784184422187756,0.00398898350646848,0.012027079672995988
2003-09-16,FOMC_statement,https://www.federalreserve.gov/boarddocs/press/monetary/2003/20030916/default.htm,XLU,train,0,-0.0008308992457841669,0.005141427333116622,-0.0009411287443142902
2003-09-16,FOMC_statement,https://www.federalreserve.gov/boarddocs/press/monetary/2003/20030916/default.htm,XLV,train,-2,-0.000477279522814511,-0.01180763760073067,-0.04811205672446994
2003-09-16,FOMC_statement,https://www.federalreserve.gov/boarddocs/press/monetary/2003/20030916/default.htm,XLY,train,1,0.0015845189359646739,-0.004476846491616726,0.010944691266300377
2003-10-15,Beige_Book,https://www.federalreserve.gov/fomc/beigebook/2003/20031015/default.htm,XLB,train,1,-0.0005505080087166991,-0.002671878921036819,0.01921802113772275
2003-10-15,Beige_Book,https://www.federalreserve.gov/fomc/beigebook/2003/20031015/default.htm,XLE,train,-1,0.006594803410606254,0.0027621354248220653,-0.01369821396628712
2003-10-15,Beige_Book,https://www.federalreserve.gov/fomc/beigebook/2003/20031015/default.htm,XLF,train,-1,-0.0028934643440730046,-0.007933269469936444,-0.0114719830475426
2003-10-15,Beige_Book,https://www.federalreserve.gov/fomc/beigebook/2003/20031015/default.htm,XLI,train,1,-0.003590472018555557,-0.004651373804514747,0.011750602132860388
2003-10-15,Beige_Book,https://www.federalreserve.gov/fomc/beigebook/2003/20031015/default.htm,XLK,train,0,-0.0004419488676759009,-0.0013801002592708222,0.004234770362618545
2003-10-15,Beige_Book,https://www.federalreserve.gov/fomc/beigebook/2003/20031015/default.htm,XLP,train,-1,-0.0025823374118487674,-0.004816227324962008,-0.007435279463076205
2003-10-15,Beige_Book,https://www.federalreserve.gov/fomc/beigebook/2003/20031015/default.htm,XLU,train,-1,0.0005663914748885723,0.0026627866677506606,-0.015046475604024279
2003-10-15,Beige_Book,https://www.federalreserve.gov/fomc/beigebook/2003/20031015/default.htm,XLV,train,0,0.0013337546658234167,-0.001548086126525905,0.0051184355360129885
2003-10-15,Beige_Book,https://www.federalreserve.gov/fomc/beigebook/2003/20031015/default.htm,XLY,train,0,0.0003767127739571219,-0.011294201635815737,0.0037205144918649458
2003-10-28,FOMC_statement,https://www.federalreserve.gov/boarddocs/press/monetary/2003/20031028/default.htm,XLB,train,2,0.01201211772425137,0.026615937109093823,0.036952849136000165
2003-10-28,FOMC_statement,https://www.federalreserve.gov/boarddocs/press/monetary/2003/20031028/default.htm,XLE,train,0,-0.003390965282122349,-0.0026728467724984606,-0.00513269366143454
2003-10-28,FOMC_statement,https://www.federalreserve.gov/boarddocs/press/monetary/2003/20031028/default.htm,XLF,train,-1,0.00014800688780236548,0.0030660587675445106,-0.009184723767176717
2003-10-28,FOMC_statement,https://www.federalreserve.gov/boarddocs/press/monetary/2003/20031028/default.htm,XLI,train,1,0.005240870951075616,0.013473253204040136,0.02180077711046191
2003-10-28,FOMC_statement,https://www.federalreserve.gov/boarddocs/press/monetary/2003/20031028/default.htm,XLK,train,0,0.00019888487017394318,-0.0009428751758812082,0.0006707419681654114
2003-10-28,FOMC_statement,https://www.federalreserve.gov/boarddocs/press/monetary/2003/20031028/default.htm,XLP,train,0,0.0034001156182188463,0.0027310696197780926,0.0005081747301823869
2003-10-28,FOMC_statement,https://www.federalreserve.gov/boarddocs/press/monetary/2003/20031028/default.htm,XLU,train,-1,-0.002245057324633315,0.003016488090520242,-0.007015736271169137
2003-10-28,FOMC_statement,https://www.federalreserve.gov/boarddocs/press/monetary/2003/20031028/default.htm,XLV,train,1,-0.004179790334570499,-0.005955577913028254,0.007839512939322613
2003-10-28,FOMC_statement,https://www.federalreserve.gov/boarddocs/press/monetary/2003/20031028/default.htm,XLY,train,0,-0.0033281829515098282,-0.0018027965304683313,-0.0024108333744744526
2003-11-26,Beige_Book,https://www.federalreserve.gov/fomc/beigebook/2003/20031126/default.htm,XLB,train,2,0.0012964680795597427,0.021668450443091736,0.055315110810252976
2003-11-26,Beige_Book,https://www.federalreserve.gov/fomc/beigebook/2003/20031126/default.htm,XLE,train,2,-0.0007522161314714726,0.008048243973183378,0.07984565230272811
2003-11-26,Beige_Book,https://www.federalreserve.gov/fomc/beigebook/2003/20031126/default.htm,XLF,train,0,-0.0022276954896621737,-0.0019912865038098637,-0.005473479862335373
2003-11-26,Beige_Book,https://www.federalreserve.gov/fomc/beigebook/2003/20031126/default.htm,XLI,train,1,0.0004384691776779803,0.0048615115988743796,0.021526443554685915
2003-11-26,Beige_Book,https://www.federalreserve.gov/fomc/beigebook/2003/20031126/default.htm,XLK,train,-1,0.002777680609691746,5.632874784178288e-05,-0.010669063230634324
2003-11-26,Beige_Book,https://www.federalreserve.gov/fomc/beigebook/2003/20031126/default.htm,XLP,train,-2,0.0029839923250238876,-0.01602862890109491,-0.0349687324971798
2003-11-26,Beige_Book,https://www.federalreserve.gov/fomc/beigebook/2003/20031126/default.htm,XLU,train,1,0.0015161160575853927,-0.0022576411138720553,0.01598061722941213
2003-11-26,Beige_Book,https://www.federalreserve.gov/fomc/beigebook/2003/20031126/default.htm,XLV,train,0,-0.002845423293655891,0.005633162887881293,-0.001626607372238409
2003-11-26,Beige_Book,https://www.federalreserve.gov/fomc/beigebook/2003/20031126/default.htm,XLY,train,-1,-0.0010816466455120244,-0.007327389632428738,-0.013868419152707312
2003-12-09,FOMC_statement,https://www.federalreserve.gov/boarddocs/press/monetary/2003/20031209/default.htm,XLB,train,-1,-0.011588218591910837,-0.006343412921110736,-0.016576720984196158
2003-12-09,FOMC_statement,https://www.federalreserve.gov/boarddocs/press/monetary/2003/20031209/default.htm,XLE,train,2,0.0008683642121485313,0.00387042536346649,0.028498575235121004
2003-12-09,FOMC_statement,https://www.federalreserve.gov/boarddocs/press/monetary/2003/20031209/default.htm,XLF,train,0,-0.0054387229870588305,-0.004195872733273487,-0.0063760437783798585
2003-12-09,FOMC_statement,https://www.federalreserve.gov/boarddocs/press/monetary/2003/20031209/default.htm,XLI,train,0,-0.001852603627017002,0.0021015707370932724,-0.004907397911027456
2003-12-09,FOMC_statement,https://www.federalreserve.gov/boarddocs/press/monetary/2003/20031209/default.htm,XLK,train,2,0.005749276019147986,0.01248012215451233,0.047171773190590294
2003-12-09,FOMC_statement,https://www.federalreserve.gov/boarddocs/press/monetary/2003/20031209/default.htm,XLP,train,-2,0.0010346940120939951,-0.006042236393630218,-0.044180885305701634
2003-12-09,FOMC_statement,https://www.federalreserve.gov/boarddocs/press/monetary/2003/20031209/default.htm,XLU,train,0,0.004597874640460242,-0.001874415594970591,0.0008116583313478865
2003-12-09,FOMC_statement,https://www.federalreserve.gov/boarddocs/press/monetary/2003/20031209/default.htm,XLV,train,-1,-0.0067837346446733005,-0.0044294995113682845,-0.011180159627419917
2003-12-09,FOMC_statement,https://www.federalreserve.gov/boarddocs/press/monetary/2003/20031209/default.htm,XLY,train,0,-0.004588827997411338,0.00297336653253244,-0.0007004914407737761
2004-01-14,Beige_Book,https://www.federalreserve.gov/fomc/beigebook/2004/20040114/default.htm,XLB,train,-1,-0.010080555470315167,-0.010318645817729899,-0.007875584438398309
2004-01-14,Beige_Book,https://www.federalreserve.gov/fomc/beigebook/2004/20040114/default.htm,XLE,train,2,-0.019258894197871412,0.0116941769280835,0.02495895139816595
2004-01-14,Beige_Book,https://www.federalreserve.gov/fomc/beigebook/2004/20040114/default.htm,XLF,train,2,0.005944874103618769,0.003995814891654903,0.029653988881715332
2004-01-14,Beige_Book,https://www.federalreserve.gov/fomc/beigebook/2004/20040114/default.htm,XLI,train,-1,-0.0009994820348697697,0.0017665514890765621,-0.01657448909333492
2004-01-14,Beige_Book,https://www.federalreserve.gov/fomc/beigebook/2004/20040114/default.htm,XLK,train,-2,0.0016843479098667125,0.013121634054663378,-0.04146465483685613
2004-01-14,Beige_Book,https://www.federalreserve.gov/fomc/beigebook/2004/20040114/default.htm,XLP,train,1,-0.001540099547361562,-0.00893743460178098,0.023437990698697564
2004-01-14,Beige_Book,https://www.federalreserve.gov/fomc/beigebook/2004/20040114/default.htm,XLU,train,0,-0.0058792524563682225,-0.00399593916374319,-0.0005443411449645996
2004-01-14,Beige_Book,https://www.federalreserve.gov/fomc/beigebook/2004/20040114/default.htm,XLV,train,2,0.00017213762077683548,-0.004499369037020973,0.02578550766257104
2004-01-14,Beige_Book,https://www.federalreserve.gov/fomc/beigebook/2004/20040114/default.htm,XLY,train,-1,0.0003763035737598397,-0.010562088879018994,-0.011441266812881934
2004-01-28,FOMC_statement,https://www.federalreserve.gov/boarddocs/press/monetary/2004/20040128/default.htm,XLB,train,2,-0.007277238603734859,-0.0043986175547559014,0.04252461897463944
2004-01-28,FOMC_statement,https://www.federalreserve.gov/boarddocs/press/monetary/2004/20040128/default.htm,XLE,train,2,-0.0016731835853309729,-0.009804701061192467,0.026822498326536492
2004-01-28,FOMC_statement,https://www.federalreserve.gov/boarddocs/press/monetary/2004/20040128/default.htm,XLF,train,1,0.00736597757386348,0.009589420943129756,0.022872635100264715
2004-01-28,FOMC_statement,https://www.federalreserve.gov/boarddocs/press/monetary/2004/20040128/default.htm,XLI,train,-1,-0.0006005479445054807,-0.00861445459618404,-0.023382752427749787
2004-01-28,FOMC_statement,https://www.federalreserve.gov/boarddocs/press/monetary/2004/20040128/default.htm,XLK,train,-2,-0.006121823614711586,-0.009968990317023474,-0.044071973323319136
2004-01-28,FOMC_statement,https://www.federalreserve.gov/boarddocs/press/monetary/2004/20040128/default.htm,XLP,train,2,0.012918764716088438,0.007253606171460203,0.049315537786055796
2004-01-28,FOMC_statement,https://www.federalreserve.gov/boarddocs/press/monetary/2004/20040128/default.htm,XLU,train,1,0.007060665463577642,-0.004814465669620183,0.010924004897128081
2004-01-28,FOMC_statement,https://www.federalreserve.gov/boarddocs/press/monetary/2004/20040128/default.htm,XLV,train,0,0.013687850457996698,0.01682430286302028,0.0054288423408339614
2004-01-28,FOMC_statement,https://www.federalreserve.gov/boarddocs/press/monetary/2004/20040128/default.htm,XLY,train,1,0.005454649760548991,-0.00237574151276132,0.013005527032906916
2004-03-03,Beige_Book,https://www.federalreserve.gov/fomc/beigebook/2004/20040303/default.htm,XLB,train,0,0.003008395634686467,0.0007033431113472322,0.0002967567684721839
2004-03-03,Beige_Book,https://www.federalreserve.gov/fomc/beigebook/2004/20040303/default.htm,XLE,train,-1,-0.005601239847450423,0.01627365552937199,-0.013191991106109247
2004-03-03,Beige_Book,https://www.federalreserve.gov/fomc/beigebook/2004/20040303/default.htm,XLF,train,0,6.30761856916795e-05,0.01225861168148501,0.004063186764140858
2004-03-03,Beige_Book,https://www.federalreserve.gov/fomc/beigebook/2004/20040303/default.htm,XLI,train,0,0.0011285086737204963,-0.004826463914491597,0.005324508313704124
2004-03-03,Beige_Book,https://www.federalreserve.gov/fomc/beigebook/2004/20040303/default.htm,XLK,train,0,0.00606945960563765,-0.014360804252406156,-0.005808339300175769
2004-03-03,Beige_Book,https://www.federalreserve.gov/fomc/beigebook/2004/20040303/default.htm,XLP,train,0,-0.004751006825087112,0.004087751306007692,-0.0001042437087694914
2004-03-03,Beige_Book,https://www.federalreserve.gov/fomc/beigebook/2004/20040303/default.htm,XLU,train,2,0.004414344833620465,0.018186825150422914,0.02628364847722997
2004-03-03,Beige_Book,https://www.federalreserve.gov/fomc/beigebook/2004/20040303/default.htm,XLV,train,-1,0.001875274811248051,0.014849840666268488,-0.02318807602008721
2004-03-03,Beige_Book,https://www.federalreserve.gov/fomc/beigebook/2004/20040303/default.htm,XLY,train,1,0.0014527445323953003,0.003570344355341648,0.007286003498695348
2004-03-16,FOMC_statement,https://www.federalreserve.gov/boarddocs/press/monetary/2004/20040316/default.htm,XLB,train,2,0.00146603936726164,0.015104514355418042,0.029124468399222447
2004-03-16,FOMC_statement,https://www.federalreserve.gov/boarddocs/press/monetary/2004/20040316/default.htm,XLE,train,1,0.002806315606616039,0.006461864029081665,0.024305937488870666
2004-03-16,FOMC_statement,https://www.federalreserve.gov/boarddocs/press/monetary/2004/20040316/default.htm,XLF,train,-2,0.0003786223864119531,0.0037782383558213617,-0.038533814751166795
2004-03-16,FOMC_statement,https://www.federalreserve.gov/boarddocs/press/monetary/2004/20040316/default.htm,XLI,train,2,0.0011638225810017833,0.0038081337173474505,0.025389967583994477
2004-03-16,FOMC_statement,https://www.federalreserve.gov/boarddocs/press/monetary/2004/20040316/default.htm,XLK,train,0,0.0013810302591517054,-0.004489637530415425,0.005959867698156818
2004-03-16,FOMC_statement,https://www.federalreserve.gov/boarddocs/press/monetary/2004/20040316/default.htm,XLP,train,1,0.000849914062682311,0.012355231505061903,0.01074792993865925
2004-03-16,FOMC_statement,https://www.federalreserve.gov/boarddocs/press/monetary/2004/20040316/default.htm,XLU,train,-2,0.004540128840531343,0.008269749234555146,-0.03685472961545011
2004-03-16,FOMC_statement,https://www.federalreserve.gov/boarddocs/press/monetary/2004/20040316/default.htm,XLV,train,1,-0.012175677499818072,-0.014906962250016753,0.023311748775223018
2004-03-16,FOMC_statement,https://www.federalreserve.gov/boarddocs/press/monetary/2004/20040316/default.htm,XLY,train,0,0.0030120542331035782,0.008851645069818836,0.006497725435278268
2004-04-21,Beige_Book,https://www.federalreserve.gov/fomc/beigebook/2004/20040421/default.htm,XLB,train,-2,0.019453005904806142,0.007422260156366156,-0.026362426381159265
2004-04-21,Beige_Book,https://www.federalreserve.gov/fomc/beigebook/2004/20040421/default.htm,XLE,train,1,0.005808869844625919,0.003982881696884877,0.012031047975237574
2004-04-21,Beige_Book,https://www.federalreserve.gov/fomc/beigebook/2004/20040421/default.htm,XLF,train,1,0.003304013843501874,-0.0035692803073971158,0.007953500384583756
2004-04-21,Beige_Book,https://www.federalreserve.gov/fomc/beigebook/2004/20040421/default.htm,XLI,train,0,0.007951059595680654,-0.0011099764749669117,-0.0029328633833036744
2004-04-21,Beige_Book,https://www.federalreserve.gov/fomc/beigebook/2004/20040421/default.htm,XLK,train,0,0.0013389023964027746,0.002909835343271716,-0.0058349850569873185
2004-04-21,Beige_Book,https://www.federalreserve.gov/fomc/beigebook/2004/20040421/default.htm,XLP,train,1,-0.0040319259648280426,-0.004883930979627027,0.011314542138060601
2004-04-21,Beige_Book,https://www.federalreserve.gov/fomc/beigebook/2004/20040421/default.htm,XLU,train,0,-0.002855100629803875,0.0009787945082785354,-0.0031970420103875075
2004-04-21,Beige_Book,https://www.federalreserve.gov/fomc/beigebook/2004/20040421/default.htm,XLV,train,-1,-0.00600763987869235,-0.013856798586344476,-0.008396596916258381
2004-04-21,Beige_Book,https://www.federalreserve.gov/fomc/beigebook/2004/20040421/default.htm,XLY,train,-1,0.0061341743306944085,-0.0055026931330429685,-0.01739981101221555
2004-05-04,FOMC_statement,https://www.federalreserve.gov/boarddocs/press/monetary/2004/20040504/default.htm,XLB,train,0,-0.009991272776119331,-0.030527818781166727,-0.0034833591605060166
2004-05-04,FOMC_statement,https://www.federalreserve.gov/boarddocs/press/monetary/2004/20040504/default.htm,XLE,train,-1,-0.003151570169862561,-0.007161700076243838,-0.0228867865086968
2004-05-04,FOMC_statement,https://www.federalreserve.gov/boarddocs/press/monetary/2004/20040504/default.htm,XLF,train,0,-0.007481800343062228,-0.014644380404014279,-0.00010126255699161035
2004-05-04,FOMC_statement,https://www.federalreserve.gov/boarddocs/press/monetary/2004/20040504/default.htm,XLI,train,1,-0.005678837006557025,-0.0033598400847630883,0.010634039674125462
2004-05-04,FOMC_statement,https://www.federalreserve.gov/boarddocs/press/monetary/2004/20040504/default.htm,XLK,train,0,-0.0013464310964095283,0.014176737184416366,0.002889625193348122
2004-05-04,FOMC_statement,https://www.federalreserve.gov/boarddocs/press/monetary/2004/20040504/default.htm,XLP,train,0,-0.004702739321482019,0.006645981464763917,-0.0017757399608833158
2004-05-04,FOMC_statement,https://www.federalreserve.gov/boarddocs/press/monetary/2004/20040504/default.htm,XLU,train,-1,-0.013225832712813745,-0.014933025095544505,-0.008628777298504087
2004-05-04,FOMC_statement,https://www.federalreserve.gov/boarddocs/press/monetary/2004/20040504/default.htm,XLV,train,0,-0.0006572604352805822,0.013950528757753156,-0.006233811730872785
2004-05-04,FOMC_statement,https://www.federalreserve.gov/boarddocs/press/monetary/2004/20040504/default.htm,XLY,train,0,-0.004202319570259183,-0.018071162536629326,2.735429266764733e-05
2004-06-16,Beige_Book,https://www.federalreserve.gov/fomc/beigebook/2004/20040616/default.htm,XLB,train,2,0.0053934799115001875,0.017105463805750287,0.05798950708051487
2004-06-16,Beige_Book,https://www.federalreserve.gov/fomc/beigebook/2004/20040616/default.htm,XLE,train,2,0.008903931900953954,0.011257115172307208,0.0808273722422489
2004-06-16,Beige_Book,https://www.federalreserve.gov/fomc/beigebook/2004/20040616/default.htm,XLF,train,0,0.0021908661659152395,0.00219653916756557,0.000850114636506305
2004-06-16,Beige_Book,https://www.federalreserve.gov/fomc/beigebook/2004/20040616/default.htm,XLI,train,2,0.002208233646732727,0.00585040868168385,0.03610758247893897
2004-06-16,Beige_Book,https://www.federalreserve.gov/fomc/beigebook/2004/20040616/default.htm,XLK,train,-2,-0.009827358359964955,-0.01040972664700901,-0.04588418926544957
2004-06-16,Beige_Book,https://www.federalreserve.gov/fomc/beigebook/2004/20040616/default.htm,XLP,train,0,-0.002353226097055461,-0.0018759607712095505,0.0032736431492498275
2004-06-16,Beige_Book,https://www.federalreserve.gov/fomc/beigebook/2004/20040616/default.htm,XLU,train,2,0.008312216573757802,0.022344763948800583,0.06052596425605028
2004-06-16,Beige_Book,https://www.federalreserve.gov/fomc/beigebook/2004/20040616/default.htm,XLV,train,-2,0.0031094343837215765,-0.0022518669970629235,-0.0246206644214767
2004-06-16,Beige_Book,https://www.federalreserve.gov/fomc/beigebook/2004/20040616/default.htm,XLY,train,-1,0.004002379772289122,0.0021998341651752185,-0.022874846549043037
2004-06-30,FOMC_statement,https://www.federalreserve.gov/boarddocs/press/monetary/2004/20040630/default.htm,XLB,train,1,-0.004041490542959436,-0.008473806805471829,0.010007393309725554
2004-06-30,FOMC_statement,https://www.federalreserve.gov/boarddocs/press/monetary/2004/20040630/default.htm,XLE,train,2,0.015153163693642613,0.030790402138346606,0.06311215609714482
2004-06-30,FOMC_statement,https://www.federalreserve.gov/boarddocs/press/monetary/2004/20040630/default.htm,XLF,train,1,0.006884206250891145,0.011978110986812895,0.010893346963590567
2004-06-30,FOMC_statement,https://www.federalreserve.gov/boarddocs/press/monetary/2004/20040630/default.htm,XLI,train,0,-0.0011214567327192393,-0.0024639363597462882,0.004332367079249
2004-06-30,FOMC_statement,https://www.federalreserve.gov/boarddocs/press/monetary/2004/20040630/default.htm,XLK,train,-2,-0.004475504980247735,-0.027393356538629732,-0.029124549316953185
2004-06-30,FOMC_statement,https://www.federalreserve.gov/boarddocs/press/monetary/2004/20040630/default.htm,XLP,train,-1,0.003922066275849567,0.013661332923830871,-0.01802170914437995
2004-06-30,FOMC_statement,https://www.federalreserve.gov/boarddocs/press/monetary/2004/20040630/default.htm,XLU,train,2,0.0020976807144149623,0.01993528538853151,0.047761925516428105
2004-06-30,FOMC_statement,https://www.federalreserve.gov/boarddocs/press/monetary/2004/20040630/default.htm,XLV,train,-1,-0.0001880359553061428,0.0011437753898807523,-0.022487337809680708
2004-06-30,FOMC_statement,https://www.federalreserve.gov/boarddocs/press/monetary/2004/20040630/default.htm,XLY,train,0,0.007875465734233256,0.005374444842829895,-0.005893197496877556
2004-07-28,Beige_Book,https://www.federalreserve.gov/fomc/beigebook/2004/20040728/default.htm,XLB,train,1,0.008868552530579166,0.008558442391702115,0.024058361876053036
2004-07-28,Beige_Book,https://www.federalreserve.gov/fomc/beigebook/2004/20040728/default.htm,XLE,train,-2,0.0028965136138141556,0.0008586746803724843,-0.03109486802205097
2004-07-28,Beige_Book,https://www.federalreserve.gov/fomc/beigebook/2004/20040728/default.htm,XLF,train,2,3.364612059142402e-05,0.00016674224375401447,0.02558075232700119
2004-07-28,Beige_Book,https://www.federalreserve.gov/fomc/beigebook/2004/20040728/default.htm,XLI,train,-1,-0.0031916551005848337,-0.004477254293528743,-0.007032012164617907
2004-07-28,Beige_Book,https://www.federalreserve.gov/fomc/beigebook/2004/20040728/default.htm,XLK,train,-2,0.009845596807728008,0.009962567824268964,-0.027346191220300242
2004-07-28,Beige_Book,https://www.federalreserve.gov/fomc/beigebook/2004/20040728/default.htm,XLP,train,0,-0.015974933787357926,-0.010468855726289195,0.0024366574358466453
2004-07-28,Beige_Book,https://www.federalreserve.gov/fomc/beigebook/2004/20040728/default.htm,XLU,train,2,0.002880587056140582,0.012923780004042706,0.033078520034360404
2004-07-28,Beige_Book,https://www.federalreserve.gov/fomc/beigebook/2004/20040728/default.htm,XLV,train,1,0.00026372715360278853,-0.0014727123056096358,0.015662948716549607
2004-07-28,Beige_Book,https://www.federalreserve.gov/fomc/beigebook/2004/20040728/default.htm,XLY,train,0,0.0006896565268537103,0.003074405193733698,0.003916787381807341
2004-08-10,FOMC_statement,https://www.federalreserve.gov/boarddocs/press/monetary/2004/20040810/default.htm,XLB,train,1,-0.001477759402931822,-0.009787275634969839,0.014689966472028027
2004-08-10,FOMC_statement,https://www.federalreserve.gov/boarddocs/press/monetary/2004/20040810/default.htm,XLE,train,2,-0.0030801983839682245,0.00538288712975088,0.02527653389449791
2004-08-10,FOMC_statement,https://www.federalreserve.gov/boarddocs/press/monetary/2004/20040810/default.htm,XLF,train,1,0.004918873756439512,0.004514221155918596,0.015461362060286032
2004-08-10,FOMC_statement,https://www.federalreserve.gov/boarddocs/press/monetary/2004/20040810/default.htm,XLI,train,0,0.0009270727857978445,-0.006703774880934765,0.0014187634191693554
2004-08-10,FOMC_statement,https://www.federalreserve.gov/boarddocs/press/monetary/2004/20040810/default.htm,XLK,train,-2,-0.02299623909351145,-0.02814048207715003,-0.029260783285294356
2004-08-10,FOMC_statement,https://www.federalreserve.gov/boarddocs/press/monetary/2004/20040810/default.htm,XLP,train,-1,0.009810451919681884,0.021037211106459508,-0.013716380258798955
2004-08-10,FOMC_statement,https://www.federalreserve.gov/boarddocs/press/monetary/2004/20040810/default.htm,XLU,train,-1,0.006116768487371638,0.010991692561670985,-0.0074703364401160766
2004-08-10,FOMC_statement,https://www.federalreserve.gov/boarddocs/press/monetary/2004/20040810/default.htm,XLV,train,1,0.018720512596917094,0.01435100354046226,0.018401911789663106
2004-08-10,FOMC_statement,https://www.federalreserve.gov/boarddocs/press/monetary/2004/20040810/default.htm,XLY,train,0,-0.005072147866280852,-0.007332506920041948,0.00631448312405436
2004-09-08,Beige_Book,https://www.federalreserve.gov/fomc/beigebook/2004/20040908/default.htm,XLB,train,1,0.002742686810808692,-0.014951140994772572,0.024244501968001764
2004-09-08,Beige_Book,https://www.federalreserve.gov/fomc/beigebook/2004/20040908/default.htm,XLE,train,2,0.01520372435839823,0.008313467576750888,0.08933719009809693
2004-09-08,Beige_Book,https://www.federalreserve.gov/fomc/beigebook/2004/20040908/default.htm,XLF,train,-1,-0.00013902057077097574,-0.006498694514355918,-0.01528390408131719
2004-09-08,Beige_Book,https://www.federalreserve.gov/fomc/beigebook/2004/20040908/default.htm,XLI,train,0,-0.0015810568736358555,-0.006123816896951073,0.000615578535742678
2004-09-08,Beige_Book,https://www.federalreserve.gov/fomc/beigebook/2004/20040908/default.htm,XLK,train,2,0.01591755224146363,0.0290915421969431,0.05077088056207546
2004-09-08,Beige_Book,https://www.federalreserve.gov/fomc/beigebook/2004/20040908/default.htm,XLP,train,-2,-0.0031183691097826927,-0.009760464796470858,-0.03936379952434199
2004-09-08,Beige_Book,https://www.federalreserve.gov/fomc/beigebook/2004/20040908/default.htm,XLU,train,1,0.0052705898993672395,-0.009093182428256963,0.008934349500268834
2004-09-08,Beige_Book,https://www.federalreserve.gov/fomc/beigebook/2004/20040908/default.htm,XLV,train,-2,-0.0031280685121521934,-0.011891588061723302,-0.05898298592493356
2004-09-08,Beige_Book,https://www.federalreserve.gov/fomc/beigebook/2004/20040908/default.htm,XLY,train,1,-0.004268023633001383,-0.00041636076326245774,0.013817464450248562
2004-09-21,FOMC_statement,https://www.federalreserve.gov/boarddocs/press/monetary/2004/20040921/default.htm,XLB,train,1,0.0038483540792584314,0.004706839098976623,0.013687498209075888
2004-09-21,FOMC_statement,https://www.federalreserve.gov/boarddocs/press/monetary/2004/20040921/default.htm,XLE,train,2,0.006155087236895063,0.009068578817124195,0.0392603020181036
2004-09-21,FOMC_statement,https://www.federalreserve.gov/boarddocs/press/monetary/2004/20040921/default.htm,XLF,train,-2,-0.005687134406173522,-0.011150990352500112,-0.03419071110710037
2004-09-21,FOMC_statement,https://www.federalreserve.gov/boarddocs/press/monetary/2004/20040921/default.htm,XLI,train,0,-0.0015281883433277965,-0.006750835108094266,-0.0014198696670371103
2004-09-21,FOMC_statement,https://www.federalreserve.gov/boarddocs/press/monetary/2004/20040921/default.htm,XLK,train,2,-0.004012606198894653,-0.008973839880197843,0.03655729313402356
2004-09-21,FOMC_statement,https://www.federalreserve.gov/boarddocs/press/monetary/2004/20040921/default.htm,XLP,train,1,0.004626521450686871,0.008206427243836467,0.01597700098049082
2004-09-21,FOMC_statement,https://www.federalreserve.gov/boarddocs/press/monetary/2004/20040921/default.htm,XLU,train,2,0.008119329346061077,-0.0006564638861334959,0.028748381293697278
2004-09-21,FOMC_statement,https://www.federalreserve.gov/boarddocs/press/monetary/2004/20040921/default.htm,XLV,train,-2,1.1632001586936447e-05,-0.0036233928384735714,-0.05361796313195777
2004-09-21,FOMC_statement,https://www.federalreserve.gov/boarddocs/press/monetary/2004/20040921/default.htm,XLY,train,1,-0.0008849683565417266,0.006338407590522066,0.01728773020195773
2004-10-27,Beige_Book,https://www.federalreserve.gov/fomc/beigebook/2004/20041027/default.htm,XLB,train,2,-0.0158556664242836,-0.002820528955225443,0.03676277141230422
2004-10-27,Beige_Book,https://www.federalreserve.gov/fomc/beigebook/2004/20041027/default.htm,XLE,train,1,-0.020585223299652844,-0.015275375974330041,0.0164031695178658
2004-10-27,Beige_Book,https://www.federalreserve.gov/fomc/beigebook/2004/20041027/default.htm,XLF,train,-1,0.0022657529352769767,0.004249429875832322,-0.007220889818031373
2004-10-27,Beige_Book,https://www.federalreserve.gov/fomc/beigebook/2004/20041027/default.htm,XLI,train,1,-0.005110042501182632,2.167262188246255e-05,0.014790676064360464
2004-10-27,Beige_Book,https://www.federalreserve.gov/fomc/beigebook/2004/20041027/default.htm,XLK,train,1,-0.000499247954034665,0.0054558547535003,0.008062129609660018
2004-10-27,Beige_Book,https://www.federalreserve.gov/fomc/beigebook/2004/20041027/default.htm,XLP,train,0,0.0015926708521034616,-0.00417989742709024,-0.00420391643499074
2004-10-27,Beige_Book,https://www.federalreserve.gov/fomc/beigebook/2004/20041027/default.htm,XLU,train,1,-0.00871979038316184,0.0020696532931230305,0.01771897197077177
2004-10-27,Beige_Book,https://www.federalreserve.gov/fomc/beigebook/2004/20041027/default.htm,XLV,train,-2,-0.0047897940721096655,-0.013738704453564954,-0.03271526762312227
2004-10-27,Beige_Book,https://www.federalreserve.gov/fomc/beigebook/2004/20041027/default.htm,XLY,train,1,0.0025569995188650108,0.0027693042047820526,0.012823032383888266
2004-11-10,FOMC_statement,https://www.federalreserve.gov/boarddocs/press/monetary/2004/20041110/default.htm,XLB,train,-1,6.80506316721452e-05,-0.0060604186878769895,-0.011069809719961188
2004-11-10,FOMC_statement,https://www.federalreserve.gov/boarddocs/press/monetary/2004/20041110/default.htm,XLE,train,-1,-0.009594900720869992,-0.020623027563866803,-0.012332823635555545
2004-11-10,FOMC_statement,https://www.federalreserve.gov/boarddocs/press/monetary/2004/20041110/default.htm,XLF,train,0,0.0019060512751076786,-0.001386380313723956,-0.0022790976139165364
2004-11-10,FOMC_statement,https://www.federalreserve.gov/boarddocs/press/monetary/2004/20041110/default.htm,XLI,train,0,0.004019881337365971,-0.0033701818220289725,0.0018059362138139745
2004-11-10,FOMC_statement,https://www.federalreserve.gov/boarddocs/press/monetary/2004/20041110/default.htm,XLK,train,1,0.005068626082945338,0.0143810351849889,0.014415320159501421
2004-11-10,FOMC_statement,https://www.federalreserve.gov/boarddocs/press/monetary/2004/20041110/default.htm,XLP,train,-1,-0.00012865290574937127,-0.004372665307739609,-0.014924253369501206
2004-11-10,FOMC_statement,https://www.federalreserve.gov/boarddocs/press/monetary/2004/20041110/default.htm,XLU,train,-2,0.0030531765755521523,-0.0003224271267461276,-0.02733044714127475
2004-11-10,FOMC_statement,https://www.federalreserve.gov/boarddocs/press/monetary/2004/20041110/default.htm,XLV,train,0,-0.0023729947628909898,-0.006130909400397622,0.006175649589385879
2004-11-10,FOMC_statement,https://www.federalreserve.gov/boarddocs/press/monetary/2004/20041110/default.htm,XLY,train,0,0.0015964824105370035,0.0006435798975263918,-0.0015678997544903428
2004-12-01,Beige_Book,https://www.federalreserve.gov/fomc/beigebook/2004/20041201/default.htm,XLB,train,-1,-0.013263392320016387,-0.01565905951700386,-0.013736533135579432
2004-12-01,Beige_Book,https://www.federalreserve.gov/fomc/beigebook/2004/20041201/default.htm,XLE,train,-1,-0.027333914187339214,-0.01595205722033699,-0.02150232243769734
2004-12-01,Beige_Book,https://www.federalreserve.gov/fomc/beigebook/2004/20041201/default.htm,XLF,train,0,-0.002501309044438571,-0.002494238507737334,0.0027351765178292853
2004-12-01,Beige_Book,https://www.federalreserve.gov/fomc/beigebook/2004/20041201/default.htm,XLI,train,-1,-0.0040668151634067895,-0.008240358096401668,-0.010409862817553517
2004-12-01,Beige_Book,https://www.federalreserve.gov/fomc/beigebook/2004/20041201/default.htm,XLK,train,-1,0.001964046463310609,0.01411914500594802,-0.012674955343198957
2004-12-01,Beige_Book,https://www.federalreserve.gov/fomc/beigebook/2004/20041201/default.htm,XLP,train,0,0.008436562743141085,0.0011158127064901935,0.00508280653322124
2004-12-01,Beige_Book,https://www.federalreserve.gov/fomc/beigebook/2004/20041201/default.htm,XLU,train,1,-0.013339124752084541,0.0043513699965551655,0.014993165175766876
2004-12-01,Beige_Book,https://www.federalreserve.gov/fomc/beigebook/2004/20041201/default.htm,XLV,train,1,0.008756636127943862,0.0009233819392193698,0.019350893945037084
2004-12-01,Beige_Book,https://www.federalreserve.gov/fomc/beigebook/2004/20041201/default.htm,XLY,train,1,0.0003256562861768675,-0.003617235544191244,0.011783076390700087
2004-12-14,FOMC_statement,https://www.federalreserve.gov/boarddocs/press/monetary/2004/20041214/default.htm,XLB,train,0,0.009806323474538026,0.008011300465676663,0.0029393994389312894
2004-12-14,FOMC_statement,https://www.federalreserve.gov/boarddocs/press/monetary/2004/20041214/default.htm,XLE,train,1,0.006694869611371335,0.0035737899451692146,0.022713492768664856
2004-12-14,FOMC_statement,https://www.federalreserve.gov/boarddocs/press/monetary/2004/20041214/default.htm,XLF,train,0,0.004528750366726397,0.0018035062565587845,0.004769205318855274
2004-12-14,FOMC_statement,https://www.federalreserve.gov/boarddocs/press/monetary/2004/20041214/default.htm,XLI,train,-1,0.0005353370034977267,0.0009330001661798093,-0.017561506403907634
2004-12-14,FOMC_statement,https://www.federalreserve.gov/boarddocs/press/monetary/2004/20041214/default.htm,XLK,train,-2,-0.0007449570330677613,-0.002510744704636303,-0.025871877739522486
2004-12-14,FOMC_statement,https://www.federalreserve.gov/boarddocs/press/monetary/2004/20041214/default.htm,XLP,train,1,-0.0011765531972613985,-0.004125346863106283,0.021161044164293097
2004-12-14,FOMC_statement,https://www.federalreserve.gov/boarddocs/press/monetary/2004/20041214/default.htm,XLU,train,1,0.0039703672378343935,0.014202690010191366,0.02238672744761805
2004-12-14,FOMC_statement,https://www.federalreserve.gov/boarddocs/press/monetary/2004/20041214/default.htm,XLV,train,1,0.0022664895962491993,0.0034959947127904956,0.014083173971214724
2004-12-14,FOMC_statement,https://www.federalreserve.gov/boarddocs/press/monetary/2004/20041214/default.htm,XLY,train,1,0.0035775892069511706,0.004722420347530232,0.010232841201791243
2005-01-19,Beige_Book,https://www.federalreserve.gov/fomc/beigebook/2005/20050119/default.htm,XLB,train,2,0.0005399973547975945,-0.009558795486294236,0.03135444922790431
2005-01-19,Beige_Book,https://www.federalreserve.gov/fomc/beigebook/2005/20050119/default.htm,XLE,train,2,-0.003994215117996136,0.015097169842257507,0.09887677800325878
2005-01-19,Beige_Book,https://www.federalreserve.gov/fomc/beigebook/2005/20050119/default.htm,XLF,train,-1,-0.0012650108698036844,0.002119278387036516,-0.010072317918015217
2005-01-19,Beige_Book,https://www.federalreserve.gov/fomc/beigebook/2005/20050119/default.htm,XLI,train,0,-0.0029193282940828125,-0.004268420521974847,0.0008033735253981655
2005-01-19,Beige_Book,https://www.federalreserve.gov/fomc/beigebook/2005/20050119/default.htm,XLK,train,-1,-0.0009070048685518861,-0.007964075162925188,-0.020921024482320916
2005-01-19,Beige_Book,https://www.federalreserve.gov/fomc/beigebook/2005/20050119/default.htm,XLP,train,-1,0.00523404115088133,0.000890013075238727,-0.012227177719536075
2005-01-19,Beige_Book,https://www.federalreserve.gov/fomc/beigebook/2005/20050119/default.htm,XLU,train,2,0.0028369867419012484,0.015683093004856152,0.041208769706946646
2005-01-19,Beige_Book,https://www.federalreserve.gov/fomc/beigebook/2005/20050119/default.htm,XLV,train,-1,0.0010429472759965197,-0.006135149003911211,-0.011390882470273533
2005-01-19,Beige_Book,https://www.federalreserve.gov/fomc/beigebook/2005/20050119/default.htm,XLY,train,-2,-0.01190715726902647,-0.01714627109077027,-0.027432036886550937
2005-02-02,FOMC_statement,https://www.federalreserve.gov/boarddocs/press/monetary/2005/20050202/default.htm,XLB,train,2,-0.003190619396713168,-0.001569025348438946,0.05780355248649782
2005-02-02,FOMC_statement,https://www.federalreserve.gov/boarddocs/press/monetary/2005/20050202/default.htm,XLE,train,2,0.007505963442641872,-0.004898723836279761,0.12176805301571214
2005-02-02,FOMC_statement,https://www.federalreserve.gov/boarddocs/press/monetary/2005/20050202/default.htm,XLF,train,-2,-0.0020386240426254476,0.0015835179039335179,-0.028121211782745514
2005-02-02,FOMC_statement,https://www.federalreserve.gov/boarddocs/press/monetary/2005/20050202/default.htm,XLI,train,0,-0.00037241596321102577,-0.002095348883714987,0.0023771203889006998
2005-02-02,FOMC_statement,https://www.federalreserve.gov/boarddocs/press/monetary/2005/20050202/default.htm,XLK,train,-2,-0.0038840098308708937,0.0008787301308943452,-0.024862405166848567
2005-02-02,FOMC_statement,https://www.federalreserve.gov/boarddocs/press/monetary/2005/20050202/default.htm,XLP,train,-1,0.0009008358261941574,-0.005028838660002921,-0.021165103911461203
2005-02-02,FOMC_statement,https://www.federalreserve.gov/boarddocs/press/monetary/2005/20050202/default.htm,XLU,train,0,0.005382621348744787,0.0036915654829483557,0.004976935233403368
2005-02-02,FOMC_statement,https://www.federalreserve.gov/boarddocs/press/monetary/2005/20050202/default.htm,XLV,train,0,-0.00043585385076094774,2.3650082084047952e-05,0.0046875694850241345
2005-02-02,FOMC_statement,https://www.federalreserve.gov/boarddocs/press/monetary/2005/20050202/default.htm,XLY,train,-1,0.0005352412890884395,0.0029869167207110525,-0.018594060108252264
2005-03-09,Beige_Book,https://www.federalreserve.gov/fomc/beigebook/2005/20050309/default.htm,XLB,train,-2,-0.014881949513280257,-0.00833304665664214,-0.02783062128946512
2005-03-09,Beige_Book,https://www.federalreserve.gov/fomc/beigebook/2005/20050309/default.htm,XLE,train,1,-0.02254140976082397,-0.006272126332082961,0.01173309469987971
2005-03-09,Beige_Book,https://www.federalreserve.gov/fomc/beigebook/2005/20050309/default.htm,XLF,train,-1,0.003476807616311861,0.000966037035432965,-0.02372073433016586
2005-03-09,Beige_Book,https://www.federalreserve.gov/fomc/beigebook/2005/20050309/default.htm,XLI,train,0,2.399029130684127e-05,0.003713045473137777,-0.0021315191622095497
2005-03-09,Beige_Book,https://www.federalreserve.gov/fomc/beigebook/2005/20050309/default.htm,XLK,train,0,0.002255066645965753,-0.005844990094415081,-0.0026032620457583366
2005-03-09,Beige_Book,https://www.federalreserve.gov/fomc/beigebook/2005/20050309/default.htm,XLP,train,1,-9.29158364182392e-05,-0.00398352067027441,0.012560668851377965
2005-03-09,Beige_Book,https://www.federalreserve.gov/fomc/beigebook/2005/20050309/default.htm,XLU,train,2,0.004277445781333711,0.016018300273841546,0.037817475166109005
2005-03-09,Beige_Book,https://www.federalreserve.gov/fomc/beigebook/2005/20050309/default.htm,XLV,train,2,0.0013949151383356728,-0.0040527421478322445,0.02894755242374314
2005-03-09,Beige_Book,https://www.federalreserve.gov/fomc/beigebook/2005/20050309/default.htm,XLY,train,0,-0.0004521862791406761,0.0006268745722507463,-0.0010091289285739657
2005-03-22,FOMC_statement,https://www.federalreserve.gov/boarddocs/press/monetary/2005/20050322/default.htm,XLB,train,-2,-0.010675085714261012,-0.01894241400563701,-0.06559066627792087
2005-03-22,FOMC_statement,https://www.federalreserve.gov/boarddocs/press/monetary/2005/20050322/default.htm,XLE,train,-1,-0.019978927331811835,-0.022149827628066054,-0.01131646406887199
2005-03-22,FOMC_statement,https://www.federalreserve.gov/boarddocs/press/monetary/2005/20050322/default.htm,XLF,train,0,0.0012735421087117782,0.0007851293950921212,-0.005596391637299192
2005-03-22,FOMC_statement,https://www.federalreserve.gov/boarddocs/press/monetary/2005/20050322/default.htm,XLI,train,-1,-0.007082625093072226,-0.005767825557726702,-0.020691789879990763
2005-03-22,FOMC_statement,https://www.federalreserve.gov/boarddocs/press/monetary/2005/20050322/default.htm,XLK,train,0,0.0032935428423452873,0.002194333645743063,-0.0036721119828706517
2005-03-22,FOMC_statement,https://www.federalreserve.gov/boarddocs/press/monetary/2005/20050322/default.htm,XLP,train,1,0.005732084161839346,0.0035210914295665807,0.011355327806644944
2005-03-22,FOMC_statement,https://www.federalreserve.gov/boarddocs/press/monetary/2005/20050322/default.htm,XLU,train,2,-0.005757439327951253,0.0038914641220196833,0.04115881137735433
2005-03-22,FOMC_statement,https://www.federalreserve.gov/boarddocs/press/monetary/2005/20050322/default.htm,XLV,train,2,0.010002720486871564,0.0070195628450017145,0.045266232081404234
2005-03-22,FOMC_statement,https://www.federalreserve.gov/boarddocs/press/monetary/2005/20050322/default.htm,XLY,train,-2,-0.004190608713462551,0.0016694582944388747,-0.027706269078104917
2005-04-20,Beige_Book,https://www.federalreserve.gov/fomc/beigebook/2005/20050420/default.htm,XLB,train,-2,-0.0007352859632945297,-0.0030707844009106866,-0.037147832642699274
2005-04-20,Beige_Book,https://www.federalreserve.gov/fomc/beigebook/2005/20050420/default.htm,XLE,train,-2,0.01510513569347216,0.028501899155016996,-0.05909773118982209
2005-04-20,Beige_Book,https://www.federalreserve.gov/fomc/beigebook/2005/20050420/default.htm,XLF,train,1,-0.013633542962063094,-0.00631711116239031,0.010466004726622291
2005-04-20,Beige_Book,https://www.federalreserve.gov/fomc/beigebook/2005/20050420/default.htm,XLI,train,0,0.007250812198485113,0.004608975029280926,0.0007236099255079065
2005-04-20,Beige_Book,https://www.federalreserve.gov/fomc/beigebook/2005/20050420/default.htm,XLK,train,2,0.007533405717010888,-0.0004152700179590463,0.028323768325751897
2005-04-20,Beige_Book,https://www.federalreserve.gov/fomc/beigebook/2005/20050420/default.htm,XLP,train,0,-0.002515934048720414,-0.005187465294555382,-0.0008153044505460061
2005-04-20,Beige_Book,https://www.federalreserve.gov/fomc/beigebook/2005/20050420/default.htm,XLU,train,-2,-0.010537308359481301,-0.00015702431814124118,-0.026558386404698764
2005-04-20,Beige_Book,https://www.federalreserve.gov/fomc/beigebook/2005/20050420/default.htm,XLV,train,0,-0.005839511231334749,-0.009921095535238011,-0.005236655576711602
2005-04-20,Beige_Book,https://www.federalreserve.gov/fomc/beigebook/2005/20050420/default.htm,XLY,train,1,0.005378161604130405,-0.0035548681435633167,0.013104561752578459
2005-05-03,FOMC_statement,https://www.federalreserve.gov/boarddocs/press/monetary/2005/20050503/default.htm,XLB,train,-2,0.0077624258007822355,0.007802740236434125,-0.04310370240362449
2005-05-03,FOMC_statement,https://www.federalreserve.gov/boarddocs/press/monetary/2005/20050503/default.htm,XLE,train,1,0.003940116886187006,0.015309590284785957,0.01730987060970879
2005-05-03,FOMC_statement,https://www.federalreserve.gov/boarddocs/press/monetary/2005/20050503/default.htm,XLF,train,0,0.011551679072142385,0.0033222796891905215,-0.004002656412704031
2005-05-03,FOMC_statement,https://www.federalreserve.gov/boarddocs/press/monetary/2005/20050503/default.htm,XLI,train,0,0.0038968595317392385,0.006395692273129527,0.0017130367399251778
2005-05-03,FOMC_statement,https://www.federalreserve.gov/boarddocs/press/monetary/2005/20050503/default.htm,XLK,train,2,-0.0008698979990449107,0.0036711478764984706,0.040632424018740676
2005-05-03,FOMC_statement,https://www.federalreserve.gov/boarddocs/press/monetary/2005/20050503/default.htm,XLP,train,-1,-0.0012117175875201447,-0.003331294775742455,-0.014564776167763527
2005-05-03,FOMC_statement,https://www.federalreserve.gov/boarddocs/press/monetary/2005/20050503/default.htm,XLU,train,-1,-0.006718108467668404,-0.009568734818814373,-0.02171743906351775
2005-05-03,FOMC_statement,https://www.federalreserve.gov/boarddocs/press/monetary/2005/20050503/default.htm,XLV,train,-1,0.0022768627234659444,0.000977625431575202,-0.0236648729045571
2005-05-03,FOMC_statement,https://www.federalreserve.gov/boarddocs/press/monetary/2005/20050503/default.htm,XLY,train,2,0.013665729420487382,0.011218768591390926,0.025670502004869422
2005-06-15,Beige_Book,https://www.federalreserve.gov/fomc/beigebook/2005/20050615/default.htm,XLB,train,-2,0.007918269927149835,-0.006150287889329364,-0.038641201060461094
2005-06-15,Beige_Book,https://www.federalreserve.gov/fomc/beigebook/2005/20050615/default.htm,XLE,train,0,0.011558653340867364,0.024819988909969615,0.003197871207937908
2005-06-15,Beige_Book,https://www.federalreserve.gov/fomc/beigebook/2005/20050615/default.htm,XLF,train,1,0.0025245601158467856,0.0013867612314497624,0.016536017036189454
2005-06-15,Beige_Book,https://www.federalreserve.gov/fomc/beigebook/2005/20050615/default.htm,XLI,train,-1,-0.0015655445676661106,-0.0010874054189567994,-0.019808472195697147
2005-06-15,Beige_Book,https://www.federalreserve.gov/fomc/beigebook/2005/20050615/default.htm,XLK,train,1,-0.0005850824748481198,-0.005604316201180404,0.019637799518210763
2005-06-15,Beige_Book,https://www.federalreserve.gov/fomc/beigebook/2005/20050615/default.htm,XLP,train,-1,-0.005549275820552202,-0.007344414170639246,-0.0160356459125377
2005-06-15,Beige_Book,https://www.federalreserve.gov/fomc/beigebook/2005/20050615/default.htm,XLU,train,2,-0.004184514741361833,0.006486693937853505,0.02948052353692676
2005-06-15,Beige_Book,https://www.federalreserve.gov/fomc/beigebook/2005/20050615/default.htm,XLV,train,-1,0.003808982717109277,0.003463004339133824,-0.011893036549503577
2005-06-15,Beige_Book,https://www.federalreserve.gov/fomc/beigebook/2005/20050615/default.htm,XLY,train,0,-0.00047303800018050346,0.0002293922041527452,0.0004889461772480397
2005-06-30,FOMC_statement,https://www.federalreserve.gov/boarddocs/press/monetary/2005/20050630/default.htm,XLB,train,1,-0.0036732141875029933,-0.004051886719136699,0.012644165524253959
2005-06-30,FOMC_statement,https://www.federalreserve.gov/boarddocs/press/monetary/2005/20050630/default.htm,XLE,train,2,0.019335426456313254,0.03166705142766757,0.044229371049730015
2005-06-30,FOMC_statement,https://www.federalreserve.gov/boarddocs/press/monetary/2005/20050630/default.htm,XLF,train,-1,-0.0019192364652507177,-0.0008296724280792978,-0.02132869962801065
2005-06-30,FOMC_statement,https://www.federalreserve.gov/boarddocs/press/monetary/2005/20050630/default.htm,XLI,train,0,0.0004669784534412358,-0.007289292410165182,0.00014174322006554885
2005-06-30,FOMC_statement,https://www.federalreserve.gov/boarddocs/press/monetary/2005/20050630/default.htm,XLK,train,1,-0.00042665471146907663,0.003945598271620887,0.019075111679854095
2005-06-30,FOMC_statement,https://www.federalreserve.gov/boarddocs/press/monetary/2005/20050630/default.htm,XLP,train,-1,0.0005800749211803957,-0.0029567767388490873,-0.010341316745128504
2005-06-30,FOMC_statement,https://www.federalreserve.gov/boarddocs/press/monetary/2005/20050630/default.htm,XLU,train,-2,0.006251713039036266,-0.008435857168151095,-0.027288587102901718
2005-06-30,FOMC_statement,https://www.federalreserve.gov/boarddocs/press/monetary/2005/20050630/default.htm,XLV,train,-1,-0.004225629256396246,-0.006756050243498679,-0.009292114260613826
2005-06-30,FOMC_statement,https://www.federalreserve.gov/boarddocs/press/monetary/2005/20050630/default.htm,XLY,train,1,-0.0004963086840208408,0.00024438394263492924,0.018859750877446735
2005-07-27,Beige_Book,https://www.federalreserve.gov/fomc/beigebook/2005/20050727/default.htm,XLB,train,-1,0.004955546818524947,0.00363142048811238,-0.018155902549920166
2005-07-27,Beige_Book,https://www.federalreserve.gov/fomc/beigebook/2005/20050727/default.htm,XLE,train,2,-0.0033811315943446107,0.004118040136917744,0.030973834531437316
2005-07-27,Beige_Book,https://www.federalreserve.gov/fomc/beigebook/2005/20050727/default.htm,XLF,train,0,-0.003311837034768228,-0.004861717289471157,-0.004210019496853512
2005-07-27,Beige_Book,https://www.federalreserve.gov/fomc/beigebook/2005/20050727/default.htm,XLI,train,-1,-0.000735635421416303,-0.0011633137679456507,-0.007627000787631455
2005-07-27,Beige_Book,https://www.federalreserve.gov/fomc/beigebook/2005/20050727/default.htm,XLK,train,0,-0.005827050247450671,-0.0031611389754612196,-0.004827338965096906
2005-07-27,Beige_Book,https://www.federalreserve.gov/fomc/beigebook/2005/20050727/default.htm,XLP,train,0,0.002253717234204311,0.0002928376260845633,0.001971838894827327
2005-07-27,Beige_Book,https://www.federalreserve.gov/fomc/beigebook/2005/20050727/default.htm,XLU,train,1,-6.193012299315903e-05,-0.005378053136594008,0.023049959589689584
2005-07-27,Beige_Book,https://www.federalreserve.gov/fomc/beigebook/2005/20050727/default.htm,XLV,train,0,0.003178657887311198,0.008724875379534702,0.001715947918135008
2005-07-27,Beige_Book,https://www.federalreserve.gov/fomc/beigebook/2005/20050727/default.htm,XLY,train,-1,0.0037946269853328385,0.0006228581153525647,-0.013442615777372047
2005-08-09,FOMC_statement,https://www.federalreserve.gov/boarddocs/press/monetary/2005/20050809/default.htm,XLB,train,-2,0.0036138108324758056,0.006878874090545439,-0.038175984978291555
2005-08-09,FOMC_statement,https://www.federalreserve.gov/boarddocs/press/monetary/2005/20050809/default.htm,XLE,train,2,0.016819251837267957,0.02683567657567043,0.050233879544626325
2005-08-09,FOMC_statement,https://www.federalreserve.gov/boarddocs/press/monetary/2005/20050809/default.htm,XLF,train,0,-0.0005245597926580858,0.0026615395343468906,-0.0042297566957345545
2005-08-09,FOMC_statement,https://www.federalreserve.gov/boarddocs/press/monetary/2005/20050809/default.htm,XLI,train,0,-0.0001778955646434266,0.0060034356017444335,-0.0045699929033096165
2005-08-09,FOMC_statement,https://www.federalreserve.gov/boarddocs/press/monetary/2005/20050809/default.htm,XLK,train,0,-0.010861806842432875,-0.014333909222211116,-0.0065420272684214575
2005-08-09,FOMC_statement,https://www.federalreserve.gov/boarddocs/press/monetary/2005/20050809/default.htm,XLP,train,0,-0.0012432381675347992,6.492901516452765e-05,0.0041774688798494886
2005-08-09,FOMC_statement,https://www.federalreserve.gov/boarddocs/press/monetary/2005/20050809/default.htm,XLU,train,2,0.00016847554717192015,0.007405965148577831,0.044096321259553095
2005-08-09,FOMC_statement,https://www.federalreserve.gov/boarddocs/press/monetary/2005/20050809/default.htm,XLV,train,1,-0.0010876151670131673,0.0014267034110627685,0.014984410180485574
2005-08-09,FOMC_statement,https://www.federalreserve.gov/boarddocs/press/monetary/2005/20050809/default.htm,XLY,train,-2,-9.577992198905871e-05,0.003825298832016877,-0.026199734896047433
2005-09-07,Beige_Book,https://www.federalreserve.gov/fomc/beigebook/2005/20050907/default.htm,XLB,train,-1,-0.002075545921575661,0.003990030693834301,-0.01609206996837409
2005-09-07,Beige_Book,https://www.federalreserve.gov/fomc/beigebook/2005/20050907/default.htm,XLE,train,-1,0.004671765909270542,0.003356154960853619,-0.018687826558510312
2005-09-07,Beige_Book,https://www.federalreserve.gov/fomc/beigebook/2005/20050907/default.htm,XLF,train,1,-0.002400239735350973,0.0024930886002632047,0.015508996622645488
2005-09-07,Beige_Book,https://www.federalreserve.gov/fomc/beigebook/2005/20050907/default.htm,XLI,train,1,-0.0023149442217518246,0.0027252308401809477,0.01543058447353085
2005-09-07,Beige_Book,https://www.federalreserve.gov/fomc/beigebook/2005/20050907/default.htm,XLK,train,0,0.005691317969069631,0.0021171189649636935,-0.005263042926673123
2005-09-07,Beige_Book,https://www.federalreserve.gov/fomc/beigebook/2005/20050907/default.htm,XLP,train,1,-0.0005455256456803337,-0.0010061346750168676,0.01830676827094546
2005-09-07,Beige_Book,https://www.federalreserve.gov/fomc/beigebook/2005/20050907/default.htm,XLU,train,0,-0.005392283570491707,-0.0013864510411759623,0.0018833737614580848
2005-09-07,Beige_Book,https://www.federalreserve.gov/fomc/beigebook/2005/20050907/default.htm,XLV,train,-1,0.002690012490739302,-0.00419874278288801,-0.01132543312767642
2005-09-07,Beige_Book,https://www.federalreserve.gov/fomc/beigebook/2005/20050907/default.htm,XLY,train,-2,-0.006142508066884211,-0.0020331525610582935,-0.02996111944706159
2005-09-20,FOMC_statement,https://www.federalreserve.gov/boarddocs/press/monetary/2005/20050920/default.htm,XLB,train,-1,-0.0020523943825085933,0.00025476420140679856,-0.009055922343486844
2005-09-20,FOMC_statement,https://www.federalreserve.gov/boarddocs/press/monetary/2005/20050920/default.htm,XLE,train,-2,0.023451238943034802,-0.005920189822114841,-0.08446800938514298
2005-09-20,FOMC_statement,https://www.federalreserve.gov/boarddocs/press/monetary/2005/20050920/default.htm,XLF,train,1,-0.007258847646566924,-0.0006418651658688379,0.016694302334589683
2005-09-20,FOMC_statement,https://www.federalreserve.gov/boarddocs/press/monetary/2005/20050920/default.htm,XLI,train,2,0.0059515605062688826,0.013101638522719505,0.0307902231605115
2005-09-20,FOMC_statement,https://www.federalreserve.gov/boarddocs/press/monetary/2005/20050920/default.htm,XLK,train,-1,-0.0027190147720943525,-0.0027068519456618922,-0.007152518301927313
2005-09-20,FOMC_statement,https://www.federalreserve.gov/boarddocs/press/monetary/2005/20050920/default.htm,XLP,train,2,-0.002940672646550624,0.0019906302992467317,0.0304169098534397
2005-09-20,FOMC_statement,https://www.federalreserve.gov/boarddocs/press/monetary/2005/20050920/default.htm,XLU,train,-2,-0.00804614954326588,-0.015463627273637814,-0.06103528786539414
2005-09-20,FOMC_statement,https://www.federalreserve.gov/boarddocs/press/monetary/2005/20050920/default.htm,XLV,train,0,0.004582484512806406,0.0030692094379922708,0.003485540206577875
2005-09-20,FOMC_statement,https://www.federalreserve.gov/boarddocs/press/monetary/2005/20050920/default.htm,XLY,train,0,-0.006513106849169836,0.008945598932206589,0.004721436464268813
2005-10-19,Beige_Book,https://www.federalreserve.gov/fomc/beigebook/2005/20051019/default.htm,XLB,train,2,0.010812742017401789,0.02354609826149545,0.059807523273334495
2005-10-19,Beige_Book,https://www.federalreserve.gov/fomc/beigebook/2005/20051019/default.htm,XLE,train,-1,-0.027858932881488108,-0.0013034220338620228,-0.00875251207209049
2005-10-19,Beige_Book,https://www.federalreserve.gov/fomc/beigebook/2005/20051019/default.htm,XLF,train,2,0.008786618951608038,0.014964978498165915,0.02905114109892759
2005-10-19,Beige_Book,https://www.federalreserve.gov/fomc/beigebook/2005/20051019/default.htm,XLI,train,0,0.004893759530315456,-0.005924978702892658,-0.0032317768523580925
2005-10-19,Beige_Book,https://www.federalreserve.gov/fomc/beigebook/2005/20051019/default.htm,XLK,train,1,0.010188453996534896,0.009663841799087303,0.019278422090463376
2005-10-19,Beige_Book,https://www.federalreserve.gov/fomc/beigebook/2005/20051019/default.htm,XLP,train,-2,0.009812870794849715,-0.0017159105643648198,-0.02834804288154491
2005-10-19,Beige_Book,https://www.federalreserve.gov/fomc/beigebook/2005/20051019/default.htm,XLU,train,-1,-0.008717500519420662,0.010937775850930587,-0.0235612021988143
2005-10-19,Beige_Book,https://www.federalreserve.gov/fomc/beigebook/2005/20051019/default.htm,XLV,train,-2,-0.0029901258537472497,-0.020366269225753908,-0.037455978542801804
2005-10-19,Beige_Book,https://www.federalreserve.gov/fomc/beigebook/2005/20051019/default.htm,XLY,train,0,0.005316325493278762,0.0019022098545320443,-0.0006914141739196022
2005-11-01,FOMC_statement,https://www.federalreserve.gov/boarddocs/press/monetary/2005/20051101/default.htm,XLB,train,2,0.0014770790295339786,-0.006135226684484296,0.04013719978695396
2005-11-01,FOMC_statement,https://www.federalreserve.gov/boarddocs/press/monetary/2005/20051101/default.htm,XLE,train,-1,0.009086895640329606,-0.004888167052939707,-0.007109426618311154
2005-11-01,FOMC_statement,https://www.federalreserve.gov/boarddocs/press/monetary/2005/20051101/default.htm,XLF,train,0,-0.002208860940239976,-0.002882059646458379,0.005651496895283659
2005-11-01,FOMC_statement,https://www.federalreserve.gov/boarddocs/press/monetary/2005/20051101/default.htm,XLI,train,1,-0.00033545982955440756,0.0017095939580989983,0.02056913300893526
2005-11-01,FOMC_statement,https://www.federalreserve.gov/boarddocs/press/monetary/2005/20051101/default.htm,XLK,train,2,0.0008285009384447761,0.011412128551640977,0.028257949351277567
2005-11-01,FOMC_statement,https://www.federalreserve.gov/boarddocs/press/monetary/2005/20051101/default.htm,XLP,train,-2,-0.00785337442471512,-0.007350434962077879,-0.028785727940575545
2005-11-01,FOMC_statement,https://www.federalreserve.gov/boarddocs/press/monetary/2005/20051101/default.htm,XLU,train,-2,-0.006565345318809701,-0.011466632935872356,-0.02790532203973639
2005-11-01,FOMC_statement,https://www.federalreserve.gov/boarddocs/press/monetary/2005/20051101/default.htm,XLV,train,-2,-0.010457498890128258,-0.0019010955760875303,-0.025039402302862612
2005-11-01,FOMC_statement,https://www.federalreserve.gov/boarddocs/press/monetary/2005/20051101/default.htm,XLY,train,0,0.00712449020617667,0.008172353355053175,0.0002093155154907489
2005-11-30,Beige_Book,https://www.federalreserve.gov/fomc/beigebook/2005/20051130/default.htm,XLB,train,2,0.009342191156727075,0.008565993383245818,0.030563752460557314
2005-11-30,Beige_Book,https://www.federalreserve.gov/fomc/beigebook/2005/20051130/default.htm,XLE,train,1,0.021479033634296485,0.03035795663475338,0.021511536845363444
2005-11-30,Beige_Book,https://www.federalreserve.gov/fomc/beigebook/2005/20051130/default.htm,XLF,train,0,-0.0048723571587425685,-0.0036905640673194906,0.002217090103768471
2005-11-30,Beige_Book,https://www.federalreserve.gov/fomc/beigebook/2005/20051130/default.htm,XLI,train,0,0.0009188758408846809,-0.007352478632910775,0.006738370720068998
2005-11-30,Beige_Book,https://www.federalreserve.gov/fomc/beigebook/2005/20051130/default.htm,XLK,train,-2,0.004993992097290345,-4.335807309030493e-05,-0.029153785679859268
2005-11-30,Beige_Book,https://www.federalreserve.gov/fomc/beigebook/2005/20051130/default.htm,XLP,train,0,-0.0033630077503807865,-0.0067470820343468185,0.003095162231357862
2005-11-30,Beige_Book,https://www.federalreserve.gov/fomc/beigebook/2005/20051130/default.htm,XLU,train,1,-0.00638487022283174,-0.004566479070794105,0.01077945125687707
2005-11-30,Beige_Book,https://www.federalreserve.gov/fomc/beigebook/2005/20051130/default.htm,XLV,train,2,-0.00012840297709804105,0.006201602087207769,0.03597480151480814
2005-11-30,Beige_Book,https://www.federalreserve.gov/fomc/beigebook/2005/20051130/default.htm,XLY,train,0,0.0012741197442192043,-0.0005292388847717433,-0.006654898985886004
2005-12-13,FOMC_statement,https://www.federalreserve.gov/boarddocs/press/monetary/2005/20051213/default.htm,XLB,train,0,-0.009504583595496885,-0.012481202308421091,-0.004361785149811004
2005-12-13,FOMC_statement,https://www.federalreserve.gov/boarddocs/press/monetary/2005/20051213/default.htm,XLE,train,2,0.00812503089824479,-0.01802139789826973,0.030096037347274174
2005-12-13,FOMC_statement,https://www.federalreserve.gov/boarddocs/press/monetary/2005/20051213/default.htm,XLF,train,0,-0.00019738218359410808,0.0027863416812168307,0.0013438186550772668
2005-12-13,FOMC_statement,https://www.federalreserve.gov/boarddocs/press/monetary/2005/20051213/default.htm,XLI,train,0,0.004647079813893784,0.01391579333412829,-0.00592824631028821
2005-12-13,FOMC_statement,https://www.federalreserve.gov/boarddocs/press/monetary/2005/20051213/default.htm,XLK,train,0,-0.0025521878498802053,-0.002040986216605978,0.005699085784586999
2005-12-13,FOMC_statement,https://www.federalreserve.gov/boarddocs/press/monetary/2005/20051213/default.htm,XLP,train,-1,0.004510611494327854,0.011457956272350689,-0.020443807299432293
2005-12-13,FOMC_statement,https://www.federalreserve.gov/boarddocs/press/monetary/2005/20051213/default.htm,XLU,train,0,0.007262661313562679,0.01546639783165804,-0.005975928462980784
2005-12-13,FOMC_statement,https://www.federalreserve.gov/boarddocs/press/monetary/2005/20051213/default.htm,XLV,train,1,-0.0010747655423395397,0.010222924719385906,0.015691147537358452
2005-12-13,FOMC_statement,https://www.federalreserve.gov/boarddocs/press/monetary/2005/20051213/default.htm,XLY,train,-1,0.0011380274808074908,0.0028170618220426658,-0.010906946823754149
2006-01-18,Beige_Book,https://www.federalreserve.gov/fomc/beigebook/2006/20060118/default.htm,XLB,train,2,0.006723919356865116,0.018028615678734594,0.03486698284677703
2006-01-18,Beige_Book,https://www.federalreserve.gov/fomc/beigebook/2006/20060118/default.htm,XLE,train,-2,0.013558347784974778,0.04366541167565241,-0.05549875781186031
2006-01-18,Beige_Book,https://www.federalreserve.gov/fomc/beigebook/2006/20060118/default.htm,XLF,train,0,-0.006949879632672018,-0.010675116927457373,0.004169733618339944
2006-01-18,Beige_Book,https://www.federalreserve.gov/fomc/beigebook/2006/20060118/default.htm,XLI,train,1,0.0009288056117044974,-0.005561733385421763,0.019641708791375168
2006-01-18,Beige_Book,https://www.federalreserve.gov/fomc/beigebook/2006/20060118/default.htm,XLK,train,1,0.004942330732130351,-0.01025264126111991,0.008418078837623244
2006-01-18,Beige_Book,https://www.federalreserve.gov/fomc/beigebook/2006/20060118/default.htm,XLP,train,0,-0.002982031790173645,-0.001915931369251167,-0.0004862566972471116
2006-01-18,Beige_Book,https://www.federalreserve.gov/fomc/beigebook/2006/20060118/default.htm,XLU,train,-2,0.005059773029520986,0.012420795671355456,-0.02910380372302601
2006-01-18,Beige_Book,https://www.federalreserve.gov/fomc/beigebook/2006/20060118/default.htm,XLV,train,0,0.0014098230543608814,-0.003575213760120821,-0.0015084253726387331
2006-01-18,Beige_Book,https://www.federalreserve.gov/fomc/beigebook/2006/20060118/default.htm,XLY,train,0,0.0036808748293719606,0.0007334859141889805,0.005822490811825065
2006-01-31,FOMC_statement,https://www.federalreserve.gov/newsevents/pressreleases/monetary20060131a.htm,XLB,train,-1,-0.004144383516412331,-0.011269759437456561,-0.013745061829541827
2006-01-31,FOMC_statement,https://www.federalreserve.gov/newsevents/pressreleases/monetary20060131a.htm,XLE,train,-2,-0.030740350355153212,-0.033270387160961534,-0.07523636670813039
2006-01-31,FOMC_statement,https://www.federalreserve.gov/newsevents/pressreleases/monetary20060131a.htm,XLF,train,0,-0.007605924867974401,-0.0020262669739545824,0.005750071663991663
2006-01-31,FOMC_statement,https://www.federalreserve.gov/newsevents/pressreleases/monetary20060131a.htm,XLI,train,1,0.0015886889255243286,0.0074408093886189075,0.021398214107089975
2006-01-31,FOMC_statement,https://www.federalreserve.gov/newsevents/pressreleases/monetary20060131a.htm,XLK,train,1,-0.0009616205962479363,-0.005196807469743603,0.01033228510259765
2006-01-31,FOMC_statement,https://www.federalreserve.gov/newsevents/pressreleases/monetary20060131a.htm,XLP,train,-1,-0.004408243431556436,0.005317848148499449,-0.007688919280829487
2006-01-31,FOMC_statement,https://www.federalreserve.gov/newsevents/pressreleases/monetary20060131a.htm,XLU,train,0,-0.004180591148604584,-0.005666343877885116,-0.004993311939626044
2006-01-31,FOMC_statement,https://www.federalreserve.gov/newsevents/pressreleases/monetary20060131a.htm,XLV,train,0,-0.0007556441846514605,0.005901213781932868,-0.003911000067722048
2006-01-31,FOMC_statement,https://www.federalreserve.gov/newsevents/pressreleases/monetary20060131a.htm,XLY,train,0,-0.0036699582168358003,0.0068948605530657625,-0.006441124875139148
2006-03-15,Beige_Book,https://www.federalreserve.gov/fomc/beigebook/2006/20060315/default.htm,XLB,train,2,-0.0005188198049776993,-0.0032231746936162153,0.0359809990954808
2006-03-15,Beige_Book,https://www.federalreserve.gov/fomc/beigebook/2006/20060315/default.htm,XLE,train,2,0.013778543750730066,-0.02030883735042832,0.055537424110125855
2006-03-15,Beige_Book,https://www.federalreserve.gov/fomc/beigebook/2006/20060315/default.htm,XLF,train,0,0.0012619570089784649,0.005577780748467598,-0.0007040001829636822
2006-03-15,Beige_Book,https://www.federalreserve.gov/fomc/beigebook/2006/20060315/default.htm,XLI,train,1,-0.0014703733677661202,0.005160955210802953,0.022131594956760314
2006-03-15,Beige_Book,https://www.federalreserve.gov/fomc/beigebook/2006/20060315/default.htm,XLK,train,1,-0.0083764917545317,-0.0026181029578591364,0.008430132300138782
2006-03-15,Beige_Book,https://www.federalreserve.gov/fomc/beigebook/2006/20060315/default.htm,XLP,train,-1,0.0012652714679470822,0.007297767520165643,-0.014957160510770673
2006-03-15,Beige_Book,https://www.federalreserve.gov/fomc/beigebook/2006/20060315/default.htm,XLU,train,-2,0.003198474586291855,-0.013068101435233292,-0.046146734253196264
2006-03-15,Beige_Book,https://www.federalreserve.gov/fomc/beigebook/2006/20060315/default.htm,XLV,train,-2,-0.0020648664264835137,0.0029008620001047536,-0.03899171295838255
2006-03-15,Beige_Book,https://www.federalreserve.gov/fomc/beigebook/2006/20060315/default.htm,XLY,train,0,9.673992118486296e-08,9.993997005652844e-05,0.0031330265722496753
2006-03-28,FOMC_statement,https://www.federalreserve.gov/newsevents/pressreleases/monetary20060328a.htm,XLB,train,2,0.010606104800281013,0.006339682620028264,0.028423939889796968
2006-03-28,FOMC_statement,https://www.federalreserve.gov/newsevents/pressreleases/monetary20060328a.htm,XLE,train,1,0.005461513119765282,-0.0075010946489835195,0.022807519314093305
2006-03-28,FOMC_statement,https://www.federalreserve.gov/newsevents/pressreleases/monetary20060328a.htm,XLF,train,1,-0.0016660730062152407,-0.0059295944879140805,0.018023555936136915
2006-03-28,FOMC_statement,https://www.federalreserve.gov/newsevents/pressreleases/monetary20060328a.htm,XLI,train,1,0.0038892504764886926,0.005131670536975275,0.019567799526361895
2006-03-28,FOMC_statement,https://www.federalreserve.gov/newsevents/pressreleases/monetary20060328a.htm,XLK,train,1,0.008819910563998112,0.007673628570233237,0.0068482283902486785
2006-03-28,FOMC_statement,https://www.federalreserve.gov/newsevents/pressreleases/monetary20060328a.htm,XLP,train,-1,0.0009006843089707228,-0.009316748063181834,-0.011383817991806433
2006-03-28,FOMC_statement,https://www.federalreserve.gov/newsevents/pressreleases/monetary20060328a.htm,XLU,train,-1,-0.00017004716504875894,-0.014971030247582728,-0.011963762460255545
2006-03-28,FOMC_statement,https://www.federalreserve.gov/newsevents/pressreleases/monetary20060328a.htm,XLV,train,-2,-0.003467952089451387,-0.009389299488662295,-0.06000184432868516
2006-03-28,FOMC_statement,https://www.federalreserve.gov/newsevents/pressreleases/monetary20060328a.htm,XLY,train,0,0.0026592882591158773,-0.0028941680379152013,0.0012271248500795862
2006-04-26,Beige_Book,https://www.federalreserve.gov/fomc/beigebook/2006/20060426/default.htm,XLB,train,-2,-0.024814507036085343,-0.008968558527304271,-0.03924890793180724
2006-04-26,Beige_Book,https://www.federalreserve.gov/fomc/beigebook/2006/20060426/default.htm,XLE,train,-1,-0.016205361313715305,0.016354530851419247,-0.01700052134290142
2006-04-26,Beige_Book,https://www.federalreserve.gov/fomc/beigebook/2006/20060426/default.htm,XLF,train,1,0.010868797827353172,0.009555957447400787,0.007273261619512694
2006-04-26,Beige_Book,https://www.federalreserve.gov/fomc/beigebook/2006/20060426/default.htm,XLI,train,0,-0.010293355694506623,-0.004928765376363664,-0.0038297831777778235
2006-04-26,Beige_Book,https://www.federalreserve.gov/fomc/beigebook/2006/20060426/default.htm,XLK,train,-2,0.005122146566136188,-0.019391443952285647,-0.04637390989418755
2006-04-26,Beige_Book,https://www.federalreserve.gov/fomc/beigebook/2006/20060426/default.htm,XLP,train,2,-0.0035678697078587174,0.0033180152070135804,0.03510249310791913
2006-04-26,Beige_Book,https://www.federalreserve.gov/fomc/beigebook/2006/20060426/default.htm,XLU,train,2,0.008488125377909439,0.008178565002820437,0.03752985268924969
2006-04-26,Beige_Book,https://www.federalreserve.gov/fomc/beigebook/2006/20060426/default.htm,XLV,train,0,-0.010342807864117787,-0.004169599046920824,0.005151478998570602
2006-04-26,Beige_Book,https://www.federalreserve.gov/fomc/beigebook/2006/20060426/default.htm,XLY,train,1,0.0031467498535897587,0.0017681484377507495,0.012186003696890935
2006-05-10,FOMC_statement,https://www.federalreserve.gov/newsevents/pressreleases/monetary20060510a.htm,XLB,train,-2,-0.0016397987701205485,-0.02504507850025295,-0.07780150409906994
2006-05-10,FOMC_statement,https://www.federalreserve.gov/newsevents/pressreleases/monetary20060510a.htm,XLE,train,-2,-0.0008700298243223825,-0.044680294563639866,-0.06062092462483004
2006-05-10,FOMC_statement,https://www.federalreserve.gov/newsevents/pressreleases/monetary20060510a.htm,XLF,train,1,-0.004350804204302228,0.00348591308599866,0.01357522326064653
2006-05-10,FOMC_statement,https://www.federalreserve.gov/newsevents/pressreleases/monetary20060510a.htm,XLI,train,-2,0.0070246212735869396,0.002578191046039624,-0.026835813644571993
2006-05-10,FOMC_statement,https://www.federalreserve.gov/newsevents/pressreleases/monetary20060510a.htm,XLK,train,-2,-0.008733251199715353,-0.006176402012999516,-0.02529094911103147
2006-05-10,FOMC_statement,https://www.federalreserve.gov/newsevents/pressreleases/monetary20060510a.htm,XLP,train,2,-0.00034623157909707825,0.013721855523289972,0.039583757568457445
2006-05-10,FOMC_statement,https://www.federalreserve.gov/newsevents/pressreleases/monetary20060510a.htm,XLU,train,2,0.002669424354677652,0.009041024854570479,0.07323231286574983
2006-05-10,FOMC_statement,https://www.federalreserve.gov/newsevents/pressreleases/monetary20060510a.htm,XLV,train,2,0.010104964052931709,0.033003094839169966,0.05256499161297823
2006-05-10,FOMC_statement,https://www.federalreserve.gov/newsevents/pressreleases/monetary20060510a.htm,XLY,train,1,0.0020073469914597686,0.005819413785911665,0.0073685093499801235
2006-06-14,Beige_Book,https://www.federalreserve.gov/fomc/beigebook/2006/20060614/default.htm,XLB,train,2,0.012140473302625798,0.0014017596051714154,0.030210757107591912
2006-06-14,Beige_Book,https://www.federalreserve.gov/fomc/beigebook/2006/20060614/default.htm,XLE,train,2,0.01685812215614324,-0.008343188763240361,0.11741904602251263
2006-06-14,Beige_Book,https://www.federalreserve.gov/fomc/beigebook/2006/20060614/default.htm,XLF,train,0,0.0010003794649089404,0.002896685969507984,0.0048957450406585945
2006-06-14,Beige_Book,https://www.federalreserve.gov/fomc/beigebook/2006/20060614/default.htm,XLI,train,-1,0.0014781810713806465,0.00865966679000596,-0.02060567322307927
2006-06-14,Beige_Book,https://www.federalreserve.gov/fomc/beigebook/2006/20060614/default.htm,XLK,train,-2,0.0041401012009525395,0.01334774405059369,-0.03585248289040577
2006-06-14,Beige_Book,https://www.federalreserve.gov/fomc/beigebook/2006/20060614/default.htm,XLP,train,1,-0.013184773348182466,-0.0006862837347054729,0.014701897356202198
2006-06-14,Beige_Book,https://www.federalreserve.gov/fomc/beigebook/2006/20060614/default.htm,XLU,train,2,-0.00585956559958567,-0.005067191227997148,0.026664312269502277
2006-06-14,Beige_Book,https://www.federalreserve.gov/fomc/beigebook/2006/20060614/default.htm,XLV,train,0,-0.008918472585208281,-0.0026426577226896786,-0.005307530718691389
2006-06-14,Beige_Book,https://www.federalreserve.gov/fomc/beigebook/2006/20060614/default.htm,XLY,train,-2,0.0005710786721642158,0.007912859577342113,-0.03969104326035533
2006-06-29,FOMC_statement,https://www.federalreserve.gov/newsevents/pressreleases/monetary20060629a.htm,XLB,train,-2,0.00461594695111156,0.006073717817441704,-0.036400743881822795
2006-06-29,FOMC_statement,https://www.federalreserve.gov/newsevents/pressreleases/monetary20060629a.htm,XLE,train,2,0.003280995384991492,0.02018911754981223,0.03348375436509998
2006-06-29,FOMC_statement,https://www.federalreserve.gov/newsevents/pressreleases/monetary20060629a.htm,XLF,train,1,-0.002854074235322912,0.0010487106241521271,0.015632266000726314
2006-06-29,FOMC_statement,https://www.federalreserve.gov/newsevents/pressreleases/monetary20060629a.htm,XLI,train,-2,-0.00037435317087330944,-0.0025664510239777893,-0.06266749068565625
2006-06-29,FOMC_statement,https://www.federalreserve.gov/newsevents/pressreleases/monetary20060629a.htm,XLK,train,-2,-0.005459742852598648,-0.012079809765333516,-0.03579753892867554
2006-06-29,FOMC_statement,https://www.federalreserve.gov/newsevents/pressreleases/monetary20060629a.htm,XLP,train,0,-0.005015026624695995,-0.005821091577337678,0.00595141586893877
2006-06-29,FOMC_statement,https://www.federalreserve.gov/newsevents/pressreleases/monetary20060629a.htm,XLU,train,2,0.003652023225557466,0.00968972844834104,0.04586774226147028
2006-06-29,FOMC_statement,https://www.federalreserve.gov/newsevents/pressreleases/monetary20060629a.htm,XLV,train,2,0.005575283925740582,0.00819574512080845,0.054252073512292665
2006-06-29,FOMC_statement,https://www.federalreserve.gov/newsevents/pressreleases/monetary20060629a.htm,XLY,train,-2,0.0005210587499684394,-0.005625043652049744,-0.037158667747511864
2006-07-26,Beige_Book,https://www.federalreserve.gov/fomc/beigebook/2006/20060726/default.htm,XLB,train,0,-0.02106057975576292,-0.007642798541436124,-0.0027873831598816956
2006-07-26,Beige_Book,https://www.federalreserve.gov/fomc/beigebook/2006/20060726/default.htm,XLE,train,-2,-0.007637684367675535,-0.0010658593011758644,-0.02941444977340202
2006-07-26,Beige_Book,https://www.federalreserve.gov/fomc/beigebook/2006/20060726/default.htm,XLF,train,0,-0.004857188559929004,0.0024450232036672404,-0.001495653949092124
2006-07-26,Beige_Book,https://www.federalreserve.gov/fomc/beigebook/2006/20060726/default.htm,XLI,train,-1,-0.0009456038873492112,-0.0026421747680921426,-0.014774584349683706
2006-07-26,Beige_Book,https://www.federalreserve.gov/fomc/beigebook/2006/20060726/default.htm,XLK,train,2,-0.002122781297166698,0.004801561358740991,0.034828375023010394
2006-07-26,Beige_Book,https://www.federalreserve.gov/fomc/beigebook/2006/20060726/default.htm,XLP,train,0,-0.005552963678557399,-0.01001714894002348,0.004499991942095494
2006-07-26,Beige_Book,https://www.federalreserve.gov/fomc/beigebook/2006/20060726/default.htm,XLU,train,-1,-0.0069880230116867725,-0.01359577268118628,-0.013553479366031906
2006-07-26,Beige_Book,https://www.federalreserve.gov/fomc/beigebook/2006/20060726/default.htm,XLV,train,0,-0.004055272232907692,-0.011159146551301569,-0.006201653185662126
2006-07-26,Beige_Book,https://www.federalreserve.gov/fomc/beigebook/2006/20060726/default.htm,XLY,train,-1,-0.001245529896008124,0.002604190667667705,-0.012194816901512251
2006-08-08,FOMC_statement,https://www.federalreserve.gov/newsevents/pressreleases/monetary20060808a.htm,XLB,train,0,0.004342907769701809,-0.00457482832772893,0.001199496755674323
2006-08-08,FOMC_statement,https://www.federalreserve.gov/newsevents/pressreleases/monetary20060808a.htm,XLE,train,-2,0.011807001165822117,0.003886981096832831,-0.06641751552398045
2006-08-08,FOMC_statement,https://www.federalreserve.gov/newsevents/pressreleases/monetary20060808a.htm,XLF,train,-1,-0.008464570802828142,-0.0068515664816960475,-0.0093309256058286
2006-08-08,FOMC_statement,https://www.federalreserve.gov/newsevents/pressreleases/monetary20060808a.htm,XLI,train,0,-0.012106773741758947,-0.010059551020536794,-0.003841203175896979
2006-08-08,FOMC_statement,https://www.federalreserve.gov/newsevents/pressreleases/monetary20060808a.htm,XLK,train,2,0.009491218648680522,0.007748618192673362,0.045310181274768935
2006-08-08,FOMC_statement,https://www.federalreserve.gov/newsevents/pressreleases/monetary20060808a.htm,XLP,train,0,-0.0030795870655551116,0.005222727597717358,0.005231167378342949
2006-08-08,FOMC_statement,https://www.federalreserve.gov/newsevents/pressreleases/monetary20060808a.htm,XLU,train,-1,0.0036690593191534004,-0.0004030162098184187,-0.008743492929991437
2006-08-08,FOMC_statement,https://www.federalreserve.gov/newsevents/pressreleases/monetary20060808a.htm,XLV,train,0,0.004320945634334827,-0.0015999390508480982,0.003934134801502176
2006-08-08,FOMC_statement,https://www.federalreserve.gov/newsevents/pressreleases/monetary20060808a.htm,XLY,train,1,-0.010353575380265823,0.0026924306085284178,0.009915568309265765
2006-09-06,Beige_Book,https://www.federalreserve.gov/fomc/beigebook/2006/20060906/default.htm,XLB,train,-2,-0.006346919490610614,-0.033170657765256406,-0.037416734923836015
2006-09-06,Beige_Book,https://www.federalreserve.gov/fomc/beigebook/2006/20060906/default.htm,XLE,train,-2,0.005501307883935991,-0.05459254289007376,-0.08207973083417608
2006-09-06,Beige_Book,https://www.federalreserve.gov/fomc/beigebook/2006/20060906/default.htm,XLF,train,1,-0.0031574400846986483,-0.0006947070412558487,0.01718447916057053
2006-09-06,Beige_Book,https://www.federalreserve.gov/fomc/beigebook/2006/20060906/default.htm,XLI,train,2,0.0021135674261929527,0.00106704190271123,0.02842259018043236
2006-09-06,Beige_Book,https://www.federalreserve.gov/fomc/beigebook/2006/20060906/default.htm,XLK,train,1,-0.0011060927209092242,0.011709131241348869,0.020780410608019717
2006-09-06,Beige_Book,https://www.federalreserve.gov/fomc/beigebook/2006/20060906/default.htm,XLP,train,-2,0.0010677834576620082,0.009777706550323284,-0.03804557890851401
2006-09-06,Beige_Book,https://www.federalreserve.gov/fomc/beigebook/2006/20060906/default.htm,XLU,train,-2,0.006054820137701422,-0.0012844037030901312,-0.028221360006704832
2006-09-06,Beige_Book,https://www.federalreserve.gov/fomc/beigebook/2006/20060906/default.htm,XLV,train,-1,-0.002741789173681286,0.007839877976172471,-0.015229843375636265
2006-09-06,Beige_Book,https://www.federalreserve.gov/fomc/beigebook/2006/20060906/default.htm,XLY,train,2,0.007942614774685164,0.02100031592268936,0.05184773859875291
2006-09-20,FOMC_statement,https://www.federalreserve.gov/newsevents/pressreleases/monetary20060920a.htm,XLB,train,1,-0.0040823045336567665,-0.004229779250700116,0.013452790274700921
2006-09-20,FOMC_statement,https://www.federalreserve.gov/newsevents/pressreleases/monetary20060920a.htm,XLE,train,2,0.01759973326526998,0.010046821065203382,0.05579428681460208
2006-09-20,FOMC_statement,https://www.federalreserve.gov/newsevents/pressreleases/monetary20060920a.htm,XLF,train,-1,-0.002147609705143272,0.005188057529706858,-0.009699766828097034
2006-09-20,FOMC_statement,https://www.federalreserve.gov/newsevents/pressreleases/monetary20060920a.htm,XLI,train,1,-0.004605003825778664,-0.0021281745408369135,0.015000639316323006
2006-09-20,FOMC_statement,https://www.federalreserve.gov/newsevents/pressreleases/monetary20060920a.htm,XLK,train,0,-0.004742190539401392,0.002682369875414259,-0.0010040187408385526
2006-09-20,FOMC_statement,https://www.federalreserve.gov/newsevents/pressreleases/monetary20060920a.htm,XLP,train,-2,-0.004123755571546983,-0.014266466151976465,-0.04131161838143349
2006-09-20,FOMC_statement,https://www.federalreserve.gov/newsevents/pressreleases/monetary20060920a.htm,XLU,train,1,0.0033434707600569213,0.011512567270554719,0.018999068598974933
2006-09-20,FOMC_statement,https://www.federalreserve.gov/newsevents/pressreleases/monetary20060920a.htm,XLV,train,-1,-0.0014755083267721236,-0.008515699089061246,-0.02325396857808848
2006-09-20,FOMC_statement,https://www.federalreserve.gov/newsevents/pressreleases/monetary20060920a.htm,XLY,train,1,-0.0006621084922654452,0.009233404410081247,0.02124113094684732
2006-10-12,Beige_Book,https://www.federalreserve.gov/fomc/beigebook/2006/20061012/default.htm,XLB,train,1,0.007299272869710771,0.009260699808424144,0.024438815183231655
2006-10-12,Beige_Book,https://www.federalreserve.gov/fomc/beigebook/2006/20061012/default.htm,XLE,train,2,0.01114086923626778,0.0254131581635324,0.06334934562387529
2006-10-12,Beige_Book,https://www.federalreserve.gov/fomc/beigebook/2006/20061012/default.htm,XLF,train,0,0.001108204292715076,-0.0026401400849863643,-0.001791529627829025
2006-10-12,Beige_Book,https://www.federalreserve.gov/fomc/beigebook/2006/20061012/default.htm,XLI,train,-1,-0.004877462498880991,-0.0020784465077474668,-0.01824916326431869
2006-10-12,Beige_Book,https://www.federalreserve.gov/fomc/beigebook/2006/20061012/default.htm,XLK,train,0,0.002277605823258755,-0.00488893857456385,0.0029652384003214793
2006-10-12,Beige_Book,https://www.federalreserve.gov/fomc/beigebook/2006/20061012/default.htm,XLP,train,0,-0.004540331335247116,-0.0033271121008816573,-0.006383101789018575
2006-10-12,Beige_Book,https://www.federalreserve.gov/fomc/beigebook/2006/20061012/default.htm,XLU,train,2,-0.0014091797231206016,0.009436611099734482,0.025650415265747628
2006-10-12,Beige_Book,https://www.federalreserve.gov/fomc/beigebook/2006/20061012/default.htm,XLV,train,-2,-0.005877170393237319,-5.1038826548222005e-05,-0.0365509231352491
2006-10-12,Beige_Book,https://www.federalreserve.gov/fomc/beigebook/2006/20061012/default.htm,XLY,train,0,-0.005291010333692503,-0.00805639621946741,0.00219232790265822
2006-10-25,FOMC_statement,https://www.federalreserve.gov/newsevents/pressreleases/monetary20061025a.htm,XLB,train,2,-0.0010025194244136504,0.011088407731782546,0.039942431363476305
2006-10-25,FOMC_statement,https://www.federalreserve.gov/newsevents/pressreleases/monetary20061025a.htm,XLE,train,0,-0.005398235445032484,-0.024508497973192545,0.0006100083646706222
2006-10-25,FOMC_statement,https://www.federalreserve.gov/newsevents/pressreleases/monetary20061025a.htm,XLF,train,0,0.003934066046745732,0.0036572783347262883,0.0006225523400255062
2006-10-25,FOMC_statement,https://www.federalreserve.gov/newsevents/pressreleases/monetary20061025a.htm,XLI,train,1,-0.0033971926538187702,-0.0004385701388069929,0.013193298048908897
2006-10-25,FOMC_statement,https://www.federalreserve.gov/newsevents/pressreleases/monetary20061025a.htm,XLK,train,1,0.002123408864190157,-0.0003776070715800772,0.02091244345094212
2006-10-25,FOMC_statement,https://www.federalreserve.gov/newsevents/pressreleases/monetary20061025a.htm,XLP,train,-1,0.0034604501484016836,0.0027620260487983828,-0.020177572781775233
2006-10-25,FOMC_statement,https://www.federalreserve.gov/newsevents/pressreleases/monetary20061025a.htm,XLU,train,-1,-0.007545090767507534,-0.004731312948390576,-0.010463881788353335
2006-10-25,FOMC_statement,https://www.federalreserve.gov/newsevents/pressreleases/monetary20061025a.htm,XLV,train,-2,0.0007566560071938788,-0.0020454167544982083,-0.03246988953615371
2006-10-25,FOMC_statement,https://www.federalreserve.gov/newsevents/pressreleases/monetary20061025a.htm,XLY,train,1,0.010705825075101538,0.014020926914736442,0.013422560676088158
2006-11-29,Beige_Book,https://www.federalreserve.gov/fomc/beigebook/2006/20061129/default.htm,XLB,train,0,0.0015773302832964298,0.002840751233369132,-0.004974868098732599
2006-11-29,Beige_Book,https://www.federalreserve.gov/fomc/beigebook/2006/20061129/default.htm,XLE,train,-2,0.007234011292141851,0.0037967057712430252,-0.03372526394088304
2006-11-29,Beige_Book,https://www.federalreserve.gov/fomc/beigebook/2006/20061129/default.htm,XLF,train,1,-0.002384938295921457,0.0004007219294114295,0.02141993704946199
2006-11-29,Beige_Book,https://www.federalreserve.gov/fomc/beigebook/2006/20061129/default.htm,XLI,train,-1,-0.0009960464870276686,0.0007706408397409881,-0.009308040149169416
2006-11-29,Beige_Book,https://www.federalreserve.gov/fomc/beigebook/2006/20061129/default.htm,XLK,train,-1,0.0017035650769927635,0.0006397025986982774,-0.01683420692208748
2006-11-29,Beige_Book,https://www.federalreserve.gov/fomc/beigebook/2006/20061129/default.htm,XLP,train,0,-0.005477143645315374,0.0004661269190583406,0.006008880679345352
2006-11-29,Beige_Book,https://www.federalreserve.gov/fomc/beigebook/2006/20061129/default.htm,XLU,train,0,0.00587287071428233,0.007800832649194844,0.001087069506519267
2006-11-29,Beige_Book,https://www.federalreserve.gov/fomc/beigebook/2006/20061129/default.htm,XLV,train,0,0.004407297133027344,-0.006734201684381436,0.0014363703722115595
2006-11-29,Beige_Book,https://www.federalreserve.gov/fomc/beigebook/2006/20061129/default.htm,XLY,train,1,0.0006361006238779776,0.004514040140429554,0.008883953500140596
2006-12-12,FOMC_statement,https://www.federalreserve.gov/newsevents/pressreleases/monetary20061212a.htm,XLB,train,0,0.004938102920765131,0.010936035651271103,0.005491762105658049
2006-12-12,FOMC_statement,https://www.federalreserve.gov/newsevents/pressreleases/monetary20061212a.htm,XLE,train,-2,0.009064641719235711,0.0055881379763566,-0.10273045206913878
2006-12-12,FOMC_statement,https://www.federalreserve.gov/newsevents/pressreleases/monetary20061212a.htm,XLF,train,1,3.944302268488187e-05,0.002127706369199789,0.011395715884233049
2006-12-12,FOMC_statement,https://www.federalreserve.gov/newsevents/pressreleases/monetary20061212a.htm,XLI,train,1,-0.004466447391780148,-0.002155459894132905,0.00956245363099184
2006-12-12,FOMC_statement,https://www.federalreserve.gov/newsevents/pressreleases/monetary20061212a.htm,XLK,train,1,0.0006475176126925497,0.00047209153609051313,0.0135497280934479
2006-12-12,FOMC_statement,https://www.federalreserve.gov/newsevents/pressreleases/monetary20061212a.htm,XLP,train,1,-0.0014421711687527816,-0.004890970743617218,0.008581378396609773
2006-12-12,FOMC_statement,https://www.federalreserve.gov/newsevents/pressreleases/monetary20061212a.htm,XLU,train,-2,0.0027139519882866114,-0.005496930574377723,-0.03604974174187314
2006-12-12,FOMC_statement,https://www.federalreserve.gov/newsevents/pressreleases/monetary20061212a.htm,XLV,train,1,-0.003159069241784107,-0.0037356762989776415,0.019981792942855736
2006-12-12,FOMC_statement,https://www.federalreserve.gov/newsevents/pressreleases/monetary20061212a.htm,XLY,train,1,0.004184250568680659,0.0015166072277229548,0.021586694758274905
2007-01-17,Beige_Book,https://www.federalreserve.gov/fomc/beigebook/2007/20070117/default.htm,XLB,train,2,-0.0025690850074211458,0.003531452519004774,0.04830105704086396
2007-01-17,Beige_Book,https://www.federalreserve.gov/fomc/beigebook/2007/20070117/default.htm,XLE,train,2,-0.004033073868187187,0.017609984890132324,0.026280265401110503
2007-01-17,Beige_Book,https://www.federalreserve.gov/fomc/beigebook/2007/20070117/default.htm,XLF,train,0,-0.0006970264325666387,0.002592063071725992,0.0014818801787471747
2007-01-17,Beige_Book,https://www.federalreserve.gov/fomc/beigebook/2007/20070117/default.htm,XLI,train,1,-0.0011126512830680335,-0.011506120218329197,0.008777050835702571
2007-01-17,Beige_Book,https://www.federalreserve.gov/fomc/beigebook/2007/20070117/default.htm,XLK,train,0,-0.008055535508089684,-0.014637478725283981,-0.0067443081417559725
2007-01-17,Beige_Book,https://www.federalreserve.gov/fomc/beigebook/2007/20070117/default.htm,XLP,train,-1,0.0018533037565927613,0.003347876306408204,-0.00968356373408108
2007-01-17,Beige_Book,https://www.federalreserve.gov/fomc/beigebook/2007/20070117/default.htm,XLU,train,2,0.002802190009424499,0.0039186461737180656,0.03762960576869023
2007-01-17,Beige_Book,https://www.federalreserve.gov/fomc/beigebook/2007/20070117/default.htm,XLV,train,-1,0.006250014748597987,0.0015974701851084738,-0.010390644763747847
2007-01-17,Beige_Book,https://www.federalreserve.gov/fomc/beigebook/2007/20070117/default.htm,XLY,train,0,0.008940139587286344,0.003493332391683923,-0.005256137319114673
2007-01-31,FOMC_statement,https://www.federalreserve.gov/newsevents/pressreleases/monetary20070131a.htm,XLB,train,2,0.006155595227324673,-0.0012341469551369055,0.041891552459765724
2007-01-31,FOMC_statement,https://www.federalreserve.gov/newsevents/pressreleases/monetary20070131a.htm,XLE,train,0,-0.002367524322828718,0.0006096044696964897,0.0005987514386537329
2007-01-31,FOMC_statement,https://www.federalreserve.gov/newsevents/pressreleases/monetary20070131a.htm,XLF,train,-1,0.0004899849952240132,0.00043910744408603986,-0.006977462634814802
2007-01-31,FOMC_statement,https://www.federalreserve.gov/newsevents/pressreleases/monetary20070131a.htm,XLI,train,1,0.0026911984368689357,0.006848800270583544,0.010220964245621356
2007-01-31,FOMC_statement,https://www.federalreserve.gov/newsevents/pressreleases/monetary20070131a.htm,XLK,train,-1,-0.010196332501418381,-0.009303725999955326,-0.01091073752146643
2007-01-31,FOMC_statement,https://www.federalreserve.gov/newsevents/pressreleases/monetary20070131a.htm,XLP,train,0,-0.00223061941412106,-0.005378775339681896,0.006487301964750669
2007-01-31,FOMC_statement,https://www.federalreserve.gov/newsevents/pressreleases/monetary20070131a.htm,XLU,train,2,0.002489456541935997,0.017032734195407295,0.07550955039664142
2007-01-31,FOMC_statement,https://www.federalreserve.gov/newsevents/pressreleases/monetary20070131a.htm,XLV,train,0,0.0024204304275445843,-0.0015382170988333943,-0.001294132739292242
2007-01-31,FOMC_statement,https://www.federalreserve.gov/newsevents/pressreleases/monetary20070131a.htm,XLY,train,-1,-0.002433861047706154,-0.0045894407938701365,-0.00770004135298874
2007-03-07,Beige_Book,https://www.federalreserve.gov/fomc/beigebook/2007/20070307/default.htm,XLB,train,1,0.0014026862230638315,0.014502217379180005,0.016603595957535022
2007-03-07,Beige_Book,https://www.federalreserve.gov/fomc/beigebook/2007/20070307/default.htm,XLE,train,2,0.00029381848619625117,-0.00721256899049505,0.0441882711253182
2007-03-07,Beige_Book,https://www.federalreserve.gov/fomc/beigebook/2007/20070307/default.htm,XLF,train,-1,0.0005690581099797587,0.001308868641219485,-0.02372862518714358
2007-03-07,Beige_Book,https://www.federalreserve.gov/fomc/beigebook/2007/20070307/default.htm,XLI,train,-1,-0.001028804178164755,0.007094153300277517,-0.011737035898270243
2007-03-07,Beige_Book,https://www.federalreserve.gov/fomc/beigebook/2007/20070307/default.htm,XLK,train,1,-0.00010361462201613492,0.006822986576333401,0.01074444289205545
2007-03-07,Beige_Book,https://www.federalreserve.gov/fomc/beigebook/2007/20070307/default.htm,XLP,train,1,0.0008108410751757056,0.0032398630145158425,0.012892647985409011
2007-03-07,Beige_Book,https://www.federalreserve.gov/fomc/beigebook/2007/20070307/default.htm,XLU,train,2,-0.0031988639853346434,0.003665878481515561,0.03604087296292213
2007-03-07,Beige_Book,https://www.federalreserve.gov/fomc/beigebook/2007/20070307/default.htm,XLV,train,0,-0.005166643829698669,-0.004856604343848048,0.0010289602743477344
2007-03-07,Beige_Book,https://www.federalreserve.gov/fomc/beigebook/2007/20070307/default.htm,XLY,train,-1,-0.0005355305611656203,-0.0015228874911598078,-0.0097157249944676
2007-03-21,FOMC_statement,https://www.federalreserve.gov/newsevents/pressreleases/monetary20070321a.htm,XLB,train,-1,-0.003939006285662239,0.007187545371454052,-0.014329824922559742
2007-03-21,FOMC_statement,https://www.federalreserve.gov/newsevents/pressreleases/monetary20070321a.htm,XLE,train,2,0.020855403791519067,0.032695276322001865,0.035860797745015494
2007-03-21,FOMC_statement,https://www.federalreserve.gov/newsevents/pressreleases/monetary20070321a.htm,XLF,train,-1,-0.0052792653313329385,-0.009287034549342876,-0.01590923676239342
2007-03-21,FOMC_statement,https://www.federalreserve.gov/newsevents/pressreleases/monetary20070321a.htm,XLI,train,-1,0.0027080339810153786,0.00012458690067940204,-0.016157186438422566
2007-03-21,FOMC_statement,https://www.federalreserve.gov/newsevents/pressreleases/monetary20070321a.htm,XLK,train,-1,-0.003026387417320975,-0.00443406581739092,-0.015160444686139196
2007-03-21,FOMC_statement,https://www.federalreserve.gov/newsevents/pressreleases/monetary20070321a.htm,XLP,train,0,0.0056544766869292,0.0006659704419280654,0.000406626002859789
2007-03-21,FOMC_statement,https://www.federalreserve.gov/newsevents/pressreleases/monetary20070321a.htm,XLU,train,1,-0.00023957594957124684,0.008676110913588553,0.009818950878489052
2007-03-21,FOMC_statement,https://www.federalreserve.gov/newsevents/pressreleases/monetary20070321a.htm,XLV,train,2,0.004300535699497288,0.0006460746479659552,0.02617011959637694
2007-03-21,FOMC_statement,https://www.federalreserve.gov/newsevents/pressreleases/monetary20070321a.htm,XLY,train,-1,-0.0020706578127303032,-0.00660882160094578,-0.01535161066690649
2007-04-25,Beige_Book,https://www.federalreserve.gov/fomc/beigebook/2007/20070425/default.htm,XLB,train,0,-0.005185153729824421,-0.015155047455012283,-0.0019596695188756064
2007-04-25,Beige_Book,https://www.federalreserve.gov/fomc/beigebook/2007/20070425/default.htm,XLE,train,2,-0.0014491019619236045,-0.004361602248169061,0.028491002817889965
2007-04-25,Beige_Book,https://www.federalreserve.gov/fomc/beigebook/2007/20070425/default.htm,XLF,train,-1,-0.00274142340261907,-0.002760382432007935,-0.007452052724317371
2007-04-25,Beige_Book,https://www.federalreserve.gov/fomc/beigebook/2007/20070425/default.htm,XLI,train,1,-0.0016745888560261157,0.007286195656646788,0.017112537328951682
2007-04-25,Beige_Book,https://www.federalreserve.gov/fomc/beigebook/2007/20070425/default.htm,XLK,train,1,0.004578727850954811,0.0051408399063741506,0.00938906195651057
2007-04-25,Beige_Book,https://www.federalreserve.gov/fomc/beigebook/2007/20070425/default.htm,XLP,train,-1,-0.00511230179051958,-0.0018319234906910564,-0.022923236478082143
2007-04-25,Beige_Book,https://www.federalreserve.gov/fomc/beigebook/2007/20070425/default.htm,XLU,train,-2,-0.0044474329667286705,-0.007481709398559522,-0.039395874119572016
2007-04-25,Beige_Book,https://www.federalreserve.gov/fomc/beigebook/2007/20070425/default.htm,XLV,train,0,-3.571010377800832e-05,0.0024449220835840446,-0.001419202075102488
2007-04-25,Beige_Book,https://www.federalreserve.gov/fomc/beigebook/2007/20070425/default.htm,XLY,train,-1,-0.0026466657722360454,-0.012783994920065211,-0.015975230742031443
2007-05-09,FOMC_statement,https://www.federalreserve.gov/newsevents/pressreleases/monetary20070509a.htm,XLB,train,1,-0.00874006560812568,-0.004675856121984623,0.008356619968099
2007-05-09,FOMC_statement,https://www.federalreserve.gov/newsevents/pressreleases/monetary20070509a.htm,XLE,train,2,-0.0057509555640526955,0.011087577241173041,0.048946209626540726
2007-05-09,FOMC_statement,https://www.federalreserve.gov/newsevents/pressreleases/monetary20070509a.htm,XLF,train,-1,-0.0037995493397762203,-0.004228270153659119,-0.017014263555105047
2007-05-09,FOMC_statement,https://www.federalreserve.gov/newsevents/pressreleases/monetary20070509a.htm,XLI,train,1,0.003638671112912384,0.0004690802118096915,0.013489806543768634
2007-05-09,FOMC_statement,https://www.federalreserve.gov/newsevents/pressreleases/monetary20070509a.htm,XLK,train,1,0.005262229799985474,0.004963602204091644,0.012338911360327609
2007-05-09,FOMC_statement,https://www.federalreserve.gov/newsevents/pressreleases/monetary20070509a.htm,XLP,train,0,0.004224813362464386,-0.0032412736963333133,0.006434386474605591
2007-05-09,FOMC_statement,https://www.federalreserve.gov/newsevents/pressreleases/monetary20070509a.htm,XLU,train,-2,0.0003179985876128333,0.002738674923702389,-0.07559246221266636
2007-05-09,FOMC_statement,https://www.federalreserve.gov/newsevents/pressreleases/monetary20070509a.htm,XLV,train,-2,-0.007230079676369683,-0.010826378109201285,-0.02441531507578132
2007-05-09,FOMC_statement,https://www.federalreserve.gov/newsevents/pressreleases/monetary20070509a.htm,XLY,train,0,-0.00041487406603435417,-0.0026963035586110573,-0.002988301570553409
2007-06-13,Beige_Book,https://www.federalreserve.gov/fomc/beigebook/2007/20070613/default.htm,XLB,train,2,0.0012702476340473723,0.008648587234525662,0.03918099059087654
2007-06-13,Beige_Book,https://www.federalreserve.gov/fomc/beigebook/2007/20070613/default.htm,XLE,train,2,0.010438513547606387,0.022400507718449925,0.05055815423185395
2007-06-13,Beige_Book,https://www.federalreserve.gov/fomc/beigebook/2007/20070613/default.htm,XLF,train,-2,-0.007982582545617789,-0.00917199894557863,-0.04207226962526878
2007-06-13,Beige_Book,https://www.federalreserve.gov/fomc/beigebook/2007/20070613/default.htm,XLI,train,1,-0.0012725320613271585,-0.0009118307199099673,0.019234276605958445
2007-06-13,Beige_Book,https://www.federalreserve.gov/fomc/beigebook/2007/20070613/default.htm,XLK,train,2,0.00305942680390503,0.007034769233014604,0.02461015241400999
2007-06-13,Beige_Book,https://www.federalreserve.gov/fomc/beigebook/2007/20070613/default.htm,XLP,train,-1,-0.004935357198458057,-0.012390708111887028,-0.012800271833591004
2007-06-13,Beige_Book,https://www.federalreserve.gov/fomc/beigebook/2007/20070613/default.htm,XLU,train,0,-0.00012515710446603379,-0.0020868500731920925,0.004202142858500846
2007-06-13,Beige_Book,https://www.federalreserve.gov/fomc/beigebook/2007/20070613/default.htm,XLV,train,-1,-0.003599631993124186,-0.006308579154276184,-0.017523312976800987
2007-06-13,Beige_Book,https://www.federalreserve.gov/fomc/beigebook/2007/20070613/default.htm,XLY,train,0,0.0007168759203186603,-0.0030186757452048685,-0.006200543724434904
2007-06-18,FOMC_statement,https://www.federalreserve.gov/newsevents/pressreleases/monetary20070618a.htm,XLB,train,2,0.002380174110384159,0.0037693144655847055,0.03815756546076876
2007-06-18,FOMC_statement,https://www.federalreserve.gov/newsevents/pressreleases/monetary20070618a.htm,XLE,train,2,-0.0013596761569143467,-0.0021382828845054602,0.02737513589814755
2007-06-18,FOMC_statement,https://www.federalreserve.gov/newsevents/pressreleases/monetary20070618a.htm,XLF,train,-2,0.0017874301431890505,-0.005802449525964759,-0.04352347913673882
2007-06-18,FOMC_statement,https://www.federalreserve.gov/newsevents/pressreleases/monetary20070618a.htm,XLI,train,2,0.0005601313817338305,0.005367902786440837,0.032660273438949394
2007-06-18,FOMC_statement,https://www.federalreserve.gov/newsevents/pressreleases/monetary20070618a.htm,XLK,train,1,-0.0028720220785327655,0.004722049371937209,0.021178989663780623
2007-06-18,FOMC_statement,https://www.federalreserve.gov/newsevents/pressreleases/monetary20070618a.htm,XLP,train,0,-0.009798373838933672,0.00038588098236047585,-0.006272854108534398
2007-06-18,FOMC_statement,https://www.federalreserve.gov/newsevents/pressreleases/monetary20070618a.htm,XLU,train,0,0.004015043567895615,-0.007350590966167636,0.0027244082730731867
2007-06-18,FOMC_statement,https://www.federalreserve.gov/newsevents/pressreleases/monetary20070618a.htm,XLV,train,-1,-0.00248562371853267,-0.0038715421248121107,-0.013494125493685227
2007-06-18,FOMC_statement,https://www.federalreserve.gov/newsevents/pressreleases/monetary20070618a.htm,XLY,train,0,0.0007927293868132956,0.005610535990322907,-0.004970435358385261
2007-07-25,Beige_Book,https://www.federalreserve.gov/fomc/beigebook/2007/20070725/default.htm,XLB,train,-2,-0.009573363195742757,-0.0032240435762316277,-0.031364869639570636
2007-07-25,Beige_Book,https://www.federalreserve.gov/fomc/beigebook/2007/20070725/default.htm,XLE,train,-2,-0.013973953083965096,-0.021651839181462185,-0.04201217637361132
2007-07-25,Beige_Book,https://www.federalreserve.gov/fomc/beigebook/2007/20070725/default.htm,XLF,train,2,4.795685730529797e-05,0.007310857469642107,0.02973734754261048
2007-07-25,Beige_Book,https://www.federalreserve.gov/fomc/beigebook/2007/20070725/default.htm,XLI,train,-1,0.002794816822307644,0.009718766357489805,-0.011500903662795436
2007-07-25,Beige_Book,https://www.federalreserve.gov/fomc/beigebook/2007/20070725/default.htm,XLK,train,-1,0.008641973694778593,-0.005206201662360188,-0.012514409671974258
2007-07-25,Beige_Book,https://www.federalreserve.gov/fomc/beigebook/2007/20070725/default.htm,XLP,train,1,0.00897345202871258,0.001825279998744267,0.023096111461973212
2007-07-25,Beige_Book,https://www.federalreserve.gov/fomc/beigebook/2007/20070725/default.htm,XLU,train,2,0.0009520710218011708,-0.010899398331980281,0.029209506313727207
2007-07-25,Beige_Book,https://www.federalreserve.gov/fomc/beigebook/2007/20070725/default.htm,XLV,train,1,0.003177895371773154,-0.004135548089622687,0.011725856880777319
2007-07-25,Beige_Book,https://www.federalreserve.gov/fomc/beigebook/2007/20070725/default.htm,XLY,train,-2,-0.0057248824518941754,-0.003079267394039076,-0.030890093324524748
2007-08-07,FOMC_statement,https://www.federalreserve.gov/newsevents/pressreleases/monetary20070807a.htm,XLB,train,1,0.011857949397914513,0.009013884185040677,0.009603263929457984
2007-08-07,FOMC_statement,https://www.federalreserve.gov/newsevents/pressreleases/monetary20070807a.htm,XLE,train,2,0.005013495630672216,0.015973523371666576,0.052750026354157487
2007-08-07,FOMC_statement,https://www.federalreserve.gov/newsevents/pressreleases/monetary20070807a.htm,XLF,train,-1,0.009926060563061334,0.0037874634507472082,-0.018309208898418028
2007-08-07,FOMC_statement,https://www.federalreserve.gov/newsevents/pressreleases/monetary20070807a.htm,XLI,train,-1,-0.006139779860631078,-0.010089445893482152,-0.007601165230722962
2007-08-07,FOMC_statement,https://www.federalreserve.gov/newsevents/pressreleases/monetary20070807a.htm,XLK,train,1,0.0015638451535973097,-0.0010894747974193875,0.016457319750366795
2007-08-07,FOMC_statement,https://www.federalreserve.gov/newsevents/pressreleases/monetary20070807a.htm,XLP,train,-1,0.0036618813495152835,0.014449682420547116,-0.018173038687569476
2007-08-07,FOMC_statement,https://www.federalreserve.gov/newsevents/pressreleases/monetary20070807a.htm,XLU,train,-1,0.0006146301069103188,-0.0005107946444589118,-0.01639281856937924
2007-08-07,FOMC_statement,https://www.federalreserve.gov/newsevents/pressreleases/monetary20070807a.htm,XLV,train,0,-0.002346073697261808,0.0031868421968709315,0.0033906812041658574
2007-08-07,FOMC_statement,https://www.federalreserve.gov/newsevents/pressreleases/monetary20070807a.htm,XLY,train,-1,-0.0026374912921343086,-0.0009153004442991053,-0.012069363856905824
2007-08-10,FOMC_statement,https://www.federalreserve.gov/newsevents/pressreleases/monetary20070810a.htm,XLB,train,-1,0.0008021926548151814,-0.020975602784009673,-0.011948458141894491
2007-08-10,FOMC_statement,https://www.federalreserve.gov/newsevents/pressreleases/monetary20070810a.htm,XLE,train,2,-0.0024119612889585973,-0.007455788892361648,0.03503198297003218
2007-08-10,FOMC_statement,https://www.federalreserve.gov/newsevents/pressreleases/monetary20070810a.htm,XLF,train,-1,-0.01258837344037067,-0.010007787367855014,-0.021126289920051833
2007-08-10,FOMC_statement,https://www.federalreserve.gov/newsevents/pressreleases/monetary20070810a.htm,XLI,train,0,0.009902067383177116,0.001528717334574825,-0.004034658453724971
2007-08-10,FOMC_statement,https://www.federalreserve.gov/newsevents/pressreleases/monetary20070810a.htm,XLK,train,1,0.010274186074847647,0.006250812548126317,0.013624780681073978
2007-08-10,FOMC_statement,https://www.federalreserve.gov/newsevents/pressreleases/monetary20070810a.htm,XLP,train,-1,-0.006545225072937422,0.0013368152884475348,-0.023596642987559813
2007-08-10,FOMC_statement,https://www.federalreserve.gov/newsevents/pressreleases/monetary20070810a.htm,XLU,train,-1,0.0015335466745731718,0.00027312216204500306,-0.011668847598885201
2007-08-10,FOMC_statement,https://www.federalreserve.gov/newsevents/pressreleases/monetary20070810a.htm,XLV,train,0,-0.0006427950495500045,0.017810004015382574,0.002147128880844118
2007-08-10,FOMC_statement,https://www.federalreserve.gov/newsevents/pressreleases/monetary20070810a.htm,XLY,train,-2,0.0019084463989935685,-0.0051339270249018965,-0.02500754638438296
2007-08-17,FOMC_statement,https://www.federalreserve.gov/newsevents/pressreleases/monetary20070817b.htm,XLB,train,2,0.019182637725762564,0.04923982696221063,0.06259718095743205
2007-08-17,FOMC_statement,https://www.federalreserve.gov/newsevents/pressreleases/monetary20070817b.htm,XLE,train,2,-0.0017388262976463231,-0.017668467382108588,0.05239056212791582
2007-08-17,FOMC_statement,https://www.federalreserve.gov/newsevents/pressreleases/monetary20070817b.htm,XLF,train,-2,-0.01284932469880884,-0.017046415311809726,-0.03923689429378985
2007-08-17,FOMC_statement,https://www.federalreserve.gov/newsevents/pressreleases/monetary20070817b.htm,XLI,train,1,0.014956759514954565,0.015162275634839184,0.01137868262228281
2007-08-17,FOMC_statement,https://www.federalreserve.gov/newsevents/pressreleases/monetary20070817b.htm,XLK,train,1,0.004107952747797294,0.006645985147533229,0.00800207684953691
2007-08-17,FOMC_statement,https://www.federalreserve.gov/newsevents/pressreleases/monetary20070817b.htm,XLP,train,-1,0.007988366516107459,-0.0032770136708731856,-0.01257037786941917
2007-08-17,FOMC_statement,https://www.federalreserve.gov/newsevents/pressreleases/monetary20070817b.htm,XLU,train,0,0.0059201087212069625,0.002615692282216475,-0.0013086705144935706
2007-08-17,FOMC_statement,https://www.federalreserve.gov/newsevents/pressreleases/monetary20070817b.htm,XLV,train,-1,0.005227419198044703,-0.000986189080578792,-0.007588220762771547
2007-08-17,FOMC_statement,https://www.federalreserve.gov/newsevents/pressreleases/monetary20070817b.htm,XLY,train,1,0.0058283461550193705,0.012011523385517031,0.01162854235599553
2007-09-05,Beige_Book,https://www.federalreserve.gov/fomc/beigebook/2007/20070905/default.htm,XLB,train,2,0.0027819560672395216,-0.011122620364270586,0.03044973386474681
2007-09-05,Beige_Book,https://www.federalreserve.gov/fomc/beigebook/2007/20070905/default.htm,XLE,train,1,0.01296989169027718,0.005780175627917328,0.012850822382021287
2007-09-05,Beige_Book,https://www.federalreserve.gov/fomc/beigebook/2007/20070905/default.htm,XLF,train,1,-0.009740895661243809,-0.0074439574837618094,0.01712771930498913
2007-09-05,Beige_Book,https://www.federalreserve.gov/fomc/beigebook/2007/20070905/default.htm,XLI,train,1,0.0058625579374154135,0.001965610951813024,0.007546402559531651
2007-09-05,Beige_Book,https://www.federalreserve.gov/fomc/beigebook/2007/20070905/default.htm,XLK,train,-1,0.0026688319720851172,-0.003988814148061515,-0.008345402259571477
2007-09-05,Beige_Book,https://www.federalreserve.gov/fomc/beigebook/2007/20070905/default.htm,XLP,train,0,-0.004899445528629087,0.00907595966255681,-0.005918104079114639
2007-09-05,Beige_Book,https://www.federalreserve.gov/fomc/beigebook/2007/20070905/default.htm,XLU,train,0,-0.0010267075933030334,0.008186725543925633,-0.005664871952819728
2007-09-05,Beige_Book,https://www.federalreserve.gov/fomc/beigebook/2007/20070905/default.htm,XLV,train,-1,0.000875689789058054,0.00692152254818823,-0.009898549953499702
2007-09-05,Beige_Book,https://www.federalreserve.gov/fomc/beigebook/2007/20070905/default.htm,XLY,train,-2,0.00015158293303874082,-0.013242556978509734,-0.02595965688481383
2007-09-18,FOMC_statement,https://www.federalreserve.gov/newsevents/pressreleases/monetary20070918a.htm,XLB,train,1,0.005476654362684741,0.009603221614019053,0.013314263591518216
2007-09-18,FOMC_statement,https://www.federalreserve.gov/newsevents/pressreleases/monetary20070918a.htm,XLE,train,1,0.0027804519722358645,0.012415286988317287,0.02171352940903737
2007-09-18,FOMC_statement,https://www.federalreserve.gov/newsevents/pressreleases/monetary20070918a.htm,XLF,train,-2,0.0003945706519385972,-0.0035774860571561318,-0.030833101311072197
2007-09-18,FOMC_statement,https://www.federalreserve.gov/newsevents/pressreleases/monetary20070918a.htm,XLI,train,0,0.004721951781623934,0.0075416826391041525,0.0001623181973373633
2007-09-18,FOMC_statement,https://www.federalreserve.gov/newsevents/pressreleases/monetary20070918a.htm,XLK,train,2,-0.0021110374076287464,0.01366572387796805,0.03637679994885212
2007-09-18,FOMC_statement,https://www.federalreserve.gov/newsevents/pressreleases/monetary20070918a.htm,XLP,train,0,-0.005182802926498642,0.0007474564504736936,0.0021384646787124817
2007-09-18,FOMC_statement,https://www.federalreserve.gov/newsevents/pressreleases/monetary20070918a.htm,XLU,train,0,0.005166010851191505,-0.0025252297842311977,-0.0005331728640958211
2007-09-18,FOMC_statement,https://www.federalreserve.gov/newsevents/pressreleases/monetary20070918a.htm,XLV,train,0,-0.0019373064896424097,0.006181922008621332,-0.0037863062875264086
2007-09-18,FOMC_statement,https://www.federalreserve.gov/newsevents/pressreleases/monetary20070918a.htm,XLY,train,-2,-0.004053362784104175,-0.01914271511331722,-0.03250245171430399
2007-10-17,Beige_Book,https://www.federalreserve.gov/fomc/beigebook/2007/20071017/default.htm,XLB,train,1,0.01142841462550348,0.00253684486913186,0.010303316520243633
2007-10-17,Beige_Book,https://www.federalreserve.gov/fomc/beigebook/2007/20071017/default.htm,XLE,train,-2,0.011372410541164779,-0.027083634952646873,-0.027092391497230972
2007-10-17,Beige_Book,https://www.federalreserve.gov/fomc/beigebook/2007/20071017/default.htm,XLF,train,-2,-0.008961201337296831,-0.009561969015350225,-0.042818011608938056
2007-10-17,Beige_Book,https://www.federalreserve.gov/fomc/beigebook/2007/20071017/default.htm,XLI,train,0,0.00631801798787146,0.0026436923548831537,0.004446017631865695
2007-10-17,Beige_Book,https://www.federalreserve.gov/fomc/beigebook/2007/20071017/default.htm,XLK,train,-1,0.0061541356646113154,0.009026865175049359,-0.007917634336574664
2007-10-17,Beige_Book,https://www.federalreserve.gov/fomc/beigebook/2007/20071017/default.htm,XLP,train,2,7.374265053949891e-05,0.01655940694316327,0.06805351753662225
2007-10-17,Beige_Book,https://www.federalreserve.gov/fomc/beigebook/2007/20071017/default.htm,XLU,train,2,-0.005150047162518989,9.420953044381175e-05,0.0741190830522741
2007-10-17,Beige_Book,https://www.federalreserve.gov/fomc/beigebook/2007/20071017/default.htm,XLV,train,2,0.003911542009087832,0.012187334432033015,0.05004193748057639
2007-10-17,Beige_Book,https://www.federalreserve.gov/fomc/beigebook/2007/20071017/default.htm,XLY,train,-2,-0.005524616239421909,0.00143111809398766,-0.029747458118336678
2007-10-31,FOMC_statement,https://www.federalreserve.gov/newsevents/pressreleases/monetary20071031a.htm,XLB,train,-1,-0.01124783369810245,-0.007496765918576176,-0.009758018723607154
2007-10-31,FOMC_statement,https://www.federalreserve.gov/newsevents/pressreleases/monetary20071031a.htm,XLE,train,0,-0.00592736431708385,0.011315048930421456,0.0010113737054381344
2007-10-31,FOMC_statement,https://www.federalreserve.gov/newsevents/pressreleases/monetary20071031a.htm,XLF,train,-2,-0.027881372203018562,-0.044303581749653764,-0.03918327860162585
2007-10-31,FOMC_statement,https://www.federalreserve.gov/newsevents/pressreleases/monetary20071031a.htm,XLI,train,1,0.006391734082210387,0.017676924985497,0.010139202259794589
2007-10-31,FOMC_statement,https://www.federalreserve.gov/newsevents/pressreleases/monetary20071031a.htm,XLK,train,-2,0.012492618611817607,0.019688187077191444,-0.038281544452410055
2007-10-31,FOMC_statement,https://www.federalreserve.gov/newsevents/pressreleases/monetary20071031a.htm,XLP,train,2,0.00369629809898786,0.01806685961188348,0.06468481757646183
2007-10-31,FOMC_statement,https://www.federalreserve.gov/newsevents/pressreleases/monetary20071031a.htm,XLU,train,2,0.00291307775976124,0.02854392259260974,0.04458858262857612
2007-10-31,FOMC_statement,https://www.federalreserve.gov/newsevents/pressreleases/monetary20071031a.htm,XLV,train,2,0.009522518316673612,0.012622348657586269,0.050692997119045624
2007-10-31,FOMC_statement,https://www.federalreserve.gov/newsevents/pressreleases/monetary20071031a.htm,XLY,train,-1,-0.0019675781573316176,-0.009492051951561553,-0.016162476297476913
2007-11-28,Beige_Book,https://www.federalreserve.gov/fomc/beigebook/2007/20071128/default.htm,XLB,train,2,0.009697409615903707,0.010643664911182293,0.03140188301974467
2007-11-28,Beige_Book,https://www.federalreserve.gov/fomc/beigebook/2007/20071128/default.htm,XLE,train,2,0.010702912372279272,0.014053582970098955,0.10120714691740085
2007-11-28,Beige_Book,https://www.federalreserve.gov/fomc/beigebook/2007/20071128/default.htm,XLF,train,-2,-0.009186321548742993,0.004078636274848724,-0.04804516789968016
2007-11-28,Beige_Book,https://www.federalreserve.gov/fomc/beigebook/2007/20071128/default.htm,XLI,train,0,-0.0003396667036024148,-0.01013424817288211,0.0008364005995845636
2007-11-28,Beige_Book,https://www.federalreserve.gov/fomc/beigebook/2007/20071128/default.htm,XLK,train,1,0.004608819661488406,-0.010250371374491363,0.020333811497529553
2007-11-28,Beige_Book,https://www.federalreserve.gov/fomc/beigebook/2007/20071128/default.htm,XLP,train,0,0.00483297824566109,-0.0010270890285780654,-0.0008886263363511171
2007-11-28,Beige_Book,https://www.federalreserve.gov/fomc/beigebook/2007/20071128/default.htm,XLU,train,0,-0.007124592239655669,0.005836986651222675,0.005148007623500761
2007-11-28,Beige_Book,https://www.federalreserve.gov/fomc/beigebook/2007/20071128/default.htm,XLV,train,-2,0.0057372039344278924,-0.0026598309809107157,-0.024752796348513018
2007-11-28,Beige_Book,https://www.federalreserve.gov/fomc/beigebook/2007/20071128/default.htm,XLY,train,-2,-0.010197543252617125,-0.004214866026566955,-0.04889408890026148
2007-12-11,FOMC_statement,https://www.federalreserve.gov/newsevents/pressreleases/monetary20071211a.htm,XLB,train,1,0.0035196260655390166,0.008500864426137622,0.014654526843767113
2007-12-11,FOMC_statement,https://www.federalreserve.gov/newsevents/pressreleases/monetary20071211a.htm,XLE,train,2,0.022774528208659106,0.024020220782000945,0.060020678710284936
2007-12-11,FOMC_statement,https://www.federalreserve.gov/newsevents/pressreleases/monetary20071211a.htm,XLF,train,-2,-0.01747409694525992,-0.025045252066815626,-0.03616300123857907
2007-12-11,FOMC_statement,https://www.federalreserve.gov/newsevents/pressreleases/monetary20071211a.htm,XLI,train,-1,0.0028840840927866207,0.011649426320364142,-0.019143096188688924
2007-12-11,FOMC_statement,https://www.federalreserve.gov/newsevents/pressreleases/monetary20071211a.htm,XLK,train,-2,0.007415846491978018,0.010686362630221158,-0.037192525104469576
2007-12-11,FOMC_statement,https://www.federalreserve.gov/newsevents/pressreleases/monetary20071211a.htm,XLP,train,1,-0.007128543793632591,-0.00018206448355251315,0.022231397794026275
2007-12-11,FOMC_statement,https://www.federalreserve.gov/newsevents/pressreleases/monetary20071211a.htm,XLU,train,2,-0.009640309847815054,0.0012382510699283644,0.05783837825474758
2007-12-11,FOMC_statement,https://www.federalreserve.gov/newsevents/pressreleases/monetary20071211a.htm,XLV,train,2,-0.009319601971514935,-0.010288287449153999,0.05802094680070358
2007-12-11,FOMC_statement,https://www.federalreserve.gov/newsevents/pressreleases/monetary20071211a.htm,XLY,train,-2,-0.006616307309571745,-0.011409361892752434,-0.05416935684921953
2008-01-16,Beige_Book,https://www.federalreserve.gov/fomc/beigebook/2008/20080116/default.htm,XLB,train,2,-0.023505403423687565,-0.0008213440603729305,0.05031376209626781
2008-01-16,Beige_Book,https://www.federalreserve.gov/fomc/beigebook/2008/20080116/default.htm,XLE,train,2,-0.011873515547292213,-0.01757877638918104,0.035542060129724606
2008-01-16,Beige_Book,https://www.federalreserve.gov/fomc/beigebook/2008/20080116/default.htm,XLF,train,1,-0.024856530585259606,0.0054987916219056965,0.0075246767156467165
2008-01-16,Beige_Book,https://www.federalreserve.gov/fomc/beigebook/2008/20080116/default.htm,XLI,train,2,-0.0006952585373226627,0.021164852311620463,0.043046705794201334
2008-01-16,Beige_Book,https://www.federalreserve.gov/fomc/beigebook/2008/20080116/default.htm,XLK,train,-2,0.01706251972316275,0.001423094756848764,-0.029357094052104626
2008-01-16,Beige_Book,https://www.federalreserve.gov/fomc/beigebook/2008/20080116/default.htm,XLP,train,0,0.018708283642679624,0.014290535402376126,-0.0019783215865267767
2008-01-16,Beige_Book,https://www.federalreserve.gov/fomc/beigebook/2008/20080116/default.htm,XLU,train,-2,-0.012654163571163779,-0.04148173851513948,-0.04339483564741209
2008-01-16,Beige_Book,https://www.federalreserve.gov/fomc/beigebook/2008/20080116/default.htm,XLV,train,-2,0.006679127002488072,-0.023745871478834335,-0.06014959138301579
2008-01-16,Beige_Book,https://www.federalreserve.gov/fomc/beigebook/2008/20080116/default.htm,XLY,train,2,0.009337106202691459,0.04467941869503134,0.08117089013621792
2008-01-22,FOMC_statement,https://www.federalreserve.gov/newsevents/pressreleases/monetary20080122b.htm,XLB,train,2,-0.0067278619108195326,0.020179356494708367,0.07085063042477446
2008-01-22,FOMC_statement,https://www.federalreserve.gov/newsevents/pressreleases/monetary20080122b.htm,XLE,train,2,-0.014760239797497299,0.008596859852387784,0.07312947811108816
2008-01-22,FOMC_statement,https://www.federalreserve.gov/newsevents/pressreleases/monetary20080122b.htm,XLF,train,0,0.046996645777438006,0.027202878158403387,-0.003056153082638069
2008-01-22,FOMC_statement,https://www.federalreserve.gov/newsevents/pressreleases/monetary20080122b.htm,XLI,train,2,0.0032785531121122258,0.010706658202507824,0.024751595267617277
2008-01-22,FOMC_statement,https://www.federalreserve.gov/newsevents/pressreleases/monetary20080122b.htm,XLK,train,-2,-0.015198543946287613,-0.010282507270787389,-0.03747058365013811
2008-01-22,FOMC_statement,https://www.federalreserve.gov/newsevents/pressreleases/monetary20080122b.htm,XLP,train,-1,-0.01173935859143782,-0.02418299464630491,-0.015184881753453672
2008-01-22,FOMC_statement,https://www.federalreserve.gov/newsevents/pressreleases/monetary20080122b.htm,XLU,train,-2,0.0026284593947900614,-0.029465911488240515,-0.027333223140067697
2008-01-22,FOMC_statement,https://www.federalreserve.gov/newsevents/pressreleases/monetary20080122b.htm,XLV,train,-2,-0.016837062178507223,-0.030507790883563923,-0.03461653706827761
2008-01-22,FOMC_statement,https://www.federalreserve.gov/newsevents/pressreleases/monetary20080122b.htm,XLY,train,1,0.012523946014270981,0.007835534920293874,0.017533201952460775
2008-01-30,FOMC_statement,https://www.federalreserve.gov/newsevents/pressreleases/monetary20080130a.htm,XLB,train,2,-0.0003996503850463018,0.004760867252186385,0.049927792273620764
2008-01-30,FOMC_statement,https://www.federalreserve.gov/newsevents/pressreleases/monetary20080130a.htm,XLE,train,2,-0.026216133549778586,-0.0038505303265716773,0.09195423935175173
2008-01-30,FOMC_statement,https://www.federalreserve.gov/newsevents/pressreleases/monetary20080130a.htm,XLF,train,-2,0.022479037419598447,0.008556139903504123,-0.06880403954467595
2008-01-30,FOMC_statement,https://www.federalreserve.gov/newsevents/pressreleases/monetary20080130a.htm,XLI,train,-1,-0.012799344850758176,-0.00413730333564255,-0.006756308226936736
2008-01-30,FOMC_statement,https://www.federalreserve.gov/newsevents/pressreleases/monetary20080130a.htm,XLK,train,-2,-0.005603724299464208,-0.012596949915088973,-0.027324970873974785
2008-01-30,FOMC_statement,https://www.federalreserve.gov/newsevents/pressreleases/monetary20080130a.htm,XLP,train,1,-0.0033094815369649755,-0.003050214962874831,0.020291157247510516
2008-01-30,FOMC_statement,https://www.federalreserve.gov/newsevents/pressreleases/monetary20080130a.htm,XLU,train,-1,-0.005059237906658742,0.03188223580844851,-0.0194756917226091
2008-01-30,FOMC_statement,https://www.federalreserve.gov/newsevents/pressreleases/monetary20080130a.htm,XLV,train,0,-0.00041510924973109375,0.00439726237659821,-0.001793955107098455
2008-01-30,FOMC_statement,https://www.federalreserve.gov/newsevents/pressreleases/monetary20080130a.htm,XLY,train,1,0.023659181254059414,0.014782206698276568,0.011560527169168888
2008-03-05,Beige_Book,https://www.federalreserve.gov/fomc/beigebook/2008/20080305/default.htm,XLB,train,1,0.011823668950451727,-0.028031446281021166,0.009513078964042077
2008-03-05,Beige_Book,https://www.federalreserve.gov/fomc/beigebook/2008/20080305/default.htm,XLE,train,-1,0.000672190504600767,-0.015736115340956758,-0.02245686694839677
2008-03-05,Beige_Book,https://www.federalreserve.gov/fomc/beigebook/2008/20080305/default.htm,XLF,train,2,-0.013908268280172886,-0.016736215574295943,0.03812974749348186
2008-03-05,Beige_Book,https://www.federalreserve.gov/fomc/beigebook/2008/20080305/default.htm,XLI,train,1,0.0016914076388981902,-0.005224282785570855,0.0192242694891126
2008-03-05,Beige_Book,https://www.federalreserve.gov/fomc/beigebook/2008/20080305/default.htm,XLK,train,1,0.006815096652750041,0.01939941872791917,0.012953340075901654
2008-03-05,Beige_Book,https://www.federalreserve.gov/fomc/beigebook/2008/20080305/default.htm,XLP,train,1,0.011590128953881118,0.02512239738005473,0.008214431932740518
2008-03-05,Beige_Book,https://www.federalreserve.gov/fomc/beigebook/2008/20080305/default.htm,XLU,train,-1,0.00030083809227621217,0.016132253231605498,-0.011192401490181969
2008-03-05,Beige_Book,https://www.federalreserve.gov/fomc/beigebook/2008/20080305/default.htm,XLV,train,-2,0.0005576853204108945,-0.010796575533485564,-0.06121100843903715
2008-03-05,Beige_Book,https://www.federalreserve.gov/fomc/beigebook/2008/20080305/default.htm,XLY,train,0,-0.003652789771506071,-0.0012983217885327303,0.0011215597704201663
2008-03-11,FOMC_statement,https://www.federalreserve.gov/newsevents/pressreleases/monetary20080311a.htm,XLB,train,1,-0.005003363164160501,0.01513207900738922,0.014826106109870674
2008-03-11,FOMC_statement,https://www.federalreserve.gov/newsevents/pressreleases/monetary20080311a.htm,XLE,train,0,-0.012841768026675027,-0.0011186898387902655,0.0007179682811399024
2008-03-11,FOMC_statement,https://www.federalreserve.gov/newsevents/pressreleases/monetary20080311a.htm,XLF,train,0,-0.007328406004598498,-0.024804159436688122,0.003325863595776135
2008-03-11,FOMC_statement,https://www.federalreserve.gov/newsevents/pressreleases/monetary20080311a.htm,XLI,train,1,0.007419376206021622,0.018713612344747,0.020269600122901243
2008-03-11,FOMC_statement,https://www.federalreserve.gov/newsevents/pressreleases/monetary20080311a.htm,XLK,train,0,-0.0008485950530293662,-0.00418816472627348,-0.0007442093573809538
2008-03-11,FOMC_statement,https://www.federalreserve.gov/newsevents/pressreleases/monetary20080311a.htm,XLP,train,-1,0.006805896510168941,0.002959104200818796,-0.009915693267051773
2008-03-11,FOMC_statement,https://www.federalreserve.gov/newsevents/pressreleases/monetary20080311a.htm,XLU,train,0,0.009351499526835116,0.01217255852647725,-0.000968546557359562
2008-03-11,FOMC_statement,https://www.federalreserve.gov/newsevents/pressreleases/monetary20080311a.htm,XLV,train,0,0.009351499526835116,0.0028077126841081768,-0.00667956693309224
2008-03-11,FOMC_statement,https://www.federalreserve.gov/newsevents/pressreleases/monetary20080311a.htm,XLY,train,0,0.003799607131808269,0.0036366967915386628,0.00021509582703993502
2008-03-18,FOMC_statement,https://www.federalreserve.gov/newsevents/pressreleases/monetary20080318a.htm,XLB,train,2,-0.042945254072899286,-0.04932953465799517,0.03861562715110056
2008-03-18,FOMC_statement,https://www.federalreserve.gov/newsevents/pressreleases/monetary20080318a.htm,XLE,train,2,-0.0363193249331788,-0.0528780467729959,0.06371932667829039
2008-03-18,FOMC_statement,https://www.federalreserve.gov/newsevents/pressreleases/monetary20080318a.htm,XLF,train,0,-0.0015882714092279038,0.04482990419248756,0.0022612849499807908
2008-03-18,FOMC_statement,https://www.federalreserve.gov/newsevents/pressreleases/monetary20080318a.htm,XLI,train,-2,-0.011748955382594573,-0.017089277975914308,-0.04068636474422149
2008-03-18,FOMC_statement,https://www.federalreserve.gov/newsevents/pressreleases/monetary20080318a.htm,XLK,train,0,-0.005015884808180271,0.002866453685518744,-0.003755445806356339
2008-03-18,FOMC_statement,https://www.federalreserve.gov/newsevents/pressreleases/monetary20080318a.htm,XLP,train,0,0.030264175425736894,0.014550464665268548,0.004213957442008143
2008-03-18,FOMC_statement,https://www.federalreserve.gov/newsevents/pressreleases/monetary20080318a.htm,XLU,train,2,0.005075758889790061,-0.03313262306450582,0.025622875531659095
2008-03-18,FOMC_statement,https://www.federalreserve.gov/newsevents/pressreleases/monetary20080318a.htm,XLV,train,-2,0.011794711764087196,-0.012271844206066862,-0.035648198333532166
2008-03-18,FOMC_statement,https://www.federalreserve.gov/newsevents/pressreleases/monetary20080318a.htm,XLY,train,0,0.011461957841408688,0.03554658074408412,-0.006433736393707368
2008-04-16,Beige_Book,https://www.federalreserve.gov/fomc/beigebook/2008/20080416/default.htm,XLB,train,-1,-0.006436445377324018,-0.00943501671072533,-0.013929490196176508
2008-04-16,Beige_Book,https://www.federalreserve.gov/fomc/beigebook/2008/20080416/default.htm,XLE,train,0,-0.0023102810952438935,0.01341860835111175,0.001775777906691256
2008-04-16,Beige_Book,https://www.federalreserve.gov/fomc/beigebook/2008/20080416/default.htm,XLF,train,0,0.015820857795984633,0.011400125324150245,0.002035505909009694
2008-04-16,Beige_Book,https://www.federalreserve.gov/fomc/beigebook/2008/20080416/default.htm,XLI,train,0,-0.013150232916185334,0.0026249010855616817,0.005009562383576305
2008-04-16,Beige_Book,https://www.federalreserve.gov/fomc/beigebook/2008/20080416/default.htm,XLK,train,2,-0.0018879729489331698,0.010983430686743123,0.042932452374624175
2008-04-16,Beige_Book,https://www.federalreserve.gov/fomc/beigebook/2008/20080416/default.htm,XLP,train,-2,-3.855277796693812e-05,-0.01486609030078756,-0.026948535255847728
2008-04-16,Beige_Book,https://www.federalreserve.gov/fomc/beigebook/2008/20080416/default.htm,XLU,train,-2,0.0005157836507554414,-0.01631323264968132,-0.04050665632206518
2008-04-16,Beige_Book,https://www.federalreserve.gov/fomc/beigebook/2008/20080416/default.htm,XLV,train,-2,-0.007804994126399123,-0.012330083783119172,-0.039164113992814054
2008-04-16,Beige_Book,https://www.federalreserve.gov/fomc/beigebook/2008/20080416/default.htm,XLY,train,2,0.00300727257572464,0.011133568092325463,0.03392515516600003
2008-04-30,FOMC_statement,https://www.federalreserve.gov/newsevents/pressreleases/monetary20080430a.htm,XLB,train,2,-0.0277765037187665,0.007120827638935734,0.03671594721152893
2008-04-30,FOMC_statement,https://www.federalreserve.gov/newsevents/pressreleases/monetary20080430a.htm,XLE,train,2,-0.04258242354826913,-0.007172249643822681,0.03808056250822511
2008-04-30,FOMC_statement,https://www.federalreserve.gov/newsevents/pressreleases/monetary20080430a.htm,XLF,train,-2,0.013511581621770796,0.005135688602080468,-0.08504162938698878
2008-04-30,FOMC_statement,https://www.federalreserve.gov/newsevents/pressreleases/monetary20080430a.htm,XLI,train,0,-0.014192535410994411,-0.010850527925753028,-0.006209644440764883
2008-04-30,FOMC_statement,https://www.federalreserve.gov/newsevents/pressreleases/monetary20080430a.htm,XLK,train,2,0.021330588124686356,0.018532131575530242,0.049306185219140986
2008-04-30,FOMC_statement,https://www.federalreserve.gov/newsevents/pressreleases/monetary20080430a.htm,XLP,train,1,-0.002603469882597409,-0.005539660028234361,0.01471672408656055
2008-04-30,FOMC_statement,https://www.federalreserve.gov/newsevents/pressreleases/monetary20080430a.htm,XLU,train,1,-0.008900578365675926,-0.004637396765606261,0.020172687433307357
2008-04-30,FOMC_statement,https://www.federalreserve.gov/newsevents/pressreleases/monetary20080430a.htm,XLV,train,0,-0.0028971768651597785,-0.0033518001095200756,0.0038024488045504956
2008-04-30,FOMC_statement,https://www.federalreserve.gov/newsevents/pressreleases/monetary20080430a.htm,XLY,train,1,0.0368653238291512,0.0256544946301297,0.01396775010946516
2008-06-11,Beige_Book,https://www.federalreserve.gov/fomc/beigebook/2008/20080611/default.htm,XLB,train,-1,-0.004267873746007345,0.006452439704115576,-0.019077576478424674
2008-06-11,Beige_Book,https://www.federalreserve.gov/fomc/beigebook/2008/20080611/default.htm,XLE,train,1,-0.018997918385319168,-0.016731519693643837,0.01772224113114007
2008-06-11,Beige_Book,https://www.federalreserve.gov/fomc/beigebook/2008/20080611/default.htm,XLF,train,-2,0.023412192086340156,0.0352287308467798,-0.09352198644633902
2008-06-11,Beige_Book,https://www.federalreserve.gov/fomc/beigebook/2008/20080611/default.htm,XLI,train,-1,-0.00024348604822077569,-0.007402319987857786,-0.017855210813701006
2008-06-11,Beige_Book,https://www.federalreserve.gov/fomc/beigebook/2008/20080611/default.htm,XLK,train,0,0.007475264220579536,0.007440360390833067,0.0023264574819262807
2008-06-11,Beige_Book,https://www.federalreserve.gov/fomc/beigebook/2008/20080611/default.htm,XLP,train,2,0.0029897597929295916,-0.021621211681418395,0.04055584200210349
2008-06-11,Beige_Book,https://www.federalreserve.gov/fomc/beigebook/2008/20080611/default.htm,XLU,train,2,-0.007944561142213535,-0.01116562628379869,0.06536350951508385
2008-06-11,Beige_Book,https://www.federalreserve.gov/fomc/beigebook/2008/20080611/default.htm,XLV,train,2,-0.012293070070458656,-0.006484529937523575,0.08393463809118573
2008-06-11,Beige_Book,https://www.federalreserve.gov/fomc/beigebook/2008/20080611/default.htm,XLY,train,-2,0.004335631192339262,0.012829983524315969,-0.0575571831409607
2008-06-25,FOMC_statement,https://www.federalreserve.gov/newsevents/pressreleases/monetary20080625a.htm,XLB,train,-2,0.002509411530912886,-0.0005713449406047344,-0.04743353610686363
2008-06-25,FOMC_statement,https://www.federalreserve.gov/newsevents/pressreleases/monetary20080625a.htm,XLE,train,-2,0.019928829592124497,0.04474386333854774,-0.11329338409460699
2008-06-25,FOMC_statement,https://www.federalreserve.gov/newsevents/pressreleases/monetary20080625a.htm,XLF,train,2,-0.008817507823745907,-0.037747352071763274,0.031620729314581264
2008-06-25,FOMC_statement,https://www.federalreserve.gov/newsevents/pressreleases/monetary20080625a.htm,XLI,train,2,0.010720358149254205,-0.0069684393050616356,0.027585471095878278
2008-06-25,FOMC_statement,https://www.federalreserve.gov/newsevents/pressreleases/monetary20080625a.htm,XLK,train,-1,0.008173172025831899,-0.004537538537305097,-0.008674746216284501
2008-06-25,FOMC_statement,https://www.federalreserve.gov/newsevents/pressreleases/monetary20080625a.htm,XLP,train,2,-0.003187021254874911,-0.004535091707289163,0.027839753117273713
2008-06-25,FOMC_statement,https://www.federalreserve.gov/newsevents/pressreleases/monetary20080625a.htm,XLU,train,-2,-0.0026211424826007024,0.015238717850145855,-0.044277922250764545
2008-06-25,FOMC_statement,https://www.federalreserve.gov/newsevents/pressreleases/monetary20080625a.htm,XLV,train,2,0.0069450955772657474,0.026440428118061132,0.08705212585579514
2008-06-25,FOMC_statement,https://www.federalreserve.gov/newsevents/pressreleases/monetary20080625a.htm,XLY,train,0,0.0036706998265133572,-0.01578152447435721,0.00425831756463757
2008-07-23,Beige_Book,https://www.federalreserve.gov/fomc/beigebook/2008/20080723/default.htm,XLB,train,0,-0.004515488940818546,0.010645788061877548,-0.0013382248417231901
2008-07-23,Beige_Book,https://www.federalreserve.gov/fomc/beigebook/2008/20080723/default.htm,XLE,train,2,0.018313158244168015,0.03986229855232759,0.042104582968822024
2008-07-23,Beige_Book,https://www.federalreserve.gov/fomc/beigebook/2008/20080723/default.htm,XLF,train,-2,-0.04647745710512652,-0.08235083706680735,-0.10203938566997617
2008-07-23,Beige_Book,https://www.federalreserve.gov/fomc/beigebook/2008/20080723/default.htm,XLI,train,-1,-0.004089556512039461,-0.0027346316890970446,-0.006872682945834763
2008-07-23,Beige_Book,https://www.federalreserve.gov/fomc/beigebook/2008/20080723/default.htm,XLK,train,1,-0.004875999254062124,0.0030656957281774977,0.01814358459102494
2008-07-23,Beige_Book,https://www.federalreserve.gov/fomc/beigebook/2008/20080723/default.htm,XLP,train,2,0.0145560665539195,0.015472250232009821,0.02918914895220126
2008-07-23,Beige_Book,https://www.federalreserve.gov/fomc/beigebook/2008/20080723/default.htm,XLU,train,-1,0.019180032430683558,0.0243926881936134,-0.009190129136785963
2008-07-23,Beige_Book,https://www.federalreserve.gov/fomc/beigebook/2008/20080723/default.htm,XLV,train,2,0.01980758430384877,0.03254941622211327,0.03468419974442771
2008-07-23,Beige_Book,https://www.federalreserve.gov/fomc/beigebook/2008/20080723/default.htm,XLY,train,1,-0.0005949841308641179,-0.024841162416607054,0.022104539450410465
2008-08-05,FOMC_statement,https://www.federalreserve.gov/newsevents/pressreleases/monetary20080805a.htm,XLB,train,0,0.005462874184310573,-0.00546495204480979,0.00320724454927257
2008-08-05,FOMC_statement,https://www.federalreserve.gov/newsevents/pressreleases/monetary20080805a.htm,XLE,train,0,0.018381787709629283,-0.01384083788022461,-0.0005806509041990093
2008-08-05,FOMC_statement,https://www.federalreserve.gov/newsevents/pressreleases/monetary20080805a.htm,XLF,train,-2,-0.014644632055617834,-0.033222318358889,-0.029354646895121905
2008-08-05,FOMC_statement,https://www.federalreserve.gov/newsevents/pressreleases/monetary20080805a.htm,XLI,train,0,0.014675232493188473,0.011863974118867304,-0.0016377868770994786
2008-08-05,FOMC_statement,https://www.federalreserve.gov/newsevents/pressreleases/monetary20080805a.htm,XLK,train,-1,0.009699715885084448,0.023473174164422184,-0.015718114687427565
2008-08-05,FOMC_statement,https://www.federalreserve.gov/newsevents/pressreleases/monetary20080805a.htm,XLP,train,2,0.006243356875931916,0.004014801282753666,0.03328126819609001
2008-08-05,FOMC_statement,https://www.federalreserve.gov/newsevents/pressreleases/monetary20080805a.htm,XLU,train,1,0.0009812199917782483,-0.0005489997768249877,0.0132404152857174
2008-08-05,FOMC_statement,https://www.federalreserve.gov/newsevents/pressreleases/monetary20080805a.htm,XLV,train,0,-0.0005035258663692588,0.0011451651863844114,0.002943737135943869
2008-08-05,FOMC_statement,https://www.federalreserve.gov/newsevents/pressreleases/monetary20080805a.htm,XLY,train,2,-0.009485911299995653,0.014803419248001548,0.05345631486758429
2008-09-03,Beige_Book,https://www.federalreserve.gov/fomc/beigebook/2008/20080903/default.htm,XLB,train,-2,-0.005432024224525489,-0.030036706171619465,-0.0991364868862954
2008-09-03,Beige_Book,https://www.federalreserve.gov/fomc/beigebook/2008/20080903/default.htm,XLE,train,-2,0.0076248536483835005,-0.0271208782795217,-0.03492901926145808
2008-09-03,Beige_Book,https://www.federalreserve.gov/fomc/beigebook/2008/20080903/default.htm,XLF,train,2,-0.018850994138145505,0.03681202037156617,0.05830181078209273
2008-09-03,Beige_Book,https://www.federalreserve.gov/fomc/beigebook/2008/20080903/default.htm,XLI,train,-2,-0.004208800286672254,-0.012310295650127867,-0.08238166074580644
2008-09-03,Beige_Book,https://www.federalreserve.gov/fomc/beigebook/2008/20080903/default.htm,XLK,train,-2,-0.005736200750989795,-0.0174544081345831,-0.033726014134206284
2008-09-03,Beige_Book,https://www.federalreserve.gov/fomc/beigebook/2008/20080903/default.htm,XLP,train,2,0.023732570955470766,0.030384391094075758,0.09930973585739644
2008-09-03,Beige_Book,https://www.federalreserve.gov/fomc/beigebook/2008/20080903/default.htm,XLU,train,1,0.017541240992206886,-0.0021347419183854743,0.01792283441205611
2008-09-03,Beige_Book,https://www.federalreserve.gov/fomc/beigebook/2008/20080903/default.htm,XLV,train,2,0.008114855312514213,-0.004354035288587466,0.0472745574050325
2008-09-03,Beige_Book,https://www.federalreserve.gov/fomc/beigebook/2008/20080903/default.htm,XLY,train,-1,-0.0031628894289004172,0.020266468296221918,-0.020951067436700832
2008-09-16,FOMC_statement,https://www.federalreserve.gov/newsevents/pressreleases/monetary20080916a.htm,XLB,train,-2,0.026264164749665198,0.02032006221061078,-0.0839492789085785
2008-09-16,FOMC_statement,https://www.federalreserve.gov/newsevents/pressreleases/monetary20080916a.htm,XLE,train,-2,0.024010463209309663,0.05311088564807953,-0.09755078033748166
2008-09-16,FOMC_statement,https://www.federalreserve.gov/newsevents/pressreleases/monetary20080916a.htm,XLF,train,2,-0.0510407435194149,0.08744294098818894,0.06173166942734287
2008-09-16,FOMC_statement,https://www.federalreserve.gov/newsevents/pressreleases/monetary20080916a.htm,XLI,train,-2,0.011162759005963308,-0.009604109240936243,-0.03606051045729897
2008-09-16,FOMC_statement,https://www.federalreserve.gov/newsevents/pressreleases/monetary20080916a.htm,XLK,train,1,-0.010512919147124933,-0.029932752575858812,0.012250217812298958
2008-09-16,FOMC_statement,https://www.federalreserve.gov/newsevents/pressreleases/monetary20080916a.htm,XLP,train,2,0.009199177443408924,-0.05590148607665235,0.09858785163298611
2008-09-16,FOMC_statement,https://www.federalreserve.gov/newsevents/pressreleases/monetary20080916a.htm,XLU,train,2,-0.003480042842417208,-0.004054007909176094,0.030636134742430765
2008-09-16,FOMC_statement,https://www.federalreserve.gov/newsevents/pressreleases/monetary20080916a.htm,XLV,train,2,0.02906472762991774,-0.016437852391978036,0.0607396417326872
2008-09-16,FOMC_statement,https://www.federalreserve.gov/newsevents/pressreleases/monetary20080916a.htm,XLY,train,-2,0.0054247035036039115,-0.024639270732269125,-0.10102160110273384
2008-10-08,FOMC_statement,https://www.federalreserve.gov/newsevents/pressreleases/monetary20081008a.htm,XLB,train,-2,0.005782141393610329,0.00184248060222314,-0.061425905066915365
2008-10-08,FOMC_statement,https://www.federalreserve.gov/newsevents/pressreleases/monetary20081008a.htm,XLE,train,0,-0.07412600270976089,-0.07120485499799445,0.003850618143171114
2008-10-08,FOMC_statement,https://www.federalreserve.gov/newsevents/pressreleases/monetary20081008a.htm,XLF,train,0,-0.03421795371385006,0.025980260037438252,-0.0017344121601616802
2008-10-08,FOMC_statement,https://www.federalreserve.gov/newsevents/pressreleases/monetary20081008a.htm,XLI,train,-2,0.012840708469848305,-0.03312233768090189,-0.02620615839410212
2008-10-08,FOMC_statement,https://www.federalreserve.gov/newsevents/pressreleases/monetary20081008a.htm,XLK,train,0,0.03660663566145239,0.026396245594128898,-0.004107404624531519
2008-10-08,FOMC_statement,https://www.federalreserve.gov/newsevents/pressreleases/monetary20081008a.htm,XLP,train,1,0.009598290402086818,-0.05618600603791102,0.014872745866410964
2008-10-08,FOMC_statement,https://www.federalreserve.gov/newsevents/pressreleases/monetary20081008a.htm,XLU,train,2,0.002454646475817168,-0.038353444926940705,0.03088221829343818
2008-10-08,FOMC_statement,https://www.federalreserve.gov/newsevents/pressreleases/monetary20081008a.htm,XLV,train,1,-0.00694351381402869,-0.0512987056034353,0.011936313229299556
2008-10-08,FOMC_statement,https://www.federalreserve.gov/newsevents/pressreleases/monetary20081008a.htm,XLY,train,-2,0.00631300978916427,-0.05408809511417023,-0.04512319328764314
2008-10-15,Beige_Book,https://www.federalreserve.gov/fomc/beigebook/2008/20081015/default.htm,XLB,train,-2,-0.03483255241355798,-0.011740203181167863,-0.03605865637875916
2008-10-15,Beige_Book,https://www.federalreserve.gov/fomc/beigebook/2008/20081015/default.htm,XLE,train,2,-0.0035512028758515335,0.08082181301612035,0.1551359017362074
2008-10-15,Beige_Book,https://www.federalreserve.gov/fomc/beigebook/2008/20081015/default.htm,XLF,train,-2,-0.019003618642323028,-0.05208077193987293,-0.13880686025948463
2008-10-15,Beige_Book,https://www.federalreserve.gov/fomc/beigebook/2008/20081015/default.htm,XLI,train,-2,-0.021318556218845375,-0.047360014604836964,-0.024927454083335077
2008-10-15,Beige_Book,https://www.federalreserve.gov/fomc/beigebook/2008/20081015/default.htm,XLK,train,-2,0.01064270848124882,-0.013142296708134826,-0.03070773192669396
2008-10-15,Beige_Book,https://www.federalreserve.gov/fomc/beigebook/2008/20081015/default.htm,XLP,train,-1,-0.03203372325003273,-0.07045419928339569,-0.013892086409076576
2008-10-15,Beige_Book,https://www.federalreserve.gov/fomc/beigebook/2008/20081015/default.htm,XLU,train,2,-0.01260044238091762,0.022701731833541516,0.09376852261593638
2008-10-15,Beige_Book,https://www.federalreserve.gov/fomc/beigebook/2008/20081015/default.htm,XLV,train,2,0.01055203469710686,-0.007142888484700127,0.03910096184444334
2008-10-15,Beige_Book,https://www.federalreserve.gov/fomc/beigebook/2008/20081015/default.htm,XLY,train,-2,0.024357196912251577,-0.004170853495588545,-0.024955810710966864
2008-10-29,FOMC_statement,https://www.federalreserve.gov/newsevents/pressreleases/monetary20081029a.htm,XLB,train,-2,-0.003205866370304733,-0.004916296695774869,-0.03852338962927937
2008-10-29,FOMC_statement,https://www.federalreserve.gov/newsevents/pressreleases/monetary20081029a.htm,XLE,train,2,0.011530228371924967,-0.006945049456664076,0.09697433647758302
2008-10-29,FOMC_statement,https://www.federalreserve.gov/newsevents/pressreleases/monetary20081029a.htm,XLF,train,-2,0.000346911083736412,0.046362091761464885,-0.06306042615018626
2008-10-29,FOMC_statement,https://www.federalreserve.gov/newsevents/pressreleases/monetary20081029a.htm,XLI,train,1,0.0015456787617122991,0.009310035483546586,0.009566375728712662
2008-10-29,FOMC_statement,https://www.federalreserve.gov/newsevents/pressreleases/monetary20081029a.htm,XLK,train,-2,0.002557738110813279,-0.01180792128469843,-0.0275027324360837
2008-10-29,FOMC_statement,https://www.federalreserve.gov/newsevents/pressreleases/monetary20081029a.htm,XLP,train,2,0.007483589944646596,0.008247745594526346,0.05234080324730017
2008-10-29,FOMC_statement,https://www.federalreserve.gov/newsevents/pressreleases/monetary20081029a.htm,XLU,train,2,0.021218026611419694,-0.0034000543873284883,0.09759023715452497
2008-10-29,FOMC_statement,https://www.federalreserve.gov/newsevents/pressreleases/monetary20081029a.htm,XLV,train,-1,-0.011105182355897858,-0.011229628718653517,-0.0221091463396752
2008-10-29,FOMC_statement,https://www.federalreserve.gov/newsevents/pressreleases/monetary20081029a.htm,XLY,train,-1,-0.004262209344356727,-0.0006184220880989244,-0.006997854276442728
2008-12-03,Beige_Book,https://www.federalreserve.gov/fomc/beigebook/2008/20081203/default.htm,XLB,train,1,0.0031067450165577215,0.03117727708212603,0.020183663145942
2008-12-03,Beige_Book,https://www.federalreserve.gov/fomc/beigebook/2008/20081203/default.htm,XLE,train,2,-0.04614301886525696,-0.046701943479784847,0.040644352650292315
2008-12-03,Beige_Book,https://www.federalreserve.gov/fomc/beigebook/2008/20081203/default.htm,XLF,train,0,0.012300595010197535,0.09287953266985616,-0.0028608468332095294
2008-12-03,Beige_Book,https://www.federalreserve.gov/fomc/beigebook/2008/20081203/default.htm,XLI,train,1,0.003196073672335542,-0.012102153261117854,0.007040129786479388
2008-12-03,Beige_Book,https://www.federalreserve.gov/fomc/beigebook/2008/20081203/default.htm,XLK,train,0,-0.01734377155798328,0.0029012292203446366,-0.006119899774434168
2008-12-03,Beige_Book,https://www.federalreserve.gov/fomc/beigebook/2008/20081203/default.htm,XLP,train,-1,0.010285674879091378,-0.021354886659147976,-0.0235371892875349
2008-12-03,Beige_Book,https://www.federalreserve.gov/fomc/beigebook/2008/20081203/default.htm,XLU,train,-2,-0.012982629508463295,-0.05620945138331812,-0.03188993542511753
2008-12-03,Beige_Book,https://www.federalreserve.gov/fomc/beigebook/2008/20081203/default.htm,XLV,train,1,0.004205527346820781,-0.019529846311099663,0.016852861619825132
2008-12-03,Beige_Book,https://www.federalreserve.gov/fomc/beigebook/2008/20081203/default.htm,XLY,train,2,0.03398773486315265,0.034981179768073356,0.047548318829564784
2008-12-16,FOMC_statement,https://www.federalreserve.gov/newsevents/pressreleases/monetary20081216b.htm,XLB,train,0,0.010504235641932258,-0.025419573163513842,0.0026940460098852093
2008-12-16,FOMC_statement,https://www.federalreserve.gov/newsevents/pressreleases/monetary20081216b.htm,XLE,train,1,0.00322060805264901,-0.033500858515239096,0.018407224151262946
2008-12-16,FOMC_statement,https://www.federalreserve.gov/newsevents/pressreleases/monetary20081216b.htm,XLF,train,-2,0.0004056460234492798,-0.007695953421702928,-0.19844325365744664
2008-12-16,FOMC_statement,https://www.federalreserve.gov/newsevents/pressreleases/monetary20081216b.htm,XLI,train,1,0.010114136791836481,0.009071532500062984,0.013140413598619727
2008-12-16,FOMC_statement,https://www.federalreserve.gov/newsevents/pressreleases/monetary20081216b.htm,XLK,train,1,-0.009724539722256509,-0.0061836212666107615,0.008461707900590865
2008-12-16,FOMC_statement,https://www.federalreserve.gov/newsevents/pressreleases/monetary20081216b.htm,XLP,train,2,0.00461476513917447,0.022885546712278937,0.045416244141288975
2008-12-16,FOMC_statement,https://www.federalreserve.gov/newsevents/pressreleases/monetary20081216b.htm,XLU,train,2,-0.020564945362646303,0.016780477290609053,0.06292981993923563
2008-12-16,FOMC_statement,https://www.federalreserve.gov/newsevents/pressreleases/monetary20081216b.htm,XLV,train,2,0.003546936103694498,0.03996059324054291,0.07340367852307117
2008-12-16,FOMC_statement,https://www.federalreserve.gov/newsevents/pressreleases/monetary20081216b.htm,XLY,train,1,0.015145811247309737,0.0059485116263324755,0.015645331404390395
2009-01-14,Beige_Book,https://www.federalreserve.gov/fomc/beigebook/2009/20090114/default.htm,XLB,train,1,0.029204660262940774,0.029042713342502635,0.017892010591345042
2009-01-14,Beige_Book,https://www.federalreserve.gov/fomc/beigebook/2009/20090114/default.htm,XLE,train,2,0.012143695428233015,0.011836897640951527,0.05140589112944782
2009-01-14,Beige_Book,https://www.federalreserve.gov/fomc/beigebook/2009/20090114/default.htm,XLF,train,-2,-0.04624542923311903,-0.19662852843383327,-0.1016486516396008
2009-01-14,Beige_Book,https://www.federalreserve.gov/fomc/beigebook/2009/20090114/default.htm,XLI,train,-2,0.008945934166918468,0.013154591786842529,-0.035871724266472116
2009-01-14,Beige_Book,https://www.federalreserve.gov/fomc/beigebook/2009/20090114/default.htm,XLK,train,2,0.006427748676503864,0.017303107416624552,0.062403788637415136
2009-01-14,Beige_Book,https://www.federalreserve.gov/fomc/beigebook/2009/20090114/default.htm,XLP,train,-2,0.004060685599889924,0.046497157670282396,-0.032850706593346435
2009-01-14,Beige_Book,https://www.federalreserve.gov/fomc/beigebook/2009/20090114/default.htm,XLU,train,1,0.004965102745464911,0.052390466328469776,0.021504256022144896
2009-01-14,Beige_Book,https://www.federalreserve.gov/fomc/beigebook/2009/20090114/default.htm,XLV,train,2,0.0066588090070598405,0.03596432737245381,0.05379442080890584
2009-01-14,Beige_Book,https://www.federalreserve.gov/fomc/beigebook/2009/20090114/default.htm,XLY,train,-2,0.024292168995835528,0.022331220519899664,-0.024880176433192958
2009-01-28,FOMC_statement,https://www.federalreserve.gov/newsevents/pressreleases/monetary20090128a.htm,XLB,train,1,0.005423056095224976,-0.024694547230453723,0.018035354788950464
2009-01-28,FOMC_statement,https://www.federalreserve.gov/newsevents/pressreleases/monetary20090128a.htm,XLE,train,-1,-0.0027818857205546,-0.009276769404494956,-0.011594787338338408
2009-01-28,FOMC_statement,https://www.federalreserve.gov/newsevents/pressreleases/monetary20090128a.htm,XLF,train,-2,-0.04606673005729178,-0.05007392266635935,-0.1121652144977322
2009-01-28,FOMC_statement,https://www.federalreserve.gov/newsevents/pressreleases/monetary20090128a.htm,XLI,train,-2,-0.004098568621795251,-0.02490869805894058,-0.07679134205710225
2009-01-28,FOMC_statement,https://www.federalreserve.gov/newsevents/pressreleases/monetary20090128a.htm,XLK,train,2,0.0029919252038207444,0.012278409787701228,0.06846192978350474
2009-01-28,FOMC_statement,https://www.federalreserve.gov/newsevents/pressreleases/monetary20090128a.htm,XLP,train,2,0.023821461355311824,0.007970376387953615,0.04113044598472115
2009-01-28,FOMC_statement,https://www.federalreserve.gov/newsevents/pressreleases/monetary20090128a.htm,XLU,train,0,0.025112784391390974,0.03404259302163748,0.00366075342970007
2009-01-28,FOMC_statement,https://www.federalreserve.gov/newsevents/pressreleases/monetary20090128a.htm,XLV,train,1,0.018366166990735677,0.03764658991971792,0.009024657713197493
2009-01-28,FOMC_statement,https://www.federalreserve.gov/newsevents/pressreleases/monetary20090128a.htm,XLY,train,0,-0.007793526415218466,-0.018553235628846032,0.006559934289555258
2009-03-04,Beige_Book,https://www.federalreserve.gov/fomc/beigebook/2009/20090304/default.htm,XLB,train,2,0.008366332568844337,0.01907616118728961,0.07163906305539824
2009-03-04,Beige_Book,https://www.federalreserve.gov/fomc/beigebook/2009/20090304/default.htm,XLE,train,-2,-0.0032483904860584056,0.019510955475547598,-0.03425568615078478
2009-03-04,Beige_Book,https://www.federalreserve.gov/fomc/beigebook/2009/20090304/default.htm,XLF,train,2,-0.053491822197521244,-0.04015350367394743,0.19658371571861222
2009-03-04,Beige_Book,https://www.federalreserve.gov/fomc/beigebook/2009/20090304/default.htm,XLI,train,2,0.002196987470128753,-0.007675131089258658,0.05199584692167725
2009-03-04,Beige_Book,https://www.federalreserve.gov/fomc/beigebook/2009/20090304/default.htm,XLK,train,1,0.010155027032163644,-0.006183476754636041,0.00830854103702594
2009-03-04,Beige_Book,https://www.federalreserve.gov/fomc/beigebook/2009/20090304/default.htm,XLP,train,-2,0.017973851586812528,0.015814636902380497,-0.07227740105061531
2009-03-04,Beige_Book,https://www.federalreserve.gov/fomc/beigebook/2009/20090304/default.htm,XLU,train,-2,0.01238394018329858,0.0021181119001566495,-0.06876442334062083
2009-03-04,Beige_Book,https://www.federalreserve.gov/fomc/beigebook/2009/20090304/default.htm,XLV,train,-2,0.014264202667407355,0.020443751029171064,-0.08246464466587478
2009-03-04,Beige_Book,https://www.federalreserve.gov/fomc/beigebook/2009/20090304/default.htm,XLY,train,2,-0.005908403944183016,-0.008154532580975427,0.06046307354252778
2009-03-18,FOMC_statement,https://www.federalreserve.gov/newsevents/pressreleases/monetary20090318a.htm,XLB,train,2,0.021706118096689764,0.012668871779613067,0.044362562688951
2009-03-18,FOMC_statement,https://www.federalreserve.gov/newsevents/pressreleases/monetary20090318a.htm,XLE,train,-2,0.03652071683989444,0.029205377296675716,-0.044126150921584006
2009-03-18,FOMC_statement,https://www.federalreserve.gov/newsevents/pressreleases/monetary20090318a.htm,XLF,train,2,-0.06731627043191468,-0.0038499907017665036,0.11950677707445023
2009-03-18,FOMC_statement,https://www.federalreserve.gov/newsevents/pressreleases/monetary20090318a.htm,XLI,train,2,0.0025444900435439566,-0.006030452183329982,0.06395126055260836
2009-03-18,FOMC_statement,https://www.federalreserve.gov/newsevents/pressreleases/monetary20090318a.htm,XLK,train,1,0.014998701885854171,0.008383508420941488,0.013782889412985333
2009-03-18,FOMC_statement,https://www.federalreserve.gov/newsevents/pressreleases/monetary20090318a.htm,XLP,train,-2,-0.00037367690425638145,-0.016641461573888017,-0.04765543311277698
2009-03-18,FOMC_statement,https://www.federalreserve.gov/newsevents/pressreleases/monetary20090318a.htm,XLU,train,-2,0.02693033765399777,0.00808124202815097,-0.07280310376627241
2009-03-18,FOMC_statement,https://www.federalreserve.gov/newsevents/pressreleases/monetary20090318a.htm,XLV,train,-2,-0.011913521252905013,-0.02567539699757082,-0.07240363013071194
2009-03-18,FOMC_statement,https://www.federalreserve.gov/newsevents/pressreleases/monetary20090318a.htm,XLY,train,2,0.0014712301039873088,0.0015857562358276844,0.07282654438356284
2009-04-15,Beige_Book,https://www.federalreserve.gov/fomc/beigebook/2009/20090415/default.htm,XLB,train,1,-0.014250115950927622,-0.01784019098257772,0.0147408867397405
2009-04-15,Beige_Book,https://www.federalreserve.gov/fomc/beigebook/2009/20090415/default.htm,XLE,train,2,-0.010000463538144988,-0.011570063037109501,0.040957163433702704
2009-04-15,Beige_Book,https://www.federalreserve.gov/fomc/beigebook/2009/20090415/default.htm,XLF,train,2,-0.003602784118269753,-0.06724150916047777,0.05806810865988865
2009-04-15,Beige_Book,https://www.federalreserve.gov/fomc/beigebook/2009/20090415/default.htm,XLI,train,1,0.0191110274639974,0.009793182997951178,0.019200616909828994
2009-04-15,Beige_Book,https://www.federalreserve.gov/fomc/beigebook/2009/20090415/default.htm,XLK,train,-2,0.015034060979125963,0.016639055962838545,-0.030540726499718285
2009-04-15,Beige_Book,https://www.federalreserve.gov/fomc/beigebook/2009/20090415/default.htm,XLP,train,-1,-0.0012923423379493926,0.01945630117339825,-0.009935352606324832
2009-04-15,Beige_Book,https://www.federalreserve.gov/fomc/beigebook/2009/20090415/default.htm,XLU,train,-1,-0.007642335552557222,0.014769617889068054,-0.014457514127310556
2009-04-15,Beige_Book,https://www.federalreserve.gov/fomc/beigebook/2009/20090415/default.htm,XLV,train,0,-0.01014507982347368,0.017110399480311234,-0.0026818354685245183
2009-04-15,Beige_Book,https://www.federalreserve.gov/fomc/beigebook/2009/20090415/default.htm,XLY,train,-1,0.020221213237181512,0.02937847278232797,-0.010964084599543678
2009-04-29,FOMC_statement,https://www.federalreserve.gov/newsevents/pressreleases/monetary20090429a.htm,XLB,train,2,0.027689644843764016,0.0469856390247505,0.030563717346558827
2009-04-29,FOMC_statement,https://www.federalreserve.gov/newsevents/pressreleases/monetary20090429a.htm,XLE,train,2,-0.016884701186404283,0.016039058665237804,0.05100695953819423
2009-04-29,FOMC_statement,https://www.federalreserve.gov/newsevents/pressreleases/monetary20090429a.htm,XLF,train,2,-0.01413028140822159,0.04042621712880645,0.0762905064144529
2009-04-29,FOMC_statement,https://www.federalreserve.gov/newsevents/pressreleases/monetary20090429a.htm,XLI,train,-1,0.0033466920451878934,0.007707057766493053,-0.0177292884085416
2009-04-29,FOMC_statement,https://www.federalreserve.gov/newsevents/pressreleases/monetary20090429a.htm,XLK,train,-2,0.0025636433479014897,-0.005192725917066321,-0.03167402829469945
2009-04-29,FOMC_statement,https://www.federalreserve.gov/newsevents/pressreleases/monetary20090429a.htm,XLP,train,-1,-0.004417556340698958,-0.02433165200672005,-0.0131130083798765
2009-04-29,FOMC_statement,https://www.federalreserve.gov/newsevents/pressreleases/monetary20090429a.htm,XLU,train,-1,0.00043103082699569306,0.0024172286765946627,-0.021772570819387438
2009-04-29,FOMC_statement,https://www.federalreserve.gov/newsevents/pressreleases/monetary20090429a.htm,XLV,train,0,-0.0011700816444665252,-0.025650505207610697,0.006353331568499154
2009-04-29,FOMC_statement,https://www.federalreserve.gov/newsevents/pressreleases/monetary20090429a.htm,XLY,train,-2,0.016687283430225852,0.004923205283569376,-0.04588695294103329
2009-06-10,Beige_Book,https://www.federalreserve.gov/fomc/beigebook/2009/20090610/default.htm,XLB,train,-2,0.009518634485523592,-0.014085550268051361,-0.06607621466104496
2009-06-10,Beige_Book,https://www.federalreserve.gov/fomc/beigebook/2009/20090610/default.htm,XLE,train,-2,0.015561618687901957,-0.00041312551609007375,-0.09816419862770798
2009-06-10,Beige_Book,https://www.federalreserve.gov/fomc/beigebook/2009/20090610/default.htm,XLF,train,-2,0.0036739260302012244,0.0046864866550279105,-0.030348152729002043
2009-06-10,Beige_Book,https://www.federalreserve.gov/fomc/beigebook/2009/20090610/default.htm,XLI,train,-2,-0.0061457227175524265,-0.014781291897745574,-0.05678908775832259
2009-06-10,Beige_Book,https://www.federalreserve.gov/fomc/beigebook/2009/20090610/default.htm,XLK,train,1,-0.000637113540989942,0.006499146231193964,0.023004136061720915
2009-06-10,Beige_Book,https://www.federalreserve.gov/fomc/beigebook/2009/20090610/default.htm,XLP,train,2,-0.00014654095890365149,0.003517591082823457,0.05729871662526931
2009-06-10,Beige_Book,https://www.federalreserve.gov/fomc/beigebook/2009/20090610/default.htm,XLU,train,2,0.014964184807715553,0.02750003552746849,0.06206381284199436
2009-06-10,Beige_Book,https://www.federalreserve.gov/fomc/beigebook/2009/20090610/default.htm,XLV,train,2,0.0062356026163410405,-0.0008769705733818745,0.0848798100899073
2009-06-10,Beige_Book,https://www.federalreserve.gov/fomc/beigebook/2009/20090610/default.htm,XLY,train,-1,-0.009447780055837574,-0.010634409447974669,-0.012174622236712285
2009-06-24,FOMC_statement,https://www.federalreserve.gov/newsevents/pressreleases/monetary20090624a.htm,XLB,train,2,-0.0004222330735097479,0.00018128161207442428,0.04398560319002609
2009-06-24,FOMC_statement,https://www.federalreserve.gov/newsevents/pressreleases/monetary20090624a.htm,XLE,train,0,-0.0007833240726888846,-0.004782424955120046,-0.0025330602036827132
2009-06-24,FOMC_statement,https://www.federalreserve.gov/newsevents/pressreleases/monetary20090624a.htm,XLF,train,-1,-0.00021578962296642246,0.01066936711579547,-0.014187193093104122
2009-06-24,FOMC_statement,https://www.federalreserve.gov/newsevents/pressreleases/monetary20090624a.htm,XLI,train,0,0.009092074874942568,0.008269051370393132,0.006626684257435511
2009-06-24,FOMC_statement,https://www.federalreserve.gov/newsevents/pressreleases/monetary20090624a.htm,XLK,train,1,-0.007248359346930799,-0.005192747321279945,0.0073205840304585434
2009-06-24,FOMC_statement,https://www.federalreserve.gov/newsevents/pressreleases/monetary20090624a.htm,XLP,train,-1,-0.004584144953236224,-0.00872388501958643,-0.008430544444513965
2009-06-24,FOMC_statement,https://www.federalreserve.gov/newsevents/pressreleases/monetary20090624a.htm,XLU,train,-1,-0.0049483827250478285,-0.0023206728152637135,-0.007903482072295742
2009-06-24,FOMC_statement,https://www.federalreserve.gov/newsevents/pressreleases/monetary20090624a.htm,XLV,train,0,0.005920315288900246,0.005230330185804655,-0.0011565230682946126
2009-06-24,FOMC_statement,https://www.federalreserve.gov/newsevents/pressreleases/monetary20090624a.htm,XLY,train,2,0.013166067433255435,0.01211877475851142,0.02890230659852222
2009-07-29,Beige_Book,https://www.federalreserve.gov/fomc/beigebook/2009/20090729/default.htm,XLB,train,1,0.01994432699806148,0.04780950102062098,0.01558277478757375
2009-07-29,Beige_Book,https://www.federalreserve.gov/fomc/beigebook/2009/20090729/default.htm,XLE,train,0,0.003511104472842197,0.021051958330668086,2.2319105750900903e-05
2009-07-29,Beige_Book,https://www.federalreserve.gov/fomc/beigebook/2009/20090729/default.htm,XLF,train,2,0.01258945660671107,0.030132638114216403,0.1033862319191613
2009-07-29,Beige_Book,https://www.federalreserve.gov/fomc/beigebook/2009/20090729/default.htm,XLI,train,2,0.00578709567772151,0.013430916830910578,0.027802469775196514
2009-07-29,Beige_Book,https://www.federalreserve.gov/fomc/beigebook/2009/20090729/default.htm,XLK,train,-2,-0.005361276848091734,-0.013111699967491841,-0.030053103393082536
2009-07-29,Beige_Book,https://www.federalreserve.gov/fomc/beigebook/2009/20090729/default.htm,XLP,train,-2,-0.011664791087873105,-0.030391025421830253,-0.0471558863257282
2009-07-29,Beige_Book,https://www.federalreserve.gov/fomc/beigebook/2009/20090729/default.htm,XLU,train,-2,0.004795836726299685,-0.01572227380640001,-0.0342365140439711
2009-07-29,Beige_Book,https://www.federalreserve.gov/fomc/beigebook/2009/20090729/default.htm,XLV,train,-2,-0.009019300000417063,-0.028666744190875115,-0.02872563512374282
2009-07-29,Beige_Book,https://www.federalreserve.gov/fomc/beigebook/2009/20090729/default.htm,XLY,train,1,0.005229646405126909,0.007892374832921156,0.010598770905159927
2009-08-12,FOMC_statement,https://www.federalreserve.gov/newsevents/pressreleases/monetary20090812a.htm,XLB,train,-1,0.01068817933533639,-0.020155152956643274,-0.011440368149720714
2009-08-12,FOMC_statement,https://www.federalreserve.gov/newsevents/pressreleases/monetary20090812a.htm,XLE,train,1,0.00455418656922113,-0.01026761551587363,0.015417118771557714
2009-08-12,FOMC_statement,https://www.federalreserve.gov/newsevents/pressreleases/monetary20090812a.htm,XLF,train,0,0.013015701568814153,-0.0031140292103876144,-0.0015421294682391729
2009-08-12,FOMC_statement,https://www.federalreserve.gov/newsevents/pressreleases/monetary20090812a.htm,XLI,train,1,-0.003235338278149147,-0.014817627863124572,0.01543694823052788
2009-08-12,FOMC_statement,https://www.federalreserve.gov/newsevents/pressreleases/monetary20090812a.htm,XLK,train,0,-0.0030957337901076354,-0.004204724566697515,0.004876002709534699
2009-08-12,FOMC_statement,https://www.federalreserve.gov/newsevents/pressreleases/monetary20090812a.htm,XLP,train,0,-0.0018759729614714615,0.01893559547927226,0.0023945068997687224
2009-08-12,FOMC_statement,https://www.federalreserve.gov/newsevents/pressreleases/monetary20090812a.htm,XLU,train,-2,-0.011070604313451415,0.007439855114868221,-0.04625735904629713
2009-08-12,FOMC_statement,https://www.federalreserve.gov/newsevents/pressreleases/monetary20090812a.htm,XLV,train,0,-0.008711914274336152,0.019634692780887697,-0.005510669256909018
2009-08-12,FOMC_statement,https://www.federalreserve.gov/newsevents/pressreleases/monetary20090812a.htm,XLY,train,0,-0.00496415628490654,-0.01808347637707386,-0.003887439563331707
2009-09-09,Beige_Book,https://www.federalreserve.gov/fomc/beigebook/2009/20090909/default.htm,XLB,train,0,-0.004659255426712194,0.004630394476141109,0.002231746908352261
2009-09-09,Beige_Book,https://www.federalreserve.gov/fomc/beigebook/2009/20090909/default.htm,XLE,train,2,0.0071216703087984,0.013839742974379843,0.04247285188453043
2009-09-09,Beige_Book,https://www.federalreserve.gov/fomc/beigebook/2009/20090909/default.htm,XLF,train,1,-0.0019428213177246079,0.00030056686435531166,0.014795046146499291
2009-09-09,Beige_Book,https://www.federalreserve.gov/fomc/beigebook/2009/20090909/default.htm,XLI,train,0,-0.0017436591050292716,0.009559826721553866,-0.0063635838153962565
2009-09-09,Beige_Book,https://www.federalreserve.gov/fomc/beigebook/2009/20090909/default.htm,XLK,train,0,0.003513616702086164,-0.0035787862774382395,-0.004655791972122292
2009-09-09,Beige_Book,https://www.federalreserve.gov/fomc/beigebook/2009/20090909/default.htm,XLP,train,0,-0.003029955757095193,-0.005714428074708566,0.0064686827956115245
2009-09-09,Beige_Book,https://www.federalreserve.gov/fomc/beigebook/2009/20090909/default.htm,XLU,train,-1,-0.01021829778066441,-0.0007284363383639469,-0.01811918279343494
2009-09-09,Beige_Book,https://www.federalreserve.gov/fomc/beigebook/2009/20090909/default.htm,XLV,train,-2,-0.0025497875999196395,-0.0030782093244740016,-0.031067340412919253
2009-09-09,Beige_Book,https://www.federalreserve.gov/fomc/beigebook/2009/20090909/default.htm,XLY,train,1,0.0032092442392812615,-0.0014571082825185488,0.008037101666212743
2009-09-23,FOMC_statement,https://www.federalreserve.gov/newsevents/pressreleases/monetary20090923a.htm,XLB,train,-1,-0.010864729407761287,-0.014171829328688212,-0.007115701026390475
2009-09-23,FOMC_statement,https://www.federalreserve.gov/newsevents/pressreleases/monetary20090923a.htm,XLE,train,2,-0.0033163486056310143,-0.0011359201602242353,0.06039256991384656
2009-09-23,FOMC_statement,https://www.federalreserve.gov/newsevents/pressreleases/monetary20090923a.htm,XLF,train,-1,-0.008940778897550405,0.002568378564761553,-0.007167143244585339
2009-09-23,FOMC_statement,https://www.federalreserve.gov/newsevents/pressreleases/monetary20090923a.htm,XLI,train,-1,-0.005312932624692901,-0.011180413631901365,-0.020374009841566787
2009-09-23,FOMC_statement,https://www.federalreserve.gov/newsevents/pressreleases/monetary20090923a.htm,XLK,train,0,0.001454429768897425,-0.0008729320657547834,-0.006594015333493686
2009-09-23,FOMC_statement,https://www.federalreserve.gov/newsevents/pressreleases/monetary20090923a.htm,XLP,train,1,0.005895412416849988,-0.004694339789772517,0.007001079392996434
2009-09-23,FOMC_statement,https://www.federalreserve.gov/newsevents/pressreleases/monetary20090923a.htm,XLU,train,-1,0.00829475870713614,0.0015535385377675182,-0.010861218858862598
2009-09-23,FOMC_statement,https://www.federalreserve.gov/newsevents/pressreleases/monetary20090923a.htm,XLV,train,-1,0.009968342340725855,0.008964937295110276,-0.013403668525124868
2009-09-23,FOMC_statement,https://www.federalreserve.gov/newsevents/pressreleases/monetary20090923a.htm,XLY,train,0,0.001530227606673873,0.001966921229562102,0.00536846101752253
2009-10-21,Beige_Book,https://www.federalreserve.gov/fomc/beigebook/2009/20091021/default.htm,XLB,train,1,0.0017829379018281521,-0.021514049741441332,0.010135682782845934
2009-10-21,Beige_Book,https://www.federalreserve.gov/fomc/beigebook/2009/20091021/default.htm,XLE,train,-2,-0.00627981155069679,-0.019831256531861463,-0.04895094129448341
2009-10-21,Beige_Book,https://www.federalreserve.gov/fomc/beigebook/2009/20091021/default.htm,XLF,train,-1,0.019406130903811825,0.0014765546849642153,-0.02417200658786267
2009-10-21,Beige_Book,https://www.federalreserve.gov/fomc/beigebook/2009/20091021/default.htm,XLI,train,0,-0.003118446406326525,-0.006404090806641949,0.0063094854466805295
2009-10-21,Beige_Book,https://www.federalreserve.gov/fomc/beigebook/2009/20091021/default.htm,XLK,train,1,-0.0054658083530547685,0.007423766979809732,0.00884555940018017
2009-10-21,Beige_Book,https://www.federalreserve.gov/fomc/beigebook/2009/20091021/default.htm,XLP,train,0,-0.008641731649961626,-0.003929424746593413,0.005384995290895422
2009-10-21,Beige_Book,https://www.federalreserve.gov/fomc/beigebook/2009/20091021/default.htm,XLU,train,-2,-0.007818402086877674,-0.015188265647320787,-0.03992847400359678
2009-10-21,Beige_Book,https://www.federalreserve.gov/fomc/beigebook/2009/20091021/default.htm,XLV,train,2,-0.003919827884284688,-0.0028004101138081605,0.03025927075236645
2009-10-21,Beige_Book,https://www.federalreserve.gov/fomc/beigebook/2009/20091021/default.htm,XLY,train,1,0.003055727095388594,0.015417873139887628,0.016084172002255093
2009-11-04,FOMC_statement,https://www.federalreserve.gov/newsevents/pressreleases/monetary20091104a.htm,XLB,train,2,-0.0006692763987290462,0.01506233565748416,0.029617476708972523
2009-11-04,FOMC_statement,https://www.federalreserve.gov/newsevents/pressreleases/monetary20091104a.htm,XLE,train,-2,-0.0013342690627340392,-0.01025586635038267,-0.06225909096591986
2009-11-04,FOMC_statement,https://www.federalreserve.gov/newsevents/pressreleases/monetary20091104a.htm,XLF,train,-1,0.007300820719304824,0.01336879119274792,-0.011410372533533053
2009-11-04,FOMC_statement,https://www.federalreserve.gov/newsevents/pressreleases/monetary20091104a.htm,XLI,train,2,0.007404575777915312,0.016314256206459765,0.025744463913172977
2009-11-04,FOMC_statement,https://www.federalreserve.gov/newsevents/pressreleases/monetary20091104a.htm,XLK,train,1,0.0032707095911275186,0.0023466733152357477,0.011233141434277893
2009-11-04,FOMC_statement,https://www.federalreserve.gov/newsevents/pressreleases/monetary20091104a.htm,XLP,train,-1,-0.013780521119364009,-0.02008616721143519,-0.017805829385949323
2009-11-04,FOMC_statement,https://www.federalreserve.gov/newsevents/pressreleases/monetary20091104a.htm,XLU,train,1,-0.0015350482803822008,-0.009987238758578876,0.017256914213510943
2009-11-04,FOMC_statement,https://www.federalreserve.gov/newsevents/pressreleases/monetary20091104a.htm,XLV,train,2,-0.0019386015291442682,-0.00605303447067973,0.024607086524385036
2009-11-04,FOMC_statement,https://www.federalreserve.gov/newsevents/pressreleases/monetary20091104a.htm,XLY,train,1,0.008901318709692019,0.01418993273907354,0.016631879078105927
2009-12-02,Beige_Book,https://www.federalreserve.gov/fomc/beigebook/2009/20091202/default.htm,XLB,train,0,-0.00832340028486922,-0.02220890345249915,-0.00030324971092676734
2009-12-02,Beige_Book,https://www.federalreserve.gov/fomc/beigebook/2009/20091202/default.htm,XLE,train,1,-0.008255487642935377,-0.022038047905770797,0.009418568236166824
2009-12-02,Beige_Book,https://www.federalreserve.gov/fomc/beigebook/2009/20091202/default.htm,XLF,train,-1,-0.012644058923641621,-0.014421925103242028,-0.01724447253823047
2009-12-02,Beige_Book,https://www.federalreserve.gov/fomc/beigebook/2009/20091202/default.htm,XLI,train,0,0.00315707484396488,0.010566678450218858,-0.0014904612434268882
2009-12-02,Beige_Book,https://www.federalreserve.gov/fomc/beigebook/2009/20091202/default.htm,XLK,train,2,0.008273229891280431,0.008637758054992117,0.03275061919331512
2009-12-02,Beige_Book,https://www.federalreserve.gov/fomc/beigebook/2009/20091202/default.htm,XLP,train,-2,7.636264991950359e-05,-5.618083526726103e-06,-0.031367749575129
2009-12-02,Beige_Book,https://www.federalreserve.gov/fomc/beigebook/2009/20091202/default.htm,XLU,train,0,0.011074159432624686,0.009547851951274278,-0.0007218448973701497
2009-12-02,Beige_Book,https://www.federalreserve.gov/fomc/beigebook/2009/20091202/default.htm,XLV,train,0,0.0030046200165734227,-0.003107344966812642,-0.0036935864124049145
2009-12-02,Beige_Book,https://www.federalreserve.gov/fomc/beigebook/2009/20091202/default.htm,XLY,train,1,0.0009607222411780469,0.00643321183142509,0.009995324526683724
2009-12-16,FOMC_statement,https://www.federalreserve.gov/newsevents/pressreleases/monetary20091216a.htm,XLB,train,1,-0.010158707210859097,-0.012005503422953367,0.012395351594967408
2009-12-16,FOMC_statement,https://www.federalreserve.gov/newsevents/pressreleases/monetary20091216a.htm,XLE,train,1,0.0035412846259397224,0.004916659145209001,0.02353934319863693
2009-12-16,FOMC_statement,https://www.federalreserve.gov/newsevents/pressreleases/monetary20091216a.htm,XLF,train,1,-0.006825708110663631,0.00725589398314519,0.022365873307374162
2009-12-16,FOMC_statement,https://www.federalreserve.gov/newsevents/pressreleases/monetary20091216a.htm,XLI,train,0,0.0010809947685447296,-0.00752220841848783,0.006101887968953945
2009-12-16,FOMC_statement,https://www.federalreserve.gov/newsevents/pressreleases/monetary20091216a.htm,XLK,train,0,-6.500043190660332e-05,0.008025632440116337,-0.0018713377742092252
2009-12-16,FOMC_statement,https://www.federalreserve.gov/newsevents/pressreleases/monetary20091216a.htm,XLP,train,-2,0.0001021553338605985,-0.012322878061655995,-0.0249010577017853
2009-12-16,FOMC_statement,https://www.federalreserve.gov/newsevents/pressreleases/monetary20091216a.htm,XLU,train,-2,0.006325110181198634,0.002030600038282482,-0.036310935907048036
2009-12-16,FOMC_statement,https://www.federalreserve.gov/newsevents/pressreleases/monetary20091216a.htm,XLV,train,1,0.0027860822705566557,0.0018047679840244024,0.018318695118074158
2009-12-16,FOMC_statement,https://www.federalreserve.gov/newsevents/pressreleases/monetary20091216a.htm,XLY,train,-1,7.620621564341512e-06,0.002146997343704604,-0.017889282384769167
2010-01-13,Beige_Book,https://www.federalreserve.gov/fomc/beigebook/2010/20100113/default.htm,XLB,train,-2,-0.014889072135268244,-0.007526348177664288,-0.04525670111455671
2010-01-13,Beige_Book,https://www.federalreserve.gov/fomc/beigebook/2010/20100113/default.htm,XLE,train,-1,0.00014909352111391883,-4.467501440985622e-05,-0.008775725176535132
2010-01-13,Beige_Book,https://www.federalreserve.gov/fomc/beigebook/2010/20100113/default.htm,XLF,train,-1,0.0019071425758256932,-0.006974394368341907,-0.02370278559325123
2010-01-13,Beige_Book,https://www.federalreserve.gov/fomc/beigebook/2010/20100113/default.htm,XLI,train,0,-0.0027043204107290997,-0.005871628971873322,-0.006540357839443067
2010-01-13,Beige_Book,https://www.federalreserve.gov/fomc/beigebook/2010/20100113/default.htm,XLK,train,-1,-8.662272370063562e-05,0.0019277549020338958,-0.010651237532480318
2010-01-13,Beige_Book,https://www.federalreserve.gov/fomc/beigebook/2010/20100113/default.htm,XLP,train,2,-0.005669393148116764,-0.005797039640922708,0.037909187502224495
2010-01-13,Beige_Book,https://www.federalreserve.gov/fomc/beigebook/2010/20100113/default.htm,XLU,train,-1,-0.0071843733472390925,-0.003237894717282641,-0.0226383829515604
2010-01-13,Beige_Book,https://www.federalreserve.gov/fomc/beigebook/2010/20100113/default.htm,XLV,train,1,0.0063158868639903165,0.022470807685738947,0.01834636243584231
2010-01-13,Beige_Book,https://www.federalreserve.gov/fomc/beigebook/2010/20100113/default.htm,XLY,train,1,-0.0027043204107290997,-0.0005413133597985675,0.024237910830525622
2010-01-27,FOMC_statement,https://www.federalreserve.gov/newsevents/pressreleases/monetary20100127a.htm,XLB,train,0,-0.0064818274933174935,0.01265272483682034,0.003529101645494137
2010-01-27,FOMC_statement,https://www.federalreserve.gov/newsevents/pressreleases/monetary20100127a.htm,XLE,train,0,0.0009533079188431826,0.011280637949630301,-0.005901023419502938
2010-01-27,FOMC_statement,https://www.federalreserve.gov/newsevents/pressreleases/monetary20100127a.htm,XLF,train,1,0.006594542174104379,0.011834624325140042,0.015516294416666243
2010-01-27,FOMC_statement,https://www.federalreserve.gov/newsevents/pressreleases/monetary20100127a.htm,XLI,train,1,3.5465138307988475e-05,0.00020554569888242558,0.022547805893822104
2010-01-27,FOMC_statement,https://www.federalreserve.gov/newsevents/pressreleases/monetary20100127a.htm,XLK,train,-1,-0.01721585817016824,-0.027794221058281,-0.0203597045727425
2010-01-27,FOMC_statement,https://www.federalreserve.gov/newsevents/pressreleases/monetary20100127a.htm,XLP,train,1,0.00881752236599076,0.007967135902282374,0.015846450055434613
2010-01-27,FOMC_statement,https://www.federalreserve.gov/newsevents/pressreleases/monetary20100127a.htm,XLU,train,-2,0.003790389626326718,-0.000516243881097056,-0.035616127683760435
2010-01-27,FOMC_statement,https://www.federalreserve.gov/newsevents/pressreleases/monetary20100127a.htm,XLV,train,-1,0.005163272829776133,-0.0007483277892378348,-0.01807957656073278
2010-01-27,FOMC_statement,https://www.federalreserve.gov/newsevents/pressreleases/monetary20100127a.htm,XLY,train,2,0.005662571450336995,0.007591152156371295,0.033805999700001865
2010-03-03,Beige_Book,https://www.federalreserve.gov/fomc/beigebook/2010/20100303/default.htm,XLB,train,1,0.0037350673952916136,0.002091266827894289,0.010041584985862051
2010-03-03,Beige_Book,https://www.federalreserve.gov/fomc/beigebook/2010/20100303/default.htm,XLE,train,-2,-0.008255736089343602,-0.005526458402961398,-0.02761313216625516
2010-03-03,Beige_Book,https://www.federalreserve.gov/fomc/beigebook/2010/20100303/default.htm,XLF,train,2,0.007121267572827827,0.014047782434356337,0.0350101275864394
2010-03-03,Beige_Book,https://www.federalreserve.gov/fomc/beigebook/2010/20100303/default.htm,XLI,train,1,0.0017494195430174386,-0.002121196450225016,0.021858408971929144
2010-03-03,Beige_Book,https://www.federalreserve.gov/fomc/beigebook/2010/20100303/default.htm,XLK,train,0,0.0010724076268930904,0.004233670587357352,0.0006044756571104148
2010-03-03,Beige_Book,https://www.federalreserve.gov/fomc/beigebook/2010/20100303/default.htm,XLP,train,-1,0.0002656827288785024,-0.011627388944296269,-0.01963561767975952
2010-03-03,Beige_Book,https://www.federalreserve.gov/fomc/beigebook/2010/20100303/default.htm,XLU,train,-2,-0.0010003866177836773,-0.005354752262692886,-0.02714300386790891
2010-03-03,Beige_Book,https://www.federalreserve.gov/fomc/beigebook/2010/20100303/default.htm,XLV,train,-2,-0.006184438892215094,-0.012653549843926193,-0.02874760962101186
2010-03-03,Beige_Book,https://www.federalreserve.gov/fomc/beigebook/2010/20100303/default.htm,XLY,train,1,0.006024975523419851,0.012656830183980228,0.017033204522674983
2010-03-16,FOMC_statement,https://www.federalreserve.gov/newsevents/pressreleases/monetary20100316a.htm,XLB,train,-1,-0.00030119062775835204,-0.012701131700215806,-0.008627770885759278
2010-03-16,FOMC_statement,https://www.federalreserve.gov/newsevents/pressreleases/monetary20100316a.htm,XLE,train,-1,0.005028311049935841,-0.016319148364875913,-0.008861292412437938
2010-03-16,FOMC_statement,https://www.federalreserve.gov/newsevents/pressreleases/monetary20100316a.htm,XLF,train,2,0.00615227363756321,-0.0005117952321487262,0.0340082716215635
2010-03-16,FOMC_statement,https://www.federalreserve.gov/newsevents/pressreleases/monetary20100316a.htm,XLI,train,1,-0.004302659760735406,0.004074604904275025,0.01643082597566925
2010-03-16,FOMC_statement,https://www.federalreserve.gov/newsevents/pressreleases/monetary20100316a.htm,XLK,train,1,-0.0028702472277977176,-0.001965420445436461,0.007092097163138966
2010-03-16,FOMC_statement,https://www.federalreserve.gov/newsevents/pressreleases/monetary20100316a.htm,XLP,train,-2,-0.0016137814173420306,0.002090205330309236,-0.03351667345283349
2010-03-16,FOMC_statement,https://www.federalreserve.gov/newsevents/pressreleases/monetary20100316a.htm,XLU,train,-2,-0.0026272804322928778,-0.002758652012804008,-0.040095605380533916
2010-03-16,FOMC_statement,https://www.federalreserve.gov/newsevents/pressreleases/monetary20100316a.htm,XLV,train,-2,-0.005615885383781549,0.006429035690170504,-0.0518441995073009
2010-03-16,FOMC_statement,https://www.federalreserve.gov/newsevents/pressreleases/monetary20100316a.htm,XLY,train,2,-0.0009900168070515747,0.001261568649326028,0.028924924063160273
2010-04-14,Beige_Book,https://www.federalreserve.gov/fomc/beigebook/2010/20100414/default.htm,XLB,train,-2,-0.0008252161456399065,-0.005569288217822765,-0.030907414826663926
2010-04-14,Beige_Book,https://www.federalreserve.gov/fomc/beigebook/2010/20100414/default.htm,XLE,train,0,-0.0009907782186110436,-0.004409659143510436,-0.005602348148332603
2010-04-14,Beige_Book,https://www.federalreserve.gov/fomc/beigebook/2010/20100414/default.htm,XLF,train,-2,-0.0049306760319407505,-0.019521928355422546,-0.03223207078542423
2010-04-14,Beige_Book,https://www.federalreserve.gov/fomc/beigebook/2010/20100414/default.htm,XLI,train,2,0.008769398934221462,0.0027939677800231655,0.03164044750278905
2010-04-14,Beige_Book,https://www.federalreserve.gov/fomc/beigebook/2010/20100414/default.htm,XLK,train,0,0.0037700321003533155,0.004713202265533067,-0.0023487250335216814
2010-04-14,Beige_Book,https://www.federalreserve.gov/fomc/beigebook/2010/20100414/default.htm,XLP,train,1,-0.002605886724846962,0.009196651790362331,0.02226267828651718
2010-04-14,Beige_Book,https://www.federalreserve.gov/fomc/beigebook/2010/20100414/default.htm,XLU,train,2,-0.001156398319420493,0.0003944755449808435,0.04217365149005581
2010-04-14,Beige_Book,https://www.federalreserve.gov/fomc/beigebook/2010/20100414/default.htm,XLV,train,0,-0.0036457608332184366,0.010745240563779235,-0.00661571489594559
2010-04-14,Beige_Book,https://www.federalreserve.gov/fomc/beigebook/2010/20100414/default.htm,XLY,train,1,0.0034999668883761714,0.00418065646283694,0.012902889970396014
2010-04-28,FOMC_statement,https://www.federalreserve.gov/newsevents/pressreleases/monetary20100428a.htm,XLB,train,-1,-0.00335753971715147,-0.017576092912993224,-0.014604336548171726
2010-04-28,FOMC_statement,https://www.federalreserve.gov/newsevents/pressreleases/monetary20100428a.htm,XLE,train,-2,-0.011241674448543737,-0.008256192125199346,-0.03795898621478333
2010-04-28,FOMC_statement,https://www.federalreserve.gov/newsevents/pressreleases/monetary20100428a.htm,XLF,train,0,0.010456164211197994,0.0094844389028238,0.0028774837468462655
2010-04-28,FOMC_statement,https://www.federalreserve.gov/newsevents/pressreleases/monetary20100428a.htm,XLI,train,0,0.010287858557786578,0.010563562268912197,-0.006730433913125777
2010-04-28,FOMC_statement,https://www.federalreserve.gov/newsevents/pressreleases/monetary20100428a.htm,XLK,train,0,-0.002249534481912896,-0.00549813267793664,-0.005238322736747292
2010-04-28,FOMC_statement,https://www.federalreserve.gov/newsevents/pressreleases/monetary20100428a.htm,XLP,train,2,-0.009148480916635338,-0.0051154254774834484,0.027533799169858097
2010-04-28,FOMC_statement,https://www.federalreserve.gov/newsevents/pressreleases/monetary20100428a.htm,XLU,train,1,-0.01140741665518008,0.009362419930059374,0.01992766198097684
2010-04-28,FOMC_statement,https://www.federalreserve.gov/newsevents/pressreleases/monetary20100428a.htm,XLV,train,1,0.0012126881587530836,-0.0027178168443295903,0.01094286807349687
2010-04-28,FOMC_statement,https://www.federalreserve.gov/newsevents/pressreleases/monetary20100428a.htm,XLY,train,1,0.00973567440114298,0.013028767814117881,0.019708959380881574
2010-05-09,FOMC_statement,https://www.federalreserve.gov/newsevents/pressreleases/monetary20100509a.htm,XLB,train,-1,-0.009731840597331565,-0.005386878002462514,-0.014195374063865951
2010-05-09,FOMC_statement,https://www.federalreserve.gov/newsevents/pressreleases/monetary20100509a.htm,XLE,train,-1,-0.0037858947358085926,0.002121060640886463,-0.015371103507638262
2010-05-09,FOMC_statement,https://www.federalreserve.gov/newsevents/pressreleases/monetary20100509a.htm,XLF,train,-2,-0.0009250500579672805,-0.009206981806482384,-0.03422499867228179
2010-05-09,FOMC_statement,https://www.federalreserve.gov/newsevents/pressreleases/monetary20100509a.htm,XLI,train,-2,6.215227252970301e-06,0.005109352925902089,-0.03356224897142712
2010-05-09,FOMC_statement,https://www.federalreserve.gov/newsevents/pressreleases/monetary20100509a.htm,XLK,train,1,-0.003751840896828562,0.006137445937771435,0.01264669736943258
2010-05-09,FOMC_statement,https://www.federalreserve.gov/newsevents/pressreleases/monetary20100509a.htm,XLP,train,2,0.002477461882866794,0.0016912279146549247,0.041765813566106647
2010-05-09,FOMC_statement,https://www.federalreserve.gov/newsevents/pressreleases/monetary20100509a.htm,XLU,train,2,0.004840932031333289,0.007313137848171447,0.038482618562000304
2010-05-09,FOMC_statement,https://www.federalreserve.gov/newsevents/pressreleases/monetary20100509a.htm,XLV,train,1,0.000875443670247944,-0.0032183735173633155,0.016812573046859236
2010-05-09,FOMC_statement,https://www.federalreserve.gov/newsevents/pressreleases/monetary20100509a.htm,XLY,train,1,0.0025456595328042786,-0.006957330616904955,0.010496327178478482
2010-05-10,FOMC_statement,https://www.federalreserve.gov/newsevents/pressreleases/monetary20100510a.htm,XLB,train,-1,-0.009731840597331565,-0.005386878002462514,-0.014195374063865951
2010-05-10,FOMC_statement,https://www.federalreserve.gov/newsevents/pressreleases/monetary20100510a.htm,XLE,train,-1,-0.0037858947358085926,0.002121060640886463,-0.015371103507638262
2010-05-10,FOMC_statement,https://www.federalreserve.gov/newsevents/pressreleases/monetary20100510a.htm,XLF,train,-2,-0.0009250500579672805,-0.009206981806482384,-0.03422499867228179
2010-05-10,FOMC_statement,https://www.federalreserve.gov/newsevents/pressreleases/monetary20100510a.htm,XLI,train,-2,6.215227252970301e-06,0.005109352925902089,-0.03356224897142712
2010-05-10,FOMC_statement,https://www.federalreserve.gov/newsevents/pressreleases/monetary20100510a.htm,XLK,train,1,-0.003751840896828562,0.006137445937771435,0.01264669736943258
2010-05-10,FOMC_statement,https://www.federalreserve.gov/newsevents/pressreleases/monetary20100510a.htm,XLP,train,2,0.002477461882866794,0.0016912279146549247,0.041765813566106647
2010-05-10,FOMC_statement,https://www.federalreserve.gov/newsevents/pressreleases/monetary20100510a.htm,XLU,train,2,0.004840932031333289,0.007313137848171447,0.038482618562000304
2010-05-10,FOMC_statement,https://www.federalreserve.gov/newsevents/pressreleases/monetary20100510a.htm,XLV,train,1,0.000875443670247944,-0.0032183735173633155,0.016812573046859236
2010-05-10,FOMC_statement,https://www.federalreserve.gov/newsevents/pressreleases/monetary20100510a.htm,XLY,train,1,0.0025456595328042786,-0.006957330616904955,0.010496327178478482
2010-06-09,Beige_Book,https://www.federalreserve.gov/fomc/beigebook/2010/20100609/default.htm,XLB,train,1,0.006628971462741662,0.004751443275542,0.02076964573516915
2010-06-09,Beige_Book,https://www.federalreserve.gov/fomc/beigebook/2010/20100609/default.htm,XLE,train,1,0.02095315176054391,0.0186048984783993,0.0069281418354874
2010-06-09,Beige_Book,https://www.federalreserve.gov/fomc/beigebook/2010/20100609/default.htm,XLF,train,1,0.0036018965798538805,-0.0010754567288506767,0.015916986707224856
2010-06-09,Beige_Book,https://www.federalreserve.gov/fomc/beigebook/2010/20100609/default.htm,XLI,train,0,0.009353962779648617,0.008459186112954042,0.006442386490710272
2010-06-09,Beige_Book,https://www.federalreserve.gov/fomc/beigebook/2010/20100609/default.htm,XLK,train,0,-0.004992284220391552,-0.0013216615937676757,-0.0023205008452583664
2010-06-09,Beige_Book,https://www.federalreserve.gov/fomc/beigebook/2010/20100609/default.htm,XLP,train,-1,-0.012082816655005546,-0.01796464733373815,-0.007433314120921963
2010-06-09,Beige_Book,https://www.federalreserve.gov/fomc/beigebook/2010/20100609/default.htm,XLU,train,2,-0.004669959502278553,-0.0014736133189703349,0.032171834706464564
2010-06-09,Beige_Book,https://www.federalreserve.gov/fomc/beigebook/2010/20100609/default.htm,XLV,train,0,-0.010204158334425895,-0.003496613554127448,0.003947940145941242
2010-06-09,Beige_Book,https://www.federalreserve.gov/fomc/beigebook/2010/20100609/default.htm,XLY,train,-2,0.0047210010640657,0.0032763440328936744,-0.04499431024171696
2010-06-23,FOMC_statement,https://www.federalreserve.gov/newsevents/pressreleases/monetary20100623a.htm,XLB,train,2,-0.008733283782528245,-0.006231062720754577,0.041861754664384576
2010-06-23,FOMC_statement,https://www.federalreserve.gov/newsevents/pressreleases/monetary20100623a.htm,XLE,train,0,-0.004379470393842455,-0.01607700206611473,-0.004302864509544535
2010-06-23,FOMC_statement,https://www.federalreserve.gov/newsevents/pressreleases/monetary20100623a.htm,XLF,train,0,-0.001348409420191543,0.01542047152462489,-0.005154866971943783
2010-06-23,FOMC_statement,https://www.federalreserve.gov/newsevents/pressreleases/monetary20100623a.htm,XLI,train,1,-0.0008888614496346259,-0.0011759867694175474,0.019372504817726788
2010-06-23,FOMC_statement,https://www.federalreserve.gov/newsevents/pressreleases/monetary20100623a.htm,XLK,train,0,-0.0034835543944919944,-0.0035887637071632117,0.0010569492031285987
2010-06-23,FOMC_statement,https://www.federalreserve.gov/newsevents/pressreleases/monetary20100623a.htm,XLP,train,1,0.004480952421105688,0.0016199568469744685,0.01340831927168662
2010-06-23,FOMC_statement,https://www.federalreserve.gov/newsevents/pressreleases/monetary20100623a.htm,XLU,train,2,0.011027856754982635,0.021107043002361214,0.042751179870507916
2010-06-23,FOMC_statement,https://www.federalreserve.gov/newsevents/pressreleases/monetary20100623a.htm,XLV,train,-2,0.0093520071829587,0.011092781851136935,-0.03498981032151238
2010-06-23,FOMC_statement,https://www.federalreserve.gov/newsevents/pressreleases/monetary20100623a.htm,XLY,train,-1,-0.007261549098579123,-0.012834059106622941,-0.007006827206194166
2010-07-28,Beige_Book,https://www.federalreserve.gov/fomc/beigebook/2010/20100728/default.htm,XLB,train,1,0.003929919939006599,0.014684089458108618,0.008930652317678534
2010-07-28,Beige_Book,https://www.federalreserve.gov/fomc/beigebook/2010/20100728/default.htm,XLE,train,0,0.006357536262253438,0.016836929259709255,-0.006566582057509929
2010-07-28,Beige_Book,https://www.federalreserve.gov/fomc/beigebook/2010/20100728/default.htm,XLF,train,-2,0.008280534595899613,0.010354493563730083,-0.035165837048888426
2010-07-28,Beige_Book,https://www.federalreserve.gov/fomc/beigebook/2010/20100728/default.htm,XLI,train,-1,0.0015684828582890331,0.002954757539857522,-0.0194450998854081
2010-07-28,Beige_Book,https://www.federalreserve.gov/fomc/beigebook/2010/20100728/default.htm,XLK,train,-1,-0.004132907522145457,-0.009636532172472956,-0.014190795439991022
2010-07-28,Beige_Book,https://www.federalreserve.gov/fomc/beigebook/2010/20100728/default.htm,XLP,train,1,-0.007242076259560859,-0.015550674852417679,0.02445580498608546
2010-07-28,Beige_Book,https://www.federalreserve.gov/fomc/beigebook/2010/20100728/default.htm,XLU,train,2,-0.01061117513599863,-0.017181823649578876,0.037238633974939095
2010-07-28,Beige_Book,https://www.federalreserve.gov/fomc/beigebook/2010/20100728/default.htm,XLV,train,2,0.004169903228860683,0.004536259065416104,0.044907812161714133
2010-07-28,Beige_Book,https://www.federalreserve.gov/fomc/beigebook/2010/20100728/default.htm,XLY,train,1,-0.000224939179738759,0.005410013080865084,0.013754350241985569
2010-08-10,FOMC_statement,https://www.federalreserve.gov/newsevents/pressreleases/monetary20100810a.htm,XLB,train,1,-0.006297688387191802,0.004408960391917738,0.020602564430711734
2010-08-10,FOMC_statement,https://www.federalreserve.gov/newsevents/pressreleases/monetary20100810a.htm,XLE,train,-1,-0.002370653880017781,-0.0009318582965223143,-0.01270626569383182
2010-08-10,FOMC_statement,https://www.federalreserve.gov/newsevents/pressreleases/monetary20100810a.htm,XLF,train,0,-0.007895346150884275,-0.008691152733064977,-0.0005903734228644986
2010-08-10,FOMC_statement,https://www.federalreserve.gov/newsevents/pressreleases/monetary20100810a.htm,XLI,train,-1,-0.009931065919559612,-0.009296300271428914,-0.0077894118121962785
2010-08-10,FOMC_statement,https://www.federalreserve.gov/newsevents/pressreleases/monetary20100810a.htm,XLK,train,-1,0.003532459225032758,-0.005914612683055487,-0.008555439627755734
2010-08-10,FOMC_statement,https://www.federalreserve.gov/newsevents/pressreleases/monetary20100810a.htm,XLP,train,1,0.010917203499887007,0.018503105083595206,0.01563383454979228
2010-08-10,FOMC_statement,https://www.federalreserve.gov/newsevents/pressreleases/monetary20100810a.htm,XLU,train,1,0.007266046628873979,0.017980331304075725,0.023243881078869655
2010-08-10,FOMC_statement,https://www.federalreserve.gov/newsevents/pressreleases/monetary20100810a.htm,XLV,train,0,0.001619654267313586,0.011055026962665693,-0.000245173869348303
2010-08-10,FOMC_statement,https://www.federalreserve.gov/newsevents/pressreleases/monetary20100810a.htm,XLY,train,1,0.0012061202675536231,-0.004815544155081453,0.012501858638639507
2010-09-08,Beige_Book,https://www.federalreserve.gov/fomc/beigebook/2010/20100908/default.htm,XLB,train,0,-0.007987095822365786,0.00028516321446869775,-0.005266033100792655
2010-09-08,Beige_Book,https://www.federalreserve.gov/fomc/beigebook/2010/20100908/default.htm,XLE,train,1,-0.002576749121011801,-0.00029932927279996413,0.019212295965842063
2010-09-08,Beige_Book,https://www.federalreserve.gov/fomc/beigebook/2010/20100908/default.htm,XLF,train,-2,0.007942019453766491,0.014483664573887278,-0.02779252848425029
2010-09-08,Beige_Book,https://www.federalreserve.gov/fomc/beigebook/2010/20100908/default.htm,XLI,train,1,-0.005613989306890943,-0.0029554149317367884,0.00882263248180426
2010-09-08,Beige_Book,https://www.federalreserve.gov/fomc/beigebook/2010/20100908/default.htm,XLK,train,1,-0.0018504136020178752,0.0003776399615282866,0.01723956299778817
2010-09-08,Beige_Book,https://www.federalreserve.gov/fomc/beigebook/2010/20100908/default.htm,XLP,train,-1,-0.0013224015298953784,-0.011657527428341696,-0.017119634626866387
2010-09-08,Beige_Book,https://www.federalreserve.gov/fomc/beigebook/2010/20100908/default.htm,XLU,train,-2,0.00528153311127566,-0.013083583976417956,-0.029828566952752378
2010-09-08,Beige_Book,https://www.federalreserve.gov/fomc/beigebook/2010/20100908/default.htm,XLV,train,0,0.006011759344877188,0.002371789911973732,0.002424389540373828
2010-09-08,Beige_Book,https://www.federalreserve.gov/fomc/beigebook/2010/20100908/default.htm,XLY,train,1,-0.0036808996769919222,0.0006579488273863454,0.010938281521619242
2010-09-21,FOMC_statement,https://www.federalreserve.gov/newsevents/pressreleases/monetary20100921a.htm,XLB,train,1,0.00735215091775554,0.009980802956614299,0.02002640510144771
2010-09-21,FOMC_statement,https://www.federalreserve.gov/newsevents/pressreleases/monetary20100921a.htm,XLE,train,2,-0.002380951368642359,0.0004901798284552283,0.03912135590835597
2010-09-21,FOMC_statement,https://www.federalreserve.gov/newsevents/pressreleases/monetary20100921a.htm,XLF,train,-2,-0.011358061355451143,-0.016461199818150196,-0.04194838464189099
2010-09-21,FOMC_statement,https://www.federalreserve.gov/newsevents/pressreleases/monetary20100921a.htm,XLI,train,0,-0.00021222973094869868,-8.162808999745419e-05,-0.0010780655350351998
2010-09-21,FOMC_statement,https://www.federalreserve.gov/newsevents/pressreleases/monetary20100921a.htm,XLK,train,1,9.276378955735964e-05,0.005661514600119655,0.01783821756616011
2010-09-21,FOMC_statement,https://www.federalreserve.gov/newsevents/pressreleases/monetary20100921a.htm,XLP,train,0,0.006711993717769871,0.0011099819592893523,-0.0051741908249394175
2010-09-21,FOMC_statement,https://www.federalreserve.gov/newsevents/pressreleases/monetary20100921a.htm,XLU,train,0,0.01198737544762618,0.004132301609484745,0.001478541813897949
2010-09-21,FOMC_statement,https://www.federalreserve.gov/newsevents/pressreleases/monetary20100921a.htm,XLV,train,-1,0.006560084483785755,0.002341830234572795,-0.008201336670778603
2010-09-21,FOMC_statement,https://www.federalreserve.gov/newsevents/pressreleases/monetary20100921a.htm,XLY,train,0,-0.0017056127872899784,0.00651062927323065,0.005981393521195866
2010-10-20,Beige_Book,https://www.federalreserve.gov/fomc/beigebook/2010/20101020/default.htm,XLB,train,0,-0.0024955028768065546,0.007027653448805293,-0.00022456467612819164
2010-10-20,Beige_Book,https://www.federalreserve.gov/fomc/beigebook/2010/20101020/default.htm,XLE,train,2,-0.002714716469425782,0.0017842595702440844,0.05070830197639353
2010-10-20,Beige_Book,https://www.federalreserve.gov/fomc/beigebook/2010/20101020/default.htm,XLF,train,0,-0.002205679082800005,-0.011134358739291361,0.00038412327911541144
2010-10-20,Beige_Book,https://www.federalreserve.gov/fomc/beigebook/2010/20101020/default.htm,XLI,train,0,0.00586145608830102,0.004120637889734824,-0.004071503498113915
2010-10-20,Beige_Book,https://www.federalreserve.gov/fomc/beigebook/2010/20101020/default.htm,XLK,train,-1,-0.0013732247657805008,-0.00037757645387914707,-0.008321388196374957
2010-10-20,Beige_Book,https://www.federalreserve.gov/fomc/beigebook/2010/20101020/default.htm,XLP,train,-1,0.0012896242593425367,0.0023826874168844103,-0.01153450300026504
2010-10-20,Beige_Book,https://www.federalreserve.gov/fomc/beigebook/2010/20101020/default.htm,XLU,train,-2,-0.006550626759838529,-0.020112725661076025,-0.048347658110177716
2010-10-20,Beige_Book,https://www.federalreserve.gov/fomc/beigebook/2010/20101020/default.htm,XLV,train,-1,0.00036308149621988584,0.0013075770077131121,-0.023195522775502186
2010-10-20,Beige_Book,https://www.federalreserve.gov/fomc/beigebook/2010/20101020/default.htm,XLY,train,2,0.0035796860166914524,0.010517211653675362,0.02492313127103707
2010-11-03,FOMC_statement,https://www.federalreserve.gov/newsevents/pressreleases/monetary20101103a.htm,XLB,train,2,0.013561876298042952,0.01774359837164685,0.0318884206132144
2010-11-03,FOMC_statement,https://www.federalreserve.gov/newsevents/pressreleases/monetary20101103a.htm,XLE,train,2,0.01252798996220883,0.01868884305768359,0.06796492686751932
2010-11-03,FOMC_statement,https://www.federalreserve.gov/newsevents/pressreleases/monetary20101103a.htm,XLF,train,0,0.01398589651863702,0.027375891901014193,0.006607385307581093
2010-11-03,FOMC_statement,https://www.federalreserve.gov/newsevents/pressreleases/monetary20101103a.htm,XLI,train,1,0.001947195097737886,0.001889648343331496,0.021253331006754195
2010-11-03,FOMC_statement,https://www.federalreserve.gov/newsevents/pressreleases/monetary20101103a.htm,XLK,train,-1,-0.004307615269148357,-0.006195591437184622,-0.02163662308990366
2010-11-03,FOMC_statement,https://www.federalreserve.gov/newsevents/pressreleases/monetary20101103a.htm,XLP,train,-2,-0.007151015274642791,-0.015883548034266615,-0.028294958846250107
2010-11-03,FOMC_statement,https://www.federalreserve.gov/newsevents/pressreleases/monetary20101103a.htm,XLU,train,-2,-0.00853864678249261,-0.0163557547875961,-0.03892622245173005
2010-11-03,FOMC_statement,https://www.federalreserve.gov/newsevents/pressreleases/monetary20101103a.htm,XLV,train,-2,-0.014494192920488036,-0.024931687805606395,-0.037373932159368906
2010-11-03,FOMC_statement,https://www.federalreserve.gov/newsevents/pressreleases/monetary20101103a.htm,XLY,train,1,-0.0036023075910422975,-0.0021792491022196714,0.02086268651839074
2010-12-01,Beige_Book,https://www.federalreserve.gov/fomc/beigebook/2010/20101201/default.htm,XLB,train,2,0.0024055664203717075,0.01083934945074605,0.02532898001825179
2010-12-01,Beige_Book,https://www.federalreserve.gov/fomc/beigebook/2010/20101201/default.htm,XLE,train,1,0.002058680908627153,0.008191698028322869,0.016398623775804033
2010-12-01,Beige_Book,https://www.federalreserve.gov/fomc/beigebook/2010/20101201/default.htm,XLF,train,2,0.012954664983771957,0.013307111670168181,0.03895276377356727
2010-12-01,Beige_Book,https://www.federalreserve.gov/fomc/beigebook/2010/20101201/default.htm,XLI,train,0,0.002737177694720927,0.0025753712090922365,0.0031294417130617314
2010-12-01,Beige_Book,https://www.federalreserve.gov/fomc/beigebook/2010/20101201/default.htm,XLK,train,-1,-0.0009527682385097602,-0.00016308294039169002,-0.010685374456264274
2010-12-01,Beige_Book,https://www.federalreserve.gov/fomc/beigebook/2010/20101201/default.htm,XLP,train,-1,-0.012114030627929928,-0.015830905076358093,-0.016788336337838827
2010-12-01,Beige_Book,https://www.federalreserve.gov/fomc/beigebook/2010/20101201/default.htm,XLU,train,-2,-0.009916275961297183,-0.012185376118653113,-0.024712024357865237
2010-12-01,Beige_Book,https://www.federalreserve.gov/fomc/beigebook/2010/20101201/default.htm,XLV,train,-1,-0.005029511782783436,-0.013097036858380373,-0.01762138186881046
2010-12-01,Beige_Book,https://www.federalreserve.gov/fomc/beigebook/2010/20101201/default.htm,XLY,train,-2,0.00019266178309118587,0.00016216635413146552,-0.024587579975524743
2010-12-14,FOMC_statement,https://www.federalreserve.gov/newsevents/pressreleases/monetary20101214a.htm,XLB,train,1,-0.0007729385071982842,0.009619760397036381,0.007671257445184598
2010-12-14,FOMC_statement,https://www.federalreserve.gov/newsevents/pressreleases/monetary20101214a.htm,XLE,train,2,-0.0008702135936964339,-0.00176997348682284,0.02532801118212691
2010-12-14,FOMC_statement,https://www.federalreserve.gov/newsevents/pressreleases/monetary20101214a.htm,XLF,train,1,-0.0037556485021466024,-0.0037684912300477436,0.022825998033736528
2010-12-14,FOMC_statement,https://www.federalreserve.gov/newsevents/pressreleases/monetary20101214a.htm,XLI,train,0,0.0005232051209469457,0.0017103529515080096,0.004459145150010002
2010-12-14,FOMC_statement,https://www.federalreserve.gov/newsevents/pressreleases/monetary20101214a.htm,XLK,train,0,0.00060050848157156,-0.0026802262147768152,-0.0011513913151598443
2010-12-14,FOMC_statement,https://www.federalreserve.gov/newsevents/pressreleases/monetary20101214a.htm,XLP,train,-1,0.005596244576078879,0.009163574131538788,-0.02413862909163844
2010-12-14,FOMC_statement,https://www.federalreserve.gov/newsevents/pressreleases/monetary20101214a.htm,XLU,train,-1,-0.004040466370503926,0.0032907987766569446,-0.01494890039753849
2010-12-14,FOMC_statement,https://www.federalreserve.gov/newsevents/pressreleases/monetary20101214a.htm,XLV,train,-1,0.001413646191225415,0.003219357946839696,-0.014301081907984958
2010-12-14,FOMC_statement,https://www.federalreserve.gov/newsevents/pressreleases/monetary20101214a.htm,XLY,train,-1,0.001361329640753195,0.0033448115455571026,-0.02003793511088703
2010-12-21,FOMC_statement,https://www.federalreserve.gov/newsevents/pressreleases/monetary20101221a.htm,XLB,train,-2,-0.003636411996471578,0.0015991158804544714,-0.03845297409136561
2010-12-21,FOMC_statement,https://www.federalreserve.gov/newsevents/pressreleases/monetary20101221a.htm,XLE,train,1,0.00032375901479331226,0.0006229073700495524,0.022335410329539118
2010-12-21,FOMC_statement,https://www.federalreserve.gov/newsevents/pressreleases/monetary20101221a.htm,XLF,train,1,0.00827513582991335,0.01062509416331714,0.01768666553229914
2010-12-21,FOMC_statement,https://www.federalreserve.gov/newsevents/pressreleases/monetary20101221a.htm,XLI,train,1,-0.0008121369341094198,-6.230370017301645e-05,0.007365897965690205
2010-12-21,FOMC_statement,https://www.federalreserve.gov/newsevents/pressreleases/monetary20101221a.htm,XLK,train,0,-0.004298563966959823,-0.0016786184038436458,-0.004990359372540998
2010-12-21,FOMC_statement,https://www.federalreserve.gov/newsevents/pressreleases/monetary20101221a.htm,XLP,train,-1,0.0013326568602132216,-0.002055935342643367,-0.015761823250780682
2010-12-21,FOMC_statement,https://www.federalreserve.gov/newsevents/pressreleases/monetary20101221a.htm,XLU,train,0,0.0013768351590879302,0.0036859526296901812,0.00020770141844517198
2010-12-21,FOMC_statement,https://www.federalreserve.gov/newsevents/pressreleases/monetary20101221a.htm,XLV,train,0,-0.0002602484899183466,-0.0017541222734444029,-0.004414113224351479
2010-12-21,FOMC_statement,https://www.federalreserve.gov/newsevents/pressreleases/monetary20101221a.htm,XLY,train,-1,-0.0017852663812230052,-0.007909184570481842,-0.021333021626463444
2011-01-12,Beige_Book,https://www.federalreserve.gov/monetarypolicy/beigebook/beigebook201101.htm,XLB,train,-1,-0.0070740230625548906,-0.008282458339517462,-0.013377808507804567
2011-01-12,Beige_Book,https://www.federalreserve.gov/monetarypolicy/beigebook/beigebook201101.htm,XLE,train,1,-0.0012202511057578525,0.0069360877475969085,0.021879486916486335
2011-01-12,Beige_Book,https://www.federalreserve.gov/monetarypolicy/beigebook/beigebook201101.htm,XLF,train,0,-0.0013956645271613333,-0.0005266043299191336,8.425079878415787e-06
2011-01-12,Beige_Book,https://www.federalreserve.gov/monetarypolicy/beigebook/beigebook201101.htm,XLI,train,1,0.0027528761574504568,0.004960857809633179,0.023220081415126437
2011-01-12,Beige_Book,https://www.federalreserve.gov/monetarypolicy/beigebook/beigebook201101.htm,XLK,train,0,0.0008625882146999775,0.0019296345197954423,0.0011971149972896944
2011-01-12,Beige_Book,https://www.federalreserve.gov/monetarypolicy/beigebook/beigebook201101.htm,XLP,train,-2,0.0036826439812831513,-0.004580986751091309,-0.024331353261667354
2011-01-12,Beige_Book,https://www.federalreserve.gov/monetarypolicy/beigebook/beigebook201101.htm,XLU,train,-1,0.0006841977072600258,-0.0009928538879475646,-0.022864458950806577
2011-01-12,Beige_Book,https://www.federalreserve.gov/monetarypolicy/beigebook/beigebook201101.htm,XLV,train,-2,-0.003628733117108429,-0.007600736808484387,-0.03252833168950353
2011-01-12,Beige_Book,https://www.federalreserve.gov/monetarypolicy/beigebook/beigebook201101.htm,XLY,train,1,4.336561140583228e-05,0.00010096277900983885,0.013229130014123958
2011-01-26,FOMC_statement,https://www.federalreserve.gov/newsevents/pressreleases/monetary20110126a.htm,XLB,train,-1,-0.010730690666662102,0.00025735964252271426,-0.0112994152861281
2011-01-26,FOMC_statement,https://www.federalreserve.gov/newsevents/pressreleases/monetary20110126a.htm,XLE,train,2,-0.008314535242275767,0.025979437963634222,0.06214212869455071
2011-01-26,FOMC_statement,https://www.federalreserve.gov/newsevents/pressreleases/monetary20110126a.htm,XLF,train,0,0.006068694316518686,0.00771279791525481,0.0026533026635283674
2011-01-26,FOMC_statement,https://www.federalreserve.gov/newsevents/pressreleases/monetary20110126a.htm,XLI,train,-1,0.001102160645002126,0.003061080666018623,-0.008374861625223051
2011-01-26,FOMC_statement,https://www.federalreserve.gov/newsevents/pressreleases/monetary20110126a.htm,XLK,train,-1,0.0009474403773608309,-0.005982849922461564,-0.016212438260880147
2011-01-26,FOMC_statement,https://www.federalreserve.gov/newsevents/pressreleases/monetary20110126a.htm,XLP,train,-1,-0.012616818568857546,-0.015690254964914385,-0.021037342379055857
2011-01-26,FOMC_statement,https://www.federalreserve.gov/newsevents/pressreleases/monetary20110126a.htm,XLU,train,-2,0.001286721036384053,4.086320481933026e-05,-0.02697892520802403
2011-01-26,FOMC_statement,https://www.federalreserve.gov/newsevents/pressreleases/monetary20110126a.htm,XLV,train,-1,2.3985609994836565e-05,-0.005833158851065057,-0.014201592574356936
2011-01-26,FOMC_statement,https://www.federalreserve.gov/newsevents/pressreleases/monetary20110126a.htm,XLY,train,1,0.005416591443034635,-0.01507548415231863,0.007913764324491424
2011-03-02,Beige_Book,https://www.federalreserve.gov/monetarypolicy/beigebook/beigebook20110302.htm,XLB,train,2,0.002967669419651653,-0.007981230617756019,0.02455136221287113
2011-03-02,Beige_Book,https://www.federalreserve.gov/monetarypolicy/beigebook/beigebook20110302.htm,XLE,train,1,-6.488751969757622e-05,0.0019156725387310392,0.018358169676543468
2011-03-02,Beige_Book,https://www.federalreserve.gov/monetarypolicy/beigebook/beigebook20110302.htm,XLF,train,-1,0.003520398637319344,-0.0003472594003284257,-0.011885506027250359
2011-03-02,Beige_Book,https://www.federalreserve.gov/monetarypolicy/beigebook/beigebook20110302.htm,XLI,train,1,0.006951422280854436,0.0012629359999125622,0.02443795157793749
2011-03-02,Beige_Book,https://www.federalreserve.gov/monetarypolicy/beigebook/beigebook20110302.htm,XLK,train,-1,-0.0012000088001413722,-0.0066104696737276925,-0.01691130834849719
2011-03-02,Beige_Book,https://www.federalreserve.gov/monetarypolicy/beigebook/beigebook20110302.htm,XLP,train,1,-0.007023571705444098,0.0012396184111191921,0.007547209112989117
2011-03-02,Beige_Book,https://www.federalreserve.gov/monetarypolicy/beigebook/beigebook20110302.htm,XLU,train,0,-0.005917912293867733,0.007273861861706199,-0.004190881964886262
2011-03-02,Beige_Book,https://www.federalreserve.gov/monetarypolicy/beigebook/beigebook20110302.htm,XLV,train,1,0.003385142413419251,0.009675451756814057,0.007864932229587396
2011-03-02,Beige_Book,https://www.federalreserve.gov/monetarypolicy/beigebook/beigebook20110302.htm,XLY,train,0,0.0005545871437129257,-0.0013903331104822003,-0.005235048533990483
2011-03-15,FOMC_statement,https://www.federalreserve.gov/newsevents/pressreleases/monetary20110315a.htm,XLB,train,1,-0.0016083046667562106,0.004252568465424322,0.008750289945602119
2011-03-15,FOMC_statement,https://www.federalreserve.gov/newsevents/pressreleases/monetary20110315a.htm,XLE,train,-1,0.002502604618781379,0.011451261454627049,-0.007422421303948323
2011-03-15,FOMC_statement,https://www.federalreserve.gov/newsevents/pressreleases/monetary20110315a.htm,XLF,train,-1,-5.895602999017591e-06,0.008905117515899508,-0.019035535879379117
2011-03-15,FOMC_statement,https://www.federalreserve.gov/newsevents/pressreleases/monetary20110315a.htm,XLI,train,0,-8.781046282479998e-05,0.0049494927155187,0.004855749470918491
2011-03-15,FOMC_statement,https://www.federalreserve.gov/newsevents/pressreleases/monetary20110315a.htm,XLK,train,0,-0.005992931596719431,-0.010560530392323408,-0.001912794858946798
2011-03-15,FOMC_statement,https://www.federalreserve.gov/newsevents/pressreleases/monetary20110315a.htm,XLP,train,1,0.004159049666598635,0.00026180925426477764,0.02131686145715539
2011-03-15,FOMC_statement,https://www.federalreserve.gov/newsevents/pressreleases/monetary20110315a.htm,XLU,train,-1,0.002947669680898324,-0.007654616846162643,-0.014337004807225995
2011-03-15,FOMC_statement,https://www.federalreserve.gov/newsevents/pressreleases/monetary20110315a.htm,XLV,train,1,0.0011004777873152571,0.0004928466966088729,0.016828183942153685
2011-03-15,FOMC_statement,https://www.federalreserve.gov/newsevents/pressreleases/monetary20110315a.htm,XLY,train,0,0.0015024111064647627,-0.011482147499618622,0.001127469062606079
2011-04-13,Beige_Book,https://www.federalreserve.gov/monetarypolicy/beigebook/beigebook201104.htm,XLB,train,-2,0.00231780279952587,0.0025538455841153107,-0.026975666377413554
2011-04-13,Beige_Book,https://www.federalreserve.gov/monetarypolicy/beigebook/beigebook201104.htm,XLE,train,-2,0.006078382605700039,0.006968361665802725,-0.0478784760126193
2011-04-13,Beige_Book,https://www.federalreserve.gov/monetarypolicy/beigebook/beigebook201104.htm,XLF,train,-2,-0.009974462197702927,-0.015424939769632218,-0.05111510141439268
2011-04-13,Beige_Book,https://www.federalreserve.gov/monetarypolicy/beigebook/beigebook201104.htm,XLI,train,0,-0.0007602855733457314,-0.003961648392479256,-0.0008280324158579377
2011-04-13,Beige_Book,https://www.federalreserve.gov/monetarypolicy/beigebook/beigebook201104.htm,XLK,train,0,-0.0026952035576213174,-0.006009769437663404,0.004376205338635919
2011-04-13,Beige_Book,https://www.federalreserve.gov/monetarypolicy/beigebook/beigebook201104.htm,XLP,train,2,0.005135647957619893,0.011416193797714302,0.030843892233814674
2011-04-13,Beige_Book,https://www.federalreserve.gov/monetarypolicy/beigebook/beigebook201104.htm,XLU,train,2,0.005260277162987492,0.015120359714396847,0.05244396606303381
2011-04-13,Beige_Book,https://www.federalreserve.gov/monetarypolicy/beigebook/beigebook201104.htm,XLV,train,2,0.004622397293768454,0.009902652661066491,0.05660277038102279
2011-04-13,Beige_Book,https://www.federalreserve.gov/monetarypolicy/beigebook/beigebook201104.htm,XLY,train,1,-0.0030591890931676025,0.00044733457698553636,0.0160149993591866
2011-04-27,FOMC_statement,https://www.federalreserve.gov/newsevents/pressreleases/monetary20110427a.htm,XLB,train,-1,-0.003488999605330223,-0.007466833005505102,-0.024027122212102903
2011-04-27,FOMC_statement,https://www.federalreserve.gov/newsevents/pressreleases/monetary20110427a.htm,XLE,train,-1,-0.0033693864295940568,-0.0025966604978377994,-0.01907785062738243
2011-04-27,FOMC_statement,https://www.federalreserve.gov/newsevents/pressreleases/monetary20110427a.htm,XLF,train,-2,0.004741745687455223,-0.0021715760478828727,-0.02444644447701816
2011-04-27,FOMC_statement,https://www.federalreserve.gov/newsevents/pressreleases/monetary20110427a.htm,XLI,train,-1,0.00014068713468717853,0.0019303694771911628,-0.014139951243278825
2011-04-27,FOMC_statement,https://www.federalreserve.gov/newsevents/pressreleases/monetary20110427a.htm,XLK,train,-1,-0.0028699598913255464,-0.008168921897051984,-0.009622302054798304
2011-04-27,FOMC_statement,https://www.federalreserve.gov/newsevents/pressreleases/monetary20110427a.htm,XLP,train,2,0.0031606577945038072,0.0064816731570539465,0.04127570557170701
2011-04-27,FOMC_statement,https://www.federalreserve.gov/newsevents/pressreleases/monetary20110427a.htm,XLU,train,2,0.005598365669239325,0.007203174497116938,0.044544884958337305
2011-04-27,FOMC_statement,https://www.federalreserve.gov/newsevents/pressreleases/monetary20110427a.htm,XLV,train,2,0.0018877332954341242,0.010724205322293012,0.03647145085815373
2011-04-27,FOMC_statement,https://www.federalreserve.gov/newsevents/pressreleases/monetary20110427a.htm,XLY,train,1,0.0007154649349712106,0.002616599547124565,0.011072524881429957
2011-06-08,Beige_Book,https://www.federalreserve.gov/monetarypolicy/beigebook/beigebook201106.htm,XLB,train,2,0.008924636906229688,0.003590001000310261,0.027467703491581008
2011-06-08,Beige_Book,https://www.federalreserve.gov/monetarypolicy/beigebook/beigebook201106.htm,XLE,train,0,0.005923022256260513,-0.016159462519781287,-0.004284388977653375
2011-06-08,Beige_Book,https://www.federalreserve.gov/monetarypolicy/beigebook/beigebook201106.htm,XLF,train,0,0.00388679982472806,0.020430040635448066,-0.00015410374254687387
2011-06-08,Beige_Book,https://www.federalreserve.gov/monetarypolicy/beigebook/beigebook201106.htm,XLI,train,1,-2.742380904163788e-05,-0.0025477871100541005,0.017865793267436314
2011-06-08,Beige_Book,https://www.federalreserve.gov/monetarypolicy/beigebook/beigebook201106.htm,XLK,train,1,-0.0068340799152730725,-0.006833029140762559,0.006945571334014744
2011-06-08,Beige_Book,https://www.federalreserve.gov/monetarypolicy/beigebook/beigebook201106.htm,XLP,train,-1,-0.0021647642824929036,0.003978594115724099,-0.02349632655433531
2011-06-08,Beige_Book,https://www.federalreserve.gov/monetarypolicy/beigebook/beigebook201106.htm,XLU,train,-1,-0.00672595450626523,0.0043211299947740756,-0.02293049798147284
2011-06-08,Beige_Book,https://www.federalreserve.gov/monetarypolicy/beigebook/beigebook201106.htm,XLV,train,-2,0.002912995247746686,0.0025929497999205298,-0.02632489655114001
2011-06-08,Beige_Book,https://www.federalreserve.gov/monetarypolicy/beigebook/beigebook201106.htm,XLY,train,2,0.0007352156460258552,-0.005866736834560293,0.03197258176257489
2011-06-22,FOMC_statement,https://www.federalreserve.gov/newsevents/pressreleases/monetary20110622a.htm,XLB,train,1,0.0020809896675846318,0.0005539425765015427,0.012260867933006625
2011-06-22,FOMC_statement,https://www.federalreserve.gov/newsevents/pressreleases/monetary20110622a.htm,XLE,train,2,-0.008068260676769579,-0.01895782064579632,0.04309957719852586
2011-06-22,FOMC_statement,https://www.federalreserve.gov/newsevents/pressreleases/monetary20110622a.htm,XLF,train,-1,-0.0071240526036093765,-0.0003199897947506747,-0.023032828370792346
2011-06-22,FOMC_statement,https://www.federalreserve.gov/newsevents/pressreleases/monetary20110622a.htm,XLI,train,-2,0.0006609678422059284,-0.00015430789870052308,-0.025103790863832076
2011-06-22,FOMC_statement,https://www.federalreserve.gov/newsevents/pressreleases/monetary20110622a.htm,XLK,train,2,0.0097306862557891,0.00865983528639469,0.030012648156070076
2011-06-22,FOMC_statement,https://www.federalreserve.gov/newsevents/pressreleases/monetary20110622a.htm,XLP,train,-2,-0.006115729973600992,-0.00694072190940509,-0.026365633337967376
2011-06-22,FOMC_statement,https://www.federalreserve.gov/newsevents/pressreleases/monetary20110622a.htm,XLU,train,-1,-0.005614375830273688,0.007462999492373279,-0.020181334856338218
2011-06-22,FOMC_statement,https://www.federalreserve.gov/newsevents/pressreleases/monetary20110622a.htm,XLV,train,-2,0.0017366979985150577,-0.0020544080365080264,-0.032263557962943334
2011-06-22,FOMC_statement,https://www.federalreserve.gov/newsevents/pressreleases/monetary20110622a.htm,XLY,train,1,0.0064894178171668315,0.011626342662892308,0.014280207039286341
2011-07-27,Beige_Book,https://www.federalreserve.gov/monetarypolicy/beigebook/beigebook201107.htm,XLB,train,-2,0.0008322713715991359,-0.0026867844761531146,-0.028130495105230913
2011-07-27,Beige_Book,https://www.federalreserve.gov/monetarypolicy/beigebook/beigebook201107.htm,XLE,train,-2,-0.0012177019992009042,-0.0015404247699444262,-0.06205995256366059
2011-07-27,Beige_Book,https://www.federalreserve.gov/monetarypolicy/beigebook/beigebook201107.htm,XLF,train,-2,0.0035832333021216245,0.008596898022962929,-0.03428543815323504
2011-07-27,Beige_Book,https://www.federalreserve.gov/monetarypolicy/beigebook/beigebook201107.htm,XLI,train,-2,-0.0056257003583473075,-0.0057603579880476374,-0.02965893213270565
2011-07-27,Beige_Book,https://www.federalreserve.gov/monetarypolicy/beigebook/beigebook201107.htm,XLK,train,0,0.0013743095632359204,0.0036157481407004255,0.004899850421677732
2011-07-27,Beige_Book,https://www.federalreserve.gov/monetarypolicy/beigebook/beigebook201107.htm,XLP,train,2,0.002909158837958059,0.003983438287307739,0.07445947923630025
2011-07-27,Beige_Book,https://www.federalreserve.gov/monetarypolicy/beigebook/beigebook201107.htm,XLU,train,2,-0.003318614911508866,0.0006368668806827626,0.09224541124847874
2011-07-27,Beige_Book,https://www.federalreserve.gov/monetarypolicy/beigebook/beigebook201107.htm,XLV,train,2,0.002035023775832312,-0.009124397384288385,0.03861361613063763
2011-07-27,Beige_Book,https://www.federalreserve.gov/monetarypolicy/beigebook/beigebook201107.htm,XLY,train,-1,-0.002085611626316708,-0.0010641410738303492,-0.006810186371019711
2011-08-09,FOMC_statement,https://www.federalreserve.gov/newsevents/pressreleases/monetary20110809a.htm,XLB,train,0,0.009827623918411188,0.014011499793740168,0.003263490712730688
2011-08-09,FOMC_statement,https://www.federalreserve.gov/newsevents/pressreleases/monetary20110809a.htm,XLE,train,1,0.009647946967773158,0.0173093288739955,0.014040430487607503
2011-08-09,FOMC_statement,https://www.federalreserve.gov/newsevents/pressreleases/monetary20110809a.htm,XLF,train,-2,-0.02528792932735424,-0.028114305541982798,-0.044450028716093826
2011-08-09,FOMC_statement,https://www.federalreserve.gov/newsevents/pressreleases/monetary20110809a.htm,XLI,train,-1,-0.006822976670799008,0.00865988508922566,-0.010095481022608488
2011-08-09,FOMC_statement,https://www.federalreserve.gov/newsevents/pressreleases/monetary20110809a.htm,XLK,train,-1,0.0050268926408766346,-0.0013465335664256672,-0.013846140556324826
2011-08-09,FOMC_statement,https://www.federalreserve.gov/newsevents/pressreleases/monetary20110809a.htm,XLP,train,1,0.005846720502621805,-0.004150052108715663,0.023596037456789842
2011-08-09,FOMC_statement,https://www.federalreserve.gov/newsevents/pressreleases/monetary20110809a.htm,XLU,train,2,0.025261591420194685,0.009843424825126013,0.05482399395736015
2011-08-09,FOMC_statement,https://www.federalreserve.gov/newsevents/pressreleases/monetary20110809a.htm,XLV,train,2,0.0019781950736508236,0.005983779701182579,0.03778433079220367
2011-08-09,FOMC_statement,https://www.federalreserve.gov/newsevents/pressreleases/monetary20110809a.htm,XLY,train,1,0.0015289559142208642,0.00651659129390314,0.007994968592129892
2011-09-07,Beige_Book,https://www.federalreserve.gov/monetarypolicy/beigebook/beigebook201109.htm,XLB,train,-2,-0.002842049038690009,-0.0226800243770644,-0.058130112979653537
2011-09-07,Beige_Book,https://www.federalreserve.gov/monetarypolicy/beigebook/beigebook201109.htm,XLE,train,-2,-0.0012428669862994957,-0.00980605349499819,-0.06178932912353108
2011-09-07,Beige_Book,https://www.federalreserve.gov/monetarypolicy/beigebook/beigebook201109.htm,XLF,train,-1,-0.011297028106599605,-0.01178143624281447,-0.015542505860443812
2011-09-07,Beige_Book,https://www.federalreserve.gov/monetarypolicy/beigebook/beigebook201109.htm,XLI,train,0,-0.004538081977269681,-0.009576632441138266,-0.000292725186309295
2011-09-07,Beige_Book,https://www.federalreserve.gov/monetarypolicy/beigebook/beigebook201109.htm,XLK,train,2,0.005416316587436687,0.015826025001817734,0.04094011683509269
2011-09-07,Beige_Book,https://www.federalreserve.gov/monetarypolicy/beigebook/beigebook201109.htm,XLP,train,0,0.007791192565781313,0.006366032918940445,0.0036155160053512603
2011-09-07,Beige_Book,https://www.federalreserve.gov/monetarypolicy/beigebook/beigebook201109.htm,XLU,train,2,0.009794807508243908,0.0174550683253627,0.02790799615830264
2011-09-07,Beige_Book,https://www.federalreserve.gov/monetarypolicy/beigebook/beigebook201109.htm,XLV,train,-1,-0.00041570221672970753,-0.006977723586929829,-0.01103540627452615
2011-09-07,Beige_Book,https://www.federalreserve.gov/monetarypolicy/beigebook/beigebook201109.htm,XLY,train,1,-0.0031654554948312708,0.0020429551249531164,0.017359334183284836
2011-09-21,FOMC_statement,https://www.federalreserve.gov/newsevents/pressreleases/monetary20110921a.htm,XLB,train,-1,-0.02376793564392654,-0.023147468491621415,-0.023805013088227023
2011-09-21,FOMC_statement,https://www.federalreserve.gov/newsevents/pressreleases/monetary20110921a.htm,XLE,train,2,-0.024123346320923722,-0.028257429622654984,0.030137070857994885
2011-09-21,FOMC_statement,https://www.federalreserve.gov/newsevents/pressreleases/monetary20110921a.htm,XLF,train,2,0.003753251425177573,0.028849468751885987,0.036719887345694646
2011-09-21,FOMC_statement,https://www.federalreserve.gov/newsevents/pressreleases/monetary20110921a.htm,XLI,train,1,-0.005167060696285253,0.0006161691324297891,0.02084107603232721
2011-09-21,FOMC_statement,https://www.federalreserve.gov/newsevents/pressreleases/monetary20110921a.htm,XLK,train,-1,0.001291102732776106,-0.004636079818915895,-0.013890517874478148
2011-09-21,FOMC_statement,https://www.federalreserve.gov/newsevents/pressreleases/monetary20110921a.htm,XLP,train,-1,0.013330537153802946,0.0048857402648198045,-0.013211361283786194
2011-09-21,FOMC_statement,https://www.federalreserve.gov/newsevents/pressreleases/monetary20110921a.htm,XLU,train,-2,0.015385482598894828,0.003637441957660581,-0.025466666737827715
2011-09-21,FOMC_statement,https://www.federalreserve.gov/newsevents/pressreleases/monetary20110921a.htm,XLV,train,-2,0.01208768490157508,-0.0008818245632159494,-0.0333611376708699
2011-09-21,FOMC_statement,https://www.federalreserve.gov/newsevents/pressreleases/monetary20110921a.htm,XLY,train,1,0.0022884494602077865,0.011049244640994216,0.011111107850013902
2011-10-19,Beige_Book,https://www.federalreserve.gov/monetarypolicy/beigebook/beigebook201110.htm,XLB,train,1,0.004937684735378811,0.0241161411042512,0.02200640094037254
2011-10-19,Beige_Book,https://www.federalreserve.gov/monetarypolicy/beigebook/beigebook201110.htm,XLE,train,1,0.0034096576621158725,0.0037128329973727947,0.020741512467707945
2011-10-19,Beige_Book,https://www.federalreserve.gov/monetarypolicy/beigebook/beigebook201110.htm,XLF,train,-1,0.010691551603669192,0.027311661471038695,-0.015107876276035381
2011-10-19,Beige_Book,https://www.federalreserve.gov/monetarypolicy/beigebook/beigebook201110.htm,XLI,train,2,0.00411976321410501,0.010887860507343694,0.025648105789273234
2011-10-19,Beige_Book,https://www.federalreserve.gov/monetarypolicy/beigebook/beigebook201110.htm,XLK,train,0,-0.008720993195009408,-0.011607787077063447,-0.004540901170255851
2011-10-19,Beige_Book,https://www.federalreserve.gov/monetarypolicy/beigebook/beigebook201110.htm,XLP,train,0,0.0011433959214650624,-0.020951003695731885,-0.004639505883276551
2011-10-19,Beige_Book,https://www.federalreserve.gov/monetarypolicy/beigebook/beigebook201110.htm,XLU,train,0,0.0011945414463045978,-0.01744481622910321,-0.0014481239473226326
2011-10-19,Beige_Book,https://www.federalreserve.gov/monetarypolicy/beigebook/beigebook201110.htm,XLV,train,0,-0.005299692645218568,-0.0014223041495843303,0.004131467194700811
2011-10-19,Beige_Book,https://www.federalreserve.gov/monetarypolicy/beigebook/beigebook201110.htm,XLY,train,-1,0.0006148503091634172,0.011822564640936672,-0.012884185129859782
2011-11-02,FOMC_statement,https://www.federalreserve.gov/newsevents/pressreleases/monetary20111102a.htm,XLB,train,-1,0.0021455256306226467,0.008322961406040719,-0.015186707865715077
2011-11-02,FOMC_statement,https://www.federalreserve.gov/newsevents/pressreleases/monetary20111102a.htm,XLE,train,1,0.008107049591648874,0.012621291707804683,0.008410928886753988
2011-11-02,FOMC_statement,https://www.federalreserve.gov/newsevents/pressreleases/monetary20111102a.htm,XLF,train,-2,-0.0008555946276074256,-0.009069156168814652,-0.029352063162003006
2011-11-02,FOMC_statement,https://www.federalreserve.gov/newsevents/pressreleases/monetary20111102a.htm,XLI,train,1,0.006280998248157754,0.000866161367822138,0.01380038253090965
2011-11-02,FOMC_statement,https://www.federalreserve.gov/newsevents/pressreleases/monetary20111102a.htm,XLK,train,0,0.005601277122937898,0.00552157409681131,-0.001354500510525103
2011-11-02,FOMC_statement,https://www.federalreserve.gov/newsevents/pressreleases/monetary20111102a.htm,XLP,train,1,-0.005885776329443981,-0.003387987510351187,0.02152079713520283
2011-11-02,FOMC_statement,https://www.federalreserve.gov/newsevents/pressreleases/monetary20111102a.htm,XLU,train,-1,-0.006130745007425276,-0.00536966018351559,-0.007760093980852756
2011-11-02,FOMC_statement,https://www.federalreserve.gov/newsevents/pressreleases/monetary20111102a.htm,XLV,train,0,-0.007364033419253735,-0.004984856160346274,0.003488341368282355
2011-11-02,FOMC_statement,https://www.federalreserve.gov/newsevents/pressreleases/monetary20111102a.htm,XLY,train,0,-0.005263968461178159,-0.0027970780843612486,0.005536172949967888
2011-11-30,Beige_Book,https://www.federalreserve.gov/monetarypolicy/beigebook/beigebook201111.htm,XLB,train,-2,-0.006213270146001704,-0.013207055817220592,-0.03217841591878945
2011-11-30,Beige_Book,https://www.federalreserve.gov/monetarypolicy/beigebook/beigebook201111.htm,XLE,train,-2,-0.005342978608210536,-0.0038516971162522173,-0.02949529142209273
2011-11-30,Beige_Book,https://www.federalreserve.gov/monetarypolicy/beigebook/beigebook201111.htm,XLF,train,1,-0.005304363969122372,0.018167008812625784,0.012575606972508035
2011-11-30,Beige_Book,https://www.federalreserve.gov/monetarypolicy/beigebook/beigebook201111.htm,XLI,train,-1,-0.003085646264145314,-0.004490525658977784,-0.007325257533957519
2011-11-30,Beige_Book,https://www.federalreserve.gov/monetarypolicy/beigebook/beigebook201111.htm,XLK,train,-1,0.005624774683381406,0.006102672017805677,-0.012740381110740273
2011-11-30,Beige_Book,https://www.federalreserve.gov/monetarypolicy/beigebook/beigebook201111.htm,XLP,train,1,-0.0014074725881151329,-0.008887044060213234,0.01612221891028176
2011-11-30,Beige_Book,https://www.federalreserve.gov/monetarypolicy/beigebook/beigebook201111.htm,XLU,train,1,-0.002679908206940973,-0.015175963392708991,0.021867693983309677
2011-11-30,Beige_Book,https://www.federalreserve.gov/monetarypolicy/beigebook/beigebook201111.htm,XLV,train,1,0.0016357871168967142,-0.01896447811080415,0.018327081353468277
2011-11-30,Beige_Book,https://www.federalreserve.gov/monetarypolicy/beigebook/beigebook201111.htm,XLY,train,0,0.0009345941453245965,0.007874608572058794,0.002546454891192984
2011-12-13,FOMC_statement,https://www.federalreserve.gov/newsevents/pressreleases/monetary20111213a.htm,XLB,train,2,-0.0015754186958538696,0.006474135110197121,0.053905401672505904
2011-12-13,FOMC_statement,https://www.federalreserve.gov/newsevents/pressreleases/monetary20111213a.htm,XLE,train,-2,-0.01748036773388839,-0.016168670763019533,-0.024353247524339983
2011-12-13,FOMC_statement,https://www.federalreserve.gov/newsevents/pressreleases/monetary20111213a.htm,XLF,train,2,0.006680767997554571,0.006383810110207944,0.04692724253328717
2011-12-13,FOMC_statement,https://www.federalreserve.gov/newsevents/pressreleases/monetary20111213a.htm,XLI,train,2,-0.0012051607505688677,0.0050127517129160415,0.030358197818933896
2011-12-13,FOMC_statement,https://www.federalreserve.gov/newsevents/pressreleases/monetary20111213a.htm,XLK,train,-2,-0.004666300797986689,-0.009385064606944438,-0.024211760741483235
2011-12-13,FOMC_statement,https://www.federalreserve.gov/newsevents/pressreleases/monetary20111213a.htm,XLP,train,-2,0.005589637239105216,0.009544882577032898,-0.028489101510123738
2011-12-13,FOMC_statement,https://www.federalreserve.gov/newsevents/pressreleases/monetary20111213a.htm,XLU,train,-2,0.004328829850482441,0.008423434127553309,-0.03965648074969652
2011-12-13,FOMC_statement,https://www.federalreserve.gov/newsevents/pressreleases/monetary20111213a.htm,XLV,train,1,0.010045480523492079,0.012705589203518275,0.013081412705831297
2011-12-13,FOMC_statement,https://www.federalreserve.gov/newsevents/pressreleases/monetary20111213a.htm,XLY,train,0,0.0002445967223796419,-0.0032752056760063653,0.0020340201913440215
2012-01-11,Beige_Book,https://www.federalreserve.gov/monetarypolicy/beigebook/beigebook201201.htm,XLB,train,0,0.011551836850927755,0.011779825211108541,-0.005634915516760097
2012-01-11,Beige_Book,https://www.federalreserve.gov/monetarypolicy/beigebook/beigebook201201.htm,XLE,train,0,-0.011767980104222087,-0.008433652798887747,-0.002601043712015083
2012-01-11,Beige_Book,https://www.federalreserve.gov/monetarypolicy/beigebook/beigebook201201.htm,XLF,train,1,0.0012057351310830189,-0.012645390612598173,0.010676227215526302
2012-01-11,Beige_Book,https://www.federalreserve.gov/monetarypolicy/beigebook/beigebook201201.htm,XLI,train,0,0.006343209726772825,0.004880017843923334,0.002729029251477444
2012-01-11,Beige_Book,https://www.federalreserve.gov/monetarypolicy/beigebook/beigebook201201.htm,XLK,train,2,0.0025814667487749077,0.0027569933219689924,0.03230717219352175
2012-01-11,Beige_Book,https://www.federalreserve.gov/monetarypolicy/beigebook/beigebook201201.htm,XLP,train,-2,-0.0027100850145647115,0.0013836088086717213,-0.026023231624529686
2012-01-11,Beige_Book,https://www.federalreserve.gov/monetarypolicy/beigebook/beigebook201201.htm,XLU,train,-2,-0.0038294959226466974,-0.003969445721592191,-0.04370480086028283
2012-01-11,Beige_Book,https://www.federalreserve.gov/monetarypolicy/beigebook/beigebook201201.htm,XLV,train,-2,0.0007009881719022282,0.003707088837028638,-0.0300251629130891
2012-01-11,Beige_Book,https://www.federalreserve.gov/monetarypolicy/beigebook/beigebook201201.htm,XLY,train,1,0.0005776172455576045,0.003357855732774584,0.009418352884648873
2012-01-25,FOMC_statement,https://www.federalreserve.gov/newsevents/pressreleases/monetary20120125a.htm,XLB,train,-1,0.004860174672548956,0.008999809857829555,-0.021179316545242965
2012-01-25,FOMC_statement,https://www.federalreserve.gov/newsevents/pressreleases/monetary20120125a.htm,XLE,train,1,-0.008503421080438112,-0.011485216051377312,0.016396148157719947
2012-01-25,FOMC_statement,https://www.federalreserve.gov/newsevents/pressreleases/monetary20120125a.htm,XLF,train,0,-0.0033215882666753904,-0.005101561366296026,0.0008748577128780965
2012-01-25,FOMC_statement,https://www.federalreserve.gov/newsevents/pressreleases/monetary20120125a.htm,XLI,train,-1,0.0032144815817188865,0.0026955354524590414,-0.007399154329636115
2012-01-25,FOMC_statement,https://www.federalreserve.gov/newsevents/pressreleases/monetary20120125a.htm,XLK,train,2,-0.0015179284011056504,0.005324952058145205,0.029965633304757433
2012-01-25,FOMC_statement,https://www.federalreserve.gov/newsevents/pressreleases/monetary20120125a.htm,XLP,train,-1,0.0014439753783939135,-0.00798729927559605,-0.01732906807644441
2012-01-25,FOMC_statement,https://www.federalreserve.gov/newsevents/pressreleases/monetary20120125a.htm,XLU,train,-2,0.008554442740443147,-0.006141307344480484,-0.031364013347471964
2012-01-25,FOMC_statement,https://www.federalreserve.gov/newsevents/pressreleases/monetary20120125a.htm,XLV,train,-2,0.0006804339304078422,0.003712040128524774,-0.026146224000293206
2012-01-25,FOMC_statement,https://www.federalreserve.gov/newsevents/pressreleases/monetary20120125a.htm,XLY,train,0,0.003445099582947919,0.0036957585398071924,-0.0013426281440169774
2012-02-29,Beige_Book,https://www.federalreserve.gov/monetarypolicy/beigebook/beigebook201202.htm,XLB,train,-2,0.005908261579721019,-0.00546173518574522,-0.026666396100131884
2012-02-29,Beige_Book,https://www.federalreserve.gov/monetarypolicy/beigebook/beigebook201202.htm,XLE,train,-2,0.004434022198827714,-0.00623622835039972,-0.07381094833371604
2012-02-29,Beige_Book,https://www.federalreserve.gov/monetarypolicy/beigebook/beigebook201202.htm,XLF,train,2,0.005658352702620384,0.005399888241152451,0.03927110208470841
2012-02-29,Beige_Book,https://www.federalreserve.gov/monetarypolicy/beigebook/beigebook201202.htm,XLI,train,-1,-0.0016902020096809522,-0.007451471496336959,-0.021855645618496844
2012-02-29,Beige_Book,https://www.federalreserve.gov/monetarypolicy/beigebook/beigebook201202.htm,XLK,train,1,0.0006906193395803673,-0.0021522529646497146,0.019589490827730316
2012-02-29,Beige_Book,https://www.federalreserve.gov/monetarypolicy/beigebook/beigebook201202.htm,XLP,train,0,-0.006686527877182269,0.005862228617555365,-0.003284036173490268
2012-02-29,Beige_Book,https://www.federalreserve.gov/monetarypolicy/beigebook/beigebook201202.htm,XLU,train,-1,-0.0026028707447012245,0.006242001098154315,-0.019419622282573212
2012-02-29,Beige_Book,https://www.federalreserve.gov/monetarypolicy/beigebook/beigebook201202.htm,XLV,train,1,6.970452838239716e-05,0.0033447611010550826,0.008705980174370187
2012-02-29,Beige_Book,https://www.federalreserve.gov/monetarypolicy/beigebook/beigebook201202.htm,XLY,train,1,0.0031536161856533518,0.008673391151970411,0.01420508697016809
2012-03-13,FOMC_statement,https://www.federalreserve.gov/newsevents/pressreleases/monetary20120313a.htm,XLB,train,0,-0.0027090053154540383,-0.0006486015114476329,-0.0036668549708973597
2012-03-13,FOMC_statement,https://www.federalreserve.gov/newsevents/pressreleases/monetary20120313a.htm,XLE,train,-2,-0.008571085152450864,-0.0003665264327880058,-0.05862423853279841
2012-03-13,FOMC_statement,https://www.federalreserve.gov/newsevents/pressreleases/monetary20120313a.htm,XLF,train,1,0.002367851363551887,0.016512258474013164,0.013241363827009023
2012-03-13,FOMC_statement,https://www.federalreserve.gov/newsevents/pressreleases/monetary20120313a.htm,XLI,train,-1,-0.0013106937205235036,0.003902686604558503,-0.016401318217522443
2012-03-13,FOMC_statement,https://www.federalreserve.gov/newsevents/pressreleases/monetary20120313a.htm,XLK,train,1,0.004762226912941703,-0.0002051661205252353,0.017205668559443277
2012-03-13,FOMC_statement,https://www.federalreserve.gov/newsevents/pressreleases/monetary20120313a.htm,XLP,train,0,-0.00188395934667418,-0.007934179194154845,0.0033966045589768346
2012-03-13,FOMC_statement,https://www.federalreserve.gov/newsevents/pressreleases/monetary20120313a.htm,XLU,train,-1,-0.013778849666735482,-0.02261073423843951,-0.021631561515003783
2012-03-13,FOMC_statement,https://www.federalreserve.gov/newsevents/pressreleases/monetary20120313a.htm,XLV,train,1,0.0008009552603208681,-0.0048590668574406415,0.008489042777825362
2012-03-13,FOMC_statement,https://www.federalreserve.gov/newsevents/pressreleases/monetary20120313a.htm,XLY,train,1,-0.0002762835927567764,-0.0072919487208429334,0.010926080014115547
2012-04-11,Beige_Book,https://www.federalreserve.gov/monetarypolicy/beigebook/beigebook201204.htm,XLB,train,0,0.014189299737729755,0.018017286438349878,-0.005904098112571865
2012-04-11,Beige_Book,https://www.federalreserve.gov/monetarypolicy/beigebook/beigebook201204.htm,XLE,train,0,0.008762842621836242,-0.00044181194419423697,0.0016655288254198153
2012-04-11,Beige_Book,https://www.federalreserve.gov/monetarypolicy/beigebook/beigebook201204.htm,XLF,train,-1,0.0053430751678669175,0.0019169371995233497,-0.007601375683623179
2012-04-11,Beige_Book,https://www.federalreserve.gov/monetarypolicy/beigebook/beigebook201204.htm,XLI,train,0,0.008305450016483196,0.010830894382332645,-0.000573417294219114
2012-04-11,Beige_Book,https://www.federalreserve.gov/monetarypolicy/beigebook/beigebook201204.htm,XLK,train,-2,-0.0006122705302813447,-0.014161359904122595,-0.02775953447502022
2012-04-11,Beige_Book,https://www.federalreserve.gov/monetarypolicy/beigebook/beigebook201204.htm,XLP,train,1,-0.012471090357444758,0.004236959453067679,0.021935464630114754
2012-04-11,Beige_Book,https://www.federalreserve.gov/monetarypolicy/beigebook/beigebook201204.htm,XLU,train,2,-0.009862413217764265,0.00852036200573103,0.05148134742302368
2012-04-11,Beige_Book,https://www.federalreserve.gov/monetarypolicy/beigebook/beigebook201204.htm,XLV,train,1,-0.007623541016637425,-0.004819105240899013,0.015071300443403657
2012-04-11,Beige_Book,https://www.federalreserve.gov/monetarypolicy/beigebook/beigebook201204.htm,XLY,train,1,-0.0003711421315788499,0.005896886464629714,0.012377888710803031
2012-04-25,FOMC_statement,https://www.federalreserve.gov/newsevents/pressreleases/monetary20120425a.htm,XLB,train,-2,-0.008055823886266245,-0.008135620512526032,-0.025261510945718713
2012-04-25,FOMC_statement,https://www.federalreserve.gov/newsevents/pressreleases/monetary20120425a.htm,XLE,train,-1,0.003588780493515964,0.011443126603387532,-0.018868681375272423
2012-04-25,FOMC_statement,https://www.federalreserve.gov/newsevents/pressreleases/monetary20120425a.htm,XLF,train,-2,0.0014836724039291038,-0.0016078678666898716,-0.039464502897787135
2012-04-25,FOMC_statement,https://www.federalreserve.gov/newsevents/pressreleases/monetary20120425a.htm,XLI,train,0,-0.0010088872556479611,-0.002119276122843239,0.000716569211139384
2012-04-25,FOMC_statement,https://www.federalreserve.gov/newsevents/pressreleases/monetary20120425a.htm,XLK,train,-1,0.0007466531965860668,-0.004516495890695582,-0.01584459749913969
2012-04-25,FOMC_statement,https://www.federalreserve.gov/newsevents/pressreleases/monetary20120425a.htm,XLP,train,2,0.00214645663165558,0.00012629456946244844,0.04598903955634348
2012-04-25,FOMC_statement,https://www.federalreserve.gov/newsevents/pressreleases/monetary20120425a.htm,XLU,train,2,-0.0013012659415445604,0.0055469041863743795,0.05902373417361173
2012-04-25,FOMC_statement,https://www.federalreserve.gov/newsevents/pressreleases/monetary20120425a.htm,XLV,train,1,-0.0072355023266422736,-0.005172284855513243,0.021475846974150947
2012-04-25,FOMC_statement,https://www.federalreserve.gov/newsevents/pressreleases/monetary20120425a.htm,XLY,train,1,0.005544903882688912,0.014299299847983948,0.017801568438624904
2012-06-06,Beige_Book,https://www.federalreserve.gov/monetarypolicy/beigebook/beigebook201206.htm,XLB,train,0,0.0011439918558238116,-0.0059223528096213895,-0.00040716123939554816
2012-06-06,Beige_Book,https://www.federalreserve.gov/monetarypolicy/beigebook/beigebook201206.htm,XLE,train,0,1.4628642059255625e-05,-0.008727456833395597,0.0033081644787117392
2012-06-06,Beige_Book,https://www.federalreserve.gov/monetarypolicy/beigebook/beigebook201206.htm,XLF,train,1,-0.0013213936220981548,-0.0027939124267329918,0.008335460072182665
2012-06-06,Beige_Book,https://www.federalreserve.gov/monetarypolicy/beigebook/beigebook201206.htm,XLI,train,0,0.004925165945863119,0.004267774525544388,-0.001581989042316434
2012-06-06,Beige_Book,https://www.federalreserve.gov/monetarypolicy/beigebook/beigebook201206.htm,XLK,train,-1,-0.005577990683997669,-0.0038876180221041334,-0.008665423895523938
2012-06-06,Beige_Book,https://www.federalreserve.gov/monetarypolicy/beigebook/beigebook201206.htm,XLP,train,1,0.002957182420238569,0.011589631740861694,0.011965646233248473
2012-06-06,Beige_Book,https://www.federalreserve.gov/monetarypolicy/beigebook/beigebook201206.htm,XLU,train,-1,0.007073891445431135,0.013182386420203418,-0.013036062048248809
2012-06-06,Beige_Book,https://www.federalreserve.gov/monetarypolicy/beigebook/beigebook201206.htm,XLV,train,1,-5.614535439191215e-05,0.001993521558417033,0.008089821223640103
2012-06-06,Beige_Book,https://www.federalreserve.gov/monetarypolicy/beigebook/beigebook201206.htm,XLY,train,-1,-0.0006059555824704521,-0.0022327995626055808,-0.010896688236198382
2012-06-20,FOMC_statement,https://www.federalreserve.gov/newsevents/pressreleases/monetary20120620a.htm,XLB,train,0,-0.010259894448746865,-0.009208859484480914,0.00047134136169246776
2012-06-20,FOMC_statement,https://www.federalreserve.gov/newsevents/pressreleases/monetary20120620a.htm,XLE,train,2,-0.018499333024570075,-0.025884678241626324,0.040206155976110325
2012-06-20,FOMC_statement,https://www.federalreserve.gov/newsevents/pressreleases/monetary20120620a.htm,XLF,train,-1,0.00041489743895350983,-0.0030234567771944,-0.017038279688578517
2012-06-20,FOMC_statement,https://www.federalreserve.gov/newsevents/pressreleases/monetary20120620a.htm,XLI,train,-1,0.0029024489286928468,-0.0037159897635686834,-0.011123563983267637
2012-06-20,FOMC_statement,https://www.federalreserve.gov/newsevents/pressreleases/monetary20120620a.htm,XLK,train,-1,-0.0011317208349225227,-0.002159250166854809,-0.009932109936298894
2012-06-20,FOMC_statement,https://www.federalreserve.gov/newsevents/pressreleases/monetary20120620a.htm,XLP,train,1,0.010746037801067088,0.015844110563613678,0.015980500695070177
2012-06-20,FOMC_statement,https://www.federalreserve.gov/newsevents/pressreleases/monetary20120620a.htm,XLU,train,1,0.012064166963836942,0.018743064650304953,0.019824407501557784
2012-06-20,FOMC_statement,https://www.federalreserve.gov/newsevents/pressreleases/monetary20120620a.htm,XLV,train,1,0.008590164525062893,0.015162209231273871,0.010825752794065169
2012-06-20,FOMC_statement,https://www.federalreserve.gov/newsevents/pressreleases/monetary20120620a.htm,XLY,train,-1,0.0006598703053718458,-0.0020703073968989516,-0.014873778456717779
2012-07-18,Beige_Book,https://www.federalreserve.gov/monetarypolicy/beigebook/beigebook201207.htm,XLB,train,0,0.008155885286866393,0.005433265458638092,-0.003964362528833365
2012-07-18,Beige_Book,https://www.federalreserve.gov/monetarypolicy/beigebook/beigebook201207.htm,XLE,train,2,0.0004485597397239083,0.012445840223030524,0.026911046772182146
2012-07-18,Beige_Book,https://www.federalreserve.gov/monetarypolicy/beigebook/beigebook201207.htm,XLF,train,-1,-0.00874740494692372,-0.012900646021563378,-0.006762569779312111
2012-07-18,Beige_Book,https://www.federalreserve.gov/monetarypolicy/beigebook/beigebook201207.htm,XLI,train,1,0.0021771120545392986,0.003958585637918177,0.010473705110949694
2012-07-18,Beige_Book,https://www.federalreserve.gov/monetarypolicy/beigebook/beigebook201207.htm,XLK,train,2,0.006047378056237118,0.0042274327337171735,0.025719118701829302
2012-07-18,Beige_Book,https://www.federalreserve.gov/monetarypolicy/beigebook/beigebook201207.htm,XLP,train,-1,-0.004037108764341046,0.00042262768143253027,-0.017540229490652814
2012-07-18,Beige_Book,https://www.federalreserve.gov/monetarypolicy/beigebook/beigebook201207.htm,XLU,train,-2,-0.0007548591288377704,0.013996792408297987,-0.04215237244272385
2012-07-18,Beige_Book,https://www.federalreserve.gov/monetarypolicy/beigebook/beigebook201207.htm,XLV,train,-2,-0.0026210839605762537,-0.008028246210048606,-0.03487466357524138
2012-07-18,Beige_Book,https://www.federalreserve.gov/monetarypolicy/beigebook/beigebook201207.htm,XLY,train,0,0.003970291664883607,-0.003590263366361701,-0.004615246808225115
2012-08-01,FOMC_statement,https://www.federalreserve.gov/newsevents/pressreleases/monetary20120801a.htm,XLB,train,-1,-0.004860294149694355,0.0022248920394712934,-0.007326359420338879
2012-08-01,FOMC_statement,https://www.federalreserve.gov/newsevents/pressreleases/monetary20120801a.htm,XLE,train,-1,-0.009812277780771872,-0.005346284102309085,-0.008637420830035158
2012-08-01,FOMC_statement,https://www.federalreserve.gov/newsevents/pressreleases/monetary20120801a.htm,XLF,train,1,-0.0006351311929964076,0.00512342879696237,0.010277410628796058
2012-08-01,FOMC_statement,https://www.federalreserve.gov/newsevents/pressreleases/monetary20120801a.htm,XLI,train,0,0.0018440477419190415,0.0018307012904474895,-0.004820064111679456
2012-08-01,FOMC_statement,https://www.federalreserve.gov/newsevents/pressreleases/monetary20120801a.htm,XLK,train,1,0.0003888596646323128,0.005402026262995574,0.01601767787100028
2012-08-01,FOMC_statement,https://www.federalreserve.gov/newsevents/pressreleases/monetary20120801a.htm,XLP,train,-1,-0.0012764759564428685,-0.006826571186796082,-0.02086867730336106
2012-08-01,FOMC_statement,https://www.federalreserve.gov/newsevents/pressreleases/monetary20120801a.htm,XLU,train,-2,0.0013236592336071107,-0.011065930149414815,-0.05443598580334108
2012-08-01,FOMC_statement,https://www.federalreserve.gov/newsevents/pressreleases/monetary20120801a.htm,XLV,train,-1,-0.002727586885776123,-0.012409452894473372,-0.012947056053677852
2012-08-01,FOMC_statement,https://www.federalreserve.gov/newsevents/pressreleases/monetary20120801a.htm,XLY,train,1,0.009440975231302717,0.011063333788884133,0.024297713597835058
2012-08-29,Beige_Book,https://www.federalreserve.gov/monetarypolicy/beigebook/beigebook201208.htm,XLB,train,1,-0.0017728068568532152,-0.008895614834776189,0.01589284890511866
2012-08-29,Beige_Book,https://www.federalreserve.gov/monetarypolicy/beigebook/beigebook201208.htm,XLE,train,1,-0.003408999982221994,-0.004921388751163769,0.008031741437081519
2012-08-29,Beige_Book,https://www.federalreserve.gov/monetarypolicy/beigebook/beigebook201208.htm,XLF,train,1,0.0019203182202603974,0.005380915951077259,0.012076326439315221
2012-08-29,Beige_Book,https://www.federalreserve.gov/monetarypolicy/beigebook/beigebook201208.htm,XLI,train,-1,-0.0012967780192779665,-0.009508832251605592,-0.013709880859789969
2012-08-29,Beige_Book,https://www.federalreserve.gov/monetarypolicy/beigebook/beigebook201208.htm,XLK,train,-1,-0.003907165925273404,0.00017851365723364765,-0.010378451422593415
2012-08-29,Beige_Book,https://www.federalreserve.gov/monetarypolicy/beigebook/beigebook201208.htm,XLP,train,-1,0.0032747696420405425,0.005630024113509657,-0.008909208023098802
2012-08-29,Beige_Book,https://www.federalreserve.gov/monetarypolicy/beigebook/beigebook201208.htm,XLU,train,-1,0.002285754985435373,0.0011897032375173255,-0.017160200693371208
2012-08-29,Beige_Book,https://www.federalreserve.gov/monetarypolicy/beigebook/beigebook201208.htm,XLV,train,1,0.0038620704158873753,0.005172418115145128,0.01431724790759592
2012-08-29,Beige_Book,https://www.federalreserve.gov/monetarypolicy/beigebook/beigebook201208.htm,XLY,train,0,0.0017271556532083565,-0.00034777813374653466,0.006556128109665771
2012-09-13,FOMC_statement,https://www.federalreserve.gov/newsevents/pressreleases/monetary20120913a.htm,XLB,train,-1,0.007973045356971742,-0.005846583440167419,-0.014766139261062516
2012-09-13,FOMC_statement,https://www.federalreserve.gov/newsevents/pressreleases/monetary20120913a.htm,XLE,train,-1,0.008797717286593176,-0.0016692831863461821,-0.015422708043112077
2012-09-13,FOMC_statement,https://www.federalreserve.gov/newsevents/pressreleases/monetary20120913a.htm,XLF,train,0,0.0036144301215703667,-0.006344922904594541,0.003433271709057939
2012-09-13,FOMC_statement,https://www.federalreserve.gov/newsevents/pressreleases/monetary20120913a.htm,XLI,train,0,0.0016933773181364575,0.0014061014224696633,-0.0023739190650882147
2012-09-13,FOMC_statement,https://www.federalreserve.gov/newsevents/pressreleases/monetary20120913a.htm,XLK,train,-2,0.000337475269094778,0.0061340111316824375,-0.02467980742499376
2012-09-13,FOMC_statement,https://www.federalreserve.gov/newsevents/pressreleases/monetary20120913a.htm,XLP,train,1,-0.011924907228457848,0.0006579986454657849,0.02167130368922421
2012-09-13,FOMC_statement,https://www.federalreserve.gov/newsevents/pressreleases/monetary20120913a.htm,XLU,train,1,-0.011229888618189854,-0.016340150016756483,0.022789484684714534
2012-09-13,FOMC_statement,https://www.federalreserve.gov/newsevents/pressreleases/monetary20120913a.htm,XLV,train,2,-0.008451817210983315,0.004817536659832977,0.0371880855388147
2012-09-13,FOMC_statement,https://www.federalreserve.gov/newsevents/pressreleases/monetary20120913a.htm,XLY,train,0,-0.00043663033146579266,-0.0048345415053892005,-0.0031503076048647882
2012-10-10,Beige_Book,https://www.federalreserve.gov/monetarypolicy/beigebook/beigebook201210.htm,XLB,train,1,0.0035650529223365535,0.002658654686821249,0.013702762303880567
2012-10-10,Beige_Book,https://www.federalreserve.gov/monetarypolicy/beigebook/beigebook201210.htm,XLE,train,0,0.006898270790899552,0.0014655668687426626,-0.002080887881858229
2012-10-10,Beige_Book,https://www.federalreserve.gov/monetarypolicy/beigebook/beigebook201210.htm,XLF,train,1,0.005087769275917031,-0.002301079927292893,0.010045180723886715
2012-10-10,Beige_Book,https://www.federalreserve.gov/monetarypolicy/beigebook/beigebook201210.htm,XLI,train,2,0.002472756504513729,0.005380409692561039,0.0376670993911159
2012-10-10,Beige_Book,https://www.federalreserve.gov/monetarypolicy/beigebook/beigebook201210.htm,XLK,train,-2,-0.004550176032065423,-0.00525483296396112,-0.02785166363195979
2012-10-10,Beige_Book,https://www.federalreserve.gov/monetarypolicy/beigebook/beigebook201210.htm,XLP,train,0,-0.0027864958486493174,-0.00030407704170576366,-0.0016838946702054658
2012-10-10,Beige_Book,https://www.federalreserve.gov/monetarypolicy/beigebook/beigebook201210.htm,XLU,train,-2,0.0005329363529578135,-0.00612779911520267,-0.02893676097492015
2012-10-10,Beige_Book,https://www.federalreserve.gov/monetarypolicy/beigebook/beigebook201210.htm,XLV,train,1,0.00018560712729831508,0.008037813598065435,0.011199746517460696
2012-10-10,Beige_Book,https://www.federalreserve.gov/monetarypolicy/beigebook/beigebook201210.htm,XLY,train,1,-0.005076985846461435,-0.0003969841332616131,0.013440645478351665
2012-10-24,FOMC_statement,https://www.federalreserve.gov/newsevents/pressreleases/monetary20121024a.htm,XLB,train,1,-0.00512269606498561,-0.0048302476394115335,0.009459523609707698
2012-10-24,FOMC_statement,https://www.federalreserve.gov/newsevents/pressreleases/monetary20121024a.htm,XLE,train,-1,0.006503187194228488,0.008042998295259007,-0.006999602864512844
2012-10-24,FOMC_statement,https://www.federalreserve.gov/newsevents/pressreleases/monetary20121024a.htm,XLF,train,-1,-0.0003817250974362807,0.001474569259345082,-0.007367099778639252
2012-10-24,FOMC_statement,https://www.federalreserve.gov/newsevents/pressreleases/monetary20121024a.htm,XLI,train,1,0.0026343997142890263,0.008707286710187945,0.021688565671708293
2012-10-24,FOMC_statement,https://www.federalreserve.gov/newsevents/pressreleases/monetary20121024a.htm,XLK,train,0,-0.004976127546801212,-0.006822149048632542,0.00013198825023486016
2012-10-24,FOMC_statement,https://www.federalreserve.gov/newsevents/pressreleases/monetary20121024a.htm,XLP,train,1,0.0033337237193307168,0.0016473113340108592,0.008256681495575124
2012-10-24,FOMC_statement,https://www.federalreserve.gov/newsevents/pressreleases/monetary20121024a.htm,XLU,train,-2,0.00203770288323879,0.011351264476558875,-0.045684953158690256
2012-10-24,FOMC_statement,https://www.federalreserve.gov/newsevents/pressreleases/monetary20121024a.htm,XLV,train,-1,0.005060645769132899,-0.005518590009278346,-0.009395191210936349
2012-10-24,FOMC_statement,https://www.federalreserve.gov/newsevents/pressreleases/monetary20121024a.htm,XLY,train,1,-0.005304850152011764,0.001804611530433986,0.023603589219989396
2012-11-28,Beige_Book,https://www.federalreserve.gov/monetarypolicy/beigebook/beigebook201211.htm,XLB,train,1,0.002198392359289203,-0.010798840445114699,0.023171833794872754
2012-11-28,Beige_Book,https://www.federalreserve.gov/monetarypolicy/beigebook/beigebook201211.htm,XLE,train,-1,-0.0024107683461285223,-0.0040295778945945715,-0.007603173238676653
2012-11-28,Beige_Book,https://www.federalreserve.gov/monetarypolicy/beigebook/beigebook201211.htm,XLF,train,2,0.00042974074005996954,6.842022500663791e-05,0.039803165079411396
2012-11-28,Beige_Book,https://www.federalreserve.gov/monetarypolicy/beigebook/beigebook201211.htm,XLI,train,1,0.0010100646587232198,-0.007199818160305682,0.016385013569409135
2012-11-28,Beige_Book,https://www.federalreserve.gov/monetarypolicy/beigebook/beigebook201211.htm,XLK,train,-1,0.00015833925513986102,0.00246948068414099,-0.01396991198084141
2012-11-28,Beige_Book,https://www.federalreserve.gov/monetarypolicy/beigebook/beigebook201211.htm,XLP,train,-1,0.0006536382388813156,0.005102390066173745,-0.022058417346329406
2012-11-28,Beige_Book,https://www.federalreserve.gov/monetarypolicy/beigebook/beigebook201211.htm,XLU,train,0,0.0010900754071090368,0.010160732544430617,0.005789112048395384
2012-11-28,Beige_Book,https://www.federalreserve.gov/monetarypolicy/beigebook/beigebook201211.htm,XLV,train,0,0.00234991428545106,0.006070567031317586,-0.0028649701060958765
2012-11-28,Beige_Book,https://www.federalreserve.gov/monetarypolicy/beigebook/beigebook201211.htm,XLY,train,-1,-0.0019206883899225424,-0.0016250976272842443,-0.008503851787325156
2012-12-12,FOMC_statement,https://www.federalreserve.gov/newsevents/pressreleases/monetary20121212a.htm,XLB,train,2,0.0033909966306251427,0.012871709426139466,0.04538350264104929
2012-12-12,FOMC_statement,https://www.federalreserve.gov/newsevents/pressreleases/monetary20121212a.htm,XLE,train,0,-0.0031529403839722914,-0.005839416650875728,-0.005425858210426959
2012-12-12,FOMC_statement,https://www.federalreserve.gov/newsevents/pressreleases/monetary20121212a.htm,XLF,train,2,0.0011753267417320412,0.010027903873849331,0.031183774997980085
2012-12-12,FOMC_statement,https://www.federalreserve.gov/newsevents/pressreleases/monetary20121212a.htm,XLI,train,1,0.0029591475139566503,0.002104252041133403,0.013285152132965994
2012-12-12,FOMC_statement,https://www.federalreserve.gov/newsevents/pressreleases/monetary20121212a.htm,XLK,train,-1,-0.0010647561931782512,-0.006566929839415092,-0.0173272184431833
2012-12-12,FOMC_statement,https://www.federalreserve.gov/newsevents/pressreleases/monetary20121212a.htm,XLP,train,-1,0.004468540582573399,-0.003008447821872706,-0.021268230439308256
2012-12-12,FOMC_statement,https://www.federalreserve.gov/newsevents/pressreleases/monetary20121212a.htm,XLU,train,-2,0.002186588705401893,0.005526472927347648,-0.024389828551903303
2012-12-12,FOMC_statement,https://www.federalreserve.gov/newsevents/pressreleases/monetary20121212a.htm,XLV,train,0,-0.0024007964756084244,-0.006472126437204406,-0.0066515455320047545
2012-12-12,FOMC_statement,https://www.federalreserve.gov/newsevents/pressreleases/monetary20121212a.htm,XLY,train,1,-0.0004137495781214584,0.005228490019761334,0.009369011045959441
2013-01-16,Beige_Book,https://www.federalreserve.gov/monetarypolicy/beigebook/beigebook201301.htm,XLB,train,-1,0.0012759678567477728,0.009965001908964766,-0.019077652236677567
2013-01-16,Beige_Book,https://www.federalreserve.gov/monetarypolicy/beigebook/beigebook201301.htm,XLE,train,1,-0.00013240171767359143,0.011681458878604944,0.021143063113991722
2013-01-16,Beige_Book,https://www.federalreserve.gov/monetarypolicy/beigebook/beigebook201301.htm,XLF,train,0,-0.007043432504382663,-0.004169546143414804,0.0018040696903052211
2013-01-16,Beige_Book,https://www.federalreserve.gov/monetarypolicy/beigebook/beigebook201301.htm,XLI,train,1,0.004257094984765786,0.008719352221188137,0.01285305351589383
2013-01-16,Beige_Book,https://www.federalreserve.gov/monetarypolicy/beigebook/beigebook201301.htm,XLK,train,-1,-0.002366060532963399,-0.008626198831114262,-0.01768799220714834
2013-01-16,Beige_Book,https://www.federalreserve.gov/monetarypolicy/beigebook/beigebook201301.htm,XLP,train,1,0.0001899126544047114,-0.0030302338359924352,0.007394621686737435
2013-01-16,Beige_Book,https://www.federalreserve.gov/monetarypolicy/beigebook/beigebook201301.htm,XLU,train,0,-0.0024895020619801755,0.006204736990053306,0.006691816857947619
2013-01-16,Beige_Book,https://www.federalreserve.gov/monetarypolicy/beigebook/beigebook201301.htm,XLV,train,1,0.0024190868450921776,0.0009712352478536967,0.007183878562483481
2013-01-16,Beige_Book,https://www.federalreserve.gov/monetarypolicy/beigebook/beigebook201301.htm,XLY,train,0,0.004100080983689747,0.00029222136849726965,0.00022624859289799293
2013-01-30,FOMC_statement,https://www.federalreserve.gov/newsevents/pressreleases/monetary20130130a.htm,XLB,train,-2,-0.006675798337060224,-0.0030417153074810965,-0.03525117162110769
2013-01-30,FOMC_statement,https://www.federalreserve.gov/newsevents/pressreleases/monetary20130130a.htm,XLE,train,-1,-0.0008842795057173447,-0.00010169047158681277,-0.010653236900592722
2013-01-30,FOMC_statement,https://www.federalreserve.gov/newsevents/pressreleases/monetary20130130a.htm,XLF,train,0,0.0018908874172834933,0.004719853376593974,0.0011656006622204895
2013-01-30,FOMC_statement,https://www.federalreserve.gov/newsevents/pressreleases/monetary20130130a.htm,XLI,train,0,-0.0010148157447307238,0.0010196425027407807,0.0033571841218876797
2013-01-30,FOMC_statement,https://www.federalreserve.gov/newsevents/pressreleases/monetary20130130a.htm,XLK,train,0,0.004168952410487647,0.003228088793167272,-0.0023274736747820324
2013-01-30,FOMC_statement,https://www.federalreserve.gov/newsevents/pressreleases/monetary20130130a.htm,XLP,train,1,0.001111540393479049,0.0007848702732515811,0.020821487515741532
2013-01-30,FOMC_statement,https://www.federalreserve.gov/newsevents/pressreleases/monetary20130130a.htm,XLU,train,1,0.004932034575236499,0.0018030282872193437,0.013426512843868199
2013-01-30,FOMC_statement,https://www.federalreserve.gov/newsevents/pressreleases/monetary20130130a.htm,XLV,train,0,-0.0003228527218669397,-0.002544540400787332,0.0035351619584353955
2013-01-30,FOMC_statement,https://www.federalreserve.gov/newsevents/pressreleases/monetary20130130a.htm,XLY,train,0,-0.0022992012676977813,-0.007858098764733312,-5.9895191448000595e-05
2013-03-06,Beige_Book,https://www.federalreserve.gov/monetarypolicy/beigebook/beigebook201303.htm,XLB,train,-2,0.0009964064207528267,0.0066424547645516085,-0.026303490117780548
2013-03-06,Beige_Book,https://www.federalreserve.gov/monetarypolicy/beigebook/beigebook201303.htm,XLE,train,-1,0.003301774845539729,0.0005822588850024069,-0.01567032900265941
2013-03-06,Beige_Book,https://www.federalreserve.gov/monetarypolicy/beigebook/beigebook201303.htm,XLF,train,0,0.005385651281091475,0.007750393986691195,-0.006745085441629217
2013-03-06,Beige_Book,https://www.federalreserve.gov/monetarypolicy/beigebook/beigebook201303.htm,XLI,train,-1,-0.0010876808861635112,0.003613495080934781,-0.01471394879737542
2013-03-06,Beige_Book,https://www.federalreserve.gov/monetarypolicy/beigebook/beigebook201303.htm,XLK,train,-1,0.0005080527454561778,-0.0032558768905170954,-0.018998007905454584
2013-03-06,Beige_Book,https://www.federalreserve.gov/monetarypolicy/beigebook/beigebook201303.htm,XLP,train,2,-0.0018125300803262245,-0.007020964357177251,0.024697079759140594
2013-03-06,Beige_Book,https://www.federalreserve.gov/monetarypolicy/beigebook/beigebook201303.htm,XLU,train,2,-0.006279795341038619,-0.009857171601076797,0.03887940310780502
2013-03-06,Beige_Book,https://www.federalreserve.gov/monetarypolicy/beigebook/beigebook201303.htm,XLV,train,2,-0.0024868823098471715,-0.0035832392049994777,0.03798774253885273
2013-03-06,Beige_Book,https://www.federalreserve.gov/monetarypolicy/beigebook/beigebook201303.htm,XLY,train,0,-8.122207092498002e-05,0.004892562866123162,0.006145584120063496
2013-03-13,FOMC_statement,https://www.federalreserve.gov/newsevents/pressreleases/monetary20130313a.htm,XLB,train,-2,0.0007154688674677612,0.001382278479834964,-0.04394201956497279
2013-03-13,FOMC_statement,https://www.federalreserve.gov/newsevents/pressreleases/monetary20130313a.htm,XLE,train,-2,0.008357501180498828,0.006365824147780419,-0.030026481334670896
2013-03-13,FOMC_statement,https://www.federalreserve.gov/newsevents/pressreleases/monetary20130313a.htm,XLF,train,-1,0.001222757386821538,0.0016774768569381981,-0.011651673300012377
2013-03-13,FOMC_statement,https://www.federalreserve.gov/newsevents/pressreleases/monetary20130313a.htm,XLI,train,-1,-0.0005526136673075221,0.0008542857566188333,-0.022303802676743256
2013-03-13,FOMC_statement,https://www.federalreserve.gov/newsevents/pressreleases/monetary20130313a.htm,XLK,train,-1,0.001953822007748629,0.004969174177074764,-0.014087281334258073
2013-03-13,FOMC_statement,https://www.federalreserve.gov/newsevents/pressreleases/monetary20130313a.htm,XLP,train,2,-0.0019666820571166976,-0.002616600902461186,0.03227334827691308
2013-03-13,FOMC_statement,https://www.federalreserve.gov/newsevents/pressreleases/monetary20130313a.htm,XLU,train,2,-0.0032254525560597713,0.004679319297635431,0.04185704120110845
2013-03-13,FOMC_statement,https://www.federalreserve.gov/newsevents/pressreleases/monetary20130313a.htm,XLV,train,2,-0.004434838149967701,-0.006220546688424089,0.045170253070255684
2013-03-13,FOMC_statement,https://www.federalreserve.gov/newsevents/pressreleases/monetary20130313a.htm,XLY,train,1,-0.004189563505498262,-0.008782733967876655,0.008659596301423322
2013-03-20,FOMC_statement,https://www.federalreserve.gov/newsevents/pressreleases/monetary20130320a.htm,XLB,train,-2,-0.008586230678095608,-0.018838879779485063,-0.04797361682719181
2013-03-20,FOMC_statement,https://www.federalreserve.gov/newsevents/pressreleases/monetary20130320a.htm,XLE,train,-2,0.0034492491471861397,0.003719069485915938,-0.04965608126388854
2013-03-20,FOMC_statement,https://www.federalreserve.gov/newsevents/pressreleases/monetary20130320a.htm,XLF,train,-1,-0.0034857791991455,-0.004004512407736027,-0.00988448199504699
2013-03-20,FOMC_statement,https://www.federalreserve.gov/newsevents/pressreleases/monetary20130320a.htm,XLI,train,-2,-0.0015247388757336777,-0.006522087235422136,-0.03103321051884733
2013-03-20,FOMC_statement,https://www.federalreserve.gov/newsevents/pressreleases/monetary20130320a.htm,XLK,train,-2,-0.002671707268755208,-0.0025100909789598225,-0.03113977719666783
2013-03-20,FOMC_statement,https://www.federalreserve.gov/newsevents/pressreleases/monetary20130320a.htm,XLP,train,2,0.005469943836500346,0.010095895242081765,0.05003561250914734
2013-03-20,FOMC_statement,https://www.federalreserve.gov/newsevents/pressreleases/monetary20130320a.htm,XLU,train,2,0.0035812456053829766,-0.0007958913675011337,0.06259963812048808
2013-03-20,FOMC_statement,https://www.federalreserve.gov/newsevents/pressreleases/monetary20130320a.htm,XLV,train,2,0.0029670899672955553,0.003842579854796968,0.0611857325254177
2013-03-20,FOMC_statement,https://www.federalreserve.gov/newsevents/pressreleases/monetary20130320a.htm,XLY,train,1,0.0001489033319442834,0.0068950097541692346,0.017098093410540693
2013-04-17,Beige_Book,https://www.federalreserve.gov/monetarypolicy/beigebook/beigebook201304.htm,XLB,train,1,0.003314751285965367,0.01150738044519406,0.02352738093882789
2013-04-17,Beige_Book,https://www.federalreserve.gov/monetarypolicy/beigebook/beigebook201304.htm,XLE,train,1,0.014757926592405157,0.010348790150202514,0.023051832017253138
2013-04-17,Beige_Book,https://www.federalreserve.gov/monetarypolicy/beigebook/beigebook201304.htm,XLF,train,2,-0.0042896446782971775,-0.0022932941371269777,0.02524250157049579
2013-04-17,Beige_Book,https://www.federalreserve.gov/monetarypolicy/beigebook/beigebook201304.htm,XLI,train,1,0.0017938451985508586,-0.005121873590270498,0.011510153327495498
2013-04-17,Beige_Book,https://www.federalreserve.gov/monetarypolicy/beigebook/beigebook201304.htm,XLK,train,1,-0.0042120248515448155,-0.00814225219934761,0.009811014389896067
2013-04-17,Beige_Book,https://www.federalreserve.gov/monetarypolicy/beigebook/beigebook201304.htm,XLP,train,-2,0.004276342183026971,0.009185737289135965,-0.029238683350077177
2013-04-17,Beige_Book,https://www.federalreserve.gov/monetarypolicy/beigebook/beigebook201304.htm,XLU,train,-2,0.009503531296188639,0.01009647321821805,-0.06513954230771357
2013-04-17,Beige_Book,https://www.federalreserve.gov/monetarypolicy/beigebook/beigebook201304.htm,XLV,train,-2,-0.005952272148430859,0.001069937205364857,-0.03650719205997088
2013-04-17,Beige_Book,https://www.federalreserve.gov/monetarypolicy/beigebook/beigebook201304.htm,XLY,train,0,-0.004650831403602118,-0.0014870403674703825,0.005503140866066736
2013-05-01,FOMC_statement,https://www.federalreserve.gov/newsevents/pressreleases/monetary20130501a.htm,XLB,train,0,-0.0020801203314209094,0.005634205053362429,0.004792540662321931
2013-05-01,FOMC_statement,https://www.federalreserve.gov/newsevents/pressreleases/monetary20130501a.htm,XLE,train,1,0.003820632752748132,0.015997247979229412,0.012253724502107488
2013-05-01,FOMC_statement,https://www.federalreserve.gov/newsevents/pressreleases/monetary20130501a.htm,XLF,train,2,-0.0006345040195541163,0.008017763809500034,0.0387603343802011
2013-05-01,FOMC_statement,https://www.federalreserve.gov/newsevents/pressreleases/monetary20130501a.htm,XLI,train,2,0.0031781800353105627,0.014047125256827053,0.030169867968323105
2013-05-01,FOMC_statement,https://www.federalreserve.gov/newsevents/pressreleases/monetary20130501a.htm,XLK,train,0,0.003486652094133902,0.004990245518212033,0.004162879113102647
2013-05-01,FOMC_statement,https://www.federalreserve.gov/newsevents/pressreleases/monetary20130501a.htm,XLP,train,-2,-0.005620297833014654,-0.021193146571666155,-0.05286062792208612
2013-05-01,FOMC_statement,https://www.federalreserve.gov/newsevents/pressreleases/monetary20130501a.htm,XLU,train,-2,-0.010506680726753759,-0.039081099764824434,-0.1166032910012873
2013-05-01,FOMC_statement,https://www.federalreserve.gov/newsevents/pressreleases/monetary20130501a.htm,XLV,train,0,0.001816606269030352,-0.010610163063586864,-0.004746986583517243
2013-05-01,FOMC_statement,https://www.federalreserve.gov/newsevents/pressreleases/monetary20130501a.htm,XLY,train,0,0.00046955472275311827,0.003608510063092263,0.0006306902447001939
2013-06-05,Beige_Book,https://www.federalreserve.gov/monetarypolicy/beigebook/beigebook201306.htm,XLB,train,-2,-0.00247922730515171,-0.0011768285961175629,-0.029729626985081192
2013-06-05,Beige_Book,https://www.federalreserve.gov/monetarypolicy/beigebook/beigebook201306.htm,XLE,train,-1,-0.0015245153697784897,-0.004496379445778853,-0.007768823060524732
2013-06-05,Beige_Book,https://www.federalreserve.gov/monetarypolicy/beigebook/beigebook201306.htm,XLF,train,1,0.004893161300862481,0.00999384163042727,0.01209443336633187
2013-06-05,Beige_Book,https://www.federalreserve.gov/monetarypolicy/beigebook/beigebook201306.htm,XLI,train,0,-0.0027311000288474663,0.0004254523804855248,0.003074550246574659
2013-06-05,Beige_Book,https://www.federalreserve.gov/monetarypolicy/beigebook/beigebook201306.htm,XLK,train,-1,-0.006821717427238028,-0.008112233619117282,-0.017375028367904166
2013-06-05,Beige_Book,https://www.federalreserve.gov/monetarypolicy/beigebook/beigebook201306.htm,XLP,train,-1,-0.004803906705072025,-0.00508055451529299,-0.009076113066479818
2013-06-05,Beige_Book,https://www.federalreserve.gov/monetarypolicy/beigebook/beigebook201306.htm,XLU,train,-1,0.0027438939257946604,-0.004145741446123452,-0.016372809539117683
2013-06-05,Beige_Book,https://www.federalreserve.gov/monetarypolicy/beigebook/beigebook201306.htm,XLV,train,0,0.005513291934699627,0.0033917977023427692,0.006303209824593647
2013-06-05,Beige_Book,https://www.federalreserve.gov/monetarypolicy/beigebook/beigebook201306.htm,XLY,train,2,0.0014462864524575902,0.004008211744585877,0.03210925000087539
2013-06-19,FOMC_statement,https://www.federalreserve.gov/newsevents/pressreleases/monetary20130619a.htm,XLB,train,-2,-0.0010541801334890133,-0.011002896340123192,-0.026432702972813638
2013-06-19,FOMC_statement,https://www.federalreserve.gov/newsevents/pressreleases/monetary20130619a.htm,XLE,train,0,-0.004440591726766363,-0.008136558181238707,0.0013022100290044358
2013-06-19,FOMC_statement,https://www.federalreserve.gov/newsevents/pressreleases/monetary20130619a.htm,XLF,train,1,0.0033491967625559615,-0.004117017079652618,0.020788622599898776
2013-06-19,FOMC_statement,https://www.federalreserve.gov/newsevents/pressreleases/monetary20130619a.htm,XLI,train,1,0.0020088532007515036,-0.004734942785064589,0.009276747937551844
2013-06-19,FOMC_statement,https://www.federalreserve.gov/newsevents/pressreleases/monetary20130619a.htm,XLK,train,-2,0.0025912552184451654,-0.006137290315367472,-0.037800845600495236
2013-06-19,FOMC_statement,https://www.federalreserve.gov/newsevents/pressreleases/monetary20130619a.htm,XLP,train,0,-0.005427368435081847,0.013148939521375302,0.0012924292316295327
2013-06-19,FOMC_statement,https://www.federalreserve.gov/newsevents/pressreleases/monetary20130619a.htm,XLU,train,1,-0.0034892504529115964,0.01817446084096186,0.0201808449104921
2013-06-19,FOMC_statement,https://www.federalreserve.gov/newsevents/pressreleases/monetary20130619a.htm,XLV,train,1,-0.0009058241506728626,0.009927932967817577,0.011346948452061634
2013-06-19,FOMC_statement,https://www.federalreserve.gov/newsevents/pressreleases/monetary20130619a.htm,XLY,train,1,-0.0013752425728315032,0.0008962422616727306,0.014927808798648967
2013-07-17,Beige_Book,https://www.federalreserve.gov/monetarypolicy/beigebook/beigebook201307.htm,XLB,train,2,-0.004980373075619049,-0.0012545961218819457,0.03119035981557039
2013-07-17,Beige_Book,https://www.federalreserve.gov/monetarypolicy/beigebook/beigebook201307.htm,XLE,train,1,0.0051708655327065145,0.012146157384729572,0.007935629160793933
2013-07-17,Beige_Book,https://www.federalreserve.gov/monetarypolicy/beigebook/beigebook201307.htm,XLF,train,-1,0.007724907533774861,0.011234057358597394,-0.009605101720190246
2013-07-17,Beige_Book,https://www.federalreserve.gov/monetarypolicy/beigebook/beigebook201307.htm,XLI,train,1,0.0046345088421475555,0.01180198368824148,0.01898621516156851
2013-07-17,Beige_Book,https://www.federalreserve.gov/monetarypolicy/beigebook/beigebook201307.htm,XLK,train,0,-0.007972839866077774,-0.025718553182392245,0.0027390304511920593
2013-07-17,Beige_Book,https://www.federalreserve.gov/monetarypolicy/beigebook/beigebook201307.htm,XLP,train,-1,-0.0020974346285993484,-0.00220334373308384,-0.012289929639919817
2013-07-17,Beige_Book,https://www.federalreserve.gov/monetarypolicy/beigebook/beigebook201307.htm,XLU,train,-1,0.003231131333619741,-0.0012575705005882787,-0.017903738576779404
2013-07-17,Beige_Book,https://www.federalreserve.gov/monetarypolicy/beigebook/beigebook201307.htm,XLV,train,1,-0.002665082232550242,0.011775100488102597,0.006898233026696454
2013-07-17,Beige_Book,https://www.federalreserve.gov/monetarypolicy/beigebook/beigebook201307.htm,XLY,train,-1,0.0002574814291640415,-0.004979896980509713,-0.007036350966537874
2013-07-31,FOMC_statement,https://www.federalreserve.gov/newsevents/pressreleases/monetary20130731a.htm,XLB,train,2,-0.004146672642948657,-0.0014256518413746644,0.027928910043785393
2013-07-31,FOMC_statement,https://www.federalreserve.gov/newsevents/pressreleases/monetary20130731a.htm,XLE,train,1,0.00469999808980659,-0.0023526427233485636,0.01755363423850409
2013-07-31,FOMC_statement,https://www.federalreserve.gov/newsevents/pressreleases/monetary20130731a.htm,XLF,train,-1,0.004547288075288591,0.0019078939168026832,-0.02028688497737452
2013-07-31,FOMC_statement,https://www.federalreserve.gov/newsevents/pressreleases/monetary20130731a.htm,XLI,train,1,0.005492707509128225,0.0033042308549448007,0.00800350176833764
2013-07-31,FOMC_statement,https://www.federalreserve.gov/newsevents/pressreleases/monetary20130731a.htm,XLK,train,1,-0.0008423405363084946,0.005459509419521225,0.021627440096790407
2013-07-31,FOMC_statement,https://www.federalreserve.gov/newsevents/pressreleases/monetary20130731a.htm,XLP,train,-1,-0.003343745989179414,-0.0023827254728213676,-0.02228431104772266
2013-07-31,FOMC_statement,https://www.federalreserve.gov/newsevents/pressreleases/monetary20130731a.htm,XLU,train,-2,-0.003152586886016717,-0.011228028076738394,-0.024647028459041764
2013-07-31,FOMC_statement,https://www.federalreserve.gov/newsevents/pressreleases/monetary20130731a.htm,XLV,train,0,-0.005285962535958921,-0.006496263072055086,-0.004818216058824265
2013-07-31,FOMC_statement,https://www.federalreserve.gov/newsevents/pressreleases/monetary20130731a.htm,XLY,train,0,0.003937679899280511,0.008692440262666579,0.004906798314041505
2013-09-04,Beige_Book,https://www.federalreserve.gov/monetarypolicy/beigebook/beigebook201309.htm,XLB,train,1,0.00043806083013797625,0.004259738106978994,0.010868638284321608
2013-09-04,Beige_Book,https://www.federalreserve.gov/monetarypolicy/beigebook/beigebook201309.htm,XLE,train,-1,0.002121998073979503,0.003164345195345808,-0.00793294193943428
2013-09-04,Beige_Book,https://www.federalreserve.gov/monetarypolicy/beigebook/beigebook201309.htm,XLF,train,0,0.001264139265655162,0.002822408170743085,-0.0048845635294260115
2013-09-04,Beige_Book,https://www.federalreserve.gov/monetarypolicy/beigebook/beigebook201309.htm,XLI,train,1,0.0011898079108991766,0.00316947717491578,0.01525488647405715
2013-09-04,Beige_Book,https://www.federalreserve.gov/monetarypolicy/beigebook/beigebook201309.htm,XLK,train,0,-0.0006367980861499145,0.0018960623398880383,-0.0011889905449399274
2013-09-04,Beige_Book,https://www.federalreserve.gov/monetarypolicy/beigebook/beigebook201309.htm,XLP,train,-1,-0.0027776629087430393,-0.003274410293829355,-0.00918208184887559
2013-09-04,Beige_Book,https://www.federalreserve.gov/monetarypolicy/beigebook/beigebook201309.htm,XLU,train,0,-0.00533531491580308,-0.004797354862557723,-0.00027116868953047657
2013-09-04,Beige_Book,https://www.federalreserve.gov/monetarypolicy/beigebook/beigebook201309.htm,XLV,train,0,0.00012971703270858725,-0.0033546982072250042,-0.001046464194196961
2013-09-04,Beige_Book,https://www.federalreserve.gov/monetarypolicy/beigebook/beigebook201309.htm,XLY,train,1,-0.0009264734355332038,-0.0033106093145660598,0.015666769086759236
2013-09-18,FOMC_statement,https://www.federalreserve.gov/newsevents/pressreleases/monetary20130918a.htm,XLB,train,0,-0.0017734574050127794,-0.009349720265616202,-0.0019512126528653528
2013-09-18,FOMC_statement,https://www.federalreserve.gov/newsevents/pressreleases/monetary20130918a.htm,XLE,train,0,-0.0007854347989467714,-0.0021528765554775786,0.006584214600150684
2013-09-18,FOMC_statement,https://www.federalreserve.gov/newsevents/pressreleases/monetary20130918a.htm,XLF,train,0,-0.002189058870401217,-0.01007167234022488,0.006722860827925725
2013-09-18,FOMC_statement,https://www.federalreserve.gov/newsevents/pressreleases/monetary20130918a.htm,XLI,train,-1,0.0050371021894911605,0.0012412830393829788,-0.010001106637197332
2013-09-18,FOMC_statement,https://www.federalreserve.gov/newsevents/pressreleases/monetary20130918a.htm,XLK,train,0,0.0022855318359825683,0.009882847959654772,-0.004200492111916088
2013-09-18,FOMC_statement,https://www.federalreserve.gov/newsevents/pressreleases/monetary20130918a.htm,XLP,train,0,-0.0028786391606104855,-0.0026546132248813636,-0.006584249391754282
2013-09-18,FOMC_statement,https://www.federalreserve.gov/newsevents/pressreleases/monetary20130918a.htm,XLU,train,0,-0.002981463401470541,0.005538489408653424,-0.0045437850254052
2013-09-18,FOMC_statement,https://www.federalreserve.gov/newsevents/pressreleases/monetary20130918a.htm,XLV,train,1,-0.001592492554915781,0.0011631997244782033,0.012709996354706932
2013-09-18,FOMC_statement,https://www.federalreserve.gov/newsevents/pressreleases/monetary20130918a.htm,XLY,train,0,0.00135022755936276,-0.0007731598951699059,-0.0005311301560381176
2013-10-16,Beige_Book,https://www.federalreserve.gov/monetarypolicy/beigebook/beigebook201310.htm,XLB,train,0,0.006379666736503253,0.0023315269999766297,-0.00027483300375830133
2013-10-16,Beige_Book,https://www.federalreserve.gov/monetarypolicy/beigebook/beigebook201310.htm,XLE,train,-2,-0.004585840160676424,-0.004953527991281237,-0.024880700641400688
2013-10-16,Beige_Book,https://www.federalreserve.gov/monetarypolicy/beigebook/beigebook201310.htm,XLF,train,-2,0.0020164824626027755,-0.004791710865197585,-0.02442563931907027
2013-10-16,Beige_Book,https://www.federalreserve.gov/monetarypolicy/beigebook/beigebook201310.htm,XLI,train,1,0.0010059105518895883,0.0075199438298800825,0.02152887250165758
2013-10-16,Beige_Book,https://www.federalreserve.gov/monetarypolicy/beigebook/beigebook201310.htm,XLK,train,0,-0.006377031526636712,0.009361940013012493,0.005738873556046742
2013-10-16,Beige_Book,https://www.federalreserve.gov/monetarypolicy/beigebook/beigebook201310.htm,XLP,train,1,0.004544523128935385,-0.002988159273862978,0.014072198902213562
2013-10-16,Beige_Book,https://www.federalreserve.gov/monetarypolicy/beigebook/beigebook201310.htm,XLU,train,0,0.009487950013457258,0.0032035733652469034,-0.003820810071008096
2013-10-16,Beige_Book,https://www.federalreserve.gov/monetarypolicy/beigebook/beigebook201310.htm,XLV,train,-1,0.0017263101928981506,-0.014203699659260716,-0.009182396579172747
2013-10-16,Beige_Book,https://www.federalreserve.gov/monetarypolicy/beigebook/beigebook201310.htm,XLY,train,1,0.0006682681111032096,0.002598175024841609,0.015266392278961982
2013-10-30,FOMC_statement,https://www.federalreserve.gov/newsevents/pressreleases/monetary20131030a.htm,XLB,train,-1,0.0012396476776445065,-0.002831691719722418,-0.014837939923894483
2013-10-30,FOMC_statement,https://www.federalreserve.gov/newsevents/pressreleases/monetary20131030a.htm,XLE,train,-2,-0.0006240512685679045,0.002309903696644633,-0.02893015881970351
2013-10-30,FOMC_statement,https://www.federalreserve.gov/newsevents/pressreleases/monetary20131030a.htm,XLF,train,0,-0.007745891103956959,-0.010737783479968455,0.00663477804544077
2013-10-30,FOMC_statement,https://www.federalreserve.gov/newsevents/pressreleases/monetary20131030a.htm,XLI,train,1,0.003041482554401509,0.008008014362412497,0.009814505221052316
2013-10-30,FOMC_statement,https://www.federalreserve.gov/newsevents/pressreleases/monetary20131030a.htm,XLK,train,0,-0.0004220061759966365,-0.0021708796488167925,0.0008271609679399994
2013-10-30,FOMC_statement,https://www.federalreserve.gov/newsevents/pressreleases/monetary20131030a.htm,XLP,train,-1,-0.002331295386477805,-0.003520669429818879,-0.016096360453133896
2013-10-30,FOMC_statement,https://www.federalreserve.gov/newsevents/pressreleases/monetary20131030a.htm,XLU,train,-2,-0.0007607650691284773,0.002599656771745562,-0.049365943343300134
2013-10-30,FOMC_statement,https://www.federalreserve.gov/newsevents/pressreleases/monetary20131030a.htm,XLV,train,1,-0.001127070674315389,0.0003504499180371212,0.015828375148710827
2013-10-30,FOMC_statement,https://www.federalreserve.gov/newsevents/pressreleases/monetary20131030a.htm,XLY,train,1,0.0053656737305719515,0.00528454591625549,0.010456230093249252
2013-12-04,Beige_Book,https://www.federalreserve.gov/monetarypolicy/beigebook/beigebook201312.htm,XLB,train,1,-0.0012969302910132985,0.003919745261645957,0.021573449030471425
2013-12-04,Beige_Book,https://www.federalreserve.gov/monetarypolicy/beigebook/beigebook201312.htm,XLE,train,-1,0.0010402293955699138,-0.008155346524703622,-0.008034297082692987
2013-12-04,Beige_Book,https://www.federalreserve.gov/monetarypolicy/beigebook/beigebook201312.htm,XLF,train,1,-0.004993910219737385,-0.0007612873348554761,0.013199184415155996
2013-12-04,Beige_Book,https://www.federalreserve.gov/monetarypolicy/beigebook/beigebook201312.htm,XLI,train,1,0.004799167534327187,0.008991326424719559,0.02122890670750399
2013-12-04,Beige_Book,https://www.federalreserve.gov/monetarypolicy/beigebook/beigebook201312.htm,XLK,train,0,0.001224555147909201,-0.0023949151005163705,-0.001599513283168652
2013-12-04,Beige_Book,https://www.federalreserve.gov/monetarypolicy/beigebook/beigebook201312.htm,XLP,train,-2,-0.0046972928273527614,-0.0012876902489495912,-0.028241657837210332
2013-12-04,Beige_Book,https://www.federalreserve.gov/monetarypolicy/beigebook/beigebook201312.htm,XLU,train,-2,-0.0037131515445206764,-0.0097026541432228,-0.03297252791062011
2013-12-04,Beige_Book,https://www.federalreserve.gov/monetarypolicy/beigebook/beigebook201312.htm,XLV,train,-1,0.002564412693966678,0.00386283039937918,-0.007928921634143493
2013-12-04,Beige_Book,https://www.federalreserve.gov/monetarypolicy/beigebook/beigebook201312.htm,XLY,train,0,0.005480445242352805,-0.0006455811608285789,0.005578641714527377
2013-12-18,FOMC_statement,https://www.federalreserve.gov/newsevents/pressreleases/monetary20131218a.htm,XLB,train,1,0.0027118543500732617,-0.00038044684154425745,0.013948840289827236
2013-12-18,FOMC_statement,https://www.federalreserve.gov/newsevents/pressreleases/monetary20131218a.htm,XLE,train,-1,0.004040471121773415,-0.004312157704378539,-0.01343058948487319
2013-12-18,FOMC_statement,https://www.federalreserve.gov/newsevents/pressreleases/monetary20131218a.htm,XLF,train,0,-0.0002318888274503994,-0.0006646701941503963,0.0013685118988503442
2013-12-18,FOMC_statement,https://www.federalreserve.gov/newsevents/pressreleases/monetary20131218a.htm,XLI,train,0,0.0021353500254930324,0.002920449525676716,0.0019578915972202626
2013-12-18,FOMC_statement,https://www.federalreserve.gov/newsevents/pressreleases/monetary20131218a.htm,XLK,train,1,0.0028803752706512142,0.012690738633051035,0.018167669864463387
2013-12-18,FOMC_statement,https://www.federalreserve.gov/newsevents/pressreleases/monetary20131218a.htm,XLP,train,-1,-0.0007145596711274349,-0.008281235387099017,-0.02393926634796295
2013-12-18,FOMC_statement,https://www.federalreserve.gov/newsevents/pressreleases/monetary20131218a.htm,XLU,train,0,-0.00618494727603125,-0.011405853813405642,0.0007932723805882391
2013-12-18,FOMC_statement,https://www.federalreserve.gov/newsevents/pressreleases/monetary20131218a.htm,XLV,train,2,-0.0010268425206142462,-0.003328749958083299,0.02737613360966351
2013-12-18,FOMC_statement,https://www.federalreserve.gov/newsevents/pressreleases/monetary20131218a.htm,XLY,train,-2,0.0005473078136909448,-0.0020356356358036676,-0.024972901150013493
2014-01-15,Beige_Book,https://www.federalreserve.gov/monetarypolicy/beigebook/beigebook201401.htm,XLB,train,1,0.0036950349026411144,0.00869055158351062,0.007925849669928708
2014-01-15,Beige_Book,https://www.federalreserve.gov/monetarypolicy/beigebook/beigebook201401.htm,XLE,train,0,0.0026949708750102497,0.010613567681847846,0.0036069678518639847
2014-01-15,Beige_Book,https://www.federalreserve.gov/monetarypolicy/beigebook/beigebook201401.htm,XLF,train,-1,-0.005024302960784488,-0.006005146317016874,-0.01893866684866452
2014-01-15,Beige_Book,https://www.federalreserve.gov/monetarypolicy/beigebook/beigebook201401.htm,XLI,train,-1,-0.0011903774674779655,-0.003929092486578023,-0.012183336019089053
2014-01-15,Beige_Book,https://www.federalreserve.gov/monetarypolicy/beigebook/beigebook201401.htm,XLK,train,0,0.001020736263489308,0.0017817347318326293,0.006447065727856249
2014-01-15,Beige_Book,https://www.federalreserve.gov/monetarypolicy/beigebook/beigebook201401.htm,XLP,train,-1,0.0015350747459624836,-0.0011560467816915665,-0.009761233910068556
2014-01-15,Beige_Book,https://www.federalreserve.gov/monetarypolicy/beigebook/beigebook201401.htm,XLU,train,2,0.008175947724331833,0.02023668803776546,0.06635602153042286
2014-01-15,Beige_Book,https://www.federalreserve.gov/monetarypolicy/beigebook/beigebook201401.htm,XLV,train,2,0.0037583916204227963,0.009783389316512903,0.025837714669379674
2014-01-15,Beige_Book,https://www.federalreserve.gov/monetarypolicy/beigebook/beigebook201401.htm,XLY,train,0,-0.004025176825494192,-0.008093794375095387,-0.004635030027114406
2014-01-29,FOMC_statement,https://www.federalreserve.gov/newsevents/pressreleases/monetary20140129a.htm,XLB,train,1,-0.005841672712753487,-0.007406783897175306,0.01594109326814297
2014-01-29,FOMC_statement,https://www.federalreserve.gov/newsevents/pressreleases/monetary20140129a.htm,XLE,train,-1,-0.007394175630384359,-0.009804305311839956,-0.008780357019718132
2014-01-29,FOMC_statement,https://www.federalreserve.gov/newsevents/pressreleases/monetary20140129a.htm,XLF,train,-1,0.0036781156900607126,-0.004855946150641333,-0.016574560291348295
2014-01-29,FOMC_statement,https://www.federalreserve.gov/newsevents/pressreleases/monetary20140129a.htm,XLI,train,0,-0.0007597578385916126,-0.00515089081307607,-0.004297461817465931
2014-01-29,FOMC_statement,https://www.federalreserve.gov/newsevents/pressreleases/monetary20140129a.htm,XLK,train,1,0.0016366557741860355,0.011338666199343983,0.008241196565582976
2014-01-29,FOMC_statement,https://www.federalreserve.gov/newsevents/pressreleases/monetary20140129a.htm,XLP,train,-1,-0.009134441828413387,-0.007242649627689168,-0.014465023897865859
2014-01-29,FOMC_statement,https://www.federalreserve.gov/newsevents/pressreleases/monetary20140129a.htm,XLU,train,1,0.004848557842189738,0.033535479193120055,0.008126428967938137
2014-01-29,FOMC_statement,https://www.federalreserve.gov/newsevents/pressreleases/monetary20140129a.htm,XLV,train,1,0.007616924965278438,0.007643802532770527,0.020737273687366775
2014-01-29,FOMC_statement,https://www.federalreserve.gov/newsevents/pressreleases/monetary20140129a.htm,XLY,train,1,0.006153403984666905,-0.005872323140200253,0.015685684494859853
2014-03-05,Beige_Book,https://www.federalreserve.gov/monetarypolicy/beigebook/beigebook201403.htm,XLB,train,0,0.0014734032381140683,-0.0036319348152943354,-0.002126363817985588
2014-03-05,Beige_Book,https://www.federalreserve.gov/monetarypolicy/beigebook/beigebook201403.htm,XLE,train,2,0.00493248493499121,0.008564857809645776,0.03276471125053981
2014-03-05,Beige_Book,https://www.federalreserve.gov/monetarypolicy/beigebook/beigebook201403.htm,XLF,train,0,0.0008628474553087351,0.005906678837253931,0.003283723465041688
2014-03-05,Beige_Book,https://www.federalreserve.gov/monetarypolicy/beigebook/beigebook201403.htm,XLI,train,1,0.0034205005819876177,0.0024053509762550496,0.0072508547884087005
2014-03-05,Beige_Book,https://www.federalreserve.gov/monetarypolicy/beigebook/beigebook201403.htm,XLK,train,0,-0.0009195797073009437,-0.005471483629196805,-0.0007224662499115686
2014-03-05,Beige_Book,https://www.federalreserve.gov/monetarypolicy/beigebook/beigebook201403.htm,XLP,train,1,-0.002525059875380542,0.0013391006496938918,0.008425384617984477
2014-03-05,Beige_Book,https://www.federalreserve.gov/monetarypolicy/beigebook/beigebook201403.htm,XLU,train,2,-0.0072816034997998935,-0.006665744744358548,0.028183029678299665
2014-03-05,Beige_Book,https://www.federalreserve.gov/monetarypolicy/beigebook/beigebook201403.htm,XLV,train,-1,-0.008460173856730924,-0.006665126451750214,-0.021760753829212276
2014-03-05,Beige_Book,https://www.federalreserve.gov/monetarypolicy/beigebook/beigebook201403.htm,XLY,train,-2,0.0002352414039030748,-0.0038110984413405324,-0.02952419947815077
2014-03-19,FOMC_statement,https://www.federalreserve.gov/newsevents/pressreleases/monetary20140319a.htm,XLB,train,1,0.007527959660919015,0.0035269249578843143,0.009678372671036883
2014-03-19,FOMC_statement,https://www.federalreserve.gov/newsevents/pressreleases/monetary20140319a.htm,XLE,train,2,-0.0019276422048120079,0.006748563296803178,0.06752153904326996
2014-03-19,FOMC_statement,https://www.federalreserve.gov/newsevents/pressreleases/monetary20140319a.htm,XLF,train,-1,0.009975858794985193,0.017677350120435364,-0.011333391646667912
2014-03-19,FOMC_statement,https://www.federalreserve.gov/newsevents/pressreleases/monetary20140319a.htm,XLI,train,1,-0.0029390221579113085,0.0018802866294919118,0.021326871198975472
2014-03-19,FOMC_statement,https://www.federalreserve.gov/newsevents/pressreleases/monetary20140319a.htm,XLK,train,-1,0.0018591680083384077,0.004032490822345358,-0.007726273464336075
2014-03-19,FOMC_statement,https://www.federalreserve.gov/newsevents/pressreleases/monetary20140319a.htm,XLP,train,2,-0.002317056620710023,0.004191223298734559,0.025758951707146704
2014-03-19,FOMC_statement,https://www.federalreserve.gov/newsevents/pressreleases/monetary20140319a.htm,XLU,train,2,-0.003614775086927091,0.014701045137997637,0.04986254802370782
2014-03-19,FOMC_statement,https://www.federalreserve.gov/newsevents/pressreleases/monetary20140319a.htm,XLV,train,-2,-0.00583921750126648,-0.027140265608433634,-0.0428567367987881
2014-03-19,FOMC_statement,https://www.federalreserve.gov/newsevents/pressreleases/monetary20140319a.htm,XLY,train,-2,-0.003269462994411887,-0.011688225440098288,-0.035725744515995195
2014-04-16,Beige_Book,https://www.federalreserve.gov/monetarypolicy/beigebook/beigebook201404.htm,XLB,train,0,0.0017696221371046317,-0.002475231038991721,0.0010167790232068485
2014-04-16,Beige_Book,https://www.federalreserve.gov/monetarypolicy/beigebook/beigebook201404.htm,XLE,train,0,0.007738264246218263,0.004890217239193362,0.005512243744751899
2014-04-16,Beige_Book,https://www.federalreserve.gov/monetarypolicy/beigebook/beigebook201404.htm,XLF,train,-1,0.00043589749642225506,-0.001642811106951303,-0.013241511545305173
2014-04-16,Beige_Book,https://www.federalreserve.gov/monetarypolicy/beigebook/beigebook201404.htm,XLI,train,0,0.006436335057538933,0.0018151634713334808,0.004093360328612294
2014-04-16,Beige_Book,https://www.federalreserve.gov/monetarypolicy/beigebook/beigebook201404.htm,XLK,train,0,-0.00278262527359896,-0.002782104824618603,0.00647521555827868
2014-04-16,Beige_Book,https://www.federalreserve.gov/monetarypolicy/beigebook/beigebook201404.htm,XLP,train,0,-0.001168496755785009,-0.009200420425758526,0.00475836343848457
2014-04-16,Beige_Book,https://www.federalreserve.gov/monetarypolicy/beigebook/beigebook201404.htm,XLU,train,-2,-0.013771959859281147,-0.02156554075403394,-0.025912459874147253
2014-04-16,Beige_Book,https://www.federalreserve.gov/monetarypolicy/beigebook/beigebook201404.htm,XLV,train,1,-0.0015726395388644399,0.013291106854674606,0.01168154843340563
2014-04-16,Beige_Book,https://www.federalreserve.gov/monetarypolicy/beigebook/beigebook201404.htm,XLY,train,-1,-0.00014082151653549424,0.0030949070924712885,-0.008991939724262488
2014-04-30,FOMC_statement,https://www.federalreserve.gov/newsevents/pressreleases/monetary20140430a.htm,XLB,train,0,-0.00639970283302016,0.0023875461193857417,0.006340335417896692
2014-04-30,FOMC_statement,https://www.federalreserve.gov/newsevents/pressreleases/monetary20140430a.htm,XLE,train,0,-0.0023464002856369293,0.0038989523261730996,-0.006232583806300651
2014-04-30,FOMC_statement,https://www.federalreserve.gov/newsevents/pressreleases/monetary20140430a.htm,XLF,train,-1,0.0017151502032020094,-0.0033132137701498143,-0.007838983294331636
2014-04-30,FOMC_statement,https://www.federalreserve.gov/newsevents/pressreleases/monetary20140430a.htm,XLI,train,0,-0.0025574494803449754,-0.0024678386996266344,-0.00371885871164801
2014-04-30,FOMC_statement,https://www.federalreserve.gov/newsevents/pressreleases/monetary20140430a.htm,XLK,train,1,0.0009907468638086225,0.0029909753565111608,0.014064181105894358
2014-04-30,FOMC_statement,https://www.federalreserve.gov/newsevents/pressreleases/monetary20140430a.htm,XLP,train,0,-0.0010107307642293062,-0.003754064014643177,-0.005041969366684329
2014-04-30,FOMC_statement,https://www.federalreserve.gov/newsevents/pressreleases/monetary20140430a.htm,XLU,train,-2,0.004059568820115711,-0.007991297430196775,-0.033275275424653805
2014-04-30,FOMC_statement,https://www.federalreserve.gov/newsevents/pressreleases/monetary20140430a.htm,XLV,train,0,0.002130468829658616,-0.000353962805828556,0.005509751350846415
2014-04-30,FOMC_statement,https://www.federalreserve.gov/newsevents/pressreleases/monetary20140430a.htm,XLY,train,0,0.003809787147956323,0.0067588913979979015,0.00572790660416167
2014-06-04,Beige_Book,https://www.federalreserve.gov/monetarypolicy/beigebook/beigebook201406.htm,XLB,train,-1,-0.0018524500380787678,-0.005422782650892022,-0.007688961715052067
2014-06-04,Beige_Book,https://www.federalreserve.gov/monetarypolicy/beigebook/beigebook201406.htm,XLE,train,2,-0.0007611115822196979,0.003209274050783195,0.024831889174622424
2014-06-04,Beige_Book,https://www.federalreserve.gov/monetarypolicy/beigebook/beigebook201406.htm,XLF,train,0,0.002835671835997644,0.008038036169159879,7.859063312642967e-05
2014-06-04,Beige_Book,https://www.federalreserve.gov/monetarypolicy/beigebook/beigebook201406.htm,XLI,train,-1,0.003622992430315275,0.012922997820871807,-0.015678376786070092
2014-06-04,Beige_Book,https://www.federalreserve.gov/monetarypolicy/beigebook/beigebook201406.htm,XLK,train,0,9.641920555170103e-05,0.0019046696257771778,0.005032909618377879
2014-06-04,Beige_Book,https://www.federalreserve.gov/monetarypolicy/beigebook/beigebook201406.htm,XLP,train,-1,-0.0025160560455144143,-0.00720972697673572,-0.019971698941993354
2014-06-04,Beige_Book,https://www.federalreserve.gov/monetarypolicy/beigebook/beigebook201406.htm,XLU,train,-2,0.0018749439455265637,-0.014132655636847735,-0.029841322403040826
2014-06-04,Beige_Book,https://www.federalreserve.gov/monetarypolicy/beigebook/beigebook201406.htm,XLV,train,1,-0.005358427518378006,-0.01731400192963828,0.008941929319619568
2014-06-04,Beige_Book,https://www.federalreserve.gov/monetarypolicy/beigebook/beigebook201406.htm,XLY,train,0,-1.7058297254513022e-05,0.0003378616984590632,0.0023124066784092623
2014-06-18,FOMC_statement,https://www.federalreserve.gov/newsevents/pressreleases/monetary20140618a.htm,XLB,train,0,-0.003133859633831615,0.0026519867670953268,-0.0020591375496752384
2014-06-18,FOMC_statement,https://www.federalreserve.gov/newsevents/pressreleases/monetary20140618a.htm,XLE,train,-1,0.00600113865336338,0.0177896939687886,-0.014039779492446725
2014-06-18,FOMC_statement,https://www.federalreserve.gov/newsevents/pressreleases/monetary20140618a.htm,XLF,train,0,-0.0024328274449229026,0.001990175958050955,-0.005889959098767661
2014-06-18,FOMC_statement,https://www.federalreserve.gov/newsevents/pressreleases/monetary20140618a.htm,XLI,train,-1,0.0014296044178589984,-0.0019132137333187638,-0.019522224117618725
2014-06-18,FOMC_statement,https://www.federalreserve.gov/newsevents/pressreleases/monetary20140618a.htm,XLK,train,1,-0.0029428048199985346,-0.003979990484194951,0.019068270493815653
2014-06-18,FOMC_statement,https://www.federalreserve.gov/newsevents/pressreleases/monetary20140618a.htm,XLP,train,-1,0.004604964037652204,-0.005712428830295213,-0.009992252548552738
2014-06-18,FOMC_statement,https://www.federalreserve.gov/newsevents/pressreleases/monetary20140618a.htm,XLU,train,-2,0.007107926515355079,-0.004149049104345326,-0.026553235259279995
2014-06-18,FOMC_statement,https://www.federalreserve.gov/newsevents/pressreleases/monetary20140618a.htm,XLV,train,1,0.0022015552700160868,0.00509569641396268,0.011816301223790737
2014-06-18,FOMC_statement,https://www.federalreserve.gov/newsevents/pressreleases/monetary20140618a.htm,XLY,train,0,-0.0035196230608306456,-0.007772700788177267,0.0031484464262231393
2014-07-16,Beige_Book,https://www.federalreserve.gov/monetarypolicy/beigebook/beigebook201407.htm,XLB,train,0,0.007152135410982363,0.0022475066547166245,0.005944747238108783
2014-07-16,Beige_Book,https://www.federalreserve.gov/monetarypolicy/beigebook/beigebook201407.htm,XLE,train,-2,-0.004783264395364584,-0.008677070879728022,-0.035839326511716174
2014-07-16,Beige_Book,https://www.federalreserve.gov/monetarypolicy/beigebook/beigebook201407.htm,XLF,train,0,-0.0017062513297623205,-0.0011939775610532166,-0.00012578910356386697
2014-07-16,Beige_Book,https://www.federalreserve.gov/monetarypolicy/beigebook/beigebook201407.htm,XLI,train,-1,-0.004190612822309481,-0.004725818555685324,-0.01915372820124972
2014-07-16,Beige_Book,https://www.federalreserve.gov/monetarypolicy/beigebook/beigebook201407.htm,XLK,train,0,-0.001549149233935565,0.0008934273669710668,0.006112207029682515
2014-07-16,Beige_Book,https://www.federalreserve.gov/monetarypolicy/beigebook/beigebook201407.htm,XLP,train,0,0.005147305211097963,0.002209602376174735,-0.0015850113170771118
2014-07-16,Beige_Book,https://www.federalreserve.gov/monetarypolicy/beigebook/beigebook201407.htm,XLU,train,-1,0.0022326425527103844,0.0031117334444389355,-0.00939859976274926
2014-07-16,Beige_Book,https://www.federalreserve.gov/monetarypolicy/beigebook/beigebook201407.htm,XLV,train,2,0.0003981643063541984,0.004364904355396493,0.024656880811969373
2014-07-16,Beige_Book,https://www.federalreserve.gov/monetarypolicy/beigebook/beigebook201407.htm,XLY,train,1,0.0018871382891264554,-0.0017825621440960004,0.00725061835976204
2014-07-30,FOMC_statement,https://www.federalreserve.gov/newsevents/pressreleases/monetary20140730a.htm,XLB,train,0,0.0001995576037027158,0.008768609600339317,0.0007414397410112628
2014-07-30,FOMC_statement,https://www.federalreserve.gov/newsevents/pressreleases/monetary20140730a.htm,XLE,train,-1,-0.0018193551920661077,0.0027401606173068638,-0.021168976944978768
2014-07-30,FOMC_statement,https://www.federalreserve.gov/newsevents/pressreleases/monetary20140730a.htm,XLF,train,0,-0.0007936023615735532,-0.005336880453642889,0.0002938336598541369
2014-07-30,FOMC_statement,https://www.federalreserve.gov/newsevents/pressreleases/monetary20140730a.htm,XLI,train,0,-0.0004790620852679339,-0.00213252479082493,0.00610117852955161
2014-07-30,FOMC_statement,https://www.federalreserve.gov/newsevents/pressreleases/monetary20140730a.htm,XLK,train,-1,0.000879987771054358,-0.0014518485351380228,-0.0071768971327198505
2014-07-30,FOMC_statement,https://www.federalreserve.gov/newsevents/pressreleases/monetary20140730a.htm,XLP,train,1,0.0026597483794972288,0.009364237598964209,0.01120574083178616
2014-07-30,FOMC_statement,https://www.federalreserve.gov/newsevents/pressreleases/monetary20140730a.htm,XLU,train,1,0.004000103830385959,-0.0015993179634137267,0.010193416400106736
2014-07-30,FOMC_statement,https://www.federalreserve.gov/newsevents/pressreleases/monetary20140730a.htm,XLV,train,1,-0.0008340431049798092,8.6599966608647e-05,0.007164181653756763
2014-07-30,FOMC_statement,https://www.federalreserve.gov/newsevents/pressreleases/monetary20140730a.htm,XLY,train,1,0.001276620988678423,0.0032171823735143157,0.009152652201452671
2014-09-03,Beige_Book,https://www.federalreserve.gov/monetarypolicy/beigebook/beigebook201409.htm,XLB,train,-1,0.0014462044161264176,-4.8819810651634654e-05,-0.012119146432850059
2014-09-03,Beige_Book,https://www.federalreserve.gov/monetarypolicy/beigebook/beigebook201409.htm,XLE,train,-2,-0.012057779284125103,-0.02278064872597585,-0.0694239938969381
2014-09-03,Beige_Book,https://www.federalreserve.gov/monetarypolicy/beigebook/beigebook201409.htm,XLF,train,1,0.002299979587619627,0.002097398650561799,0.010644069890803909
2014-09-03,Beige_Book,https://www.federalreserve.gov/monetarypolicy/beigebook/beigebook201409.htm,XLI,train,-1,0.0018153338162750776,0.0023098661283454947,-0.007304229071599444
2014-09-03,Beige_Book,https://www.federalreserve.gov/monetarypolicy/beigebook/beigebook201409.htm,XLK,train,1,0.0009469692987842393,0.00651950246040478,0.010384590194110976
2014-09-03,Beige_Book,https://www.federalreserve.gov/monetarypolicy/beigebook/beigebook201409.htm,XLP,train,2,0.004545138550532735,0.0009133637887878132,0.026589646983679827
2014-09-03,Beige_Book,https://www.federalreserve.gov/monetarypolicy/beigebook/beigebook201409.htm,XLU,train,1,0.0009820655887250451,0.005646666471562978,0.016041944320039914
2014-09-03,Beige_Book,https://www.federalreserve.gov/monetarypolicy/beigebook/beigebook201409.htm,XLV,train,1,-0.0035446195078285836,0.0005013172622498896,0.01418598225790424
2014-09-03,Beige_Book,https://www.federalreserve.gov/monetarypolicy/beigebook/beigebook201409.htm,XLY,train,-1,0.00522669614059923,0.002462694368589924,-0.009761031394872388
2014-09-17,FOMC_statement,https://www.federalreserve.gov/newsevents/pressreleases/monetary20140917a.htm,XLB,train,-1,0.001422223762147734,0.009332787958377886,-0.014722982943750629
2014-09-17,FOMC_statement,https://www.federalreserve.gov/newsevents/pressreleases/monetary20140917c.htm,XLB,train,-1,0.001422223762147734,0.009332787958377886,-0.014722982943750629
2014-09-17,FOMC_statement,https://www.federalreserve.gov/newsevents/pressreleases/monetary20140917a.htm,XLE,train,-2,-0.01049696088599561,-0.017406757519994542,-0.06893656773801682
2014-09-17,FOMC_statement,https://www.federalreserve.gov/newsevents/pressreleases/monetary20140917c.htm,XLE,train,-2,-0.01049696088599561,-0.017406757519994542,-0.06893656773801682
2014-09-17,FOMC_statement,https://www.federalreserve.gov/newsevents/pressreleases/monetary20140917a.htm,XLF,train,1,0.004423750375522895,0.0036677915750241707,0.0069705089471151505
2014-09-17,FOMC_statement,https://www.federalreserve.gov/newsevents/pressreleases/monetary20140917c.htm,XLF,train,1,0.004423750375522895,0.0036677915750241707,0.0069705089471151505
2014-09-17,FOMC_statement,https://www.federalreserve.gov/newsevents/pressreleases/monetary20140917a.htm,XLI,train,0,-0.0005580274834209309,-0.004113698947660116,-0.0008060634578850312
2014-09-17,FOMC_statement,https://www.federalreserve.gov/newsevents/pressreleases/monetary20140917c.htm,XLI,train,0,-0.0005580274834209309,-0.004113698947660116,-0.0008060634578850312
2014-09-17,FOMC_statement,https://www.federalreserve.gov/newsevents/pressreleases/monetary20140917a.htm,XLK,train,0,0.0006162064610366613,0.0004198707938514179,-0.006470916183384023
2014-09-17,FOMC_statement,https://www.federalreserve.gov/newsevents/pressreleases/monetary20140917c.htm,XLK,train,0,0.0006162064610366613,0.0004198707938514179,-0.006470916183384023
2014-09-17,FOMC_statement,https://www.federalreserve.gov/newsevents/pressreleases/monetary20140917a.htm,XLP,train,2,-0.0033525052256999643,0.006092522421694224,0.04440030835646014
2014-09-17,FOMC_statement,https://www.federalreserve.gov/newsevents/pressreleases/monetary20140917c.htm,XLP,train,2,-0.0033525052256999643,0.006092522421694224,0.04440030835646014
2014-09-17,FOMC_statement,https://www.federalreserve.gov/newsevents/pressreleases/monetary20140917a.htm,XLU,train,2,-0.012564837121015082,-0.0024498869159967906,0.07643721444112539
2014-09-17,FOMC_statement,https://www.federalreserve.gov/newsevents/pressreleases/monetary20140917c.htm,XLU,train,2,-0.012564837121015082,-0.0024498869159967906,0.07643721444112539
2014-09-17,FOMC_statement,https://www.federalreserve.gov/newsevents/pressreleases/monetary20140917a.htm,XLV,train,0,0.0021044480623331197,0.006429637053021908,0.004581044434902037
2014-09-17,FOMC_statement,https://www.federalreserve.gov/newsevents/pressreleases/monetary20140917c.htm,XLV,train,0,0.0021044480623331197,0.006429637053021908,0.004581044434902037
2014-09-17,FOMC_statement,https://www.federalreserve.gov/newsevents/pressreleases/monetary20140917a.htm,XLY,train,0,-0.0009437939126022421,-0.005912879710650798,-0.004461629634000541
2014-09-17,FOMC_statement,https://www.federalreserve.gov/newsevents/pressreleases/monetary20140917c.htm,XLY,train,0,-0.0009437939126022421,-0.005912879710650798,-0.004461629634000541
2014-10-15,Beige_Book,https://www.federalreserve.gov/monetarypolicy/beigebook/beigebook201410.htm,XLB,train,-1,0.010735614761095524,0.01770180900448981,-0.014698107637212132
2014-10-15,Beige_Book,https://www.federalreserve.gov/monetarypolicy/beigebook/beigebook201410.htm,XLE,train,-2,0.018733606977742623,0.014455373902779955,-0.03143269592767306
2014-10-15,Beige_Book,https://www.federalreserve.gov/monetarypolicy/beigebook/beigebook201410.htm,XLF,train,0,0.0008585465584907137,-0.0021341524562930037,-9.307764432198162e-06
2014-10-15,Beige_Book,https://www.federalreserve.gov/monetarypolicy/beigebook/beigebook201410.htm,XLI,train,2,0.008242362730456643,0.00944521806487586,0.024932963310224765
2014-10-15,Beige_Book,https://www.federalreserve.gov/monetarypolicy/beigebook/beigebook201410.htm,XLK,train,1,-0.005019167679874648,-0.0075442975339899965,0.00792059342985385
2014-10-15,Beige_Book,https://www.federalreserve.gov/monetarypolicy/beigebook/beigebook201410.htm,XLP,train,-1,-0.006570077873815805,-0.0015038207645521329,-0.013109601105935065
2014-10-15,Beige_Book,https://www.federalreserve.gov/monetarypolicy/beigebook/beigebook201410.htm,XLU,train,-2,0.0017946192430688956,7.541303218738804e-05,-0.03534141555920778
2014-10-15,Beige_Book,https://www.federalreserve.gov/monetarypolicy/beigebook/beigebook201410.htm,XLV,train,1,-0.004263624748086392,0.0022571275737081065,0.023256737926541815
2014-10-15,Beige_Book,https://www.federalreserve.gov/monetarypolicy/beigebook/beigebook201410.htm,XLY,train,0,0.001966512883137872,0.005433850478870905,-0.002434131489936764
2014-10-29,FOMC_statement,https://www.federalreserve.gov/newsevents/pressreleases/monetary20141029a.htm,XLB,train,0,0.0012254530720083867,0.0009529329014373866,-0.0024524702457494607
2014-10-29,FOMC_statement,https://www.federalreserve.gov/newsevents/pressreleases/monetary20141029a.htm,XLE,train,-2,-0.010015125365578137,-0.017473435584381525,-0.11583093860126625
2014-10-29,FOMC_statement,https://www.federalreserve.gov/newsevents/pressreleases/monetary20141029a.htm,XLF,train,0,-0.0008637979269314755,0.0023858740696540703,-0.004710493414356476
2014-10-29,FOMC_statement,https://www.federalreserve.gov/newsevents/pressreleases/monetary20141029a.htm,XLI,train,0,-0.0023697644269871088,-0.00574131870573269,-0.0005641381545532509
2014-10-29,FOMC_statement,https://www.federalreserve.gov/newsevents/pressreleases/monetary20141029a.htm,XLK,train,1,-0.003143711778456515,0.004600262332094873,0.020915106834663022
2014-10-29,FOMC_statement,https://www.federalreserve.gov/newsevents/pressreleases/monetary20141029a.htm,XLP,train,1,-0.00012240050546208359,-0.0017854175934151062,0.021921339780956672
2014-10-29,FOMC_statement,https://www.federalreserve.gov/newsevents/pressreleases/monetary20141029a.htm,XLU,train,-1,0.015621761550994373,0.010458668589481857,-0.010287514822910238
2014-10-29,FOMC_statement,https://www.federalreserve.gov/newsevents/pressreleases/monetary20141029a.htm,XLV,train,1,0.011981758643272,0.005219656094835212,0.011973891679616377
2014-10-29,FOMC_statement,https://www.federalreserve.gov/newsevents/pressreleases/monetary20141029a.htm,XLY,train,2,0.0001574166571027824,-0.0020372788233891104,0.0246774740348078
2014-12-03,Beige_Book,https://www.federalreserve.gov/monetarypolicy/beigebook/beigebook201412.htm,XLB,train,-1,0.004126773669263173,-0.007503774263466267,-0.014647298451097024
2014-12-03,Beige_Book,https://www.federalreserve.gov/monetarypolicy/beigebook/beigebook201412.htm,XLE,train,-2,-0.0075563339731862245,-0.054932301030829356,-0.03825051859760131
2014-12-03,Beige_Book,https://www.federalreserve.gov/monetarypolicy/beigebook/beigebook201412.htm,XLF,train,1,0.0023273282488884828,0.02115034752985967,0.015134559262079295
2014-12-03,Beige_Book,https://www.federalreserve.gov/monetarypolicy/beigebook/beigebook201412.htm,XLI,train,-1,-0.0039442497878610094,-0.00762572540471762,-0.009274506054784415
2014-12-03,Beige_Book,https://www.federalreserve.gov/monetarypolicy/beigebook/beigebook201412.htm,XLK,train,-1,0.001106141515706982,-0.005242819932251286,-0.006966973961860856
2014-12-03,Beige_Book,https://www.federalreserve.gov/monetarypolicy/beigebook/beigebook201412.htm,XLP,train,1,0.0002867308779036515,0.0051307995348609525,0.015044907498513838
2014-12-03,Beige_Book,https://www.federalreserve.gov/monetarypolicy/beigebook/beigebook201412.htm,XLU,train,2,0.00024184892181777773,0.005566503110568055,0.04648617307443781
2014-12-03,Beige_Book,https://www.federalreserve.gov/monetarypolicy/beigebook/beigebook201412.htm,XLV,train,0,-0.00017328479611278258,0.016377123785980663,-0.0008273179077392667
2014-12-03,Beige_Book,https://www.federalreserve.gov/monetarypolicy/beigebook/beigebook201412.htm,XLY,train,1,0.0005463521814704775,-0.0002748963432248619,0.01239865197675738
2014-12-17,FOMC_statement,https://www.federalreserve.gov/newsevents/pressreleases/monetary20141217a.htm,XLB,train,1,-0.001968639333258748,0.0021081215129679087,0.009874280133348123
2014-12-17,FOMC_statement,https://www.federalreserve.gov/newsevents/pressreleases/monetary20141217a.htm,XLE,train,-1,-0.0055285506730398115,0.007395728627642817,-0.021552333765333276
2014-12-17,FOMC_statement,https://www.federalreserve.gov/newsevents/pressreleases/monetary20141217a.htm,XLF,train,-2,-0.0016170142400140364,-0.0029348144088303663,-0.036802800415815295
2014-12-17,FOMC_statement,https://www.federalreserve.gov/newsevents/pressreleases/monetary20141217a.htm,XLI,train,0,0.0004520054986334454,0.006755155239196231,-0.002554606944298099
2014-12-17,FOMC_statement,https://www.federalreserve.gov/newsevents/pressreleases/monetary20141217a.htm,XLK,train,0,0.003856949358181483,0.008137379605614559,0.0020488084968116604
2014-12-17,FOMC_statement,https://www.federalreserve.gov/newsevents/pressreleases/monetary20141217a.htm,XLP,train,2,-0.005602473966488386,-0.005817598511980382,0.02807445344461723
2014-12-17,FOMC_statement,https://www.federalreserve.gov/newsevents/pressreleases/monetary20141217a.htm,XLU,train,2,-0.005069794654416926,-0.00971829450297168,0.05374384480743721
2014-12-17,FOMC_statement,https://www.federalreserve.gov/newsevents/pressreleases/monetary20141217a.htm,XLV,train,1,0.0026677182057848192,-0.013282183179313067,0.022515469134984256
2014-12-17,FOMC_statement,https://www.federalreserve.gov/newsevents/pressreleases/monetary20141217a.htm,XLY,train,-1,-0.008257690642544668,-0.004646201721497434,-0.010558027160817107
2015-01-14,Beige_Book,https://www.federalreserve.gov/monetarypolicy/beigebook/beigebook201501.htm,XLB,train,2,0.0072531408388686325,0.00960169994647464,0.043326599487980455
2015-01-14,Beige_Book,https://www.federalreserve.gov/monetarypolicy/beigebook/beigebook201501.htm,XLE,train,2,-0.003576257603447819,0.014901371139656283,0.06465113850941884
2015-01-14,Beige_Book,https://www.federalreserve.gov/monetarypolicy/beigebook/beigebook201501.htm,XLF,train,0,-0.0031800828855383934,-0.01062009422713317,-0.004193236764910568
2015-01-14,Beige_Book,https://www.federalreserve.gov/monetarypolicy/beigebook/beigebook201501.htm,XLI,train,0,0.004401266883936716,0.002901699404303959,0.0020302911974571236
2015-01-14,Beige_Book,https://www.federalreserve.gov/monetarypolicy/beigebook/beigebook201501.htm,XLK,train,1,-0.0036757135417279097,-0.0007503276495693934,0.008355725567261052
2015-01-14,Beige_Book,https://www.federalreserve.gov/monetarypolicy/beigebook/beigebook201501.htm,XLP,train,-2,0.010800207732539202,0.0075912063080950665,-0.029376518261740037
2015-01-14,Beige_Book,https://www.federalreserve.gov/monetarypolicy/beigebook/beigebook201501.htm,XLU,train,-2,0.01710837442218416,0.013252477778868177,-0.09905358542254561
2015-01-14,Beige_Book,https://www.federalreserve.gov/monetarypolicy/beigebook/beigebook201501.htm,XLV,train,-2,-0.001581362319247992,0.0019933158002392037,-0.03041843255170329
2015-01-14,Beige_Book,https://www.federalreserve.gov/monetarypolicy/beigebook/beigebook201501.htm,XLY,train,2,-0.0037596365941904297,-0.011513254211988788,0.02915867028071628
2015-01-28,FOMC_statement,https://www.federalreserve.gov/newsevents/pressreleases/monetary20150128a.htm,XLB,train,2,0.0038753989572439806,0.009114432573673836,0.034923509912276995
2015-01-28,FOMC_statement,https://www.federalreserve.gov/newsevents/pressreleases/monetary20150128a.htm,XLE,train,1,-0.005894632902764263,0.0335502950206632,0.006897156784673508
2015-01-28,FOMC_statement,https://www.federalreserve.gov/newsevents/pressreleases/monetary20150128a.htm,XLF,train,0,-0.001054207580621247,-0.0010298108323654187,-0.0026687867002888055
2015-01-28,FOMC_statement,https://www.federalreserve.gov/newsevents/pressreleases/monetary20150128a.htm,XLI,train,0,0.0022444812568547245,0.0010536749727582118,-0.0038769530914429806
2015-01-28,FOMC_statement,https://www.federalreserve.gov/newsevents/pressreleases/monetary20150128a.htm,XLK,train,1,0.00025151107484711055,-0.0016581562855072507,0.022757535862586775
2015-01-28,FOMC_statement,https://www.federalreserve.gov/newsevents/pressreleases/monetary20150128a.htm,XLP,train,-1,-0.0012045504988762445,-0.0071397692619163955,-0.02076910061514603
2015-01-28,FOMC_statement,https://www.federalreserve.gov/newsevents/pressreleases/monetary20150128a.htm,XLU,train,-2,0.00408712634067232,-0.013436045213256698,-0.12439001932890303
2015-01-28,FOMC_statement,https://www.federalreserve.gov/newsevents/pressreleases/monetary20150128a.htm,XLV,train,-1,-0.0007882826381835351,-0.01059898359413114,-0.016303146429881066
2015-01-28,FOMC_statement,https://www.federalreserve.gov/newsevents/pressreleases/monetary20150128a.htm,XLY,train,2,0.004364785293047735,0.0026748782808234672,0.03352313362710624
2015-03-04,Beige_Book,https://www.federalreserve.gov/monetarypolicy/beigebook/beigebook20150304.htm,XLB,train,-2,-0.005376272834107243,-0.007559497806804982,-0.030239046000985814
2015-03-04,Beige_Book,https://www.federalreserve.gov/monetarypolicy/beigebook/beigebook20150304.htm,XLE,train,1,-0.007070332847568861,-0.022221208678719018,0.00927576177550482
2015-03-04,Beige_Book,https://www.federalreserve.gov/monetarypolicy/beigebook/beigebook20150304.htm,XLF,train,1,0.0030194491027752957,0.010104798704178908,0.013633968475844749
2015-03-04,Beige_Book,https://www.federalreserve.gov/monetarypolicy/beigebook/beigebook20150304.htm,XLI,train,-1,-0.0003947369521559718,0.005285063856624528,-0.012868994430036751
2015-03-04,Beige_Book,https://www.federalreserve.gov/monetarypolicy/beigebook/beigebook20150304.htm,XLK,train,-1,-0.0022577492888306017,3.1527666915942554e-05,-0.01992534110471078
2015-03-04,Beige_Book,https://www.federalreserve.gov/monetarypolicy/beigebook/beigebook20150304.htm,XLP,train,1,0.0023364651555948246,-0.0017122506728751707,0.011175543090769291
2015-03-04,Beige_Book,https://www.federalreserve.gov/monetarypolicy/beigebook/beigebook20150304.htm,XLU,train,2,0.006792412822030691,-0.011402017891427363,0.026184623968266263
2015-03-04,Beige_Book,https://www.federalreserve.gov/monetarypolicy/beigebook/beigebook20150304.htm,XLV,train,1,0.0024885227909197116,-0.0010624435719692737,0.008797138556381645
2015-03-04,Beige_Book,https://www.federalreserve.gov/monetarypolicy/beigebook/beigebook20150304.htm,XLY,train,1,-0.00043824159614613833,0.003259990523163392,0.009583043724856188
2015-03-18,FOMC_statement,https://www.federalreserve.gov/newsevents/pressreleases/monetary20150318a.htm,XLB,train,0,-0.012652935898481377,-0.013090754516271952,0.004579525638496396
2015-03-18,FOMC_statement,https://www.federalreserve.gov/newsevents/pressreleases/monetary20150318a.htm,XLE,train,2,-0.01130163716331023,-0.006979246952857565,0.07017054477863893
2015-03-18,FOMC_statement,https://www.federalreserve.gov/newsevents/pressreleases/monetary20150318a.htm,XLF,train,-1,-0.004750861634436276,-0.003717240105320374,-0.011939314250852817
2015-03-18,FOMC_statement,https://www.federalreserve.gov/newsevents/pressreleases/monetary20150318a.htm,XLI,train,-1,-0.0022274349031157215,-0.011857071600432256,-0.016787241403179
2015-03-18,FOMC_statement,https://www.federalreserve.gov/newsevents/pressreleases/monetary20150318a.htm,XLK,train,-1,0.001741600124352094,0.0013225903391795857,-0.014058955553602814
2015-03-18,FOMC_statement,https://www.federalreserve.gov/newsevents/pressreleases/monetary20150318a.htm,XLP,train,1,5.7284838733240306e-05,0.007352019423409906,0.0178592256121326
2015-03-18,FOMC_statement,https://www.federalreserve.gov/newsevents/pressreleases/monetary20150318a.htm,XLU,train,-1,-0.004699950883203519,-0.0019161198975271576,-0.012373777410572773
2015-03-18,FOMC_statement,https://www.federalreserve.gov/newsevents/pressreleases/monetary20150318a.htm,XLV,train,0,0.010361075318903623,0.007913977391632354,-0.0009431430281284792
2015-03-18,FOMC_statement,https://www.federalreserve.gov/newsevents/pressreleases/monetary20150318a.htm,XLY,train,0,0.0031190060403525344,0.005677190186958669,-0.0029867056907304512
2015-04-15,Beige_Book,https://www.federalreserve.gov/monetarypolicy/beigebook/beigebook201504.htm,XLB,train,1,-0.001905669727002568,-0.0014694292320739377,0.012829916759332649
2015-04-15,Beige_Book,https://www.federalreserve.gov/monetarypolicy/beigebook/beigebook201504.htm,XLE,train,-2,-0.0020120095875468813,-0.003132376712422391,-0.03707257472123415
2015-04-15,Beige_Book,https://www.federalreserve.gov/monetarypolicy/beigebook/beigebook201504.htm,XLF,train,1,0.0019234333916682278,-0.005057706833899167,0.00743404451303642
2015-04-15,Beige_Book,https://www.federalreserve.gov/monetarypolicy/beigebook/beigebook201504.htm,XLI,train,0,-0.0018345176828373777,0.00014110458672622617,0.001443922548915788
2015-04-15,Beige_Book,https://www.federalreserve.gov/monetarypolicy/beigebook/beigebook201504.htm,XLK,train,1,-0.003269217234700972,0.002424961054961261,0.021256674386583185
2015-04-15,Beige_Book,https://www.federalreserve.gov/monetarypolicy/beigebook/beigebook201504.htm,XLP,train,0,0.00393360067890014,0.00047647123861693785,-0.0034990613584069408
2015-04-15,Beige_Book,https://www.federalreserve.gov/monetarypolicy/beigebook/beigebook201504.htm,XLU,train,-2,-0.0062237109866057905,0.007493713266936486,-0.02614005737694869
2015-04-15,Beige_Book,https://www.federalreserve.gov/monetarypolicy/beigebook/beigebook201504.htm,XLV,train,0,-0.00025541778795534764,-0.00040586762476668703,-0.006166045461818981
2015-04-15,Beige_Book,https://www.federalreserve.gov/monetarypolicy/beigebook/beigebook201504.htm,XLY,train,-1,0.0022541102573934158,0.000854780662834953,-0.011265808278712375
2015-04-29,FOMC_statement,https://www.federalreserve.gov/newsevents/pressreleases/monetary20150429a.htm,XLB,train,0,0.003713946818616365,0.0037553632145628235,-0.005110013745133424
2015-04-29,FOMC_statement,https://www.federalreserve.gov/newsevents/pressreleases/monetary20150429a.htm,XLE,train,-2,0.0068852852368008755,-0.007039150376337178,-0.058830347036109676
2015-04-29,FOMC_statement,https://www.federalreserve.gov/newsevents/pressreleases/monetary20150429a.htm,XLF,train,1,0.0022079313822400692,0.007082400328982441,0.008818528868736353
2015-04-29,FOMC_statement,https://www.federalreserve.gov/newsevents/pressreleases/monetary20150429a.htm,XLI,train,-1,0.0012892200653111807,0.001781506887045703,-0.008203528566950613
2015-04-29,FOMC_statement,https://www.federalreserve.gov/newsevents/pressreleases/monetary20150429a.htm,XLK,train,0,-0.0038749206430584993,-0.004422861427700764,0.0021650141695520597
2015-04-29,FOMC_statement,https://www.federalreserve.gov/newsevents/pressreleases/monetary20150429a.htm,XLP,train,0,0.006723193541089523,0.0035654902433476243,0.002503435306816848
2015-04-29,FOMC_statement,https://www.federalreserve.gov/newsevents/pressreleases/monetary20150429a.htm,XLU,train,-1,-0.0016028841037769581,-0.0022170572430353364,-0.007890834198169827
2015-04-29,FOMC_statement,https://www.federalreserve.gov/newsevents/pressreleases/monetary20150429a.htm,XLV,train,2,-0.004004019188247443,0.0021632412637898613,0.02745367604211779
2015-04-29,FOMC_statement,https://www.federalreserve.gov/newsevents/pressreleases/monetary20150429a.htm,XLY,train,0,-0.0011403777952497807,0.001076194842998146,-0.0008912138791757895
2015-06-03,Beige_Book,https://www.federalreserve.gov/monetarypolicy/beigebook/beigebook201506.htm,XLB,train,-2,-0.003355161496451653,-0.0036697453120774215,-0.025104597643570425
2015-06-03,Beige_Book,https://www.federalreserve.gov/monetarypolicy/beigebook/beigebook201506.htm,XLE,train,-1,-0.005109871198869409,0.004089116673477777,-0.023915317909400158
2015-06-03,Beige_Book,https://www.federalreserve.gov/monetarypolicy/beigebook/beigebook201506.htm,XLF,train,1,-0.00039944539001857127,0.007092470757963376,0.012665438754285052
2015-06-03,Beige_Book,https://www.federalreserve.gov/monetarypolicy/beigebook/beigebook201506.htm,XLI,train,-1,-0.00271391310178537,-0.001473972654998712,-0.01801500545589574
2015-06-03,Beige_Book,https://www.federalreserve.gov/monetarypolicy/beigebook/beigebook201506.htm,XLK,train,-1,-0.0007509415534030506,-0.007312715097218647,-0.019268654141691877
2015-06-03,Beige_Book,https://www.federalreserve.gov/monetarypolicy/beigebook/beigebook201506.htm,XLP,train,1,0.0012491680103150493,-0.005599599712465708,0.01385690749443591
2015-06-03,Beige_Book,https://www.federalreserve.gov/monetarypolicy/beigebook/beigebook201506.htm,XLU,train,0,0.007061154371011624,-0.0034103748410507784,0.0008013125318738767
2015-06-03,Beige_Book,https://www.federalreserve.gov/monetarypolicy/beigebook/beigebook201506.htm,XLV,train,1,0.001503257400287894,0.003986079582394608,0.020162106055591655
2015-06-03,Beige_Book,https://www.federalreserve.gov/monetarypolicy/beigebook/beigebook201506.htm,XLY,train,1,0.0013300861575802347,-0.0007308306853760493,0.01922775713625191
2015-06-17,FOMC_statement,https://www.federalreserve.gov/newsevents/pressreleases/monetary20150617a.htm,XLB,train,-2,-0.0020599808202115266,-0.005665334773402364,-0.06407126551602016
2015-06-17,FOMC_statement,https://www.federalreserve.gov/newsevents/pressreleases/monetary20150617a.htm,XLE,train,-2,-0.011046959244451537,-0.008758700071032188,-0.07011862134830804
2015-06-17,FOMC_statement,https://www.federalreserve.gov/newsevents/pressreleases/monetary20150617a.htm,XLF,train,0,-0.0012145821354880848,-0.003231642340543628,0.00495758711919414
2015-06-17,FOMC_statement,https://www.federalreserve.gov/newsevents/pressreleases/monetary20150617a.htm,XLI,train,-1,-0.00034722558648248025,0.00021347699590312796,-0.023131176206001025
2015-06-17,FOMC_statement,https://www.federalreserve.gov/newsevents/pressreleases/monetary20150617a.htm,XLK,train,1,-0.0015022484518125712,-0.002280652047929932,0.007945265438862648
2015-06-17,FOMC_statement,https://www.federalreserve.gov/newsevents/pressreleases/monetary20150617a.htm,XLP,train,2,0.0007366861584920947,0.002562301889642793,0.024480889096708647
2015-06-17,FOMC_statement,https://www.federalreserve.gov/newsevents/pressreleases/monetary20150617a.htm,XLU,train,0,0.0028471988417806404,-0.008889763717434995,0.0029450323283961577
2015-06-17,FOMC_statement,https://www.federalreserve.gov/newsevents/pressreleases/monetary20150617a.htm,XLV,train,1,0.0037397049380143432,0.010070204087730406,0.01620794521784108
2015-06-17,FOMC_statement,https://www.federalreserve.gov/newsevents/pressreleases/monetary20150617a.htm,XLY,train,1,0.0016717987217969021,0.003027770922986117,0.01662096964147164
2015-07-15,Beige_Book,https://www.federalreserve.gov/monetarypolicy/beigebook/beigebook201507.htm,XLB,train,-2,-0.010518603549750538,-0.027153356686358432,-0.04525570520217137
2015-07-15,Beige_Book,https://www.federalreserve.gov/monetarypolicy/beigebook/beigebook201507.htm,XLE,train,-2,-0.006659154502815623,-0.03341357858795657,-0.040943696752982595
2015-07-15,Beige_Book,https://www.federalreserve.gov/monetarypolicy/beigebook/beigebook201507.htm,XLF,train,0,0.001892650680923147,-0.0010407161806211818,0.003740462975170389
2015-07-15,Beige_Book,https://www.federalreserve.gov/monetarypolicy/beigebook/beigebook201507.htm,XLI,train,0,-0.0034534450062928546,-0.0050008250189813586,-0.0022548768853599688
2015-07-15,Beige_Book,https://www.federalreserve.gov/monetarypolicy/beigebook/beigebook201507.htm,XLK,train,1,0.00475963786574618,0.02411660302780616,0.009064293286217828
2015-07-15,Beige_Book,https://www.federalreserve.gov/monetarypolicy/beigebook/beigebook201507.htm,XLP,train,1,0.002259864021200597,0.0020932303770774263,0.017400645859258268
2015-07-15,Beige_Book,https://www.federalreserve.gov/monetarypolicy/beigebook/beigebook201507.htm,XLU,train,2,0.006810864944274186,-0.009451423735970077,0.05713700317845827
2015-07-15,Beige_Book,https://www.federalreserve.gov/monetarypolicy/beigebook/beigebook201507.htm,XLV,train,-1,-0.0033361103885509724,-0.0036568712396906067,-0.011403931599038741
2015-07-15,Beige_Book,https://www.federalreserve.gov/monetarypolicy/beigebook/beigebook201507.htm,XLY,train,0,-0.0019336864756436256,-0.004559421321058799,0.002982089734529292
2015-07-29,FOMC_statement,https://www.federalreserve.gov/newsevents/pressreleases/monetary20150729a.htm,XLB,train,0,0.00478012238201142,-0.0007683757781234979,0.0006350211187461374
2015-07-29,FOMC_statement,https://www.federalreserve.gov/newsevents/pressreleases/monetary20150729a.htm,XLE,train,-2,-0.007237252282939033,-0.045242055547293325,-0.04587783469158657
2015-07-29,FOMC_statement,https://www.federalreserve.gov/newsevents/pressreleases/monetary20150729a.htm,XLF,train,-1,-0.0002371397696245836,0.0003006274137907772,-0.006924126684920484
2015-07-29,FOMC_statement,https://www.federalreserve.gov/newsevents/pressreleases/monetary20150729a.htm,XLI,train,1,-0.0011574703348318227,-0.0019831859496701743,0.006838270133152302
2015-07-29,FOMC_statement,https://www.federalreserve.gov/newsevents/pressreleases/monetary20150729a.htm,XLK,train,0,0.0016391974765868067,-0.0021491865754829087,0.006019715770190337
2015-07-29,FOMC_statement,https://www.federalreserve.gov/newsevents/pressreleases/monetary20150729a.htm,XLP,train,0,-0.0036113612817740837,0.004662324515024019,0.001146071852946129
2015-07-29,FOMC_statement,https://www.federalreserve.gov/newsevents/pressreleases/monetary20150729a.htm,XLU,train,2,0.007165244010823857,0.027387551059763537,0.05640865046070709
2015-07-29,FOMC_statement,https://www.federalreserve.gov/newsevents/pressreleases/monetary20150729a.htm,XLV,train,0,-0.0016794787610875384,0.008205960522702282,0.001841190101750767
2015-07-29,FOMC_statement,https://www.federalreserve.gov/newsevents/pressreleases/monetary20150729a.htm,XLY,train,0,0.0034024214155543575,0.008053672692647007,0.0027575943467904596
2015-09-02,Beige_Book,https://www.federalreserve.gov/monetarypolicy/beigebook/beigebook201509.htm,XLB,train,-2,0.0053814444536928185,0.0005439118560282008,-0.027043257301170298
2015-09-02,Beige_Book,https://www.federalreserve.gov/monetarypolicy/beigebook/beigebook201509.htm,XLE,train,0,0.0020668516183981467,-0.00874811934826436,-0.006728546739226626
2015-09-02,Beige_Book,https://www.federalreserve.gov/monetarypolicy/beigebook/beigebook201509.htm,XLF,train,-1,0.004940451170073468,0.0006490490936332804,-0.010241116812484297
2015-09-02,Beige_Book,https://www.federalreserve.gov/monetarypolicy/beigebook/beigebook201509.htm,XLI,train,-1,-0.00012832683023189517,0.0035763735912893724,-0.010065496728792755
2015-09-02,Beige_Book,https://www.federalreserve.gov/monetarypolicy/beigebook/beigebook201509.htm,XLK,train,0,3.552784634042183e-05,0.0027470172815989846,0.006522626552906141
2015-09-02,Beige_Book,https://www.federalreserve.gov/monetarypolicy/beigebook/beigebook201509.htm,XLP,train,1,0.006096529193818201,0.0006711555744067788,0.021280407768878518
2015-09-02,Beige_Book,https://www.federalreserve.gov/monetarypolicy/beigebook/beigebook201509.htm,XLU,train,2,0.003879349711063629,0.0014009939509114222,0.05338478462504037
2015-09-02,Beige_Book,https://www.federalreserve.gov/monetarypolicy/beigebook/beigebook201509.htm,XLV,train,-1,-0.007854187473683605,-0.002401441385291414,-0.02365134627026566
2015-09-02,Beige_Book,https://www.federalreserve.gov/monetarypolicy/beigebook/beigebook201509.htm,XLY,train,1,-0.000314469876392387,0.002129671824056434,0.017631497648416317
2015-09-17,FOMC_statement,https://www.federalreserve.gov/newsevents/pressreleases/monetary20150917a.htm,XLB,train,1,-0.004741756102298433,-0.01214943788690881,0.008520518159865653
2015-09-17,FOMC_statement,https://www.federalreserve.gov/newsevents/pressreleases/monetary20150917a.htm,XLE,train,2,-0.009922994535949692,-0.006963469053047122,0.045850754930353066
2015-09-17,FOMC_statement,https://www.federalreserve.gov/newsevents/pressreleases/monetary20150917a.htm,XLF,train,0,-0.0030032863456926906,0.003629961485115518,-0.003509908824387953
2015-09-17,FOMC_statement,https://www.federalreserve.gov/newsevents/pressreleases/monetary20150917a.htm,XLI,train,-1,-0.0057506198322649915,-0.007501613177622324,-0.012055037017360992
2015-09-17,FOMC_statement,https://www.federalreserve.gov/newsevents/pressreleases/monetary20150917a.htm,XLK,train,1,0.003356946577908304,0.004347680112717578,0.010673459187761303
2015-09-17,FOMC_statement,https://www.federalreserve.gov/newsevents/pressreleases/monetary20150917a.htm,XLP,train,1,0.004779282628488923,0.009070031740369466,0.015668148002934812
2015-09-17,FOMC_statement,https://www.federalreserve.gov/newsevents/pressreleases/monetary20150917a.htm,XLU,train,2,0.010714022784476085,0.010051803978213814,0.02985428083799324
2015-09-17,FOMC_statement,https://www.federalreserve.gov/newsevents/pressreleases/monetary20150917a.htm,XLV,train,-2,0.0010796685771902181,-0.010509928717821526,-0.052983368086055416
2015-09-17,FOMC_statement,https://www.federalreserve.gov/newsevents/pressreleases/monetary20150917a.htm,XLY,train,0,0.0004184959883815065,0.003708182149268713,-0.001663941115081169
2015-10-14,Beige_Book,https://www.federalreserve.gov/monetarypolicy/beigebook/beigebook201510.htm,XLB,train,-2,-0.0126249210262519,-0.024240539361706226,-0.029681592906090737
2015-10-14,Beige_Book,https://www.federalreserve.gov/monetarypolicy/beigebook/beigebook201510.htm,XLE,train,-2,0.002607291340877671,-0.020918476841923828,-0.050543574328074437
2015-10-14,Beige_Book,https://www.federalreserve.gov/monetarypolicy/beigebook/beigebook201510.htm,XLF,train,2,0.007362735252998576,0.00745520033989211,0.025468459552231315
2015-10-14,Beige_Book,https://www.federalreserve.gov/monetarypolicy/beigebook/beigebook201510.htm,XLI,train,0,-0.004445710138015091,-0.013263862197836485,0.00113925052316044
2015-10-14,Beige_Book,https://www.federalreserve.gov/monetarypolicy/beigebook/beigebook201510.htm,XLK,train,1,-0.002540199289991829,-0.0018568867125128286,0.016950614562378563
2015-10-14,Beige_Book,https://www.federalreserve.gov/monetarypolicy/beigebook/beigebook201510.htm,XLP,train,-2,-0.006323766053375923,0.002631270124225926,-0.03722977146281525
2015-10-14,Beige_Book,https://www.federalreserve.gov/monetarypolicy/beigebook/beigebook201510.htm,XLU,train,-2,-0.0006055458114115897,-0.003632065239035809,-0.058462651612812055
2015-10-14,Beige_Book,https://www.federalreserve.gov/monetarypolicy/beigebook/beigebook201510.htm,XLV,train,0,0.0069724525386483105,0.014485230861710052,0.004042461934994135
2015-10-14,Beige_Book,https://www.federalreserve.gov/monetarypolicy/beigebook/beigebook201510.htm,XLY,train,1,-0.002348169132207145,0.002604446143410488,0.010078032857749664
2015-10-28,FOMC_statement,https://www.federalreserve.gov/newsevents/pressreleases/monetary20151028a.htm,XLB,train,1,0.0025684231773954735,0.0025577879223077638,0.00803631499401869
2015-10-28,FOMC_statement,https://www.federalreserve.gov/newsevents/pressreleases/monetary20151028a.htm,XLE,train,0,0.00562983186921695,0.027990756104140813,0.006695633048941163
2015-10-28,FOMC_statement,https://www.federalreserve.gov/newsevents/pressreleases/monetary20151028a.htm,XLF,train,0,-0.0006517131984961066,-0.008795165157497231,0.0021645895677119276
2015-10-28,FOMC_statement,https://www.federalreserve.gov/newsevents/pressreleases/monetary20151028a.htm,XLI,train,1,2.2778491771346943e-05,0.0028219352064857706,0.010293469964560487
2015-10-28,FOMC_statement,https://www.federalreserve.gov/newsevents/pressreleases/monetary20151028a.htm,XLK,train,0,-0.0021488485358659437,-0.007335274752974463,-0.00619375924956711
2015-10-28,FOMC_statement,https://www.federalreserve.gov/newsevents/pressreleases/monetary20151028a.htm,XLP,train,-1,0.0009711286315148282,-0.011637566119732767,-0.011995377300025867
2015-10-28,FOMC_statement,https://www.federalreserve.gov/newsevents/pressreleases/monetary20151028a.htm,XLU,train,-2,-0.005132868694971093,-0.006919169684294846,-0.026435152687367847
2015-10-28,FOMC_statement,https://www.federalreserve.gov/newsevents/pressreleases/monetary20151028a.htm,XLV,train,0,0.005051597081605408,0.012568918152279784,0.006187497725291702
2015-10-28,FOMC_statement,https://www.federalreserve.gov/newsevents/pressreleases/monetary20151028a.htm,XLY,train,1,0.003428787637585806,0.0025815561974928958,0.008564925862626693
2015-12-02,Beige_Book,https://www.federalreserve.gov/monetarypolicy/beigebook/beigebook201512.htm,XLB,train,-1,0.005198314205797971,-0.008598554840816841,-0.021730627875716557
2015-12-02,Beige_Book,https://www.federalreserve.gov/monetarypolicy/beigebook/beigebook201512.htm,XLE,train,-2,-0.006015188769595836,-0.06377845745810451,-0.054621217041664005
2015-12-02,Beige_Book,https://www.federalreserve.gov/monetarypolicy/beigebook/beigebook201512.htm,XLF,train,-1,-0.0022974073494895775,0.001488405641926538,-0.010982021612929493
2015-12-02,Beige_Book,https://www.federalreserve.gov/monetarypolicy/beigebook/beigebook201512.htm,XLI,train,0,0.0015123024460552692,-0.0020002511315986293,-0.0033925699103221074
2015-12-02,Beige_Book,https://www.federalreserve.gov/monetarypolicy/beigebook/beigebook201512.htm,XLK,train,0,0.0010687417875862026,0.007285702880636347,-0.005732207052147831
2015-12-02,Beige_Book,https://www.federalreserve.gov/monetarypolicy/beigebook/beigebook201512.htm,XLP,train,2,0.008759557584271382,0.020592063298374264,0.04315992597819451
2015-12-02,Beige_Book,https://www.federalreserve.gov/monetarypolicy/beigebook/beigebook201512.htm,XLRE,train,2,-0.005918644384436789,0.0009631537301002524,0.036441526653486656
2015-12-02,Beige_Book,https://www.federalreserve.gov/monetarypolicy/beigebook/beigebook201512.htm,XLU,train,2,0.006420327064945441,0.011537253660054647,0.0637772333767942
2015-12-02,Beige_Book,https://www.federalreserve.gov/monetarypolicy/beigebook/beigebook201512.htm,XLV,train,1,-0.007894013945086154,-0.0033833032119752193,0.021457400145974637
2015-12-02,Beige_Book,https://www.federalreserve.gov/monetarypolicy/beigebook/beigebook201512.htm,XLY,train,-1,-0.0010776305224631244,0.0006189105192320188,-0.01681538778710301
2015-12-16,FOMC_statement,https://www.federalreserve.gov/newsevents/pressreleases/monetary20151216a.htm,XLB,train,-2,-0.004739267612319464,0.00030419651876456566,-0.05037175197114663
2015-12-16,FOMC_statement,https://www.federalreserve.gov/newsevents/pressreleases/monetary20151216a.htm,XLE,train,-2,-0.009317363989054694,-0.01624455699776861,-0.04461936253387766
2015-12-16,FOMC_statement,https://www.federalreserve.gov/newsevents/pressreleases/monetary20151216a.htm,XLF,train,-2,0.0009175656322327752,-0.006378725884533143,-0.030678987069000407
2015-12-16,FOMC_statement,https://www.federalreserve.gov/newsevents/pressreleases/monetary20151216a.htm,XLI,train,0,-0.0013199088626096867,0.0007321801895686653,0.0010815715647617408
2015-12-16,FOMC_statement,https://www.federalreserve.gov/newsevents/pressreleases/monetary20151216a.htm,XLK,train,-1,-0.0004755018917915743,-0.00010626294451399065,-0.0083606721188213
2015-12-16,FOMC_statement,https://www.federalreserve.gov/newsevents/pressreleases/monetary20151216a.htm,XLP,train,2,0.002362581027673949,0.0055602804385365134,0.05413844472900975
2015-12-16,FOMC_statement,https://www.federalreserve.gov/newsevents/pressreleases/monetary20151216a.htm,XLRE,train,2,0.013953285430054363,0.01215871154869208,0.050372076650830766
2015-12-16,FOMC_statement,https://www.federalreserve.gov/newsevents/pressreleases/monetary20151216a.htm,XLU,train,2,0.017312141744160403,0.013743571363636131,0.11919631895040594
2015-12-16,FOMC_statement,https://www.federalreserve.gov/newsevents/pressreleases/monetary20151216a.htm,XLV,train,1,0.004496379792089278,0.00864346933288307,0.016904606432127767
2015-12-16,FOMC_statement,https://www.federalreserve.gov/newsevents/pressreleases/monetary20151216a.htm,XLY,train,-1,-0.0012184795978301688,-0.0023284933334983826,-0.012020937382103303
2016-01-13,Beige_Book,https://www.federalreserve.gov/monetarypolicy/beigebook/beigebook201601.htm,XLB,train,2,-0.0029205859129479705,-0.015559632935263079,0.049547013331616596
2016-01-13,Beige_Book,https://www.federalreserve.gov/monetarypolicy/beigebook/beigebook201601.htm,XLE,train,2,0.02663203727472574,-0.003703963140660127,0.047777854276869536
2016-01-13,Beige_Book,https://www.federalreserve.gov/monetarypolicy/beigebook/beigebook201601.htm,XLF,train,-2,-0.007669414715754108,-0.010365182624085478,-0.044972925018502474
2016-01-13,Beige_Book,https://www.federalreserve.gov/monetarypolicy/beigebook/beigebook201601.htm,XLI,train,2,-0.00456571357222213,-0.0022045081076688122,0.02656103967004697
2016-01-13,Beige_Book,https://www.federalreserve.gov/monetarypolicy/beigebook/beigebook201601.htm,XLK,train,0,0.0024609665231092315,-0.00454932316930412,0.0007634997362717666
2016-01-13,Beige_Book,https://www.federalreserve.gov/monetarypolicy/beigebook/beigebook201601.htm,XLP,train,2,-0.01170750753944838,0.004744057639155641,0.035657671660283774
2016-01-13,Beige_Book,https://www.federalreserve.gov/monetarypolicy/beigebook/beigebook201601.htm,XLRE,train,-2,-0.013044260192851986,-0.002878056250495309,-0.06243645481270721
2016-01-13,Beige_Book,https://www.federalreserve.gov/monetarypolicy/beigebook/beigebook201601.htm,XLU,train,2,-0.0013533819839843808,0.024851381391803762,0.0654476997269936
2016-01-13,Beige_Book,https://www.federalreserve.gov/monetarypolicy/beigebook/beigebook201601.htm,XLV,train,-1,0.010381245858027244,0.016359338732669593,-0.014202851599068533
2016-01-13,Beige_Book,https://www.federalreserve.gov/monetarypolicy/beigebook/beigebook201601.htm,XLY,train,-2,-0.009242084753387614,-0.005878660239896472,-0.026025323633853126
2016-01-27,FOMC_statement,https://www.federalreserve.gov/newsevents/pressreleases/monetary20160127a.htm,XLB,train,2,-0.0036148568229574796,0.005423865532232841,0.07731431047149162
2016-01-27,FOMC_statement,https://www.federalreserve.gov/newsevents/pressreleases/monetary20160127a.htm,XLE,train,1,0.025214912889595542,0.013707683642951052,0.008591290069783541
2016-01-27,FOMC_statement,https://www.federalreserve.gov/newsevents/pressreleases/monetary20160127a.htm,XLF,train,-2,-0.004735769535674228,-0.004973792862804527,-0.02528004135011941
2016-01-27,FOMC_statement,https://www.federalreserve.gov/newsevents/pressreleases/monetary20160127a.htm,XLI,train,2,0.0005761451687815722,0.001069440674915989,0.0443820300392469
2016-01-27,FOMC_statement,https://www.federalreserve.gov/newsevents/pressreleases/monetary20160127a.htm,XLK,train,1,0.007711456775065573,0.018848348225974365,0.008463890406064212
2016-01-27,FOMC_statement,https://www.federalreserve.gov/newsevents/pressreleases/monetary20160127a.htm,XLP,train,0,0.004942869240261327,0.004577218829401208,-0.0004360314450906344
2016-01-27,FOMC_statement,https://www.federalreserve.gov/newsevents/pressreleases/monetary20160127a.htm,XLRE,train,-2,-0.016064211826932406,-0.01781138202056254,-0.03831752466979932
2016-01-27,FOMC_statement,https://www.federalreserve.gov/newsevents/pressreleases/monetary20160127a.htm,XLU,train,1,0.01076090564217247,0.01619836071005476,0.015410150930135758
2016-01-27,FOMC_statement,https://www.federalreserve.gov/newsevents/pressreleases/monetary20160127a.htm,XLV,train,-2,-0.0285067016587347,-0.03465778216272941,-0.03126382778849268
2016-01-27,FOMC_statement,https://www.federalreserve.gov/newsevents/pressreleases/monetary20160127a.htm,XLY,train,0,0.007639212114161298,0.0006077554506772609,-0.002576374646853119
2016-03-02,Beige_Book,https://www.federalreserve.gov/monetarypolicy/beigebook/beigebook201603.htm,XLB,train,1,0.0021694890461225746,0.021260730679044437,0.017764039645639995
2016-03-02,Beige_Book,https://www.federalreserve.gov/monetarypolicy/beigebook/beigebook201603.htm,XLE,train,-1,0.0112118995386572,0.04022348097410511,-0.008743231901784942
2016-03-02,Beige_Book,https://www.federalreserve.gov/monetarypolicy/beigebook/beigebook201603.htm,XLF,train,-1,0.0028866574357246932,0.0024415471806034095,-0.009864046486523614
2016-03-02,Beige_Book,https://www.federalreserve.gov/monetarypolicy/beigebook/beigebook201603.htm,XLI,train,1,0.003226228196566039,0.00625695085924538,0.008044129298557468
2016-03-02,Beige_Book,https://www.federalreserve.gov/monetarypolicy/beigebook/beigebook201603.htm,XLK,train,1,-0.00391936903006318,-0.011500634858303549,0.01593516013163998
2016-03-02,Beige_Book,https://www.federalreserve.gov/monetarypolicy/beigebook/beigebook201603.htm,XLP,train,0,0.0011238640638631114,-0.0048318059572406424,2.3588520041695205e-05
2016-03-02,Beige_Book,https://www.federalreserve.gov/monetarypolicy/beigebook/beigebook201603.htm,XLRE,train,2,-0.002535876760838107,-0.0043494322065611435,0.025867793167098196
2016-03-02,Beige_Book,https://www.federalreserve.gov/monetarypolicy/beigebook/beigebook201603.htm,XLU,train,2,0.002126654181779486,0.014754867279934025,0.036303985801708794
2016-03-02,Beige_Book,https://www.federalreserve.gov/monetarypolicy/beigebook/beigebook201603.htm,XLV,train,-2,-0.006723339185160437,-0.005132773057901274,-0.02855745740055915
2016-03-02,Beige_Book,https://www.federalreserve.gov/monetarypolicy/beigebook/beigebook201603.htm,XLY,train,0,0.0019751296017687103,-0.007289820243771894,-0.0004079847440248141
2016-03-16,FOMC_statement,https://www.federalreserve.gov/newsevents/pressreleases/monetary20160316a.htm,XLB,train,1,0.012053979911390122,0.015463996586957851,0.00944429795439572
2016-03-16,FOMC_statement,https://www.federalreserve.gov/newsevents/pressreleases/monetary20160316a.htm,XLE,train,-1,0.007328653247732797,0.0013901192166946297,-0.008384645144288494
2016-03-16,FOMC_statement,https://www.federalreserve.gov/newsevents/pressreleases/monetary20160316a.htm,XLF,train,0,0.0057315916048064075,0.007500619994011304,0.002024780042689911
2016-03-16,FOMC_statement,https://www.federalreserve.gov/newsevents/pressreleases/monetary20160316a.htm,XLI,train,1,0.015591555698189596,0.024750818351179982,0.011246079893596939
2016-03-16,FOMC_statement,https://www.federalreserve.gov/newsevents/pressreleases/monetary20160316a.htm,XLK,train,0,-0.002672096334821017,-0.0029708803160732877,-0.0043315990528928205
2016-03-16,FOMC_statement,https://www.federalreserve.gov/newsevents/pressreleases/monetary20160316a.htm,XLP,train,-1,-0.0002681848840360157,-0.006356018481076253,-0.014633070848596774
2016-03-16,FOMC_statement,https://www.federalreserve.gov/newsevents/pressreleases/monetary20160316a.htm,XLRE,train,1,0.027118551183084483,0.009649949866774254,0.019860142728383545
2016-03-16,FOMC_statement,https://www.federalreserve.gov/newsevents/pressreleases/monetary20160316a.htm,XLU,train,-1,-0.0008377956002949549,-0.013589238843208507,-0.022248458944095106
2016-03-16,FOMC_statement,https://www.federalreserve.gov/newsevents/pressreleases/monetary20160316a.htm,XLV,train,1,-0.017971759622354422,-0.0057236930531522345,0.020363295405368964
2016-03-16,FOMC_statement,https://www.federalreserve.gov/newsevents/pressreleases/monetary20160316a.htm,XLY,train,0,-0.004937204073232504,-0.00847805887626607,-0.006258188701594891
2016-04-13,Beige_Book,https://www.federalreserve.gov/monetarypolicy/beigebook/beigebook201604.htm,XLB,train,1,0.0006069850589252024,0.003831079267191728,0.020750927014825504
2016-04-13,Beige_Book,https://www.federalreserve.gov/monetarypolicy/beigebook/beigebook201604.htm,XLE,train,2,0.002286188382827792,-0.0006172652746683216,0.03252727007229084
2016-04-13,Beige_Book,https://www.federalreserve.gov/monetarypolicy/beigebook/beigebook201604.htm,XLF,train,1,0.0021326129460046417,0.0001537202346955091,0.01725679626454868
2016-04-13,Beige_Book,https://www.federalreserve.gov/monetarypolicy/beigebook/beigebook201604.htm,XLI,train,0,0.0017415054118063988,-0.0018580457796130156,0.0049922626656693225
2016-04-13,Beige_Book,https://www.federalreserve.gov/monetarypolicy/beigebook/beigebook201604.htm,XLK,train,-2,-0.0002727087078084889,-0.005728016023749616,-0.042319197936367625
2016-04-13,Beige_Book,https://www.federalreserve.gov/monetarypolicy/beigebook/beigebook201604.htm,XLP,train,2,-0.004580747025040854,0.0014148244508025432,0.02529958191834858
2016-04-13,Beige_Book,https://www.federalreserve.gov/monetarypolicy/beigebook/beigebook201604.htm,XLRE,train,1,-0.004014744599149744,0.0006998366469823658,0.022238404797923716
2016-04-13,Beige_Book,https://www.federalreserve.gov/monetarypolicy/beigebook/beigebook201604.htm,XLU,train,2,-0.0012810541823948807,0.0022378539533646213,0.026855319140151712
2016-04-13,Beige_Book,https://www.federalreserve.gov/monetarypolicy/beigebook/beigebook201604.htm,XLV,train,0,0.0005230918499756765,0.0031716748391401595,-0.0033322149088933495
2016-04-13,Beige_Book,https://www.federalreserve.gov/monetarypolicy/beigebook/beigebook201604.htm,XLY,train,0,-4.8219230071255836e-05,0.006241413130963491,0.004487515210303217
2016-04-27,FOMC_statement,https://www.federalreserve.gov/newsevents/pressreleases/monetary20160427a.htm,XLB,train,-1,-0.00033292724966738074,-0.0051825081901999415,-0.012636084564092709
2016-04-27,FOMC_statement,https://www.federalreserve.gov/newsevents/pressreleases/monetary20160427a.htm,XLE,train,-1,-0.005786808954444278,-0.011000205859276413,-0.021927526315456802
2016-04-27,FOMC_statement,https://www.federalreserve.gov/newsevents/pressreleases/monetary20160427a.htm,XLF,train,0,-0.001477871917734186,-0.0005643165015003504,-0.0012688614905261852
2016-04-27,FOMC_statement,https://www.federalreserve.gov/newsevents/pressreleases/monetary20160427a.htm,XLI,train,-1,-0.0005669661384277713,-0.003794398442775293,-0.023182900579066468
2016-04-27,FOMC_statement,https://www.federalreserve.gov/newsevents/pressreleases/monetary20160427a.htm,XLK,train,1,-0.0034708309895753464,-0.007368305029215927,0.01985307187510521
2016-04-27,FOMC_statement,https://www.federalreserve.gov/newsevents/pressreleases/monetary20160427a.htm,XLP,train,1,0.010030534897686683,0.016854261603313603,0.011197591440621157
2016-04-27,FOMC_statement,https://www.federalreserve.gov/newsevents/pressreleases/monetary20160427a.htm,XLRE,train,0,0.010086412296483771,0.008521175920682578,0.004797310040438929
2016-04-27,FOMC_statement,https://www.federalreserve.gov/newsevents/pressreleases/monetary20160427a.htm,XLU,train,1,0.0076230810978706876,0.019153733574051923,0.011597829157591444
2016-04-27,FOMC_statement,https://www.federalreserve.gov/newsevents/pressreleases/monetary20160427a.htm,XLV,train,0,0.004303047125399528,-0.008170454697092322,-0.005046191137503597
2016-04-27,FOMC_statement,https://www.federalreserve.gov/newsevents/pressreleases/monetary20160427a.htm,XLY,train,-1,-0.0017200922027945653,0.014821513317228474,-0.008586545811534618
2016-06-01,Beige_Book,https://www.federalreserve.gov/monetarypolicy/beigebook/beigebook201606.htm,XLB,train,-1,0.0024883302155433995,0.01913185672493134,-0.009730831885287672
2016-06-01,Beige_Book,https://www.federalreserve.gov/monetarypolicy/beigebook/beigebook201606.htm,XLE,train,2,-0.004388815309094185,0.011709572038806293,0.026421221800053907
2016-06-01,Beige_Book,https://www.federalreserve.gov/monetarypolicy/beigebook/beigebook201606.htm,XLF,train,-2,-0.0009422009630344341,-0.01134507174697974,-0.034608446690456596
2016-06-01,Beige_Book,https://www.federalreserve.gov/monetarypolicy/beigebook/beigebook201606.htm,XLI,train,0,-0.0017925429093998968,0.004679959194157757,0.005275235825497493
2016-06-01,Beige_Book,https://www.federalreserve.gov/monetarypolicy/beigebook/beigebook201606.htm,XLK,train,-1,-0.003950955381956667,-0.006502311076866163,-0.012651443477500912
2016-06-01,Beige_Book,https://www.federalreserve.gov/monetarypolicy/beigebook/beigebook201606.htm,XLP,train,2,-0.0026672934925278113,0.0027399488164486785,0.03979217422859738
2016-06-01,Beige_Book,https://www.federalreserve.gov/monetarypolicy/beigebook/beigebook201606.htm,XLRE,train,2,0.00010138861172559466,0.003013093181361559,0.06073310370265972
2016-06-01,Beige_Book,https://www.federalreserve.gov/monetarypolicy/beigebook/beigebook201606.htm,XLU,train,2,-0.002637788391467666,0.009684381924140673,0.06858367426526157
2016-06-01,Beige_Book,https://www.federalreserve.gov/monetarypolicy/beigebook/beigebook201606.htm,XLV,train,0,0.009803834296840508,0.00978864403094315,0.003864415675698396
2016-06-01,Beige_Book,https://www.federalreserve.gov/monetarypolicy/beigebook/beigebook201606.htm,XLY,train,-1,0.0025131733609098372,-0.0035906075873524124,-0.012249991306490404
2016-06-15,FOMC_statement,https://www.federalreserve.gov/newsevents/pressreleases/monetary20160615a.htm,XLB,train,0,0.0004152769005196788,0.007782053125579669,-0.001488384999913439
2016-06-15,FOMC_statement,https://www.federalreserve.gov/newsevents/pressreleases/monetary20160615a.htm,XLE,train,0,-0.007762021712801825,0.008401969391884645,-0.002443553113931962
2016-06-15,FOMC_statement,https://www.federalreserve.gov/newsevents/pressreleases/monetary20160615a.htm,XLF,train,0,-0.000339910079843353,0.0018543660031168363,-0.0003141059072032659
2016-06-15,FOMC_statement,https://www.federalreserve.gov/newsevents/pressreleases/monetary20160615a.htm,XLI,train,1,-0.00119492213605632,0.006084856825646412,0.011574617171143498
2016-06-15,FOMC_statement,https://www.federalreserve.gov/newsevents/pressreleases/monetary20160615a.htm,XLK,train,0,-0.0009127387819780619,-0.006115960829288336,-0.003253153089086469
2016-06-15,FOMC_statement,https://www.federalreserve.gov/newsevents/pressreleases/monetary20160615a.htm,XLP,train,0,0.0022267979137129412,-0.001351975800881977,-0.002199980917224398
2016-06-15,FOMC_statement,https://www.federalreserve.gov/newsevents/pressreleases/monetary20160615a.htm,XLRE,train,1,0.0021519076569120887,-0.0011833103416654112,0.020087003686426685
2016-06-15,FOMC_statement,https://www.federalreserve.gov/newsevents/pressreleases/monetary20160615a.htm,XLU,train,0,0.0033575584710678896,0.0004959157209142306,-0.0059035483006694145
2016-06-15,FOMC_statement,https://www.federalreserve.gov/newsevents/pressreleases/monetary20160615a.htm,XLV,train,0,0.0005451889254706188,-0.006272572871546256,0.005282416749731067
2016-06-15,FOMC_statement,https://www.federalreserve.gov/newsevents/pressreleases/monetary20160615a.htm,XLY,train,0,0.00021779507715424806,0.004908344238744533,-0.0032110092081332198
2016-07-13,Beige_Book,https://www.federalreserve.gov/monetarypolicy/beigebook/beigebook201607.htm,XLB,train,0,0.0033414030104075287,0.012053033906278876,-0.001477007696851329
2016-07-13,Beige_Book,https://www.federalreserve.gov/monetarypolicy/beigebook/beigebook201607.htm,XLE,train,-2,-0.0005048045422328951,-0.001705668857544751,-0.024583443782843495
2016-07-13,Beige_Book,https://www.federalreserve.gov/monetarypolicy/beigebook/beigebook201607.htm,XLF,train,1,0.003842355732049274,0.004200795307428562,0.008034091536869736
2016-07-13,Beige_Book,https://www.federalreserve.gov/monetarypolicy/beigebook/beigebook201607.htm,XLI,train,-1,0.001968711009277202,-0.00039892434393229426,-0.009193983358163349
2016-07-13,Beige_Book,https://www.federalreserve.gov/monetarypolicy/beigebook/beigebook201607.htm,XLK,train,2,0.0008954960721425653,0.005327332668755735,0.035215525198755704
2016-07-13,Beige_Book,https://www.federalreserve.gov/monetarypolicy/beigebook/beigebook201607.htm,XLP,train,-2,-0.005762830913978334,-0.008185391275418175,-0.0317580848397927
2016-07-13,Beige_Book,https://www.federalreserve.gov/monetarypolicy/beigebook/beigebook201607.htm,XLRE,train,-2,-0.011132383648231436,-0.013617122143860239,-0.03600005552224905
2016-07-13,Beige_Book,https://www.federalreserve.gov/monetarypolicy/beigebook/beigebook201607.htm,XLU,train,-2,-0.012098119029385512,-0.0076661894341589765,-0.043305204984172785
2016-07-13,Beige_Book,https://www.federalreserve.gov/monetarypolicy/beigebook/beigebook201607.htm,XLV,train,0,-0.0012488686575986563,-0.00299872053375283,-0.0017031980120032486
2016-07-13,Beige_Book,https://www.federalreserve.gov/monetarypolicy/beigebook/beigebook201607.htm,XLY,train,0,-0.0015099112111351953,-0.0034530335885052388,-0.004406367894562946
2016-07-27,FOMC_statement,https://www.federalreserve.gov/newsevents/pressreleases/monetary20160727a.htm,XLB,train,0,-0.0025827714767624466,-0.01402175540829298,-0.005222115625737045
2016-07-27,FOMC_statement,https://www.federalreserve.gov/newsevents/pressreleases/monetary20160727a.htm,XLE,train,2,-0.001004615362580008,-0.02454236831255774,0.03898982217222702
2016-07-27,FOMC_statement,https://www.federalreserve.gov/newsevents/pressreleases/monetary20160727a.htm,XLF,train,1,0.0009603161111779723,-0.0040504544353132665,0.013244401198377997
2016-07-27,FOMC_statement,https://www.federalreserve.gov/newsevents/pressreleases/monetary20160727a.htm,XLI,train,0,-0.0014983102387992053,-0.006410084565245611,0.004885039680474379
2016-07-27,FOMC_statement,https://www.federalreserve.gov/newsevents/pressreleases/monetary20160727a.htm,XLK,train,1,-0.0005059920032763898,0.004319799608616504,0.011358005866912935
2016-07-27,FOMC_statement,https://www.federalreserve.gov/newsevents/pressreleases/monetary20160727a.htm,XLP,train,0,0.0032739560622707664,0.008546219094579866,0.001903185992216061
2016-07-27,FOMC_statement,https://www.federalreserve.gov/newsevents/pressreleases/monetary20160727a.htm,XLRE,train,-2,0.0050036231754548854,0.018174165888954374,-0.024948771150743343
2016-07-27,FOMC_statement,https://www.federalreserve.gov/newsevents/pressreleases/monetary20160727a.htm,XLU,train,-2,0.0027209687678131367,0.008494660544309363,-0.032812856228945475
2016-07-27,FOMC_statement,https://www.federalreserve.gov/newsevents/pressreleases/monetary20160727a.htm,XLV,train,-2,-0.002086676293442502,0.00550988345820258,-0.036747933421662826
2016-07-27,FOMC_statement,https://www.federalreserve.gov/newsevents/pressreleases/monetary20160727a.htm,XLY,train,-1,0.0006887892846398902,0.0025998723316732475,-0.007844591615172258
2016-09-07,Beige_Book,https://www.federalreserve.gov/monetarypolicy/beigebook/beigebook201609.htm,XLB,train,-1,-0.001996613334317776,-0.011986008212678922,-0.012005477279426802
2016-09-07,Beige_Book,https://www.federalreserve.gov/monetarypolicy/beigebook/beigebook201609.htm,XLE,train,2,0.021000672326420555,0.01069970349934124,0.024949671322104794
2016-09-07,Beige_Book,https://www.federalreserve.gov/monetarypolicy/beigebook/beigebook201609.htm,XLF,train,0,0.0014677383031339586,0.0035111592985405116,0.00020203350985170676
2016-09-07,Beige_Book,https://www.federalreserve.gov/monetarypolicy/beigebook/beigebook201609.htm,XLI,train,0,0.0014327080381935087,-0.0044401703403578185,0.0065677542444873005
2016-09-07,Beige_Book,https://www.federalreserve.gov/monetarypolicy/beigebook/beigebook201609.htm,XLK,train,1,-0.00589170208716483,-0.004136936523687296,0.014878911561674646
2016-09-07,Beige_Book,https://www.federalreserve.gov/monetarypolicy/beigebook/beigebook201609.htm,XLP,train,-1,-0.00322552605842108,-0.001990477279703029,-0.02108898512107782
2016-09-07,Beige_Book,https://www.federalreserve.gov/monetarypolicy/beigebook/beigebook201609.htm,XLRE,train,-2,-0.010416747689563799,-0.03477664024612148,-0.07340339028703191
2016-09-07,Beige_Book,https://www.federalreserve.gov/monetarypolicy/beigebook/beigebook201609.htm,XLU,train,-2,0.005670707168413336,-0.004532185597053373,-0.04226264003100144
2016-09-07,Beige_Book,https://www.federalreserve.gov/monetarypolicy/beigebook/beigebook201609.htm,XLV,train,0,0.0031060173227613896,0.007508485382678787,6.69178561534256e-05
2016-09-07,Beige_Book,https://www.federalreserve.gov/monetarypolicy/beigebook/beigebook201609.htm,XLY,train,0,-0.006352312992567999,-0.006877383291374772,0.001588175306037054
2016-09-21,FOMC_statement,https://www.federalreserve.gov/newsevents/pressreleases/monetary20160921a.htm,XLB,train,0,-0.0031364621270957294,0.0007469971655836849,0.0026059670406126667
2016-09-21,FOMC_statement,https://www.federalreserve.gov/newsevents/pressreleases/monetary20160921a.htm,XLE,train,2,-0.005132888323443163,-0.00926171922870922,0.041700281227302405
2016-09-21,FOMC_statement,https://www.federalreserve.gov/newsevents/pressreleases/monetary20160921a.htm,XLF,train,1,-0.004243632260027219,-0.011792080371888392,0.020673623706459865
2016-09-21,FOMC_statement,https://www.federalreserve.gov/newsevents/pressreleases/monetary20160921a.htm,XLI,train,0,0.0008107500348291108,0.00420450398063188,-0.0010120228156051958
2016-09-21,FOMC_statement,https://www.federalreserve.gov/newsevents/pressreleases/monetary20160921a.htm,XLK,train,0,-0.00021108295412530786,-0.001293063115976989,0.0044062187485645055
2016-09-21,FOMC_statement,https://www.federalreserve.gov/newsevents/pressreleases/monetary20160921a.htm,XLP,train,-1,0.0025487069401990414,0.0032138820645675192,-0.013067644758547825
2016-09-21,FOMC_statement,https://www.federalreserve.gov/newsevents/pressreleases/monetary20160921a.htm,XLRE,train,-1,0.013360979050652144,0.032959879359278355,-0.01928453373318506
2016-09-21,FOMC_statement,https://www.federalreserve.gov/newsevents/pressreleases/monetary20160921a.htm,XLU,train,-2,-0.0001830447664408208,0.010061316023066147,-0.03875495014084407
2016-09-21,FOMC_statement,https://www.federalreserve.gov/newsevents/pressreleases/monetary20160921a.htm,XLV,train,-2,0.0012548625192208007,7.349107895726625e-05,-0.025439131929314462
2016-09-21,FOMC_statement,https://www.federalreserve.gov/newsevents/pressreleases/monetary20160921a.htm,XLY,train,0,0.0010158134060076485,0.0012971378007063938,0.005158425958985524
2016-10-19,Beige_Book,https://www.federalreserve.gov/monetarypolicy/beigebook/beigebook201610.htm,XLB,train,0,0.0010179514337844697,-0.001790151689354369,0.005018112625310267
2016-10-19,Beige_Book,https://www.federalreserve.gov/monetarypolicy/beigebook/beigebook201610.htm,XLE,train,-1,0.000735248749478945,-0.013488088819252786,-0.019442625059488017
2016-10-19,Beige_Book,https://www.federalreserve.gov/monetarypolicy/beigebook/beigebook201610.htm,XLF,train,2,0.001866669461430659,-0.00030853527917118484,0.09994859710332826
2016-10-19,Beige_Book,https://www.federalreserve.gov/monetarypolicy/beigebook/beigebook201610.htm,XLI,train,2,-0.0035358000683961555,-0.007728352629909896,0.04522904292258878
2016-10-19,Beige_Book,https://www.federalreserve.gov/monetarypolicy/beigebook/beigebook201610.htm,XLK,train,-2,-0.0027532473339830776,0.004947164686724959,-0.025965000821127515
2016-10-19,Beige_Book,https://www.federalreserve.gov/monetarypolicy/beigebook/beigebook201610.htm,XLP,train,-2,0.0012893469785547618,0.008468499637474314,-0.04673661274763019
2016-10-19,Beige_Book,https://www.federalreserve.gov/monetarypolicy/beigebook/beigebook201610.htm,XLRE,train,-2,-0.0016002303288086273,-0.005687440558610146,-0.08834271516149172
2016-10-19,Beige_Book,https://www.federalreserve.gov/monetarypolicy/beigebook/beigebook201610.htm,XLU,train,-2,0.0012455731367071454,-0.005524327601404533,-0.06001728622621927
2016-10-19,Beige_Book,https://www.federalreserve.gov/monetarypolicy/beigebook/beigebook201610.htm,XLV,train,-1,0.006583490664914482,-0.008253558301248964,-0.013636081640574949
2016-10-19,Beige_Book,https://www.federalreserve.gov/monetarypolicy/beigebook/beigebook201610.htm,XLY,train,1,-2.944475698485327e-05,0.010390351891806926,0.007582605274611964
2016-11-02,FOMC_statement,https://www.federalreserve.gov/newsevents/pressreleases/monetary20161102a.htm,XLB,train,2,0.004793295557882438,0.002599913076035687,0.03195207151933188
2016-11-02,FOMC_statement,https://www.federalreserve.gov/newsevents/pressreleases/monetary20161102a.htm,XLE,train,2,0.008555238394455822,0.003713392736126253,0.05364223734554863
2016-11-02,FOMC_statement,https://www.federalreserve.gov/newsevents/pressreleases/monetary20161102a.htm,XLF,train,2,0.005601078249209301,0.006717461129933544,0.10422766635055347
2016-11-02,FOMC_statement,https://www.federalreserve.gov/newsevents/pressreleases/monetary20161102a.htm,XLI,train,2,0.0029843053028796307,0.007529982266558322,0.05996330132658567
2016-11-02,FOMC_statement,https://www.federalreserve.gov/newsevents/pressreleases/monetary20161102a.htm,XLK,train,-2,-0.005056620718523308,-0.006087157716641145,-0.04609087336694162
2016-11-02,FOMC_statement,https://www.federalreserve.gov/newsevents/pressreleases/monetary20161102a.htm,XLP,train,-2,-0.002288031141917557,-0.015410890702110547,-0.08208882386315086
2016-11-02,FOMC_statement,https://www.federalreserve.gov/newsevents/pressreleases/monetary20161102a.htm,XLRE,train,-2,0.00022493712962146084,0.004364605841835401,-0.04677348756343669
2016-11-02,FOMC_statement,https://www.federalreserve.gov/newsevents/pressreleases/monetary20161102a.htm,XLU,train,-2,0.008332796071147452,0.001777214380683123,-0.0680488826792881
2016-11-02,FOMC_statement,https://www.federalreserve.gov/newsevents/pressreleases/monetary20161102a.htm,XLV,train,-1,-0.004875414078680418,0.006708044234021715,-0.019161302831356086
2016-11-02,FOMC_statement,https://www.federalreserve.gov/newsevents/pressreleases/monetary20161102a.htm,XLY,train,1,0.0019826746103669413,0.0021441153634995658,0.008869518185664838
2016-11-30,Beige_Book,https://www.federalreserve.gov/monetarypolicy/beigebook/beigebook201611.htm,XLB,train,-1,0.004076302224633288,0.005770041253445823,-0.018204345887664952
2016-11-30,Beige_Book,https://www.federalreserve.gov/monetarypolicy/beigebook/beigebook201611.htm,XLE,train,0,0.006094147465541155,0.011352494598516394,-0.0026840735549517047
2016-11-30,Beige_Book,https://www.federalreserve.gov/monetarypolicy/beigebook/beigebook201611.htm,XLF,train,1,0.021000970399400964,0.015494924461247117,0.017326810356576017
2016-11-30,Beige_Book,https://www.federalreserve.gov/monetarypolicy/beigebook/beigebook201611.htm,XLI,train,-1,0.010245008505607611,0.0027799744087231293,-0.016890053253568738
2016-11-30,Beige_Book,https://www.federalreserve.gov/monetarypolicy/beigebook/beigebook201611.htm,XLK,train,0,-0.016955868285293052,-0.010173502055145,0.002737087213763423
2016-11-30,Beige_Book,https://www.federalreserve.gov/monetarypolicy/beigebook/beigebook201611.htm,XLP,train,1,-0.002848925211405673,-0.0018038922673007107,0.009605179341984238
2016-11-30,Beige_Book,https://www.federalreserve.gov/monetarypolicy/beigebook/beigebook201611.htm,XLRE,train,1,-0.011652931927033316,-0.0006416771246606778,0.02323219356081241
2016-11-30,Beige_Book,https://www.federalreserve.gov/monetarypolicy/beigebook/beigebook201611.htm,XLU,train,2,-0.004239044633571054,-0.0004110516689465049,0.02830292219575914
2016-11-30,Beige_Book,https://www.federalreserve.gov/monetarypolicy/beigebook/beigebook201611.htm,XLV,train,-1,-0.003597439101795552,-0.009517554728478816,-0.01287632006227013
2016-11-30,Beige_Book,https://www.federalreserve.gov/monetarypolicy/beigebook/beigebook201611.htm,XLY,train,-1,0.00416442421219454,0.0030879919280404344,-0.019400312157985766
2016-12-14,FOMC_statement,https://www.federalreserve.gov/newsevents/pressreleases/monetary20161214a.htm,XLB,train,0,0.002407278562237991,-0.0028823797273404006,0.0004085758876144485
2016-12-14,FOMC_statement,https://www.federalreserve.gov/newsevents/pressreleases/monetary20161214a.htm,XLE,train,-1,-0.001888147725442213,-0.0004771332696709152,-0.020894696463513718
2016-12-14,FOMC_statement,https://www.federalreserve.gov/newsevents/pressreleases/monetary20161214a.htm,XLF,train,-2,0.004404437052814236,-0.004004584410832623,-0.024756297398573657
2016-12-14,FOMC_statement,https://www.federalreserve.gov/newsevents/pressreleases/monetary20161214a.htm,XLI,train,0,-0.0030066655890390592,0.00035523852846952586,-0.00590533402500526
2016-12-14,FOMC_statement,https://www.federalreserve.gov/newsevents/pressreleases/monetary20161214a.htm,XLK,train,1,0.0003783144586639864,0.00012707389881139175,0.00776761703384099
2016-12-14,FOMC_statement,https://www.federalreserve.gov/newsevents/pressreleases/monetary20161214a.htm,XLP,train,0,0.00012013168515379036,0.0075391593204210405,0.006341486962628817
2016-12-14,FOMC_statement,https://www.federalreserve.gov/newsevents/pressreleases/monetary20161214a.htm,XLRE,train,1,-0.012228574318781438,0.010444455302240585,0.015043209294012372
2016-12-14,FOMC_statement,https://www.federalreserve.gov/newsevents/pressreleases/monetary20161214a.htm,XLU,train,2,0.002973428296117575,0.018659832454405834,0.024945466286904527
2016-12-14,FOMC_statement,https://www.federalreserve.gov/newsevents/pressreleases/monetary20161214a.htm,XLV,train,1,0.0023690071832853654,-0.0012290644085747315,0.013910050283194142
2016-12-14,FOMC_statement,https://www.federalreserve.gov/newsevents/pressreleases/monetary20161214a.htm,XLY,train,0,-0.00650384017518546,-0.008974807460992884,0.002251484568110973
2017-01-18,Beige_Book,https://www.federalreserve.gov/monetarypolicy/beigebook201701.htm,XLB,train,0,-0.002575070404457369,0.007196720399947343,-0.0052828261878098415
2017-01-18,Beige_Book,https://www.federalreserve.gov/monetarypolicy/beigebook201701.htm,XLE,train,-2,-0.001785754235634207,-0.009685589150992158,-0.06521778653963428
2017-01-18,Beige_Book,https://www.federalreserve.gov/monetarypolicy/beigebook201701.htm,XLF,train,1,-0.0006174532230789342,-0.003394125563504491,0.021578149981916206
2017-01-18,Beige_Book,https://www.federalreserve.gov/monetarypolicy/beigebook201701.htm,XLI,train,1,0.011009747337521025,0.0045782945749560655,0.009311965621537133
2017-01-18,Beige_Book,https://www.federalreserve.gov/monetarypolicy/beigebook201701.htm,XLK,train,1,0.002293462354808762,0.008479739644641104,0.01294890559207007
2017-01-18,Beige_Book,https://www.federalreserve.gov/monetarypolicy/beigebook201701.htm,XLP,train,0,8.026808573169397e-05,0.005136539727636835,-0.0014246350310399558
2017-01-18,Beige_Book,https://www.federalreserve.gov/monetarypolicy/beigebook201701.htm,XLRE,train,-2,-0.00596960517313172,0.005294261489693253,-0.024635224831654368
2017-01-18,Beige_Book,https://www.federalreserve.gov/monetarypolicy/beigebook201701.htm,XLU,train,-1,-0.005074640211729542,-0.009432321939050636,-0.022781060828517496
2017-01-18,Beige_Book,https://www.federalreserve.gov/monetarypolicy/beigebook201701.htm,XLV,train,1,-0.002681318948306477,-0.010476017313601593,0.008653937825832014
2017-01-18,Beige_Book,https://www.federalreserve.gov/monetarypolicy/beigebook201701.htm,XLY,train,0,0.0006078037435981454,0.0031180246712475546,-0.00659559700069412
2017-02-01,FOMC_statement,https://www.federalreserve.gov/newsevents/pressreleases/monetary20170201a.htm,XLB,train,-2,-0.005063738611552626,-0.01112567023757971,-0.03779148645995145
2017-02-01,FOMC_statement,https://www.federalreserve.gov/newsevents/pressreleases/monetary20170201a.htm,XLE,train,-2,0.005006817061379953,0.00011248559392296187,-0.05082633436586537
2017-02-01,FOMC_statement,https://www.federalreserve.gov/newsevents/pressreleases/monetary20170201a.htm,XLF,train,1,-0.004515217883999667,0.005957604590383747,0.02201573074410823
2017-02-01,FOMC_statement,https://www.federalreserve.gov/newsevents/pressreleases/monetary20170201a.htm,XLI,train,0,-0.0025559730494396637,0.0011963420613099185,0.0009133878281515351
2017-02-01,FOMC_statement,https://www.federalreserve.gov/newsevents/pressreleases/monetary20170201a.htm,XLK,train,0,-0.0026408690024932735,-0.0006008250046486419,0.00010265700955713886
2017-02-01,FOMC_statement,https://www.federalreserve.gov/newsevents/pressreleases/monetary20170201a.htm,XLP,train,1,0.008539629688656625,0.004419791509299165,0.008850740512452715
2017-02-01,FOMC_statement,https://www.federalreserve.gov/newsevents/pressreleases/monetary20170201a.htm,XLRE,train,0,0.011194644668388154,0.006455224013709793,0.00169415196679501
2017-02-01,FOMC_statement,https://www.federalreserve.gov/newsevents/pressreleases/monetary20170201a.htm,XLU,train,1,0.009893129734006134,0.003971595325370059,0.01794516603871177
2017-02-01,FOMC_statement,https://www.federalreserve.gov/newsevents/pressreleases/monetary20170201a.htm,XLV,train,1,-0.0009400749056731605,-0.0005653759061324815,0.01725822819766043
2017-02-01,FOMC_statement,https://www.federalreserve.gov/newsevents/pressreleases/monetary20170201a.htm,XLY,train,-1,-0.0014859555814311642,-0.010849580773161782,-0.019182445984205154
2017-03-01,Beige_Book,https://www.federalreserve.gov/monetarypolicy/beigebook201703.htm,XLB,train,0,-0.004402406629216649,-0.009269523765737975,-0.0022386679312319524
2017-03-01,Beige_Book,https://www.federalreserve.gov/monetarypolicy/beigebook201703.htm,XLE,train,-1,-0.003179146352401352,-0.00041095751115027834,-0.020227875428611486
2017-03-01,Beige_Book,https://www.federalreserve.gov/monetarypolicy/beigebook201703.htm,XLF,train,-2,-0.009154075718477261,-0.009585733186087353,-0.03874943949081555
2017-03-01,Beige_Book,https://www.federalreserve.gov/monetarypolicy/beigebook201703.htm,XLI,train,-1,-0.004452983787829656,-0.0034608150976334073,-0.009699009997066299
2017-03-01,Beige_Book,https://www.federalreserve.gov/monetarypolicy/beigebook201703.htm,XLK,train,1,-0.0002953225168789153,0.0028151421213943317,0.020198308519908892
2017-03-01,Beige_Book,https://www.federalreserve.gov/monetarypolicy/beigebook201703.htm,XLP,train,0,0.006117088329221976,0.00031874372164508724,0.004182625231013981
2017-03-01,Beige_Book,https://www.federalreserve.gov/monetarypolicy/beigebook201703.htm,XLRE,train,0,0.003178676303767558,-0.0016824567196301876,-0.0019218272698601213
2017-03-01,Beige_Book,https://www.federalreserve.gov/monetarypolicy/beigebook201703.htm,XLU,train,1,0.013508843178828833,0.010819949712908228,0.014352526275917987
2017-03-01,Beige_Book,https://www.federalreserve.gov/monetarypolicy/beigebook201703.htm,XLV,train,0,0.003128920691142789,0.005624694584941303,-0.0015700871081197887
2017-03-01,Beige_Book,https://www.federalreserve.gov/monetarypolicy/beigebook201703.htm,XLY,train,1,0.0038931613669995757,0.0015313906597308469,0.0201314349740368
2017-03-15,FOMC_statement,https://www.federalreserve.gov/newsevents/pressreleases/monetary20170315a.htm,XLB,train,0,-0.004871967955949796,0.007820039757651887,0.0008307444376884909
2017-03-15,FOMC_statement,https://www.federalreserve.gov/newsevents/pressreleases/monetary20170315a.htm,XLE,train,1,-0.005098353451365778,-0.004407813124643667,0.008503103226658038
2017-03-15,FOMC_statement,https://www.federalreserve.gov/newsevents/pressreleases/monetary20170315a.htm,XLF,train,-2,0.0035836569768175064,-0.011543960733754743,-0.04999931451354245
2017-03-15,FOMC_statement,https://www.federalreserve.gov/newsevents/pressreleases/monetary20170315a.htm,XLI,train,0,-0.0025840687712239685,0.003906885417903183,-0.0015168350703963496
2017-03-15,FOMC_statement,https://www.federalreserve.gov/newsevents/pressreleases/monetary20170315a.htm,XLK,train,1,0.002528231905642331,0.00847947666642912,0.007375685895024575
2017-03-15,FOMC_statement,https://www.federalreserve.gov/newsevents/pressreleases/monetary20170315a.htm,XLP,train,1,0.003412422214374544,0.005545291773436434,0.01903880968781979
2017-03-15,FOMC_statement,https://www.federalreserve.gov/newsevents/pressreleases/monetary20170315a.htm,XLRE,train,2,-0.0002688129798541494,0.005417013550434668,0.053318118856177876
2017-03-15,FOMC_statement,https://www.federalreserve.gov/newsevents/pressreleases/monetary20170315a.htm,XLU,train,2,-0.009019963369047201,-0.006775054304536621,0.026859860472786212
2017-03-15,FOMC_statement,https://www.federalreserve.gov/newsevents/pressreleases/monetary20170315a.htm,XLV,train,-1,-0.007695194523406057,-0.011809848382286048,-0.008119799106077075
2017-03-15,FOMC_statement,https://www.federalreserve.gov/newsevents/pressreleases/monetary20170315a.htm,XLY,train,1,0.0018528194497807737,0.0035740182437000723,0.014855451745842352
2017-04-19,Beige_Book,https://www.federalreserve.gov/monetarypolicy/beigebook201704.htm,XLB,train,-1,0.0028881794297102026,0.005422996381362899,-0.00791795566289577
2017-04-19,Beige_Book,https://www.federalreserve.gov/monetarypolicy/beigebook201704.htm,XLE,train,-1,-0.003271413115391697,-0.010172606375409288,-0.021922241365812112
2017-04-19,Beige_Book,https://www.federalreserve.gov/monetarypolicy/beigebook201704.htm,XLF,train,-1,0.008810120422634293,0.013194832083121888,-0.0072308546751040925
2017-04-19,Beige_Book,https://www.federalreserve.gov/monetarypolicy/beigebook201704.htm,XLI,train,0,0.0039411500178043735,0.011266019321954146,-0.0027777722698051344
2017-04-19,Beige_Book,https://www.federalreserve.gov/monetarypolicy/beigebook201704.htm,XLK,train,2,0.000952014013520186,0.002924797508945698,0.025504523589573558
2017-04-19,Beige_Book,https://www.federalreserve.gov/monetarypolicy/beigebook201704.htm,XLP,train,-1,-0.01012887172418786,-0.011749933801370127,-0.018299704558116248
2017-04-19,Beige_Book,https://www.federalreserve.gov/monetarypolicy/beigebook201704.htm,XLRE,train,-2,-0.008447251310277237,-0.02954770927938366,-0.04068991948177836
2017-04-19,Beige_Book,https://www.federalreserve.gov/monetarypolicy/beigebook201704.htm,XLU,train,-1,-0.012009595622386127,-0.009550361800641394,-0.010237900267167865
2017-04-19,Beige_Book,https://www.federalreserve.gov/monetarypolicy/beigebook201704.htm,XLV,train,0,-0.0018939732858032077,-0.005733888934248643,0.0014493653510652127
2017-04-19,Beige_Book,https://www.federalreserve.gov/monetarypolicy/beigebook201704.htm,XLY,train,0,0.0023716399226341167,-0.0012415305234202423,-0.00138866321069675
2017-05-03,FOMC_statement,https://www.federalreserve.gov/newsevents/pressreleases/monetary20170503a.htm,XLB,train,0,-3.458311161352867e-05,0.0023777421776156604,-0.001129992716514705
2017-05-03,FOMC_statement,https://www.federalreserve.gov/newsevents/pressreleases/monetary20170503a.htm,XLE,train,-2,-0.01954434301493202,-0.00033717060998317283,-0.059230773218686084
2017-05-03,FOMC_statement,https://www.federalreserve.gov/newsevents/pressreleases/monetary20170503a.htm,XLF,train,-2,0.0005040301571666017,-0.005780423838197213,-0.03954992805653246
2017-05-03,FOMC_statement,https://www.federalreserve.gov/newsevents/pressreleases/monetary20170503a.htm,XLI,train,0,-0.00012136984169330844,-0.0014752554680741436,0.0017950317788869574
2017-05-03,FOMC_statement,https://www.federalreserve.gov/newsevents/pressreleases/monetary20170503a.htm,XLK,train,1,-0.0019036809650080366,0.0023435538033544923,0.019231887715449147
2017-05-03,FOMC_statement,https://www.federalreserve.gov/newsevents/pressreleases/monetary20170503a.htm,XLP,train,1,0.006510602702337387,0.005102112442292639,0.02312239933354976
2017-05-03,FOMC_statement,https://www.federalreserve.gov/newsevents/pressreleases/monetary20170503a.htm,XLRE,train,0,-0.0002209782517941239,-0.001409273685568535,0.0005513566669154146
2017-05-03,FOMC_statement,https://www.federalreserve.gov/newsevents/pressreleases/monetary20170503a.htm,XLU,train,2,0.002336671524971967,0.003621461171498752,0.03343300372767899
2017-05-03,FOMC_statement,https://www.federalreserve.gov/newsevents/pressreleases/monetary20170503a.htm,XLV,train,0,0.0054475481780951185,-0.005035597691663951,0.001408491050665095
2017-05-03,FOMC_statement,https://www.federalreserve.gov/newsevents/pressreleases/monetary20170503a.htm,XLY,train,0,-0.0027334714724911446,0.0016304346807890502,0.0038673469762736667
2017-05-31,Beige_Book,https://www.federalreserve.gov/monetarypolicy/beigebook201705.htm,XLB,train,1,0.004105173080998226,0.0007767030509683304,0.008811222966314314
2017-05-31,Beige_Book,https://www.federalreserve.gov/monetarypolicy/beigebook201705.htm,XLE,train,-1,-0.0016871877572153249,-0.013976332605281083,-0.009109532242470353
2017-05-31,Beige_Book,https://www.federalreserve.gov/monetarypolicy/beigebook201705.htm,XLF,train,2,0.004520511677504446,-0.00018819651729395925,0.05990420352996961
2017-05-31,Beige_Book,https://www.federalreserve.gov/monetarypolicy/beigebook201705.htm,XLI,train,0,-0.0017317374457714863,-0.0038677139470078004,0.000766573086188771
2017-05-31,Beige_Book,https://www.federalreserve.gov/monetarypolicy/beigebook201705.htm,XLK,train,-2,-0.005475697358364284,0.0019832064484526235,-0.03133001306655181
2017-05-31,Beige_Book,https://www.federalreserve.gov/monetarypolicy/beigebook201705.htm,XLP,train,-2,0.00016895602964561718,0.0016027504387561287,-0.02903223563310353
2017-05-31,Beige_Book,https://www.federalreserve.gov/monetarypolicy/beigebook201705.htm,XLRE,train,1,-0.004813447055059594,-0.0011254629133630178,0.015078356995073872
2017-05-31,Beige_Book,https://www.federalreserve.gov/monetarypolicy/beigebook201705.htm,XLU,train,-2,-0.0008944490177789088,-0.005510904180333731,-0.03032107673210771
2017-05-31,Beige_Book,https://www.federalreserve.gov/monetarypolicy/beigebook201705.htm,XLV,train,2,0.0030884746937711594,0.004155746893081735,0.04175145014258208
2017-05-31,Beige_Book,https://www.federalreserve.gov/monetarypolicy/beigebook201705.htm,XLY,train,-1,0.0014928319390870026,-0.00021827991305523042,-0.022252107579101565
2017-06-14,FOMC_statement,https://www.federalreserve.gov/newsevents/pressreleases/monetary20170614a.htm,XLB,train,1,-0.006879621954464565,-0.003150165803968652,0.007917186579599056
2017-06-14,FOMC_statement,https://www.federalreserve.gov/newsevents/pressreleases/monetary20170614a.htm,XLE,train,-1,-0.005631779821448801,-0.0039666262616921966,-0.01442490459126966
2017-06-14,FOMC_statement,https://www.federalreserve.gov/newsevents/pressreleases/monetary20170614a.htm,XLF,train,1,-0.002155155586629043,-0.0015171272008986936,0.010434713982060861
2017-06-14,FOMC_statement,https://www.federalreserve.gov/newsevents/pressreleases/monetary20170614a.htm,XLI,train,1,0.007921132043847257,0.008764758830037911,0.009962017295485182
2017-06-14,FOMC_statement,https://www.federalreserve.gov/newsevents/pressreleases/monetary20170614a.htm,XLK,train,1,-0.0025540301368726093,0.001990978251609321,0.012858828370963638
2017-06-14,FOMC_statement,https://www.federalreserve.gov/newsevents/pressreleases/monetary20170614a.htm,XLP,train,-2,-0.00035175248683572136,-0.014574751825936927,-0.04529902631804639
2017-06-14,FOMC_statement,https://www.federalreserve.gov/newsevents/pressreleases/monetary20170614a.htm,XLRE,train,-1,0.006837244015988064,-0.001644658511158581,-0.013053251934712518
2017-06-14,FOMC_statement,https://www.federalreserve.gov/newsevents/pressreleases/monetary20170614a.htm,XLU,train,-2,0.0076661818695960005,0.00038146369457325857,-0.041241456689814604
2017-06-14,FOMC_statement,https://www.federalreserve.gov/newsevents/pressreleases/monetary20170614a.htm,XLV,train,1,0.0008982415786781273,0.004430775871293702,0.021469314829055453
2017-06-14,FOMC_statement,https://www.federalreserve.gov/newsevents/pressreleases/monetary20170614a.htm,XLY,train,-1,-0.0022593039407452498,-0.0034260802339883822,-0.014157122403622768
2017-07-12,Beige_Book,https://www.federalreserve.gov/monetarypolicy/beigebook201707.htm,XLB,train,-2,-0.002770433647505288,-0.00022783049548069645,-0.024907581318985628
2017-07-12,Beige_Book,https://www.federalreserve.gov/monetarypolicy/beigebook201707.htm,XLE,train,0,0.002334984698540543,0.0025690321286677698,-0.004626160875216612
2017-07-12,Beige_Book,https://www.federalreserve.gov/monetarypolicy/beigebook201707.htm,XLF,train,0,0.004348662518222524,-0.007798024445248242,-0.0007231001203247267
2017-07-12,Beige_Book,https://www.federalreserve.gov/monetarypolicy/beigebook201707.htm,XLI,train,-1,-0.0024027717801538007,-0.0031812602657760314,-0.018804120421581194
2017-07-12,Beige_Book,https://www.federalreserve.gov/monetarypolicy/beigebook201707.htm,XLK,train,1,0.00027577966608438587,0.004781049541217719,0.009363730875458609
2017-07-12,Beige_Book,https://www.federalreserve.gov/monetarypolicy/beigebook201707.htm,XLP,train,1,-0.0014959410225841019,0.002979052396746784,0.015714894976740612
2017-07-12,Beige_Book,https://www.federalreserve.gov/monetarypolicy/beigebook201707.htm,XLRE,train,1,0.00020540803979018918,0.007875034679808435,0.012026498625242743
2017-07-12,Beige_Book,https://www.federalreserve.gov/monetarypolicy/beigebook201707.htm,XLU,train,2,-0.005150919814254196,-0.00042677558615389355,0.042715371954371584
2017-07-12,Beige_Book,https://www.federalreserve.gov/monetarypolicy/beigebook201707.htm,XLV,train,-1,-0.000800037335899173,-0.002176114510988647,-0.013303529819830184
2017-07-12,Beige_Book,https://www.federalreserve.gov/monetarypolicy/beigebook201707.htm,XLY,train,0,-0.001568813153192794,-0.00044553683518588905,-0.004323160640331003
2017-07-26,FOMC_statement,https://www.federalreserve.gov/newsevents/pressreleases/monetary20170726a.htm,XLB,train,-1,-0.0026770784442482487,-0.012184149181093229,-0.007746760995870683
2017-07-26,FOMC_statement,https://www.federalreserve.gov/newsevents/pressreleases/monetary20170726a.htm,XLE,train,-2,0.011099475912199397,0.013893850413875475,-0.03501411096821527
2017-07-26,FOMC_statement,https://www.federalreserve.gov/newsevents/pressreleases/monetary20170726a.htm,XLF,train,0,-0.004659616725261828,0.004306856203778575,0.0017813569857393352
2017-07-26,FOMC_statement,https://www.federalreserve.gov/newsevents/pressreleases/monetary20170726a.htm,XLI,train,-1,-0.00475350432667887,-0.001984144552963363,-0.00723565003079385
2017-07-26,FOMC_statement,https://www.federalreserve.gov/newsevents/pressreleases/monetary20170726a.htm,XLK,train,1,-0.002882319258335486,-0.007060413169770574,0.014195513049688135
2017-07-26,FOMC_statement,https://www.federalreserve.gov/newsevents/pressreleases/monetary20170726a.htm,XLP,train,0,0.010700006645632198,0.0036573087168267904,-0.0002488693744862047
2017-07-26,FOMC_statement,https://www.federalreserve.gov/newsevents/pressreleases/monetary20170726a.htm,XLRE,train,1,1.1480997467505638e-05,-0.0003922956369082353,0.012523110540696103
2017-07-26,FOMC_statement,https://www.federalreserve.gov/newsevents/pressreleases/monetary20170726a.htm,XLU,train,2,0.003382657753850493,0.007010388084003449,0.050355331452404783
2017-07-26,FOMC_statement,https://www.federalreserve.gov/newsevents/pressreleases/monetary20170726a.htm,XLV,train,0,-0.0059358515051954885,-4.340461347385194e-05,-0.0008171144204818237
2017-07-26,FOMC_statement,https://www.federalreserve.gov/newsevents/pressreleases/monetary20170726a.htm,XLY,train,-1,0.008258215381945044,0.0020691388168940783,-0.019299987838685806
2017-09-06,Beige_Book,https://www.federalreserve.gov/monetarypolicy/beigebook201709.htm,XLB,train,1,0.0017598078226855884,0.004993715083518535,0.024370343810266926
2017-09-06,Beige_Book,https://www.federalreserve.gov/monetarypolicy/beigebook201709.htm,XLE,train,2,0.0019687135896119257,-0.008651216856848776,0.03255627486677959
2017-09-06,Beige_Book,https://www.federalreserve.gov/monetarypolicy/beigebook201709.htm,XLF,train,2,-0.017162223123370457,-1.391906629433226e-05,0.048732283544711597
2017-09-06,Beige_Book,https://www.federalreserve.gov/monetarypolicy/beigebook201709.htm,XLI,train,2,0.0021834511602086826,0.004714582999897909,0.02665288711593594
2017-09-06,Beige_Book,https://www.federalreserve.gov/monetarypolicy/beigebook201709.htm,XLK,train,0,0.0035516223448844864,-1.294014945141253e-05,-0.005820425196767398
2017-09-06,Beige_Book,https://www.federalreserve.gov/monetarypolicy/beigebook201709.htm,XLP,train,-2,0.0015685492932989709,-0.0066283286251249685,-0.04650679409982028
2017-09-06,Beige_Book,https://www.federalreserve.gov/monetarypolicy/beigebook201709.htm,XLRE,train,-2,0.007711332320885389,0.0057499354905984346,-0.04224732423299837
2017-09-06,Beige_Book,https://www.federalreserve.gov/monetarypolicy/beigebook201709.htm,XLU,train,-2,0.007618276645968813,0.01133532266603654,-0.05039862444731513
2017-09-06,Beige_Book,https://www.federalreserve.gov/monetarypolicy/beigebook201709.htm,XLV,train,-1,0.011195742980461998,0.01396116610533038,-0.011027613010066162
2017-09-06,Beige_Book,https://www.federalreserve.gov/monetarypolicy/beigebook201709.htm,XLY,train,-1,-0.008520205999243191,-0.016204993420188885,-0.01744409287614912
2017-09-20,FOMC_statement,https://www.federalreserve.gov/newsevents/pressreleases/monetary20170920a.htm,XLB,train,0,0.0005694427564012505,0.0006575194510440863,0.0012494911428755362
2017-09-20,FOMC_statement,https://www.federalreserve.gov/newsevents/pressreleases/monetary20170920a.htm,XLE,train,-1,0.0029787588461003267,0.02434271927977716,-0.010601495024942453
2017-09-20,FOMC_statement,https://www.federalreserve.gov/newsevents/pressreleases/monetary20170920a.htm,XLF,train,1,0.0050419135956782934,0.004527822328600273,0.013537030068134781
2017-09-20,FOMC_statement,https://www.federalreserve.gov/newsevents/pressreleases/monetary20170920a.htm,XLI,train,0,0.0056645489691404816,0.010058684786864891,0.0029000106684861082
2017-09-20,FOMC_statement,https://www.federalreserve.gov/newsevents/pressreleases/monetary20170920a.htm,XLK,train,1,-0.002761504718407637,-0.012195304870809331,0.009006749056394314
2017-09-20,FOMC_statement,https://www.federalreserve.gov/newsevents/pressreleases/monetary20170920a.htm,XLP,train,-2,-0.006844019227835729,-0.000725697937745684,-0.03295822943636684
2017-09-20,FOMC_statement,https://www.federalreserve.gov/newsevents/pressreleases/monetary20170920a.htm,XLRE,train,-1,0.0011382710782943395,-0.0019254234845289542,-0.012068302275362708
2017-09-20,FOMC_statement,https://www.federalreserve.gov/newsevents/pressreleases/monetary20170920a.htm,XLU,train,0,0.0024939181497282137,0.005344790199503846,-0.0012990082009129988
2017-09-20,FOMC_statement,https://www.federalreserve.gov/newsevents/pressreleases/monetary20170920a.htm,XLV,train,0,-0.0024419658327373694,-0.0035402142326881325,-0.0008743992969477699
2017-09-20,FOMC_statement,https://www.federalreserve.gov/newsevents/pressreleases/monetary20170920a.htm,XLY,train,0,0.0010046928244582531,0.0024047893264541598,-0.004891906553576408
2017-10-18,Beige_Book,https://www.federalreserve.gov/monetarypolicy/beigebook201710.htm,XLB,train,-1,0.0035184328647832608,0.008959444371696712,-0.007384119909575437
2017-10-18,Beige_Book,https://www.federalreserve.gov/monetarypolicy/beigebook201710.htm,XLE,train,-1,-0.0033689150204735396,-0.007882422061172512,-0.0218858464947439
2017-10-18,Beige_Book,https://www.federalreserve.gov/monetarypolicy/beigebook201710.htm,XLF,train,-1,0.0004867835345256921,0.010238345285976447,-0.015673956769747588
2017-10-18,Beige_Book,https://www.federalreserve.gov/monetarypolicy/beigebook201710.htm,XLI,train,-2,0.00250543158347738,0.005735484767942611,-0.026331031869787802
2017-10-18,Beige_Book,https://www.federalreserve.gov/monetarypolicy/beigebook201710.htm,XLK,train,2,-0.0032307623042713285,-0.0024926667531588453,0.03560581353193348
2017-10-18,Beige_Book,https://www.federalreserve.gov/monetarypolicy/beigebook201710.htm,XLP,train,0,-0.0056125890741866025,-0.010031730639055714,0.0006591592654192624
2017-10-18,Beige_Book,https://www.federalreserve.gov/monetarypolicy/beigebook201710.htm,XLRE,train,1,-0.0008834950924861973,-0.0073465453028253025,0.017763562959044243
2017-10-18,Beige_Book,https://www.federalreserve.gov/monetarypolicy/beigebook201710.htm,XLU,train,1,0.01023336019835619,0.01023888062279621,0.02428693003745175
2017-10-18,Beige_Book,https://www.federalreserve.gov/monetarypolicy/beigebook201710.htm,XLV,train,-2,0.005850422460734528,0.0031497861464938604,-0.031989979477315855
2017-10-18,Beige_Book,https://www.federalreserve.gov/monetarypolicy/beigebook201710.htm,XLY,train,1,-0.0002736056241019469,-0.005916939409547628,0.0104987946877384
2017-11-01,FOMC_statement,https://www.federalreserve.gov/newsevents/pressreleases/monetary20171101a.htm,XLB,train,-2,-0.0076405698406272204,-0.017286265751262686,-0.030231893161158263
2017-11-01,FOMC_statement,https://www.federalreserve.gov/newsevents/pressreleases/monetary20171101a.htm,XLE,train,-1,-0.0033000847228943364,0.017593442529711956,-0.011652345970049383
2017-11-01,FOMC_statement,https://www.federalreserve.gov/newsevents/pressreleases/monetary20171101a.htm,XLF,train,1,0.00899595378860818,-0.001101533767938645,0.008484280750957196
2017-11-01,FOMC_statement,https://www.federalreserve.gov/newsevents/pressreleases/monetary20171101a.htm,XLI,train,0,0.005347040728187702,4.3625316686002336e-05,0.002650465555040449
2017-11-01,FOMC_statement,https://www.federalreserve.gov/newsevents/pressreleases/monetary20171101a.htm,XLK,train,-1,8.83365185195828e-05,0.005344550253463254,-0.017586308482098523
2017-11-01,FOMC_statement,https://www.federalreserve.gov/newsevents/pressreleases/monetary20171101a.htm,XLP,train,2,-0.0028292155911671113,-0.018253856973840632,0.02716909722071681
2017-11-01,FOMC_statement,https://www.federalreserve.gov/newsevents/pressreleases/monetary20171101a.htm,XLRE,train,0,0.008235437606124218,0.018615861045274018,0.004951544866000024
2017-11-01,FOMC_statement,https://www.federalreserve.gov/newsevents/pressreleases/monetary20171101a.htm,XLU,train,0,0.003260700909654801,-0.0017940123203730174,0.00223438456823688
2017-11-01,FOMC_statement,https://www.federalreserve.gov/newsevents/pressreleases/monetary20171101a.htm,XLV,train,0,-0.0049387485200858006,-0.004610984930309536,-0.002450060535289178
2017-11-01,FOMC_statement,https://www.federalreserve.gov/newsevents/pressreleases/monetary20171101a.htm,XLY,train,1,-0.00788652716652205,-0.0014152634933441988,0.022034451690709278
2017-11-29,Beige_Book,https://www.federalreserve.gov/monetarypolicy/beigebook201711.htm,XLB,train,0,-0.0031834931401903965,0.002201991528783531,0.006048270597009631
2017-11-29,Beige_Book,https://www.federalreserve.gov/monetarypolicy/beigebook201711.htm,XLE,train,2,0.006227491359823034,0.01747614352620719,0.046022378348753445
2017-11-29,Beige_Book,https://www.federalreserve.gov/monetarypolicy/beigebook201711.htm,XLF,train,0,-0.002171091868562902,0.01852347498972373,0.004844635632000771
2017-11-29,Beige_Book,https://www.federalreserve.gov/monetarypolicy/beigebook201711.htm,XLI,train,1,0.00830716757503236,0.007671195079348103,0.017298019971986545
2017-11-29,Beige_Book,https://www.federalreserve.gov/monetarypolicy/beigebook201711.htm,XLK,train,0,9.438146765372579e-05,-0.01784936719079744,-0.006239484159241915
2017-11-29,Beige_Book,https://www.federalreserve.gov/monetarypolicy/beigebook201711.htm,XLP,train,1,0.000427636455402558,0.01564294261124821,0.010750981191713471
2017-11-29,Beige_Book,https://www.federalreserve.gov/monetarypolicy/beigebook201711.htm,XLRE,train,-1,-0.007557765584072174,-0.01560853972646703,-0.023685922563622785
2017-11-29,Beige_Book,https://www.federalreserve.gov/monetarypolicy/beigebook201711.htm,XLU,train,-2,-0.005386990179368389,-0.011130745253847829,-0.07938606424787376
2017-11-29,Beige_Book,https://www.federalreserve.gov/monetarypolicy/beigebook201711.htm,XLV,train,-1,-0.0012713274766453786,-0.012267177262523021,-0.01865274862581523
2017-11-29,Beige_Book,https://www.federalreserve.gov/monetarypolicy/beigebook201711.htm,XLY,train,1,-0.0036591422606389035,0.010805433606565495,0.008679864075783361
2017-12-13,FOMC_statement,https://www.federalreserve.gov/newsevents/pressreleases/monetary20171213a.htm,XLB,train,1,-0.006972997815094417,-0.0009906941027414407,0.01112814885358171
2017-12-13,FOMC_statement,https://www.federalreserve.gov/newsevents/pressreleases/monetary20171213a.htm,XLE,train,2,0.0004883239069091161,-0.007369255360612836,0.06007407978180357
2017-12-13,FOMC_statement,https://www.federalreserve.gov/newsevents/pressreleases/monetary20171213a.htm,XLF,train,1,-0.002372659347498529,0.0009464274708158582,0.006996750889049275
2017-12-13,FOMC_statement,https://www.federalreserve.gov/newsevents/pressreleases/monetary20171213a.htm,XLI,train,1,-0.002722596284854606,-0.0032243297412627436,0.02170570272485417
2017-12-13,FOMC_statement,https://www.federalreserve.gov/newsevents/pressreleases/monetary20171213a.htm,XLK,train,0,0.002838715340762965,0.008404156326027312,-0.00207184880412703
2017-12-13,FOMC_statement,https://www.federalreserve.gov/newsevents/pressreleases/monetary20171213a.htm,XLP,train,-2,-0.00030690803520228016,-0.004159398305390805,-0.03536760711041087
2017-12-13,FOMC_statement,https://www.federalreserve.gov/newsevents/pressreleases/monetary20171213a.htm,XLRE,train,-2,0.004983753800724133,-0.0031968512459249476,-0.09544917780001405
2017-12-13,FOMC_statement,https://www.federalreserve.gov/newsevents/pressreleases/monetary20171213a.htm,XLU,train,-2,0.002822350331060597,-0.01926660722904827,-0.13252707230042293
2017-12-13,FOMC_statement,https://www.federalreserve.gov/newsevents/pressreleases/monetary20171213a.htm,XLV,train,0,-0.006035738735834739,-0.009343554956644518,-0.00030585028531737724
2017-12-13,FOMC_statement,https://www.federalreserve.gov/newsevents/pressreleases/monetary20171213a.htm,XLY,train,2,0.00716049045038003,0.005800236809324288,0.027399580967386372
2018-01-17,Beige_Book,https://www.federalreserve.gov/monetarypolicy/beigebook201801.htm,XLB,train,-1,0.0010454315455101781,-0.007963878166125982,-0.012059508986873912
2018-01-17,Beige_Book,https://www.federalreserve.gov/monetarypolicy/beigebook201801.htm,XLE,train,-2,-0.006489763800135551,0.0011252629062976638,-0.09692504532971047
2018-01-17,Beige_Book,https://www.federalreserve.gov/monetarypolicy/beigebook201801.htm,XLF,train,1,0.0003186655149948203,0.002922839754816775,0.01273159571291671
2018-01-17,Beige_Book,https://www.federalreserve.gov/monetarypolicy/beigebook201801.htm,XLI,train,-1,-0.0037016637902196337,-0.013487245684852489,-0.009456294207287108
2018-01-17,Beige_Book,https://www.federalreserve.gov/monetarypolicy/beigebook201801.htm,XLK,train,1,0.0034572996909699727,0.002432223536646627,0.02100781574851851
2018-01-17,Beige_Book,https://www.federalreserve.gov/monetarypolicy/beigebook201801.htm,XLP,train,-1,-0.001272510465460397,0.00478113976238459,-0.015916175986668613
2018-01-17,Beige_Book,https://www.federalreserve.gov/monetarypolicy/beigebook201801.htm,XLRE,train,-1,-0.007836912470655988,-0.0039284693937692294,-0.010411059420340263
2018-01-17,Beige_Book,https://www.federalreserve.gov/monetarypolicy/beigebook201801.htm,XLU,train,1,-0.004661095985057373,-0.018932543594637807,0.006975945923913152
2018-01-17,Beige_Book,https://www.federalreserve.gov/monetarypolicy/beigebook201801.htm,XLV,train,-1,0.0019077486271333877,-0.0004690681891276194,-0.01420153776150812
2018-01-17,Beige_Book,https://www.federalreserve.gov/monetarypolicy/beigebook201801.htm,XLY,train,2,0.0008219586293302106,0.007913558092481288,0.028454618818746225
2018-01-31,FOMC_statement,https://www.federalreserve.gov/newsevents/pressreleases/monetary20180131a.htm,XLB,train,-1,-0.012526179509442681,-0.013393327829911428,-0.01854328168233832
2018-01-31,FOMC_statement,https://www.federalreserve.gov/newsevents/pressreleases/monetary20180131a.htm,XLE,train,-2,0.011422356108391374,-0.008727346716274176,-0.06435445971399245
2018-01-31,FOMC_statement,https://www.federalreserve.gov/newsevents/pressreleases/monetary20180131a.htm,XLF,train,0,0.01055017090214061,0.0017485083026581583,0.002823225818813002
2018-01-31,FOMC_statement,https://www.federalreserve.gov/newsevents/pressreleases/monetary20180131a.htm,XLI,train,-1,-0.000620446272339148,-0.0025218191070696117,-0.012660916162031355
2018-01-31,FOMC_statement,https://www.federalreserve.gov/newsevents/pressreleases/monetary20180131a.htm,XLK,train,2,0.0020121343279458914,-0.005843420642827835,0.03643736004310061
2018-01-31,FOMC_statement,https://www.federalreserve.gov/newsevents/pressreleases/monetary20180131a.htm,XLP,train,-2,-0.0031880664733051622,0.004994729830866795,-0.027606144431049917
2018-01-31,FOMC_statement,https://www.federalreserve.gov/newsevents/pressreleases/monetary20180131a.htm,XLRE,train,-2,-0.017125292564439953,0.009288618823784067,-0.03306916250732661
2018-01-31,FOMC_statement,https://www.federalreserve.gov/newsevents/pressreleases/monetary20180131a.htm,XLU,train,0,-0.014538678109089043,0.02544888702628778,0.0033473763046727445
2018-01-31,FOMC_statement,https://www.federalreserve.gov/newsevents/pressreleases/monetary20180131a.htm,XLV,train,0,0.0014763094335398241,0.006689558871133983,-0.0056199907513206915
2018-01-31,FOMC_statement,https://www.federalreserve.gov/newsevents/pressreleases/monetary20180131a.htm,XLY,train,0,-0.009995420715813497,0.010314228317804708,0.0010225095677388607
2018-03-07,Beige_Book,https://www.federalreserve.gov/monetarypolicy/beigebook201803.htm,XLB,train,-1,-0.004008396887087207,-0.004504546871759496,-0.013630405321319872
2018-03-07,Beige_Book,https://www.federalreserve.gov/monetarypolicy/beigebook201803.htm,XLE,train,2,-0.005136932827702445,-0.0025201830932801705,0.054805918409751575
2018-03-07,Beige_Book,https://www.federalreserve.gov/monetarypolicy/beigebook201803.htm,XLF,train,-1,-0.0017262868490541816,0.00289774642942775,-0.01232669910054629
2018-03-07,Beige_Book,https://www.federalreserve.gov/monetarypolicy/beigebook201803.htm,XLI,train,0,0.0003992717024459136,-0.006096386963187483,0.001210910356481465
2018-03-07,Beige_Book,https://www.federalreserve.gov/monetarypolicy/beigebook201803.htm,XLK,train,-1,-0.0004851688798312992,0.005418457298947299,-0.02353391952472761
2018-03-07,Beige_Book,https://www.federalreserve.gov/monetarypolicy/beigebook201803.htm,XLP,train,2,0.004275315728273554,-0.007251855306746213,0.024495129929922865
2018-03-07,Beige_Book,https://www.federalreserve.gov/monetarypolicy/beigebook201803.htm,XLRE,train,2,0.003021588777353479,-0.001782405864507286,0.06100122175236322
2018-03-07,Beige_Book,https://www.federalreserve.gov/monetarypolicy/beigebook201803.htm,XLU,train,2,0.002522463550921561,-0.006531622220081079,0.08186399902032448
2018-03-07,Beige_Book,https://www.federalreserve.gov/monetarypolicy/beigebook201803.htm,XLV,train,-1,0.0018894620574061438,-0.004111255652315737,-0.010206741906375827
2018-03-07,Beige_Book,https://www.federalreserve.gov/monetarypolicy/beigebook201803.htm,XLY,train,1,-0.0016752198946974328,0.0009569246148899424,0.01312103511108631
2018-03-21,FOMC_statement,https://www.federalreserve.gov/newsevents/pressreleases/monetary20180321a.htm,XLB,train,1,-0.004883652223809487,-0.010000846114639028,0.01635865320309715
2018-03-21,FOMC_statement,https://www.federalreserve.gov/newsevents/pressreleases/monetary20180321a.htm,XLE,train,2,0.004583301759271019,0.0104076211424029,0.08110406144839233
2018-03-21,FOMC_statement,https://www.federalreserve.gov/newsevents/pressreleases/monetary20180321a.htm,XLF,train,-1,-0.011910748944015337,-0.01588579373004384,-0.014299284364369669
2018-03-21,FOMC_statement,https://www.federalreserve.gov/newsevents/pressreleases/monetary20180321a.htm,XLI,train,0,-0.008012770100591649,-0.004492001348317398,0.004675430426987259
2018-03-21,FOMC_statement,https://www.federalreserve.gov/newsevents/pressreleases/monetary20180321a.htm,XLK,train,-1,-0.0008172341501759828,0.004446239012409814,-0.007815533563757526
2018-03-21,FOMC_statement,https://www.federalreserve.gov/newsevents/pressreleases/monetary20180321a.htm,XLP,train,-1,0.016717077110004364,0.012598339777039391,-0.01445541124014127
2018-03-21,FOMC_statement,https://www.federalreserve.gov/newsevents/pressreleases/monetary20180321a.htm,XLRE,train,0,0.021409952699092627,0.013288082908800014,-0.0013770397012635716
2018-03-21,FOMC_statement,https://www.federalreserve.gov/newsevents/pressreleases/monetary20180321a.htm,XLU,train,2,0.029438298300487054,0.01972131292584889,0.028038116244571087
2018-03-21,FOMC_statement,https://www.federalreserve.gov/newsevents/pressreleases/monetary20180321a.htm,XLV,train,0,-0.0037716831864881284,-0.009878105119380143,-0.006073990327177814
2018-03-21,FOMC_statement,https://www.federalreserve.gov/newsevents/pressreleases/monetary20180321a.htm,XLY,train,0,0.0037352256889729984,0.007567852125065722,0.0008645225621733976
2018-04-18,Beige_Book,https://www.federalreserve.gov/monetarypolicy/beigebook201804.htm,XLB,train,-1,-0.005620849298609398,-0.005267304270751283,-0.009069158906423791
2018-04-18,Beige_Book,https://www.federalreserve.gov/monetarypolicy/beigebook201804.htm,XLE,train,2,0.006770785087030551,0.016787344549134442,0.06208260841580726
2018-04-18,Beige_Book,https://www.federalreserve.gov/monetarypolicy/beigebook201804.htm,XLF,train,1,0.020848188755985153,0.028760669156423613,0.020359941515065594
2018-04-18,Beige_Book,https://www.federalreserve.gov/monetarypolicy/beigebook201804.htm,XLI,train,-1,0.0027893351537243705,0.005882288915568523,-0.022214042336078044
2018-04-18,Beige_Book,https://www.federalreserve.gov/monetarypolicy/beigebook201804.htm,XLK,train,1,-0.005499491196537587,-0.014346595320932631,0.013109119543144865
2018-04-18,Beige_Book,https://www.federalreserve.gov/monetarypolicy/beigebook201804.htm,XLP,train,-2,-0.02338583385558468,-0.032692315689613505,-0.06438590236808384
2018-04-18,Beige_Book,https://www.federalreserve.gov/monetarypolicy/beigebook201804.htm,XLRE,train,-1,-0.01122139740968009,-0.009461792573014272,-0.020953247575234424
2018-04-18,Beige_Book,https://www.federalreserve.gov/monetarypolicy/beigebook201804.htm,XLU,train,-2,0.00495671206827919,0.00512030538964936,-0.0419841329064603
2018-04-18,Beige_Book,https://www.federalreserve.gov/monetarypolicy/beigebook201804.htm,XLV,train,-1,-0.0028628794423033455,0.004333594171353039,-0.008495213135234048
2018-04-18,Beige_Book,https://www.federalreserve.gov/monetarypolicy/beigebook201804.htm,XLY,train,0,0.0023853427540893035,0.0029629650415420317,0.00012332531457004414
2018-05-02,FOMC_statement,https://www.federalreserve.gov/newsevents/pressreleases/monetary20180502a.htm,XLB,train,0,0.006778651903715738,0.002539353359171437,0.0001678684338951575
2018-05-02,FOMC_statement,https://www.federalreserve.gov/newsevents/pressreleases/monetary20180502a.htm,XLE,train,0,-0.00010413551254362385,-0.010181324520787016,-0.0014079308384030709
2018-05-02,FOMC_statement,https://www.federalreserve.gov/newsevents/pressreleases/monetary20180502a.htm,XLF,train,-2,-0.00626737823527912,-0.0029952334359766297,-0.025874162266751544
2018-05-02,FOMC_statement,https://www.federalreserve.gov/newsevents/pressreleases/monetary20180502a.htm,XLI,train,1,0.004589708103277634,0.006521874692347329,0.016211166190788773
2018-05-02,FOMC_statement,https://www.federalreserve.gov/newsevents/pressreleases/monetary20180502a.htm,XLK,train,2,0.004469240432469657,0.014077158572867954,0.0325740910908382
2018-05-02,FOMC_statement,https://www.federalreserve.gov/newsevents/pressreleases/monetary20180502a.htm,XLP,train,-2,0.0011843926417789419,-0.0068890219484358806,-0.02601196871449396
2018-05-02,FOMC_statement,https://www.federalreserve.gov/newsevents/pressreleases/monetary20180502a.htm,XLRE,train,-1,0.0018809688032149774,-0.0012276076320257845,-0.01505862709432948
2018-05-02,FOMC_statement,https://www.federalreserve.gov/newsevents/pressreleases/monetary20180502a.htm,XLU,train,-2,0.0008406563777226816,-0.016245640077282686,-0.06085889697750346
2018-05-02,FOMC_statement,https://www.federalreserve.gov/newsevents/pressreleases/monetary20180502a.htm,XLV,train,-1,-0.00679840014503863,-0.016645566741527507,-0.010879684108475396
2018-05-02,FOMC_statement,https://www.federalreserve.gov/newsevents/pressreleases/monetary20180502a.htm,XLY,train,0,-0.002256784276010504,-0.0020727383613224903,-0.006357972559516423
2018-05-30,Beige_Book,https://www.federalreserve.gov/monetarypolicy/beigebook201805.htm,XLB,train,0,-0.0022258797829590726,0.004258259909220241,-0.006593304776104758
2018-05-30,Beige_Book,https://www.federalreserve.gov/monetarypolicy/beigebook201805.htm,XLE,train,0,-0.0014462907302874584,-0.019920346424739166,-0.005290971335362271
2018-05-30,Beige_Book,https://www.federalreserve.gov/monetarypolicy/beigebook201805.htm,XLF,train,-1,-0.00226528998779163,-0.0025217852710787136,-0.023969974013180018
2018-05-30,Beige_Book,https://www.federalreserve.gov/monetarypolicy/beigebook201805.htm,XLI,train,-2,-0.008305067344644534,-0.01332052486629054,-0.04886522572912366
2018-05-30,Beige_Book,https://www.federalreserve.gov/monetarypolicy/beigebook201805.htm,XLK,train,0,0.006412695331130425,0.016885974788764968,0.00036505493499849884
2018-05-30,Beige_Book,https://www.federalreserve.gov/monetarypolicy/beigebook201805.htm,XLP,train,2,-0.009923459281048874,-0.016236115262722173,0.031196439200553483
2018-05-30,Beige_Book,https://www.federalreserve.gov/monetarypolicy/beigebook201805.htm,XLRE,train,2,0.0029692460095518403,0.0022927376178847325,0.04016349334119895
2018-05-30,Beige_Book,https://www.federalreserve.gov/monetarypolicy/beigebook201805.htm,XLU,train,2,0.007697072727012144,-0.030135705229726528,0.03020333616733939
2018-05-30,Beige_Book,https://www.federalreserve.gov/monetarypolicy/beigebook201805.htm,XLV,train,0,-0.00479583997372135,-0.004118853998778205,0.005274456883108902
2018-05-30,Beige_Book,https://www.federalreserve.gov/monetarypolicy/beigebook201805.htm,XLY,train,2,0.00132677160119965,0.005302489695584112,0.03120255301876762
2018-06-13,FOMC_statement,https://www.federalreserve.gov/newsevents/pressreleases/monetary20180613a.htm,XLB,train,-2,-0.0010267230919944748,-0.007187233286132466,-0.03461017646766662
2018-06-13,FOMC_statement,https://www.federalreserve.gov/newsevents/pressreleases/monetary20180613a.htm,XLE,train,0,-0.003957243637182306,-0.012125054135579738,-0.004226122140154831
2018-06-13,FOMC_statement,https://www.federalreserve.gov/newsevents/pressreleases/monetary20180613a.htm,XLF,train,-2,-0.011853939332413299,-0.010377034050154443,-0.03726613101806475
2018-06-13,FOMC_statement,https://www.federalreserve.gov/newsevents/pressreleases/monetary20180613a.htm,XLI,train,-2,-0.006338421408470074,-0.009628766613702378,-0.03431171302438063
2018-06-13,FOMC_statement,https://www.federalreserve.gov/newsevents/pressreleases/monetary20180613a.htm,XLK,train,0,0.004590846220075662,0.005220434962160514,0.005092697774983002
2018-06-13,FOMC_statement,https://www.federalreserve.gov/newsevents/pressreleases/monetary20180613a.htm,XLP,train,2,-0.0007599428518936246,0.0008735868679491388,0.027579408315152265
2018-06-13,FOMC_statement,https://www.federalreserve.gov/newsevents/pressreleases/monetary20180613a.htm,XLRE,train,2,0.007003217146709373,0.007766455501855618,0.04467383425629856
2018-06-13,FOMC_statement,https://www.federalreserve.gov/newsevents/pressreleases/monetary20180613a.htm,XLU,train,2,0.009925766330859176,0.023603867154110003,0.06877929902151658
2018-06-13,FOMC_statement,https://www.federalreserve.gov/newsevents/pressreleases/monetary20180613a.htm,XLV,train,1,0.002647554766989746,-0.0016678743388487405,0.019563895694293842
2018-06-13,FOMC_statement,https://www.federalreserve.gov/newsevents/pressreleases/monetary20180613a.htm,XLY,train,0,0.007926835285020806,0.011209104336590836,0.0064886478791346125
2018-07-18,Beige_Book,https://www.federalreserve.gov/monetarypolicy/beigebook201807.htm,XLB,train,-1,0.007372373181746439,-0.002934200384408614,-0.015681858234065205
2018-07-18,Beige_Book,https://www.federalreserve.gov/monetarypolicy/beigebook201807.htm,XLE,train,-2,0.004037754172783292,-0.004544816903631066,-0.046259824309162756
2018-07-18,Beige_Book,https://www.federalreserve.gov/monetarypolicy/beigebook201807.htm,XLF,train,0,-0.011265761889468706,0.003622876356681015,-0.003866775679580159
2018-07-18,Beige_Book,https://www.federalreserve.gov/monetarypolicy/beigebook201807.htm,XLI,train,1,0.003369017822530629,-0.0046008495052378695,0.006789067091066081
2018-07-18,Beige_Book,https://www.federalreserve.gov/monetarypolicy/beigebook201807.htm,XLK,train,0,0.00020026735496114778,0.004858730107595188,-0.006687616894210935
2018-07-18,Beige_Book,https://www.federalreserve.gov/monetarypolicy/beigebook201807.htm,XLP,train,2,0.00434289897282214,0.003473668644889183,0.028597777109885314
2018-07-18,Beige_Book,https://www.federalreserve.gov/monetarypolicy/beigebook201807.htm,XLRE,train,1,0.013316219419874264,0.0009860982055324152,0.0236673963957571
2018-07-18,Beige_Book,https://www.federalreserve.gov/monetarypolicy/beigebook201807.htm,XLU,train,2,0.012970766925888166,-0.0018481450721202775,0.02830013963275868
2018-07-18,Beige_Book,https://www.federalreserve.gov/monetarypolicy/beigebook201807.htm,XLV,train,2,-0.0018332635985794932,-0.0024310043206490217,0.027493180969802244
2018-07-18,Beige_Book,https://www.federalreserve.gov/monetarypolicy/beigebook201807.htm,XLY,train,-1,0.0014694868695694918,-0.004755798332753747,-0.014945473007258459
2018-08-01,FOMC_statement,https://www.federalreserve.gov/newsevents/pressreleases/monetary20180801a.htm,XLB,train,-2,-0.012043945187672933,-0.010798257921134202,-0.026911301321432046
2018-08-01,FOMC_statement,https://www.federalreserve.gov/newsevents/pressreleases/monetary20180801a.htm,XLC,train,0,0.0011834266964665385,0.010042293140574365,-0.003983805652210015
2018-08-01,FOMC_statement,https://www.federalreserve.gov/newsevents/pressreleases/monetary20180801a.htm,XLE,train,-2,-0.010969701346023708,-0.02035727594607728,-0.04583459044942895
2018-08-01,FOMC_statement,https://www.federalreserve.gov/newsevents/pressreleases/monetary20180801a.htm,XLF,train,-1,-0.00508973676196578,-0.0019849384570720385,-0.018228550561163015
2018-08-01,FOMC_statement,https://www.federalreserve.gov/newsevents/pressreleases/monetary20180801a.htm,XLI,train,-1,-0.0067651676726939725,-0.012343236402662883,-0.017534443338126593
2018-08-01,FOMC_statement,https://www.federalreserve.gov/newsevents/pressreleases/monetary20180801a.htm,XLK,train,1,0.0071298098484753325,0.008128926432080297,0.021198592071289935
2018-08-01,FOMC_statement,https://www.federalreserve.gov/newsevents/pressreleases/monetary20180801a.htm,XLP,train,-1,0.004718377746609104,0.009427833836223698,-0.02016777057049768
2018-08-01,FOMC_statement,https://www.federalreserve.gov/newsevents/pressreleases/monetary20180801a.htm,XLRE,train,-1,-0.010256595209482411,-0.007308603724957119,-0.01938629030296546
2018-08-01,FOMC_statement,https://www.federalreserve.gov/newsevents/pressreleases/monetary20180801a.htm,XLU,train,-1,-0.0004902876918131405,0.0035014642921327166,-0.009394387214778033
2018-08-01,FOMC_statement,https://www.federalreserve.gov/newsevents/pressreleases/monetary20180801a.htm,XLV,train,1,-0.0017376279044638565,-0.0019717086622166313,0.00922974528594589
2018-08-01,FOMC_statement,https://www.federalreserve.gov/newsevents/pressreleases/monetary20180801a.htm,XLY,train,1,0.0014166244421207619,0.003577977944479338,0.017939043789867548
2018-09-12,Beige_Book,https://www.federalreserve.gov/monetarypolicy/beigebook201809.htm,XLB,train,-2,-0.002029323880353928,0.006291237072907574,-0.037987026753254494
2018-09-12,Beige_Book,https://www.federalreserve.gov/monetarypolicy/beigebook201809.htm,XLC,train,0,0.0011511832875195083,-0.0053005032791929585,-0.00013865610698982067
2018-09-12,Beige_Book,https://www.federalreserve.gov/monetarypolicy/beigebook201809.htm,XLE,train,2,-0.005507953209090255,0.006509947429374607,0.049165994401870416
2018-09-12,Beige_Book,https://www.federalreserve.gov/monetarypolicy/beigebook201809.htm,XLF,train,0,-0.0073394317994675,0.0006672637427871386,-0.0004199206856002613
2018-09-12,Beige_Book,https://www.federalreserve.gov/monetarypolicy/beigebook201809.htm,XLI,train,0,9.539918171652673e-05,0.010554145225453171,-0.0022006624219447213
2018-09-12,Beige_Book,https://www.federalreserve.gov/monetarypolicy/beigebook201809.htm,XLK,train,-1,0.005822119397059122,-0.002399110154588824,-0.016794546138682698
2018-09-12,Beige_Book,https://www.federalreserve.gov/monetarypolicy/beigebook201809.htm,XLP,train,1,-0.0073693667271941266,-0.0013262523132918647,0.00865073925060067
2018-09-12,Beige_Book,https://www.federalreserve.gov/monetarypolicy/beigebook201809.htm,XLRE,train,-1,0.00032464388777575515,0.0025426903145603363,-0.0210615156351196
2018-09-12,Beige_Book,https://www.federalreserve.gov/monetarypolicy/beigebook201809.htm,XLU,train,2,0.001652910999277335,0.004777475806068354,0.04328082051281512
2018-09-12,Beige_Book,https://www.federalreserve.gov/monetarypolicy/beigebook201809.htm,XLV,train,2,0.006492733864426947,0.00467643608893209,0.026881938359873403
2018-09-12,Beige_Book,https://www.federalreserve.gov/monetarypolicy/beigebook201809.htm,XLY,train,-2,-0.004207451327648437,-0.015235940233117362,-0.036086626416507506
2018-09-26,FOMC_statement,https://www.federalreserve.gov/newsevents/pressreleases/monetary20180926a.htm,XLB,train,-2,-0.01146664046447654,-0.011378285187820802,-0.06844294462770184
2018-09-26,FOMC_statement,https://www.federalreserve.gov/newsevents/pressreleases/monetary20180926a.htm,XLC,train,1,0.005818855247125221,-0.005499864833674817,0.010613552845156637
2018-09-26,FOMC_statement,https://www.federalreserve.gov/newsevents/pressreleases/monetary20180926a.htm,XLE,train,-2,-0.0027945971673823955,0.00472681962196797,-0.05415307928069302
2018-09-26,FOMC_statement,https://www.federalreserve.gov/newsevents/pressreleases/monetary20180926a.htm,XLF,train,-1,-0.0063697403579944245,-0.016363889485147998,-0.01636842911909253
2018-09-26,FOMC_statement,https://www.federalreserve.gov/newsevents/pressreleases/monetary20180926a.htm,XLI,train,-2,-0.0013908357689493833,0.003195999828562557,-0.04455654257873731
2018-09-26,FOMC_statement,https://www.federalreserve.gov/newsevents/pressreleases/monetary20180926a.htm,XLK,train,0,0.0031030599913590695,0.008035321057763056,0.0021870465295779074
2018-09-26,FOMC_statement,https://www.federalreserve.gov/newsevents/pressreleases/monetary20180926a.htm,XLP,train,2,-0.004092831886930659,-0.006925713488576846,0.08745203240727739
2018-09-26,FOMC_statement,https://www.federalreserve.gov/newsevents/pressreleases/monetary20180926a.htm,XLRE,train,2,0.00031970846168905,0.0014950535588049707,0.07670017683537755
2018-09-26,FOMC_statement,https://www.federalreserve.gov/newsevents/pressreleases/monetary20180926a.htm,XLU,train,2,0.00752480832576774,0.01517522049442599,0.12710784865327962
2018-09-26,FOMC_statement,https://www.federalreserve.gov/newsevents/pressreleases/monetary20180926a.htm,XLV,train,0,0.0022913897256677807,0.006710902832940846,0.0056549211465731775
2018-09-26,FOMC_statement,https://www.federalreserve.gov/newsevents/pressreleases/monetary20180926a.htm,XLY,train,-1,0.000626497644713897,-0.006874093473128284,-0.019802189787774926
2018-10-24,Beige_Book,https://www.federalreserve.gov/monetarypolicy/beigebook201810.htm,XLB,train,2,-0.005071604661256668,0.009832489943720213,0.06216764746075054
2018-10-24,Beige_Book,https://www.federalreserve.gov/monetarypolicy/beigebook201810.htm,XLC,train,-2,0.015189913986015435,-0.004203744535450915,-0.02457228351098073
2018-10-24,Beige_Book,https://www.federalreserve.gov/monetarypolicy/beigebook201810.htm,XLE,train,-2,-0.005698839014613988,-0.00868846606911422,-0.025446527411820408
2018-10-24,Beige_Book,https://www.federalreserve.gov/monetarypolicy/beigebook201810.htm,XLF,train,2,-0.0024887793082537524,0.014912216839887638,0.03749245525361167
2018-10-24,Beige_Book,https://www.federalreserve.gov/monetarypolicy/beigebook201810.htm,XLI,train,1,-0.010869916374849575,-0.014271778119580247,0.01406194215471801
2018-10-24,Beige_Book,https://www.federalreserve.gov/monetarypolicy/beigebook201810.htm,XLK,train,-2,0.016449987455087856,0.0026826772972882162,-0.036558922057123966
2018-10-24,Beige_Book,https://www.federalreserve.gov/monetarypolicy/beigebook201810.htm,XLP,train,1,-0.015565447275302846,-5.294502867048134e-05,0.007959887047280345
2018-10-24,Beige_Book,https://www.federalreserve.gov/monetarypolicy/beigebook201810.htm,XLRE,train,2,-0.006043122109710808,0.007613109788516481,0.03935173667877068
2018-10-24,Beige_Book,https://www.federalreserve.gov/monetarypolicy/beigebook201810.htm,XLU,train,-1,-0.03351158696208134,-0.014723400730906833,-0.013115939701876744
2018-10-24,Beige_Book,https://www.federalreserve.gov/monetarypolicy/beigebook201810.htm,XLV,train,2,-0.004995157325675015,0.009339646839324645,0.03408062180575577
2018-10-24,Beige_Book,https://www.federalreserve.gov/monetarypolicy/beigebook201810.htm,XLY,train,0,0.01227211991145194,-0.00450662268536417,-0.006295948820670527
2018-11-08,FOMC_statement,https://www.federalreserve.gov/newsevents/pressreleases/monetary20181108a.htm,XLB,train,-1,-0.004219855080162094,-0.001349748611640167,-0.011958622736961688
2018-11-08,FOMC_statement,https://www.federalreserve.gov/newsevents/pressreleases/monetary20181108a.htm,XLC,train,0,-0.010741653853856836,-0.00830535376130448,0.0038343308365319517
2018-11-08,FOMC_statement,https://www.federalreserve.gov/newsevents/pressreleases/monetary20181108a.htm,XLE,train,-1,0.008019343122176337,-0.015111513027815882,-0.022763281991568407
2018-11-08,FOMC_statement,https://www.federalreserve.gov/newsevents/pressreleases/monetary20181108a.htm,XLF,train,-2,0.0006343686050526154,0.006922556407066516,-0.04920028246712149
2018-11-08,FOMC_statement,https://www.federalreserve.gov/newsevents/pressreleases/monetary20181108a.htm,XLI,train,-1,-0.00034666877686784225,0.004971570197463526,-0.015458250224723913
2018-11-08,FOMC_statement,https://www.federalreserve.gov/newsevents/pressreleases/monetary20181108a.htm,XLK,train,-1,-0.007538728388089,-0.02101797212543144,-0.017511449835248105
2018-11-08,FOMC_statement,https://www.federalreserve.gov/newsevents/pressreleases/monetary20181108a.htm,XLP,train,2,0.015609994063346733,0.028586890569110124,0.035112784733631774
2018-11-08,FOMC_statement,https://www.federalreserve.gov/newsevents/pressreleases/monetary20181108a.htm,XLRE,train,2,0.010977653413136057,0.03575689533231474,0.08327443233858178
2018-11-08,FOMC_statement,https://www.federalreserve.gov/newsevents/pressreleases/monetary20181108a.htm,XLU,train,2,0.011228587032564352,0.035432397057771126,0.09475638331575476
2018-11-08,FOMC_statement,https://www.federalreserve.gov/newsevents/pressreleases/monetary20181108a.htm,XLV,train,2,0.006872022266661948,0.006892670666775791,0.0377393209071355
2018-11-08,FOMC_statement,https://www.federalreserve.gov/newsevents/pressreleases/monetary20181108a.htm,XLY,train,-1,-0.00412419545997067,-0.004118344224410375,-0.014024766488068496
2018-12-05,Beige_Book,https://www.federalreserve.gov/monetarypolicy/beigebook201812.htm,XLB,train,2,-0.0008290500861202199,-0.003522199129169512,0.027590845177887124
2018-12-05,Beige_Book,https://www.federalreserve.gov/monetarypolicy/beigebook201812.htm,XLC,train,2,0.0042486868851406845,0.010642686042462546,0.04523634625051631
2018-12-05,Beige_Book,https://www.federalreserve.gov/monetarypolicy/beigebook201812.htm,XLE,train,0,0.01764860094780818,0.0002335745099902864,0.0035838654094709765
2018-12-05,Beige_Book,https://www.federalreserve.gov/monetarypolicy/beigebook201812.htm,XLF,train,0,0.004095527742422611,-0.021660475985663452,-0.002380381691705291
2018-12-05,Beige_Book,https://www.federalreserve.gov/monetarypolicy/beigebook201812.htm,XLI,train,0,-0.003098803481059842,-0.008589207613150296,0.002207906132223103
2018-12-05,Beige_Book,https://www.federalreserve.gov/monetarypolicy/beigebook201812.htm,XLK,train,-1,-0.012008992428815701,0.0008655926894388655,-0.016647575270892778
2018-12-05,Beige_Book,https://www.federalreserve.gov/monetarypolicy/beigebook201812.htm,XLP,train,-1,0.010605072571965635,0.016704647491238123,-0.01896381341559994
2018-12-05,Beige_Book,https://www.federalreserve.gov/monetarypolicy/beigebook201812.htm,XLRE,train,-2,0.008154619835024635,0.003976199292963556,-0.03426513574081269
2018-12-05,Beige_Book,https://www.federalreserve.gov/monetarypolicy/beigebook201812.htm,XLU,train,-1,0.026969675763725,0.03085953167529154,-0.0077599385472310045
2018-12-05,Beige_Book,https://www.federalreserve.gov/monetarypolicy/beigebook201812.htm,XLV,train,-1,-0.0022669419270485713,0.0025535142040044034,-0.018086164892887835
2018-12-05,Beige_Book,https://www.federalreserve.gov/monetarypolicy/beigebook201812.htm,XLY,train,2,-0.006700021992739669,-0.007663622610114218,0.026928244625881503
2018-12-19,FOMC_statement,https://www.federalreserve.gov/newsevents/pressreleases/monetary20181219a.htm,XLB,train,1,0.002885945067902629,0.014880185844068028,0.009007081843422582
2018-12-19,FOMC_statement,https://www.federalreserve.gov/newsevents/pressreleases/monetary20181219a.htm,XLC,train,0,-0.0013285188990200814,-0.008221165367891414,6.599012590924325e-06
2018-12-19,FOMC_statement,https://www.federalreserve.gov/newsevents/pressreleases/monetary20181219a.htm,XLE,train,1,-0.011433994955314608,-0.014684446275721408,0.019791051189739117
2018-12-19,FOMC_statement,https://www.federalreserve.gov/newsevents/pressreleases/monetary20181219a.htm,XLF,train,2,0.0073833560422108535,0.013238064357998458,0.03979342315234047
2018-12-19,FOMC_statement,https://www.federalreserve.gov/newsevents/pressreleases/monetary20181219a.htm,XLI,train,1,-0.002021533047940949,-0.00467309368863178,0.011440526682198748
2018-12-19,FOMC_statement,https://www.federalreserve.gov/newsevents/pressreleases/monetary20181219a.htm,XLK,train,-1,-0.0016594799262666937,-0.01181815835822142,-0.015581291235116868
2018-12-19,FOMC_statement,https://www.federalreserve.gov/newsevents/pressreleases/monetary20181219a.htm,XLP,train,-2,-0.0015723468096081605,0.006070747347485805,-0.04593567941188481
2018-12-19,FOMC_statement,https://www.federalreserve.gov/newsevents/pressreleases/monetary20181219a.htm,XLRE,train,-2,0.004162366138570239,-0.0010615985749122814,-0.027713797879382662
2018-12-19,FOMC_statement,https://www.federalreserve.gov/newsevents/pressreleases/monetary20181219a.htm,XLU,train,-2,0.01572757423652804,0.016551656367495227,-0.06781238283167113
2018-12-19,FOMC_statement,https://www.federalreserve.gov/newsevents/pressreleases/monetary20181219a.htm,XLV,train,0,0.00220954418749697,0.01275241520963466,0.0006927560073791694
2018-12-19,FOMC_statement,https://www.federalreserve.gov/newsevents/pressreleases/monetary20181219a.htm,XLY,train,1,-0.006153774794884659,-0.0008872506071538888,0.019307819349796196
2019-01-16,Beige_Book,https://www.federalreserve.gov/monetarypolicy/beigebook201901.htm,XLB,train,-1,0.010004517480410868,0.012902934329195426,-0.00845767065980374
2019-01-16,Beige_Book,https://www.federalreserve.gov/monetarypolicy/beigebook201901.htm,XLC,train,-1,-0.0035357238028084215,-0.015945291174177645,-0.020996027001357942
2019-01-16,Beige_Book,https://www.federalreserve.gov/monetarypolicy/beigebook201901.htm,XLE,train,0,0.0016065676300383025,0.0003308633137095729,0.004309012644883592
2019-01-16,Beige_Book,https://www.federalreserve.gov/monetarypolicy/beigebook201901.htm,XLF,train,-1,-0.0020796037849195592,0.0037966766678810826,-0.021821209638545502
2019-01-16,Beige_Book,https://www.federalreserve.gov/monetarypolicy/beigebook201901.htm,XLI,train,2,0.00954241996042171,0.008103073381988013,0.05098857508829524
2019-01-16,Beige_Book,https://www.federalreserve.gov/monetarypolicy/beigebook201901.htm,XLK,train,2,-0.0011764366800226522,-0.0025841090076249573,0.024674998756136768
2019-01-16,Beige_Book,https://www.federalreserve.gov/monetarypolicy/beigebook201901.htm,XLP,train,-1,-0.003323973427656002,-0.00031319008938357484,-0.009187325754136833
2019-01-16,Beige_Book,https://www.federalreserve.gov/monetarypolicy/beigebook201901.htm,XLRE,train,1,-0.0026454755177920397,-0.0005944037327182405,0.016685733984451168
2019-01-16,Beige_Book,https://www.federalreserve.gov/monetarypolicy/beigebook201901.htm,XLU,train,-1,-0.003425037001233422,-0.00021226775780813778,-0.008512400620522387
2019-01-16,Beige_Book,https://www.federalreserve.gov/monetarypolicy/beigebook201901.htm,XLV,train,-1,0.0012525038678079525,0.006477799375519067,-0.00994543106561252
2019-01-16,Beige_Book,https://www.federalreserve.gov/monetarypolicy/beigebook201901.htm,XLY,train,-1,-0.0008018303626196044,-0.0017228605968454547,-0.010110667185139088
2019-01-30,FOMC_statement,https://www.federalreserve.gov/newsevents/pressreleases/monetary20190130a.htm,XLB,train,-2,-0.023738431885533706,-0.029938199958473022,-0.031253024894651205
2019-01-30,FOMC_statement,https://www.federalreserve.gov/newsevents/pressreleases/monetary20190130a.htm,XLC,train,0,0.03205677529816264,0.03042525891231973,-0.002396958438679486
2019-01-30,FOMC_statement,https://www.federalreserve.gov/newsevents/pressreleases/monetary20190130a.htm,XLE,train,0,-0.0023124933203355624,0.009885602441223051,0.0014034189895819615
2019-01-30,FOMC_statement,https://www.federalreserve.gov/newsevents/pressreleases/monetary20190130a.htm,XLF,train,-1,-0.010322432405096005,-0.009376298325431853,-0.019646177272246712
2019-01-30,FOMC_statement,https://www.federalreserve.gov/newsevents/pressreleases/monetary20190130a.htm,XLI,train,1,-0.004444579151742456,0.0025090874344728675,0.020258571880935383
2019-01-30,FOMC_statement,https://www.federalreserve.gov/newsevents/pressreleases/monetary20190130a.htm,XLK,train,2,-0.009837862620808324,0.004578386326064998,0.02586503074245705
2019-01-30,FOMC_statement,https://www.federalreserve.gov/newsevents/pressreleases/monetary20190130a.htm,XLP,train,-1,0.009722006893210233,0.005409451690722267,-0.012649932583572276
2019-01-30,FOMC_statement,https://www.federalreserve.gov/newsevents/pressreleases/monetary20190130a.htm,XLRE,train,-2,0.0009232050215415288,-0.006849283026117425,-0.027343672982906297
2019-01-30,FOMC_statement,https://www.federalreserve.gov/newsevents/pressreleases/monetary20190130a.htm,XLU,train,1,0.012287491440362786,0.0025854301804318913,0.0164839354187043
2019-01-30,FOMC_statement,https://www.federalreserve.gov/newsevents/pressreleases/monetary20190130a.htm,XLV,train,-1,0.003724037286662263,-0.005775508659947359,-0.009350970722700969
2019-01-30,FOMC_statement,https://www.federalreserve.gov/newsevents/pressreleases/monetary20190130a.htm,XLY,train,-1,0.0003083005036521591,-0.015295043865024005,-0.01651940953269082
2019-03-06,Beige_Book,https://www.federalreserve.gov/monetarypolicy/beigebook201903.htm,XLB,train,1,0.00019686499022197879,0.003594266851243866,0.014193680487715188
2019-03-06,Beige_Book,https://www.federalreserve.gov/monetarypolicy/beigebook201903.htm,XLC,train,0,-0.00043095399971693205,0.004395394054677371,-0.004278847705288968
2019-03-06,Beige_Book,https://www.federalreserve.gov/monetarypolicy/beigebook201903.htm,XLE,train,-1,0.0024120534428371254,-0.013174528423742227,-0.01672597050879776
2019-03-06,Beige_Book,https://www.federalreserve.gov/monetarypolicy/beigebook201903.htm,XLF,train,-1,-0.001919976042251026,-0.004410001018291476,-0.0217483993939388
2019-03-06,Beige_Book,https://www.federalreserve.gov/monetarypolicy/beigebook201903.htm,XLI,train,-1,0.002355268432491342,-0.003679488934729802,-0.007947689559250293
2019-03-06,Beige_Book,https://www.federalreserve.gov/monetarypolicy/beigebook201903.htm,XLK,train,2,-0.0011398331380622073,0.007702195284330471,0.03402828758282117
2019-03-06,Beige_Book,https://www.federalreserve.gov/monetarypolicy/beigebook201903.htm,XLP,train,-1,0.001887869162622624,0.002977947732986208,-0.009026343682874138
2019-03-06,Beige_Book,https://www.federalreserve.gov/monetarypolicy/beigebook201903.htm,XLRE,train,1,0.007504047813478354,0.011372795740887454,0.00708614485894532
2019-03-06,Beige_Book,https://www.federalreserve.gov/monetarypolicy/beigebook201903.htm,XLU,train,-2,0.011689761890690042,0.00979935654928299,-0.02512957233651969
2019-03-06,Beige_Book,https://www.federalreserve.gov/monetarypolicy/beigebook201903.htm,XLV,train,-1,0.0005023715035413767,-0.0027105343669593385,-0.023821642385654318
2019-03-06,Beige_Book,https://www.federalreserve.gov/monetarypolicy/beigebook201903.htm,XLY,train,1,-0.0037603737024084483,-0.009479516480396133,0.019893241942262274
2019-03-20,FOMC_statement,https://www.federalreserve.gov/newsevents/pressreleases/monetary20190320a.htm,XLB,train,1,-0.0006464103315246827,-0.012310003771313416,0.013504502753069358
2019-03-20,FOMC_statement,https://www.federalreserve.gov/newsevents/pressreleases/monetary20190320a.htm,XLC,train,1,0.0018630493948286198,0.0040292596896650545,0.012557782616693158
2019-03-20,FOMC_statement,https://www.federalreserve.gov/newsevents/pressreleases/monetary20190320a.htm,XLE,train,-1,-0.004260882512928887,-0.010851405572312012,-0.023547291819740357
2019-03-20,FOMC_statement,https://www.federalreserve.gov/newsevents/pressreleases/monetary20190320a.htm,XLF,train,1,-0.01435511912867471,-0.02632619041051809,0.015984296737169723
2019-03-20,FOMC_statement,https://www.federalreserve.gov/newsevents/pressreleases/monetary20190320a.htm,XLI,train,2,-0.0016912509866631176,-0.0020041782280523224,0.02844394454549881
2019-03-20,FOMC_statement,https://www.federalreserve.gov/newsevents/pressreleases/monetary20190320a.htm,XLK,train,2,0.013825096811041826,0.005886947925660024,0.03136819655179934
2019-03-20,FOMC_statement,https://www.federalreserve.gov/newsevents/pressreleases/monetary20190320a.htm,XLP,train,1,0.00044633904447155537,0.02117279946289996,0.012552689156087427
2019-03-20,FOMC_statement,https://www.federalreserve.gov/newsevents/pressreleases/monetary20190320a.htm,XLRE,train,-1,0.006531839031103548,0.022642339660113864,-0.023977209438156954
2019-03-20,FOMC_statement,https://www.federalreserve.gov/newsevents/pressreleases/monetary20190320a.htm,XLU,train,-2,-0.0006784957836800665,0.02740748325297604,-0.03262286194257591
2019-03-20,FOMC_statement,https://www.federalreserve.gov/newsevents/pressreleases/monetary20190320a.htm,XLV,train,-2,-0.007379049807759719,-0.006133855047112502,-0.09670716116731615
2019-03-20,FOMC_statement,https://www.federalreserve.gov/newsevents/pressreleases/monetary20190320a.htm,XLY,train,2,0.0024074619974225886,0.008479353513392796,0.029900992209158317
2019-04-17,Beige_Book,https://www.federalreserve.gov/monetarypolicy/beigebook201904.htm,XLB,train,-2,-0.0007571631446787741,-0.012828462856870115,-0.04214079745251431
2019-04-17,Beige_Book,https://www.federalreserve.gov/monetarypolicy/beigebook201904.htm,XLC,train,1,-0.001358248205548751,0.006632811507148562,0.010887910297697867
2019-04-17,Beige_Book,https://www.federalreserve.gov/monetarypolicy/beigebook201904.htm,XLE,train,-2,-0.006709209583977582,0.0029677297854342477,-0.04427216554594138
2019-04-17,Beige_Book,https://www.federalreserve.gov/monetarypolicy/beigebook201904.htm,XLF,train,-1,-0.004887024040358567,-0.011430525746885078,-0.007158031254975938
2019-04-17,Beige_Book,https://www.federalreserve.gov/monetarypolicy/beigebook201904.htm,XLI,train,-1,0.009526782444843507,0.005318440071673147,-0.021070579323788197
2019-04-17,Beige_Book,https://www.federalreserve.gov/monetarypolicy/beigebook201904.htm,XLK,train,-1,0.0008659794214318506,0.004222834426950817,-0.01580229608499628
2019-04-17,Beige_Book,https://www.federalreserve.gov/monetarypolicy/beigebook201904.htm,XLP,train,2,-0.001089183725542675,-0.013755041649953559,0.028529994195205077
2019-04-17,Beige_Book,https://www.federalreserve.gov/monetarypolicy/beigebook201904.htm,XLRE,train,2,0.005973843297027104,-0.003473241498400337,0.051102234543702996
2019-04-17,Beige_Book,https://www.federalreserve.gov/monetarypolicy/beigebook201904.htm,XLU,train,2,-0.0014451191673336972,-0.009376157901546223,0.03865024088520852
2019-04-17,Beige_Book,https://www.federalreserve.gov/monetarypolicy/beigebook201904.htm,XLV,train,2,-0.000337131489422271,0.006210830312717297,0.043056759966489166
2019-04-17,Beige_Book,https://www.federalreserve.gov/monetarypolicy/beigebook201904.htm,XLY,train,-1,-0.002304214835216589,-0.003979978423223174,-0.01609033666540205
2019-05-01,FOMC_statement,https://www.federalreserve.gov/newsevents/pressreleases/monetary20190501a.htm,XLB,train,-1,-0.0029821479665481654,-0.013147240554161721,-0.008349662097064448
2019-05-01,FOMC_statement,https://www.federalreserve.gov/newsevents/pressreleases/monetary20190501a.htm,XLC,train,0,-0.0018564337833991695,0.0005495496486276341,0.002722553512729542
2019-05-01,FOMC_statement,https://www.federalreserve.gov/newsevents/pressreleases/monetary20190501a.htm,XLE,train,-2,-0.015282107362903363,-0.010752894463528229,-0.038504000655214976
2019-05-01,FOMC_statement,https://www.federalreserve.gov/newsevents/pressreleases/monetary20190501a.htm,XLF,train,-1,0.0032383963226054746,-0.0002164329240722518,-0.007647334619521051
2019-05-01,FOMC_statement,https://www.federalreserve.gov/newsevents/pressreleases/monetary20190501a.htm,XLI,train,-1,0.0016424035126498815,-0.0014605698092627906,-0.014248567091065034
2019-05-01,FOMC_statement,https://www.federalreserve.gov/newsevents/pressreleases/monetary20190501a.htm,XLK,train,-2,-0.0030630718542163926,-0.006997533503734332,-0.028785002949573535
2019-05-01,FOMC_statement,https://www.federalreserve.gov/newsevents/pressreleases/monetary20190501a.htm,XLP,train,2,0.0018079015341428972,0.0021145628842847985,0.033268264767018496
2019-05-01,FOMC_statement,https://www.federalreserve.gov/newsevents/pressreleases/monetary20190501a.htm,XLRE,train,2,0.004101642328132593,0.001227970852596072,0.07018520556929964
2019-05-01,FOMC_statement,https://www.federalreserve.gov/newsevents/pressreleases/monetary20190501a.htm,XLU,train,2,-7.849265351911328e-05,-0.005720493460022791,0.06050230713394289
2019-05-01,FOMC_statement,https://www.federalreserve.gov/newsevents/pressreleases/monetary20190501a.htm,XLV,train,2,0.0064237822881680895,0.013453028919992449,0.03747490184484881
2019-05-01,FOMC_statement,https://www.federalreserve.gov/newsevents/pressreleases/monetary20190501a.htm,XLY,train,-1,0.0029175373073799804,0.002961378857903374,-0.008307250240160657
2019-06-05,Beige_Book,https://www.federalreserve.gov/monetarypolicy/beigebook201906.htm,XLB,train,-1,0.005387410313175023,0.0014735650311439308,-0.007542511851463929
2019-06-05,Beige_Book,https://www.federalreserve.gov/monetarypolicy/beigebook201906.htm,XLC,train,1,-0.002211824962319753,-0.0014126041399334932,0.022926528261697166
2019-06-05,Beige_Book,https://www.federalreserve.gov/monetarypolicy/beigebook201906.htm,XLE,train,0,0.012034907148107843,0.004967100071241237,0.003978733141419832
2019-06-05,Beige_Book,https://www.federalreserve.gov/monetarypolicy/beigebook201906.htm,XLF,train,-1,-0.0028069293418664376,-0.010395250581038962,-0.013084463288758674
2019-06-05,Beige_Book,https://www.federalreserve.gov/monetarypolicy/beigebook201906.htm,XLI,train,-1,-0.0047686357960115,-0.010057318839312934,-0.020578945631094303
2019-06-05,Beige_Book,https://www.federalreserve.gov/monetarypolicy/beigebook201906.htm,XLK,train,1,0.005128943874367353,0.019352622062992264,0.024178609260101513
2019-06-05,Beige_Book,https://www.federalreserve.gov/monetarypolicy/beigebook201906.htm,XLP,train,-1,0.0039377499639905444,-0.0006739708931811084,-0.01746878024022014
2019-06-05,Beige_Book,https://www.federalreserve.gov/monetarypolicy/beigebook201906.htm,XLRE,train,-2,-0.004622552051461337,-0.01947569774010882,-0.03725719148195694
2019-06-05,Beige_Book,https://www.federalreserve.gov/monetarypolicy/beigebook201906.htm,XLU,train,-2,-0.0003501642919914172,-0.029209521851026654,-0.04094897710383161
2019-06-05,Beige_Book,https://www.federalreserve.gov/monetarypolicy/beigebook201906.htm,XLV,train,-1,-0.0013691342127020167,-0.0025628318016017726,-0.00868722113568865
2019-06-05,Beige_Book,https://www.federalreserve.gov/monetarypolicy/beigebook201906.htm,XLY,train,1,-0.0013947755023351327,0.0069305226044422685,0.01466995558597406
2019-06-19,FOMC_statement,https://www.federalreserve.gov/newsevents/pressreleases/monetary20190619a.htm,XLB,train,0,0.0031478933684352395,0.006460376707513538,0.0035427626999690043
2019-06-19,FOMC_statement,https://www.federalreserve.gov/newsevents/pressreleases/monetary20190619a.htm,XLC,train,0,-0.0032278636420222107,0.006107809660001462,-0.004008254664982669
2019-06-19,FOMC_statement,https://www.federalreserve.gov/newsevents/pressreleases/monetary20190619a.htm,XLE,train,0,0.012596372538051126,0.013533106795596384,-0.0016619090664126146
2019-06-19,FOMC_statement,https://www.federalreserve.gov/newsevents/pressreleases/monetary20190619a.htm,XLF,train,1,-0.005158604305235404,-0.008757592091599542,0.009623349130751913
2019-06-19,FOMC_statement,https://www.federalreserve.gov/newsevents/pressreleases/monetary20190619a.htm,XLI,train,0,0.007166359362518859,0.0025695054403890305,-0.0022760649392012944
2019-06-19,FOMC_statement,https://www.federalreserve.gov/newsevents/pressreleases/monetary20190619a.htm,XLK,train,1,0.005094891398195189,0.004960569458879349,0.021381618885136233
2019-06-19,FOMC_statement,https://www.federalreserve.gov/newsevents/pressreleases/monetary20190619a.htm,XLP,train,1,-0.0007171927714428872,0.0012732914044399912,0.0074381991565232175
2019-06-19,FOMC_statement,https://www.federalreserve.gov/newsevents/pressreleases/monetary20190619a.htm,XLRE,train,-2,-0.0035447370840624437,-0.017075803023369973,-0.04934638880059283
2019-06-19,FOMC_statement,https://www.federalreserve.gov/newsevents/pressreleases/monetary20190619a.htm,XLU,train,-1,-0.003145167198020049,0.0037290219250020185,-0.018413326103650318
2019-06-19,FOMC_statement,https://www.federalreserve.gov/newsevents/pressreleases/monetary20190619a.htm,XLV,train,-2,-0.0051588549503278625,-0.00290596061795545,-0.03070564568539713
2019-06-19,FOMC_statement,https://www.federalreserve.gov/newsevents/pressreleases/monetary20190619a.htm,XLY,train,0,-0.0026181750777114488,-0.009925196843551198,0.005410881751282015
2019-07-17,Beige_Book,https://www.federalreserve.gov/monetarypolicy/beigebook201907.htm,XLB,train,0,0.0006470597736045747,0.003407874370079611,0.0029223565776042015
2019-07-17,Beige_Book,https://www.federalreserve.gov/monetarypolicy/beigebook201907.htm,XLC,train,0,-0.011755271942252787,-0.017763731566057706,-0.00551589990082646
2019-07-17,Beige_Book,https://www.federalreserve.gov/monetarypolicy/beigebook201907.htm,XLE,train,-2,-0.0035004262946138898,0.00886054809316017,-0.058447125674003564
2019-07-17,Beige_Book,https://www.federalreserve.gov/monetarypolicy/beigebook201907.htm,XLF,train,-1,0.0038795310464214694,0.004848832100923017,-0.01871312849718565
2019-07-17,Beige_Book,https://www.federalreserve.gov/monetarypolicy/beigebook201907.htm,XLI,train,-1,-0.0018401681827733274,0.007485128592072399,-0.008386643302349062
2019-07-17,Beige_Book,https://www.federalreserve.gov/monetarypolicy/beigebook201907.htm,XLK,train,0,0.0037982399344291817,0.014103236396278529,9.66437284755095e-06
2019-07-17,Beige_Book,https://www.federalreserve.gov/monetarypolicy/beigebook201907.htm,XLP,train,2,0.003014786578381834,-0.006025837541315471,0.03805290559115848
2019-07-17,Beige_Book,https://www.federalreserve.gov/monetarypolicy/beigebook201907.htm,XLRE,train,2,-0.003928246660064749,-0.01822311588408354,0.06985126227728433
2019-07-17,Beige_Book,https://www.federalreserve.gov/monetarypolicy/beigebook201907.htm,XLU,train,2,0.0050661036007135785,-0.008517222286516413,0.04953862890386673
2019-07-17,Beige_Book,https://www.federalreserve.gov/monetarypolicy/beigebook201907.htm,XLV,train,1,0.0019791698578650596,-0.007346884681350474,0.014201652808449317
2019-07-17,Beige_Book,https://www.federalreserve.gov/monetarypolicy/beigebook201907.htm,XLY,train,-2,-0.004960159556280042,-0.007875978452674293,-0.02678979671466475
2019-07-31,FOMC_statement,https://www.federalreserve.gov/newsevents/pressreleases/monetary20190731a.htm,XLB,train,-1,0.0030509831687508537,0.010093275557997994,-0.0192417299053651
2019-07-31,FOMC_statement,https://www.federalreserve.gov/newsevents/pressreleases/monetary20190731a.htm,XLC,train,-1,0.003980839962959615,-0.0004791433892704644,-0.0068805535353123615
2019-07-31,FOMC_statement,https://www.federalreserve.gov/newsevents/pressreleases/monetary20190731a.htm,XLE,train,-2,-0.013940354310094993,-0.020498912484556153,-0.06928059033624356
2019-07-31,FOMC_statement,https://www.federalreserve.gov/newsevents/pressreleases/monetary20190731a.htm,XLF,train,-2,-0.013947536657037074,-0.010040454908730956,-0.03428178373902102
2019-07-31,FOMC_statement,https://www.federalreserve.gov/newsevents/pressreleases/monetary20190731a.htm,XLI,train,-1,-0.010696758091913616,-0.007212273331066443,-0.014294602787983335
2019-07-31,FOMC_statement,https://www.federalreserve.gov/newsevents/pressreleases/monetary20190731a.htm,XLK,train,0,0.0036314411018917303,-0.01681352331784214,0.002608477205578441
2019-07-31,FOMC_statement,https://www.federalreserve.gov/newsevents/pressreleases/monetary20190731a.htm,XLP,train,2,0.005173988572938826,0.016945062058768112,0.03833508669562602
2019-07-31,FOMC_statement,https://www.federalreserve.gov/newsevents/pressreleases/monetary20190731a.htm,XLRE,train,2,0.011112983566303414,0.03739655525784402,0.06189679538286086
2019-07-31,FOMC_statement,https://www.federalreserve.gov/newsevents/pressreleases/monetary20190731a.htm,XLU,train,2,0.01895101175776015,0.04208981961176772,0.06413296512218014
2019-07-31,FOMC_statement,https://www.federalreserve.gov/newsevents/pressreleases/monetary20190731a.htm,XLV,train,1,0.010024093276983614,0.021822191032613958,0.008631222972825037
2019-07-31,FOMC_statement,https://www.federalreserve.gov/newsevents/pressreleases/monetary20190731a.htm,XLY,train,1,-0.00487806935640045,-0.002346536367995866,0.013242899907278005
2019-09-04,Beige_Book,https://www.federalreserve.gov/monetarypolicy/beigebook201909.htm,XLB,train,0,-0.011274614248662163,-0.01393251526504291,-0.003043720690278029
2019-09-04,Beige_Book,https://www.federalreserve.gov/monetarypolicy/beigebook201909.htm,XLC,train,-1,0.004147712270498705,0.0038627485976877596,-0.014755416124112464
2019-09-04,Beige_Book,https://www.federalreserve.gov/monetarypolicy/beigebook201909.htm,XLE,train,0,-0.0004416137497660344,0.02355231718075057,0.001321098149179356
2019-09-04,Beige_Book,https://www.federalreserve.gov/monetarypolicy/beigebook201909.htm,XLF,train,1,0.007590086760967729,0.02125714005312418,0.015600224128012985
2019-09-04,Beige_Book,https://www.federalreserve.gov/monetarypolicy/beigebook201909.htm,XLI,train,0,0.005114130628655289,0.00889544062100045,0.002142800527082045
2019-09-04,Beige_Book,https://www.federalreserve.gov/monetarypolicy/beigebook201909.htm,XLK,train,0,0.008045640125315723,-0.0015723345033681335,0.0031252809395803105
2019-09-04,Beige_Book,https://www.federalreserve.gov/monetarypolicy/beigebook201909.htm,XLP,train,0,-0.01902263531142212,-0.01931044694497963,-0.005539931341737803
2019-09-04,Beige_Book,https://www.federalreserve.gov/monetarypolicy/beigebook201909.htm,XLRE,train,-1,-0.021583665364689142,-0.029138689094711845,-0.0075648649990210926
2019-09-04,Beige_Book,https://www.federalreserve.gov/monetarypolicy/beigebook201909.htm,XLU,train,1,-0.02367911788638788,-0.033854000025556275,0.017450841314209597
2019-09-04,Beige_Book,https://www.federalreserve.gov/monetarypolicy/beigebook201909.htm,XLV,train,0,-0.0029811867494138333,-0.010713021341597573,-0.0035817828946913544
2019-09-04,Beige_Book,https://www.federalreserve.gov/monetarypolicy/beigebook201909.htm,XLY,train,-1,0.006267974430204104,0.01126562436546008,-0.006749978830674519
2019-09-18,FOMC_statement,https://www.federalreserve.gov/newsevents/pressreleases/monetary20190918a.htm,XLB,train,-1,0.0017714166367155393,0.0020053266958595106,-0.011437257206522
2019-09-18,FOMC_statement,https://www.federalreserve.gov/newsevents/pressreleases/monetary20190918a.htm,XLC,train,0,0.001045262624945087,-0.004033564120477839,0.00015381696009919565
2019-09-18,FOMC_statement,https://www.federalreserve.gov/newsevents/pressreleases/monetary20190918a.htm,XLE,train,-2,-0.0025161747994556505,0.0035864543411685545,-0.06628632501626264
2019-09-18,FOMC_statement,https://www.federalreserve.gov/newsevents/pressreleases/monetary20190918a.htm,XLF,train,-1,-0.004491623024136082,-0.0036283224620097254,-0.00994174449222851
2019-09-18,FOMC_statement,https://www.federalreserve.gov/newsevents/pressreleases/monetary20190918a.htm,XLI,train,-1,-0.004989285991885306,-0.00827882997784024,-0.012214092465743343
2019-09-18,FOMC_statement,https://www.federalreserve.gov/newsevents/pressreleases/monetary20190918a.htm,XLK,train,1,0.002281206750489595,-0.001305913008898596,0.010115146022476207
2019-09-18,FOMC_statement,https://www.federalreserve.gov/newsevents/pressreleases/monetary20190918a.htm,XLP,train,0,-9.794565376097797e-05,0.0056675184055450245,0.0028744470555980284
2019-09-18,FOMC_statement,https://www.federalreserve.gov/newsevents/pressreleases/monetary20190918a.htm,XLRE,train,1,0.0033647574233812705,0.007651764681137485,0.01044636780856556
2019-09-18,FOMC_statement,https://www.federalreserve.gov/newsevents/pressreleases/monetary20190918a.htm,XLU,train,0,0.004768010375061804,0.013845465728527295,0.005673560522128973
2019-09-18,FOMC_statement,https://www.federalreserve.gov/newsevents/pressreleases/monetary20190918a.htm,XLV,train,1,0.004769349720590066,0.009977261361620804,0.012976902739011531
2019-09-18,FOMC_statement,https://www.federalreserve.gov/newsevents/pressreleases/monetary20190918a.htm,XLY,train,0,-0.0026268527320261192,-0.005641113950365928,0.003840788179160337
2019-10-16,Beige_Book,https://www.federalreserve.gov/monetarypolicy/beigebook201910.htm,XLB,train,1,-0.00033831056357880307,-0.007606494412205178,0.013636479295107917
2019-10-16,Beige_Book,https://www.federalreserve.gov/monetarypolicy/beigebook201910.htm,XLC,train,-1,0.002980823028242874,-0.005051032340444794,-0.01738302413711168
2019-10-16,Beige_Book,https://www.federalreserve.gov/monetarypolicy/beigebook201910.htm,XLE,train,0,-0.0022503437861192133,0.007999270869549324,0.004757907623141766
2019-10-16,Beige_Book,https://www.federalreserve.gov/monetarypolicy/beigebook201910.htm,XLF,train,1,-0.002235579407810606,0.011732767654922593,0.02075780659325699
2019-10-16,Beige_Book,https://www.federalreserve.gov/monetarypolicy/beigebook201910.htm,XLI,train,1,0.0019712435539487316,-0.003085250807104978,0.020073677648012267
2019-10-16,Beige_Book,https://www.federalreserve.gov/monetarypolicy/beigebook201910.htm,XLK,train,1,-0.0049038797243260435,-0.006101873193943286,0.01954353559037636
2019-10-16,Beige_Book,https://www.federalreserve.gov/monetarypolicy/beigebook201910.htm,XLP,train,-1,0.0016914185335261678,0.004561400031187546,-0.020715151859462155
2019-10-16,Beige_Book,https://www.federalreserve.gov/monetarypolicy/beigebook201910.htm,XLRE,train,-2,0.0036716349881829036,0.017647480863857368,-0.059596020202330235
2019-10-16,Beige_Book,https://www.federalreserve.gov/monetarypolicy/beigebook201910.htm,XLU,train,-2,-0.00042737367603362664,0.00438892294245008,-0.0488946176562256
2019-10-16,Beige_Book,https://www.federalreserve.gov/monetarypolicy/beigebook201910.htm,XLV,train,0,0.004489148572644597,-0.0026946310769686566,0.006430181868223861
2019-10-16,Beige_Book,https://www.federalreserve.gov/monetarypolicy/beigebook201910.htm,XLY,train,-2,-0.0003279593669753833,-0.001171174301085931,-0.04440301689361825
2019-10-30,FOMC_statement,https://www.federalreserve.gov/newsevents/pressreleases/monetary20191030a.htm,XLB,train,-1,-0.008552080160207143,5.3833917030510214e-05,-0.012617761135995886
2019-10-30,FOMC_statement,https://www.federalreserve.gov/newsevents/pressreleases/monetary20191030a.htm,XLC,train,1,0.005634889609265947,0.004368311842389394,0.00772461640276878
2019-10-30,FOMC_statement,https://www.federalreserve.gov/newsevents/pressreleases/monetary20191030a.htm,XLE,train,-1,-0.0016317940532224462,0.040418482228821384,-0.019774338012446657
2019-10-30,FOMC_statement,https://www.federalreserve.gov/newsevents/pressreleases/monetary20191030a.htm,XLF,train,1,-0.0021914184158891015,0.0077465223812376305,0.011679652241615823
2019-10-30,FOMC_statement,https://www.federalreserve.gov/newsevents/pressreleases/monetary20191030a.htm,XLI,train,0,-0.00804796408588282,0.012044662750091861,0.0006673649115519487
2019-10-30,FOMC_statement,https://www.federalreserve.gov/newsevents/pressreleases/monetary20191030a.htm,XLK,train,1,0.002065567212846231,0.0059329781035499796,0.018964674899889178
2019-10-30,FOMC_statement,https://www.federalreserve.gov/newsevents/pressreleases/monetary20191030a.htm,XLP,train,-1,0.0011934326754299285,-0.021899919314896432,-0.02070623591426879
2019-10-30,FOMC_statement,https://www.federalreserve.gov/newsevents/pressreleases/monetary20191030a.htm,XLRE,train,-2,-0.0006317442049154076,-0.027671327364584664,-0.05313035971636826
2019-10-30,FOMC_statement,https://www.federalreserve.gov/newsevents/pressreleases/monetary20191030a.htm,XLU,train,-2,0.008140184258035976,-0.020425906303408348,-0.045991987953873825
2019-10-30,FOMC_statement,https://www.federalreserve.gov/newsevents/pressreleases/monetary20191030a.htm,XLV,train,1,0.0015030837524497853,-0.013568627740475847,0.015050561717279476
2019-10-30,FOMC_statement,https://www.federalreserve.gov/newsevents/pressreleases/monetary20191030a.htm,XLY,train,-2,-0.0026868489968636666,-0.00885526554823235,-0.02495568624019162
2019-11-27,Beige_Book,https://www.federalreserve.gov/monetarypolicy/beigebook201911.htm,XLB,train,0,5.815435040290584e-05,-0.0011265187160758305,-0.0051598113992273875
2019-11-27,Beige_Book,https://www.federalreserve.gov/monetarypolicy/beigebook201911.htm,XLC,train,0,0.0002953871765651872,0.0040636933891629035,-0.00537805141389136
2019-11-27,Beige_Book,https://www.federalreserve.gov/monetarypolicy/beigebook201911.htm,XLE,train,1,-0.006377197300597159,-0.0061182766408725,0.020830787686250907
2019-11-27,Beige_Book,https://www.federalreserve.gov/monetarypolicy/beigebook201911.htm,XLF,train,0,0.0020530646140967113,-0.003065378931175533,-0.0013831935202511803
2019-11-27,Beige_Book,https://www.federalreserve.gov/monetarypolicy/beigebook201911.htm,XLI,train,-2,-0.0009015877072638956,-0.013061235911295488,-0.028329435653402846
2019-11-27,Beige_Book,https://www.federalreserve.gov/monetarypolicy/beigebook201911.htm,XLK,train,1,0.0007678173575061953,-0.007183221358193825,0.013911096355805341
2019-11-27,Beige_Book,https://www.federalreserve.gov/monetarypolicy/beigebook201911.htm,XLP,train,0,0.003385899738301168,0.019236491324101324,-4.957687268536404e-05
2019-11-27,Beige_Book,https://www.federalreserve.gov/monetarypolicy/beigebook201911.htm,XLRE,train,-1,-0.0001571594790311659,0.004845670199269625,-0.02162268521332089
2019-11-27,Beige_Book,https://www.federalreserve.gov/monetarypolicy/beigebook201911.htm,XLU,train,0,0.0027578234763885323,0.014171086582560388,0.005075743648814579
2019-11-27,Beige_Book,https://www.federalreserve.gov/monetarypolicy/beigebook201911.htm,XLV,train,0,0.0002028408916883162,0.00876137509427588,0.006212183939544036
2019-11-27,Beige_Book,https://www.federalreserve.gov/monetarypolicy/beigebook201911.htm,XLY,train,0,-0.002782141972401786,-0.005874515814070391,-0.0031134208650879236
2019-12-11,FOMC_statement,https://www.federalreserve.gov/newsevents/pressreleases/monetary20191211a.htm,XLB,train,-2,0.005364818026263096,-0.005518744670498066,-0.03662395208055136
2019-12-11,FOMC_statement,https://www.federalreserve.gov/newsevents/pressreleases/monetary20191211a.htm,XLC,train,1,-0.007478641041452683,-0.007332103016014502,0.011883880118346068
2019-12-11,FOMC_statement,https://www.federalreserve.gov/newsevents/pressreleases/monetary20191211a.htm,XLE,train,0,0.009816113198418241,0.008207913178190918,-0.004761525039307268
2019-12-11,FOMC_statement,https://www.federalreserve.gov/newsevents/pressreleases/monetary20191211a.htm,XLF,train,-1,0.010898089214385509,0.0034417560928400315,-0.019828586938565596
2019-12-11,FOMC_statement,https://www.federalreserve.gov/newsevents/pressreleases/monetary20191211a.htm,XLI,train,-1,0.0002471517288127334,-0.010396600318925087,-0.014991967969781528
2019-12-11,FOMC_statement,https://www.federalreserve.gov/newsevents/pressreleases/monetary20191211a.htm,XLK,train,2,0.0020680378157797996,0.010175258928594388,0.039177811510884286
2019-12-11,FOMC_statement,https://www.federalreserve.gov/newsevents/pressreleases/monetary20191211a.htm,XLP,train,-2,-0.009417304150197037,-0.009865387011112725,-0.03160731771588421
2019-12-11,FOMC_statement,https://www.federalreserve.gov/newsevents/pressreleases/monetary20191211a.htm,XLRE,train,-1,-0.02072060233007378,-0.019409758674155175,-0.0072497601529672995
2019-12-11,FOMC_statement,https://www.federalreserve.gov/newsevents/pressreleases/monetary20191211a.htm,XLU,train,-1,-0.012894292036369492,-0.00010432270615878814,-0.013547129378944422
2019-12-11,FOMC_statement,https://www.federalreserve.gov/newsevents/pressreleases/monetary20191211a.htm,XLV,train,-1,0.0006790695059872842,0.003321882633285922,-0.012504847341812453
2019-12-11,FOMC_statement,https://www.federalreserve.gov/newsevents/pressreleases/monetary20191211a.htm,XLY,train,0,0.00015266863000906739,-0.0020383825929566335,-0.005490413937025762
2020-01-15,Beige_Book,https://www.federalreserve.gov/monetarypolicy/beigebook202001.htm,XLB,train,-2,-0.002369022124653064,-0.00988268576646889,-0.02761504250849056
2020-01-15,Beige_Book,https://www.federalreserve.gov/monetarypolicy/beigebook202001.htm,XLC,train,-1,-0.0006138350097284473,0.005173313982454353,-0.00812002060812178
2020-01-15,Beige_Book,https://www.federalreserve.gov/monetarypolicy/beigebook202001.htm,XLE,train,-2,-0.006635152667539668,-0.032105497798970206,-0.11128083751534323
2020-01-15,Beige_Book,https://www.federalreserve.gov/monetarypolicy/beigebook202001.htm,XLF,train,-1,0.00048488933911428056,-0.006139833062433597,-0.011872946530636752
2020-01-15,Beige_Book,https://www.federalreserve.gov/monetarypolicy/beigebook202001.htm,XLI,train,-1,0.0016133123019730355,-0.010440343962209941,-0.015155591464161788
2020-01-15,Beige_Book,https://www.federalreserve.gov/monetarypolicy/beigebook202001.htm,XLK,train,2,0.005128226605349839,0.01029993247772476,0.04144347098384149
2020-01-15,Beige_Book,https://www.federalreserve.gov/monetarypolicy/beigebook202001.htm,XLP,train,-1,-0.005642826006841961,-0.0016235228024861215,-0.009230021083786677
2020-01-15,Beige_Book,https://www.federalreserve.gov/monetarypolicy/beigebook202001.htm,XLRE,train,2,0.0006125164985935072,0.010826244694270404,0.038038905146605906
2020-01-15,Beige_Book,https://www.federalreserve.gov/monetarypolicy/beigebook202001.htm,XLU,train,2,-0.002095647306878279,0.012825350849543948,0.037444031719688464
2020-01-15,Beige_Book,https://www.federalreserve.gov/monetarypolicy/beigebook202001.htm,XLV,train,-2,-0.003123847474943986,-0.0032254808526659406,-0.028286288593859732
2020-01-15,Beige_Book,https://www.federalreserve.gov/monetarypolicy/beigebook202001.htm,XLY,train,1,0.0006206581269878608,-5.25449805411915e-05,0.012609334883340595
2020-01-29,FOMC_statement,https://www.federalreserve.gov/newsevents/pressreleases/monetary20200129a.htm,XLB,train,-1,-0.009484505744138616,0.00018036288693523694,-0.019142127801403452
2020-01-29,FOMC_statement,https://www.federalreserve.gov/newsevents/pressreleases/monetary20200129a.htm,XLC,train,1,-0.013360734821897369,-0.0070008405455689315,0.010633811739617749
2020-01-29,FOMC_statement,https://www.federalreserve.gov/newsevents/pressreleases/monetary20200129a.htm,XLE,train,-2,0.004795821890304808,-0.028755945345586786,-0.08882307610321405
2020-01-29,FOMC_statement,https://www.federalreserve.gov/newsevents/pressreleases/monetary20200129a.htm,XLF,train,-2,0.009329464251736308,0.006152648564112573,-0.029854090427882563
2020-01-29,FOMC_statement,https://www.federalreserve.gov/newsevents/pressreleases/monetary20200129a.htm,XLI,train,-2,-0.002159278120178021,-0.014924795126973867,-0.028715629557926836
2020-01-29,FOMC_statement,https://www.federalreserve.gov/newsevents/pressreleases/monetary20200129a.htm,XLK,train,0,0.005398821106197271,0.0019015762547357484,0.004361845336883774
2020-01-29,FOMC_statement,https://www.federalreserve.gov/newsevents/pressreleases/monetary20200129a.htm,XLP,train,1,0.008631461285872,0.00809276866938513,0.011433576065773554
2020-01-29,FOMC_statement,https://www.federalreserve.gov/newsevents/pressreleases/monetary20200129a.htm,XLRE,train,1,-0.0009782051225832866,-0.0035514882312330798,0.021607078308406358
2020-01-29,FOMC_statement,https://www.federalreserve.gov/newsevents/pressreleases/monetary20200129a.htm,XLU,train,0,0.006077469992865847,0.015521470177646268,-0.0017628065639493373
2020-01-29,FOMC_statement,https://www.federalreserve.gov/newsevents/pressreleases/monetary20200129a.htm,XLV,train,0,-0.01050705093120452,-0.010668466386026143,0.0017205634169563666
2020-01-29,FOMC_statement,https://www.federalreserve.gov/newsevents/pressreleases/monetary20200129a.htm,XLY,train,1,-0.004922524645508908,0.015468275542864673,0.019430788855999248
2020-03-03,FOMC_statement,https://www.federalreserve.gov/newsevents/pressreleases/monetary20200303a.htm,XLB,train,-2,-0.0005653674328784941,-0.008523919352129261,-0.03267163650135585
2020-03-03,FOMC_statement,https://www.federalreserve.gov/newsevents/pressreleases/monetary20200303a.htm,XLC,train,1,-0.006002659176424396,-0.010074635476462035,0.012879969077685849
2020-03-03,FOMC_statement,https://www.federalreserve.gov/newsevents/pressreleases/monetary20200303a.htm,XLE,train,-2,-0.018379823896419012,-0.061377151198292124,-0.23584490797180235
2020-03-03,FOMC_statement,https://www.federalreserve.gov/newsevents/pressreleases/monetary20200303a.htm,XLF,train,-2,-0.008948399260676476,-0.041420758623857745,-0.09524590347867667
2020-03-03,FOMC_statement,https://www.federalreserve.gov/newsevents/pressreleases/monetary20200303a.htm,XLI,train,-2,-0.000705507174571629,-0.008615280843875084,-0.058852641472706635
2020-03-03,FOMC_statement,https://www.federalreserve.gov/newsevents/pressreleases/monetary20200303a.htm,XLK,train,2,0.0008888913948266186,-0.002036564937588081,0.046931672062827445
2020-03-03,FOMC_statement,https://www.federalreserve.gov/newsevents/pressreleases/monetary20200303a.htm,XLP,train,2,0.007087369496739493,0.030137507835087396,0.07182646406016724
2020-03-03,FOMC_statement,https://www.federalreserve.gov/newsevents/pressreleases/monetary20200303a.htm,XLRE,train,-2,-0.0031631753091463377,0.006556587535048508,-0.06901470278335109
2020-03-03,FOMC_statement,https://www.federalreserve.gov/newsevents/pressreleases/monetary20200303a.htm,XLU,train,-1,0.014709729152008189,0.04092887598657835,-0.007234729748793245
2020-03-03,FOMC_statement,https://www.federalreserve.gov/newsevents/pressreleases/monetary20200303a.htm,XLV,train,2,0.015614070980036976,0.03686064826406943,0.08677308481192902
2020-03-03,FOMC_statement,https://www.federalreserve.gov/newsevents/pressreleases/monetary20200303a.htm,XLY,train,-2,-0.007476660075871999,-0.010364735212367693,-0.024338432994728154
2020-03-04,Beige_Book,https://www.federalreserve.gov/monetarypolicy/beigebook202003.htm,XLB,train,-2,0.0015293562438861708,-0.023456281403897217,-0.04006884671242561
2020-03-04,Beige_Book,https://www.federalreserve.gov/monetarypolicy/beigebook202003.htm,XLC,train,1,-0.003246032579845237,0.007382704068411461,0.008519134809193418
2020-03-04,Beige_Book,https://www.federalreserve.gov/monetarypolicy/beigebook202003.htm,XLE,train,-2,-0.0033437395311393114,-0.1663150613477523,-0.14894039655186253
2020-03-04,Beige_Book,https://www.federalreserve.gov/monetarypolicy/beigebook202003.htm,XLF,train,-2,-0.01497637904031901,-0.0616183616503303,-0.08430891697028031
2020-03-04,Beige_Book,https://www.federalreserve.gov/monetarypolicy/beigebook202003.htm,XLI,train,-2,-0.015684675924966696,-0.02201707709036549,-0.06791277469350931
2020-03-04,Beige_Book,https://www.federalreserve.gov/monetarypolicy/beigebook202003.htm,XLK,train,2,0.0016821440225164297,-0.0007502880066340145,0.04635397195337965
2020-03-04,Beige_Book,https://www.federalreserve.gov/monetarypolicy/beigebook202003.htm,XLP,train,2,0.01441868083762421,0.057595659419064305,0.06724728276459968
2020-03-04,Beige_Book,https://www.federalreserve.gov/monetarypolicy/beigebook202003.htm,XLRE,train,-2,0.010293744311975939,0.017164855335316753,-0.07416030356342607
2020-03-04,Beige_Book,https://www.federalreserve.gov/monetarypolicy/beigebook202003.htm,XLU,train,-1,0.01781730146566418,0.04992533356636286,-0.013722053880485086
2020-03-04,Beige_Book,https://www.federalreserve.gov/monetarypolicy/beigebook202003.htm,XLV,train,2,0.010039672188374538,0.047359758702063326,0.07578020723909007
2020-03-04,Beige_Book,https://www.federalreserve.gov/monetarypolicy/beigebook202003.htm,XLY,train,-2,-0.004046440444344324,0.012232030001071648,-0.03620157391110246
2020-03-15,FOMC_statement,https://www.federalreserve.gov/newsevents/pressreleases/monetary20200315a.htm,XLB,train,1,0.00785881579776726,0.017952414868686817,0.022197992809819156
2020-03-15,FOMC_statement,https://www.federalreserve.gov/newsevents/pressreleases/monetary20200315a.htm,XLC,train,0,-0.010556068697530785,0.022643425177342746,-0.004769237486264788
2020-03-15,FOMC_statement,https://www.federalreserve.gov/newsevents/pressreleases/monetary20200315a.htm,XLE,train,2,-0.04715962937983953,-0.07425020536436988,0.03946855576180919
2020-03-15,FOMC_statement,https://www.federalreserve.gov/newsevents/pressreleases/monetary20200315a.htm,XLF,train,-2,0.000306423863819294,-0.014182558648217491,-0.04781388715520274
2020-03-15,FOMC_statement,https://www.federalreserve.gov/newsevents/pressreleases/monetary20200315a.htm,XLI,train,-2,-0.007934987835172658,-0.03235524047620908,-0.05137803569725885
2020-03-15,FOMC_statement,https://www.federalreserve.gov/newsevents/pressreleases/monetary20200315a.htm,XLK,train,2,0.01408995689465109,0.02853994191651832,0.038201458921345965
2020-03-15,FOMC_statement,https://www.federalreserve.gov/newsevents/pressreleases/monetary20200315a.htm,XLP,train,-2,0.030336005883708994,0.01979014255642464,-0.03457911832096672
2020-03-15,FOMC_statement,https://www.federalreserve.gov/newsevents/pressreleases/monetary20200315a.htm,XLRE,train,-1,0.0066958248830208955,-0.030770859688137975,-0.0068187697613858456
2020-03-15,FOMC_statement,https://www.federalreserve.gov/newsevents/pressreleases/monetary20200315a.htm,XLU,train,1,0.07394242649096383,0.02071417715410251,0.014325754134380198
2020-03-15,FOMC_statement,https://www.federalreserve.gov/newsevents/pressreleases/monetary20200315a.htm,XLV,train,1,0.008782998787936203,0.003646551875671755,0.019162903010860988
2020-03-15,FOMC_statement,https://www.federalreserve.gov/newsevents/pressreleases/monetary20200315a.htm,XLY,train,2,-0.015487488944341044,0.010449688840622917,0.04567898375542723
2020-03-23,FOMC_statement,https://www.federalreserve.gov/newsevents/pressreleases/monetary20200323a.htm,XLB,train,1,0.02699762675321482,0.023937059607344047,0.020990793747051706
2020-03-23,FOMC_statement,https://www.federalreserve.gov/newsevents/pressreleases/monetary20200323a.htm,XLC,train,-2,-0.02909542218661043,-0.06092265824435361,-0.0592959137042437
2020-03-23,FOMC_statement,https://www.federalreserve.gov/newsevents/pressreleases/monetary20200323a.htm,XLE,train,2,0.0697700017333498,0.10467971198286641,0.14762637927319133
2020-03-23,FOMC_statement,https://www.federalreserve.gov/newsevents/pressreleases/monetary20200323a.htm,XLF,train,-1,0.0334056850459068,0.050025661097816476,-0.01825143981511257
2020-03-23,FOMC_statement,https://www.federalreserve.gov/newsevents/pressreleases/monetary20200323a.htm,XLI,train,0,0.03590924221111047,0.07826810466216805,-0.001506520614693918
2020-03-23,FOMC_statement,https://www.federalreserve.gov/newsevents/pressreleases/monetary20200323a.htm,XLK,train,0,0.011811640083410513,-0.0009093872583821883,-0.004050199390823073
2020-03-23,FOMC_statement,https://www.federalreserve.gov/newsevents/pressreleases/monetary20200323a.htm,XLP,train,-2,-0.039605948531056256,-0.06096672894577393,-0.04413845161211849
2020-03-23,FOMC_statement,https://www.federalreserve.gov/newsevents/pressreleases/monetary20200323a.htm,XLRE,train,2,-0.0034074773643253398,0.04445892520363515,0.05276939732035102
2020-03-23,FOMC_statement,https://www.federalreserve.gov/newsevents/pressreleases/monetary20200323a.htm,XLU,train,2,0.01689708251699651,0.05430381247338767,0.0564868704685314
2020-03-23,FOMC_statement,https://www.federalreserve.gov/newsevents/pressreleases/monetary20200323a.htm,XLV,train,2,-0.013546406539603373,-0.007163491153787005,0.050683337277090845
2020-03-23,FOMC_statement,https://www.federalreserve.gov/newsevents/pressreleases/monetary20200323a.htm,XLY,train,1,0.0031931523522701344,-0.011252087325930304,0.008279360566354588
2020-04-15,Beige_Book,https://www.federalreserve.gov/monetarypolicy/beigebook202004.htm,XLB,train,1,-0.010585806130179232,-0.004505789672226035,0.012898426118254203
2020-04-15,Beige_Book,https://www.federalreserve.gov/monetarypolicy/beigebook202004.htm,XLC,train,2,-0.0008305697722001959,-0.005707058574129009,0.03556003710204281
2020-04-15,Beige_Book,https://www.federalreserve.gov/monetarypolicy/beigebook202004.htm,XLE,train,2,-0.0475568306642693,0.018046999644805384,0.10771854973742201
2020-04-15,Beige_Book,https://www.federalreserve.gov/monetarypolicy/beigebook202004.htm,XLF,train,-2,-0.022376590383936024,0.0034639912460219247,-0.043673913582387924
2020-04-15,Beige_Book,https://www.federalreserve.gov/monetarypolicy/beigebook202004.htm,XLI,train,-2,-0.01370449466721202,-0.00277098861902636,-0.04284128823648525
2020-04-15,Beige_Book,https://www.federalreserve.gov/monetarypolicy/beigebook202004.htm,XLK,train,2,0.007355512552511545,-0.004780357024282589,0.04222523640340281
2020-04-15,Beige_Book,https://www.federalreserve.gov/monetarypolicy/beigebook202004.htm,XLP,train,-2,0.0017636057397139027,-0.012032031102622187,-0.06706672685588788
2020-04-15,Beige_Book,https://www.federalreserve.gov/monetarypolicy/beigebook202004.htm,XLRE,train,-2,-0.011356535691209202,-0.025535113777723883,-0.10452333148712667
2020-04-15,Beige_Book,https://www.federalreserve.gov/monetarypolicy/beigebook202004.htm,XLU,train,-2,-0.0046536315487857305,-0.019652817640801956,-0.07885480928285549
2020-04-15,Beige_Book,https://www.federalreserve.gov/monetarypolicy/beigebook202004.htm,XLV,train,0,0.0170138035201286,0.020442175791418382,0.004007339632310036
2020-04-15,Beige_Book,https://www.federalreserve.gov/monetarypolicy/beigebook202004.htm,XLY,train,2,0.007169380207622478,0.009865428460274606,0.026616106920026805
2020-04-29,FOMC_statement,https://www.federalreserve.gov/newsevents/pressreleases/monetary20200429a.htm,XLB,train,0,-0.02042600403816308,-0.014176590536138178,0.0007668150449505751
2020-04-29,FOMC_statement,https://www.federalreserve.gov/newsevents/pressreleases/monetary20200429a.htm,XLC,train,2,0.004953867879915919,0.02059629986448308,0.02989956973907748
2020-04-29,FOMC_statement,https://www.federalreserve.gov/newsevents/pressreleases/monetary20200429a.htm,XLE,train,-2,-0.01282049543608077,-0.011095662091107572,-0.030768242509776056
2020-04-29,FOMC_statement,https://www.federalreserve.gov/newsevents/pressreleases/monetary20200429a.htm,XLF,train,-2,-0.015924968344306012,-0.0333073709567665,-0.030699833901264073
2020-04-29,FOMC_statement,https://www.federalreserve.gov/newsevents/pressreleases/monetary20200429a.htm,XLI,train,0,-0.010533930982826956,-0.029718535804980073,-0.0008525713262489409
2020-04-29,FOMC_statement,https://www.federalreserve.gov/newsevents/pressreleases/monetary20200429a.htm,XLK,train,2,0.004845027706327554,0.014374897540519793,0.02769432321403209
2020-04-29,FOMC_statement,https://www.federalreserve.gov/newsevents/pressreleases/monetary20200429a.htm,XLP,train,-2,-0.0025619265474022823,0.00964723444537463,-0.03345275124121716
2020-04-29,FOMC_statement,https://www.federalreserve.gov/newsevents/pressreleases/monetary20200429a.htm,XLRE,train,-1,0.0022845628939842655,-0.005268599371692773,-0.020467870531332588
2020-04-29,FOMC_statement,https://www.federalreserve.gov/newsevents/pressreleases/monetary20200429a.htm,XLU,train,-1,-0.013723166474256532,-0.0065923458152779,-0.017630589860246015
2020-04-29,FOMC_statement,https://www.federalreserve.gov/newsevents/pressreleases/monetary20200429a.htm,XLV,train,-1,0.004719087762921292,0.008871854320445238,-0.010168365920270928
2020-04-29,FOMC_statement,https://www.federalreserve.gov/newsevents/pressreleases/monetary20200429a.htm,XLY,train,1,0.0030884763971396056,-0.005154209422206235,0.020427324636119626
2020-05-27,Beige_Book,https://www.federalreserve.gov/monetarypolicy/beigebook202005.htm,XLB,train,0,0.011129123336191316,0.009665242496687765,-0.0035512874244961745
2020-05-27,Beige_Book,https://www.federalreserve.gov/monetarypolicy/beigebook202005.htm,XLC,train,0,-0.007557790559969524,0.000819286504198935,-0.003948955996572745
2020-05-27,Beige_Book,https://www.federalreserve.gov/monetarypolicy/beigebook202005.htm,XLE,train,-2,-0.02611309195533329,-0.021689355451647963,-0.049754581556566424
2020-05-27,Beige_Book,https://www.federalreserve.gov/monetarypolicy/beigebook202005.htm,XLF,train,-2,-0.013948683869204559,-0.022314604003235372,-0.024967482746343528
2020-05-27,Beige_Book,https://www.federalreserve.gov/monetarypolicy/beigebook202005.htm,XLI,train,-2,-0.007610714250240069,-0.020060027259365287,-0.02914328758864293
2020-05-27,Beige_Book,https://www.federalreserve.gov/monetarypolicy/beigebook202005.htm,XLK,train,2,-0.00011505183374305172,0.003691307612187944,0.05238139703761158
2020-05-27,Beige_Book,https://www.federalreserve.gov/monetarypolicy/beigebook202005.htm,XLP,train,-1,0.01071098232702583,0.01014974709177141,-0.016435254716905545
2020-05-27,Beige_Book,https://www.federalreserve.gov/monetarypolicy/beigebook202005.htm,XLRE,train,-1,0.01316260831191729,0.0188397903579387,-0.011166186866773287
2020-05-27,Beige_Book,https://www.federalreserve.gov/monetarypolicy/beigebook202005.htm,XLU,train,-2,0.031394800411642554,0.04255833002686693,-0.039828017064676424
2020-05-27,Beige_Book,https://www.federalreserve.gov/monetarypolicy/beigebook202005.htm,XLV,train,-2,0.014883484200773789,0.00856920729991717,-0.030541371084977897
2020-05-27,Beige_Book,https://www.federalreserve.gov/monetarypolicy/beigebook202005.htm,XLY,train,0,-0.010289589517670561,-0.005649064472894927,-0.0031093459936727408
2020-06-10,FOMC_statement,https://www.federalreserve.gov/newsevents/pressreleases/monetary20200610a.htm,XLB,train,0,-0.019602593315602546,-0.01092833533040749,-0.0015411154481009826
2020-06-10,FOMC_statement,https://www.federalreserve.gov/newsevents/pressreleases/monetary20200610a.htm,XLC,train,2,0.011596382041456743,0.015121089870695825,0.02795898815927056
2020-06-10,FOMC_statement,https://www.federalreserve.gov/newsevents/pressreleases/monetary20200610a.htm,XLE,train,-2,-0.03656734456965405,-0.029633724764334013,-0.16657253652870208
2020-06-10,FOMC_statement,https://www.federalreserve.gov/newsevents/pressreleases/monetary20200610a.htm,XLF,train,-2,-0.02412936026809398,-0.0013288456932941672,-0.06026976277185414
2020-06-10,FOMC_statement,https://www.federalreserve.gov/newsevents/pressreleases/monetary20200610a.htm,XLI,train,-2,-0.012588788939721707,-0.004615300346856421,-0.0590560047349048
2020-06-10,FOMC_statement,https://www.federalreserve.gov/newsevents/pressreleases/monetary20200610a.htm,XLK,train,2,0.00030579173633982215,0.0015920251066467994,0.0403766615289789
2020-06-10,FOMC_statement,https://www.federalreserve.gov/newsevents/pressreleases/monetary20200610a.htm,XLP,train,0,0.019735183596848782,0.010123688424927058,0.0045339829009909405
2020-06-10,FOMC_statement,https://www.federalreserve.gov/newsevents/pressreleases/monetary20200610a.htm,XLRE,train,-2,-0.004170270326188885,0.018820388832044066,-0.039309580514535036
2020-06-10,FOMC_statement,https://www.federalreserve.gov/newsevents/pressreleases/monetary20200610a.htm,XLU,train,-2,0.018603098752120073,0.0015592373571571283,-0.05039637420206389
2020-06-10,FOMC_statement,https://www.federalreserve.gov/newsevents/pressreleases/monetary20200610a.htm,XLV,train,-1,0.0020393103335791807,-0.010521231179677404,-0.015528320280773
2020-06-10,FOMC_statement,https://www.federalreserve.gov/newsevents/pressreleases/monetary20200610a.htm,XLY,train,1,0.005270621647616935,0.003363900076665316,0.02004983746882938
2020-07-15,Beige_Book,https://www.federalreserve.gov/monetarypolicy/beigebook202007.htm,XLB,train,-1,0.006602076577008509,-0.004635630058435702,-0.010637381348766017
2020-07-15,Beige_Book,https://www.federalreserve.gov/monetarypolicy/beigebook202007.htm,XLC,train,0,0.005034208293306586,0.003813172918143537,-0.004075856134523104
2020-07-15,Beige_Book,https://www.federalreserve.gov/monetarypolicy/beigebook202007.htm,XLE,train,-2,-0.0012550208650646821,-0.042835937300721105,-0.029684959897570584
2020-07-15,Beige_Book,https://www.federalreserve.gov/monetarypolicy/beigebook202007.htm,XLF,train,-1,0.0032932433169863273,-0.02056172983399729,-0.007165191724490927
2020-07-15,Beige_Book,https://www.federalreserve.gov/monetarypolicy/beigebook202007.htm,XLI,train,2,0.0035724895806970025,-0.013621743875587122,0.031505562088014805
2020-07-15,Beige_Book,https://www.federalreserve.gov/monetarypolicy/beigebook202007.htm,XLK,train,1,-0.009062986348622348,0.010402738426958602,0.013508816844829963
2020-07-15,Beige_Book,https://www.federalreserve.gov/monetarypolicy/beigebook202007.htm,XLP,train,0,0.0054199544846980086,-0.010240097761693323,0.002900691085318874
2020-07-15,Beige_Book,https://www.federalreserve.gov/monetarypolicy/beigebook202007.htm,XLRE,train,-1,-0.008437349964444452,-0.01494427093121431,-0.021344489003066403
2020-07-15,Beige_Book,https://www.federalreserve.gov/monetarypolicy/beigebook202007.htm,XLU,train,0,0.016021018520688157,0.014508165714429921,0.0020185485909703926
2020-07-15,Beige_Book,https://www.federalreserve.gov/monetarypolicy/beigebook202007.htm,XLV,train,-1,0.0016684014327158492,0.004188534566165081,-0.022934304178226284
2020-07-15,Beige_Book,https://www.federalreserve.gov/monetarypolicy/beigebook202007.htm,XLY,train,1,0.0006229935149035803,0.0009468442483102635,0.017710797104392384
2020-07-29,FOMC_statement,https://www.federalreserve.gov/newsevents/pressreleases/monetary20200729a.htm,XLB,train,-2,-0.015784861583556298,-0.03527691405501865,-0.040835512063162716
2020-07-29,FOMC_statement,https://www.federalreserve.gov/newsevents/pressreleases/monetary20200729a.htm,XLC,train,2,0.006366566736428991,0.006326868381078876,0.03581091989185414
2020-07-29,FOMC_statement,https://www.federalreserve.gov/newsevents/pressreleases/monetary20200729a.htm,XLE,train,-2,-0.03571025353832169,-0.05165231735147002,-0.11745411818840668
2020-07-29,FOMC_statement,https://www.federalreserve.gov/newsevents/pressreleases/monetary20200729a.htm,XLF,train,-2,-0.014420726354758218,-0.025945608733132675,-0.03589115990657976
2020-07-29,FOMC_statement,https://www.federalreserve.gov/newsevents/pressreleases/monetary20200729a.htm,XLI,train,0,-0.006469165870515603,-0.02089126679274078,0.002216198983395423
2020-07-29,FOMC_statement,https://www.federalreserve.gov/newsevents/pressreleases/monetary20200729a.htm,XLK,train,2,0.009168054747260346,0.043912211515103605,0.06299664064560362
2020-07-29,FOMC_statement,https://www.federalreserve.gov/newsevents/pressreleases/monetary20200729a.htm,XLP,train,-2,0.0035679379520250354,-0.014953297801834187,-0.031014360631296034
2020-07-29,FOMC_statement,https://www.federalreserve.gov/newsevents/pressreleases/monetary20200729a.htm,XLRE,train,-2,-0.004628738378484765,-0.0365802693883337,-0.07667905749073711
2020-07-29,FOMC_statement,https://www.federalreserve.gov/newsevents/pressreleases/monetary20200729a.htm,XLU,train,-2,0.0035679379520250354,-0.02048936862086348,-0.09896748603438377
2020-07-29,FOMC_statement,https://www.federalreserve.gov/newsevents/pressreleases/monetary20200729a.htm,XLV,train,-2,-0.0033557398090031665,-0.013628189086643205,-0.06074549775423799
2020-07-29,FOMC_statement,https://www.federalreserve.gov/newsevents/pressreleases/monetary20200729a.htm,XLY,train,1,0.002761549865108903,-0.008999810052394475,0.02330382635916861
2020-09-02,Beige_Book,https://www.federalreserve.gov/monetarypolicy/beigebook202009.htm,XLB,train,2,0.006783379508727316,0.024114886229675614,0.024890921889673456
2020-09-02,Beige_Book,https://www.federalreserve.gov/monetarypolicy/beigebook202009.htm,XLC,train,-2,0.00048750788194895645,-0.00868301195949972,-0.03041614541267379
2020-09-02,Beige_Book,https://www.federalreserve.gov/monetarypolicy/beigebook202009.htm,XLE,train,-2,0.02703628216467857,0.02295808579336478,-0.10005112590468401
2020-09-02,Beige_Book,https://www.federalreserve.gov/monetarypolicy/beigebook202009.htm,XLF,train,1,0.01911456032750769,0.036469648117190445,0.022478099581163313
2020-09-02,Beige_Book,https://www.federalreserve.gov/monetarypolicy/beigebook202009.htm,XLI,train,2,0.006379518923272487,0.02542866236038077,0.03973152355305998
2020-09-02,Beige_Book,https://www.federalreserve.gov/monetarypolicy/beigebook202009.htm,XLK,train,-2,-0.022580051038854743,-0.04624170985084386,-0.029329581654833237
2020-09-02,Beige_Book,https://www.federalreserve.gov/monetarypolicy/beigebook202009.htm,XLP,train,2,0.017209306980940142,0.02935776448329741,0.02783331179270232
2020-09-02,Beige_Book,https://www.federalreserve.gov/monetarypolicy/beigebook202009.htm,XLRE,train,2,0.017657599635732768,0.03688216669195454,0.055902777812125604
2020-09-02,Beige_Book,https://www.federalreserve.gov/monetarypolicy/beigebook202009.htm,XLU,train,2,0.023154515433909673,0.04738956564616481,0.07737417804114322
2020-09-02,Beige_Book,https://www.federalreserve.gov/monetarypolicy/beigebook202009.htm,XLV,train,1,0.007184508450252869,0.019071737969645564,0.018731547161518924
2020-09-02,Beige_Book,https://www.federalreserve.gov/monetarypolicy/beigebook202009.htm,XLY,train,2,0.0026769331312574973,0.013496483082949373,0.03063581609470578
2020-09-16,FOMC_statement,https://www.federalreserve.gov/newsevents/pressreleases/monetary20200916a.htm,XLB,train,-2,0.016177059474402955,-0.01204176281728897,-0.0324173185760015
2020-09-16,FOMC_statement,https://www.federalreserve.gov/newsevents/pressreleases/monetary20200916a.htm,XLC,train,-1,-0.009575930233384877,-0.008247398624320446,-0.0207614461439406
2020-09-16,FOMC_statement,https://www.federalreserve.gov/newsevents/pressreleases/monetary20200916a.htm,XLE,train,-2,0.010268803850230879,-0.011414512689902345,-0.10406327949848859
2020-09-16,FOMC_statement,https://www.federalreserve.gov/newsevents/pressreleases/monetary20200916a.htm,XLF,train,-1,-0.0016086867234323954,-0.006044065975673862,-0.02419198411197465
2020-09-16,FOMC_statement,https://www.federalreserve.gov/newsevents/pressreleases/monetary20200916a.htm,XLI,train,0,0.010807535566497495,-0.010916051038918462,-0.006428004087474237
2020-09-16,FOMC_statement,https://www.federalreserve.gov/newsevents/pressreleases/monetary20200916a.htm,XLK,train,2,0.0005107881345042253,0.014230500225673959,0.031807243020456566
2020-09-16,FOMC_statement,https://www.federalreserve.gov/newsevents/pressreleases/monetary20200916a.htm,XLP,train,0,0.00245719236725106,0.008292069700801874,-0.0018756719384266374
2020-09-16,FOMC_statement,https://www.federalreserve.gov/newsevents/pressreleases/monetary20200916a.htm,XLRE,train,-2,-0.013283447588973596,-0.037225939834070854,-0.04697818475604931
2020-09-16,FOMC_statement,https://www.federalreserve.gov/newsevents/pressreleases/monetary20200916a.htm,XLU,train,2,0.0006367728197379519,-0.0005688940777854867,0.03165320226698021
2020-09-16,FOMC_statement,https://www.federalreserve.gov/newsevents/pressreleases/monetary20200916a.htm,XLV,train,-1,0.005494795789305451,0.008149814800026745,-0.018028471441687954
2020-09-16,FOMC_statement,https://www.federalreserve.gov/newsevents/pressreleases/monetary20200916a.htm,XLY,train,1,-0.0052585333362649145,-0.010972806954880898,0.014537958661566153
2020-10-21,Beige_Book,https://www.federalreserve.gov/monetarypolicy/beigebook202010.htm,XLB,train,1,1.9115258788282574e-05,-0.0062468044652207455,0.02411537141125142
2020-10-21,Beige_Book,https://www.federalreserve.gov/monetarypolicy/beigebook202010.htm,XLC,train,0,0.001057951625808684,0.003672365920274534,0.004480393930153204
2020-10-21,Beige_Book,https://www.federalreserve.gov/monetarypolicy/beigebook202010.htm,XLE,train,2,0.03576915510381573,0.010075401889514723,0.1774909710655369
2020-10-21,Beige_Book,https://www.federalreserve.gov/monetarypolicy/beigebook202010.htm,XLF,train,2,0.014368640536335908,0.01005741540755467,0.06592340393603957
2020-10-21,Beige_Book,https://www.federalreserve.gov/monetarypolicy/beigebook202010.htm,XLI,train,2,0.0027451730954624054,-0.0032217442567608057,0.04546053459552246
2020-10-21,Beige_Book,https://www.federalreserve.gov/monetarypolicy/beigebook202010.htm,XLK,train,-1,-0.010186043796373001,-0.01789666328760231,-0.022749984310269533
2020-10-21,Beige_Book,https://www.federalreserve.gov/monetarypolicy/beigebook202010.htm,XLP,train,-1,-0.005944909953515709,-0.0018678204675319776,-0.019125056282644937
2020-10-21,Beige_Book,https://www.federalreserve.gov/monetarypolicy/beigebook202010.htm,XLRE,train,0,-0.01249783667375337,-0.002984911714705163,-0.0008220062602488643
2020-10-21,Beige_Book,https://www.federalreserve.gov/monetarypolicy/beigebook202010.htm,XLU,train,-2,0.00865012325064396,0.026213563250069405,-0.04512477862478248
2020-10-21,Beige_Book,https://www.federalreserve.gov/monetarypolicy/beigebook202010.htm,XLV,train,-1,0.009634323803050071,0.017313179811272006,-0.01257315488142352
2020-10-21,Beige_Book,https://www.federalreserve.gov/monetarypolicy/beigebook202010.htm,XLY,train,-1,-0.0034368018277062262,0.001200119834900204,-0.022273166327163585
2020-11-05,FOMC_statement,https://www.federalreserve.gov/newsevents/pressreleases/monetary20201105a.htm,XLB,train,0,0.0027345939354463944,0.025928884735217705,-0.0012032776977684012
2020-11-05,FOMC_statement,https://www.federalreserve.gov/newsevents/pressreleases/monetary20201105a.htm,XLC,train,0,-0.0021209104510792054,-0.024863949325426238,0.0017622432786780218
2020-11-05,FOMC_statement,https://www.federalreserve.gov/newsevents/pressreleases/monetary20201105a.htm,XLE,train,2,-0.021415337895102082,0.14260948250975902,0.2628414303843012
2020-11-05,FOMC_statement,https://www.federalreserve.gov/newsevents/pressreleases/monetary20201105a.htm,XLF,train,2,-0.007720813444125785,0.0684949958894232,0.08643315034409915
2020-11-05,FOMC_statement,https://www.federalreserve.gov/newsevents/pressreleases/monetary20201105a.htm,XLI,train,2,0.0012124614470130357,0.04176415312463333,0.03724023980174762
2020-11-05,FOMC_statement,https://www.federalreserve.gov/newsevents/pressreleases/monetary20201105a.htm,XLK,train,-1,0.0037773729481787033,-0.033200845753889374,-0.009670861332840452
2020-11-05,FOMC_statement,https://www.federalreserve.gov/newsevents/pressreleases/monetary20201105a.htm,XLP,train,-1,0.004858513640755513,0.011165622143025522,-0.0134191151726748
2020-11-05,FOMC_statement,https://www.federalreserve.gov/newsevents/pressreleases/monetary20201105a.htm,XLRE,train,-1,-0.0036855241259529103,0.01706682392692105,-0.01916145983139239
2020-11-05,FOMC_statement,https://www.federalreserve.gov/newsevents/pressreleases/monetary20201105a.htm,XLU,train,-2,-0.0019501330419364749,0.019897598844821562,-0.07557154452652914
2020-11-05,FOMC_statement,https://www.federalreserve.gov/newsevents/pressreleases/monetary20201105a.htm,XLV,train,-2,0.0005922110770524291,0.0017479297368896418,-0.03482464309473754
2020-11-05,FOMC_statement,https://www.federalreserve.gov/newsevents/pressreleases/monetary20201105a.htm,XLY,train,-1,-0.0027742333611349146,-0.02069275033865514,-0.02383710762784086
2020-12-02,Beige_Book,https://www.federalreserve.gov/monetarypolicy/beigebook202012.htm,XLB,train,1,-0.0066432674959148175,0.0004279137488256701,0.007679947876826021
2020-12-02,Beige_Book,https://www.federalreserve.gov/monetarypolicy/beigebook202012.htm,XLC,train,-1,-0.004189841409132478,-0.0035852253458308336,-0.01895041067881087
2020-12-02,Beige_Book,https://www.federalreserve.gov/monetarypolicy/beigebook202012.htm,XLE,train,0,0.010762909875453586,0.03532163243274833,0.002931171685905287
2020-12-02,Beige_Book,https://www.federalreserve.gov/monetarypolicy/beigebook202012.htm,XLF,train,1,0.000621972382854663,-0.0006168222154153691,0.012110298909421502
2020-12-02,Beige_Book,https://www.federalreserve.gov/monetarypolicy/beigebook202012.htm,XLI,train,-1,0.0028882323570995627,0.0034158099636424355,-0.0226162771957924
2020-12-02,Beige_Book,https://www.federalreserve.gov/monetarypolicy/beigebook202012.htm,XLK,train,1,-0.000368072821946952,0.0059424740342468585,0.016990351561448347
2020-12-02,Beige_Book,https://www.federalreserve.gov/monetarypolicy/beigebook202012.htm,XLP,train,0,0.0028121687628341885,0.0001536180665766551,-0.00468605236794839
2020-12-02,Beige_Book,https://www.federalreserve.gov/monetarypolicy/beigebook202012.htm,XLRE,train,-2,0.007655535797392421,0.004482356361449447,-0.028802518703452407
2020-12-02,Beige_Book,https://www.federalreserve.gov/monetarypolicy/beigebook202012.htm,XLU,train,-2,-0.010088349775683736,-0.021036323926438616,-0.04196250442700045
2020-12-02,Beige_Book,https://www.federalreserve.gov/monetarypolicy/beigebook202012.htm,XLV,train,1,-0.0009831598845173595,-0.002989950357179638,0.007468660081912493
2020-12-02,Beige_Book,https://www.federalreserve.gov/monetarypolicy/beigebook202012.htm,XLY,train,0,0.003067007770100716,-0.004823517528839805,0.004652155973819294
2020-12-16,FOMC_statement,https://www.federalreserve.gov/newsevents/pressreleases/monetary20201216a.htm,XLB,train,2,0.005945776728477847,0.012663333932690146,0.04106688246254275
2020-12-16,FOMC_statement,https://www.federalreserve.gov/newsevents/pressreleases/monetary20201216a.htm,XLC,train,-2,-0.008120577906137627,-0.008208907144714561,-0.03595246263302654
2020-12-16,FOMC_statement,https://www.federalreserve.gov/newsevents/pressreleases/monetary20201216a.htm,XLE,train,2,-0.010311182615984293,-0.038753676866209785,0.07050021499645098
2020-12-16,FOMC_statement,https://www.federalreserve.gov/newsevents/pressreleases/monetary20201216a.htm,XLF,train,2,-0.0028006505299031925,0.009549323715865699,0.058916062777794376
2020-12-16,FOMC_statement,https://www.federalreserve.gov/newsevents/pressreleases/monetary20201216a.htm,XLI,train,-1,0.0005243168810447063,0.0021701349257796654,-0.012922981777690357
2020-12-16,FOMC_statement,https://www.federalreserve.gov/newsevents/pressreleases/monetary20201216a.htm,XLK,train,-1,0.002317936028449319,0.007390463155646176,-0.01306527231672494
2020-12-16,FOMC_statement,https://www.federalreserve.gov/newsevents/pressreleases/monetary20201216a.htm,XLP,train,-2,0.0007928159472809782,-0.00020225090919379074,-0.04897247368937985
2020-12-16,FOMC_statement,https://www.federalreserve.gov/newsevents/pressreleases/monetary20201216a.htm,XLRE,train,-2,0.006140666234761172,-0.012557080452751945,-0.028065315249407585
2020-12-16,FOMC_statement,https://www.federalreserve.gov/newsevents/pressreleases/monetary20201216a.htm,XLU,train,-1,0.0011377166988753018,-0.011997941227641529,-0.012144971040820907
2020-12-16,FOMC_statement,https://www.federalreserve.gov/newsevents/pressreleases/monetary20201216a.htm,XLV,train,2,0.005150348091588208,0.003510636357171304,0.030798156794757392
2020-12-16,FOMC_statement,https://www.federalreserve.gov/newsevents/pressreleases/monetary20201216a.htm,XLY,train,1,0.0012342574738841705,-0.007345285981468996,0.0188332584791866
2021-01-13,Beige_Book,https://www.federalreserve.gov/monetarypolicy/beigebook202101.htm,XLB,train,-2,0.00011177128816208803,-0.011257890902773182,-0.06390869731842053
2021-01-13,Beige_Book,https://www.federalreserve.gov/monetarypolicy/beigebook202101.htm,XLC,train,2,-0.002151072209016891,0.018589467144293326,0.07687286173165453
2021-01-13,Beige_Book,https://www.federalreserve.gov/monetarypolicy/beigebook202101.htm,XLE,train,0,0.033131777486573366,0.01379554824420337,0.004525531226571178
2021-01-13,Beige_Book,https://www.federalreserve.gov/monetarypolicy/beigebook202101.htm,XLF,train,-2,0.007971990318800692,-0.006530613401067531,-0.026084207773108714
2021-01-13,Beige_Book,https://www.federalreserve.gov/monetarypolicy/beigebook202101.htm,XLI,train,-2,0.006958117089088223,-0.00333644989766424,-0.02637077605449556
2021-01-13,Beige_Book,https://www.federalreserve.gov/monetarypolicy/beigebook202101.htm,XLK,train,2,-0.0052756339763440074,-0.0030604018976757574,0.032197422859449376
2021-01-13,Beige_Book,https://www.federalreserve.gov/monetarypolicy/beigebook202101.htm,XLP,train,-2,-0.0017843222140354609,-0.010254445957021519,-0.04161439780998655
2021-01-13,Beige_Book,https://www.federalreserve.gov/monetarypolicy/beigebook202101.htm,XLRE,train,2,0.009686794035203894,0.017890629411166592,0.042371859633360986
2021-01-13,Beige_Book,https://www.federalreserve.gov/monetarypolicy/beigebook202101.htm,XLU,train,-2,-0.0003305227159707824,0.005078952253321223,-0.033362018292007356
2021-01-13,Beige_Book,https://www.federalreserve.gov/monetarypolicy/beigebook202101.htm,XLV,train,-2,0.0003390022667214554,0.010390254346761885,-0.0309902209165005
2021-01-13,Beige_Book,https://www.federalreserve.gov/monetarypolicy/beigebook202101.htm,XLY,train,-1,-0.0028614053098708903,-0.005471252389674164,-0.01978735492969419
2021-01-27,FOMC_statement,https://www.federalreserve.gov/newsevents/pressreleases/monetary20210127a.htm,XLB,train,1,0.00862678471962175,0.00431685838728868,0.022412161985419288
2021-01-27,FOMC_statement,https://www.federalreserve.gov/newsevents/pressreleases/monetary20210127a.htm,XLC,train,2,-0.005066173337500146,-0.0016372258630678038,0.03681711782719366
2021-01-27,FOMC_statement,https://www.federalreserve.gov/newsevents/pressreleases/monetary20210127a.htm,XLE,train,2,0.00309163444134386,-0.019607118004713042,0.16933024427519605
2021-01-27,FOMC_statement,https://www.federalreserve.gov/newsevents/pressreleases/monetary20210127a.htm,XLF,train,2,0.010020847337874006,0.006548109871481134,0.09330793000146398
2021-01-27,FOMC_statement,https://www.federalreserve.gov/newsevents/pressreleases/monetary20210127a.htm,XLI,train,2,0.006276599554817297,-0.0015520337983919719,0.04413435597627624
2021-01-27,FOMC_statement,https://www.federalreserve.gov/newsevents/pressreleases/monetary20210127a.htm,XLK,train,-1,-0.004493346864650638,0.00037953899644393996,-0.02092491228910076
2021-01-27,FOMC_statement,https://www.federalreserve.gov/newsevents/pressreleases/monetary20210127a.htm,XLP,train,-2,-0.004765094646470791,-0.021084505916050156,-0.045566565559228445
2021-01-27,FOMC_statement,https://www.federalreserve.gov/newsevents/pressreleases/monetary20210127a.htm,XLRE,train,-1,-0.005900857210488164,0.009554247397714044,-0.008197431425847723
2021-01-27,FOMC_statement,https://www.federalreserve.gov/newsevents/pressreleases/monetary20210127a.htm,XLU,train,-2,0.0033838961834464776,0.006144018831504727,-0.07226119296586475
2021-01-27,FOMC_statement,https://www.federalreserve.gov/newsevents/pressreleases/monetary20210127a.htm,XLV,train,-2,0.006005867963222444,0.004757259345608,-0.03152340297009637
2021-01-27,FOMC_statement,https://www.federalreserve.gov/newsevents/pressreleases/monetary20210127a.htm,XLY,train,-2,-0.005455234266616316,0.0005750137384359366,-0.040451410015818534
2021-03-03,Beige_Book,https://www.federalreserve.gov/monetarypolicy/beigebook202103.htm,XLB,train,1,-0.007071028701499227,0.015878202117805218,0.009611172071989027
2021-03-03,Beige_Book,https://www.federalreserve.gov/monetarypolicy/beigebook202103.htm,XLC,train,-1,0.010564462266780317,0.007223987066407367,-0.012200102541050084
2021-03-03,Beige_Book,https://www.federalreserve.gov/monetarypolicy/beigebook202103.htm,XLE,train,-2,0.03624660774419308,0.062138875783697256,-0.02925496247264836
2021-03-03,Beige_Book,https://www.federalreserve.gov/monetarypolicy/beigebook202103.htm,XLF,train,-1,0.0010177445660644047,0.019400902884424642,-0.01762848243812898
2021-03-03,Beige_Book,https://www.federalreserve.gov/monetarypolicy/beigebook202103.htm,XLI,train,1,-0.0035800345513279375,0.01715350110673941,0.014117652722741791
2021-03-03,Beige_Book,https://www.federalreserve.gov/monetarypolicy/beigebook202103.htm,XLK,train,0,-0.009723658632712406,-0.028452562288498795,-0.0023249327149610366
2021-03-03,Beige_Book,https://www.federalreserve.gov/monetarypolicy/beigebook202103.htm,XLP,train,1,0.008754597755907367,0.021781597194588276,0.02068730441239086
2021-03-03,Beige_Book,https://www.federalreserve.gov/monetarypolicy/beigebook202103.htm,XLRE,train,2,0.005016219893206775,0.008016535686539261,0.047292816103230995
2021-03-03,Beige_Book,https://www.federalreserve.gov/monetarypolicy/beigebook202103.htm,XLU,train,2,0.011524152672126364,0.02853023595633908,0.04012979781007486
2021-03-03,Beige_Book,https://www.federalreserve.gov/monetarypolicy/beigebook202103.htm,XLV,train,-1,-0.0010701488173570084,0.0030708417749493178,-0.01335506885776061
2021-03-03,Beige_Book,https://www.federalreserve.gov/monetarypolicy/beigebook202103.htm,XLY,train,1,-0.008793400671772256,-0.014646369236813062,0.012612955594738517
2021-03-17,FOMC_statement,https://www.federalreserve.gov/newsevents/pressreleases/monetary20210317a.htm,XLB,train,0,0.008968226632911414,-0.001523679004816536,-0.00015940860054153294
2021-03-17,FOMC_statement,https://www.federalreserve.gov/newsevents/pressreleases/monetary20210317a.htm,XLC,train,-2,-0.0020247423021954036,0.008944260859899189,-0.03927083546603105
2021-03-17,FOMC_statement,https://www.federalreserve.gov/newsevents/pressreleases/monetary20210317a.htm,XLE,train,-2,-0.030387604117782185,-0.04591000959056413,-0.10815351908615911
2021-03-17,FOMC_statement,https://www.federalreserve.gov/newsevents/pressreleases/monetary20210317a.htm,XLF,train,-1,0.019776458466892466,-0.010797821212222725,-0.020208186850993903
2021-03-17,FOMC_statement,https://www.federalreserve.gov/newsevents/pressreleases/monetary20210317a.htm,XLI,train,-1,0.013624813452597917,-0.0006838252415817259,-0.0105464962888
2021-03-17,FOMC_statement,https://www.federalreserve.gov/newsevents/pressreleases/monetary20210317a.htm,XLK,train,1,-0.013198638787691452,-0.002670387131444407,0.02047434697682904
2021-03-17,FOMC_statement,https://www.federalreserve.gov/newsevents/pressreleases/monetary20210317a.htm,XLP,train,0,0.010485057075455884,0.018383844291303464,0.0027556386450428016
2021-03-17,FOMC_statement,https://www.federalreserve.gov/newsevents/pressreleases/monetary20210317a.htm,XLRE,train,1,0.008206437023672075,-0.0001769679068208685,0.007118693005520593
2021-03-17,FOMC_statement,https://www.federalreserve.gov/newsevents/pressreleases/monetary20210317a.htm,XLU,train,2,0.01085561343230701,0.006019954639683633,0.031500025260939424
2021-03-17,FOMC_statement,https://www.federalreserve.gov/newsevents/pressreleases/monetary20210317a.htm,XLV,train,0,0.012461009142908042,0.018605026578187633,0.006770124439150371
2021-03-17,FOMC_statement,https://www.federalreserve.gov/newsevents/pressreleases/monetary20210317a.htm,XLY,train,1,-0.009918076212083071,-0.003486378123585543,0.008520182874203974
2021-04-14,Beige_Book,https://www.federalreserve.gov/monetarypolicy/beigebook202104.htm,XLB,train,2,0.0010265489813112705,0.010122111163968106,0.07704086516989173
2021-04-14,Beige_Book,https://www.federalreserve.gov/monetarypolicy/beigebook202104.htm,XLC,train,0,0.0020341578160554263,-0.002641671653051847,-0.0008435243552765703
2021-04-14,Beige_Book,https://www.federalreserve.gov/monetarypolicy/beigebook202104.htm,XLE,train,2,-0.018874040100299472,-0.026329976471121785,0.05848409693882106
2021-04-14,Beige_Book,https://www.federalreserve.gov/monetarypolicy/beigebook202104.htm,XLF,train,2,-0.011594873795359728,-0.005737069642707371,0.06165420443458702
2021-04-14,Beige_Book,https://www.federalreserve.gov/monetarypolicy/beigebook202104.htm,XLI,train,2,-0.0067631363984890225,-0.007165184310024553,0.030418917146234237
2021-04-14,Beige_Book,https://www.federalreserve.gov/monetarypolicy/beigebook202104.htm,XLK,train,-2,0.006431181783968176,-0.0005118450439505207,-0.0536301899132956
2021-04-14,Beige_Book,https://www.federalreserve.gov/monetarypolicy/beigebook202104.htm,XLP,train,2,-0.0027549314469801356,0.0007105301620392579,0.027660474250323364
2021-04-14,Beige_Book,https://www.federalreserve.gov/monetarypolicy/beigebook202104.htm,XLRE,train,2,0.00823706272117275,0.014399114347630415,0.027219170891328748
2021-04-14,Beige_Book,https://www.federalreserve.gov/monetarypolicy/beigebook202104.htm,XLU,train,0,0.0003282472792165425,0.004939706464096805,-0.002094072688156534
2021-04-14,Beige_Book,https://www.federalreserve.gov/monetarypolicy/beigebook202104.htm,XLV,train,2,0.006380990163768585,0.015662545735054212,0.03810986367463287
2021-04-14,Beige_Book,https://www.federalreserve.gov/monetarypolicy/beigebook202104.htm,XLY,train,-2,-0.0035763041536125417,-0.005504388354980128,-0.0509824358344978
2021-04-28,FOMC_statement,https://www.federalreserve.gov/newsevents/pressreleases/monetary20210428a.htm,XLB,train,2,-0.0001386656978854539,0.008603736211792334,0.042112150883722554
2021-04-28,FOMC_statement,https://www.federalreserve.gov/newsevents/pressreleases/monetary20210428a.htm,XLC,train,1,0.021289337679087472,0.006801694578058792,0.02262494383525182
2021-04-28,FOMC_statement,https://www.federalreserve.gov/newsevents/pressreleases/monetary20210428a.htm,XLE,train,2,0.004802208629641536,0.01149064127463495,0.03732154963164036
2021-04-28,FOMC_statement,https://www.federalreserve.gov/newsevents/pressreleases/monetary20210428a.htm,XLF,train,2,0.011434441758928937,0.012064510801385708,0.04948377005057547
2021-04-28,FOMC_statement,https://www.federalreserve.gov/newsevents/pressreleases/monetary20210428a.htm,XLI,train,2,0.0006932020702885566,0.008780984634928934,0.02702858703281441
2021-04-28,FOMC_statement,https://www.federalreserve.gov/newsevents/pressreleases/monetary20210428a.htm,XLK,train,-2,-0.007219653412522176,-0.01922466010300572,-0.030928375858494173
2021-04-28,FOMC_statement,https://www.federalreserve.gov/newsevents/pressreleases/monetary20210428a.htm,XLP,train,1,0.0042389214893645555,0.01770771906287172,0.02204676788582871
2021-04-28,FOMC_statement,https://www.federalreserve.gov/newsevents/pressreleases/monetary20210428a.htm,XLRE,train,1,0.0009765040613376463,0.006602364116809145,0.014182368514051746
2021-04-28,FOMC_statement,https://www.federalreserve.gov/newsevents/pressreleases/monetary20210428a.htm,XLU,train,-1,0.002773201239219425,0.01489207596169384,-0.016378205199390816
2021-04-28,FOMC_statement,https://www.federalreserve.gov/newsevents/pressreleases/monetary20210428a.htm,XLV,train,0,-0.010383510416568376,0.0024456864667727896,0.002702945690133962
2021-04-28,FOMC_statement,https://www.federalreserve.gov/newsevents/pressreleases/monetary20210428a.htm,XLY,train,-2,-0.00609244374731488,-0.0025578819424176835,-0.032999279370305
2021-06-02,Beige_Book,https://www.federalreserve.gov/monetarypolicy/beigebook202106.htm,XLB,train,-2,0.0034835734252326445,-0.014697971409260324,-0.08051908805064945
2021-06-02,Beige_Book,https://www.federalreserve.gov/monetarypolicy/beigebook202106.htm,XLC,train,1,-0.0030316741963114513,0.008315954415630933,0.012090811578106986
2021-06-02,Beige_Book,https://www.federalreserve.gov/monetarypolicy/beigebook202106.htm,XLE,train,-1,0.006427265269128846,0.0006275692706475544,-0.021685691718197453
2021-06-02,Beige_Book,https://www.federalreserve.gov/monetarypolicy/beigebook202106.htm,XLF,train,-2,0.006062250473203301,-0.0060055049127145654,-0.05648265040271894
2021-06-02,Beige_Book,https://www.federalreserve.gov/monetarypolicy/beigebook202106.htm,XLI,train,-2,0.0015255873039230483,-0.010341861514705508,-0.04362779373190129
2021-06-02,Beige_Book,https://www.federalreserve.gov/monetarypolicy/beigebook202106.htm,XLK,train,2,-0.005591434269098472,0.005235300805147003,0.039660761068653794
2021-06-02,Beige_Book,https://www.federalreserve.gov/monetarypolicy/beigebook202106.htm,XLP,train,-2,0.009923149954074395,0.00357733664545945,-0.03556815114078171
2021-06-02,Beige_Book,https://www.federalreserve.gov/monetarypolicy/beigebook202106.htm,XLRE,train,-1,0.0016940898811350635,0.003842053011456348,-0.022485719023802475
2021-06-02,Beige_Book,https://www.federalreserve.gov/monetarypolicy/beigebook202106.htm,XLU,train,-2,0.009701750792779684,0.0018342501562504943,-0.03686871177640483
2021-06-02,Beige_Book,https://www.federalreserve.gov/monetarypolicy/beigebook202106.htm,XLV,train,1,0.006760884735970141,0.005393557222844181,0.02326324546336145
2021-06-02,Beige_Book,https://www.federalreserve.gov/monetarypolicy/beigebook202106.htm,XLY,train,1,-0.008169525586523618,-0.008329626476245133,0.019201865734783663
2021-06-16,FOMC_statement,https://www.federalreserve.gov/newsevents/pressreleases/monetary20210616a.htm,XLB,train,-2,-0.021946342679995734,-0.018216677761806244,-0.05427143287118663
2021-06-16,FOMC_statement,https://www.federalreserve.gov/newsevents/pressreleases/monetary20210616a.htm,XLC,train,0,0.004499515025163325,0.001678705409479786,-0.002017428263705656
2021-06-16,FOMC_statement,https://www.federalreserve.gov/newsevents/pressreleases/monetary20210616a.htm,XLE,train,-2,-0.03366364987390569,-0.021509926857704476,-0.14854420646486
2021-06-16,FOMC_statement,https://www.federalreserve.gov/newsevents/pressreleases/monetary20210616a.htm,XLF,train,-2,-0.02923850861322219,-0.030824310792862186,-0.0486413420020374
2021-06-16,FOMC_statement,https://www.federalreserve.gov/newsevents/pressreleases/monetary20210616a.htm,XLI,train,-2,-0.015083095599004337,-0.006894401277330098,-0.02698201637820452
2021-06-16,FOMC_statement,https://www.federalreserve.gov/newsevents/pressreleases/monetary20210616a.htm,XLK,train,2,0.011900381476426802,0.012656184238413304,0.035629807664025015
2021-06-16,FOMC_statement,https://www.federalreserve.gov/newsevents/pressreleases/monetary20210616a.htm,XLP,train,0,0.003913796230465061,-0.003146846260851377,-0.0006615504204969813
2021-06-16,FOMC_statement,https://www.federalreserve.gov/newsevents/pressreleases/monetary20210616a.htm,XLRE,train,1,0.004120342702089608,0.007396754032878872,0.01171732148815463
2021-06-16,FOMC_statement,https://www.federalreserve.gov/newsevents/pressreleases/monetary20210616a.htm,XLU,train,0,0.00583176457344925,-0.008022932568929275,-0.004127734790883908
2021-06-16,FOMC_statement,https://www.federalreserve.gov/newsevents/pressreleases/monetary20210616a.htm,XLV,train,1,0.007979137874558062,0.007744380216098468,0.013720688970412231
2021-06-16,FOMC_statement,https://www.federalreserve.gov/newsevents/pressreleases/monetary20210616a.htm,XLY,train,1,0.0041015510347289785,0.005725449997020626,0.00850818114608376
2021-07-14,Beige_Book,https://www.federalreserve.gov/monetarypolicy/beigebook202107.htm,XLB,train,2,0.003536964575478918,-0.010370652300261574,0.028546119270134063
2021-07-14,Beige_Book,https://www.federalreserve.gov/monetarypolicy/beigebook202107.htm,XLC,train,0,-0.0036619546729348418,-0.002530106063644899,-0.00534707455735739
2021-07-14,Beige_Book,https://www.federalreserve.gov/monetarypolicy/beigebook202107.htm,XLE,train,-2,-0.010557873965305498,-0.05162296924373222,-0.03304769728895318
2021-07-14,Beige_Book,https://www.federalreserve.gov/monetarypolicy/beigebook202107.htm,XLF,train,2,0.006703342965226233,-0.012301533635892703,0.04396167590160682
2021-07-14,Beige_Book,https://www.federalreserve.gov/monetarypolicy/beigebook202107.htm,XLI,train,0,0.005364395143742651,-0.0017756783203435322,0.0066149506297416005
2021-07-14,Beige_Book,https://www.federalreserve.gov/monetarypolicy/beigebook202107.htm,XLK,train,-1,-0.0048164375137415005,-0.005859211247771223,-0.012921061993851679
2021-07-14,Beige_Book,https://www.federalreserve.gov/monetarypolicy/beigebook202107.htm,XLP,train,0,0.0075209440450964005,0.028726896786793188,-0.002457248719863303
2021-07-14,Beige_Book,https://www.federalreserve.gov/monetarypolicy/beigebook202107.htm,XLRE,train,-1,0.0049336872327579995,0.013053255696155008,-0.013108183111936289
2021-07-14,Beige_Book,https://www.federalreserve.gov/monetarypolicy/beigebook202107.htm,XLU,train,2,0.014667093173814316,0.03149352659234961,0.030087134760328538
2021-07-14,Beige_Book,https://www.federalreserve.gov/monetarypolicy/beigebook202107.htm,XLV,train,1,-8.047347563644447e-05,0.014763250573823994,0.011560392231398486
2021-07-14,Beige_Book,https://www.federalreserve.gov/monetarypolicy/beigebook202107.htm,XLY,train,-1,-0.0019922947069936914,-0.0031586324443726443,-0.014847380914653985
2021-07-28,FOMC_statement,https://www.federalreserve.gov/newsevents/pressreleases/monetary20210728a.htm,XLB,train,1,0.006846751890012603,0.005724546283326304,0.008373027021046142
2021-07-28,FOMC_statement,https://www.federalreserve.gov/newsevents/pressreleases/monetary20210728a.htm,XLC,train,-1,-0.01491546809934885,-0.013653183359822574,-0.018872966915249756
2021-07-28,FOMC_statement,https://www.federalreserve.gov/newsevents/pressreleases/monetary20210728a.htm,XLE,train,-2,0.005508449699986651,-0.010967855031986051,-0.04850615990287943
2021-07-28,FOMC_statement,https://www.federalreserve.gov/newsevents/pressreleases/monetary20210728a.htm,XLF,train,2,0.0068385116679667846,0.0061884922321411295,0.039402393292450655
2021-07-28,FOMC_statement,https://www.federalreserve.gov/newsevents/pressreleases/monetary20210728a.htm,XLI,train,0,0.003736040473631297,0.001889893362784223,-0.002418538268068926
2021-07-28,FOMC_statement,https://www.federalreserve.gov/newsevents/pressreleases/monetary20210728a.htm,XLK,train,1,0.0004995674951646656,0.0032173564150704825,0.007353743073721941
2021-07-28,FOMC_statement,https://www.federalreserve.gov/newsevents/pressreleases/monetary20210728a.htm,XLP,train,-1,0.0007793200479189188,0.005219821606812891,-0.009815375019912143
2021-07-28,FOMC_statement,https://www.federalreserve.gov/newsevents/pressreleases/monetary20210728a.htm,XLRE,train,-1,-0.007166551562124424,0.0034637946890974103,-0.015034350048823475
2021-07-28,FOMC_statement,https://www.federalreserve.gov/newsevents/pressreleases/monetary20210728a.htm,XLU,train,1,-0.0014343094076130214,0.004833746101067793,0.01584956653313807
2021-07-28,FOMC_statement,https://www.federalreserve.gov/newsevents/pressreleases/monetary20210728a.htm,XLV,train,0,-0.001717755890708883,0.007507392248671252,0.006498099476031305
2021-07-28,FOMC_statement,https://www.federalreserve.gov/newsevents/pressreleases/monetary20210728a.htm,XLY,train,-2,0.007106096521737104,-0.0036311578657478583,-0.026968975717161725
2021-09-08,Beige_Book,https://www.federalreserve.gov/monetarypolicy/beigebook202109.htm,XLB,train,0,0.004637434733192225,0.009486447824755606,0.00037441289547035517
2021-09-08,Beige_Book,https://www.federalreserve.gov/monetarypolicy/beigebook202109.htm,XLC,train,-1,-0.0006475950490416604,0.0006847801150138277,-0.019861980461589268
2021-09-08,Beige_Book,https://www.federalreserve.gov/monetarypolicy/beigebook202109.htm,XLE,train,2,0.006376460372062742,0.03995035327828034,0.1798661048639314
2021-09-08,Beige_Book,https://www.federalreserve.gov/monetarypolicy/beigebook202109.htm,XLF,train,2,0.007194164781883949,0.016566236332180684,0.05763216958548989
2021-09-08,Beige_Book,https://www.federalreserve.gov/monetarypolicy/beigebook202109.htm,XLI,train,1,-0.0005776970751434352,0.0029044303049529097,0.008357455694397387
2021-09-08,Beige_Book,https://www.federalreserve.gov/monetarypolicy/beigebook202109.htm,XLK,train,-1,0.0005016456669546532,-0.003715377002848075,-0.013426044819732641
2021-09-08,Beige_Book,https://www.federalreserve.gov/monetarypolicy/beigebook202109.htm,XLP,train,0,-0.0015040291919611315,0.0020310043546477585,-0.004648039249629088
2021-09-08,Beige_Book,https://www.federalreserve.gov/monetarypolicy/beigebook202109.htm,XLRE,train,-2,-0.016965718658550122,-0.018735715868915204,-0.04210527790945917
2021-09-08,Beige_Book,https://www.federalreserve.gov/monetarypolicy/beigebook202109.htm,XLU,train,-2,-0.0011639988251190836,-0.011564631835103145,-0.035671220689938665
2021-09-08,Beige_Book,https://www.federalreserve.gov/monetarypolicy/beigebook202109.htm,XLV,train,-2,-0.007264380454691688,-0.017246237987982083,-0.03609386665490533
2021-09-08,Beige_Book,https://www.federalreserve.gov/monetarypolicy/beigebook202109.htm,XLY,train,1,0.0029777986871898365,0.004622993707408152,0.02155999011922627
2021-09-22,FOMC_statement,https://www.federalreserve.gov/newsevents/pressreleases/monetary20210922a.htm,XLB,train,2,0.002091107105677281,0.009597753015076815,0.02470940610185779
2021-09-22,FOMC_statement,https://www.federalreserve.gov/newsevents/pressreleases/monetary20210922a.htm,XLC,train,-1,-0.0018963981227695381,0.00738873484491831,-0.020554169236953745
2021-09-22,FOMC_statement,https://www.federalreserve.gov/newsevents/pressreleases/monetary20210922a.htm,XLE,train,2,0.022883807382414245,0.06717901251999481,0.129104300496667
2021-09-22,FOMC_statement,https://www.federalreserve.gov/newsevents/pressreleases/monetary20210922a.htm,XLF,train,2,0.012371781644302082,0.032450978127166574,0.04179676382463238
2021-09-22,FOMC_statement,https://www.federalreserve.gov/newsevents/pressreleases/monetary20210922a.htm,XLI,train,1,0.003185221982312747,0.007476693467934559,0.016937339678804397
2021-09-22,FOMC_statement,https://www.federalreserve.gov/newsevents/pressreleases/monetary20210922a.htm,XLK,train,0,0.0012453792660076513,-0.006538124801501621,-0.006304222815903704
2021-09-22,FOMC_statement,https://www.federalreserve.gov/newsevents/pressreleases/monetary20210922a.htm,XLP,train,-2,-0.008453285828544432,-0.011345971256459975,-0.029874478244134695
2021-09-22,FOMC_statement,https://www.federalreserve.gov/newsevents/pressreleases/monetary20210922a.htm,XLRE,train,-1,-0.01707786674682288,-0.04383103906116326,-0.02077939739557233
2021-09-22,FOMC_statement,https://www.federalreserve.gov/newsevents/pressreleases/monetary20210922a.htm,XLU,train,-1,-0.01748857285235106,-0.029169088219240358,-0.014728592507092797
2021-09-22,FOMC_statement,https://www.federalreserve.gov/newsevents/pressreleases/monetary20210922a.htm,XLV,train,-2,-0.004929345566329291,-0.022035255258150532,-0.038429568911659384
2021-09-22,FOMC_statement,https://www.federalreserve.gov/newsevents/pressreleases/monetary20210922a.htm,XLY,train,1,-0.0020053816294138826,0.008308108539733072,0.02383509843051479
2021-10-20,Beige_Book,https://www.federalreserve.gov/monetarypolicy/beigebook202110.htm,XLB,train,0,-0.005190127132841171,-0.0013793982380442271,0.00036123150782152447
2021-10-20,Beige_Book,https://www.federalreserve.gov/monetarypolicy/beigebook202110.htm,XLC,train,-2,0.00032306613513899407,-0.02083801935937102,-0.060908967637587685
2021-10-20,Beige_Book,https://www.federalreserve.gov/monetarypolicy/beigebook202110.htm,XLE,train,-2,-0.021072826090000607,-0.001325686057077169,-0.06380466156138598
2021-10-20,Beige_Book,https://www.federalreserve.gov/monetarypolicy/beigebook202110.htm,XLF,train,-2,-0.006833785567141204,0.0015873178244820707,-0.05681254503761968
2021-10-20,Beige_Book,https://www.federalreserve.gov/monetarypolicy/beigebook202110.htm,XLI,train,-1,-0.0005932793756053822,0.0009129599988879633,-0.018053222814922387
2021-10-20,Beige_Book,https://www.federalreserve.gov/monetarypolicy/beigebook202110.htm,XLK,train,2,0.001244211757558178,-0.003259856183389531,0.034255803030897036
2021-10-20,Beige_Book,https://www.federalreserve.gov/monetarypolicy/beigebook202110.htm,XLP,train,-1,-0.0038790897326368423,-0.0011321627621375674,-0.016867010008399408
2021-10-20,Beige_Book,https://www.federalreserve.gov/monetarypolicy/beigebook202110.htm,XLRE,train,-1,0.0005696990656443024,0.006359209735254501,-0.010765956583823622
2021-10-20,Beige_Book,https://www.federalreserve.gov/monetarypolicy/beigebook202110.htm,XLU,train,-2,-0.0026082224547421262,-0.006165776504821752,-0.03716524988419967
2021-10-20,Beige_Book,https://www.federalreserve.gov/monetarypolicy/beigebook202110.htm,XLV,train,-1,0.0014494571413230517,0.0023793619723433412,-0.01345281920920438
2021-10-20,Beige_Book,https://www.federalreserve.gov/monetarypolicy/beigebook202110.htm,XLY,train,2,0.012079339562698133,0.028984603512638984,0.06283778061902823
2021-11-03,FOMC_statement,https://www.federalreserve.gov/newsevents/pressreleases/monetary20211103a.htm,XLB,train,0,-0.00528566444138745,0.0107199802012925,0.0029807619096642313
2021-11-03,FOMC_statement,https://www.federalreserve.gov/newsevents/pressreleases/monetary20211103a.htm,XLC,train,-2,-0.0007485545726739762,-0.0014585217530130867,-0.05234975277275167
2021-11-03,FOMC_statement,https://www.federalreserve.gov/newsevents/pressreleases/monetary20211103a.htm,XLE,train,-1,-0.003319423466630944,0.01449555484310916,-0.013170865837620505
2021-11-03,FOMC_statement,https://www.federalreserve.gov/newsevents/pressreleases/monetary20211103a.htm,XLF,train,-2,-0.017789038640224297,-0.016114999969734423,-0.03792013870607336
2021-11-03,FOMC_statement,https://www.federalreserve.gov/newsevents/pressreleases/monetary20211103a.htm,XLI,train,0,-0.000708565065053568,0.009263430701144326,-0.0009072477629660236
2021-11-03,FOMC_statement,https://www.federalreserve.gov/newsevents/pressreleases/monetary20211103a.htm,XLK,train,2,0.010929877518014885,0.017167083630508673,0.03425712494149924
2021-11-03,FOMC_statement,https://www.federalreserve.gov/newsevents/pressreleases/monetary20211103a.htm,XLP,train,1,-0.003746951371897511,-0.010228597723968114,0.01144828449292068
2021-11-03,FOMC_statement,https://www.federalreserve.gov/newsevents/pressreleases/monetary20211103a.htm,XLRE,train,1,-0.01601534787346237,-0.01825962339106202,0.007602209384836134
2021-11-03,FOMC_statement,https://www.federalreserve.gov/newsevents/pressreleases/monetary20211103a.htm,XLU,train,2,-0.010238194611910556,-0.01997708140891241,0.03150358434041556
2021-11-03,FOMC_statement,https://www.federalreserve.gov/newsevents/pressreleases/monetary20211103a.htm,XLV,train,-1,-0.011586564837677726,-0.021127787023799804,-0.012862388344303977
2021-11-03,FOMC_statement,https://www.federalreserve.gov/newsevents/pressreleases/monetary20211103a.htm,XLY,train,-1,0.008758447061812502,-0.003286807413174553,-0.011265325891101075
2021-12-01,Beige_Book,https://www.federalreserve.gov/monetarypolicy/beigebook202112.htm,XLB,train,2,0.0050919778048412745,0.014380258664376533,0.026851686720834933
2021-12-01,Beige_Book,https://www.federalreserve.gov/monetarypolicy/beigebook202112.htm,XLC,train,0,0.0015249724119714703,0.01257818602215599,-0.0010752938584436267
2021-12-01,Beige_Book,https://www.federalreserve.gov/monetarypolicy/beigebook202112.htm,XLE,train,-1,0.0137527810474114,0.017565241228611028,-0.015174573149137172
2021-12-01,Beige_Book,https://www.federalreserve.gov/monetarypolicy/beigebook202112.htm,XLF,train,-1,0.014518603393880447,0.010331803987551513,-0.011589816190059277
2021-12-01,Beige_Book,https://www.federalreserve.gov/monetarypolicy/beigebook202112.htm,XLI,train,1,0.014370986082825832,0.026983667359425145,0.010416795212400687
2021-12-01,Beige_Book,https://www.federalreserve.gov/monetarypolicy/beigebook202112.htm,XLK,train,-1,-0.006122158349868956,-0.016488714915087965,-0.00893323471608276
2021-12-01,Beige_Book,https://www.federalreserve.gov/monetarypolicy/beigebook202112.htm,XLP,train,2,-0.004737254350693831,0.02217485887599213,0.04760983759896398
2021-12-01,Beige_Book,https://www.federalreserve.gov/monetarypolicy/beigebook202112.htm,XLRE,train,2,0.012051646367589486,0.018347218584923053,0.05466551231669414
2021-12-01,Beige_Book,https://www.federalreserve.gov/monetarypolicy/beigebook202112.htm,XLU,train,2,-0.002567732202536366,0.019612726244876977,0.03383719920354322
2021-12-01,Beige_Book,https://www.federalreserve.gov/monetarypolicy/beigebook202112.htm,XLV,train,2,-0.010451159165541846,-0.006072677549544214,0.03121945482324584
2021-12-01,Beige_Book,https://www.federalreserve.gov/monetarypolicy/beigebook202112.htm,XLY,train,-2,-0.0010697184401451398,-0.012240761522770982,-0.035554833970312005
2021-12-15,FOMC_statement,https://www.federalreserve.gov/newsevents/pressreleases/monetary20211215a.htm,XLB,train,2,0.019061243294485886,0.009969975266159392,0.024886894764810208
2021-12-15,FOMC_statement,https://www.federalreserve.gov/newsevents/pressreleases/monetary20211215a.htm,XLC,train,1,0.007388115380708937,0.01764372752471144,0.006790594487008139
2021-12-15,FOMC_statement,https://www.federalreserve.gov/newsevents/pressreleases/monetary20211215a.htm,XLE,train,2,0.01516492790317292,0.003691218161946397,0.18111154360893567
2021-12-15,FOMC_statement,https://www.federalreserve.gov/newsevents/pressreleases/monetary20211215a.htm,XLF,train,2,0.021392720239446827,0.0011970940737930924,0.0612065927515798
2021-12-15,FOMC_statement,https://www.federalreserve.gov/newsevents/pressreleases/monetary20211215a.htm,XLI,train,2,0.009299065367487369,-0.002524626002719299,0.02902092039217008
2021-12-15,FOMC_statement,https://www.federalreserve.gov/newsevents/pressreleases/monetary20211215a.htm,XLK,train,-2,-0.019524476512696176,-0.016828449726987382,-0.03576040013136628
2021-12-15,FOMC_statement,https://www.federalreserve.gov/newsevents/pressreleases/monetary20211215a.htm,XLP,train,2,0.015926619422893307,0.020375328273199766,0.029285127237765773
2021-12-15,FOMC_statement,https://www.federalreserve.gov/newsevents/pressreleases/monetary20211215a.htm,XLRE,train,-1,0.012616515205332357,0.02395834041862288,-0.01759271353864089
2021-12-15,FOMC_statement,https://www.federalreserve.gov/newsevents/pressreleases/monetary20211215a.htm,XLU,train,0,0.013909505795057564,0.021082308188797416,-0.002327116800312501
2021-12-15,FOMC_statement,https://www.federalreserve.gov/newsevents/pressreleases/monetary20211215a.htm,XLV,train,-1,0.014757987478492884,0.022994309708790017,-0.01664560985704444
2021-12-15,FOMC_statement,https://www.federalreserve.gov/newsevents/pressreleases/monetary20211215a.htm,XLY,train,-1,-0.013262803255940314,-0.014945196864260435,-0.010874265397583627
2022-01-12,Beige_Book,https://www.federalreserve.gov/monetarypolicy/beigebook202201.htm,XLB,train,0,0.006023395616512772,0.0016622502440856168,-0.005082262153943917
2022-01-12,Beige_Book,https://www.federalreserve.gov/monetarypolicy/beigebook202201.htm,XLC,train,-2,0.00339025950619376,0.013136201014811943,-0.03501810257141047
2022-01-12,Beige_Book,https://www.federalreserve.gov/monetarypolicy/beigebook202201.htm,XLE,train,2,0.008727332825197998,0.05353898685208636,0.17371708267246033
2022-01-12,Beige_Book,https://www.federalreserve.gov/monetarypolicy/beigebook202201.htm,XLF,train,2,0.009915469600853322,-0.005493120177492927,0.034398853887112946
2022-01-12,Beige_Book,https://www.federalreserve.gov/monetarypolicy/beigebook202201.htm,XLI,train,0,0.015943138607184548,0.015707934821209024,-0.0008556089180243864
2022-01-12,Beige_Book,https://www.federalreserve.gov/monetarypolicy/beigebook202201.htm,XLK,train,-1,-0.012119169891882775,-0.01037287580051749,-0.01630207766313896
2022-01-12,Beige_Book,https://www.federalreserve.gov/monetarypolicy/beigebook202201.htm,XLP,train,2,0.015602904193647293,0.02031421957034263,0.04591348209414614
2022-01-12,Beige_Book,https://www.federalreserve.gov/monetarypolicy/beigebook202201.htm,XLRE,train,-1,0.010311394141580776,0.009112113520448273,-0.009057895234068636
2022-01-12,Beige_Book,https://www.federalreserve.gov/monetarypolicy/beigebook202201.htm,XLU,train,2,0.01866736017094872,0.017139473289007667,0.02951344622125318
2022-01-12,Beige_Book,https://www.federalreserve.gov/monetarypolicy/beigebook202201.htm,XLV,train,1,-0.0017615651797054932,-0.00019636282153046025,0.019765826223457572
2022-01-12,Beige_Book,https://www.federalreserve.gov/monetarypolicy/beigebook202201.htm,XLY,train,-2,-0.006321592140311916,-0.012610062761447272,-0.04071407867341936
2022-01-26,FOMC_statement,https://www.federalreserve.gov/newsevents/pressreleases/monetary20220126a.htm,XLB,train,1,0.00833335200462415,-0.013931731707091388,0.01247427813102786
2022-01-26,FOMC_statement,https://www.federalreserve.gov/newsevents/pressreleases/monetary20220126a.htm,XLC,train,-2,0.0060770203256178545,0.014502387286933316,-0.03135009055598181
2022-01-26,FOMC_statement,https://www.federalreserve.gov/newsevents/pressreleases/monetary20220126a.htm,XLE,train,2,0.01582763520596331,-0.026848348316046433,0.04517633299293078
2022-01-26,FOMC_statement,https://www.federalreserve.gov/newsevents/pressreleases/monetary20220126a.htm,XLF,train,0,-0.004136625162648899,-0.0251200012921875,0.0032771865067452444
2022-01-26,FOMC_statement,https://www.federalreserve.gov/newsevents/pressreleases/monetary20220126a.htm,XLI,train,-1,-0.003970918538818813,-0.029417291158262415,-0.018333700266315422
2022-01-26,FOMC_statement,https://www.federalreserve.gov/newsevents/pressreleases/monetary20220126a.htm,XLK,train,0,-0.0019505017298829808,0.024060406523041755,0.0049590022816289325
2022-01-26,FOMC_statement,https://www.federalreserve.gov/newsevents/pressreleases/monetary20220126a.htm,XLP,train,1,0.011667243317490583,-0.015582422194974632,0.010184601091682288
2022-01-26,FOMC_statement,https://www.federalreserve.gov/newsevents/pressreleases/monetary20220126a.htm,XLRE,train,-1,-0.01307425216049718,-0.010118180383722697,-0.01448325141126472
2022-01-26,FOMC_statement,https://www.federalreserve.gov/newsevents/pressreleases/monetary20220126a.htm,XLU,train,0,0.013801926505723094,0.00199976247725131,0.004440445048880193
2022-01-26,FOMC_statement,https://www.federalreserve.gov/newsevents/pressreleases/monetary20220126a.htm,XLV,train,1,0.007525255926171481,-0.009161817198999445,0.015431554601162412
2022-01-26,FOMC_statement,https://www.federalreserve.gov/newsevents/pressreleases/monetary20220126a.htm,XLY,train,-1,-0.019302135515994245,-0.0018855916848982135,-0.021055748559642984
2022-03-02,Beige_Book,https://www.federalreserve.gov/monetarypolicy/beigebook202203.htm,XLB,train,2,0.006179593284867613,0.005630570090739639,0.026794703657921137
2022-03-02,Beige_Book,https://www.federalreserve.gov/monetarypolicy/beigebook202203.htm,XLC,train,-1,-0.005436849541358035,-0.01544964666125015,-0.021752002562487105
2022-03-02,Beige_Book,https://www.federalreserve.gov/monetarypolicy/beigebook202203.htm,XLE,train,2,0.0077214807047985,0.08893659211348381,0.025544868571514834
2022-03-02,Beige_Book,https://www.federalreserve.gov/monetarypolicy/beigebook202203.htm,XLF,train,-1,0.0018254233799082087,-0.01581391460418713,-0.022464760464102507
2022-03-02,Beige_Book,https://www.federalreserve.gov/monetarypolicy/beigebook202203.htm,XLI,train,-1,0.006073046723448883,0.014694804221271784,-0.007280485067583609
2022-03-02,Beige_Book,https://www.federalreserve.gov/monetarypolicy/beigebook202203.htm,XLK,train,0,-0.006949258382096146,-0.023457062688856944,5.0113417260355675e-05
2022-03-02,Beige_Book,https://www.federalreserve.gov/monetarypolicy/beigebook202203.htm,XLP,train,-1,0.013085003448820576,0.032631858986146955,-0.021981061922271006
2022-03-02,Beige_Book,https://www.federalreserve.gov/monetarypolicy/beigebook202203.htm,XLRE,train,2,0.01590030984649271,0.04371857862346529,0.025034522098117074
2022-03-02,Beige_Book,https://www.federalreserve.gov/monetarypolicy/beigebook202203.htm,XLU,train,2,0.02258429308442733,0.09522502503010843,0.0599795693555607
2022-03-02,Beige_Book,https://www.federalreserve.gov/monetarypolicy/beigebook202203.htm,XLV,train,1,0.010085524206087992,0.03526352433442925,0.011602051685858261
2022-03-02,Beige_Book,https://www.federalreserve.gov/monetarypolicy/beigebook202203.htm,XLY,train,1,-0.017666232749871336,-0.04495709471413645,0.006879255024571984
2022-03-16,FOMC_statement,https://www.federalreserve.gov/newsevents/pressreleases/monetary20220316a.htm,XLB,train,2,0.006662607352069916,0.010390523139476304,0.05438192533251218
2022-03-16,FOMC_statement,https://www.federalreserve.gov/newsevents/pressreleases/monetary20220316a.htm,XLC,train,-1,-0.0017047362252495812,-0.008659161117160585,-0.006886163925764466
2022-03-16,FOMC_statement,https://www.federalreserve.gov/newsevents/pressreleases/monetary20220316a.htm,XLE,train,2,0.021899428772339302,0.05060380187145341,0.1145064083855073
2022-03-16,FOMC_statement,https://www.federalreserve.gov/newsevents/pressreleases/monetary20220316a.htm,XLF,train,-2,-2.0688773722410403e-05,-0.009346356716180781,-0.04516353039534926
2022-03-16,FOMC_statement,https://www.federalreserve.gov/newsevents/pressreleases/monetary20220316a.htm,XLI,train,-1,0.00034141259846887095,-0.004258891221372574,-0.01732317611245282
2022-03-16,FOMC_statement,https://www.federalreserve.gov/newsevents/pressreleases/monetary20220316a.htm,XLK,train,-2,-0.005419489499149499,0.0024864096786112455,-0.0331012390855665
2022-03-16,FOMC_statement,https://www.federalreserve.gov/newsevents/pressreleases/monetary20220316a.htm,XLP,train,2,-0.005572917553211099,-0.012650628810434217,0.06575377820847805
2022-03-16,FOMC_statement,https://www.federalreserve.gov/newsevents/pressreleases/monetary20220316a.htm,XLRE,train,2,0.0016948671134371374,-0.011763135442361405,0.04615374960122287
2022-03-16,FOMC_statement,https://www.federalreserve.gov/newsevents/pressreleases/monetary20220316a.htm,XLU,train,2,-0.00829255230719217,-0.020812379953393356,0.0657761657304935
2022-03-16,FOMC_statement,https://www.federalreserve.gov/newsevents/pressreleases/monetary20220316a.htm,XLV,train,2,0.003306430516134995,-0.0019459801652802478,0.02885829560624764
2022-03-16,FOMC_statement,https://www.federalreserve.gov/newsevents/pressreleases/monetary20220316a.htm,XLY,train,1,0.0041550887752332955,0.0061708862122955566,0.013470394060377533
2022-04-20,Beige_Book,https://www.federalreserve.gov/monetarypolicy/beigebook202204.htm,XLB,train,2,-0.0013909148438340235,-0.019935065764165594,0.040044099138765055
2022-04-20,Beige_Book,https://www.federalreserve.gov/monetarypolicy/beigebook202204.htm,XLC,train,1,-0.013507551387703653,-0.0018897915217943595,0.023235007005594
2022-04-20,Beige_Book,https://www.federalreserve.gov/monetarypolicy/beigebook202204.htm,XLE,train,2,-0.01678061563415867,-0.05266256436995187,0.14605683900833155
2022-04-20,Beige_Book,https://www.federalreserve.gov/monetarypolicy/beigebook202204.htm,XLF,train,-1,-0.000885680576665604,-0.0073603087040693405,-0.007083549148593216
2022-04-20,Beige_Book,https://www.federalreserve.gov/monetarypolicy/beigebook202204.htm,XLI,train,1,0.004752576424762234,0.001817453723593987,0.014126387152188946
2022-04-20,Beige_Book,https://www.federalreserve.gov/monetarypolicy/beigebook202204.htm,XLK,train,0,-0.002008948852801007,0.006669791934114211,0.0007618478041760968
2022-04-20,Beige_Book,https://www.federalreserve.gov/monetarypolicy/beigebook202204.htm,XLP,train,0,0.014084820978612522,0.024491182519355226,-0.0014840139090105398
2022-04-20,Beige_Book,https://www.federalreserve.gov/monetarypolicy/beigebook202204.htm,XLRE,train,-2,0.008431990374389242,0.007511319475050016,-0.05726635725888918
2022-04-20,Beige_Book,https://www.federalreserve.gov/monetarypolicy/beigebook202204.htm,XLU,train,2,-0.001585205014740021,-0.003629105696036139,0.058363103799367044
2022-04-20,Beige_Book,https://www.federalreserve.gov/monetarypolicy/beigebook202204.htm,XLV,train,2,0.0039042912236451066,-0.004194603119937912,0.040408271339770985
2022-04-20,Beige_Book,https://www.federalreserve.gov/monetarypolicy/beigebook202204.htm,XLY,train,-2,0.005270335856492614,0.010912929160398654,-0.10237250608433213
2022-05-04,FOMC_statement,https://www.federalreserve.gov/newsevents/pressreleases/monetary20220504a.htm,XLB,train,1,0.004582558861765729,-0.0033602035930527796,0.0228327851968253
2022-05-04,FOMC_statement,https://www.federalreserve.gov/newsevents/pressreleases/monetary20220504a.htm,XLC,train,-1,-0.001317507035768939,-0.009890629482066648,-0.009313812632958052
2022-05-04,FOMC_statement,https://www.federalreserve.gov/newsevents/pressreleases/monetary20220504a.htm,XLE,train,2,0.020497146350565543,0.005558991466161567,0.13780352069104973
2022-05-04,FOMC_statement,https://www.federalreserve.gov/newsevents/pressreleases/monetary20220504a.htm,XLF,train,1,0.006409002214374793,0.013358060849582465,0.01039856303152964
2022-05-04,FOMC_statement,https://www.federalreserve.gov/newsevents/pressreleases/monetary20220504a.htm,XLI,train,1,0.009416423900652227,0.016459878389219473,0.010088765354498874
2022-05-04,FOMC_statement,https://www.federalreserve.gov/newsevents/pressreleases/monetary20220504a.htm,XLK,train,-1,-0.012552405903210273,-0.021310711231473767,-0.014449647559382828
2022-05-04,FOMC_statement,https://www.federalreserve.gov/newsevents/pressreleases/monetary20220504a.htm,XLP,train,-1,0.01659788333443757,0.05523633239629144,-0.01284252434364308
2022-05-04,FOMC_statement,https://www.federalreserve.gov/newsevents/pressreleases/monetary20220504a.htm,XLRE,train,-1,0.009940836740188197,-0.008850588230871592,-0.014534035239247678
2022-05-04,FOMC_statement,https://www.federalreserve.gov/newsevents/pressreleases/monetary20220504a.htm,XLU,train,2,0.025319229969432033,0.06378341988604541,0.06817681459979985
2022-05-04,FOMC_statement,https://www.federalreserve.gov/newsevents/pressreleases/monetary20220504a.htm,XLV,train,1,0.01611110989850617,0.025057575204296634,0.019570478500156252
2022-05-04,FOMC_statement,https://www.federalreserve.gov/newsevents/pressreleases/monetary20220504a.htm,XLY,train,-2,-0.020500326937295976,-0.03780559734336375,-0.052695953894720815
2022-06-01,Beige_Book,https://www.federalreserve.gov/monetarypolicy/beigebook202206.htm,XLB,train,-2,0.008548551150129091,0.02166419650685736,-0.06413511121156057
2022-06-01,Beige_Book,https://www.federalreserve.gov/monetarypolicy/beigebook202206.htm,XLC,train,-1,0.005330299440383879,0.0020682707050337923,-0.010574276257005466
2022-06-01,Beige_Book,https://www.federalreserve.gov/monetarypolicy/beigebook202206.htm,XLE,train,-2,-0.02220312957672521,0.0032906841815911747,-0.11438044153930793
2022-06-01,Beige_Book,https://www.federalreserve.gov/monetarypolicy/beigebook202206.htm,XLF,train,-1,-0.005289999619448205,-0.0034703992615889856,-0.01815227158874244
2022-06-01,Beige_Book,https://www.federalreserve.gov/monetarypolicy/beigebook202206.htm,XLI,train,0,8.108250405891582e-05,0.013776589791998695,0.005082485479263155
2022-06-01,Beige_Book,https://www.federalreserve.gov/monetarypolicy/beigebook202206.htm,XLK,train,-1,0.005165766244672687,-0.005312095850893761,-0.02252244553394478
2022-06-01,Beige_Book,https://www.federalreserve.gov/monetarypolicy/beigebook202206.htm,XLP,train,2,-0.00448551813831366,-0.0007699847300031148,0.06902118015339753
2022-06-01,Beige_Book,https://www.federalreserve.gov/monetarypolicy/beigebook202206.htm,XLRE,train,2,-0.003954247987193016,-0.006165591376356416,0.025216730481788963
2022-06-01,Beige_Book,https://www.federalreserve.gov/monetarypolicy/beigebook202206.htm,XLU,train,2,-0.012305708277643657,0.000680596671942868,0.04265865247481482
2022-06-01,Beige_Book,https://www.federalreserve.gov/monetarypolicy/beigebook202206.htm,XLV,train,2,-0.011140409575391308,-0.009343261770386024,0.0652963893560693
2022-06-01,Beige_Book,https://www.federalreserve.gov/monetarypolicy/beigebook202206.htm,XLY,train,-1,0.011558912083856177,0.005676073225672429,-0.01513203352503667
2022-06-15,FOMC_statement,https://www.federalreserve.gov/newsevents/pressreleases/monetary20220615a.htm,XLB,train,-2,-0.0029944353247701727,-0.016936057534997273,-0.07958341127480695
2022-06-15,FOMC_statement,https://www.federalreserve.gov/newsevents/pressreleases/monetary20220615a.htm,XLC,train,-1,-0.003389633152887206,-0.009325892023887339,-0.007079766212214178
2022-06-15,FOMC_statement,https://www.federalreserve.gov/newsevents/pressreleases/monetary20220615a.htm,XLE,train,-2,-0.0232283200052098,-0.053421151578754156,-0.15288384526948628
2022-06-15,FOMC_statement,https://www.federalreserve.gov/newsevents/pressreleases/monetary20220615a.htm,XLF,train,0,0.007811451525942648,0.0033574272943857064,-0.005406566351479958
2022-06-15,FOMC_statement,https://www.federalreserve.gov/newsevents/pressreleases/monetary20220615a.htm,XLI,train,-2,-0.0002599063762124265,-0.011911398266256867,-0.03502681671108543
2022-06-15,FOMC_statement,https://www.federalreserve.gov/newsevents/pressreleases/monetary20220615a.htm,XLK,train,1,-0.007609325675528744,-0.000341159500641508,0.01041906763899636
2022-06-15,FOMC_statement,https://www.federalreserve.gov/newsevents/pressreleases/monetary20220615a.htm,XLP,train,2,0.025482027293262988,0.02121787880534287,0.03177336393943808
2022-06-15,FOMC_statement,https://www.federalreserve.gov/newsevents/pressreleases/monetary20220615a.htm,XLRE,train,1,0.009226648287222083,0.006440763900377844,0.015788815544689694
2022-06-15,FOMC_statement,https://www.federalreserve.gov/newsevents/pressreleases/monetary20220615a.htm,XLU,train,2,0.013776130437616496,-0.0038341059279365375,0.026136972389659063
2022-06-15,FOMC_statement,https://www.federalreserve.gov/newsevents/pressreleases/monetary20220615a.htm,XLV,train,2,0.018393669096051446,0.017401842997932127,0.038160068785011325
2022-06-15,FOMC_statement,https://www.federalreserve.gov/newsevents/pressreleases/monetary20220615a.htm,XLY,train,1,-0.015858697317940207,-0.003665414044703885,0.019223575708966822
2022-07-13,Beige_Book,https://www.federalreserve.gov/monetarypolicy/beigebook202207.htm,XLB,train,0,-0.015977619012904065,-0.008816097634727904,-0.006056465371586439
2022-07-13,Beige_Book,https://www.federalreserve.gov/monetarypolicy/beigebook202207.htm,XLC,train,-2,-0.010183662811180105,-0.00035357611485686835,-0.03371990040106665
2022-07-13,Beige_Book,https://www.federalreserve.gov/monetarypolicy/beigebook202207.htm,XLE,train,2,-0.016469965741691905,0.011870453345944276,0.024773531406257487
2022-07-13,Beige_Book,https://www.federalreserve.gov/monetarypolicy/beigebook202207.htm,XLF,train,1,-0.016716652783656083,0.0024916048349081787,0.008113234744944076
2022-07-13,Beige_Book,https://www.federalreserve.gov/monetarypolicy/beigebook202207.htm,XLI,train,2,-0.0032698476915624664,-0.004433657306250116,0.03138150595288258
2022-07-13,Beige_Book,https://www.federalreserve.gov/monetarypolicy/beigebook202207.htm,XLK,train,2,0.011581995936411293,0.00866801052342625,0.03421464041497324
2022-07-13,Beige_Book,https://www.federalreserve.gov/monetarypolicy/beigebook202207.htm,XLP,train,-2,0.0032543854764118807,-0.01402631622980266,-0.0741538585669661
2022-07-13,Beige_Book,https://www.federalreserve.gov/monetarypolicy/beigebook202207.htm,XLRE,train,-1,-0.007387615922847757,-0.011882903213432994,-0.008807486229861161
2022-07-13,Beige_Book,https://www.federalreserve.gov/monetarypolicy/beigebook202207.htm,XLU,train,-1,0.002428317303753702,-0.02045764501968539,-0.02282073670491014
2022-07-13,Beige_Book,https://www.federalreserve.gov/monetarypolicy/beigebook202207.htm,XLV,train,-2,-0.00047348117059131667,-0.008294585065867888,-0.06955155966733029
2022-07-13,Beige_Book,https://www.federalreserve.gov/monetarypolicy/beigebook202207.htm,XLY,train,2,0.0015873597833441222,0.009774757154169866,0.05180264966791315
2022-07-27,FOMC_statement,https://www.federalreserve.gov/newsevents/pressreleases/monetary20220727a.htm,XLB,train,1,0.005145327598165883,-0.0011768431890044617,0.017897620077694576
2022-07-27,FOMC_statement,https://www.federalreserve.gov/newsevents/pressreleases/monetary20220727a.htm,XLC,train,-2,-0.023948236737851403,-0.0364524328064082,-0.04432155448856068
2022-07-27,FOMC_statement,https://www.federalreserve.gov/newsevents/pressreleases/monetary20220727a.htm,XLE,train,2,-0.006922654456825494,0.004175879847374775,0.07306531722019782
2022-07-27,FOMC_statement,https://www.federalreserve.gov/newsevents/pressreleases/monetary20220727a.htm,XLF,train,1,-0.00527001721070941,-0.011053759781159855,0.007222512093311817
2022-07-27,FOMC_statement,https://www.federalreserve.gov/newsevents/pressreleases/monetary20220727a.htm,XLI,train,2,0.008374671066548656,0.018398266853482448,0.030272749609974392
2022-07-27,FOMC_statement,https://www.federalreserve.gov/newsevents/pressreleases/monetary20220727a.htm,XLK,train,0,0.00268148480728847,0.004262578907736514,-0.0007090185085960599
2022-07-27,FOMC_statement,https://www.federalreserve.gov/newsevents/pressreleases/monetary20220727a.htm,XLP,train,-1,0.0034273941338704983,-0.0034318378909065084,-0.012982619454774857
2022-07-27,FOMC_statement,https://www.federalreserve.gov/newsevents/pressreleases/monetary20220727a.htm,XLRE,train,-1,0.024311826044408402,0.007521873681764046,-0.009887359667716367
2022-07-27,FOMC_statement,https://www.federalreserve.gov/newsevents/pressreleases/monetary20220727a.htm,XLU,train,2,0.023343270330729915,0.02140005792319777,0.0376983651972822
2022-07-27,FOMC_statement,https://www.federalreserve.gov/newsevents/pressreleases/monetary20220727a.htm,XLV,train,-2,-0.006178957214368452,-0.028510616348642714,-0.05367222190303822
2022-07-27,FOMC_statement,https://www.federalreserve.gov/newsevents/pressreleases/monetary20220727a.htm,XLY,train,2,0.004653977675985965,0.036798742338085666,0.031193208205578138
2022-09-07,Beige_Book,https://www.federalreserve.gov/monetarypolicy/beigebook202209.htm,XLB,train,0,0.0031790225664323213,0.001329264544190245,-0.001163410553886579
2022-09-07,Beige_Book,https://www.federalreserve.gov/monetarypolicy/beigebook202209.htm,XLC,train,-1,-0.008933226527971239,-0.00209615415680775,-0.01650230536565811
2022-09-07,Beige_Book,https://www.federalreserve.gov/monetarypolicy/beigebook202209.htm,XLE,train,2,-0.0021938880867489186,0.014809314774191895,0.127451791726248
2022-09-07,Beige_Book,https://www.federalreserve.gov/monetarypolicy/beigebook202209.htm,XLF,train,1,0.011096701006117593,0.0020671683128599128,0.009110402365942183
2022-09-07,Beige_Book,https://www.federalreserve.gov/monetarypolicy/beigebook202209.htm,XLI,train,-1,-0.0035508378217850023,-0.010882911205498225,-0.01259706192039689
2022-09-07,Beige_Book,https://www.federalreserve.gov/monetarypolicy/beigebook202209.htm,XLK,train,0,-0.0031053682735409094,0.006417871426834809,0.0005066666366847494
2022-09-07,Beige_Book,https://www.federalreserve.gov/monetarypolicy/beigebook202209.htm,XLP,train,-1,-0.009122892945885863,-0.02165778304072663,-0.019557917745489872
2022-09-07,Beige_Book,https://www.federalreserve.gov/monetarypolicy/beigebook202209.htm,XLRE,train,-2,-0.0037133580428116986,-0.012014401795500618,-0.11445210151282947
2022-09-07,Beige_Book,https://www.federalreserve.gov/monetarypolicy/beigebook202209.htm,XLU,train,-2,-0.007314340393772656,-0.020011452603402424,-0.10203975319847447
2022-09-07,Beige_Book,https://www.federalreserve.gov/monetarypolicy/beigebook202209.htm,XLV,train,2,0.010844895324519044,4.0931784464515175e-05,0.04762807414835013
2022-09-07,Beige_Book,https://www.federalreserve.gov/monetarypolicy/beigebook202209.htm,XLY,train,-2,0.0027803522760661004,0.008343592847262604,-0.030151263655620264
2022-09-21,FOMC_statement,https://www.federalreserve.gov/newsevents/pressreleases/monetary20220921a.htm,XLB,train,1,-0.00362103022941318,-0.013664177673170186,0.02171808359490124
2022-09-21,FOMC_statement,https://www.federalreserve.gov/newsevents/pressreleases/monetary20220921a.htm,XLC,train,1,0.004818599709007887,-0.004192945319287045,0.024081212208013625
2022-09-21,FOMC_statement,https://www.federalreserve.gov/newsevents/pressreleases/monetary20220921a.htm,XLE,train,2,0.004845918793424775,-0.0620091207281791,0.14444236142721367
2022-09-21,FOMC_statement,https://www.federalreserve.gov/newsevents/pressreleases/monetary20220921a.htm,XLF,train,1,-0.008427776900863826,-0.013409181988050523,0.0068481691926941535
2022-09-21,FOMC_statement,https://www.federalreserve.gov/newsevents/pressreleases/monetary20220921a.htm,XLI,train,1,-0.006653127253577695,-0.009263690865114693,0.01676863725550426
2022-09-21,FOMC_statement,https://www.federalreserve.gov/newsevents/pressreleases/monetary20220921a.htm,XLK,train,-1,-0.0017839643442145725,0.004833205678563268,-0.01153507915621843
2022-09-21,FOMC_statement,https://www.federalreserve.gov/newsevents/pressreleases/monetary20220921a.htm,XLP,train,-1,0.006985440670254306,0.01735138388450652,-0.00968765133287186
2022-09-21,FOMC_statement,https://www.federalreserve.gov/newsevents/pressreleases/monetary20220921a.htm,XLRE,train,-2,-0.0010020600696790671,-0.013707983782719535,-0.0728421141015988
2022-09-21,FOMC_statement,https://www.federalreserve.gov/newsevents/pressreleases/monetary20220921a.htm,XLU,train,-2,0.004831479277935036,-0.00419945974598912,-0.12468082123476065
2022-09-21,FOMC_statement,https://www.federalreserve.gov/newsevents/pressreleases/monetary20220921a.htm,XLV,train,2,0.013697000686427874,0.025704136914717957,0.039483011226249864
2022-09-21,FOMC_statement,https://www.federalreserve.gov/newsevents/pressreleases/monetary20220921a.htm,XLY,train,-2,-0.01467534199031817,-0.013301937452210089,-0.0691292137108731
2022-10-19,Beige_Book,https://www.federalreserve.gov/monetarypolicy/beigebook202210.htm,XLB,train,2,0.0011418344227743793,-0.006582512632372306,0.05412259202207692
2022-10-19,Beige_Book,https://www.federalreserve.gov/monetarypolicy/beigebook202210.htm,XLC,train,-2,0.010799116806787912,-0.012337594944405006,-0.06554730360832095
2022-10-19,Beige_Book,https://www.federalreserve.gov/monetarypolicy/beigebook202210.htm,XLE,train,1,0.009332722830689755,0.006390383962575519,0.0226967553167301
2022-10-19,Beige_Book,https://www.federalreserve.gov/monetarypolicy/beigebook202210.htm,XLF,train,2,-0.007667625706730408,-0.0010968927600522038,0.031335784759467744
2022-10-19,Beige_Book,https://www.federalreserve.gov/monetarypolicy/beigebook202210.htm,XLI,train,2,-0.011262907184308224,-0.0070399466155453005,0.04606325996260918
2022-10-19,Beige_Book,https://www.federalreserve.gov/monetarypolicy/beigebook202210.htm,XLK,train,1,0.008963334284978086,0.013013365679900413,0.022826876390184436
2022-10-19,Beige_Book,https://www.federalreserve.gov/monetarypolicy/beigebook202210.htm,XLP,train,0,-0.005562151213471589,-0.008782003302804986,0.0015963839323656082
2022-10-19,Beige_Book,https://www.federalreserve.gov/monetarypolicy/beigebook202210.htm,XLRE,train,1,0.0034717124986610726,-0.02667214409268892,0.016491795833478373
2022-10-19,Beige_Book,https://www.federalreserve.gov/monetarypolicy/beigebook202210.htm,XLU,train,-1,-0.01686180289713235,-0.026527658717720115,-0.01214376757298008
2022-10-19,Beige_Book,https://www.federalreserve.gov/monetarypolicy/beigebook202210.htm,XLV,train,0,-0.00010708426825756234,0.005100332367858451,-0.006186596774907738
2022-10-19,Beige_Book,https://www.federalreserve.gov/monetarypolicy/beigebook202210.htm,XLY,train,-2,-0.010962953682549625,-0.014232527799610817,-0.06732560373005214
2022-11-02,FOMC_statement,https://www.federalreserve.gov/newsevents/pressreleases/monetary20221102a.htm,XLB,train,2,0.017899501020433695,0.03647364250519192,0.06524873068873605
2022-11-02,FOMC_statement,https://www.federalreserve.gov/newsevents/pressreleases/monetary20221102a.htm,XLC,train,2,-0.01419303205340472,-0.013389533611550597,0.028899325766509554
2022-11-02,FOMC_statement,https://www.federalreserve.gov/newsevents/pressreleases/monetary20221102a.htm,XLE,train,-2,0.028790265306495533,0.03418403172545603,-0.06283110589477381
2022-11-02,FOMC_statement,https://www.federalreserve.gov/newsevents/pressreleases/monetary20221102a.htm,XLF,train,-1,0.0001895347135167924,0.004575890718232056,-0.01667313994122821
2022-11-02,FOMC_statement,https://www.federalreserve.gov/newsevents/pressreleases/monetary20221102a.htm,XLI,train,1,0.020772021633105098,0.023573145221679637,0.01683065625121727
2022-11-02,FOMC_statement,https://www.federalreserve.gov/newsevents/pressreleases/monetary20221102a.htm,XLK,train,1,-0.019110087147973798,-0.008110268654541453,0.022186995015342825
2022-11-02,FOMC_statement,https://www.federalreserve.gov/newsevents/pressreleases/monetary20221102a.htm,XLP,train,0,0.0069284065730277344,0.00370654198267939,-0.003824693442546656
2022-11-02,FOMC_statement,https://www.federalreserve.gov/newsevents/pressreleases/monetary20221102a.htm,XLRE,train,1,0.009736702558089005,-0.000488725627661668,0.007002558153236138
2022-11-02,FOMC_statement,https://www.federalreserve.gov/newsevents/pressreleases/monetary20221102a.htm,XLU,train,-1,0.014664892217787662,-0.0222241352264696,-0.014760625113450443
2022-11-02,FOMC_statement,https://www.federalreserve.gov/newsevents/pressreleases/monetary20221102a.htm,XLV,train,-1,0.00608425306036442,-0.0010956753626318871,-0.015632785382055148
2022-11-02,FOMC_statement,https://www.federalreserve.gov/newsevents/pressreleases/monetary20221102a.htm,XLY,train,-1,0.004319260827907678,-0.018261216540815806,-0.018080947291560512
2022-11-30,Beige_Book,https://www.federalreserve.gov/monetarypolicy/beigebook202211.htm,XLB,train,0,0.0019442485614086236,0.012252244914479182,0.002683934347765149
2022-11-30,Beige_Book,https://www.federalreserve.gov/monetarypolicy/beigebook202211.htm,XLC,train,-1,0.00655985494279554,0.012424576218987404,-0.007723078036776521
2022-11-30,Beige_Book,https://www.federalreserve.gov/monetarypolicy/beigebook202211.htm,XLE,train,2,-0.002555447381733078,-0.01903179782957576,0.030232037300277903
2022-11-30,Beige_Book,https://www.federalreserve.gov/monetarypolicy/beigebook202211.htm,XLF,train,0,-0.005047893242911328,-0.015384032846341822,0.005444802793672099
2022-11-30,Beige_Book,https://www.federalreserve.gov/monetarypolicy/beigebook202211.htm,XLI,train,2,0.0010306000126419912,0.009163059962376652,0.028832091880614974
2022-11-30,Beige_Book,https://www.federalreserve.gov/monetarypolicy/beigebook202211.htm,XLK,train,-2,0.0021331281480446718,-0.0011486220859571183,-0.02492138729850646
2022-11-30,Beige_Book,https://www.federalreserve.gov/monetarypolicy/beigebook202211.htm,XLP,train,2,-0.003798726117569262,0.007332703280479302,0.030892788024397433
2022-11-30,Beige_Book,https://www.federalreserve.gov/monetarypolicy/beigebook202211.htm,XLRE,train,1,-0.0013030425148511382,-0.003947953513402713,0.010240420641584591
2022-11-30,Beige_Book,https://www.federalreserve.gov/monetarypolicy/beigebook202211.htm,XLU,train,2,-0.00010428230380177261,0.008643321357895473,0.05391451290741134
2022-11-30,Beige_Book,https://www.federalreserve.gov/monetarypolicy/beigebook202211.htm,XLV,train,2,0.0036129327645085807,0.01575149314234403,0.03979049136329116
2022-11-30,Beige_Book,https://www.federalreserve.gov/monetarypolicy/beigebook202211.htm,XLY,train,-2,0.0005990022931293693,-0.010401590973591612,-0.06085067179005654
2022-12-14,FOMC_statement,https://www.federalreserve.gov/newsevents/pressreleases/monetary20221214a.htm,XLB,train,1,-0.0060561479096592485,-0.003045895891832018,0.01910924192960073
2022-12-14,FOMC_statement,https://www.federalreserve.gov/newsevents/pressreleases/monetary20221214a.htm,XLC,train,2,-0.014530517022471878,-0.017860910237203487,0.03933099197303869
2022-12-14,FOMC_statement,https://www.federalreserve.gov/newsevents/pressreleases/monetary20221214a.htm,XLE,train,2,0.01841014275728048,0.026282493463092194,0.058941995529995905
2022-12-14,FOMC_statement,https://www.federalreserve.gov/newsevents/pressreleases/monetary20221214a.htm,XLF,train,2,0.004831113131756548,0.014773343911477999,0.04059585797300935
2022-12-14,FOMC_statement,https://www.federalreserve.gov/newsevents/pressreleases/monetary20221214a.htm,XLI,train,1,0.00029351599362503755,0.011051790947020801,0.010478085485428501
2022-12-14,FOMC_statement,https://www.federalreserve.gov/newsevents/pressreleases/monetary20221214a.htm,XLK,train,-1,-0.012942591100380763,-0.01922747785363299,-0.019788794648637476
2022-12-14,FOMC_statement,https://www.federalreserve.gov/newsevents/pressreleases/monetary20221214a.htm,XLP,train,-1,0.007474978023046086,0.022210013901771464,-0.016876909578314003
2022-12-14,FOMC_statement,https://www.federalreserve.gov/newsevents/pressreleases/monetary20221214a.htm,XLRE,train,2,0.0129495582858703,-0.008107156908092161,0.024574783457558258
2022-12-14,FOMC_statement,https://www.federalreserve.gov/newsevents/pressreleases/monetary20221214a.htm,XLU,train,-1,0.01233699787073117,0.011630691987699615,-0.011395068319848711
2022-12-14,FOMC_statement,https://www.federalreserve.gov/newsevents/pressreleases/monetary20221214a.htm,XLV,train,-2,0.00611752961498202,0.008126940261589666,-0.035388565002188455
2022-12-14,FOMC_statement,https://www.federalreserve.gov/newsevents/pressreleases/monetary20221214a.htm,XLY,train,1,0.008027853118040662,-0.006427850599356688,0.01091331223599079
2023-01-18,Beige_Book,https://www.federalreserve.gov/monetarypolicy/beigebook202301.htm,XLB,train,-2,-0.00042400491673744156,-0.007703610634260949,-0.03847257734569176
2023-01-18,Beige_Book,https://www.federalreserve.gov/monetarypolicy/beigebook202301.htm,XLC,train,2,0.01235507402471503,0.03050960056054708,0.03996031157104285
2023-01-18,Beige_Book,https://www.federalreserve.gov/monetarypolicy/beigebook202301.htm,XLE,train,-2,0.01971038861726704,0.0003431303944664288,-0.04995214257325786
2023-01-18,Beige_Book,https://www.federalreserve.gov/monetarypolicy/beigebook202301.htm,XLF,train,-1,-0.004364674031723248,-0.007589528369563392,-0.009719004119911223
2023-01-18,Beige_Book,https://www.federalreserve.gov/monetarypolicy/beigebook202301.htm,XLI,train,-1,-0.01328612591954359,-0.01907336432434037,-0.015674241328101468
2023-01-18,Beige_Book,https://www.federalreserve.gov/monetarypolicy/beigebook202301.htm,XLK,train,2,-0.004390264702418989,0.014804244316322546,0.04957775565437805
2023-01-18,Beige_Book,https://www.federalreserve.gov/monetarypolicy/beigebook202301.htm,XLP,train,-2,-0.0022048313402559527,-0.02189416085906093,-0.04277837526068462
2023-01-18,Beige_Book,https://www.federalreserve.gov/monetarypolicy/beigebook202301.htm,XLRE,train,-1,0.002403182692614747,-0.013813060730882842,-0.020354098743011306
2023-01-18,Beige_Book,https://www.federalreserve.gov/monetarypolicy/beigebook202301.htm,XLU,train,-2,-0.0027892575980519307,-0.027170453146246665,-0.06790590637118976
2023-01-18,Beige_Book,https://www.federalreserve.gov/monetarypolicy/beigebook202301.htm,XLV,train,-2,0.00968712554742257,-0.01247687534464681,-0.05856049810327646
2023-01-18,Beige_Book,https://www.federalreserve.gov/monetarypolicy/beigebook202301.htm,XLY,train,2,-0.009316793906616216,-8.447123956167868e-05,0.047164044835961594
2023-02-01,FOMC_statement,https://www.federalreserve.gov/newsevents/pressreleases/monetary20230201a.htm,XLB,train,1,-0.017725629208727556,-0.03002787758200809,0.009043903131310205
2023-02-01,FOMC_statement,https://www.federalreserve.gov/newsevents/pressreleases/monetary20230201a.htm,XLC,train,0,0.05111671093205539,0.03579252248214759,0.001908154914692206
2023-02-01,FOMC_statement,https://www.federalreserve.gov/newsevents/pressreleases/monetary20230201a.htm,XLE,train,1,-0.03735639166374294,-0.027358528935899518,0.008012055711181354
2023-02-01,FOMC_statement,https://www.federalreserve.gov/newsevents/pressreleases/monetary20230201a.htm,XLF,train,0,-0.011821772427607957,0.0027358762657753166,0.0001635515437913293
2023-02-01,FOMC_statement,https://www.federalreserve.gov/newsevents/pressreleases/monetary20230201a.htm,XLI,train,2,-0.006758919004328012,0.0023276344807012794,0.02644736152176097
2023-02-01,FOMC_statement,https://www.federalreserve.gov/newsevents/pressreleases/monetary20230201a.htm,XLK,train,2,0.012749711732781055,0.008962824952277959,0.02445921933269335
2023-02-01,FOMC_statement,https://www.federalreserve.gov/newsevents/pressreleases/monetary20230201a.htm,XLP,train,-1,-0.02316735174676876,-0.009135832672704569,-0.008607141559552889
2023-02-01,FOMC_statement,https://www.federalreserve.gov/newsevents/pressreleases/monetary20230201a.htm,XLRE,train,-2,0.008431607232562088,-0.0019742712291990205,-0.03700784504592114
2023-02-01,FOMC_statement,https://www.federalreserve.gov/newsevents/pressreleases/monetary20230201a.htm,XLU,train,-2,-0.012390010323753087,-0.008014409997736949,-0.02681967221120729
2023-02-01,FOMC_statement,https://www.federalreserve.gov/newsevents/pressreleases/monetary20230201a.htm,XLV,train,-1,-0.021348820955147008,-0.013115924349321295,-0.020809353387487683
2023-02-01,FOMC_statement,https://www.federalreserve.gov/newsevents/pressreleases/monetary20230201a.htm,XLY,train,-1,0.016066075243197142,0.0005508575897815726,-0.017120119251009536
2023-03-08,Beige_Book,https://www.federalreserve.gov/monetarypolicy/beigebook202303.htm,XLB,train,-2,-0.007284974849183556,-0.022945149987480873,-0.052992018802937024
2023-03-08,Beige_Book,https://www.federalreserve.gov/monetarypolicy/beigebook202303.htm,XLC,train,2,-0.004046727683247653,-0.0023405123966502295,0.057483828027052986
2023-03-08,Beige_Book,https://www.federalreserve.gov/monetarypolicy/beigebook202303.htm,XLE,train,-1,0.004315789935861236,-0.012944869310959839,-0.014020411690592538
2023-03-08,Beige_Book,https://www.federalreserve.gov/monetarypolicy/beigebook202303.htm,XLF,train,-2,-0.022167660710510795,-0.06397793453288991,-0.11019527952058905
2023-03-08,Beige_Book,https://www.federalreserve.gov/monetarypolicy/beigebook202303.htm,XLI,train,-2,0.0037025448292986596,-0.00473554498148987,-0.07070167090113555
2023-03-08,Beige_Book,https://www.federalreserve.gov/monetarypolicy/beigebook202303.htm,XLK,train,2,0.004114790257580769,0.00783615090114731,0.03470519717668552
2023-03-08,Beige_Book,https://www.federalreserve.gov/monetarypolicy/beigebook202303.htm,XLP,train,1,0.009161132436749209,0.025180512289979307,0.018699548947901712
2023-03-08,Beige_Book,https://www.federalreserve.gov/monetarypolicy/beigebook202303.htm,XLRE,train,-2,-0.0043484258588514235,-0.004339736595594834,-0.04850033336320769
2023-03-08,Beige_Book,https://www.federalreserve.gov/monetarypolicy/beigebook202303.htm,XLU,train,2,0.01041735167191804,0.025902711844987714,0.03534435663246349
2023-03-08,Beige_Book,https://www.federalreserve.gov/monetarypolicy/beigebook202303.htm,XLV,train,2,0.008319436993727836,0.026161473671908908,0.029558384571772622
2023-03-08,Beige_Book,https://www.federalreserve.gov/monetarypolicy/beigebook202303.htm,XLY,train,-1,-0.005396063865344081,0.002599033553337682,-0.011795264125868399
2023-03-22,FOMC_statement,https://www.federalreserve.gov/newsevents/pressreleases/monetary20230322a.htm,XLB,train,0,-0.0038830354100067854,0.003243306962475323,0.006599032575929753
2023-03-22,FOMC_statement,https://www.federalreserve.gov/newsevents/pressreleases/monetary20230322a.htm,XLC,train,-1,0.013524538529401386,0.00458959759247024,-0.009990727693361956
2023-03-22,FOMC_statement,https://www.federalreserve.gov/newsevents/pressreleases/monetary20230322a.htm,XLE,train,2,-0.01655702121207625,0.00018991552085267926,0.028859627284965828
2023-03-22,FOMC_statement,https://www.federalreserve.gov/newsevents/pressreleases/monetary20230322a.htm,XLF,train,1,-0.009429788607663081,-0.004631118291183345,0.012278314337478169
2023-03-22,FOMC_statement,https://www.federalreserve.gov/newsevents/pressreleases/monetary20230322a.htm,XLI,train,-1,-0.0055963407448080815,-0.0015251930930519908,-0.01094763653023545
2023-03-22,FOMC_statement,https://www.federalreserve.gov/newsevents/pressreleases/monetary20230322a.htm,XLK,train,-1,0.013561773707688074,-1.4584518653881773e-06,-0.018424919293202113
2023-03-22,FOMC_statement,https://www.federalreserve.gov/newsevents/pressreleases/monetary20230322a.htm,XLP,train,1,-0.006590854642310684,0.007325399004167177,0.011101421332726291
2023-03-22,FOMC_statement,https://www.federalreserve.gov/newsevents/pressreleases/monetary20230322a.htm,XLRE,train,1,-0.00873271897920258,0.005163418203308456,0.016483143090291197
2023-03-22,FOMC_statement,https://www.federalreserve.gov/newsevents/pressreleases/monetary20230322a.htm,XLU,train,2,-0.012958173372047299,0.011067937876894196,0.029384156176948117
2023-03-22,FOMC_statement,https://www.federalreserve.gov/newsevents/pressreleases/monetary20230322a.htm,XLV,train,1,-0.004611340687178167,0.00489964893294581,0.015605152313282855
2023-03-22,FOMC_statement,https://www.federalreserve.gov/newsevents/pressreleases/monetary20230322a.htm,XLY,train,-1,-0.0037581557145436317,-0.013380075821296411,-0.013176756152767033
2023-04-19,Beige_Book,https://www.federalreserve.gov/monetarypolicy/beigebook202304.htm,XLB,train,-2,0.004353072469315933,0.0005048323984337966,-0.05046124887931758
2023-04-19,Beige_Book,https://www.federalreserve.gov/monetarypolicy/beigebook202304.htm,XLC,train,2,-0.004861022623322775,-0.005288787003080442,0.04954501409813472
2023-04-19,Beige_Book,https://www.federalreserve.gov/monetarypolicy/beigebook202304.htm,XLE,train,-2,-0.003355317225438803,0.004272791687683242,-0.09748330200856592
2023-04-19,Beige_Book,https://www.federalreserve.gov/monetarypolicy/beigebook202304.htm,XLF,train,-2,0.0024666239225595854,-0.005361127535023491,-0.032749247701166606
2023-04-19,Beige_Book,https://www.federalreserve.gov/monetarypolicy/beigebook202304.htm,XLI,train,-1,0.0036752018363138683,0.0019596695918353557,-0.021840579147229033
2023-04-19,Beige_Book,https://www.federalreserve.gov/monetarypolicy/beigebook202304.htm,XLK,train,2,-0.0011106352649283835,-0.010567760851225128,0.04277043273541925
2023-04-19,Beige_Book,https://www.federalreserve.gov/monetarypolicy/beigebook202304.htm,XLP,train,-1,0.007830619282873541,0.017293867231609972,-0.01235534915785852
2023-04-19,Beige_Book,https://www.federalreserve.gov/monetarypolicy/beigebook202304.htm,XLRE,train,-2,-0.006514597752682483,-0.009947313504389155,-0.047321641299638006
2023-04-19,Beige_Book,https://www.federalreserve.gov/monetarypolicy/beigebook202304.htm,XLU,train,-2,0.0051686512775585,0.011256971183950637,-0.05972985233777184
2023-04-19,Beige_Book,https://www.federalreserve.gov/monetarypolicy/beigebook202304.htm,XLV,train,-2,0.0013508296587078084,0.011861979238306453,-0.037188722684189934
2023-04-19,Beige_Book,https://www.federalreserve.gov/monetarypolicy/beigebook202304.htm,XLY,train,1,-0.009944187959797013,-0.0008545100879004952,0.020249916464285866
2023-05-03,FOMC_statement,https://www.federalreserve.gov/newsevents/pressreleases/monetary20230503a.htm,XLB,train,-2,0.0006148440095947727,-0.00457831695975508,-0.05051480092217653
2023-05-03,FOMC_statement,https://www.federalreserve.gov/newsevents/pressreleases/monetary20230503a.htm,XLC,train,2,-0.008971643817878072,-0.005138052111295255,0.028482828139830496
2023-05-03,FOMC_statement,https://www.federalreserve.gov/newsevents/pressreleases/monetary20230503a.htm,XLE,train,-2,-0.004057393915875562,0.0043046021893758946,-0.03480267784490143
2023-05-03,FOMC_statement,https://www.federalreserve.gov/newsevents/pressreleases/monetary20230503a.htm,XLF,train,-1,-0.005745635794280113,0.0017445180184870734,-0.02115188923435629
2023-05-03,FOMC_statement,https://www.federalreserve.gov/newsevents/pressreleases/monetary20230503a.htm,XLI,train,-2,-0.00381409475189054,-0.011113191176717607,-0.028797360159438568
2023-05-03,FOMC_statement,https://www.federalreserve.gov/newsevents/pressreleases/monetary20230503a.htm,XLK,train,2,0.0022934548529136567,0.008063556246820647,0.07226805156874994
2023-05-03,FOMC_statement,https://www.federalreserve.gov/newsevents/pressreleases/monetary20230503a.htm,XLP,train,-2,0.004604251372390067,-0.007870194745146941,-0.08848052041091126
2023-05-03,FOMC_statement,https://www.federalreserve.gov/newsevents/pressreleases/monetary20230503a.htm,XLRE,train,-2,0.01639000921151812,0.0061264499538786765,-0.03930488119003539
2023-05-03,FOMC_statement,https://www.federalreserve.gov/newsevents/pressreleases/monetary20230503a.htm,XLU,train,-2,0.01472211520240263,-0.0006840168702246796,-0.09191005321174306
2023-05-03,FOMC_statement,https://www.federalreserve.gov/newsevents/pressreleases/monetary20230503a.htm,XLV,train,-2,-0.0008596082270702077,-0.012821556272109014,-0.07171388404282342
2023-05-03,FOMC_statement,https://www.federalreserve.gov/newsevents/pressreleases/monetary20230503a.htm,XLY,train,2,-0.0006204352397650714,0.004237368763553184,0.029879942532242354
2023-05-31,Beige_Book,https://www.federalreserve.gov/monetarypolicy/beigebook20230531.htm,XLB,train,2,0.0038283785136199455,0.024064180650191558,0.04261914623528873
2023-05-31,Beige_Book,https://www.federalreserve.gov/monetarypolicy/beigebook20230531.htm,XLC,train,-1,0.003994944457923033,-0.0047483196068073275,-0.01630032124267755
2023-05-31,Beige_Book,https://www.federalreserve.gov/monetarypolicy/beigebook20230531.htm,XLE,train,0,0.0029025771969934944,0.014160483729449558,0.005358750444832805
2023-05-31,Beige_Book,https://www.federalreserve.gov/monetarypolicy/beigebook20230531.htm,XLF,train,0,0.0012040949806955137,0.005283244778628626,0.0015445880784673571
2023-05-31,Beige_Book,https://www.federalreserve.gov/monetarypolicy/beigebook20230531.htm,XLI,train,2,0.0033021005843600904,0.012877407112342754,0.044494071412673364
2023-05-31,Beige_Book,https://www.federalreserve.gov/monetarypolicy/beigebook20230531.htm,XLK,train,0,0.0006643442720950521,-0.011907748654883532,-0.0032885350581030037
2023-05-31,Beige_Book,https://www.federalreserve.gov/monetarypolicy/beigebook20230531.htm,XLP,train,-2,-0.01032675625379409,-0.012767257529210818,-0.03545461489041046
2023-05-31,Beige_Book,https://www.federalreserve.gov/monetarypolicy/beigebook20230531.htm,XLRE,train,-1,-0.009223816913023652,-0.005305217125922579,-0.00789407406686593
2023-05-31,Beige_Book,https://www.federalreserve.gov/monetarypolicy/beigebook20230531.htm,XLU,train,-2,-0.01689382908694359,-0.014282607702745032,-0.046685717170660945
2023-05-31,Beige_Book,https://www.federalreserve.gov/monetarypolicy/beigebook20230531.htm,XLV,train,-1,-0.0029298280161922374,0.0009553497719020365,-0.021098019627145637
2023-05-31,Beige_Book,https://www.federalreserve.gov/monetarypolicy/beigebook20230531.htm,XLY,train,2,0.0023053625656084265,0.0162220760667523,0.053474222056600795
2023-06-14,FOMC_statement,https://www.federalreserve.gov/newsevents/pressreleases/monetary20230614a.htm,XLB,train,0,-0.0038644791896689235,-0.006351622329287432,0.00124256915057952
2023-06-14,FOMC_statement,https://www.federalreserve.gov/newsevents/pressreleases/monetary20230614a.htm,XLC,train,1,0.003470399140589553,-0.0010769132694430361,0.007806013338417905
2023-06-14,FOMC_statement,https://www.federalreserve.gov/newsevents/pressreleases/monetary20230614a.htm,XLE,train,-1,-0.0014113320562076925,-0.01668070064826377,-0.009435151111793938
2023-06-14,FOMC_statement,https://www.federalreserve.gov/newsevents/pressreleases/monetary20230614a.htm,XLF,train,1,0.000851060762810496,-0.00011313054662021038,0.01061991622289482
2023-06-14,FOMC_statement,https://www.federalreserve.gov/newsevents/pressreleases/monetary20230614a.htm,XLI,train,1,0.002691193508070011,0.0022495730413396586,0.016387219342638537
2023-06-14,FOMC_statement,https://www.federalreserve.gov/newsevents/pressreleases/monetary20230614a.htm,XLK,train,0,0.00047855351195380536,-0.005931157216191196,0.00141182396714723
2023-06-14,FOMC_statement,https://www.federalreserve.gov/newsevents/pressreleases/monetary20230614a.htm,XLP,train,-2,-0.002375968776157533,-0.00018153451858693437,-0.024514611686188736
2023-06-14,FOMC_statement,https://www.federalreserve.gov/newsevents/pressreleases/monetary20230614a.htm,XLRE,train,0,-0.008138758120497913,-0.011346254445687487,-0.0011004598418100642
2023-06-14,FOMC_statement,https://www.federalreserve.gov/newsevents/pressreleases/monetary20230614a.htm,XLU,train,-2,-0.0015245632145184373,0.0007196313463182502,-0.02800085780085404
2023-06-14,FOMC_statement,https://www.federalreserve.gov/newsevents/pressreleases/monetary20230614a.htm,XLV,train,-1,0.003116733035805952,0.01051161175044768,-0.023358933711209784
2023-06-14,FOMC_statement,https://www.federalreserve.gov/newsevents/pressreleases/monetary20230614a.htm,XLY,train,2,-0.005873946231005345,0.008711995552063034,0.02723213511463274
2023-07-12,Beige_Book,https://www.federalreserve.gov/monetarypolicy/beigebook202307.htm,XLB,train,0,-0.00011476675539934256,-0.007854085307714365,-0.0014000987148534705
2023-07-12,Beige_Book,https://www.federalreserve.gov/monetarypolicy/beigebook202307.htm,XLC,train,1,0.006731729603979275,-0.009132583787522797,0.010432267298639886
2023-07-12,Beige_Book,https://www.federalreserve.gov/monetarypolicy/beigebook202307.htm,XLE,train,2,-0.01174720049820177,-0.04297735540043923,0.053887401808922375
2023-07-12,Beige_Book,https://www.federalreserve.gov/monetarypolicy/beigebook202307.htm,XLF,train,1,-0.0044442510845039696,-0.004329158586078519,0.014611068187875165
2023-07-12,Beige_Book,https://www.federalreserve.gov/monetarypolicy/beigebook202307.htm,XLI,train,0,-0.006649987795913415,-0.008661979588421964,-0.00052610130141173
2023-07-12,Beige_Book,https://www.federalreserve.gov/monetarypolicy/beigebook202307.htm,XLK,train,-2,0.005110893174202991,0.0135709830445776,-0.03303320448758218
2023-07-12,Beige_Book,https://www.federalreserve.gov/monetarypolicy/beigebook202307.htm,XLP,train,1,-0.003731487279852397,-0.006165913257641931,0.013185232918152767
2023-07-12,Beige_Book,https://www.federalreserve.gov/monetarypolicy/beigebook202307.htm,XLRE,train,-2,-0.0011886754594097049,-0.012545508280199513,-0.03125559130827382
2023-07-12,Beige_Book,https://www.federalreserve.gov/monetarypolicy/beigebook202307.htm,XLU,train,-2,-0.004497697405550616,-0.022739585522196015,-0.039670431007329254
2023-07-12,Beige_Book,https://www.federalreserve.gov/monetarypolicy/beigebook202307.htm,XLV,train,2,-0.007551372735279838,7.241915810363153e-05,0.03921619040968327
2023-07-12,Beige_Book,https://www.federalreserve.gov/monetarypolicy/beigebook202307.htm,XLY,train,-1,0.001435553731784056,0.005224469023727418,-0.013583274112468069
2023-07-26,FOMC_statement,https://www.federalreserve.gov/newsevents/pressreleases/monetary20230726a.htm,XLB,train,-1,0.00017686376129122383,0.0007271942726413405,-0.014765574685786098
2023-07-26,FOMC_statement,https://www.federalreserve.gov/newsevents/pressreleases/monetary20230726a.htm,XLC,train,1,0.014998178038188592,0.02272271709243756,0.017976862136996785
2023-07-26,FOMC_statement,https://www.federalreserve.gov/newsevents/pressreleases/monetary20230726a.htm,XLE,train,2,0.00024464130057366695,0.010574703247788086,0.0492338289194858
2023-07-26,FOMC_statement,https://www.federalreserve.gov/newsevents/pressreleases/monetary20230726a.htm,XLF,train,-1,-0.006017612006081974,-0.012026069818888097,-0.008692147749749246
2023-07-26,FOMC_statement,https://www.federalreserve.gov/newsevents/pressreleases/monetary20230726a.htm,XLI,train,0,-0.0019728493535250413,-0.0050958299204019175,-0.0025813317340285247
2023-07-26,FOMC_statement,https://www.federalreserve.gov/newsevents/pressreleases/monetary20230726a.htm,XLK,train,-1,0.003733218135671512,0.007957624465076085,-0.010079705336239475
2023-07-26,FOMC_statement,https://www.federalreserve.gov/newsevents/pressreleases/monetary20230726a.htm,XLP,train,-1,-0.0021868175804447,-0.008124640636062774,-0.012041464109484035
2023-07-26,FOMC_statement,https://www.federalreserve.gov/newsevents/pressreleases/monetary20230726a.htm,XLRE,train,-1,-0.01449323739566255,-0.021164595475901993,-0.02373409438616303
2023-07-26,FOMC_statement,https://www.federalreserve.gov/newsevents/pressreleases/monetary20230726a.htm,XLU,train,-2,-0.011060209016114042,-0.024539411457896843,-0.037864801705234985
2023-07-26,FOMC_statement,https://www.federalreserve.gov/newsevents/pressreleases/monetary20230726a.htm,XLV,train,1,-0.0007341834892039545,-0.01715408202826474,0.016506268432513682
2023-07-26,FOMC_statement,https://www.federalreserve.gov/newsevents/pressreleases/monetary20230726a.htm,XLY,train,-1,-0.003739442761221956,0.007192024430328625,-0.010265352183295051
2023-09-06,Beige_Book,https://www.federalreserve.gov/monetarypolicy/beigebook202309.htm,XLB,train,-1,-0.0014368811602822884,-0.004262182472760889,-0.009143413859524996
2023-09-06,Beige_Book,https://www.federalreserve.gov/monetarypolicy/beigebook202309.htm,XLC,train,2,0.0012759282781898973,0.011272480210402391,0.03132237279616268
2023-09-06,Beige_Book,https://www.federalreserve.gov/monetarypolicy/beigebook202309.htm,XLE,train,-1,0.0020839882110045282,-0.009491695229639663,-0.013179154800201265
2023-09-06,Beige_Book,https://www.federalreserve.gov/monetarypolicy/beigebook202309.htm,XLF,train,0,0.0004478148942752558,-0.0009254495854051914,0.004378569406164323
2023-09-06,Beige_Book,https://www.federalreserve.gov/monetarypolicy/beigebook202309.htm,XLI,train,-1,-0.00021575992217337525,-0.013007165715352986,-0.018488740073088206
2023-09-06,Beige_Book,https://www.federalreserve.gov/monetarypolicy/beigebook202309.htm,XLK,train,-1,-0.011390171249188508,-0.012176496258586744,-0.008662194158919112
2023-09-06,Beige_Book,https://www.federalreserve.gov/monetarypolicy/beigebook202309.htm,XLP,train,-1,0.005449655238775386,0.007270921862915114,-0.010403809481525306
2023-09-06,Beige_Book,https://www.federalreserve.gov/monetarypolicy/beigebook202309.htm,XLRE,train,-2,0.011275851697307382,-0.002772142397577615,-0.0341265322920018
2023-09-06,Beige_Book,https://www.federalreserve.gov/monetarypolicy/beigebook202309.htm,XLU,train,-2,0.016172918602753605,0.02098689479321625,-0.034540777382694565
2023-09-06,Beige_Book,https://www.federalreserve.gov/monetarypolicy/beigebook202309.htm,XLV,train,2,0.007558252987502345,0.006366189432855829,0.028554898375694804
2023-09-06,Beige_Book,https://www.federalreserve.gov/monetarypolicy/beigebook202309.htm,XLY,train,0,0.005863474059950025,0.024684217452679014,-0.00413107527415868
2023-09-20,FOMC_statement,https://www.federalreserve.gov/newsevents/pressreleases/monetary20230920a.htm,XLB,train,-1,-0.003581858536879534,0.0013529759877767278,-0.020278625344248513
2023-09-20,FOMC_statement,https://www.federalreserve.gov/newsevents/pressreleases/monetary20230920a.htm,XLC,train,2,0.004201289559921717,0.0034653832980643395,0.037875723678669426
2023-09-20,FOMC_statement,https://www.federalreserve.gov/newsevents/pressreleases/monetary20230920a.htm,XLE,train,2,0.002811278627017133,0.015077685181011824,0.0453086088191792
2023-09-20,FOMC_statement,https://www.federalreserve.gov/newsevents/pressreleases/monetary20230920a.htm,XLF,train,-2,1.6867750510796142e-06,-0.007243185839412636,-0.024864078960453506
2023-09-20,FOMC_statement,https://www.federalreserve.gov/newsevents/pressreleases/monetary20230920a.htm,XLI,train,-1,0.00015723783528143187,-0.00021594468200458738,-0.011727120683626135
2023-09-20,FOMC_statement,https://www.federalreserve.gov/newsevents/pressreleases/monetary20230920a.htm,XLK,train,2,0.0012821742110266099,0.004682568018275379,0.029530713728680658
2023-09-20,FOMC_statement,https://www.federalreserve.gov/newsevents/pressreleases/monetary20230920a.htm,XLP,train,-2,0.003650544080650686,-0.007259009522779136,-0.028038764056371734
2023-09-20,FOMC_statement,https://www.federalreserve.gov/newsevents/pressreleases/monetary20230920a.htm,XLRE,train,-2,-0.018136062370514683,-0.02872303217398864,-0.06127107597623915
2023-09-20,FOMC_statement,https://www.federalreserve.gov/newsevents/pressreleases/monetary20230920a.htm,XLU,train,-2,0.00607261387931024,0.0008015326194548145,-0.058367667666970546
2023-09-20,FOMC_statement,https://www.federalreserve.gov/newsevents/pressreleases/monetary20230920a.htm,XLV,train,0,0.007787565124557694,0.009216065018902153,0.004906599235861786
2023-09-20,FOMC_statement,https://www.federalreserve.gov/newsevents/pressreleases/monetary20230920a.htm,XLY,train,-2,-0.010762300162752036,-0.01641157233837942,-0.05134394682060073
2023-10-18,Beige_Book,https://www.federalreserve.gov/monetarypolicy/beigebook202310.htm,XLB,train,-1,-0.00288362716364321,-0.012088176752315216,-0.006878577281530296
2023-10-18,Beige_Book,https://www.federalreserve.gov/monetarypolicy/beigebook202310.htm,XLC,train,0,0.00774504817747923,0.017793386944794598,-0.0025372941954484585
2023-10-18,Beige_Book,https://www.federalreserve.gov/monetarypolicy/beigebook202310.htm,XLE,train,-2,0.007046699543896806,-0.011883326917686343,-0.1477178027361732
2023-10-18,Beige_Book,https://www.federalreserve.gov/monetarypolicy/beigebook202310.htm,XLF,train,0,-0.004490425914551177,-0.011970709570315763,0.0045080992727776215
2023-10-18,Beige_Book,https://www.federalreserve.gov/monetarypolicy/beigebook202310.htm,XLI,train,0,-0.0004525262101677807,-0.0014196044994720936,-0.003953315130931334
2023-10-18,Beige_Book,https://www.federalreserve.gov/monetarypolicy/beigebook202310.htm,XLK,train,2,0.003062682846718179,0.0013322869866391196,0.04322927755666006
2023-10-18,Beige_Book,https://www.federalreserve.gov/monetarypolicy/beigebook202310.htm,XLP,train,-1,0.0014368417111852994,0.009675409297524196,-0.02338918014558289
2023-10-18,Beige_Book,https://www.federalreserve.gov/monetarypolicy/beigebook202310.htm,XLRE,train,1,-0.015806114805392735,-0.01549852329039303,0.022020503540549963
2023-10-18,Beige_Book,https://www.federalreserve.gov/monetarypolicy/beigebook202310.htm,XLU,train,0,-0.0011746995479144928,-0.0059998164161050305,0.0031515300066556895
2023-10-18,Beige_Book,https://www.federalreserve.gov/monetarypolicy/beigebook202310.htm,XLV,train,-2,-0.0010710330303235205,0.0027364106237730557,-0.05611333089485593
2023-10-18,Beige_Book,https://www.federalreserve.gov/monetarypolicy/beigebook202310.htm,XLY,train,0,-0.016763651140208613,-0.01706715094199418,0.0047521331005851986
2023-11-01,FOMC_statement,https://www.federalreserve.gov/newsevents/pressreleases/monetary20231101a.htm,XLB,train,1,0.0001522571770959935,-0.0004939232409588712,0.008874656367068301
2023-11-01,FOMC_statement,https://www.federalreserve.gov/newsevents/pressreleases/monetary20231101a.htm,XLC,train,-1,-0.005916319372095469,-0.004675521670578275,-0.02008386888003444
2023-11-01,FOMC_statement,https://www.federalreserve.gov/newsevents/pressreleases/monetary20231101a.htm,XLE,train,-2,0.011074490738206322,-0.021705677944456547,-0.08146891668196088
2023-11-01,FOMC_statement,https://www.federalreserve.gov/newsevents/pressreleases/monetary20231101a.htm,XLF,train,1,0.004476970900564092,0.003289855859998414,0.02229747317268449
2023-11-01,FOMC_statement,https://www.federalreserve.gov/newsevents/pressreleases/monetary20231101a.htm,XLI,train,1,0.001407195741784939,-0.0038369802582889356,0.014542957367778553
2023-11-01,FOMC_statement,https://www.federalreserve.gov/newsevents/pressreleases/monetary20231101a.htm,XLK,train,1,-0.0022368445391338643,0.0032119050927175152,0.02209934540663705
2023-11-01,FOMC_statement,https://www.federalreserve.gov/newsevents/pressreleases/monetary20231101a.htm,XLP,train,-2,-0.006183197588692124,-0.014841984197481395,-0.037338228523082995
2023-11-01,FOMC_statement,https://www.federalreserve.gov/newsevents/pressreleases/monetary20231101a.htm,XLRE,train,2,0.011794184868544777,0.010314426587765602,0.05272554417539743
2023-11-01,FOMC_statement,https://www.federalreserve.gov/newsevents/pressreleases/monetary20231101a.htm,XLU,train,-2,-0.00044649012544661915,-0.00860316776960357,-0.03095400517622826
2023-11-01,FOMC_statement,https://www.federalreserve.gov/newsevents/pressreleases/monetary20231101a.htm,XLV,train,-2,-0.0032990186018357903,-0.0030822413830486894,-0.02790961530118019
2023-11-01,FOMC_statement,https://www.federalreserve.gov/newsevents/pressreleases/monetary20231101a.htm,XLY,train,1,0.006942966855775223,0.010818061922222233,0.023618326711868476
2023-11-29,Beige_Book,https://www.federalreserve.gov/monetarypolicy/beigebook202311.htm,XLB,train,0,0.005989166461726647,0.005091270823047278,0.005976372364874694
2023-11-29,Beige_Book,https://www.federalreserve.gov/monetarypolicy/beigebook202311.htm,XLC,train,-1,-0.00977942090206596,-0.01845234793273176,-0.011148226966783858
2023-11-29,Beige_Book,https://www.federalreserve.gov/monetarypolicy/beigebook202311.htm,XLE,train,-2,0.002727979465906305,0.0026762071910773066,-0.040205043766010085
2023-11-29,Beige_Book,https://www.federalreserve.gov/monetarypolicy/beigebook202311.htm,XLF,train,1,0.0073304437207351025,0.013078727839864746,0.01408737772753832
2023-11-29,Beige_Book,https://www.federalreserve.gov/monetarypolicy/beigebook202311.htm,XLI,train,2,0.007017334711159284,0.023793112602388367,0.03088148974765803
2023-11-29,Beige_Book,https://www.federalreserve.gov/monetarypolicy/beigebook202311.htm,XLK,train,0,-0.0024769942114997168,-0.013053332892392078,-0.005974827115428738
2023-11-29,Beige_Book,https://www.federalreserve.gov/monetarypolicy/beigebook202311.htm,XLP,train,-1,0.006068407885714278,0.010774335028277293,-0.011488037872233514
2023-11-29,Beige_Book,https://www.federalreserve.gov/monetarypolicy/beigebook202311.htm,XLRE,train,2,0.0041863248125084684,0.02999516909763711,0.04461767376202086
2023-11-29,Beige_Book,https://www.federalreserve.gov/monetarypolicy/beigebook202311.htm,XLU,train,-2,0.00038321640623650843,0.008050505166264599,-0.02478915957082739
2023-11-29,Beige_Book,https://www.federalreserve.gov/monetarypolicy/beigebook202311.htm,XLV,train,0,0.008632096876435291,0.013822022741987294,0.006441781090549381
2023-11-29,Beige_Book,https://www.federalreserve.gov/monetarypolicy/beigebook202311.htm,XLY,train,1,-0.005357220311990263,0.0038633563355791045,0.00986410634217838
2023-12-13,FOMC_statement,https://www.federalreserve.gov/newsevents/pressreleases/monetary20231213a.htm,XLB,train,-2,0.013338214290246952,0.008332290553798138,-0.024354841782394776
2023-12-13,FOMC_statement,https://www.federalreserve.gov/newsevents/pressreleases/monetary20231213a.htm,XLC,train,1,0.001163650224824453,0.006993779078330653,0.02379723255173649
2023-12-13,FOMC_statement,https://www.federalreserve.gov/newsevents/pressreleases/monetary20231213a.htm,XLE,train,-1,0.026184482659323605,0.025063831230597966,-0.022402636853165014
2023-12-13,FOMC_statement,https://www.federalreserve.gov/newsevents/pressreleases/monetary20231213a.htm,XLF,train,0,0.006737076172301348,0.00023929194987204472,-0.004632898226085924
2023-12-13,FOMC_statement,https://www.federalreserve.gov/newsevents/pressreleases/monetary20231213a.htm,XLI,train,-1,0.009678894655567483,0.004330464253784916,-0.014482181258886118
2023-12-13,FOMC_statement,https://www.federalreserve.gov/newsevents/pressreleases/monetary20231213a.htm,XLK,train,0,-0.005667243904785124,-0.0016222519422748327,-0.0027105956086719285
2023-12-13,FOMC_statement,https://www.federalreserve.gov/newsevents/pressreleases/monetary20231213a.htm,XLP,train,0,-0.017870295285212445,-0.011439376731301576,-0.00428285661539618
2023-12-13,FOMC_statement,https://www.federalreserve.gov/newsevents/pressreleases/monetary20231213a.htm,XLRE,train,0,0.024455727689386864,0.005621370273302784,-0.004491000751908225
2023-12-13,FOMC_statement,https://www.federalreserve.gov/newsevents/pressreleases/monetary20231213a.htm,XLU,train,-2,-0.016247504653597367,-0.039840475846694146,-0.05517338143018491
2023-12-13,FOMC_statement,https://www.federalreserve.gov/newsevents/pressreleases/monetary20231213a.htm,XLV,train,1,-0.008063372064005758,-0.018908971397897267,0.01810707099049469
2023-12-13,FOMC_statement,https://www.federalreserve.gov/newsevents/pressreleases/monetary20231213a.htm,XLY,train,-2,0.010220704166628014,0.01451582946630614,-0.02645385598162453
2024-01-17,Beige_Book,https://www.federalreserve.gov/monetarypolicy/beigebook202401-summary.htm,XLB,train,-2,-0.005717465933990917,-0.016405441665045206,-0.026447683694810875
2024-01-17,Beige_Book,https://www.federalreserve.gov/monetarypolicy/beigebook202401-summary.htm,XLC,train,2,0.0033090915462354875,0.004277975047305427,0.03515828423360268
2024-01-17,Beige_Book,https://www.federalreserve.gov/monetarypolicy/beigebook202401-summary.htm,XLE,train,1,-0.010516673457156234,-0.018101456796199455,0.006998756522852534
2024-01-17,Beige_Book,https://www.federalreserve.gov/monetarypolicy/beigebook202401-summary.htm,XLF,train,0,-0.007283021201904161,-0.0010449931012495028,0.003917307497580347
2024-01-17,Beige_Book,https://www.federalreserve.gov/monetarypolicy/beigebook202401-summary.htm,XLI,train,1,0.004624665161499175,0.0043149416041554645,0.01343275953222789
2024-01-17,Beige_Book,https://www.federalreserve.gov/monetarypolicy/beigebook202401-summary.htm,XLK,train,0,0.011392164465470644,0.024258126541500946,0.003770945305497597
2024-01-17,Beige_Book,https://www.federalreserve.gov/monetarypolicy/beigebook202401-summary.htm,XLP,train,-2,-0.010136687366823383,-0.03248119745141054,-0.04977336140421729
2024-01-17,Beige_Book,https://www.federalreserve.gov/monetarypolicy/beigebook202401-summary.htm,XLRE,train,-2,-0.015372817538675143,-0.015649153480240763,-0.05586611050147128
2024-01-17,Beige_Book,https://www.federalreserve.gov/monetarypolicy/beigebook202401-summary.htm,XLU,train,-2,-0.01958608543147533,-0.04056032692124589,-0.06720552772734156
2024-01-17,Beige_Book,https://www.federalreserve.gov/monetarypolicy/beigebook202401-summary.htm,XLV,train,-1,-0.009035945251221311,-0.01866851892911836,-0.020914864881165784
2024-01-17,Beige_Book,https://www.federalreserve.gov/monetarypolicy/beigebook202401-summary.htm,XLY,train,-1,-0.0032027315447631377,-0.012545291772047329,-0.015803715526304773
2024-01-31,FOMC_statement,https://www.federalreserve.gov/newsevents/pressreleases/monetary20240131a.htm,XLB,train,1,0.003576515249074763,-0.034566090103719915,0.007896038395942995
2024-01-31,FOMC_statement,https://www.federalreserve.gov/newsevents/pressreleases/monetary20240131a.htm,XLC,train,0,-0.002808758901888808,0.0164370480263214,-0.006049333409057667
2024-01-31,FOMC_statement,https://www.federalreserve.gov/newsevents/pressreleases/monetary20240131a.htm,XLE,train,-1,-0.013208240215437983,-0.021169950244505853,-0.016118206451181782
2024-01-31,FOMC_statement,https://www.federalreserve.gov/newsevents/pressreleases/monetary20240131a.htm,XLF,train,-1,-0.011540225226046585,-0.020205005472669235,-0.021682973478238443
2024-01-31,FOMC_statement,https://www.federalreserve.gov/newsevents/pressreleases/monetary20240131a.htm,XLI,train,1,0.00391947926625269,-0.0017106769858292736,0.013393912590362156
2024-01-31,FOMC_statement,https://www.federalreserve.gov/newsevents/pressreleases/monetary20240131a.htm,XLK,train,0,-0.0004923006886734527,0.005237449779846193,0.004630290173163076
2024-01-31,FOMC_statement,https://www.federalreserve.gov/newsevents/pressreleases/monetary20240131a.htm,XLP,train,-2,0.007344996808676951,-0.008968157946025124,-0.03951374205230129
2024-01-31,FOMC_statement,https://www.federalreserve.gov/newsevents/pressreleases/monetary20240131a.htm,XLRE,train,-1,0.004483145267559996,-0.03486957492346854,-0.023195648289037862
2024-01-31,FOMC_statement,https://www.federalreserve.gov/newsevents/pressreleases/monetary20240131a.htm,XLU,train,-2,0.005951681213698601,-0.03979605590661961,-0.05498989041264468
2024-01-31,FOMC_statement,https://www.federalreserve.gov/newsevents/pressreleases/monetary20240131a.htm,XLV,train,-1,-0.00012350727785759297,-0.005387610661302444,-0.018825752213622593
2024-01-31,FOMC_statement,https://www.federalreserve.gov/newsevents/pressreleases/monetary20240131a.htm,XLY,train,1,0.0061605592780906715,0.0030277846385927676,0.019602863414355465
2024-03-06,Beige_Book,https://www.federalreserve.gov/monetarypolicy/beigebook202402-summary.htm,XLB,train,2,0.002350956783181646,0.014730896688954553,0.02765596416800009
2024-03-06,Beige_Book,https://www.federalreserve.gov/monetarypolicy/beigebook202402-summary.htm,XLC,train,2,0.006264156232506313,0.009736187265993346,0.03372861772055358
2024-03-06,Beige_Book,https://www.federalreserve.gov/monetarypolicy/beigebook202402-summary.htm,XLE,train,2,-0.001432369383642218,0.019279216073933902,0.10688190285407506
2024-03-06,Beige_Book,https://www.federalreserve.gov/monetarypolicy/beigebook202402-summary.htm,XLF,train,1,-0.011403756406177301,-0.0010923238133753177,0.0072146371149416355
2024-03-06,Beige_Book,https://www.federalreserve.gov/monetarypolicy/beigebook202402-summary.htm,XLI,train,1,-0.0018666096777513186,-0.0023584970916197268,0.016255210084254568
2024-03-06,Beige_Book,https://www.federalreserve.gov/monetarypolicy/beigebook202402-summary.htm,XLK,train,-1,0.005854633816192223,-0.004903074858375711,-0.021439041893278055
2024-03-06,Beige_Book,https://www.federalreserve.gov/monetarypolicy/beigebook202402-summary.htm,XLP,train,-2,-0.0042182750390997725,0.00017928434127123527,-0.02611281934991716
2024-03-06,Beige_Book,https://www.federalreserve.gov/monetarypolicy/beigebook202402-summary.htm,XLRE,train,-2,-0.009926452199480407,0.003795776648952476,-0.04653189687928505
2024-03-06,Beige_Book,https://www.federalreserve.gov/monetarypolicy/beigebook202402-summary.htm,XLU,train,1,-0.0034371660638123913,0.010960756572864438,0.0193809576284103
2024-03-06,Beige_Book,https://www.federalreserve.gov/monetarypolicy/beigebook202402-summary.htm,XLV,train,-2,-0.005269838510483016,-0.0007944352991047232,-0.03569967311651845
2024-03-06,Beige_Book,https://www.federalreserve.gov/monetarypolicy/beigebook202402-summary.htm,XLY,train,-1,-0.00229872954951027,-0.0018561172381278412,-0.021853711912592222
2024-03-20,FOMC_statement,https://www.federalreserve.gov/newsevents/pressreleases/monetary20240320a.htm,XLB,train,1,0.0008455589399596342,-0.000367188893290904,0.0211304479077129
2024-03-20,FOMC_statement,https://www.federalreserve.gov/newsevents/pressreleases/monetary20240320a.htm,XLC,train,1,-0.002937468614253813,0.00038107622607630454,0.0232577481370575
2024-03-20,FOMC_statement,https://www.federalreserve.gov/newsevents/pressreleases/monetary20240320a.htm,XLE,train,2,0.0026703554733169543,0.014476638043914858,0.08130634600352993
2024-03-20,FOMC_statement,https://www.federalreserve.gov/newsevents/pressreleases/monetary20240320a.htm,XLF,train,1,0.004876564214609358,-0.0057839370121450795,0.0212800606193716
2024-03-20,FOMC_statement,https://www.federalreserve.gov/newsevents/pressreleases/monetary20240320a.htm,XLI,train,1,0.0065819463621408225,0.0013490445601163081,0.017720813791542445
2024-03-20,FOMC_statement,https://www.federalreserve.gov/newsevents/pressreleases/monetary20240320a.htm,XLK,train,-2,-0.002589285048198775,-0.004218903542443808,-0.034742633172531234
2024-03-20,FOMC_statement,https://www.federalreserve.gov/newsevents/pressreleases/monetary20240320a.htm,XLP,train,2,-0.002778069650439363,-0.005763528304501775,0.02934652535007931
2024-03-20,FOMC_statement,https://www.federalreserve.gov/newsevents/pressreleases/monetary20240320a.htm,XLRE,train,-2,0.0005485204819484224,-0.010447624866366856,-0.030178911606642767
2024-03-20,FOMC_statement,https://www.federalreserve.gov/newsevents/pressreleases/monetary20240320a.htm,XLU,train,2,-0.004870213112625921,0.005897461941073878,0.0746997690490967
2024-03-20,FOMC_statement,https://www.federalreserve.gov/newsevents/pressreleases/monetary20240320a.htm,XLV,train,0,-0.0019983226503215157,-8.798945896271171e-05,0.004252030034092247
2024-03-20,FOMC_statement,https://www.federalreserve.gov/newsevents/pressreleases/monetary20240320a.htm,XLY,train,-2,0.0025340016504715734,-0.0048252242758132224,-0.026240778239391527
2024-04-17,Beige_Book,https://www.federalreserve.gov/monetarypolicy/beigebook202404-summary.htm,XLB,train,-2,0.002394667161033981,0.0021393800866149615,-0.028483832796133757
2024-04-17,Beige_Book,https://www.federalreserve.gov/monetarypolicy/beigebook202404-summary.htm,XLC,train,-1,0.006935249100467722,-0.0031134053182244603,-0.022701197549439334
2024-04-17,Beige_Book,https://www.federalreserve.gov/monetarypolicy/beigebook202404-summary.htm,XLE,train,-2,-0.0010232256091396996,0.01706620657011837,-0.05949524982636745
2024-04-17,Beige_Book,https://www.federalreserve.gov/monetarypolicy/beigebook202404-summary.htm,XLF,train,0,0.00558518071632208,0.031047752062166034,0.005974865200808033
2024-04-17,Beige_Book,https://www.federalreserve.gov/monetarypolicy/beigebook202404-summary.htm,XLI,train,-1,-0.0014103370942148974,0.003839757056960824,-0.021668003060494212
2024-04-17,Beige_Book,https://www.federalreserve.gov/monetarypolicy/beigebook202404-summary.htm,XLK,train,1,-0.009357889302437417,-0.02150735303709639,0.011773656719059833
2024-04-17,Beige_Book,https://www.federalreserve.gov/monetarypolicy/beigebook202404-summary.htm,XLP,train,1,0.006691204507212056,0.02551514988308845,0.011294678966544125
2024-04-17,Beige_Book,https://www.federalreserve.gov/monetarypolicy/beigebook202404-summary.htm,XLRE,train,2,0.0023376991341286235,0.013856344364692075,0.027112084476336284
2024-04-17,Beige_Book,https://www.federalreserve.gov/monetarypolicy/beigebook202404-summary.htm,XLU,train,2,0.007675794271541525,0.031728207664508346,0.06594960122314864
2024-04-17,Beige_Book,https://www.federalreserve.gov/monetarypolicy/beigebook202404-summary.htm,XLV,train,0,0.001985342582906391,0.009075338851403658,-0.0015987716458317758
2024-04-17,Beige_Book,https://www.federalreserve.gov/monetarypolicy/beigebook202404-summary.htm,XLY,train,-1,-0.00415146377940101,-0.00897275360969707,-0.02305249333812398
2024-05-01,FOMC_statement,https://www.federalreserve.gov/newsevents/pressreleases/monetary20240501a.htm,XLB,train,-2,-0.01451693699135459,-0.021052834784445307,-0.025368370278578523
2024-05-01,FOMC_statement,https://www.federalreserve.gov/newsevents/pressreleases/monetary20240501a.htm,XLC,train,0,0.0007000207591285612,0.002150634399993079,0.005307861507390821
2024-05-01,FOMC_statement,https://www.federalreserve.gov/newsevents/pressreleases/monetary20240501a.htm,XLE,train,-2,-0.0035944943093002557,-0.01832247718697011,-0.039344919107997645
2024-05-01,FOMC_statement,https://www.federalreserve.gov/newsevents/pressreleases/monetary20240501a.htm,XLF,train,-1,-0.006875764438716514,-0.014549547519095984,-0.021127549646000054
2024-05-01,FOMC_statement,https://www.federalreserve.gov/newsevents/pressreleases/monetary20240501a.htm,XLI,train,-2,-0.0035788392540259117,-0.009228832289924549,-0.03374692786208111
2024-05-01,FOMC_statement,https://www.federalreserve.gov/newsevents/pressreleases/monetary20240501a.htm,XLK,train,2,0.0050603330525336165,0.02194792234192544,0.026965023529121224
2024-05-01,FOMC_statement,https://www.federalreserve.gov/newsevents/pressreleases/monetary20240501a.htm,XLP,train,-1,-0.0009556535158428137,-0.020110392637805674,-0.02199302292433558
2024-05-01,FOMC_statement,https://www.federalreserve.gov/newsevents/pressreleases/monetary20240501a.htm,XLRE,train,0,0.005007170266621008,-0.009549393887261726,-0.002119416149613751
2024-05-01,FOMC_statement,https://www.federalreserve.gov/newsevents/pressreleases/monetary20240501a.htm,XLU,train,1,-0.0040209833927389305,-0.013670573046628887,0.022369108021543016
2024-05-01,FOMC_statement,https://www.federalreserve.gov/newsevents/pressreleases/monetary20240501a.htm,XLV,train,-2,-0.01006493922044882,-0.026248085177744906,-0.03057564452874406
2024-05-01,FOMC_statement,https://www.federalreserve.gov/newsevents/pressreleases/monetary20240501a.htm,XLY,train,-2,0.0032526551661604675,-0.0020560775719518087,-0.044126849615008235
2024-05-29,Beige_Book,https://www.federalreserve.gov/monetarypolicy/beigebook202405-summary.htm,XLB,train,-2,0.014771006980535017,0.01099988845681954,-0.04786043903174453
2024-05-29,Beige_Book,https://www.federalreserve.gov/monetarypolicy/beigebook202405-summary.htm,XLC,train,0,0.003366702856559489,0.008088942987970582,0.0014968985579444372
2024-05-29,Beige_Book,https://www.federalreserve.gov/monetarypolicy/beigebook202405-summary.htm,XLE,train,-1,0.009501177730998456,-0.001751046364276032,-0.022702453513999465
2024-05-29,Beige_Book,https://www.federalreserve.gov/monetarypolicy/beigebook202405-summary.htm,XLF,train,-2,0.012023413533777005,0.010475984140358219,-0.02586119278403365
2024-05-29,Beige_Book,https://www.federalreserve.gov/monetarypolicy/beigebook202405-summary.htm,XLI,train,-2,0.0134820044170757,0.003460906636818306,-0.027872285325162838
2024-05-29,Beige_Book,https://www.federalreserve.gov/monetarypolicy/beigebook202405-summary.htm,XLK,train,1,-0.01618559082908244,-0.022014507099171743,0.018227881363479637
2024-05-29,Beige_Book,https://www.federalreserve.gov/monetarypolicy/beigebook202405-summary.htm,XLP,train,-1,0.009267247218550101,0.01458260332252359,-0.021150061270229448
2024-05-29,Beige_Book,https://www.federalreserve.gov/monetarypolicy/beigebook202405-summary.htm,XLRE,train,1,0.021043823504465986,0.02701180178114415,0.016810858384520455
2024-05-29,Beige_Book,https://www.federalreserve.gov/monetarypolicy/beigebook202405-summary.htm,XLU,train,-2,0.020106923093976437,0.016402146628681114,-0.06259646859540824
2024-05-29,Beige_Book,https://www.federalreserve.gov/monetarypolicy/beigebook202405-summary.htm,XLV,train,0,0.00712823914598848,0.01884880821217283,-0.004034146673846606
2024-05-29,Beige_Book,https://www.federalreserve.gov/monetarypolicy/beigebook202405-summary.htm,XLY,train,1,0.012554615089568899,0.0077767306390506,0.012778157989154937
2024-06-12,FOMC_statement,https://www.federalreserve.gov/newsevents/pressreleases/monetary20240612a.htm,XLB,train,-2,-0.0023473206909411237,-0.012738917337208111,-0.029884087074657173
2024-06-12,FOMC_statement,https://www.federalreserve.gov/newsevents/pressreleases/monetary20240612a.htm,XLC,train,-1,-0.010643242991680069,-0.011236352888596812,-0.013038969370915976
2024-06-12,FOMC_statement,https://www.federalreserve.gov/newsevents/pressreleases/monetary20240612a.htm,XLE,train,0,-0.01117361862670696,-0.024569180123166667,-0.004874486772531106
2024-06-12,FOMC_statement,https://www.federalreserve.gov/newsevents/pressreleases/monetary20240612a.htm,XLF,train,1,-0.002748687035693531,-0.005647712408188732,0.016647491975380513
2024-06-12,FOMC_statement,https://www.federalreserve.gov/newsevents/pressreleases/monetary20240612a.htm,XLI,train,-1,-0.008427461939946368,-0.015984629650749094,-0.0208324909625488
2024-06-12,FOMC_statement,https://www.federalreserve.gov/newsevents/pressreleases/monetary20240612a.htm,XLK,train,0,0.005896473524994228,0.016230064223888396,0.003022039837142221
2024-06-12,FOMC_statement,https://www.federalreserve.gov/newsevents/pressreleases/monetary20240612a.htm,XLP,train,-2,-0.000709862977667397,0.002032362119234632,-0.028410059275009947
2024-06-12,FOMC_statement,https://www.federalreserve.gov/newsevents/pressreleases/monetary20240612a.htm,XLRE,train,1,0.002945943454986777,-0.01003282821921947,0.017952747504389244
2024-06-12,FOMC_statement,https://www.federalreserve.gov/newsevents/pressreleases/monetary20240612a.htm,XLU,train,-2,0.00027396109633737176,-0.021727558157251692,-0.03709659234645246
2024-06-12,FOMC_statement,https://www.federalreserve.gov/newsevents/pressreleases/monetary20240612a.htm,XLV,train,-2,-0.0028351028352415764,-0.012773260532182529,-0.024314680239118758
2024-06-12,FOMC_statement,https://www.federalreserve.gov/newsevents/pressreleases/monetary20240612a.htm,XLY,train,2,-0.0012339495999971195,-0.00014917768857491964,0.025894132763728983
2024-07-17,Beige_Book,https://www.federalreserve.gov/monetarypolicy/beigebook202407-summary.htm,XLB,test,-1,-0.002224907159988243,-0.01147382890261539,-0.00874459464363242
2024-07-17,Beige_Book,https://www.federalreserve.gov/monetarypolicy/beigebook202407-summary.htm,XLC,test,1,0.00710017479778613,0.003215956001484943,0.012185079638000751
2024-07-17,Beige_Book,https://www.federalreserve.gov/monetarypolicy/beigebook202407-summary.htm,XLE,test,-1,0.00950822613680058,-0.011361900941278646,-0.021908995090075378
2024-07-17,Beige_Book,https://www.federalreserve.gov/monetarypolicy/beigebook202407-summary.htm,XLF,test,0,-0.004410027959820262,-0.012642324825495321,-0.0017173581242054814
2024-07-17,Beige_Book,https://www.federalreserve.gov/monetarypolicy/beigebook202407-summary.htm,XLI,test,1,-0.00013831047261347873,0.0008677372059197053,0.011446695668159035
2024-07-17,Beige_Book,https://www.federalreserve.gov/monetarypolicy/beigebook202407-summary.htm,XLK,test,0,0.007773967294811057,0.012140676640460923,-0.0037537640289924123
2024-07-17,Beige_Book,https://www.federalreserve.gov/monetarypolicy/beigebook202407-summary.htm,XLP,test,2,0.002731805094958184,-0.0036156048778923644,0.02508127782583336
2024-07-17,Beige_Book,https://www.federalreserve.gov/monetarypolicy/beigebook202407-summary.htm,XLRE,test,2,-0.000628106502031156,0.004343980677612547,0.03003236998673009
2024-07-17,Beige_Book,https://www.federalreserve.gov/monetarypolicy/beigebook202407-summary.htm,XLU,test,2,0.00682887659120035,0.012714416846599574,0.06144042679135686
2024-07-17,Beige_Book,https://www.federalreserve.gov/monetarypolicy/beigebook202407-summary.htm,XLV,test,1,-0.01503358337668148,-0.007856324878819265,0.020568819417692175
2024-07-17,Beige_Book,https://www.federalreserve.gov/monetarypolicy/beigebook202407-summary.htm,XLY,test,-2,-0.002500713041841851,-0.0040663970854236675,-0.03766977721826714
2024-07-31,FOMC_statement,https://www.federalreserve.gov/newsevents/pressreleases/monetary20240731a.htm,XLB,test,0,0.010145382758879551,0.016712588574676612,-0.0019518192195977502
2024-07-31,FOMC_statement,https://www.federalreserve.gov/newsevents/pressreleases/monetary20240731a.htm,XLC,test,0,0.018240644549599727,0.02105419112341722,-0.0028760904234206297
2024-07-31,FOMC_statement,https://www.federalreserve.gov/newsevents/pressreleases/monetary20240731a.htm,XLE,test,-2,-0.012338662220927388,-0.012443154099079257,-0.0377168712276571
2024-07-31,FOMC_statement,https://www.federalreserve.gov/newsevents/pressreleases/monetary20240731a.htm,XLF,test,1,-1.3708324235417457e-05,-0.005860165350623281,0.021607488582478518
2024-07-31,FOMC_statement,https://www.federalreserve.gov/newsevents/pressreleases/monetary20240731a.htm,XLI,test,0,-0.004374996502532813,0.00401815338147582,0.0032474263803233816
2024-07-31,FOMC_statement,https://www.federalreserve.gov/newsevents/pressreleases/monetary20240731a.htm,XLK,test,-1,-0.023133424713870254,-0.036809900892488145,-0.01701745229065299
2024-07-31,FOMC_statement,https://www.federalreserve.gov/newsevents/pressreleases/monetary20240731a.htm,XLP,test,2,0.023409441659854258,0.06025155723743936,0.03566600724363134
2024-07-31,FOMC_statement,https://www.federalreserve.gov/newsevents/pressreleases/monetary20240731a.htm,XLRE,test,2,0.029698587549442657,0.04925201091321996,0.03209130724531872
2024-07-31,FOMC_statement,https://www.federalreserve.gov/newsevents/pressreleases/monetary20240731a.htm,XLU,test,2,0.03215808505486484,0.05511149057767473,0.025097353593041438
2024-07-31,FOMC_statement,https://www.federalreserve.gov/newsevents/pressreleases/monetary20240731a.htm,XLV,test,2,0.024386112523829606,0.04343009016869026,0.028251133353680347
2024-07-31,FOMC_statement,https://www.federalreserve.gov/newsevents/pressreleases/monetary20240731a.htm,XLY,test,-2,-0.010373900069914233,-0.0276995129906914,-0.028767746185815235
2024-09-04,Beige_Book,https://www.federalreserve.gov/monetarypolicy/beigebook202408-summary.htm,XLB,test,0,-0.005414366101173074,-0.0027337161760182527,0.003224353399197466
2024-09-04,Beige_Book,https://www.federalreserve.gov/monetarypolicy/beigebook202408-summary.htm,XLC,test,1,0.00536257441945498,-0.005626968107295016,0.022134615457577667
2024-09-04,Beige_Book,https://www.federalreserve.gov/monetarypolicy/beigebook202408-summary.htm,XLE,test,2,-0.005314674617073578,-0.004986611881465541,0.026662726584778196
2024-09-04,Beige_Book,https://www.federalreserve.gov/monetarypolicy/beigebook202408-summary.htm,XLF,test,-2,-0.008569095662383064,-0.002716223258771522,-0.0419175515129675
2024-09-04,Beige_Book,https://www.federalreserve.gov/monetarypolicy/beigebook202408-summary.htm,XLI,test,1,-0.009224656003015697,0.001597124717671372,0.014853458096295902
2024-09-04,Beige_Book,https://www.federalreserve.gov/monetarypolicy/beigebook202408-summary.htm,XLK,test,2,0.0009059909033365399,-0.003018312656895339,0.031016237182458495
2024-09-04,Beige_Book,https://www.federalreserve.gov/monetarypolicy/beigebook202408-summary.htm,XLP,test,-2,-0.001401149288689174,0.009900469359152009,-0.05581813918873357
2024-09-04,Beige_Book,https://www.federalreserve.gov/monetarypolicy/beigebook202408-summary.htm,XLRE,test,-2,-0.00031081261789689396,0.01724178930814202,-0.024872835403908722
2024-09-04,Beige_Book,https://www.federalreserve.gov/monetarypolicy/beigebook202408-summary.htm,XLU,test,2,-4.075529446889714e-05,0.006211652572766457,0.03210064554747172
2024-09-04,Beige_Book,https://www.federalreserve.gov/monetarypolicy/beigebook202408-summary.htm,XLV,test,-2,-0.011294568972035623,-0.0020760644155579655,-0.06282945478830648
2024-09-04,Beige_Book,https://www.federalreserve.gov/monetarypolicy/beigebook202408-summary.htm,XLY,test,2,0.013781547495139712,0.008722447361107943,0.024962906480381686
2024-09-18,FOMC_statement,https://www.federalreserve.gov/newsevents/pressreleases/monetary20240918a.htm,XLB,test,0,-0.001956660501851726,-0.0010643821126772313,0.006047357472325099
2024-09-18,FOMC_statement,https://www.federalreserve.gov/newsevents/pressreleases/monetary20240918a.htm,XLC,test,0,-0.0034969769109964854,-0.0020220791891663037,-0.004719458522476128
2024-09-18,FOMC_statement,https://www.federalreserve.gov/newsevents/pressreleases/monetary20240918a.htm,XLE,test,0,-0.005120385915903247,0.004208715369268257,0.0008897159718337377
2024-09-18,FOMC_statement,https://www.federalreserve.gov/newsevents/pressreleases/monetary20240918a.htm,XLF,test,1,-0.005999920448526153,-0.008635704816510215,0.016364165072027315
2024-09-18,FOMC_statement,https://www.federalreserve.gov/newsevents/pressreleases/monetary20240918a.htm,XLI,test,1,0.00015217176953052913,-0.0009148972173761427,0.015403860554152993
2024-09-18,FOMC_statement,https://www.federalreserve.gov/newsevents/pressreleases/monetary20240918a.htm,XLK,test,1,0.012635770289347592,0.0068065699182568995,0.02103171651897695
2024-09-18,FOMC_statement,https://www.federalreserve.gov/newsevents/pressreleases/monetary20240918a.htm,XLP,test,-2,-0.02295791345250786,-0.01309039497162734,-0.04763517217792357
2024-09-18,FOMC_statement,https://www.federalreserve.gov/newsevents/pressreleases/monetary20240918a.htm,XLRE,test,-2,-0.019515897639647894,-0.011007079748220905,-0.04248095880889624
2024-09-18,FOMC_statement,https://www.federalreserve.gov/newsevents/pressreleases/monetary20240918a.htm,XLU,test,0,-0.022925750354870655,0.01262688480055274,0.005345494594140465
2024-09-18,FOMC_statement,https://www.federalreserve.gov/newsevents/pressreleases/monetary20240918a.htm,XLV,test,-2,-0.013460151229808925,-0.020293672567879506,-0.05536490405453398
2024-09-18,FOMC_statement,https://www.federalreserve.gov/newsevents/pressreleases/monetary20240918a.htm,XLY,test,0,0.005711156180561394,0.014809083589201189,-0.006713677526174244
2024-10-23,Beige_Book,https://www.federalreserve.gov/monetarypolicy/beigebook202410-summary.htm,XLB,test,-2,-0.01438478390862119,-0.015174584950786829,-0.04959138297207233
2024-10-23,Beige_Book,https://www.federalreserve.gov/monetarypolicy/beigebook202410-summary.htm,XLC,test,2,0.0012698277318905493,0.007446042030206046,0.045771268300467294
2024-10-23,Beige_Book,https://www.federalreserve.gov/monetarypolicy/beigebook202410-summary.htm,XLE,test,2,-0.002274086887111171,-0.011703713928809312,0.05204578898978962
2024-10-23,Beige_Book,https://www.federalreserve.gov/monetarypolicy/beigebook202410-summary.htm,XLF,test,2,-0.0013137653883656952,-0.0026499283065232193,0.03791305876805329
2024-10-23,Beige_Book,https://www.federalreserve.gov/monetarypolicy/beigebook202410-summary.htm,XLI,test,0,-0.00903927475718258,-0.011482765486066415,0.0026007957999867326
2024-10-23,Beige_Book,https://www.federalreserve.gov/monetarypolicy/beigebook202410-summary.htm,XLK,test,0,0.0007702638940187967,0.002914544964706889,-0.003805109739106305
2024-10-23,Beige_Book,https://www.federalreserve.gov/monetarypolicy/beigebook202410-summary.htm,XLP,test,-2,-0.0035066787719365555,-0.01272144557332422,-0.03639131658657324
2024-10-23,Beige_Book,https://www.federalreserve.gov/monetarypolicy/beigebook202410-summary.htm,XLRE,test,-2,9.330397471574159e-05,-0.007355159505072262,-0.03895585351519981
2024-10-23,Beige_Book,https://www.federalreserve.gov/monetarypolicy/beigebook202410-summary.htm,XLU,test,-2,-0.00861678541760258,-0.0183553478240579,-0.02882637284530276
2024-10-23,Beige_Book,https://www.federalreserve.gov/monetarypolicy/beigebook202410-summary.htm,XLV,test,-2,-0.008745001270466624,-0.015498796097055623,-0.07008598890855511
2024-10-23,Beige_Book,https://www.federalreserve.gov/monetarypolicy/beigebook202410-summary.htm,XLY,test,2,0.029373885044093884,0.03211551393048695,0.07705138149115276
2024-11-07,FOMC_statement,https://www.federalreserve.gov/newsevents/pressreleases/monetary20241107a.htm,XLB,test,-2,-0.013456972472592588,-0.0326537777720558,-0.05154466599247609
2024-11-07,FOMC_statement,https://www.federalreserve.gov/newsevents/pressreleases/monetary20241107a.htm,XLC,test,1,-0.009194931038767673,0.0031224579529128826,0.0071686131513104545
2024-11-07,FOMC_statement,https://www.federalreserve.gov/newsevents/pressreleases/monetary20241107a.htm,XLE,test,-2,0.0023255652066545007,0.004829285903589886,-0.038915325016356084
2024-11-07,FOMC_statement,https://www.federalreserve.gov/newsevents/pressreleases/monetary20241107a.htm,XLF,test,0,0.004693888288756387,0.018071524033823616,0.004697485126452627
2024-11-07,FOMC_statement,https://www.federalreserve.gov/newsevents/pressreleases/monetary20241107a.htm,XLI,test,-1,0.006409252840897217,0.007714630950062307,-0.023530535283429965
2024-11-07,FOMC_statement,https://www.federalreserve.gov/newsevents/pressreleases/monetary20241107a.htm,XLK,test,-1,-0.005426917720361968,-0.007525008944652467,-0.0067461278366367505
2024-11-07,FOMC_statement,https://www.federalreserve.gov/newsevents/pressreleases/monetary20241107a.htm,XLP,test,1,0.007815940590806258,0.0076225110175554,0.014611084655989814
2024-11-07,FOMC_statement,https://www.federalreserve.gov/newsevents/pressreleases/monetary20241107a.htm,XLRE,test,0,0.012809862455520404,-0.006325484194081743,0.0012241025190944388
2024-11-07,FOMC_statement,https://www.federalreserve.gov/newsevents/pressreleases/monetary20241107a.htm,XLU,test,0,0.014846815112398604,0.008317957882415072,-0.0014040886129051966
2024-11-07,FOMC_statement,https://www.federalreserve.gov/newsevents/pressreleases/monetary20241107a.htm,XLV,test,-2,0.002844201670678892,-0.014793408220275306,-0.044651646164136416
2024-11-07,FOMC_statement,https://www.federalreserve.gov/newsevents/pressreleases/monetary20241107a.htm,XLY,test,2,0.009858890105584495,0.01883645434632475,0.07572776780199253
2024-12-04,Beige_Book,https://www.federalreserve.gov/monetarypolicy/beigebook202411-summary.htm,XLB,test,-2,-0.011509439866874693,-0.012374627407674033,-0.08771533345316052
2024-12-04,Beige_Book,https://www.federalreserve.gov/monetarypolicy/beigebook202411-summary.htm,XLC,test,1,-0.0006487296309697355,-0.009497584145199411,0.007042499800781199
2024-12-04,Beige_Book,https://www.federalreserve.gov/monetarypolicy/beigebook202411-summary.htm,XLE,test,-2,0.005548937371275153,-0.009801390536751442,-0.03175154044217676
2024-12-04,Beige_Book,https://www.federalreserve.gov/monetarypolicy/beigebook202411-summary.htm,XLF,test,-1,0.004630154696803945,-0.006004551268896763,-0.015551130991088735
2024-12-04,Beige_Book,https://www.federalreserve.gov/monetarypolicy/beigebook202411-summary.htm,XLI,test,-2,-0.010481916019344228,-0.018462005210422183,-0.05230243277723923
2024-12-04,Beige_Book,https://www.federalreserve.gov/monetarypolicy/beigebook202411-summary.htm,XLK,test,1,-0.003413869406364789,-0.0028022503461001547,0.009403238554132387
2024-12-04,Beige_Book,https://www.federalreserve.gov/monetarypolicy/beigebook202411-summary.htm,XLP,test,-2,0.00564753830474074,0.0023713591725578187,-0.03774923463853552
2024-12-04,Beige_Book,https://www.federalreserve.gov/monetarypolicy/beigebook202411-summary.htm,XLRE,test,-2,-0.0008577636991228266,0.0030836413624871772,-0.058481649084328846
2024-12-04,Beige_Book,https://www.federalreserve.gov/monetarypolicy/beigebook202411-summary.htm,XLU,test,-2,0.0047536666645484615,-0.01693397175056144,-0.028605857839278936
2024-12-04,Beige_Book,https://www.federalreserve.gov/monetarypolicy/beigebook202411-summary.htm,XLV,test,-2,-0.009530492544460367,-0.00901678389356697,-0.03266132642608466
2024-12-04,Beige_Book,https://www.federalreserve.gov/monetarypolicy/beigebook202411-summary.htm,XLY,test,1,0.00982593755410277,0.03095399570131574,0.023277903780147158
2024-12-18,FOMC_statement,https://www.federalreserve.gov/newsevents/pressreleases/monetary20241218a.htm,XLB,test,0,-0.010459658682947848,-0.01681250956885083,0.00593133440430571
2024-12-18,FOMC_statement,https://www.federalreserve.gov/newsevents/pressreleases/monetary20241218a.htm,XLC,test,-1,-0.002456362120056177,-0.009550640952287193,-0.018921990447574366
2024-12-18,FOMC_statement,https://www.federalreserve.gov/newsevents/pressreleases/monetary20241218a.htm,XLE,test,2,-0.008378522757064522,-0.010663729739758265,0.05935918416430208
2024-12-18,FOMC_statement,https://www.federalreserve.gov/newsevents/pressreleases/monetary20241218a.htm,XLF,test,1,0.0038760973796144738,0.003131793714606368,0.02411194504640468
2024-12-18,FOMC_statement,https://www.federalreserve.gov/newsevents/pressreleases/monetary20241218a.htm,XLI,test,2,-0.0009766985860940602,-0.007482938255941374,0.02509001931083754
2024-12-18,FOMC_statement,https://www.federalreserve.gov/newsevents/pressreleases/monetary20241218a.htm,XLK,test,0,0.0013833857076795963,0.008904721773645874,0.004023265786759822
2024-12-18,FOMC_statement,https://www.federalreserve.gov/newsevents/pressreleases/monetary20241218a.htm,XLP,test,-2,-0.006797600860231179,-0.026550737283631443,-0.06829106397341933
2024-12-18,FOMC_statement,https://www.federalreserve.gov/newsevents/pressreleases/monetary20241218a.htm,XLRE,test,-1,-0.016866744491864205,-0.0120838482147696,-0.017319833510645255
2024-12-18,FOMC_statement,https://www.federalreserve.gov/newsevents/pressreleases/monetary20241218a.htm,XLU,test,1,0.004847064657851008,0.006202181708725774,0.016299956615870026
2024-12-18,FOMC_statement,https://www.federalreserve.gov/newsevents/pressreleases/monetary20241218a.htm,XLV,test,0,-0.007266623384195259,-0.002658012125017817,0.001956904151277694
2024-12-18,FOMC_statement,https://www.federalreserve.gov/newsevents/pressreleases/monetary20241218a.htm,XLY,test,-2,-0.0010489305791818726,-0.013475061621943674,-0.028450623409923215
2025-01-15,Beige_Book,https://www.federalreserve.gov/monetarypolicy/beigebook202501-summary.htm,XLB,test,0,0.010195227289802156,0.010289788442156111,0.0037028795785738478
2025-01-15,Beige_Book,https://www.federalreserve.gov/monetarypolicy/beigebook202501-summary.htm,XLC,test,2,-0.003741059183097195,-0.005198451789692471,0.05296153646595425
2025-01-15,Beige_Book,https://www.federalreserve.gov/monetarypolicy/beigebook202501-summary.htm,XLE,test,-2,0.009160990395348567,-0.0074188661903901165,-0.054191094724829636
2025-01-15,Beige_Book,https://www.federalreserve.gov/monetarypolicy/beigebook202501-summary.htm,XLF,test,1,0.008592354504708744,0.006192634306317779,0.017617404676197768
2025-01-15,Beige_Book,https://www.federalreserve.gov/monetarypolicy/beigebook202501-summary.htm,XLI,test,-1,0.014045376131506138,0.02138500493617823,-0.01137275139930738
2025-01-15,Beige_Book,https://www.federalreserve.gov/monetarypolicy/beigebook202501-summary.htm,XLK,test,0,-0.00578273503284632,-0.0009849788788742764,0.006574460736339494
2025-01-15,Beige_Book,https://www.federalreserve.gov/monetarypolicy/beigebook202501-summary.htm,XLP,test,2,0.009400455108186878,0.0005970579827044853,0.028147953589836683
2025-01-15,Beige_Book,https://www.federalreserve.gov/monetarypolicy/beigebook202501-summary.htm,XLRE,test,1,0.02431690299160605,0.023137393885521385,0.017951975265990017
2025-01-15,Beige_Book,https://www.federalreserve.gov/monetarypolicy/beigebook202501-summary.htm,XLU,test,0,0.027186821231545033,0.02473842191589115,0.002528277044293481
2025-01-15,Beige_Book,https://www.federalreserve.gov/monetarypolicy/beigebook202501-summary.htm,XLV,test,0,0.005906722495422456,-0.003467713366870573,0.0018122600172173486
2025-01-15,Beige_Book,https://www.federalreserve.gov/monetarypolicy/beigebook202501-summary.htm,XLY,test,-2,-0.003488724776509744,-0.0013294856310234193,-0.0289991041026314
2025-01-29,FOMC_statement,https://www.federalreserve.gov/newsevents/pressreleases/monetary20250129a.htm,XLB,test,1,0.0041138806085154744,0.009911491873609513,0.014693234965514557
2025-01-29,FOMC_statement,https://www.federalreserve.gov/newsevents/pressreleases/monetary20250129a.htm,XLC,test,1,-0.004385512987276741,0.013835579448405744,0.013974344134895733
2025-01-29,FOMC_statement,https://www.federalreserve.gov/newsevents/pressreleases/monetary20250129a.htm,XLE,test,2,-0.00023892384554646817,-0.00986197664318067,0.02856091469560984
2025-01-29,FOMC_statement,https://www.federalreserve.gov/newsevents/pressreleases/monetary20250129a.htm,XLF,test,2,0.0041882665631221005,0.006364742235954957,0.03020829092181032
2025-01-29,FOMC_statement,https://www.federalreserve.gov/newsevents/pressreleases/monetary20250129a.htm,XLI,test,0,0.005809261438143309,0.0009246922154388937,0.002085798106703507
2025-01-29,FOMC_statement,https://www.federalreserve.gov/newsevents/pressreleases/monetary20250129a.htm,XLK,test,-1,-0.0035116167037290147,-0.01079218215443678,-0.01305788178942191
2025-01-29,FOMC_statement,https://www.federalreserve.gov/newsevents/pressreleases/monetary20250129a.htm,XLP,test,2,0.004512702072078989,0.011082200197114478,0.06393113668408335
2025-01-29,FOMC_statement,https://www.federalreserve.gov/newsevents/pressreleases/monetary20250129a.htm,XLRE,test,2,0.007813235574975819,0.01600664952747921,0.0644437150196493
2025-01-29,FOMC_statement,https://www.federalreserve.gov/newsevents/pressreleases/monetary20250129a.htm,XLU,test,2,0.015482559455411327,0.027055276174208664,0.04479355232110982
2025-01-29,FOMC_statement,https://www.federalreserve.gov/newsevents/pressreleases/monetary20250129a.htm,XLV,test,2,0.006166703728074818,0.018909273041822217,0.034846925914546856
2025-01-29,FOMC_statement,https://www.federalreserve.gov/newsevents/pressreleases/monetary20250129a.htm,XLY,test,-2,0.004418936087710712,-0.0011694103766479724,-0.053627226249919446
2025-03-05,Beige_Book,https://www.federalreserve.gov/monetarypolicy/beigebook202502-summary.htm,XLB,test,2,0.01252615534451329,0.015459217584255724,0.025767321154440914
2025-03-05,Beige_Book,https://www.federalreserve.gov/monetarypolicy/beigebook202502-summary.htm,XLC,test,-1,-0.00018515545465991323,0.0023403685722819256,-0.009252228739477841
2025-03-05,Beige_Book,https://www.federalreserve.gov/monetarypolicy/beigebook202502-summary.htm,XLE,test,2,0.02078503724554359,0.06635128220729192,0.10133947389199238
2025-03-05,Beige_Book,https://www.federalreserve.gov/monetarypolicy/beigebook202502-summary.htm,XLF,test,2,0.0012205884954952229,-0.005408066578511561,0.031787267445564815
2025-03-05,Beige_Book,https://www.federalreserve.gov/monetarypolicy/beigebook202502-summary.htm,XLI,test,1,0.009159393776998037,0.026228100097016482,0.021335906785316827
2025-03-05,Beige_Book,https://www.federalreserve.gov/monetarypolicy/beigebook202502-summary.htm,XLK,test,-2,-0.010005426644431714,-0.01700061708712497,-0.0420260421735148
2025-03-05,Beige_Book,https://www.federalreserve.gov/monetarypolicy/beigebook202502-summary.htm,XLP,test,2,0.019570489943036007,0.04169796199803433,0.07819410428568363
2025-03-05,Beige_Book,https://www.federalreserve.gov/monetarypolicy/beigebook202502-summary.htm,XLRE,test,1,-0.00965553523703977,0.007404536747957158,0.02351615442950572
2025-03-05,Beige_Book,https://www.federalreserve.gov/monetarypolicy/beigebook202502-summary.htm,XLU,test,2,-0.003025688418347827,0.047584549727072156,0.10345633989490066
2025-03-05,Beige_Book,https://www.federalreserve.gov/monetarypolicy/beigebook202502-summary.htm,XLV,test,2,0.015012266233973559,0.025324748793621787,0.03688289540921008
2025-03-05,Beige_Book,https://www.federalreserve.gov/monetarypolicy/beigebook202502-summary.htm,XLY,test,-1,-0.0076023142371862695,-0.024104182519484874,-0.016183027646008097
2025-03-19,FOMC_statement,https://www.federalreserve.gov/newsevents/pressreleases/monetary20250319a.htm,XLB,test,0,-0.0034156525291079154,-0.018028173564847427,-0.001986730291878347
2025-03-19,FOMC_statement,https://www.federalreserve.gov/newsevents/pressreleases/monetary20250319a.htm,XLC,test,0,0.0007278195280723265,0.004498124243203727,-0.0005727681584989375
2025-03-19,FOMC_statement,https://www.federalreserve.gov/newsevents/pressreleases/monetary20250319a.htm,XLE,test,-2,0.006554106187460884,-0.007266829477116654,-0.04716222898552613
2025-03-19,FOMC_statement,https://www.federalreserve.gov/newsevents/pressreleases/monetary20250319a.htm,XLF,test,1,0.004303782382641619,7.303677102232786e-05,0.01213636237806659
2025-03-19,FOMC_statement,https://www.federalreserve.gov/newsevents/pressreleases/monetary20250319a.htm,XLI,test,1,-0.0021220823837408975,-0.007155899933176446,0.008498972604729316
2025-03-19,FOMC_statement,https://www.federalreserve.gov/newsevents/pressreleases/monetary20250319a.htm,XLK,test,-2,-0.004227557248774216,-0.0008090421381115043,-0.029176383247747628
2025-03-19,FOMC_statement,https://www.federalreserve.gov/newsevents/pressreleases/monetary20250319a.htm,XLP,test,2,-0.0019986391589336128,-0.014430833826612255,0.0956041615732518
2025-03-19,FOMC_statement,https://www.federalreserve.gov/newsevents/pressreleases/monetary20250319a.htm,XLRE,test,2,0.0017001721005519554,-0.012402038063197729,0.035448605038091774
2025-03-19,FOMC_statement,https://www.federalreserve.gov/newsevents/pressreleases/monetary20250319a.htm,XLU,test,2,0.0069453937230893326,-0.01804715954170255,0.05652923191028936
2025-03-19,FOMC_statement,https://www.federalreserve.gov/newsevents/pressreleases/monetary20250319a.htm,XLV,test,-1,0.003504254637229587,-0.009887923779298702,-0.012257588535347308
2025-03-19,FOMC_statement,https://www.federalreserve.gov/newsevents/pressreleases/monetary20250319a.htm,XLY,test,1,0.0005085216410286586,0.02336844469155397,0.013712405638698244
2025-04-23,Beige_Book,https://www.federalreserve.gov/monetarypolicy/beigebook202504-summary.htm,XLB,test,-2,0.0005513283860956175,-0.012687934515902666,-0.032899644675003614
2025-04-23,Beige_Book,https://www.federalreserve.gov/monetarypolicy/beigebook202504-summary.htm,XLC,test,0,-0.001033919436325359,0.0014669322106874993,0.004852171103053582
2025-04-23,Beige_Book,https://www.federalreserve.gov/monetarypolicy/beigebook202504-summary.htm,XLE,test,-2,-0.005046986997701675,-0.007431145890038571,-0.07879013550631708
2025-04-23,Beige_Book,https://www.federalreserve.gov/monetarypolicy/beigebook202504-summary.htm,XLF,test,-2,-0.009942564160476675,-0.01919213446661261,-0.034335020351075385
2025-04-23,Beige_Book,https://www.federalreserve.gov/monetarypolicy/beigebook202504-summary.htm,XLI,test,2,0.001377540139203548,-0.002973295219516392,0.027929418610137202
2025-04-23,Beige_Book,https://www.federalreserve.gov/monetarypolicy/beigebook202504-summary.htm,XLK,test,2,0.016266627525300947,0.021827664473087593,0.0629076179502932
2025-04-23,Beige_Book,https://www.federalreserve.gov/monetarypolicy/beigebook202504-summary.htm,XLP,test,-2,-0.029854166866590814,-0.0433915940930234,-0.09162842859768427
2025-04-23,Beige_Book,https://www.federalreserve.gov/monetarypolicy/beigebook202504-summary.htm,XLRE,test,-2,-0.01808379441102126,-0.02100035868094907,-0.08161184285482492
2025-04-23,Beige_Book,https://www.federalreserve.gov/monetarypolicy/beigebook202504-summary.htm,XLU,test,-2,-0.019516989042821287,-0.02404539094411451,-0.06330626139198703
2025-04-23,Beige_Book,https://www.federalreserve.gov/monetarypolicy/beigebook202504-summary.htm,XLV,test,-2,-0.008818778738447941,-0.007637456703659229,-0.12260592000790294
2025-04-23,Beige_Book,https://www.federalreserve.gov/monetarypolicy/beigebook202504-summary.htm,XLY,test,2,-0.001135247674288964,0.009592010259045658,0.02633803643020738
2025-05-07,FOMC_statement,https://www.federalreserve.gov/newsevents/pressreleases/monetary20250507a.htm,XLB,test,-1,0.00636869531618367,0.0003827030184841984,-0.01244199244390598
2025-05-07,FOMC_statement,https://www.federalreserve.gov/newsevents/pressreleases/monetary20250507a.htm,XLC,test,0,-0.004607422890271717,-0.02071345340168662,-0.003713122161434601
2025-05-07,FOMC_statement,https://www.federalreserve.gov/newsevents/pressreleases/monetary20250507a.htm,XLE,test,-2,0.0061917943604705705,0.010549080868802463,-0.030119822030995946
2025-05-07,FOMC_statement,https://www.federalreserve.gov/newsevents/pressreleases/monetary20250507a.htm,XLF,test,-2,0.0013235101631126067,-0.010193163613962719,-0.02947694509267662
2025-05-07,FOMC_statement,https://www.federalreserve.gov/newsevents/pressreleases/monetary20250507a.htm,XLI,test,1,0.006822800132852969,0.006642228695934005,0.011778386516301365
2025-05-07,FOMC_statement,https://www.federalreserve.gov/newsevents/pressreleases/monetary20250507a.htm,XLK,test,2,0.0025776606483389752,0.015980558578454707,0.0348411208406989
2025-05-07,FOMC_statement,https://www.federalreserve.gov/newsevents/pressreleases/monetary20250507a.htm,XLP,test,-2,-0.008194999797006997,-0.04426065147368141,-0.0633761844865195
2025-05-07,FOMC_statement,https://www.federalreserve.gov/newsevents/pressreleases/monetary20250507a.htm,XLRE,test,-2,-0.011780171281754792,-0.03654762164236802,-0.057982214121565234
2025-05-07,FOMC_statement,https://www.federalreserve.gov/newsevents/pressreleases/monetary20250507a.htm,XLU,test,-2,-0.015017114825562006,-0.05102462229284943,-0.060067852638907016
2025-05-07,FOMC_statement,https://www.federalreserve.gov/newsevents/pressreleases/monetary20250507a.htm,XLV,test,-2,-0.015980757358646902,-0.03391697328830501,-0.07192650427328584
2025-05-07,FOMC_statement,https://www.federalreserve.gov/newsevents/pressreleases/monetary20250507a.htm,XLY,test,0,0.004835866685882317,0.027579116569351525,-0.0003933990364874962
2025-06-04,Beige_Book,https://www.federalreserve.gov/monetarypolicy/beigebook202505-summary.htm,XLB,test,-1,-0.0010714780603171548,-0.0028934400575990615,-0.01093777338716706
2025-06-04,Beige_Book,https://www.federalreserve.gov/monetarypolicy/beigebook202505-summary.htm,XLC,test,0,0.006201869037721464,0.004931717441144068,0.004493628920479109
2025-06-04,Beige_Book,https://www.federalreserve.gov/monetarypolicy/beigebook202505-summary.htm,XLE,test,1,0.003856729929298197,0.013414765414789143,0.015920162716193453
2025-06-04,Beige_Book,https://www.federalreserve.gov/monetarypolicy/beigebook202505-summary.htm,XLF,test,0,0.002076223744493122,-0.0021160349453932525,-0.0033861335512275215
2025-06-04,Beige_Book,https://www.federalreserve.gov/monetarypolicy/beigebook202505-summary.htm,XLI,test,0,0.004137397543922394,0.0004892746373665879,-0.005892703843987435
2025-06-04,Beige_Book,https://www.federalreserve.gov/monetarypolicy/beigebook202505-summary.htm,XLK,test,2,0.002003339570013307,0.005185444254975136,0.03220380464298245
2025-06-04,Beige_Book,https://www.federalreserve.gov/monetarypolicy/beigebook202505-summary.htm,XLP,test,-2,-0.004775600411543901,-0.014099580612342177,-0.03813255662920545
2025-06-04,Beige_Book,https://www.federalreserve.gov/monetarypolicy/beigebook202505-summary.htm,XLRE,test,-2,0.004593193041533494,-0.004181022221762198,-0.04143659582806114
2025-06-04,Beige_Book,https://www.federalreserve.gov/monetarypolicy/beigebook202505-summary.htm,XLU,test,-1,0.0032271009868406475,-0.009894308699186283,-0.0238365406088088
2025-06-04,Beige_Book,https://www.federalreserve.gov/monetarypolicy/beigebook202505-summary.htm,XLV,test,-2,0.003482304964985028,0.000141455426517334,-0.030760692647401888
2025-06-04,Beige_Book,https://www.federalreserve.gov/monetarypolicy/beigebook202505-summary.htm,XLY,test,-2,-0.020391672568419117,-0.010563274700423064,-0.024281208997620984
2025-06-18,FOMC_statement,https://www.federalreserve.gov/newsevents/pressreleases/monetary20250618a.htm,XLB,test,-1,-0.00443235242187201,-0.005933494794073346,-0.006883671482399545
2025-06-18,FOMC_statement,https://www.federalreserve.gov/newsevents/pressreleases/monetary20250618a.htm,XLC,test,-1,-0.0037402985013145207,0.0008953741039733343,-0.012031369410166914
2025-06-18,FOMC_statement,https://www.federalreserve.gov/newsevents/pressreleases/monetary20250618a.htm,XLE,test,-2,0.012566545863427092,-0.04666527545485577,-0.07948993971728313
2025-06-18,FOMC_statement,https://www.federalreserve.gov/newsevents/pressreleases/monetary20250618a.htm,XLF,test,-1,0.005136138958771741,0.01175892757554553,-0.007887337403323924
2025-06-18,FOMC_statement,https://www.federalreserve.gov/newsevents/pressreleases/monetary20250618a.htm,XLI,test,1,0.003473578522367071,0.004431355423592076,0.006883040158364273
2025-06-18,FOMC_statement,https://www.federalreserve.gov/newsevents/pressreleases/monetary20250618a.htm,XLK,test,2,-0.0020801498107996252,0.0063481415563551025,0.026057112452573805
2025-06-18,FOMC_statement,https://www.federalreserve.gov/newsevents/pressreleases/monetary20250618a.htm,XLP,test,-2,0.009684053880585686,-0.0005183299501767547,-0.04147460893309396
2025-06-18,FOMC_statement,https://www.federalreserve.gov/newsevents/pressreleases/monetary20250618a.htm,XLRE,test,-2,0.0021095021586725604,0.0005339178909595788,-0.040824626888931626
2025-06-18,FOMC_statement,https://www.federalreserve.gov/newsevents/pressreleases/monetary20250618a.htm,XLU,test,0,0.0050795459326905545,0.0011401220445464988,-0.004750389687104284
2025-06-18,FOMC_statement,https://www.federalreserve.gov/newsevents/pressreleases/monetary20250618a.htm,XLV,test,-2,-0.002454983562075852,-0.009682053177774708,-0.06515489705247213
2025-06-18,FOMC_statement,https://www.federalreserve.gov/newsevents/pressreleases/monetary20250618a.htm,XLY,test,1,0.003536577055712642,0.007983093549809417,0.007628980177162736
2025-07-16,Beige_Book,https://www.federalreserve.gov/monetarypolicy/beigebook202507-summary.htm,XLB,test,-2,0.0009290019876504463,0.0071967195121295235,-0.024648345753509715
2025-07-16,Beige_Book,https://www.federalreserve.gov/monetarypolicy/beigebook202507-summary.htm,XLC,test,1,-0.002639199872076281,0.004975974500456726,0.012633667334046361
2025-07-16,Beige_Book,https://www.federalreserve.gov/monetarypolicy/beigebook202507-summary.htm,XLE,test,-2,3.394521681965301e-05,-0.01956116607841274,-0.03891425164200102
2025-07-16,Beige_Book,https://www.federalreserve.gov/monetarypolicy/beigebook202507-summary.htm,XLF,test,-1,0.003493822337286012,4.6235357311408265e-05,-0.013459993335569798
2025-07-16,Beige_Book,https://www.federalreserve.gov/monetarypolicy/beigebook202507-summary.htm,XLI,test,-2,0.0031217714374058847,-0.005563802145541419,-0.027740985008776087
2025-07-16,Beige_Book,https://www.federalreserve.gov/monetarypolicy/beigebook202507-summary.htm,XLK,test,0,0.0029640367774275145,0.00245234857659693,0.0020429586953000234
2025-07-16,Beige_Book,https://www.federalreserve.gov/monetarypolicy/beigebook202507-summary.htm,XLP,test,-1,0.003339029161538276,-0.0006610600479100004,-0.01369803859135843
2025-07-16,Beige_Book,https://www.federalreserve.gov/monetarypolicy/beigebook202507-summary.htm,XLRE,test,-2,-0.007077371084132866,-0.0015408667049694458,-0.04914203141654949
2025-07-16,Beige_Book,https://www.federalreserve.gov/monetarypolicy/beigebook202507-summary.htm,XLU,test,1,-0.0019748554802634377,0.01683874973401356,0.013401724468041998
2025-07-16,Beige_Book,https://www.federalreserve.gov/monetarypolicy/beigebook202507-summary.htm,XLV,test,-2,-0.017516190925584874,-0.03099931987549087,-0.03382565982917918
2025-07-16,Beige_Book,https://www.federalreserve.gov/monetarypolicy/beigebook202507-summary.htm,XLY,test,1,-0.0027022479915423947,0.009714652423694736,0.013070263767785084
2025-07-30,FOMC_statement,https://www.federalreserve.gov/newsevents/pressreleases/monetary20250730a.htm,XLB,test,1,-0.008854508908224923,-0.0059151768020575535,0.014277774941394039
2025-07-30,FOMC_statement,https://www.federalreserve.gov/newsevents/pressreleases/monetary20250730a.htm,XLC,test,2,0.012769435135187246,0.021173645988053713,0.02497011045588471
2025-07-30,FOMC_statement,https://www.federalreserve.gov/newsevents/pressreleases/monetary20250730a.htm,XLE,test,0,-0.001609397732198703,-0.021214258566616517,0.002653085617619344
2025-07-30,FOMC_statement,https://www.federalreserve.gov/newsevents/pressreleases/monetary20250730a.htm,XLF,test,0,-0.0025108258645597514,-0.009919917076552709,-0.000787653136090527
2025-07-30,FOMC_statement,https://www.federalreserve.gov/newsevents/pressreleases/monetary20250730a.htm,XLI,test,-1,0.0038169558675795745,-0.0007096606719300125,-0.013275952016113535
2025-07-30,FOMC_statement,https://www.federalreserve.gov/newsevents/pressreleases/monetary20250730a.htm,XLK,test,-1,-0.0035785330687735373,-0.0036623481788879975,-0.014976659455057773
2025-07-30,FOMC_statement,https://www.federalreserve.gov/newsevents/pressreleases/monetary20250730a.htm,XLP,test,-2,-0.004823551311145424,0.005995580781582688,-0.025171348136905025
2025-07-30,FOMC_statement,https://www.federalreserve.gov/newsevents/pressreleases/monetary20250730a.htm,XLRE,test,-1,-0.013805441752558933,-0.00703578512105929,-0.02403171922141778
2025-07-30,FOMC_statement,https://www.federalreserve.gov/newsevents/pressreleases/monetary20250730a.htm,XLU,test,-2,0.009149460852141411,0.02957324032943609,-0.02936099458680419
2025-07-30,FOMC_statement,https://www.federalreserve.gov/newsevents/pressreleases/monetary20250730a.htm,XLV,test,0,-0.024268866677350287,-0.0033743797733526426,-0.0052936240741515705
2025-07-30,FOMC_statement,https://www.federalreserve.gov/newsevents/pressreleases/monetary20250730a.htm,XLY,test,2,-0.004179080846634098,-0.015349935698089179,0.026099403122037512
2025-09-03,Beige_Book,https://www.federalreserve.gov/monetarypolicy/beigebook202508-summary.htm,XLB,test,-2,-0.004509938664222002,0.003808083129067552,-0.050146900504965286
2025-09-03,Beige_Book,https://www.federalreserve.gov/monetarypolicy/beigebook202508-summary.htm,XLC,test,-1,0.000664440521103149,0.007584793304420079,-0.008188606658340647
2025-09-03,Beige_Book,https://www.federalreserve.gov/monetarypolicy/beigebook202508-summary.htm,XLE,test,-2,-0.0016897805857356563,-0.02284796095844166,-0.03262489233264221
2025-09-03,Beige_Book,https://www.federalreserve.gov/monetarypolicy/beigebook202508-summary.htm,XLF,test,-2,0.0021099470458765257,-0.015009596711196282,-0.040760580721408646
2025-09-03,Beige_Book,https://www.federalreserve.gov/monetarypolicy/beigebook202508-summary.htm,XLI,test,-1,0.0029244282846090375,0.0019201725591919683,-0.008303865877478778
2025-09-03,Beige_Book,https://www.federalreserve.gov/monetarypolicy/beigebook202508-summary.htm,XLK,test,2,-0.0034212992409092813,0.005350395286499832,0.050913404820978614
2025-09-03,Beige_Book,https://www.federalreserve.gov/monetarypolicy/beigebook202508-summary.htm,XLP,test,-2,-0.007736774251569267,-0.008154689198442977,-0.06800339903132835
2025-09-03,Beige_Book,https://www.federalreserve.gov/monetarypolicy/beigebook202508-summary.htm,XLRE,test,-1,-0.0016071734708744678,0.002251890107205501,-0.02343600119859146
2025-09-03,Beige_Book,https://www.federalreserve.gov/monetarypolicy/beigebook202508-summary.htm,XLU,test,1,-0.009550248595635358,-0.022398983517088245,0.012984299835241075
2025-09-03,Beige_Book,https://www.federalreserve.gov/monetarypolicy/beigebook202508-summary.htm,XLV,test,1,-0.004559173146528206,-0.0010620771804860096,0.008914644705573127
2025-09-03,Beige_Book,https://www.federalreserve.gov/monetarypolicy/beigebook202508-summary.htm,XLY,test,0,0.009915774427728508,0.014013365442326342,-0.0031723075128209377
2025-09-17,FOMC_statement,https://www.federalreserve.gov/newsevents/pressreleases/monetary20250917a.htm,XLB,test,-2,-0.004672499098921978,-0.015139381409903896,-0.03150871213525053
2025-09-17,FOMC_statement,https://www.federalreserve.gov/newsevents/pressreleases/monetary20250917a.htm,XLC,test,-2,-0.003915112466373438,-0.012965993404706944,-0.041598664750279624
2025-09-17,FOMC_statement,https://www.federalreserve.gov/newsevents/pressreleases/monetary20250917a.htm,XLE,test,-2,-0.007783942103503638,-0.031883609455743644,-0.049482878371260974
2025-09-17,FOMC_statement,https://www.federalreserve.gov/newsevents/pressreleases/monetary20250917a.htm,XLF,test,-2,-0.0037479359186709527,-0.012546536201236136,-0.04530340357634555
2025-09-17,FOMC_statement,https://www.federalreserve.gov/newsevents/pressreleases/monetary20250917a.htm,XLI,test,0,0.005979933374027135,0.0020628279149963458,0.0022841104514285115
2025-09-17,FOMC_statement,https://www.federalreserve.gov/newsevents/pressreleases/monetary20250917a.htm,XLK,test,2,0.012606514801167146,0.027774329077486115,0.04468548183836052
2025-09-17,FOMC_statement,https://www.federalreserve.gov/newsevents/pressreleases/monetary20250917a.htm,XLP,test,-1,-0.013396385338859118,-0.036240983463483034,-0.01800156623873561
2025-09-17,FOMC_statement,https://www.federalreserve.gov/newsevents/pressreleases/monetary20250917a.htm,XLRE,test,0,-0.003958555347436832,-0.015336782273003058,-0.0037443498858908963
2025-09-17,FOMC_statement,https://www.federalreserve.gov/newsevents/pressreleases/monetary20250917a.htm,XLU,test,2,-0.003961080561783348,0.002446371132656555,0.08739735653286695
2025-09-17,FOMC_statement,https://www.federalreserve.gov/newsevents/pressreleases/monetary20250917a.htm,XLV,test,2,-0.0027045656304853782,-0.013953903747250695,0.03671948773573941
2025-09-17,FOMC_statement,https://www.federalreserve.gov/newsevents/pressreleases/monetary20250917a.htm,XLY,test,-2,-0.009184680154483593,-0.01834212792505241,-0.04121091993169057
2025-10-15,Beige_Book,https://www.federalreserve.gov/monetarypolicy/beigebook202510-summary.htm,XLB,test,-1,-0.0006299217967676851,-0.006689182214585254,-0.0231315976983284
2025-10-15,Beige_Book,https://www.federalreserve.gov/monetarypolicy/beigebook202510-summary.htm,XLC,test,-2,-0.003848478349006257,-0.001870587807525581,-0.040695312357989843
2025-10-15,Beige_Book,https://www.federalreserve.gov/monetarypolicy/beigebook202510-summary.htm,XLE,test,2,-0.005238074540301119,-0.0025227156434337594,0.03705004646043042
2025-10-15,Beige_Book,https://www.federalreserve.gov/monetarypolicy/beigebook202510-summary.htm,XLF,test,-1,-0.02098858859204067,-0.017260574561119846,-0.014916271165129724
2025-10-15,Beige_Book,https://www.federalreserve.gov/monetarypolicy/beigebook202510-summary.htm,XLI,test,-1,0.00025699975425086397,-0.0031648483249818726,-0.01432557333681439
2025-10-15,Beige_Book,https://www.federalreserve.gov/monetarypolicy/beigebook202510-summary.htm,XLK,test,0,0.007548774391678004,0.004386992558645497,-0.0010573969264339178
2025-10-15,Beige_Book,https://www.federalreserve.gov/monetarypolicy/beigebook202510-summary.htm,XLP,test,-2,-0.00013172770973035597,-0.0037410853466828264,-0.03462870154093267
2025-10-15,Beige_Book,https://www.federalreserve.gov/monetarypolicy/beigebook202510-summary.htm,XLRE,test,-2,0.0037075427475683487,0.004561003818058573,-0.0358067610331434
2025-10-15,Beige_Book,https://www.federalreserve.gov/monetarypolicy/beigebook202510-summary.htm,XLU,test,-2,-0.004061845915916407,-0.023948592233903776,-0.056886600639594165
2025-10-15,Beige_Book,https://www.federalreserve.gov/monetarypolicy/beigebook202510-summary.htm,XLV,test,2,0.005126669197280553,0.006334320869187615,0.05859225768463672
2025-10-15,Beige_Book,https://www.federalreserve.gov/monetarypolicy/beigebook202510-summary.htm,XLY,test,-1,-0.002862255026957583,-0.002399331771079427,-0.02056823951073916
2025-10-29,FOMC_statement,https://www.federalreserve.gov/newsevents/pressreleases/monetary20251029a.htm,XLB,test,2,-0.0023977926602748445,-0.01954367026333692,0.029349454279962495
2025-10-29,FOMC_statement,https://www.federalreserve.gov/newsevents/pressreleases/monetary20251029a.htm,XLC,test,0,-0.0059422984653264566,-0.017439226411574582,-0.0019364516501881868
2025-10-29,FOMC_statement,https://www.federalreserve.gov/newsevents/pressreleases/monetary20251029a.htm,XLE,test,2,0.005089669999456148,0.007361355627940269,0.03340704134885153
2025-10-29,FOMC_statement,https://www.federalreserve.gov/newsevents/pressreleases/monetary20251029a.htm,XLF,test,2,0.013685731850501148,0.00700843532734019,0.029140373313722656
2025-10-29,FOMC_statement,https://www.federalreserve.gov/newsevents/pressreleases/monetary20251029a.htm,XLI,test,0,0.008483374219938389,0.0014618811089710526,-0.0034312482057767824
2025-10-29,FOMC_statement,https://www.federalreserve.gov/newsevents/pressreleases/monetary20251029a.htm,XLK,test,-2,-0.0012993538303504026,-0.0014000871857583475,-0.05323393239459029
2025-10-29,FOMC_statement,https://www.federalreserve.gov/newsevents/pressreleases/monetary20251029a.htm,XLP,test,2,0.009953418329681885,-0.005944902737241797,0.041346339252187114
2025-10-29,FOMC_statement,https://www.federalreserve.gov/newsevents/pressreleases/monetary20251029a.htm,XLRE,test,2,0.016656107670696696,0.010276987956601702,0.030219200669173718
2025-10-29,FOMC_statement,https://www.federalreserve.gov/newsevents/pressreleases/monetary20251029a.htm,XLU,test,1,0.006780669896748748,-0.004725474170134136,0.01131783606436676
2025-10-29,FOMC_statement,https://www.federalreserve.gov/newsevents/pressreleases/monetary20251029a.htm,XLV,test,2,0.013220652109297792,0.009103673127005107,0.09659524907911854
2025-10-29,FOMC_statement,https://www.federalreserve.gov/newsevents/pressreleases/monetary20251029a.htm,XLY,test,0,-0.01158185039572801,0.019077514120105943,-0.003937610893885335
2025-11-26,Beige_Book,https://www.federalreserve.gov/monetarypolicy/beigebook202511-summary.htm,XLB,test,1,0.0002790508850687434,-0.008551354363423136,0.01940660690443552
2025-11-26,Beige_Book,https://www.federalreserve.gov/monetarypolicy/beigebook202511-summary.htm,XLC,test,1,0.0026667535501188055,0.004008781061286326,0.01783257454671472
2025-11-26,Beige_Book,https://www.federalreserve.gov/monetarypolicy/beigebook202511-summary.htm,XLE,test,0,0.007646378673950238,0.007056618093122191,-0.005579808378944007
2025-11-26,Beige_Book,https://www.federalreserve.gov/monetarypolicy/beigebook202511-summary.htm,XLF,test,2,0.0017181203900360487,-0.004764558489118942,0.03261640570373836
2025-11-26,Beige_Book,https://www.federalreserve.gov/monetarypolicy/beigebook202511-summary.htm,XLI,test,1,0.0003660908470415336,-0.002844294778008627,0.015281536312481636
2025-11-26,Beige_Book,https://www.federalreserve.gov/monetarypolicy/beigebook202511-summary.htm,XLK,test,1,0.0031396962889040925,0.016609207481131816,0.015276586816132642
2025-11-26,Beige_Book,https://www.federalreserve.gov/monetarypolicy/beigebook202511-summary.htm,XLP,test,-1,0.0003709308171377934,-0.00448211451858227,-0.014969338291684897
2025-11-26,Beige_Book,https://www.federalreserve.gov/monetarypolicy/beigebook202511-summary.htm,XLRE,test,-2,-0.0006357885425469778,-0.014275068186363704,-0.02448787873365177
2025-11-26,Beige_Book,https://www.federalreserve.gov/monetarypolicy/beigebook202511-summary.htm,XLU,test,-2,0.0016535029529431977,-0.0261430033121548,-0.05561289188885843
2025-11-26,Beige_Book,https://www.federalreserve.gov/monetarypolicy/beigebook202511-summary.htm,XLV,test,-2,-0.010318904121254913,-0.028564445068803734,-0.026861294142981107
2025-11-26,Beige_Book,https://www.federalreserve.gov/monetarypolicy/beigebook202511-summary.htm,XLY,test,1,0.0007543748450686838,0.0033833163519313425,0.015530560537713511
2025-12-10,FOMC_statement,https://www.federalreserve.gov/newsevents/pressreleases/monetary20251210a.htm,XLB,test,2,0.017564397578592628,0.029827812747360793,0.08443428899650329
2025-12-10,FOMC_statement,https://www.federalreserve.gov/newsevents/pressreleases/monetary20251210a.htm,XLC,test,-1,-0.004547874173131516,0.005660857408346098,-0.00675234485109244
2025-12-10,FOMC_statement,https://www.federalreserve.gov/newsevents/pressreleases/monetary20251210a.htm,XLE,test,0,-0.00709106703511353,-0.011650653582080395,0.00028413293271556395
2025-12-10,FOMC_statement,https://www.federalreserve.gov/newsevents/pressreleases/monetary20251210a.htm,XLF,test,1,0.0158582257246469,0.030307157611493718,0.015610986347836309
2025-12-10,FOMC_statement,https://www.federalreserve.gov/newsevents/pressreleases/monetary20251210a.htm,XLI,test,2,0.008374077734566665,0.015955441463499254,0.0347274944717888
2025-12-10,FOMC_statement,https://www.federalreserve.gov/newsevents/pressreleases/monetary20251210a.htm,XLK,test,-2,-0.007436759306927998,-0.03377224229906228,-0.024370625238208876
2025-12-10,FOMC_statement,https://www.federalreserve.gov/newsevents/pressreleases/monetary20251210a.htm,XLP,test,1,0.0050878661291897664,0.027988999467657427,0.019127028295959914
2025-12-10,FOMC_statement,https://www.federalreserve.gov/newsevents/pressreleases/monetary20251210a.htm,XLRE,test,0,0.003094251047929042,0.01805815895901286,-0.0020626874431987074
2025-12-10,FOMC_statement,https://www.federalreserve.gov/newsevents/pressreleases/monetary20251210a.htm,XLU,test,-1,0.004927902813203211,0.021417481562146734,-0.00951133161627471
2025-12-10,FOMC_statement,https://www.federalreserve.gov/newsevents/pressreleases/monetary20251210a.htm,XLV,test,2,0.0071379301941632,0.03576790301281063,0.024463512197496096
2025-12-10,FOMC_statement,https://www.federalreserve.gov/newsevents/pressreleases/monetary20251210a.htm,XLY,test,2,0.0015990736475945955,0.02672251737003961,0.02788119868534522
2026-01-14,Beige_Book,https://www.federalreserve.gov/monetarypolicy/beigebook202601-summary.htm,XLB,test,2,0.0015843677093794195,0.006994429665820201,0.1031736251857065
2026-01-14,Beige_Book,https://www.federalreserve.gov/monetarypolicy/beigebook202601-summary.htm,XLC,test,0,-0.006409795386318362,-0.008925263415349272,-0.004887853833959177
2026-01-14,Beige_Book,https://www.federalreserve.gov/monetarypolicy/beigebook202601-summary.htm,XLE,test,2,-0.012086601676081776,0.008901216428585212,0.1370672601204035
2026-01-14,Beige_Book,https://www.federalreserve.gov/monetarypolicy/beigebook202601-summary.htm,XLF,test,-2,0.0013393872846605426,0.0010442518551498914,-0.034248816527323145
2026-01-14,Beige_Book,https://www.federalreserve.gov/monetarypolicy/beigebook202601-summary.htm,XLI,test,2,0.006468803479902974,0.014227804664367238,0.0714999661431569
2026-01-14,Beige_Book,https://www.federalreserve.gov/monetarypolicy/beigebook202601-summary.htm,XLK,test,-1,0.0025290264077664215,-0.00113433489080772,-0.021285185577490706
2026-01-14,Beige_Book,https://www.federalreserve.gov/monetarypolicy/beigebook202601-summary.htm,XLP,test,2,-0.00102081523415265,0.020062134669072473,0.09737605815230288
2026-01-14,Beige_Book,https://www.federalreserve.gov/monetarypolicy/beigebook202601-summary.htm,XLRE,test,2,0.004766540639925765,0.01900165457506431,0.06257619623535327
2026-01-14,Beige_Book,https://www.federalreserve.gov/monetarypolicy/beigebook202601-summary.htm,XLU,test,2,0.007469075848973272,0.013708944515322563,0.08723937331485188
2026-01-14,Beige_Book,https://www.federalreserve.gov/monetarypolicy/beigebook202601-summary.htm,XLV,test,1,-0.008424454965198058,0.0028142990313161365,0.011480424476760676
2026-01-14,Beige_Book,https://www.federalreserve.gov/monetarypolicy/beigebook202601-summary.htm,XLY,test,-2,0.0009576784747833411,-0.007109251216770307,-0.038030043608260566
2026-01-28,FOMC_statement,https://www.federalreserve.gov/newsevents/pressreleases/monetary20260128a.htm,XLB,test,2,0.002985335148630641,-0.005890728998012018,0.08176219578461918
2026-01-28,FOMC_statement,https://www.federalreserve.gov/newsevents/pressreleases/monetary20260128a.htm,XLC,test,2,0.02802293615664242,0.02504070572628425,0.02514672826522002
2026-01-28,FOMC_statement,https://www.federalreserve.gov/newsevents/pressreleases/monetary20260128a.htm,XLE,test,2,0.011175211880682712,0.00028876012894796244,0.1262123452962829
2026-01-28,FOMC_statement,https://www.federalreserve.gov/newsevents/pressreleases/monetary20260128a.htm,XLF,test,-1,0.012552403871014528,0.019549884795579953,-0.014919074418460632
2026-01-28,FOMC_statement,https://www.federalreserve.gov/newsevents/pressreleases/monetary20260128a.htm,XLI,test,2,0.012463218035976054,0.020575145629603386,0.09021993229205849
2026-01-28,FOMC_statement,https://www.federalreserve.gov/newsevents/pressreleases/monetary20260128a.htm,XLK,test,-2,-0.013830145753208178,-0.026585763437984578,-0.05654313152281365
2026-01-28,FOMC_statement,https://www.federalreserve.gov/newsevents/pressreleases/monetary20260128a.htm,XLP,test,2,-0.000323816157177248,0.026345099561333463,0.1033300167632718
2026-01-28,FOMC_statement,https://www.federalreserve.gov/newsevents/pressreleases/monetary20260128a.htm,XLRE,test,2,0.014713823316573116,0.0028309798709390543,0.08456141354945468
2026-01-28,FOMC_statement,https://www.federalreserve.gov/newsevents/pressreleases/monetary20260128a.htm,XLU,test,2,0.001984377154833794,-0.016417196712827486,0.11100375787078787
2026-01-28,FOMC_statement,https://www.federalreserve.gov/newsevents/pressreleases/monetary20260128a.htm,XLV,test,2,-0.0011909750908603023,0.008940566762202451,0.05120769871649333
2026-01-28,FOMC_statement,https://www.federalreserve.gov/newsevents/pressreleases/monetary20260128a.htm,XLY,test,-2,-0.002778734186817511,0.0016698995239626813,-0.027222348842258715
2026-03-04,Beige_Book,https://www.federalreserve.gov/monetarypolicy/beigebook202602-summary.htm,XLB,test,1,-0.015418080590980376,-0.02754687738038497,0.016233291322479082
2026-03-04,Beige_Book,https://www.federalreserve.gov/monetarypolicy/beigebook202602-summary.htm,XLC,test,-1,0.0026293343135932457,-0.00044643237322294915,-0.017424764255162373
2026-03-04,Beige_Book,https://www.federalreserve.gov/monetarypolicy/beigebook202602-summary.htm,XLE,test,2,0.010736766504206074,0.012258075326975426,0.10118263333499855
2026-03-04,Beige_Book,https://www.federalreserve.gov/monetarypolicy/beigebook202602-summary.htm,XLF,test,1,0.0003330343895779908,-0.012948792662475839,0.006818769451634843
2026-03-04,Beige_Book,https://www.federalreserve.gov/monetarypolicy/beigebook202602-summary.htm,XLI,test,-2,-0.016644058667305894,-0.01873374277271722,-0.02727853323243634
2026-03-04,Beige_Book,https://www.federalreserve.gov/monetarypolicy/beigebook202602-summary.htm,XLK,test,1,0.008007013597866597,0.009728964848176203,0.015976235803093042
2026-03-04,Beige_Book,https://www.federalreserve.gov/monetarypolicy/beigebook202602-summary.htm,XLP,test,-1,-0.014502310286519049,-0.0036081763049177207,-0.016334894325515492
2026-03-04,Beige_Book,https://www.federalreserve.gov/monetarypolicy/beigebook202602-summary.htm,XLRE,test,0,-0.004022103840749636,-0.007959521518459467,-0.0028333287686902464
2026-03-04,Beige_Book,https://www.federalreserve.gov/monetarypolicy/beigebook202602-summary.htm,XLU,test,2,-0.0022517268463404516,0.0010374225312813623,0.027939809860615172
2026-03-04,Beige_Book,https://www.federalreserve.gov/monetarypolicy/beigebook202602-summary.htm,XLV,test,-1,-0.01441799357404705,-0.007716491802669756,-0.022533208774179858
2026-03-04,Beige_Book,https://www.federalreserve.gov/monetarypolicy/beigebook202602-summary.htm,XLY,test,-2,0.006950434487135504,-0.005495601635084557,-0.029236449713458623
2026-03-18,FOMC_statement,https://www.federalreserve.gov/newsevents/pressreleases/monetary20260318a.htm,XLB,test,0,-0.012799703025173303,-0.008249663691380915,-0.0013950307046236565
2026-03-18,FOMC_statement,https://www.federalreserve.gov/newsevents/pressreleases/monetary20260318a.htm,XLC,test,-1,-0.002110711575899371,0.0011635585158061845,-0.02395014146906782
2026-03-18,FOMC_statement,https://www.federalreserve.gov/newsevents/pressreleases/monetary20260318a.htm,XLE,test,-2,0.01838085452088578,0.03333857885550162,-0.12590604509551317
2026-03-18,FOMC_statement,https://www.federalreserve.gov/newsevents/pressreleases/monetary20260318a.htm,XLF,test,0,0.0028727267912352916,0.0175770337140837,-0.0005846647718051878
2026-03-18,FOMC_statement,https://www.federalreserve.gov/newsevents/pressreleases/monetary20260318a.htm,XLI,test,-1,-0.004316100011923396,-0.0036784519482103706,-0.020845737509256113
2026-03-18,FOMC_statement,https://www.federalreserve.gov/newsevents/pressreleases/monetary20260318a.htm,XLK,test,2,0.005871162275336128,0.0005525016391190185,0.04162790145657769
2026-03-18,FOMC_statement,https://www.federalreserve.gov/newsevents/pressreleases/monetary20260318a.htm,XLP,test,-2,-0.005643076967348004,-0.005835219876260678,-0.07106955388065395
2026-03-18,FOMC_statement,https://www.federalreserve.gov/newsevents/pressreleases/monetary20260318a.htm,XLRE,test,-1,8.457867210132086e-05,-0.02034141026154479,-0.010447727966111597
2026-03-18,FOMC_statement,https://www.federalreserve.gov/newsevents/pressreleases/monetary20260318a.htm,XLU,test,-2,-0.0016015524680700333,-0.028452759241270775,-0.07933668331621635
2026-03-18,FOMC_statement,https://www.federalreserve.gov/newsevents/pressreleases/monetary20260318a.htm,XLV,test,-2,-0.0011375278564963454,-0.005790633793157585,-0.05897181464425516
2026-03-18,FOMC_statement,https://www.federalreserve.gov/newsevents/pressreleases/monetary20260318a.htm,XLY,test,1,-0.005403958357298899,0.004708352648052028,0.015019101636366994
2026-04-15,Beige_Book,https://www.federalreserve.gov/monetarypolicy/beigebook202604-summary.htm,XLB,test,-2,0.004743900454138528,0.003916335641854007,-0.06057306498487436
2026-04-15,Beige_Book,https://www.federalreserve.gov/monetarypolicy/beigebook202604-summary.htm,XLC,test,-2,0.010068221522913534,-0.0006843119004531495,-0.06860448964986232
2026-04-15,Beige_Book,https://www.federalreserve.gov/monetarypolicy/beigebook202604-summary.htm,XLE,test,-1,0.012248607665480193,-0.02450021787860801,-0.02378378954146798
2026-04-15,Beige_Book,https://www.federalreserve.gov/monetarypolicy/beigebook202604-summary.htm,XLF,test,-2,-0.00514087881352665,-0.003724299430932332,-0.08377742659267906
2026-04-15,Beige_Book,https://www.federalreserve.gov/monetarypolicy/beigebook202604-summary.htm,XLI,test,-2,-0.007422891584839442,0.0034084813297174943,-0.04622927094022389
2026-04-15,Beige_Book,https://www.federalreserve.gov/monetarypolicy/beigebook202604-summary.htm,XLK,test,2,0.008986464463450972,0.01558786951175517,0.11315757469286147
2026-04-15,Beige_Book,https://www.federalreserve.gov/monetarypolicy/beigebook202604-summary.htm,XLP,test,-1,0.0021071287812122197,0.0038211772691864043,-0.0191906398769095
2026-04-15,Beige_Book,https://www.federalreserve.gov/monetarypolicy/beigebook202604-summary.htm,XLRE,test,-2,0.0067571428967010405,0.015561584595901734,-0.05477142999574247
2026-04-15,Beige_Book,https://www.federalreserve.gov/monetarypolicy/beigebook202604-summary.htm,XLU,test,-2,0.004713394909239721,-0.018353915416725153,-0.09037779228712717
2026-04-15,Beige_Book,https://www.federalreserve.gov/monetarypolicy/beigebook202604-summary.htm,XLV,test,-2,-0.010307389527379862,-0.014729951035639677,-0.07394623039315029
2026-04-15,Beige_Book,https://www.federalreserve.gov/monetarypolicy/beigebook202604-summary.htm,XLY,test,-2,-0.007111314803501911,0.0019515236995776286,-0.062206322259471314
2026-04-29,FOMC_statement,https://www.federalreserve.gov/newsevents/pressreleases/monetary20260429a.htm,XLB,test,-2,5.826032306099904e-05,-0.0150108118396719,-0.056305523944292335
2026-04-29,FOMC_statement,https://www.federalreserve.gov/newsevents/pressreleases/monetary20260429a.htm,XLC,test,-2,0.0006323823201472845,-0.0019828184765018353,-0.05770266299150684
2026-04-29,FOMC_statement,https://www.federalreserve.gov/newsevents/pressreleases/monetary20260429a.htm,XLE,test,-2,0.0005535297362668778,-0.0027879054467614406,-0.10607942133653259
2026-04-29,FOMC_statement,https://www.federalreserve.gov/newsevents/pressreleases/monetary20260429a.htm,XLF,test,-2,-0.005904880908215393,-0.01558751761647359,-0.06774537974061534
2026-04-29,FOMC_statement,https://www.federalreserve.gov/newsevents/pressreleases/monetary20260429a.htm,XLI,test,-2,0.01741462312457931,-0.0024182653846342994,-0.04148298647167015
2026-04-29,FOMC_statement,https://www.federalreserve.gov/newsevents/pressreleases/monetary20260429a.htm,XLK,test,2,-0.007498460634278281,0.009366794915130927,0.12401521845831243
2026-04-29,FOMC_statement,https://www.federalreserve.gov/newsevents/pressreleases/monetary20260429a.htm,XLP,test,-2,0.006813451404818149,-0.0014375525038197168,-0.06092637364817499
2026-04-29,FOMC_statement,https://www.federalreserve.gov/newsevents/pressreleases/monetary20260429a.htm,XLRE,test,-2,0.007465689205260029,0.0011429687205924965,-0.0529990346293393
2026-04-29,FOMC_statement,https://www.federalreserve.gov/newsevents/pressreleases/monetary20260429a.htm,XLU,test,-2,0.015663289635262423,0.00628733980956353,-0.08844061417358995
2026-04-29,FOMC_statement,https://www.federalreserve.gov/newsevents/pressreleases/monetary20260429a.htm,XLV,test,-1,0.01210312622993892,0.00434972545480572,-0.01536006745171603
2026-04-29,FOMC_statement,https://www.federalreserve.gov/newsevents/pressreleases/monetary20260429a.htm,XLY,test,-2,0.002974015497205995,-0.001436659988453215,-0.02665833365380188
2026-06-03,Beige_Book,https://www.federalreserve.gov/monetarypolicy/beigebook202605-summary.htm,XLB,test,1,-0.003972469882476015,-0.012839147380095173,0.012646953257837823
2026-06-03,Beige_Book,https://www.federalreserve.gov/monetarypolicy/beigebook202605-summary.htm,XLC,test,-1,0.005411188600688455,0.011031503861292702,-0.012758497222279064
2026-06-03,Beige_Book,https://www.federalreserve.gov/monetarypolicy/beigebook202605-summary.htm,XLE,test,-2,-0.003097349901451718,0.013509306122042375,-0.0906719585804937
2026-06-03,Beige_Book,https://www.federalreserve.gov/monetarypolicy/beigebook202605-summary.htm,XLF,test,2,0.022169797593851293,0.04151295457533566,0.1032906405558689
2026-06-03,Beige_Book,https://www.federalreserve.gov/monetarypolicy/beigebook202605-summary.htm,XLI,test,2,0.008344304293004923,0.017492082115763807,0.06891869479373336
2026-06-03,Beige_Book,https://www.federalreserve.gov/monetarypolicy/beigebook202605-summary.htm,XLK,test,-2,-0.019372606825840077,-0.0409329729709077,-0.057420929545290544
2026-06-03,Beige_Book,https://www.federalreserve.gov/monetarypolicy/beigebook202605-summary.htm,XLP,test,2,-0.00523931989110249,0.030936414196862994,0.0316728399095112
2026-06-03,Beige_Book,https://www.federalreserve.gov/monetarypolicy/beigebook202605-summary.htm,XLRE,test,2,0.0166765179846311,0.031989548046103544,0.028162372642710487
2026-06-03,Beige_Book,https://www.federalreserve.gov/monetarypolicy/beigebook202605-summary.htm,XLU,test,2,0.001483306765095449,0.015644632948923487,0.04331102964097178
2026-06-03,Beige_Book,https://www.federalreserve.gov/monetarypolicy/beigebook202605-summary.htm,XLV,test,2,0.02692271601101237,0.0542302802603255,0.09970976291201439
2026-06-03,Beige_Book,https://www.federalreserve.gov/monetarypolicy/beigebook202605-summary.htm,XLY,test,1,0.0007617058445086311,0.008453828750091485,0.015088296331253526
2026-06-17,FOMC_statement,https://www.federalreserve.gov/newsevents/pressreleases/monetary20260617a.htm,XLB,test,-2,-0.014433888843325304,-0.01123611920776757,-0.03874301178386064
2026-06-17,FOMC_statement,https://www.federalreserve.gov/newsevents/pressreleases/monetary20260617a.htm,XLC,test,1,-0.008107613324406238,-0.007725711775397159,0.013810925349869607
2026-06-17,FOMC_statement,https://www.federalreserve.gov/newsevents/pressreleases/monetary20260617a.htm,XLE,test,2,-0.026859311779286577,0.010852751814939388,0.0624109574367846
2026-06-17,FOMC_statement,https://www.federalreserve.gov/newsevents/pressreleases/monetary20260617a.htm,XLF,test,2,-0.01927766695677513,0.007681472940966549,0.035816418512116255
2026-06-17,FOMC_statement,https://www.federalreserve.gov/newsevents/pressreleases/monetary20260617a.htm,XLI,test,-1,-0.0031029593225080365,0.0018808886013705894,-0.009276678794521098
2026-06-17,FOMC_statement,https://www.federalreserve.gov/newsevents/pressreleases/monetary20260617a.htm,XLK,test,-2,0.01995824182005479,0.00110673781402304,-0.05487484604336246
2026-06-17,FOMC_statement,https://www.federalreserve.gov/newsevents/pressreleases/monetary20260617a.htm,XLP,test,1,-0.014938087868309746,0.014870136616185414,0.017694931595421126
2026-06-17,FOMC_statement,https://www.federalreserve.gov/newsevents/pressreleases/monetary20260617a.htm,XLRE,test,2,-0.012898754816542124,0.031297458388488186,0.033417500386150434
2026-06-17,FOMC_statement,https://www.federalreserve.gov/newsevents/pressreleases/monetary20260617a.htm,XLU,test,1,-0.003649372294013409,0.027332182152434714,0.013329153979512176
2026-06-17,FOMC_statement,https://www.federalreserve.gov/newsevents/pressreleases/monetary20260617a.htm,XLV,test,2,-0.019089264886064772,0.02155479918780856,0.05687037781720394
2026-06-17,FOMC_statement,https://www.federalreserve.gov/newsevents/pressreleases/monetary20260617a.htm,XLY,test,-1,0.0040632049142899085,-0.005527658126267654,-0.00889782377387427
2026-07-15,Beige_Book,https://www.federalreserve.gov/monetarypolicy/beigebook202607-summary.htm,XLB,test,0,0.013141377947444188,0.007683706728362716,0.005855056679177961
2026-07-15,Beige_Book,https://www.federalreserve.gov/monetarypolicy/beigebook202607-summary.htm,XLC,test,-2,-0.0010198700300215746,-0.005906801542701179,-0.03583830979896874
2026-07-15,Beige_Book,https://www.federalreserve.gov/monetarypolicy/beigebook202607-summary.htm,XLE,test,2,0.01462216568140684,0.04221618235295921,0.049149992748048765
2026-07-15,Beige_Book,https://www.federalreserve.gov/monetarypolicy/beigebook202607-summary.htm,XLF,test,0,0.008777857892449892,0.0077446314120500626,-0.000793485780934633
2026-07-15,Beige_Book,https://www.federalreserve.gov/monetarypolicy/beigebook202607-summary.htm,XLI,test,0,0.0059184308137606445,0.006132048971018822,0.0016341118687767109
2026-07-15,Beige_Book,https://www.federalreserve.gov/monetarypolicy/beigebook202607-summary.htm,XLK,test,1,-0.016940659243573686,-0.015617714511228842,0.023030425081169037
2026-07-15,Beige_Book,https://www.federalreserve.gov/monetarypolicy/beigebook202607-summary.htm,XLP,test,0,0.033452597673355844,0.033865208036520045,0.0002584403800983681
2026-07-15,Beige_Book,https://www.federalreserve.gov/monetarypolicy/beigebook202607-summary.htm,XLRE,test,-1,0.025616052304067494,0.032064522850082655,-0.017492637753160123
2026-07-15,Beige_Book,https://www.federalreserve.gov/monetarypolicy/beigebook202607-summary.htm,XLU,test,-2,0.010947144807498588,0.010768990160592296,-0.05653388684011884
2026-07-15,Beige_Book,https://www.federalreserve.gov/monetarypolicy/beigebook202607-summary.htm,XLV,test,2,0.02759317025181851,0.023294365724835564,0.03207607604137663
2026-07-15,Beige_Book,https://www.federalreserve.gov/monetarypolicy/beigebook202607-summary.htm,XLY,test,-1,0.008324569362288758,-0.003546004565022187,-0.016110496917949413
