date,source,url,prev_date,stance_delta,growth_delta,inflation_delta,labor_delta,forward_guidance_delta,balance_sheet_signal,uncertainty_language,financial_stability_concern,low_confidence,evidence_quotes
1999-05-05,Beige_Book,https://www.federalreserve.gov/fomc/beigebook/1999/19990505/default.htm,1999-03-17,0,0,0,0,0,0,0,0,False,{}
1999-06-16,Beige_Book,https://www.federalreserve.gov/fomc/beigebook/1999/19990616/default.htm,1999-05-05,0,1,0,1,0,0,0,0,False,"{""growth_delta"": ""District reports indicate that the U.S. economy remains strong, with gains in activity widespread."", ""labor_delta"": ""Labor markets remain very tight in almost all districts, with increased reports of upward pressure on wages in many parts of the country.""}"
1999-06-30,FOMC_statement,https://www.federalreserve.gov/boarddocs/press/general/1999/19990630/default.htm,1999-05-18,1,1,0,0,-1,0,1,0,False,"{""stance_delta"": ""The Federal Open Market Committee today voted to raise its target for the federal funds rate 25 basis points to 5 percent."", ""growth_delta"": ""economic activity in the United States has moved forward at a brisk pace."", ""forward_guidance_delta"": ""the FOMC has chosen to adopt a directive that includes no predilection about near-term policy action."", ""uncertainty_language"": ""Owing to the uncertain resolution of the balance of conflicting forces in the economy going forward,""}"
1999-08-11,Beige_Book,https://www.federalreserve.gov/fomc/beigebook/1999/19990811/default.htm,1999-06-16,0,0,0,0,0,0,1,0,False,"{""uncertainty_language"": ""though supply constraints are limiting growth in many areas""}"
1999-09-22,Beige_Book,https://www.federalreserve.gov/fomc/beigebook/1999/19990922/default.htm,1999-08-11,0,1,1,-1,0,0,1,0,False,"{""growth_delta"": ""Manufacturing activity appears to have accelerated in almost every district."", ""inflation_delta"": ""While price pressures at the consumer level remain mostly calm, numerous districts report significant increases in some materials prices."", ""labor_delta"": ""Although commentary from most district reports continues to highlight widespread labor shortages, several districts have noted a slackening in the demand for labor."", ""uncertainty_language"": ""The Atlanta district, however, reports declining sales from a year earlier, while the Kansas City and New York districts indicate mixed or flat sales.""}"
1999-10-05,FOMC_statement,https://www.federalreserve.gov/boarddocs/press/general/1999/19991005/DEFAULT.HTM,1999-08-24,0,1,0,1,1,0,1,0,False,"{""growth_delta"": ""Strengthening productivity growth has been fostering favorable trends in unit costs and prices, and much recent information suggests that these trends have been sustained."", ""labor_delta"": ""a decreasing pool of available workers willing to take jobs"", ""forward_guidance_delta"": ""the Committee adopted a directive that was biased toward a possible firming of policy going forward"", ""uncertainty_language"": ""such a directive did not signify a commitment to near-term action. The Committee will need to evaluate additional information on the balance of aggregate supply and demand and conditions in financial markets.""}"
1999-11-03,Beige_Book,https://www.federalreserve.gov/fomc/beigebook/1999/19991103/default.htm,1999-09-22,0,-1,0,0,0,0,1,0,False,"{""growth_delta"": ""Most districts continue to report strong economic growth but some slowing is noted."", ""uncertainty_language"": ""some slowing is noted""}"
1999-11-16,FOMC_statement,https://www.federalreserve.gov/boarddocs/press/general/1999/19991116/DEFAULT.HTM,1999-10-05,1,0,0,1,0,0,0,0,True,"{""stance_delta"": ""The Federal Open Market Committee today voted to raise its target for the federal funds rate by 25 basis points to 5-1/2 percent."", ""labor_delta"": ""As a consequence, the pool of available workers willing to take jobs has been drawn down further in recent months, a trend that must eventually be contained if inflationary imbalances are to remain in check and economic expansion continue.""}"
1999-12-08,Beige_Book,https://www.federalreserve.gov/fomc/beigebook/1999/19991208/default.htm,1999-11-03,0,0,0,0,0,0,1,0,False,"{""uncertainty_language"": ""The pace of wage and salary increases did not appear to be accelerating generally, although there were some reports of larger recent salary increases in some industries and regions.""}"
1999-12-21,FOMC_statement,https://www.federalreserve.gov/boarddocs/press/general/1999/19991221/DEFAULT.HTM,1999-11-16,-1,0,0,0,-1,0,2,1,False,"{""stance_delta"": ""The Federal Open Market Committee made no change today in its target for the federal funds rate."", ""forward_guidance_delta"": ""the Committee decided to adopt a symmetric directive in order to indicate that the focus of policy in the intermeeting period must be ensuring a smooth transition into the Year 2000."", ""uncertainty_language"": ""market uncertainties associated with the century date change"", ""financial_stability_concern"": ""ensuring a smooth transition into the Year 2000""}"
2000-01-19,Beige_Book,https://www.federalreserve.gov/fomc/beigebook/2000/20000119/default.htm,1999-12-08,0,1,0,0,0,0,0,0,False,"{""growth_delta"": ""Reports from most Federal Reserve Districts indicated strong economic growth in December and early January.""}"
2000-02-02,FOMC_statement,https://www.federalreserve.gov/boarddocs/press/general/2000/20000202/default.htm,1999-12-21,1,0,1,0,1,0,0,0,False,"{""stance_delta"": ""The Federal Open Market Committee voted today to raise its target for the federal funds rate by 25 basis points to 5-3/4 percent."", ""inflation_delta"": ""The Committee remains concerned that over time increases in demand will continue to exceed the growth in potential supply, even after taking account of the pronounced rise in productivity growth. Such trends could foster inflationary imbalances that would undermine the economy's record economic expansion."", ""forward_guidance_delta"": ""the Committee believes the risks are weighted mainly toward conditions that may generate heightened inflation pressures in the foreseeable future.""}"
2000-03-08,Beige_Book,https://www.federalreserve.gov/fomc/beigebook/2000/20000308/default.htm,2000-01-19,0,1,1,1,0,0,0,0,False,"{""growth_delta"": ""Reports from the twelve Federal Reserve Districts indicated appreciable expansion of economic activity during late January and February."", ""inflation_delta"": ""Despite faster wage growth for some workers, increases in the prices of final goods and services were limited overall, although the prices of transportation services and some industrial commodities rose noticeably."", ""labor_delta"": ""Most districts reported tight supplies and upward wage pressure for various types of labor, both skilled and entry level.""}"
2000-03-21,FOMC_statement,https://www.federalreserve.gov/boarddocs/press/general/2000/20000321/default.htm,2000-02-02,0,0,0,0,0,0,0,0,False,{}
2000-05-03,Beige_Book,https://www.federalreserve.gov/fomc/beigebook/2000/20000503/default.htm,2000-03-08,0,0,1,1,0,0,1,0,False,"{""inflation_delta"": ""Increasing input prices were noted in nearly every region."", ""labor_delta"": ""There were more frequent reports of intensifying wage pressures as shortages of workers persisted in all Districts."", ""uncertainty_language"": ""District reports generally indicated that recent volatility in equity markets had not had an impact on activity as of the time of this report, although it had altered some contacts' expectations.""}"
2000-05-16,FOMC_statement,https://www.federalreserve.gov/boarddocs/press/general/2000/20000516/default.htm,2000-03-21,1,0,1,0,0,0,0,0,False,"{""stance_delta"": ""raise its target for the federal funds rate by 50 basis points to 6-1/2 percent"", ""inflation_delta"": ""Increases in demand have remained in excess of even the rapid pace of productivity-driven gains in potential supply, exerting continued pressure on resources. The Committee is concerned that this disparity in the growth of demand and potential supply will continue, which could foster inflationary imbalances""}"
2000-06-14,Beige_Book,https://www.federalreserve.gov/fomc/beigebook/2000/20000614/default.htm,2000-05-03,0,-1,1,0,0,0,1,0,False,"{""growth_delta"": ""Reports from the Federal Reserve Districts indicate that solid economic growth continued in April and May, but that signs of some slowing from the rapid pace earlier in the year are also present."", ""inflation_delta"": ""Indications of worsening price inflation, while not widespread, are reported by several Districts."", ""uncertainty_language"": ""but that signs of some slowing from the rapid pace earlier in the year are also present.""}"
2000-06-28,FOMC_statement,https://www.federalreserve.gov/boarddocs/press/general/2000/20000628/default.htm,2000-05-16,-1,0,-1,0,0,0,1,0,True,"{""stance_delta"": ""The Federal Open Market Committee at its meeting today decided to maintain the existing stance of monetary policy, keeping its target for the federal funds rate at 6-1/2 percent."", ""inflation_delta"": ""Although core measures of prices are rising slightly faster than a year ago, continuing rapid advances in productivity have been containing costs and holding down underlying price pressures."", ""uncertainty_language"": ""signs that growth in demand is moving to a sustainable pace are still tentative and preliminary""}"
2000-08-09,Beige_Book,https://www.federalreserve.gov/fomc/beigebook/2000/20000809/default.htm,2000-06-14,0,-1,-1,0,0,0,1,0,False,"{""growth_delta"": ""economic activity in all Federal Reserve Districts continued to expand in June and July, but there were additional signs that the expansion was moderating in some sectors and the majority of Districts."", ""inflation_delta"": ""Easing demand appears to be restraining price increases. Energy prices remain high but may have peaked, and reports suggest that most of the indirect costs of rising energy prices have been absorbed by final goods producers for the time being."", ""uncertainty_language"": ""may have peaked""}"
2000-08-22,FOMC_statement,https://www.federalreserve.gov/boarddocs/press/general/2000/20000822/default.htm,2000-06-28,0,1,-1,0,0,0,0,0,False,"{""growth_delta"": ""Recent data have indicated that the expansion of aggregate demand is moderating toward a pace closer to the rate of growth of the economy's potential to produce."", ""inflation_delta"": ""more rapid advances in productivity have been raising that potential growth rate as well as containing costs and holding down underlying price pressures.""}"
2000-09-20,Beige_Book,https://www.federalreserve.gov/fomc/beigebook/2000/20000920/default.htm,2000-08-09,0,0,0,-1,0,0,1,0,False,"{""labor_delta"": ""Labor markets remained tight in most Districts, although signs of some easing were reported by Boston and Kansas City."", ""uncertainty_language"": ""expectations for sales through year-end were upbeat""}"
2000-10-03,FOMC_statement,https://www.federalreserve.gov/boarddocs/press/general/2000/20001003/default.htm,2000-08-22,0,0,1,0,0,0,1,0,False,"{""inflation_delta"": ""Moreover, the increase in energy prices, though having limited effect on core measures of prices to date, poses a risk of raising inflation expectations."", ""uncertainty_language"": ""though having limited effect on core measures of prices to date, poses a risk of raising inflation expectations.""}"
2000-11-01,Beige_Book,https://www.federalreserve.gov/fomc/beigebook/2000/20001101/default.htm,2000-09-20,0,-1,0,0,0,0,1,0,False,"{""growth_delta"": ""Reports from Federal Reserve Banks generally described the regional economies as growing at a moderate pace... but with additional signs of slowing growth in some areas."", ""uncertainty_language"": ""The outlook for the tourism and hospitality industry was a little less upbeat... both reports expressed concern that rising fuel prices could discourage winter tourists.""}"
2000-11-15,FOMC_statement,https://www.federalreserve.gov/boarddocs/press/general/2000/20001115/default.htm,2000-10-03,0,-1,0,0,0,0,1,1,False,"{""growth_delta"": ""softening in business and household demand and tightening conditions in financial markets over recent months suggest that the economy could expand for a time at a pace below the productivity-enhanced rate of growth of its potential to produce."", ""uncertainty_language"": ""suggest that the economy could expand for a time at a pace below the productivity-enhanced rate of growth of its potential to produce."", ""financial_stability_concern"": ""tightening conditions in financial markets over recent months""}"
2000-12-06,Beige_Book,https://www.federalreserve.gov/fomc/beigebook/2000/20001206/default.htm,2000-11-01,0,-1,0,-1,0,0,1,0,False,"{""growth_delta"": ""District reports indicated some further evidence of slowing in economic growth"", ""labor_delta"": ""Labor shortages persisted in almost all areas, although there have been some signs of easing since the last report in Boston, Cleveland and Atlanta"", ""uncertainty_language"": ""Retailers expressed a general sense of optimism about the remainder of the holiday season""}"
2000-12-19,FOMC_statement,https://www.federalreserve.gov/boarddocs/press/general/2000/20001219/default.htm,2000-11-15,0,-1,-1,0,-1,0,0,0,False,"{""growth_delta"": ""economic growth may be slowing further"", ""inflation_delta"": ""While some inflation risks persist, they are diminished by the more moderate pace of economic activity and by the absence of any indication that longer-term inflation expectations have increased"", ""forward_guidance_delta"": ""the risks are weighted mainly toward conditions that may generate economic weakness in the foreseeable future""}"
2001-01-03,FOMC_statement,https://www.federalreserve.gov/boarddocs/press/general/2001/20010103/default.htm,2000-12-19,-1,-1,-1,0,0,0,0,0,False,"{""stance_delta"": ""The Federal Open Market Committee decided today to lower its target for the federal funds rate by 50 basis points to 6 percent."", ""growth_delta"": ""These actions were taken in light of further weakening of sales and production, and in the context of lower consumer confidence, tight conditions in some segments of financial markets, and high energy prices sapping household and business purchasing power."", ""inflation_delta"": ""Moreover, inflation pressures remain contained.""}"
2001-01-17,Beige_Book,https://www.federalreserve.gov/fomc/beigebook/2001/20010117/default.htm,2000-12-06,0,-2,-1,-1,0,0,1,0,False,"{""growth_delta"": ""Reports from Federal Reserve Districts indicate that economic growth slowed in December, easing labor shortages somewhat and limiting price pressures for finished goods and services. Most districts reported a further deceleration in growth from the previous survey. Philadelphia reported an actual decline in activity..."", ""inflation_delta"": ""Prices for most manufactured goods were flat to down despite higher costs for energy and other inputs. Consumer product prices were constrained by heavy holiday discounting."", ""labor_delta"": ""Labor markets eased somewhat but remained tight. Layoffs in a wide variety of industries were announced in most districts."", ""uncertainty_language"": ""Atlanta also reported that uncertainty about the U.S. stock market was adversely affecting firms' capital expenditure plans.""}"
2001-01-31,FOMC_statement,https://www.federalreserve.gov/boarddocs/press/general/2001/20010131/default.htm,2001-01-03,-1,-1,0,0,0,0,0,0,False,"{""stance_delta"": ""lower its target for the federal funds rate by 50 basis points to 5-1/2 percent"", ""growth_delta"": ""Consumer and business confidence has eroded further, exacerbated by rising energy costs that continue to drain consumer purchasing power and press on business profit margins. Partly as a consequence, retail sales and business spending on capital equipment have weakened appreciably. In response, manufacturing production has been cut back sharply""}"
2001-03-07,Beige_Book,https://www.federalreserve.gov/fomc/beigebook/2001/20010307/default.htm,2001-01-17,0,-1,0,-1,0,0,1,0,False,"{""growth_delta"": ""A majority of Federal Reserve Districts reported sluggish to modest economic growth in February, while others generally reported mixed conditions."", ""labor_delta"": ""Although labor markets remain tight, over half of the Federal Reserve Districts--Boston, Atlanta, Chicago, St. Louis, Minneapolis, Kansas City, and San Francisco--noted some signs of easing."", ""uncertainty_language"": ""Economic conditions were mixed in Philadelphia, Cleveland, Chicago, and Minneapolis, and St. Louis reported noticeably slower economic activity.""}"
2001-03-20,FOMC_statement,https://www.federalreserve.gov/boarddocs/press/general/2001/20010320/default.htm,2001-01-31,0,-1,0,0,0,0,1,0,False,"{""growth_delta"": ""excess productive capacity has emerged recently.  The possibility that this excess could continue for some time and the potential for weakness in global economic conditions suggest substantial risks that demand and production could remain soft."", ""uncertainty_language"": ""when the economic situation could be evolving rapidly, the Federal Reserve will need to monitor developments closely.""}"
2001-04-18,FOMC_statement,https://www.federalreserve.gov/boarddocs/press/general/2001/20010418/default.htm,2001-03-20,0,1,0,0,0,0,1,0,False,"{""growth_delta"": ""A significant reduction in excess inventories seems well advanced. Consumption and housing expenditures have held up reasonably well, though activity in these areas has flattened recently."", ""uncertainty_language"": ""rising uncertainty about the business outlook""}"
2001-05-02,Beige_Book,https://www.federalreserve.gov/fomc/beigebook/2001/20010502/default.htm,2001-03-07,0,-1,1,-1,0,0,1,0,False,"{""growth_delta"": ""Almost all districts report a slow pace of economic activity in March and early April."", ""inflation_delta"": ""Upward wage pressures have generally abated, only to be replaced with energy costs that have risen sharply."", ""labor_delta"": ""Labor market tightness has eased in almost every district."", ""uncertainty_language"": ""Boston, Chicago and St. Louis district contacts are uncerta""}"
2001-05-15,FOMC_statement,https://www.federalreserve.gov/boarddocs/press/general/2001/20010515/default.htm,2001-04-18,-1,-1,-1,0,0,0,1,0,False,"{""stance_delta"": ""lower its target for the federal funds rate by 50 basis points to 4 percent"", ""growth_delta"": ""Investment in capital equipment, however, has continued to decline"", ""inflation_delta"": ""With pressures on labor and product markets easing, inflation is expected to remain contained"", ""uncertainty_language"": ""considerable uncertainty about the business outlook""}"
2001-06-13,Beige_Book,https://www.federalreserve.gov/fomc/beigebook/2001/20010613/default.htm,2001-05-02,0,-1,0,0,0,0,1,0,False,"{""growth_delta"": ""Most districts report that economic activity was little changed or decelerating in April and May."", ""uncertainty_language"": ""High fuel prices and consumer uncertainty appear to be restraining travel to Hawaii, Las Vegas and other high-end destinations""}"
2001-06-27,FOMC_statement,https://www.federalreserve.gov/boarddocs/press/general/2001/20010627/default.htm,2001-05-15,-1,0,0,0,0,0,0,0,False,"{""stance_delta"": ""lower its target for the federal funds rate by 25 basis points to 3-3/4 percent""}"
2001-08-08,Beige_Book,https://www.federalreserve.gov/fomc/beigebook/2001/20010808/default.htm,2001-06-13,0,-1,-1,-1,0,0,1,1,False,"{""growth_delta"": ""Reports from most Federal Reserve Districts point to slow growth or lateral movement in economic activity in June and July."", ""inflation_delta"": ""Prices for energy, fuel, and many material inputs fell in most regions. Falling input costs and stiff domestic and foreign competition kept prices of most consumer goods in check."", ""labor_delta"": ""Continued slow economic growth loosened labor markets and eased wage pressures in most Districts in June and July"", ""uncertainty_language"": ""Reports from most Federal Reserve Districts point to slow growth or lateral movement in economic activity in June and July."", ""financial_stability_concern"": ""Financial institutions across the country reported reduced demand for a wide variety of loans, tighter credit standards, and stable-to-deteriorating quality of existing loans and leases; residential mortgages were the notable exception to these trends.""}"
2001-08-21,FOMC_statement,https://www.federalreserve.gov/boarddocs/press/general/2001/20010821/default.htm,2001-06-27,0,0,0,0,0,0,0,0,False,{}
2001-09-17,FOMC_statement,https://www.federalreserve.gov/boarddocs/press/general/2001/20010917/default.htm,2001-08-21,-1,-1,0,-1,0,1,1,1,False,"{""stance_delta"": ""lower its target for the federal funds rate by 50 basis points to 3 percent"", ""growth_delta"": ""employment, production, and business spending remained weak, and last week's events have the potential to damp spending further"", ""labor_delta"": ""employment, production, and business spending remained weak"", ""balance_sheet_signal"": ""The Federal Reserve will continue to supply unusually large volumes of liquidity to the financial markets, as needed, until more normal market functioning is restored"", ""uncertainty_language"": ""have the potential to damp spending further"", ""financial_stability_concern"": ""until more normal market functioning is restored""}"
2001-09-19,Beige_Book,https://www.federalreserve.gov/fomc/beigebook/2001/20010919/default.htm,2001-08-08,0,-1,-1,-1,0,0,1,0,False,"{""growth_delta"": ""reports from Federal Reserve Districts generally indicated that overall economic activity remained sluggish in August and early September, with several suggesting that activity slowed further."", ""inflation_delta"": ""Upward pressure on retail prices appeared to ease further in some regions, and Chicago and Dallas indicated that there were more reports of price decreases than increases."", ""labor_delta"": ""Relatively soft labor markets persisted in most Districts, with a few reports indicating further easing."", ""uncertainty_language"": ""contacts in some Districts reported that businesses had a \""wait and see\"" attitude.""}"
2001-10-02,FOMC_statement,https://www.federalreserve.gov/boarddocs/press/general/2001/20011002/default.htm,2001-09-17,0,-1,0,0,0,0,1,0,False,"{""growth_delta"": ""The terrorist attacks have significantly heightened uncertainty in an economy that was already weak. Business and household spending as a consequence are being further damped."", ""uncertainty_language"": ""The terrorist attacks have significantly heightened uncertainty in an economy that was already weak.""}"
2001-10-24,Beige_Book,https://www.federalreserve.gov/fomc/beigebook/2001/20011024/default.htm,2001-09-19,0,-2,0,-2,0,0,2,0,False,"{""growth_delta"": ""Reports from all Federal Reserve Districts indicate weak economic activity in September and the first weeks of October."", ""labor_delta"": ""layoffs and plant closings have been reported in many industries, from financial services on the East Coast to media and advertising on the West Coast to auto parts in the central states."", ""uncertainty_language"": ""Most Districts report sales expectations that are both more uncertain and lower than they had been in August.""}"
2001-11-06,FOMC_statement,https://www.federalreserve.gov/boarddocs/press/general/2001/20011106/default.htm,2001-10-02,-1,-1,0,0,0,0,1,0,False,"{""stance_delta"": ""lower its target for the federal funds rate by 50 basis points to 2 percent"", ""growth_delta"": ""Heightened uncertainty and concerns about a deterioration in business conditions both here and abroad are damping economic activity"", ""uncertainty_language"": ""Heightened uncertainty and concerns about a deterioration in business conditions both here and abroad""}"
2001-11-28,Beige_Book,https://www.federalreserve.gov/fomc/beigebook/2001/20011128/default.htm,2001-10-24,0,-1,0,-1,0,0,1,0,False,"{""growth_delta"": ""Reports from the Federal Reserve districts indicate that economic activity generally remained soft in October and the first half of November, with evidence of additional slowing in most regions outweighing signs of recovery in a few districts."", ""labor_delta"": ""Labor markets continued to ease. Layoffs and downsizings contributed to a greater supply of available workers and wages were steady to lower."", ""uncertainty_language"": ""Store managers had mixed expectations about sales prospects for the upcoming holiday season.""}"
2001-12-11,FOMC_statement,https://www.federalreserve.gov/boarddocs/press/general/2001/20011211/default.htm,2001-11-06,-1,1,-1,0,0,0,1,0,False,"{""stance_delta"": ""lower its target for the federal funds rate by 25 basis points to 1-3/4 percent"", ""growth_delta"": ""weakness in demand shows signs of abating, but those signs are preliminary and tentative"", ""inflation_delta"": ""underlying inflation likely to edge lower from relatively modest levels"", ""uncertainty_language"": ""but those signs are preliminary and tentative""}"
2002-01-16,Beige_Book,https://www.federalreserve.gov/fomc/beigebook/2002/20020116/default.htm,2001-11-28,0,1,0,0,0,0,1,0,False,"{""growth_delta"": ""there are also scattered reports of improvement"", ""uncertainty_language"": ""the timing and strength are uncertain""}"
2002-01-30,FOMC_statement,https://www.federalreserve.gov/boarddocs/press/general/2002/20020130/default.htm,2001-12-11,1,1,0,0,0,0,1,0,False,"{""stance_delta"": ""The Federal Open Market Committee decided today to keep its target for the federal funds rate unchanged at 1-3/4 percent."", ""growth_delta"": ""Signs that weakness in demand is abating and economic activity is beginning to firm have become more prevalent."", ""uncertainty_language"": ""The degree of any strength in business capital and household spending, however, is still uncertain.""}"
2002-03-19,FOMC_statement,https://www.federalreserve.gov/boarddocs/press/general/2002/20020319/,2002-01-30,0,1,0,0,1,0,0,0,False,"{""growth_delta"": ""the economy, bolstered by a marked swing in inventory investment, is expanding at a significant pace"", ""forward_guidance_delta"": ""the risks are balanced with respect to the prospects for both goals""}"
2002-04-24,Beige_Book,https://www.federalreserve.gov/fomc/beigebook/2002/20020424/default.htm,2002-03-06,0,1,0,0,0,0,1,0,False,"{""growth_delta"": ""Almost all Federal Reserve Districts reported signs of improvement or actual increases in economic activity since the last survey."", ""uncertainty_language"": ""While the overall tone was positive, a few districts expressed qualifications about the pace of the recovery or the strength of their regional economies.""}"
2002-05-07,FOMC_statement,https://www.federalreserve.gov/boarddocs/press/monetary/2002/20020507/default.htm,2002-03-19,0,0,0,0,0,0,0,0,False,{}
2002-06-12,Beige_Book,https://www.federalreserve.gov/fomc/beigebook/2002/20020612/default.htm,2002-04-24,0,0,0,0,0,0,1,0,False,"{""uncertainty_language"": ""Reports from Federal Reserve Districts indicated that overall economic activity expanded at a moderate pace in late April and May.  The tone was one of modest but uneven growth, with some major sectors showing signs of improvement while others softened or remained weak.""}"
2002-06-26,FOMC_statement,https://www.federalreserve.gov/boarddocs/press/monetary/2002/20020626/default.htm,2002-05-07,0,-1,0,0,0,0,1,0,False,"{""growth_delta"": ""both the upward impetus from the swing in inventory investment and the growth in final demand appear to have moderated"", ""uncertainty_language"": ""but the degree of the strengthening remains uncertain""}"
2002-07-31,Beige_Book,https://www.federalreserve.gov/fomc/beigebook/2002/20020731/default.htm,2002-06-12,0,0,0,0,0,0,1,1,False,"{""uncertainty_language"": ""contacts in a number of Districts expressed concern about the risk that declining equity markets would affect the real economy"", ""financial_stability_concern"": ""contacts in a number of Districts expressed concern about the risk that declining equity markets would affect the real economy""}"
2002-08-13,FOMC_statement,https://www.federalreserve.gov/boarddocs/press/monetary/2002/20020813/default.htm,2002-06-26,0,-1,0,0,-1,0,1,1,False,"{""growth_delta"": ""The softening in the growth of aggregate demand that emerged this spring has been prolonged"", ""forward_guidance_delta"": ""the risks are weighted mainly toward conditions that may generate economic weakness"", ""uncertainty_language"": ""heightened uncertainty related to problems in corporate reporting and governance"", ""financial_stability_concern"": ""weakness in financial markets and heightened uncertainty related to problems in corporate reporting and governance""}"
2002-09-11,Beige_Book,https://www.federalreserve.gov/fomc/beigebook/2002/20020911/default.htm,2002-07-31,0,-1,0,-1,0,0,1,0,False,"{""growth_delta"": ""the growth of economic activity has slowed in recent weeks"", ""labor_delta"": ""Most Districts reported little or no gain in employment in July and August"", ""uncertainty_language"": ""with a good deal of variation across sectors""}"
2002-09-24,FOMC_statement,https://www.federalreserve.gov/boarddocs/press/monetary/2002/20020924/default.htm,2002-08-13,-1,1,0,0,0,0,1,0,False,"{""stance_delta"": ""Voting against the action were: Edward M. Gramlich and Robert D. McTeer, Jr.\nGovernor Gramlich and President McTeer preferred a reduction in the target for the federal funds rate."", ""growth_delta"": ""The information that has become available since the last meeting of the Committee suggests that aggregate demand is growing at a moderate pace."", ""uncertainty_language"": ""However, considerable uncertainty persists about the extent and timing of the expected pickup in production and employment owing in part to the emergence of heightened geopolitical risks.""}"
2002-10-23,Beige_Book,https://www.federalreserve.gov/fomc/beigebook/2002/20021023/default.htm,2002-09-11,0,-1,1,-1,0,0,1,0,False,"{""growth_delta"": ""Most Districts reported that economic activity remained sluggish in September and early October."", ""inflation_delta"": ""Overall wage and price increases were moderate, but significant price increases were noted in health care, insurance, and shipping."", ""labor_delta"": ""Labor markets were lackluster in all Districts."", ""uncertainty_language"": ""auto dealers there expressed uncertainty about future sales.""}"
2002-11-06,FOMC_statement,https://www.federalreserve.gov/boarddocs/press/monetary/2002/20021106/default.htm,2002-09-24,-2,-1,-1,-1,1,0,0,0,False,"{""stance_delta"": ""The Federal Open Market Committee decided today to lower its target for the federal funds rate by 50 basis points to 1 1/4 percent."", ""growth_delta"": ""incoming economic data have tended to confirm that greater uncertainty, in part attributable to heightened geopolitical risks, is currently inhibiting spending, production, and employment."", ""inflation_delta"": ""Inflation and inflation expectations remain well contained."", ""labor_delta"": ""greater uncertainty, in part attributable to heightened geopolitical risks, is currently inhibiting spending, production, and employment."", ""forward_guidance_delta"": ""the risks are balanced with respect to the prospects for both goals in the foreseeable future.""}"
2002-11-27,Beige_Book,https://www.federalreserve.gov/fomc/beigebook/2002/20021127/default.htm,2002-10-23,0,1,0,0,0,0,1,0,False,"{""growth_delta"": ""Economic activity grew slowly, on balance, in late October and early November"", ""uncertainty_language"": ""dealer inventories have increased. In the Philadelphia and St. Louis Districts, dealers said inventories were too high, but dealers in the Chicago and San Francisco Districts said inventories were not excessive despite the increase.""}"
2003-01-15,Beige_Book,https://www.federalreserve.gov/fomc/beigebook/2003/20030115/default.htm,2002-11-27,0,0,0,0,0,0,1,0,False,"{""uncertainty_language"": ""Reports from the twelve Federal Reserve Districts indicated subdued growth in economic activity from mid-November through early January, with little change in overall conditions relative to the last survey period.""}"
2003-01-29,FOMC_statement,https://www.federalreserve.gov/boarddocs/press/monetary/2003/20030129/default.htm,2002-12-10,0,1,0,0,0,0,1,0,False,"{""growth_delta"": ""will provide support to an improving economic climate over time"", ""uncertainty_language"": ""Oil price premiums and other aspects of geopolitical risks have reportedly fostered continued restraint on spending and hiring by businesses. However, the Committee believes that as those risks lift, as most analysts expect...""}"
2003-03-05,Beige_Book,https://www.federalreserve.gov/fomc/beigebook/2003/20030305/default.htm,2003-01-15,0,0,0,0,0,0,2,0,False,"{""uncertainty_language"": ""geopolitical and economic uncertainties were constraining consumer and business spending and tempering near-term expectations""}"
2003-03-18,FOMC_statement,https://www.federalreserve.gov/boarddocs/press/monetary/2003/20030318/default.htm,2003-01-29,0,-1,0,-1,0,0,2,0,False,"{""growth_delta"": ""recent labor market indicators have proven disappointing.  However, the hesitancy of the economic expansion appears to owe importantly to oil price premiums and other aspects of geopolitical uncertainties."", ""labor_delta"": ""recent labor market indicators have proven disappointing."", ""uncertainty_language"": ""In light of the unusually large uncertainties clouding the geopolitical situation in the short run and their apparent effects on economic decisionmaking""}"
2003-04-23,Beige_Book,https://www.federalreserve.gov/fomc/beigebook/2003/20030423/default.htm,2003-03-05,0,-1,0,0,0,0,1,0,False,"{""growth_delta"": ""the pace of economic activity continued to be lackluster during March and the first two weeks of April"", ""uncertainty_language"": ""it is too early to ascertain the full effect of the war on both consumer and business confidence""}"
2003-05-06,FOMC_statement,https://www.federalreserve.gov/boarddocs/press/monetary/2003/20030506/default.htm,2003-03-18,0,1,-1,0,0,0,0,0,False,"{""growth_delta"": ""The ebbing of geopolitical tensions has rolled back oil prices, bolstered consumer confidence, and strengthened debt and equity markets. These developments, along with the accommodative stance of monetary policy and ongoing growth in productivity, should foster an improving economic climate over time."", ""inflation_delta"": ""the probability of an unwelcome substantial fall in inflation, though minor, exceeds that of a pickup in inflation from its already low level.""}"
2003-06-11,Beige_Book,https://www.federalreserve.gov/fomc/beigebook/2003/20030611/default.htm,2003-04-23,0,1,0,0,0,0,0,0,False,"{""growth_delta"": ""Although reports from the twelve Federal Reserve Districts indicated some signs of increased economic activity in April and May, conditions remained sluggish in most Districts. No District report suggested that economic conditions had deteriorated since the last Beige Book. Economic activity increased or showed signs of improving in the Dallas, Kansas City, New York, and Minneapolis Districts.""}"
2003-06-25,FOMC_statement,https://www.federalreserve.gov/boarddocs/press/monetary/2003/20030625/default.htm,2003-05-06,-1,1,0,1,0,0,0,0,False,"{""stance_delta"": ""The Federal Open Market Committee decided today to lower its target for the federal funds rate by 25 basis points to 1 percent."", ""growth_delta"": ""Recent signs point to a firming in spending, markedly improved financial conditions, and labor and product markets that are stabilizing."", ""labor_delta"": ""Recent signs point to a firming in spending, markedly improved financial conditions, and labor and product markets that are stabilizing.""}"
2003-07-30,Beige_Book,https://www.federalreserve.gov/fomc/beigebook/2003/20030730/default.htm,2003-06-11,0,1,0,0,0,0,0,0,False,"{""growth_delta"": ""Reports from the twelve Federal Reserve districts provided additional signs that the pace of economic activity increased a notch during June and the first half of July.""}"
2003-08-12,FOMC_statement,https://www.federalreserve.gov/boarddocs/press/monetary/2003/20030812/default.htm,2003-06-25,0,0,0,0,1,0,0,0,False,"{""forward_guidance_delta"": ""In these circumstances, the Committee believes that policy accommodation can be maintained for a considerable period.""}"
2003-09-16,FOMC_statement,https://www.federalreserve.gov/boarddocs/press/monetary/2003/20030916/default.htm,2003-08-12,0,0,0,-1,0,0,0,0,False,"{""labor_delta"": ""although the labor market has been weakening""}"
2003-10-15,Beige_Book,https://www.federalreserve.gov/fomc/beigebook/2003/20031015/default.htm,2003-07-30,0,1,1,1,0,0,0,0,False,"{""growth_delta"": ""the pace of economic expansion has picked up since the last report"", ""inflation_delta"": ""fairly sharp price increases are reported for cattle and certain commodities, such as steel, lumber, plywood, and natural gas"", ""labor_delta"": ""Labor markets generally remain slack, but some signs of a pickup are reported in New York, Richmond, Chicago, Minneapolis, and Dallas""}"
2003-10-28,FOMC_statement,https://www.federalreserve.gov/boarddocs/press/monetary/2003/20031028/default.htm,2003-09-16,0,0,0,1,0,0,0,0,False,"{""labor_delta"": ""and the labor market appears to be stabilizing.""}"
2003-11-26,Beige_Book,https://www.federalreserve.gov/fomc/beigebook/2003/20031126/default.htm,2003-10-15,0,1,0,1,0,0,0,0,False,"{""growth_delta"": ""Reports received from the District Banks suggest that the economy continued to expand in October and early November."", ""labor_delta"": ""Labor markets conditions generally stabilized after an extended period of weakness. Several districts noted a slowing in layoffs and stronger demand for temporary workers.""}"
2003-12-09,FOMC_statement,https://www.federalreserve.gov/boarddocs/press/monetary/2003/20031209/default.htm,2003-10-28,0,1,1,1,0,0,0,0,False,"{""growth_delta"": ""output is expanding briskly"", ""inflation_delta"": ""The probability of an unwelcome fall in inflation has diminished in recent months and now appears almost equal to that of a rise in inflation"", ""labor_delta"": ""the labor market appears to be improving modestly""}"
2004-01-14,Beige_Book,https://www.federalreserve.gov/fomc/beigebook/2004/20040114/default.htm,2003-11-26,0,1,0,1,0,0,1,0,False,"{""growth_delta"": ""Reports from Federal Reserve Districts suggest that the nation's economy has continued to improve since the last survey."", ""labor_delta"": ""Along with the increase in overall economic activity, many districts reported modest improvements in labor markets. These improvements took the form of reduced layoffs or modestly increased hiring..."", ""uncertainty_language"": ""the appearance of mad cow disease created considerable uncertainty in the cattle industry.""}"
2004-01-28,FOMC_statement,https://www.federalreserve.gov/boarddocs/press/monetary/2004/20040128/default.htm,2003-12-09,0,0,0,0,1,0,0,0,False,"{""forward_guidance_delta"": ""the Committee believes that it can be patient in removing its policy accommodation.""}"
2004-03-03,Beige_Book,https://www.federalreserve.gov/fomc/beigebook/2004/20040303/default.htm,2004-01-14,0,1,1,1,0,0,0,0,False,"{""growth_delta"": ""Economic activity continued to expand in January and February, according to information received by Federal Reserve District Banks."", ""inflation_delta"": ""The largest increases have been for steel and for lumber and other building materials. Shipping charges have also risen recently."", ""labor_delta"": ""Employment has been growing slowly in most Federal Reserve Districts. Wages and salaries have increased slightly...""}"
2004-03-16,FOMC_statement,https://www.federalreserve.gov/boarddocs/press/monetary/2004/20040316/default.htm,2004-01-28,0,0,0,0,0,0,0,0,False,{}
2004-04-21,Beige_Book,https://www.federalreserve.gov/fomc/beigebook/2004/20040421/default.htm,2004-03-03,0,1,1,1,0,0,0,0,False,"{""growth_delta"": ""Economic activity increased across the nation from mid-February through early April."", ""inflation_delta"": ""many districts reported modest increases in overall consumer prices, but most districts indicated significant increases in numerous commodities and input products."", ""labor_delta"": ""labor markets tightened somewhat with modest wage increases.""}"
2004-05-04,FOMC_statement,https://www.federalreserve.gov/boarddocs/press/monetary/2004/20040504/default.htm,2004-03-16,1,1,1,1,1,0,0,0,False,"{""stance_delta"": ""the Committee believes that policy accommodation can be removed at a pace that is likely to be measured"", ""growth_delta"": ""output is continuing to expand at a solid rate and hiring appears to have picked up"", ""inflation_delta"": ""Although incoming inflation data have moved somewhat higher, long-term inflation expectations appear to have remained well contained"", ""labor_delta"": ""hiring appears to have picked up"", ""forward_guidance_delta"": ""policy accommodation can be removed at a pace that is likely to be measured""}"
2004-06-16,Beige_Book,https://www.federalreserve.gov/fomc/beigebook/2004/20040616/default.htm,2004-04-21,0,0,1,1,0,0,1,0,False,"{""inflation_delta"": ""most districts noted rising prices of inputs, especially energy-related products, building materials, and steel."", ""labor_delta"": ""Employment activity continued to improve, with hiring increasing at a faster pace in most districts; meanwhile, wages and salaries experienced little or muted upward pressures."", ""uncertainty_language"": ""General retailers throughout the districts expressed cautious optimism about sales in the coming months.""}"
2004-06-30,FOMC_statement,https://www.federalreserve.gov/boarddocs/press/monetary/2004/20040630/default.htm,2004-05-04,1,0,0,1,0,0,0,0,False,"{""stance_delta"": ""The Federal Open Market Committee decided today to raise its target for the federal funds rate by 25 basis points to 1-1/4 percent."", ""labor_delta"": ""labor market conditions have improved.""}"
2004-07-28,Beige_Book,https://www.federalreserve.gov/fomc/beigebook/2004/20040728/default.htm,2004-06-16,0,-1,0,0,0,0,1,0,False,"{""growth_delta"": ""economic activity continued to expand in June and early July, although several districts reported that the rate of growth moderated"", ""uncertainty_language"": ""Boston cited mixed reports from its business contacts""}"
2004-08-10,FOMC_statement,https://www.federalreserve.gov/boarddocs/press/monetary/2004/20040810/default.htm,2004-06-30,0,-1,0,-1,0,0,0,0,False,"{""growth_delta"": ""In recent months, output growth has moderated"", ""labor_delta"": ""the pace of improvement in labor market conditions has slowed""}"
2004-09-08,Beige_Book,https://www.federalreserve.gov/fomc/beigebook/2004/20040908/default.htm,2004-07-28,0,0,0,0,0,0,1,0,False,"{""uncertainty_language"": ""Reports from the Federal Reserve Banks indicated that economic activity continued to expand in late July and August, although several districts indicated that the pace had slowed since their last reports.""}"
2004-09-21,FOMC_statement,https://www.federalreserve.gov/boarddocs/press/monetary/2004/20040921/default.htm,2004-08-10,0,1,-1,1,0,0,0,0,False,"{""growth_delta"": ""output growth appears to have regained some traction"", ""inflation_delta"": ""inflation and inflation expectations have eased in recent months"", ""labor_delta"": ""labor market conditions have improved modestly""}"
2004-10-27,Beige_Book,https://www.federalreserve.gov/fomc/beigebook/2004/20041027/default.htm,2004-09-08,0,1,0,1,0,0,1,0,False,"{""growth_delta"": ""Richmond and Dallas said the pace had quickened"", ""labor_delta"": ""labor markets have tightened for a number of industries"", ""uncertainty_language"": ""some said the presidential election was heightening uncertainty among consumers""}"
2004-11-10,FOMC_statement,https://www.federalreserve.gov/boarddocs/press/monetary/2004/20041110/default.htm,2004-09-21,0,1,-1,1,0,0,0,0,False,"{""growth_delta"": ""Output appears to be growing at a moderate pace despite the rise in energy prices"", ""inflation_delta"": ""Inflation and longer-term inflation expectations remain well contained"", ""labor_delta"": ""labor market conditions have improved""}"
2004-12-01,Beige_Book,https://www.federalreserve.gov/fomc/beigebook/2004/20041201/default.htm,2004-10-27,0,1,0,0,0,0,0,0,False,"{""growth_delta"": ""Reports from the twelve Federal Reserve Districts generally paint a picture of continued economic growth from mid-October to mid-November, with a number of areas improving. Eleven Districts reported expanding economic activity, with New York, Philadelphia, Atlanta, and Dallas noting a pickup in the pace of expansion since their last reports.""}"
2004-12-14,FOMC_statement,https://www.federalreserve.gov/boarddocs/press/monetary/2004/20041214/default.htm,2004-11-10,0,0,0,0,0,0,0,0,False,{}
2005-01-19,Beige_Book,https://www.federalreserve.gov/fomc/beigebook/2005/20050119/default.htm,2004-12-01,0,1,0,1,0,0,0,0,False,"{""growth_delta"": ""Reports from the twelve Federal Reserve districts indicated that economic activity continued to expand from late November through early January. Eleven districts characterized activity as expanding with Atlanta, New York, and Richmond noting that the pace of activity had quickened since their last reports."", ""labor_delta"": ""Labor markets firmed in a number of districts, but wage pressures generally remained modest.""}"
2005-02-02,FOMC_statement,https://www.federalreserve.gov/boarddocs/press/monetary/2005/20050202/default.htm,2004-12-14,0,0,0,0,0,0,0,0,False,{}
2005-03-09,Beige_Book,https://www.federalreserve.gov/fomc/beigebook/2005/20050309/default.htm,2005-01-19,0,0,0,1,0,0,0,0,False,"{""labor_delta"": ""Labor markets strengthened in almost all Districts; while wages continued to increase at a moderate pace, employers in many Districts reported ongoing pressures from higher benefit costs. Many Districts reported increased difficulty in locating skilled workers for at least some industries.""}"
2005-03-22,FOMC_statement,https://www.federalreserve.gov/boarddocs/press/monetary/2005/20050322/default.htm,2005-02-02,0,1,1,0,0,0,0,0,False,"{""growth_delta"": ""Output evidently continues to grow at a solid pace despite the rise in energy prices"", ""inflation_delta"": ""Though longer-term inflation expectations remain well contained, pressures on inflation have picked up in recent months and pricing power is more evident""}"
2005-04-20,Beige_Book,https://www.federalreserve.gov/fomc/beigebook/2005/20050420/default.htm,2005-03-09,0,0,1,0,0,0,1,0,False,"{""inflation_delta"": ""Price pressures have intensified in a number of Districts, and most report that high or rising energy prices are a concern across sectors."", ""uncertainty_language"": ""several Districts indicated that increases in manufacturing output may be moderating a little""}"
2005-05-03,FOMC_statement,https://www.federalreserve.gov/boarddocs/press/monetary/2005/20050503/default.htm,2005-03-22,0,-1,0,0,0,0,0,0,False,"{""growth_delta"": ""Recent data suggest that the solid pace of spending growth has slowed somewhat, partly in response to the earlier increases in energy prices.""}"
2005-06-15,Beige_Book,https://www.federalreserve.gov/fomc/beigebook/2005/20050615/default.htm,2005-04-20,0,0,0,1,0,0,1,0,False,"{""labor_delta"": ""Labor markets improved in most Districts."", ""uncertainty_language"": ""Reports on residential real estate markets remained quite positive overall, although some slowing in activity was noted in a few markets.""}"
2005-06-30,FOMC_statement,https://www.federalreserve.gov/boarddocs/press/monetary/2005/20050630/default.htm,2005-05-03,0,1,0,0,0,0,0,0,False,"{""growth_delta"": ""the expansion remains firm""}"
2005-07-27,Beige_Book,https://www.federalreserve.gov/fomc/beigebook/2005/20050727/default.htm,2005-06-15,0,1,-1,0,0,0,0,0,False,"{""growth_delta"": ""Richmond and Dallas reported that the rate of economic growth increased, and Cleveland said economic growth was stronger and more balanced than in the spring."", ""inflation_delta"": ""Overall price pressures eased slightly or remained unchanged in most Districts, despite substantial increases in energy costs.""}"
2005-08-09,FOMC_statement,https://www.federalreserve.gov/boarddocs/press/monetary/2005/20050809/default.htm,2005-06-30,0,1,-1,0,0,0,0,0,False,"{""growth_delta"": ""Aggregate spending, despite high energy prices, appears to have strengthened since late winter"", ""inflation_delta"": ""Core inflation has been relatively low in recent months and longer-term inflation expectations remain well contained, but pressures on inflation have stayed elevated""}"
2005-09-07,Beige_Book,https://www.federalreserve.gov/fomc/beigebook/2005/20050907/default.htm,2005-07-27,0,1,0,1,0,0,0,0,False,"{""growth_delta"": ""Economic activity increased across the nation from mid-July through August, except in the Boston District, where activity was mixed."", ""labor_delta"": ""Labor markets showed signs of tightening with modest wage increases.""}"
2005-09-20,FOMC_statement,https://www.federalreserve.gov/boarddocs/press/monetary/2005/20050920/default.htm,2005-08-09,0,-1,0,-1,0,0,1,0,False,"{""growth_delta"": ""Output appeared poised to continue growing at a good pace before the tragic toll of Hurricane Katrina. The widespread devastation in the Gulf region, the associated dislocation of economic activity, and the boost to energy prices imply that spending, production, and employment will be set back in the near term."", ""labor_delta"": ""The widespread devastation in the Gulf region, the associated dislocation of economic activity, and the boost to energy prices imply that spending, production, and employment will be set back in the near term."", ""uncertainty_language"": ""While these unfortunate developments have increased uncertainty about near-term economic performance""}"
2005-10-19,Beige_Book,https://www.federalreserve.gov/fomc/beigebook/2005/20051019/default.htm,2005-09-07,0,-1,1,0,0,0,1,0,False,"{""growth_delta"": ""Economic activity continued to expand in September, according to information received by Federal Reserve District Banks. Most Districts described the pace of activity as moderate or gradual."", ""inflation_delta"": ""All Districts reported cost increases for energy, petroleum-based products, building materials, and shipping. Several Districts indicated that input cost increases are being passed through to retail prices."", ""uncertainty_language"": ""Atlanta reported mixed economic conditions, with significant negative effects on the District economy from hurricane damage.""}"
2005-11-30,Beige_Book,https://www.federalreserve.gov/fomc/beigebook/2005/20051130/default.htm,2005-10-19,0,0,0,0,0,0,1,0,False,"{""uncertainty_language"": ""Some contacts in Boston and Kansas City, however, expressed concerns about the effect of high energy prices on consumer spending in the upcoming season.""}"
2006-01-18,Beige_Book,https://www.federalreserve.gov/fomc/beigebook/2006/20060118/default.htm,2005-11-30,0,1,-1,0,0,0,0,0,False,"{""growth_delta"": ""Economic expansion continued across the twelve Federal Reserve Districts through the last several weeks of 2005."", ""inflation_delta"": ""increases in energy prices moderated, or actually fell, albeit from high levels.""}"
2006-01-31,FOMC_statement,https://www.federalreserve.gov/newsevents/pressreleases/monetary20060131a.htm,2005-12-13,0,0,0,0,-1,0,1,0,False,"{""forward_guidance_delta"": ""some further policy firming may be needed"", ""uncertainty_language"": ""Although recent economic data have been uneven""}"
2006-03-15,Beige_Book,https://www.federalreserve.gov/fomc/beigebook/2006/20060315/default.htm,2006-01-18,0,0,0,0,0,0,1,0,False,"{""uncertainty_language"": ""a continued lack of moisture generated concern in several Districts""}"
2006-03-28,FOMC_statement,https://www.federalreserve.gov/newsevents/pressreleases/monetary20060328a.htm,2006-01-31,0,1,0,0,0,0,0,0,False,"{""growth_delta"": ""Economic growth has rebounded strongly in the current quarter but appears likely to moderate to a more sustainable pace.""}"
2006-04-26,Beige_Book,https://www.federalreserve.gov/fomc/beigebook/2006/20060426/default.htm,2006-03-15,0,1,0,1,0,0,0,0,False,"{""growth_delta"": ""Reports from all twelve Federal Reserve Districts indicate that economic activity continued to expand in March and the first half of April."", ""labor_delta"": ""A majority of Districts note that labor markets, at least for skilled workers, are tight or are tightening.""}"
2006-05-10,FOMC_statement,https://www.federalreserve.gov/newsevents/pressreleases/monetary20060510a.htm,2006-03-28,0,1,0,0,0,0,1,0,False,"{""growth_delta"": ""Economic growth has been quite strong so far this year."", ""uncertainty_language"": ""the extent and timing of any such firming will depend importantly on the evolution of the economic outlook as implied by incoming information.""}"
2006-06-14,Beige_Book,https://www.federalreserve.gov/fomc/beigebook/2006/20060614/default.htm,2006-04-26,0,-1,1,1,0,0,1,0,False,"{""growth_delta"": ""economic activity continued to expand from mid-April to early June, but there were some signs of deceleration"", ""inflation_delta"": ""High energy costs were fueling price increases in manufacturing and, to a much lesser extent, retail. Reports of costs being passed forward varied considerably but were more prevalent than in the last Beige Book."", ""labor_delta"": ""Labor markets continued to tighten, with more Districts reporting employers having difficulty finding skilled workers."", ""uncertainty_language"": ""New York District noted increased concern about the outlook for the second half""}"
2006-06-29,FOMC_statement,https://www.federalreserve.gov/newsevents/pressreleases/monetary20060629a.htm,2006-05-10,0,-1,1,0,0,0,0,0,False,"{""growth_delta"": ""Recent indicators suggest that economic growth is moderating from its quite strong pace earlier this year"", ""inflation_delta"": ""Readings on core inflation have been elevated in recent months""}"
2006-07-26,Beige_Book,https://www.federalreserve.gov/fomc/beigebook/2006/20060726/default.htm,2006-06-14,0,-1,0,0,0,0,1,0,False,"{""growth_delta"": ""Reports from all twelve Federal Reserve Districts generally indicated continued economic growth during June through mid-July, with numerous individual reports pointing to evidence that the pace of growth has slowed."", ""uncertainty_language"": ""Several Districts characterized the overall pace of economic growth as \""moderate\"" or \""modest,\"" although San Francisco reported that its economic expansion remained \""solid\"" and Atlanta and St. Louis described overall conditions as \""mixed.\""""}"
2006-08-08,FOMC_statement,https://www.federalreserve.gov/newsevents/pressreleases/monetary20060808a.htm,2006-06-29,0,0,-1,0,0,0,0,0,False,"{""inflation_delta"": ""However, inflation pressures seem likely to moderate over time, reflecting contained inflation expectations and the cumulative effects of monetary policy actions and other factors restraining aggregate demand.""}"
2006-09-06,Beige_Book,https://www.federalreserve.gov/fomc/beigebook/2006/20060906/default.htm,2006-07-26,0,-1,0,0,0,0,1,0,False,"{""growth_delta"": ""Reports from the twelve Federal Reserve Districts indicate that economic activity continued to expand since the last report, but five Districts indicated deceleration while the remaining seven reported little change in the pace of growth."", ""uncertainty_language"": ""Reports on the service sector varied by industry and by district: some found the trucking and information technology industries to be relatively strong, but others provided mixed reports on air transportation and health care.""}"
2006-09-20,FOMC_statement,https://www.federalreserve.gov/newsevents/pressreleases/monetary20060920a.htm,2006-08-08,0,-1,-1,0,0,0,0,0,False,"{""growth_delta"": ""The moderation in economic growth appears to be continuing, partly reflecting a cooling of the housing market."", ""inflation_delta"": ""However, inflation pressures seem likely to moderate over time, reflecting reduced impetus from energy prices, contained inflation expectations, and the cumulative effects of monetary policy actions and other factors restraining aggregate demand.""}"
2006-10-12,Beige_Book,https://www.federalreserve.gov/fomc/beigebook/2006/20061012/default.htm,2006-09-06,0,1,0,1,0,0,0,0,False,"{""growth_delta"": ""Reports from the twelve Federal Reserve Districts indicate that economic activity continued to expand since the last report. Four Districts reported that economic growth firmed while a couple of Districts noted that growth cooled."", ""labor_delta"": ""A number of Districts reported that labor markets were tight with some noting shortages of skilled workers.""}"
2006-10-25,FOMC_statement,https://www.federalreserve.gov/newsevents/pressreleases/monetary20061025a.htm,2006-09-20,0,1,0,0,0,0,0,0,False,"{""growth_delta"": ""Economic growth has slowed over the course of the year, partly reflecting a cooling of the housing market. Going forward, the economy seems likely to expand at a moderate pace.""}"
2006-11-29,Beige_Book,https://www.federalreserve.gov/fomc/beigebook/2006/20061129/default.htm,2006-10-12,0,0,-1,0,0,0,1,1,False,"{""inflation_delta"": ""Most Districts reported that prices moderated for construction materials and energy products."", ""uncertainty_language"": ""the retail sales outlook for the holiday season was cautiously optimistic"", ""financial_stability_concern"": ""Some Districts reported a slight increase in delinquencies.""}"
2006-12-12,FOMC_statement,https://www.federalreserve.gov/newsevents/pressreleases/monetary20061212a.htm,2006-10-25,0,-1,0,0,0,0,1,0,False,"{""growth_delta"": ""a substantial cooling of the housing market"", ""uncertainty_language"": ""Although recent indicators have been mixed""}"
2007-01-17,Beige_Book,https://www.federalreserve.gov/fomc/beigebook/2007/20070117/default.htm,2006-11-29,0,0,0,0,0,0,0,0,False,{}
2007-01-31,FOMC_statement,https://www.federalreserve.gov/newsevents/pressreleases/monetary20070131a.htm,2006-12-12,0,1,-1,0,0,0,0,0,False,"{""growth_delta"": ""Recent indicators have suggested somewhat firmer economic growth, and some tentative signs of stabilization have appeared in the housing market."", ""inflation_delta"": ""Readings on core inflation have improved modestly in recent months, and inflation pressures seem likely to moderate over time.""}"
2007-03-07,Beige_Book,https://www.federalreserve.gov/fomc/beigebook/2007/20070307/default.htm,2007-01-17,0,-1,0,0,0,0,1,0,False,"{""growth_delta"": ""Most Federal Reserve Districts reported modest expansion in economic activity since the last report, but several Districts noted some slowing."", ""uncertainty_language"": ""but several Districts noted some slowing""}"
2007-03-21,FOMC_statement,https://www.federalreserve.gov/newsevents/pressreleases/monetary20070321a.htm,2007-01-31,0,-1,1,0,1,0,1,0,False,"{""growth_delta"": ""Recent indicators have been mixed and the adjustment in the housing sector is ongoing."", ""inflation_delta"": ""Recent readings on core inflation have been somewhat elevated."", ""forward_guidance_delta"": ""the Committee's predominant policy concern remains the risk that inflation will fail to moderate as expected."", ""uncertainty_language"": ""Recent indicators have been mixed and the adjustment in the housing sector is ongoing.""}"
2007-04-25,Beige_Book,https://www.federalreserve.gov/fomc/beigebook/2007/20070425/default.htm,2007-03-07,0,0,1,0,0,0,1,0,False,"{""inflation_delta"": ""Most Districts, however, reported rising prices for inputs and energy."", ""uncertainty_language"": ""The outlook in Boston, Philadelphia, and Dallas is more cautious.""}"
2007-05-09,FOMC_statement,https://www.federalreserve.gov/newsevents/pressreleases/monetary20070509a.htm,2007-03-21,0,-1,0,0,0,0,0,0,False,"{""growth_delta"": ""Economic growth slowed in the first part of this year""}"
2007-06-13,Beige_Book,https://www.federalreserve.gov/fomc/beigebook/2007/20070613/default.htm,2007-04-25,0,0,0,1,0,0,1,0,False,"{""labor_delta"": ""Hiring activity picked up in late April through May, especially for workers with specialized skills."", ""uncertainty_language"": ""Dealers in St. Louis and Kansas City remain optimistic about a pickup in sales, but dealers in Philadelphia and Cleveland do not expect much change.""}"
2007-06-18,FOMC_statement,https://www.federalreserve.gov/newsevents/pressreleases/monetary20070618a.htm,2007-05-09,0,0,-1,0,0,0,0,0,False,"{""inflation_delta"": ""Readings on core inflation have improved modestly in recent months.""}"
2007-07-25,Beige_Book,https://www.federalreserve.gov/fomc/beigebook/2007/20070725/default.htm,2007-06-13,0,-1,0,0,0,0,1,0,False,"{""growth_delta"": ""Kansas City said the regional economy continued to grow but at a moderating pace, and Dallas characterized its economy as strong but said it decelerated."", ""uncertainty_language"": ""Boston and Atlanta described business contacts' reports as \""varied\"" or \""mixed.\""""}"
2007-08-07,FOMC_statement,https://www.federalreserve.gov/newsevents/pressreleases/monetary20070807a.htm,2007-06-18,0,-1,0,0,0,0,1,1,False,"{""growth_delta"": ""Financial markets have been volatile in recent weeks, credit conditions have become tighter for some households and businesses, and the housing correction is ongoing."", ""uncertainty_language"": ""Although the downside risks to growth have increased somewhat"", ""financial_stability_concern"": ""Financial markets have been volatile in recent weeks, credit conditions have become tighter for some households and businesses""}"
2007-08-10,FOMC_statement,https://www.federalreserve.gov/newsevents/pressreleases/monetary20070810a.htm,2007-08-07,-1,-1,0,0,-1,0,1,2,False,"{""stance_delta"": ""The Federal Reserve is providing liquidity to facilitate the orderly functioning of financial markets"", ""growth_delta"": ""dislocations in money and credit markets"", ""forward_guidance_delta"": ""The Federal Reserve will provide reserves as necessary through open market operations to promote trading in the federal funds market at rates close to the Federal Open Market Committee's target rate of 5-1/4 percent"", ""uncertainty_language"": ""depository institutions may experience unusual funding needs"", ""financial_stability_concern"": ""The Federal Reserve is providing liquidity to facilitate the orderly functioning of financial markets""}"
2007-08-17,FOMC_statement,https://www.federalreserve.gov/newsevents/pressreleases/monetary20070817b.htm,2007-08-10,-1,-1,0,0,1,0,2,1,False,"{""stance_delta"": ""The Committee is monitoring the situation and is prepared to act as needed to mitigate the adverse effects on the economy arising from the disruptions in financial markets."", ""growth_delta"": ""the downside risks to growth have increased appreciably"", ""forward_guidance_delta"": ""The Committee is monitoring the situation and is prepared to act as needed to mitigate the adverse effects on the economy arising from the disruptions in financial markets."", ""uncertainty_language"": ""tighter credit conditions and increased uncertainty have the potential to restrain economic growth going forward"", ""financial_stability_concern"": ""Financial market conditions have deteriorated, and tighter credit conditions and increased uncertainty have the potential to restrain economic growth going forward.""}"
2007-09-05,Beige_Book,https://www.federalreserve.gov/fomc/beigebook/2007/20070905/default.htm,2007-07-25,0,-1,0,0,0,0,1,1,False,"{""growth_delta"": ""The economies in Philadelphia, Richmond, Dallas, and San Francisco continued to grow; however, the pace of activity has slowed."", ""uncertainty_language"": ""which was having a noticeable effect on housing activity, and several noted that the reduction in credit availability added to uncertainty about when the housing market might turn around."", ""financial_stability_concern"": ""Most Banks reported that the recent developments in financial markets had led to tighter lending standards for residential mortgages""}"
2007-09-18,FOMC_statement,https://www.federalreserve.gov/newsevents/pressreleases/monetary20070918a.htm,2007-08-17,-2,-1,-1,0,0,0,1,0,False,"{""stance_delta"": ""The Federal Open Market Committee decided today to lower its target for the federal funds rate 50 basis points to 4-3/4 percent."", ""growth_delta"": ""Economic growth was moderate during the first half of the year, but the tightening of credit conditions has the potential to intensify the housing correction and to restrain economic growth more generally."", ""inflation_delta"": ""Readings on core inflation have improved modestly this year. However, the Committee judges that some inflation risks remain, and it will continue to monitor inflation developments carefully."", ""uncertainty_language"": ""Developments in financial markets since the Committee’s last regular meeting have increased the uncertainty surrounding the economic outlook.""}"
2007-10-17,Beige_Book,https://www.federalreserve.gov/fomc/beigebook/2007/20071017/default.htm,2007-09-05,0,-1,0,-1,0,0,2,1,False,"{""growth_delta"": ""economic activity continued to expand in all Districts in September and early October but the pace of growth decelerated since August"", ""labor_delta"": ""Job growth eased in some regions"", ""uncertainty_language"": ""Contacts in a number of industries indicated a higher-than-usual degree of uncertainty about the outlook for economic activity"", ""financial_stability_concern"": ""Financial institutions reported an increase in delinquencies and slight deterioration in credit quality""}"
2007-10-31,FOMC_statement,https://www.federalreserve.gov/newsevents/pressreleases/monetary20071031a.htm,2007-09-18,-1,1,1,0,0,0,0,0,False,"{""stance_delta"": ""lower its target for the federal funds rate 25 basis points to 4-1/2 percent"", ""growth_delta"": ""Economic growth was solid in the third quarter, and strains in financial markets have eased somewhat on balance"", ""inflation_delta"": ""recent increases in energy and commodity prices, among other factors, may put renewed upward pressure on inflation""}"
2007-11-28,Beige_Book,https://www.federalreserve.gov/fomc/beigebook/2007/20071128/default.htm,2007-10-17,0,-1,0,-1,0,0,1,0,False,"{""growth_delta"": ""the national economy continued to expand during the survey period of October through mid-November but at a reduced pace compared with the previous survey period"", ""labor_delta"": ""upward wage pressures eased in a few areas where labor markets loosened slightly"", ""uncertainty_language"": ""retailers generally were described as having a \""cautious\"" attitude about the upcoming holiday season""}"
2007-12-11,FOMC_statement,https://www.federalreserve.gov/newsevents/pressreleases/monetary20071211a.htm,2007-10-31,-1,-1,0,0,0,0,1,0,False,"{""stance_delta"": ""lower its target for the federal funds rate 25 basis points to 4-1/4 percent"", ""growth_delta"": ""Incoming information suggests that economic growth is slowing, reflecting the intensification of the housing correction and some softening in business and consumer spending."", ""uncertainty_language"": ""Recent developments, including the deterioration in financial market conditions, have increased the uncertainty surrounding the outlook for economic growth and inflation.""}"
2008-01-16,Beige_Book,https://www.federalreserve.gov/fomc/beigebook/2008/20080116/default.htm,2007-11-28,0,-1,1,-1,0,0,1,0,False,"{""growth_delta"": ""economic activity increased modestly during the survey period of mid-November through December, but at a slower pace compared with the previous survey period"", ""inflation_delta"": ""Increases in prices for food, petrochemicals, metals, and energy-related inputs continued to be widely reported, and production and delivery costs for many products increased because of higher fuel prices"", ""labor_delta"": ""Demand continued to decline for construction workers and those in housing-related industries, according to most reports, while demand generally held steady for skilled workers in nonfinancial service industries"", ""uncertainty_language"": ""Overall, the outlook for 2008 among retail merchants was cautious""}"
2008-01-22,FOMC_statement,https://www.federalreserve.gov/newsevents/pressreleases/monetary20080122b.htm,2007-12-11,-1,-1,-1,-1,-1,0,1,0,False,"{""stance_delta"": ""lower its target for the federal funds rate 75 basis points to 3-1/2 percent"", ""growth_delta"": ""a weakening of the economic outlook and increasing downside risks to growth"", ""inflation_delta"": ""The Committee expects inflation to moderate in coming quarters"", ""labor_delta"": ""some softening in labor markets"", ""forward_guidance_delta"": ""will act in a timely manner as needed to address those risks"", ""uncertainty_language"": ""Appreciable downside risks to growth remain""}"
2008-01-30,FOMC_statement,https://www.federalreserve.gov/newsevents/pressreleases/monetary20080130a.htm,2008-01-22,-1,0,0,0,0,0,0,0,False,"{""stance_delta"": ""The Federal Open Market Committee decided today to lower its target for the federal funds rate 50 basis points to 3 percent.""}"
2008-03-05,Beige_Book,https://www.federalreserve.gov/fomc/beigebook/2008/20080305/default.htm,2008-01-16,0,-1,0,-1,0,0,1,0,False,"{""growth_delta"": ""Reports from the twelve Federal Reserve Districts suggest that economic growth has slowed since the beginning of the year."", ""labor_delta"": ""the hiring pace slowed in various sectors and labor markets loosened somewhat in many Districts."", ""uncertainty_language"": ""Reports on retail spending were generally downbeat, although Boston, St. Louis, and Dallas described sales as mixed and Kansas City reported that consumer spending was \""largely unchanged\"" since the previous survey period.""}"
2008-03-11,FOMC_statement,https://www.federalreserve.gov/newsevents/pressreleases/monetary20080311a.htm,2008-01-30,-1,-1,0,-1,-1,1,2,2,False,"{""stance_delta"": ""The Federal Reserve announced today an expansion of its securities lending program."", ""growth_delta"": ""Pressures in some of these markets have recently increased again."", ""labor_delta"": ""Moreover, recent information indicates a deepening of the housing contraction as well as some softening in labor markets."", ""forward_guidance_delta"": ""We all continue to work together and will take appropriate steps to address those liquidity pressures."", ""balance_sheet_signal"": ""The Federal Reserve will lend up to $200 billion of Treasury securities to primary dealers secured for a term of 28 days"", ""uncertainty_language"": ""Pressures in some of these markets have recently increased again."", ""financial_stability_concern"": ""Pressures in some of these markets have recently increased again.""}"
2008-03-18,FOMC_statement,https://www.federalreserve.gov/newsevents/pressreleases/monetary20080318a.htm,2008-03-11,-2,-2,0,-1,0,0,2,0,False,"{""stance_delta"": ""The Federal Open Market Committee decided today to lower its target for the federal funds rate 75 basis points to 2-1/4 percent."", ""growth_delta"": ""Recent information indicates that the outlook for economic activity has weakened further. Growth in consumer spending has slowed and labor markets have softened."", ""labor_delta"": ""labor markets have softened."", ""uncertainty_language"": ""Still, uncertainty about the inflation outlook has increased.""}"
2008-04-16,Beige_Book,https://www.federalreserve.gov/fomc/beigebook/2008/20080416/default.htm,2008-03-05,0,-1,0,-1,0,0,1,1,False,"{""growth_delta"": ""Reports from the twelve Federal Reserve Districts indicate that economic conditions have weakened since the last report."", ""labor_delta"": ""Labor markets were mostly described as weakening since the last report, though a few Districts reported ongoing shortages of skilled workers and some Districts noted wage pressures."", ""uncertainty_language"": ""Uncertainty about economic conditions is leading to a varied, but generally subdued, outlook for manufacturers."", ""financial_stability_concern"": ""Financial institutions in many Districts indicated some deceleration in consumer loan demand, tightening in lending standards, and deterioration in asset quality.""}"
2008-04-30,FOMC_statement,https://www.federalreserve.gov/newsevents/pressreleases/monetary20080430a.htm,2008-03-18,-1,-1,0,-1,0,0,1,0,False,"{""stance_delta"": ""lower its target for the federal funds rate 25 basis points to 2 percent"", ""growth_delta"": ""economic activity remains weak"", ""labor_delta"": ""labor markets have softened further"", ""uncertainty_language"": ""Still, uncertainty about the inflation outlook remains high""}"
2008-06-11,Beige_Book,https://www.federalreserve.gov/fomc/beigebook/2008/20080611/default.htm,2008-04-16,0,-1,1,-1,0,0,1,0,False,"{""growth_delta"": ""economic activity remained generally weak in late April and May"", ""inflation_delta"": ""Consumer spending slowed since the last report as incomes were pinched by rising energy and food prices"", ""labor_delta"": ""employment was on the whole unchanged at Boston District retailers, whereas retailers in the Cleveland District said they were only hiring for new stores, and Richmond District retail contacts reported job cuts"", ""uncertainty_language"": ""Reports from the Federal Reserve Districts suggest that economic activity remained generally weak""}"
2008-06-25,FOMC_statement,https://www.federalreserve.gov/newsevents/pressreleases/monetary20080625a.htm,2008-04-30,1,1,1,0,1,0,0,0,False,"{""stance_delta"": ""The Federal Open Market Committee decided today to keep its target for the federal funds rate at 2 percent."", ""growth_delta"": ""Recent information indicates that overall economic activity continues to expand, partly reflecting some firming in household spending."", ""inflation_delta"": ""the upside risks to inflation and inflation expectations have increased."", ""forward_guidance_delta"": ""Although downside risks to growth remain, they appear to have diminished somewhat, and the upside risks to inflation and inflation expectations have increased.""}"
2008-07-23,Beige_Book,https://www.federalreserve.gov/fomc/beigebook/2008/20080723/default.htm,2008-06-11,0,-1,1,0,0,0,1,1,False,"{""growth_delta"": ""the pace of economic activity slowed somewhat since the last report"", ""inflation_delta"": ""All reporting Districts characterized overall price pressures as elevated or increasing"", ""uncertainty_language"": ""The outlook for retail activity was also generally downbeat, with expectations \""subdued\"" among Atlanta District contacts and \""grim\"" among Dallas District contacts"", ""financial_stability_concern"": ""some service firms in the New York District expressed caution about hiring due to ongoing turmoil in the financial industry""}"
2008-08-05,FOMC_statement,https://www.federalreserve.gov/newsevents/pressreleases/monetary20080805a.htm,2008-06-25,0,0,1,0,0,0,1,0,False,"{""inflation_delta"": ""Inflation has been high, spurred by the earlier increases in the prices of energy and some other commodities, and some indicators of inflation expectations have been elevated."", ""uncertainty_language"": ""the inflation outlook remains highly uncertain.""}"
2008-09-03,Beige_Book,https://www.federalreserve.gov/fomc/beigebook/2008/20080903/default.htm,2008-07-23,0,-1,-1,-1,0,0,1,0,False,"{""growth_delta"": ""Reports from the twelve Federal Reserve Districts indicate that the pace of economic activity has been slow in most Districts. Many described business conditions as \""weak,\"" \""soft,\"" or \""subdued.\"""", ""inflation_delta"": ""Almost all Districts continued to report price pressures from elevated costs of energy, food, and other commodities, although some noted that there have been declines or slower increases in prices for several industrial commodities and energy products."", ""labor_delta"": ""Wage pressures were characterized as moderate by most Districts amid a general pullback in hiring, although several Districts noted continued strong demand for workers in the energy sector."", ""uncertainty_language"": ""Reports from the twelve Federal Reserve Districts indicate that the pace of economic activity has been slow in most Districts. Many described business conditions as \""weak,\"" \""soft,\"" or \""subdued.\""""}"
2008-09-16,FOMC_statement,https://www.federalreserve.gov/newsevents/pressreleases/monetary20080916a.htm,2008-08-05,0,-1,0,-1,0,0,0,1,False,"{""growth_delta"": ""Economic growth appears to have slowed recently, partly reflecting a softening of household spending."", ""labor_delta"": ""labor markets have weakened further."", ""financial_stability_concern"": ""Strains in financial markets have increased significantly""}"
2008-10-08,FOMC_statement,https://www.federalreserve.gov/newsevents/pressreleases/monetary20081008a.htm,2008-09-16,-2,-2,-1,0,0,0,1,2,False,"{""stance_delta"": ""The Federal Open Market Committee has decided to lower its target for the federal funds rate 50 basis points to 1-1/2 percent."", ""growth_delta"": ""Incoming economic data suggest that the pace of economic activity has slowed markedly in recent months."", ""inflation_delta"": ""Inflation has been high, but the Committee believes that the decline in energy and other commodity prices and the weaker prospects for economic activity have reduced the upside risks to inflation."", ""uncertainty_language"": ""The recent intensification of the financial crisis has augmented the downside risks to growth and thus has diminished further the upside risks to price stability."", ""financial_stability_concern"": ""The recent intensification of the financial crisis has augmented the downside risks to growth...""}"
2008-10-15,Beige_Book,https://www.federalreserve.gov/fomc/beigebook/2008/20081015/default.htm,2008-09-03,0,-2,-1,-2,0,0,2,1,False,"{""growth_delta"": ""Reports indicated that economic activity weakened in September across all twelve Federal Reserve Districts."", ""inflation_delta"": ""Inflationary pressures moderated a bit in September."", ""labor_delta"": ""Labor market conditions weakened in most Districts, and wage pressures remained limited."", ""uncertainty_language"": ""a high level of uncertainty on the part of contacts"", ""financial_stability_concern"": ""Credit conditions were characterized as being tight across the twelve Districts, with several reporting reduced credit availability for both financial and nonfinancial institutions.""}"
2008-10-29,FOMC_statement,https://www.federalreserve.gov/newsevents/pressreleases/monetary20081029a.htm,2008-10-08,-1,-1,-1,0,0,0,1,0,False,"{""stance_delta"": ""The Federal Open Market Committee decided today to lower its target for the federal funds rate 50 basis points to 1 percent."", ""growth_delta"": ""The pace of economic activity appears to have slowed markedly, owing importantly to a decline in consumer expenditures. Business equipment spending and industrial production have weakened in recent months, and slowing economic activity in many foreign economies is damping the prospects for U.S. exports."", ""inflation_delta"": ""In light of the declines in the prices of energy and other commodities and the weaker prospects for economic activity, the Committee expects inflation to moderate in coming quarters to levels consistent with price stability."", ""uncertainty_language"": ""Nevertheless, downside risks to growth remain.""}"
2008-12-03,Beige_Book,https://www.federalreserve.gov/fomc/beigebook/2008/20081203/default.htm,2008-10-15,0,-2,-1,-2,0,0,1,0,False,"{""growth_delta"": ""Overall economic activity weakened across all Federal Reserve Districts since the last report."", ""inflation_delta"": ""District reports characterized price pressures as easing in light of some decreases in retail prices and declines in input prices, particularly energy, fuel, and many raw materials and food products."", ""labor_delta"": ""District reports generally described labor market conditions as weakening."", ""uncertainty_language"": ""Retailers were preparing for a relatively slow holiday sales season.""}"
2008-12-16,FOMC_statement,https://www.federalreserve.gov/newsevents/pressreleases/monetary20081216b.htm,2008-10-29,-2,-2,-1,-2,-2,2,0,1,False,"{""stance_delta"": ""establish a target range for the federal funds rate of 0 to 1/4 percent"", ""growth_delta"": ""Overall, the outlook for economic activity has weakened further."", ""inflation_delta"": ""inflationary pressures have diminished appreciably"", ""labor_delta"": ""labor market conditions have deteriorated"", ""forward_guidance_delta"": ""weak economic conditions are likely to warrant exceptionally low levels of the federal funds rate for some time"", ""balance_sheet_signal"": ""The focus of the Committee's policy going forward will be to support the functioning of financial markets and stimulate the economy through open market operations and other measures that sustain the size of the Federal Reserve's balance sheet at a high level."", ""financial_stability_concern"": ""Financial markets remain quite strained and credit conditions tight.""}"
2009-01-14,Beige_Book,https://www.federalreserve.gov/fomc/beigebook/2009/20090114/default.htm,2008-12-03,0,-1,-1,-1,0,0,1,0,False,"{""growth_delta"": ""Overall economic activity continued to weaken across almost all of the Federal Reserve Districts since the previous reporting period."", ""inflation_delta"": ""Lower energy prices were noted in many of the Districts, and, except for the Richmond District, which mentioned higher prices for raw materials, most reporting Districts noted declining input prices."", ""labor_delta"": ""Most Districts reported a general weakening of labor market conditions."", ""uncertainty_language"": ""although a few Districts noted some exceptions in some sectors.""}"
2009-01-28,FOMC_statement,https://www.federalreserve.gov/newsevents/pressreleases/monetary20090128a.htm,2008-12-16,0,-1,-1,-1,0,0,1,0,False,"{""growth_delta"": ""Information received since the Committee met in December suggests that the economy has weakened further."", ""inflation_delta"": ""the Committee sees some risk that inflation could persist for a time below rates that best foster economic growth and price stability in the longer term."", ""labor_delta"": ""Industrial production, housing starts, and employment have continued to decline steeply, as consumers and businesses have cut back spending."", ""uncertainty_language"": ""the downside risks to that outlook are significant.""}"
2009-03-04,Beige_Book,https://www.federalreserve.gov/fomc/beigebook/2009/20090304/default.htm,2009-01-14,0,-1,-1,-1,0,0,1,0,False,"{""growth_delta"": ""national economic conditions deteriorated further during the reporting period of January through late February."", ""inflation_delta"": ""Upward price pressures continued to ease across a broad spectrum of final goods and services."", ""labor_delta"": ""With rising layoffs and hiring freezes, unemployment has risen in all areas, reducing or eliminating upward wage pressures."", ""uncertainty_language"": ""contacts from various Districts rate the prospects for near-term improvement in economic conditions as poor, with a significant pickup not expected before late 2009 or early 2010.""}"
2009-03-18,FOMC_statement,https://www.federalreserve.gov/newsevents/pressreleases/monetary20090318a.htm,2009-01-28,-1,-1,0,-1,-1,2,0,0,False,"{""stance_delta"": ""The Committee will maintain the target range for the federal funds rate at 0 to 1/4 percent and anticipates that economic conditions are likely to warrant exceptionally low levels of the federal funds rate for an extended period."", ""growth_delta"": ""Information received since the Federal Open Market Committee met in January indicates that the economy continues to contract."", ""labor_delta"": ""Job losses, declining equity and housing wealth, and tight credit conditions have weighed on consumer sentiment and spending."", ""forward_guidance_delta"": ""anticipates that economic conditions are likely to warrant exceptionally low levels of the federal funds rate for an extended period."", ""balance_sheet_signal"": ""To provide greater support to mortgage lending and housing markets, the Committee decided today to increase the size of the Federal Reserve’s balance sheet further by purchasing up to an additional $750 billion of agency mortgage-backed securities... and to increase its purchases of agency debt this year by up to $100 billion... Moreover, to help improve conditions in private credit markets, the Committee decided to purchase up to $300 billion of longer-term Treasury securities over the next six months.""}"
2009-04-15,Beige_Book,https://www.federalreserve.gov/fomc/beigebook/2009/20090415/default.htm,2009-03-04,0,1,0,0,0,0,1,0,False,"{""growth_delta"": ""five of the twelve Districts noted a moderation in the pace of decline, and several saw signs that activity in some sectors was stabilizing at a low level."", ""uncertainty_language"": ""several saw signs that activity in some sectors was stabilizing at a low level.""}"
2009-04-29,FOMC_statement,https://www.federalreserve.gov/newsevents/pressreleases/monetary20090429a.htm,2009-03-18,0,1,0,0,0,0,0,0,False,"{""growth_delta"": ""the economy has continued to contract, though the pace of contraction appears to be somewhat slower""}"
2009-06-10,Beige_Book,https://www.federalreserve.gov/fomc/beigebook/2009/20090610/default.htm,2009-04-15,0,0,1,0,0,0,0,0,False,"{""inflation_delta"": ""The notable exception to the downward pressure on prices was the widely-reported increase in oil prices.""}"
2009-06-24,FOMC_statement,https://www.federalreserve.gov/newsevents/pressreleases/monetary20090624a.htm,2009-04-29,0,1,1,0,0,0,0,0,False,"{""growth_delta"": ""the pace of economic contraction is slowing"", ""inflation_delta"": ""The prices of energy and other commodities have risen of late. However, substantial resource slack is likely to dampen cost pressures, and the Committee expects that inflation will remain subdued for some time.""}"
2009-07-29,Beige_Book,https://www.federalreserve.gov/fomc/beigebook/2009/20090729/default.htm,2009-06-10,0,1,0,0,0,0,0,0,False,"{""growth_delta"": ""Reports from the 12 Federal Reserve Districts suggest that economic activity continued to be weak going into the summer, but most Districts indicated that the pace of decline has moderated since the last report or that activity has begun to stabilize, albeit at a low level.""}"
2009-08-12,FOMC_statement,https://www.federalreserve.gov/newsevents/pressreleases/monetary20090812a.htm,2009-06-24,0,1,0,0,0,-1,0,0,False,"{""growth_delta"": ""economic activity is leveling out"", ""balance_sheet_signal"": ""the Committee has decided to gradually slow the pace of these transactions and anticipates that the full amount will be purchased by the end of October""}"
2009-09-09,Beige_Book,https://www.federalreserve.gov/fomc/beigebook/2009/20090909/default.htm,2009-07-29,0,1,-1,0,0,0,1,0,False,"{""growth_delta"": ""Reports from the 12 Federal Reserve Districts indicate that economic activity continued to stabilize in July and August. Relative to the last report, Dallas indicated that economic activity had firmed, while Boston, Cleveland, Philadelphia, Richmond, and San Francisco mentioned signs of improvement."", ""inflation_delta"": ""Consumer prices were described as being steady in most Districts, although Kansas City and San Francisco noted some downward pressure on retail prices."", ""uncertainty_language"": ""The sustainability of the higher recent pace of new vehicle sales was questioned by industry contacts in the Richmond, Atlanta, Minneapolis, and San Francisco Districts.""}"
2009-09-23,FOMC_statement,https://www.federalreserve.gov/newsevents/pressreleases/monetary20090923a.htm,2009-08-12,0,1,0,0,0,0,0,0,False,"{""growth_delta"": ""economic activity has picked up following its severe downturn""}"
2009-10-21,Beige_Book,https://www.federalreserve.gov/fomc/beigebook/2009/20091021/default.htm,2009-09-09,0,0,0,0,0,0,1,1,False,"{""uncertainty_language"": ""virtually every reference to improvement was qualified as either small or scattered"", ""financial_stability_concern"": ""banking also faltered in several Districts, with Kansas City and San Francisco noting continued erosion in credit quality (often with more expected in the future)""}"
2009-11-04,FOMC_statement,https://www.federalreserve.gov/newsevents/pressreleases/monetary20091104a.htm,2009-09-23,0,1,0,0,0,-1,0,0,False,"{""growth_delta"": ""Household spending appears to be expanding but remains constrained..."", ""balance_sheet_signal"": ""the Federal Reserve will purchase a total of $1.25 trillion of agency mortgage-backed securities and about $175 billion of agency debt. The amount of agency debt purchases, while somewhat less than the previously announced maximum of $200 billion...""}"
2009-12-02,Beige_Book,https://www.federalreserve.gov/fomc/beigebook/2009/20091202/default.htm,2009-10-21,0,1,0,0,0,0,0,0,False,"{""growth_delta"": ""Reports from the twelve Federal Reserve Districts indicate that economic conditions have generally improved modestly since the last report.""}"
2010-01-13,Beige_Book,https://www.federalreserve.gov/fomc/beigebook/2010/20100113/default.htm,2009-12-02,0,1,0,0,0,0,1,0,False,"{""growth_delta"": ""conditions have improved modestly further, and those improvements are broader geographically than in the last report"", ""uncertainty_language"": ""consumers were variously described as cautious, price sensitive, and focused on necessities, but sometimes willing to spend on discretionary purchases""}"
2010-01-27,FOMC_statement,https://www.federalreserve.gov/newsevents/pressreleases/monetary20100127a.htm,2009-12-16,0,1,0,0,-1,0,0,0,False,"{""growth_delta"": ""economic activity has continued to strengthen"", ""forward_guidance_delta"": ""Voting against the policy action was Thomas M. Hoenig, who believed that economic and financial conditions had changed sufficiently that the expectation of exceptionally low levels of the federal funds rate for an extended period was no longer warranted.""}"
2010-03-03,Beige_Book,https://www.federalreserve.gov/fomc/beigebook/2010/20100303/default.htm,2010-01-13,0,1,0,0,0,0,1,0,False,"{""growth_delta"": ""Reports from the twelve Federal Reserve Districts indicated that economic conditions continued to expand since the last report, although severe snowstorms in early February held back activity in several Districts."", ""uncertainty_language"": ""although severe snowstorms in early February held back activity in several Districts.""}"
2010-03-16,FOMC_statement,https://www.federalreserve.gov/newsevents/pressreleases/monetary20100316a.htm,2010-01-27,0,0,0,0,0,0,0,1,False,"{""financial_stability_concern"": ""because it could lead to the buildup of financial imbalances and increase risks to longer-run macroeconomic and financial stability.""}"
2010-04-14,Beige_Book,https://www.federalreserve.gov/fomc/beigebook/2010/20100414/default.htm,2010-03-03,0,1,0,0,0,0,0,0,False,"{""growth_delta"": ""Overall economic activity increased somewhat since the last report across all Federal Reserve Districts except St. Louis, which reported \""softened\"" economic conditions.""}"
2010-04-28,FOMC_statement,https://www.federalreserve.gov/newsevents/pressreleases/monetary20100428a.htm,2010-03-16,0,1,0,1,0,0,0,0,False,"{""growth_delta"": ""economic activity has continued to strengthen"", ""labor_delta"": ""the labor market is beginning to improve""}"
2010-05-09,FOMC_statement,https://www.federalreserve.gov/newsevents/pressreleases/monetary20100509a.htm,2010-04-28,0,0,0,0,0,0,1,1,False,"{""uncertainty_language"": ""In response to the reemergence of strains in U.S. dollar short-term funding markets in Europe"", ""financial_stability_concern"": ""to help improve liquidity conditions in U.S. dollar funding markets and to prevent the spread of strains to other markets and financial centers""}"
2010-05-10,FOMC_statement,https://www.federalreserve.gov/newsevents/pressreleases/monetary20100510a.htm,2010-05-09,0,0,0,0,0,0,0,0,False,{}
2010-06-09,Beige_Book,https://www.federalreserve.gov/fomc/beigebook/2010/20100609/default.htm,2010-04-14,0,1,0,0,0,0,1,0,False,"{""growth_delta"": ""Economic activity continued to improve since the last report across all twelve Federal Reserve Districts, although many Districts described the pace of growth as \""modest.\"""", ""uncertainty_language"": ""The potential exists for a much greater impact, although contacts are quite uncertain as to the ultimate effects.""}"
2010-06-23,FOMC_statement,https://www.federalreserve.gov/newsevents/pressreleases/monetary20100623a.htm,2010-05-10,0,1,-1,1,0,0,1,1,False,"{""growth_delta"": ""the economic recovery is proceeding"", ""inflation_delta"": ""underlying inflation has trended lower"", ""labor_delta"": ""the labor market is improving gradually"", ""uncertainty_language"": ""although the pace of economic recovery is likely to be moderate for a time"", ""financial_stability_concern"": ""increase risks to longer-run macroeconomic and financial stability""}"
2010-07-28,Beige_Book,https://www.federalreserve.gov/fomc/beigebook/2010/20100728/default.htm,2010-06-09,0,-1,0,0,0,0,1,0,False,"{""growth_delta"": ""two Districts, Atlanta and Chicago, said that the pace of economic activity had slowed recently."", ""uncertainty_language"": ""contacts are quite uncertain as to the ultimate effects.""}"
2010-08-10,FOMC_statement,https://www.federalreserve.gov/newsevents/pressreleases/monetary20100810a.htm,2010-06-23,0,-1,0,-1,0,1,1,0,False,"{""growth_delta"": ""the pace of recovery in output and employment has slowed in recent months"", ""labor_delta"": ""the pace of recovery in output and employment has slowed in recent months"", ""balance_sheet_signal"": ""To help support the economic recovery in a context of price stability, the Committee will keep constant the Federal Reserve's holdings of securities at their current level by reinvesting principal payments from agency debt and agency mortgage-backed securities in longer-term Treasury securities."", ""uncertainty_language"": ""although the pace of economic recovery is likely to be more modest in the near term than had been anticipated""}"
2010-09-08,Beige_Book,https://www.federalreserve.gov/fomc/beigebook/2010/20100908/default.htm,2010-07-28,0,-1,0,0,0,0,1,0,False,"{""growth_delta"": ""Reports from the twelve Federal Reserve Districts suggested continued growth in national economic activity during the reporting period of mid-July through the end of August, but with widespread signs of a deceleration compared with preceding periods."", ""uncertainty_language"": ""Economic growth at a modest pace was the most common characterization of overall conditions... However, the remaining Districts of New York, Philadelphia, Richmond, Atlanta, and Chicago all highlighted mixed conditions or deceleration in overall economic activity.""}"
2010-09-21,FOMC_statement,https://www.federalreserve.gov/newsevents/pressreleases/monetary20100921a.htm,2010-08-10,0,0,0,0,0,0,0,0,False,{}
2010-10-20,Beige_Book,https://www.federalreserve.gov/fomc/beigebook/2010/20101020/default.htm,2010-09-08,0,0,0,0,0,0,0,0,False,{}
2010-11-03,FOMC_statement,https://www.federalreserve.gov/newsevents/pressreleases/monetary20101103a.htm,2010-09-21,-2,-1,-1,0,0,-2,0,1,False,"{""stance_delta"": ""To promote a stronger pace of economic recovery and to help ensure that inflation, over time, is at levels consistent with its mandate, the Committee decided today to expand its holdings of securities."", ""growth_delta"": ""progress toward its objectives has been disappointingly slow."", ""inflation_delta"": ""measures of underlying inflation have trended lower in recent quarters."", ""balance_sheet_signal"": ""the Committee intends to purchase a further $600 billion of longer-term Treasury securities by the end of the second quarter of 2011, a pace of about $75 billion per month."", ""financial_stability_concern"": ""Mr. Hoenig also was concerned that this continued high level of monetary accommodation increased the risks of future financial imbalances""}"
2010-12-01,Beige_Book,https://www.federalreserve.gov/fomc/beigebook/2010/20101201/default.htm,2010-10-20,0,1,0,1,0,0,0,0,False,"{""growth_delta"": ""the economy continued to improve, on balance, during the reporting period from early/mid-October to mid-November"", ""labor_delta"": ""Hiring activity showed some improvement across most Districts""}"
2010-12-14,FOMC_statement,https://www.federalreserve.gov/newsevents/pressreleases/monetary20101214a.htm,2010-11-03,0,1,-1,0,0,0,0,0,False,"{""growth_delta"": ""the economic recovery is continuing, though at a rate that has been insufficient to bring down unemployment"", ""inflation_delta"": ""measures of underlying inflation have continued to trend downward""}"
2010-12-21,FOMC_statement,https://www.federalreserve.gov/newsevents/pressreleases/monetary20101221a.htm,2010-12-14,0,0,0,0,0,0,0,0,False,{}
2011-01-12,Beige_Book,https://www.federalreserve.gov/monetarypolicy/beigebook/beigebook201101.htm,2010-12-01,0,1,1,1,0,0,0,0,False,"{""growth_delta"": ""economic activity continued to expand moderately from November through December"", ""inflation_delta"": ""most District reports cited comments by both retailers and manufacturers that costs were rising, but indicated that competitive pressures had led to only modest pass-through into final prices"", ""labor_delta"": ""Labor markets appeared to be firming somewhat in most Districts, as some modest hiring beyond replacement was said to have occurred and/or was planned in a variety of sectors""}"
2011-01-26,FOMC_statement,https://www.federalreserve.gov/newsevents/pressreleases/monetary20110126a.htm,2010-12-21,-1,0,-1,0,0,-1,1,0,False,"{""stance_delta"": ""the Committee decided today to continue expanding its holdings of securities as announced in November. In particular, the Committee is maintaining its existing policy of reinvesting principal payments from its securities holdings and intends to purchase $600 billion of longer-term Treasury securities by the end of the second quarter of 2011."", ""inflation_delta"": ""measures of underlying inflation have been trending downward."", ""balance_sheet_signal"": ""intends to purchase $600 billion of longer-term Treasury securities by the end of the second quarter of 2011."", ""uncertainty_language"": ""progress toward its objectives has been disappointingly slow.""}"
2011-03-02,Beige_Book,https://www.federalreserve.gov/monetarypolicy/beigebook/beigebook20110302.htm,2011-01-12,0,0,1,0,0,0,1,0,False,"{""inflation_delta"": ""Non-wage input costs increased for manufacturers and retailers in most Districts. Manufacturers, in a number of Districts reported having greater ability to pass through higher input costs to customers. Retailers in some Districts mentioned they had implemented price increases or were anticipating such action in the next few months."", ""uncertainty_language"": ""The outlook among all Districts was for a modest increase in retail activity.""}"
2011-03-15,FOMC_statement,https://www.federalreserve.gov/newsevents/pressreleases/monetary20110315a.htm,2011-01-26,0,1,1,1,0,0,0,0,False,"{""growth_delta"": ""the economic recovery is on a firmer footing"", ""inflation_delta"": ""The recent increases in the prices of energy and other commodities are currently putting upward pressure on inflation."", ""labor_delta"": ""overall conditions in the labor market appear to be improving gradually""}"
2011-04-13,Beige_Book,https://www.federalreserve.gov/monetarypolicy/beigebook/beigebook201104.htm,2011-03-02,0,1,1,0,0,0,1,0,False,"{""growth_delta"": ""economic activity generally continued to improve since the last report"", ""inflation_delta"": ""higher commodity costs were widely reported to be putting increasing pressures on prices"", ""uncertainty_language"": ""some Districts, however, also noted that uncertainties remained high""}"
2011-04-27,FOMC_statement,https://www.federalreserve.gov/newsevents/pressreleases/monetary20110427a.htm,2011-03-15,0,0,1,0,0,0,0,0,False,"{""inflation_delta"": ""Inflation has picked up in recent months""}"
2011-06-08,Beige_Book,https://www.federalreserve.gov/monetarypolicy/beigebook/beigebook201106.htm,2011-04-13,0,-1,1,0,0,0,1,0,False,"{""growth_delta"": ""economic activity generally continued to expand since the last report, though a few Districts indicated some deceleration. Some slowing in the pace of growth was noted in the New York, Philadelphia, Atlanta, and Chicago Districts."", ""inflation_delta"": ""Elevated food and energy prices, as well as unfavorable weather in some parts of the country, were said to be weighing on consumers' propensity to spend."", ""uncertainty_language"": ""a combination of unfavorable weather and high fuel and food prices have weighed on consumer spending in recent weeks.""}"
2011-06-22,FOMC_statement,https://www.federalreserve.gov/newsevents/pressreleases/monetary20110622a.htm,2011-04-27,0,-1,0,-1,0,0,1,0,False,"{""growth_delta"": ""the economic recovery is continuing at a moderate pace, though somewhat more slowly than the Committee had expected"", ""labor_delta"": ""recent labor market indicators have been weaker than anticipated"", ""uncertainty_language"": ""factors that are likely to be temporary, including the damping effect of higher food and energy prices on consumer purchasing power and spending as well as supply chain disruptions associated with the tragic events in Japan""}"
2011-07-27,Beige_Book,https://www.federalreserve.gov/monetarypolicy/beigebook/beigebook201107.htm,2011-06-08,0,-1,-1,0,0,0,1,0,False,"{""growth_delta"": ""Reports from the twelve Federal Reserve Districts indicated that economic activity continued to grow; however, the pace has moderated in many Districts."", ""inflation_delta"": ""Price pressures moderated somewhat in many Districts, although some firms indicated that they were able to pass on some cost increases to their customers."", ""uncertainty_language"": ""activity was little changed in the Atlanta District and unchanged or slightly improved in the Richmond District.""}"
2011-08-09,FOMC_statement,https://www.federalreserve.gov/newsevents/pressreleases/monetary20110809a.htm,2011-06-22,0,-2,-1,-2,1,0,2,0,False,"{""growth_delta"": ""economic growth so far this year has been considerably slower than the Committee had expected"", ""inflation_delta"": ""More recently, inflation has moderated as prices of energy and some commodities have declined from their earlier peaks"", ""labor_delta"": ""Indicators suggest a deterioration in overall labor market conditions in recent months, and the unemployment rate has moved up"", ""forward_guidance_delta"": ""The Committee currently anticipates that economic conditions--including low rates of resource utilization and a subdued outlook for inflation over the medium run--are likely to warrant exceptionally low levels for the federal funds rate at least through mid-2013"", ""uncertainty_language"": ""Moreover, downside risks to the economic outlook have increased""}"
2011-09-07,Beige_Book,https://www.federalreserve.gov/monetarypolicy/beigebook/beigebook201109.htm,2011-07-27,0,-1,-1,0,0,0,2,0,False,"{""growth_delta"": ""economic activity continued to expand at a modest pace, though some Districts noted mixed or weakening activity"", ""inflation_delta"": ""Price pressures edged lower, although input costs continued to increase in some industries and retail prices rose in several Districts"", ""uncertainty_language"": ""recent stock market volatility and increased economic uncertainty had led many contacts to downgrade or become more cautious about their near-term outlooks""}"
2011-09-21,FOMC_statement,https://www.federalreserve.gov/newsevents/pressreleases/monetary20110921a.htm,2011-08-09,-1,0,0,0,0,2,1,1,False,"{""stance_delta"": ""To support a stronger economic recovery and to help ensure that inflation, over time, is at levels consistent with the dual mandate, the Committee decided today to extend the average maturity of its holdings of securities."", ""balance_sheet_signal"": ""The Committee intends to purchase, by the end of June 2012, $400 billion of Treasury securities with remaining maturities of 6 years to 30 years and to sell an equal amount of Treasury securities with remaining maturities of 3 years or less."", ""uncertainty_language"": ""Moreover, there are significant downside risks to the economic outlook, including strains in global financial markets."", ""financial_stability_concern"": ""Moreover, there are significant downside risks to the economic outlook, including strains in global financial markets.""}"
2011-10-19,Beige_Book,https://www.federalreserve.gov/monetarypolicy/beigebook/beigebook201110.htm,2011-09-07,0,0,-1,0,0,0,1,0,False,"{""inflation_delta"": ""Cost pressures eased in the majority of Districts, though there was some further pass-through of earlier increases to downstream prices."", ""uncertainty_language"": ""contacts generally noted weaker or less certain outlooks for business conditions.""}"
2011-11-02,FOMC_statement,https://www.federalreserve.gov/newsevents/pressreleases/monetary20111102a.htm,2011-09-21,0,1,0,0,0,0,0,0,False,"{""growth_delta"": ""economic growth strengthened somewhat in the third quarter, reflecting in part a reversal of the temporary factors that had weighed on growth earlier in the year""}"
2011-11-30,Beige_Book,https://www.federalreserve.gov/monetarypolicy/beigebook/beigebook201111.htm,2011-10-19,0,1,-1,0,0,0,0,0,False,"{""growth_delta"": ""Overall economic activity increased at a slow to moderate pace since the previous report across all Federal Reserve Districts except St. Louis, which reported a decline in economic activity."", ""inflation_delta"": ""Overall price increases remained subdued, and some cost pressures were reported to have eased.""}"
2011-12-13,FOMC_statement,https://www.federalreserve.gov/newsevents/pressreleases/monetary20111213a.htm,2011-11-02,0,0,0,0,0,0,0,0,False,{}
2012-01-11,Beige_Book,https://www.federalreserve.gov/monetarypolicy/beigebook/beigebook201201.htm,2011-11-30,0,1,0,0,0,0,0,0,False,"{""growth_delta"": ""national economic activity expanded at a modest to moderate pace during the reporting period of late November through the end of December.""}"
2012-01-25,FOMC_statement,https://www.federalreserve.gov/newsevents/pressreleases/monetary20120125a.htm,2011-12-13,0,-1,-1,0,1,0,0,0,False,"{""growth_delta"": ""The Committee expects economic growth over coming quarters to be modest"", ""inflation_delta"": ""Inflation has been subdued in recent months"", ""forward_guidance_delta"": ""currently anticipates that economic conditions [...] are likely to warrant exceptionally low levels for the federal funds rate at least through late 2014""}"
2012-02-29,Beige_Book,https://www.federalreserve.gov/monetarypolicy/beigebook/beigebook201202.htm,2012-01-11,0,1,0,1,0,0,1,0,False,"{""growth_delta"": ""overall economic activity continued to increase at a modest to moderate pace in January and early February. Activity expanded at a moderate pace in the Cleveland, Chicago, Kansas City, Dallas, and San Francisco Districts."", ""labor_delta"": ""Hiring increased slightly across several Districts, and contacts in a variety of industries faced difficulties finding skilled workers."", ""uncertainty_language"": ""Manufacturing contacts in the Boston, Philadelphia, and Cleveland Districts expressed concern about the risks posed by the situation in Europe.""}"
2012-03-13,FOMC_statement,https://www.federalreserve.gov/newsevents/pressreleases/monetary20120313a.htm,2012-01-25,0,0,1,1,0,0,0,0,False,"{""inflation_delta"": ""although prices of crude oil and gasoline have increased lately"", ""labor_delta"": ""Labor market conditions have improved further; the unemployment rate has declined notably in recent months but remains elevated.""}"
2012-04-11,Beige_Book,https://www.federalreserve.gov/monetarypolicy/beigebook/beigebook201204.htm,2012-02-29,0,1,1,0,0,0,1,0,False,"{""growth_delta"": ""The economy in Minneapolis grew at a solid pace and Kansas City's economy expanded at a faster pace."", ""inflation_delta"": ""contacts in many Districts commented on rising transportation costs due to higher fuel prices."", ""uncertainty_language"": ""several respondents in Cleveland and Dallas noted that their outlooks have become more cautious.""}"
2012-04-25,FOMC_statement,https://www.federalreserve.gov/newsevents/pressreleases/monetary20120425a.htm,2012-03-13,0,0,1,0,0,0,0,0,False,"{""inflation_delta"": ""Inflation has picked up somewhat, mainly reflecting higher prices of crude oil and gasoline.""}"
2012-06-06,Beige_Book,https://www.federalreserve.gov/monetarypolicy/beigebook/beigebook201206.htm,2012-04-11,0,0,-1,0,0,0,1,0,False,"{""inflation_delta"": ""overall cost pressures eased as the price of energy inputs declined."", ""uncertainty_language"": ""contacts were slightly more guarded in their optimism.""}"
2012-06-20,FOMC_statement,https://www.federalreserve.gov/newsevents/pressreleases/monetary20120620a.htm,2012-04-25,0,-1,-1,-1,0,0,0,0,False,"{""growth_delta"": ""growth in employment has slowed in recent months"", ""inflation_delta"": ""Inflation has declined, mainly reflecting lower prices of crude oil and gasoline"", ""labor_delta"": ""growth in employment has slowed in recent months, and the unemployment rate remains elevated""}"
2012-07-18,Beige_Book,https://www.federalreserve.gov/monetarypolicy/beigebook/beigebook201207.htm,2012-06-06,0,-1,0,0,0,0,1,0,False,"{""growth_delta"": ""The New York, Philadelphia, and Cleveland Districts noted that activity continued to expand, but at a slower pace since the last report, while Richmond cited mixed activity."", ""uncertainty_language"": ""merchants in the Boston and Philadelphia Districts were concerned that economic uncertainty could result in restrained sales growth""}"
2012-08-01,FOMC_statement,https://www.federalreserve.gov/newsevents/pressreleases/monetary20120801a.htm,2012-06-20,0,-1,0,0,0,0,1,0,False,"{""growth_delta"": ""economic activity decelerated somewhat over the first half of this year"", ""uncertainty_language"": ""The Committee will closely monitor incoming information on economic and financial developments and will provide additional accommodation as needed""}"
2012-08-29,Beige_Book,https://www.federalreserve.gov/monetarypolicy/beigebook/beigebook201208.htm,2012-07-18,0,0,0,0,0,0,1,0,False,"{""uncertainty_language"": ""Boston cited mixed reports from business contacts and some slowdown since the previous report.""}"
2012-09-13,FOMC_statement,https://www.federalreserve.gov/newsevents/pressreleases/monetary20120913a.htm,2012-08-01,1,1,0,0,1,1,0,0,False,"{""stance_delta"": ""the Committee agreed today to increase policy accommodation by purchasing additional agency mortgage-backed securities at a pace of $40 billion per month"", ""growth_delta"": ""economic activity has continued to expand at a moderate pace in recent months"", ""forward_guidance_delta"": ""exceptionally low levels for the federal funds rate are likely to be warranted at least through mid-2015"", ""balance_sheet_signal"": ""purchasing additional agency mortgage-backed securities at a pace of $40 billion per month""}"
2012-10-10,Beige_Book,https://www.federalreserve.gov/monetarypolicy/beigebook/beigebook201210.htm,2012-08-29,0,0,0,0,0,0,1,0,False,"{""uncertainty_language"": ""various factors affecting sales, such as rising gasoline prices, political uncertainty, concerns about the 'fiscal cliff' and weather""}"
2012-10-24,FOMC_statement,https://www.federalreserve.gov/newsevents/pressreleases/monetary20121024a.htm,2012-09-13,0,0,1,0,0,0,0,0,False,"{""inflation_delta"": ""Inflation recently picked up somewhat, reflecting higher energy prices.""}"
2012-11-28,Beige_Book,https://www.federalreserve.gov/monetarypolicy/beigebook/beigebook201211.htm,2012-10-10,0,0,0,0,0,0,1,0,False,"{""uncertainty_language"": ""Contacts in a number of Districts expressed concern and uncertainty about the federal budget, especially the fiscal cliff.""}"
2012-12-12,FOMC_statement,https://www.federalreserve.gov/newsevents/pressreleases/monetary20121212a.htm,2012-10-24,0,1,-1,1,1,1,0,0,False,"{""growth_delta"": ""economic activity and employment have continued to expand at a moderate pace"", ""inflation_delta"": ""Inflation has been running somewhat below the Committee’s longer-run objective"", ""labor_delta"": ""Although the unemployment rate has declined somewhat since the summer, it remains elevated"", ""forward_guidance_delta"": ""the Committee currently anticipates that this exceptionally low range for the federal funds rate will be appropriate at least as long as the unemployment rate remains above 6-1/2 percent, inflation between one and two years ahead is projected to be no more than a half percentage point above the Committee’s 2 percent longer-run goal, and longer-term inflation expectations continue to be well anchored"", ""balance_sheet_signal"": ""The Committee also will purchase longer-term Treasury securities after its program to extend the average maturity of its holdings of Treasury securities is completed at the end of the year, initially at a pace of $45 billion per month""}"
2013-01-16,Beige_Book,https://www.federalreserve.gov/monetarypolicy/beigebook/beigebook201301.htm,2012-11-28,0,1,0,0,0,0,1,0,False,"{""growth_delta"": ""Reports from the twelve Federal Reserve Districts indicated that economic activity has expanded since the previous Beige Book report, with all twelve Districts characterizing the pace of growth as either modest or moderate."", ""uncertainty_language"": ""Citing concerns that consumers will spend cautiously due to ongoing fiscal uncertainty, retail contacts and auto dealers reported a slightly dimmer, though positive, outlook for future sales.""}"
2013-01-30,FOMC_statement,https://www.federalreserve.gov/newsevents/pressreleases/monetary20130130a.htm,2012-12-12,0,-1,0,0,0,0,1,1,False,"{""growth_delta"": ""growth in economic activity paused in recent months, in large part because of weather-related disruptions and other transitory factors"", ""uncertainty_language"": ""other transitory factors"", ""financial_stability_concern"": ""Esther L. George, who was concerned that the continued high level of monetary accommodation increased the risks of future economic and financial imbalances""}"
2013-03-06,Beige_Book,https://www.federalreserve.gov/monetarypolicy/beigebook/beigebook201303.htm,2013-01-16,0,1,0,1,0,0,1,0,False,"{""growth_delta"": ""Reports from the twelve Federal Reserve Districts indicated that economic activity generally expanded at a modest to moderate pace since the previous Beige Book."", ""labor_delta"": ""The majority of Districts reported modest improvements in labor market conditions, although hiring plans were limited in several Districts."", ""uncertainty_language"": ""Many District contacts commented on the expired payroll tax holiday and the Affordable Care Act as having restrained sales growth.""}"
2013-03-13,FOMC_statement,https://www.federalreserve.gov/newsevents/pressreleases/monetary20130313a.htm,2013-01-30,0,0,0,0,0,0,0,0,False,{}
2013-03-20,FOMC_statement,https://www.federalreserve.gov/newsevents/pressreleases/monetary20130320a.htm,2013-03-13,0,1,-1,1,1,0,0,0,False,"{""growth_delta"": ""Information received since the Federal Open Market Committee met in January suggests a return to moderate economic growth following a pause late last year."", ""inflation_delta"": ""Inflation has been running somewhat below the Committee's longer-run objective, apart from temporary variations that largely reflect fluctuations in energy prices."", ""labor_delta"": ""Labor market conditions have shown signs of improvement in recent months but the unemployment rate remains elevated."", ""forward_guidance_delta"": ""the Committee decided to keep the target range for the federal funds rate at 0 to 1/4 percent and currently anticipates that this exceptionally low range for the federal funds rate will be appropriate at least as long as the unemployment rate remains above 6-1/2 percent, inflation between one and two years ahead is projected to be no more than a half percentage point above the Committee's 2 percent longer-run goal, and longer-term inflation expectations continue to be well anchored.""}"
2013-04-17,Beige_Book,https://www.federalreserve.gov/monetarypolicy/beigebook/beigebook201304.htm,2013-03-06,0,1,0,0,0,0,1,0,False,"{""growth_delta"": ""Reports from the twelve Federal Reserve Districts suggest overall economic activity expanded at a moderate pace during the reporting period from late February to early April."", ""uncertainty_language"": ""Some uncertainty remained, primarily regarding fiscal policy and health care reform.""}"
2013-05-01,FOMC_statement,https://www.federalreserve.gov/newsevents/pressreleases/monetary20130501a.htm,2013-03-20,0,0,0,0,0,0,1,1,False,"{""uncertainty_language"": ""The Committee is prepared to increase or reduce the pace of its purchases to maintain appropriate policy accommodation as the outlook for the labor market or inflation changes."", ""financial_stability_concern"": ""Esther L. George, who was concerned that the continued high level of monetary accommodation increased the risks of future economic and financial imbalances and, over time, could cause an increase in long-term inflation expectations.""}"
2013-06-05,Beige_Book,https://www.federalreserve.gov/monetarypolicy/beigebook/beigebook201306.htm,2013-04-17,0,1,0,0,0,0,1,0,False,"{""growth_delta"": ""Overall economic activity increased at a modest to moderate pace since the previous report across all Federal Reserve Districts except the Dallas District, which reported strong economic growth."", ""uncertainty_language"": ""The near-term outlook has waned somewhat in the New York District.""}"
2013-06-19,FOMC_statement,https://www.federalreserve.gov/newsevents/pressreleases/monetary20130619a.htm,2013-05-01,0,0,0,0,0,0,0,0,False,{}
2013-07-17,Beige_Book,https://www.federalreserve.gov/monetarypolicy/beigebook/beigebook201307.htm,2013-06-05,0,0,0,0,0,0,1,0,False,"{""uncertainty_language"": ""contacts in the Cleveland and Atlanta District do not expect future production to be as high as previously projected""}"
2013-07-31,FOMC_statement,https://www.federalreserve.gov/newsevents/pressreleases/monetary20130731a.htm,2013-06-19,0,1,1,0,0,0,0,1,False,"{""growth_delta"": ""economic growth will pick up from its recent pace"", ""inflation_delta"": ""inflation persistently below its 2 percent objective could pose risks to economic performance"", ""financial_stability_concern"": ""the continued high level of monetary accommodation increased the risks of future economic and financial imbalances""}"
2013-09-04,Beige_Book,https://www.federalreserve.gov/monetarypolicy/beigebook/beigebook201309.htm,2013-07-17,0,0,0,0,0,0,0,0,False,{}
2013-09-18,FOMC_statement,https://www.federalreserve.gov/newsevents/pressreleases/monetary20130918a.htm,2013-07-31,0,1,0,0,0,0,1,0,False,"{""growth_delta"": ""economic activity has been expanding at a moderate pace"", ""uncertainty_language"": ""if sustained, could slow the pace of improvement in the economy and labor market""}"
2013-10-16,Beige_Book,https://www.federalreserve.gov/monetarypolicy/beigebook/beigebook201310.htm,2013-09-04,0,-1,0,-1,0,0,2,0,False,"{""growth_delta"": ""growth slowed some in the Philadelphia, Richmond, Chicago, and Kansas City Districts"", ""labor_delta"": ""Employment growth remained modest in September. Several Districts reported that contacts were cautious to expand payrolls, citing uncertainty surrounding the implementation of the Affordable Care Act and fiscal policy more generally"", ""uncertainty_language"": ""contacts across Districts generally remained cautiously optimistic in their outlook for future economic activity, although many also noted an increase in uncertainty due largely to the federal government shutdown and debt ceiling debate""}"
2013-10-30,FOMC_statement,https://www.federalreserve.gov/newsevents/pressreleases/monetary20131030a.htm,2013-09-18,0,-1,0,0,1,0,0,0,False,"{""growth_delta"": ""the recovery in the housing sector slowed somewhat in recent months"", ""forward_guidance_delta"": ""the Committee decided to keep the target range for the federal funds rate at 0 to 1/4 percent and currently anticipates that this exceptionally low range for the federal funds rate will be appropriate at least as long as the unemployment rate remains above 6-1/2 percent, inflation between one and two years ahead is projected to be no more than a half percentage point above the Committee's 2 percent longer-run goal, and longer-term inflation expectations continue to be well anchored""}"
2013-12-04,Beige_Book,https://www.federalreserve.gov/monetarypolicy/beigebook/beigebook201312.htm,2013-10-16,0,1,0,0,0,0,1,0,False,"{""growth_delta"": ""Reports from the twelve Federal Reserve Districts indicated that the economy continued to expand at a modest to moderate pace from early October through mid-November. Activity in the New York, Cleveland, Richmond, Atlanta, St. Louis, Minneapolis, and Dallas Districts grew at a moderate pace, while Philadelphia, Chicago, Kansas City, and San Francisco cited modest growth."", ""uncertainty_language"": ""some contacts in Cleveland and Chicago observed that heightened levels of uncertainty, driven in part by fiscal issues, could dampen demand.""}"
2013-12-18,FOMC_statement,https://www.federalreserve.gov/newsevents/pressreleases/monetary20131218a.htm,2013-10-30,1,0,0,1,1,1,0,0,False,"{""stance_delta"": ""the Committee decided to modestly reduce the pace of its asset purchases"", ""labor_delta"": ""Labor market conditions have shown further improvement; the unemployment rate has declined but remains elevated"", ""forward_guidance_delta"": ""The Committee now anticipates, based on its assessment of these factors, that it likely will be appropriate to maintain the current target range for the federal funds rate well past the time that the unemployment rate declines below 6-1/2 percent"", ""balance_sheet_signal"": ""Beginning in January, the Committee will add to its holdings of agency mortgage-backed securities at a pace of $35 billion per month rather than $40 billion per month, and will add to its holdings of longer-term Treasury securities at a pace of $40 billion per month rather than $45 billion per month""}"
2014-01-15,Beige_Book,https://www.federalreserve.gov/monetarypolicy/beigebook/beigebook201401.htm,2013-12-04,0,1,0,1,0,0,0,0,False,"{""growth_delta"": ""Reports from the twelve Federal Reserve Districts suggest economic activity continued to expand across most regions and sectors from late November through the end of the year. Nine Districts indicated the local economy was expanding at a moderate pace; among these, the Atlanta and Chicago Districts saw conditions improve compared with the previous reporting period."", ""labor_delta"": ""Two-thirds of Districts noted increases in hiring; the Richmond District cited \""numerous reports of strong labor demand.\""""}"
2014-01-29,FOMC_statement,https://www.federalreserve.gov/newsevents/pressreleases/monetary20140129a.htm,2013-12-18,0,1,0,0,1,1,0,0,False,"{""growth_delta"": ""growth in economic activity picked up in recent quarters"", ""forward_guidance_delta"": ""a highly accommodative stance of monetary policy will remain appropriate for a considerable time after the asset purchase program ends and the economic recovery strengthens"", ""balance_sheet_signal"": ""the Committee decided to make a further measured reduction in the pace of its asset purchases. Beginning in February, the Committee will add to its holdings of agency mortgage-backed securities at a pace of $30 billion per month rather than $35 billion per month, and will add to its holdings of longer-term Treasury securities at a pace of $35 billion per month rather than $40 billion per month""}"
2014-03-05,Beige_Book,https://www.federalreserve.gov/monetarypolicy/beigebook/beigebook201403.htm,2014-01-15,0,-1,0,0,0,0,1,0,False,"{""growth_delta"": ""Retail sales growth weakened since the previous report for most Districts, as severe winter weather limited activity."", ""uncertainty_language"": ""Reports from most of the twelve Federal Reserve Districts indicated that economic conditions continued to expand from January to early February. Eight Districts reported improved levels of activity, but in most cases the increases were characterized as modest to moderate.""}"
2014-03-19,FOMC_statement,https://www.federalreserve.gov/newsevents/pressreleases/monetary20140319a.htm,2014-01-29,0,-1,0,0,1,1,0,0,False,"{""growth_delta"": ""growth in economic activity slowed during the winter months, in part reflecting adverse weather conditions"", ""forward_guidance_delta"": ""With the unemployment rate nearing 6-1/2 percent, the Committee has updated its forward guidance. The change in the Committee's guidance does not indicate any change in the Committee's policy intentions as set forth in its recent statements."", ""balance_sheet_signal"": ""Beginning in April, the Committee will add to its holdings of agency mortgage-backed securities at a pace of $25 billion per month rather than $30 billion per month, and will add to its holdings of longer-term Treasury securities at a pace of $30 billion per month rather than $35 billion per month""}"
2014-04-16,Beige_Book,https://www.federalreserve.gov/monetarypolicy/beigebook/beigebook201404.htm,2014-03-05,0,1,0,0,0,0,0,0,False,"{""growth_delta"": ""Reports from the twelve Federal Reserve Districts suggest economic activity increased in most regions of the country since the previous report.""}"
2014-04-30,FOMC_statement,https://www.federalreserve.gov/newsevents/pressreleases/monetary20140430a.htm,2014-03-19,0,1,0,0,0,1,0,0,False,"{""growth_delta"": ""growth in economic activity has picked up recently, after having slowed sharply during the winter"", ""balance_sheet_signal"": ""Beginning in May, the Committee will add to its holdings of agency mortgage-backed securities at a pace of $20 billion per month rather than $25 billion per month, and will add to its holdings of longer-term Treasury securities at a pace of $25 billion per month rather than $30 billion per month""}"
2014-06-04,Beige_Book,https://www.federalreserve.gov/monetarypolicy/beigebook/beigebook201406.htm,2014-04-16,0,1,0,1,0,0,0,0,False,"{""growth_delta"": ""All twelve Federal Reserve Districts report that economic activity expanded during the current reporting period."", ""labor_delta"": ""Labor market conditions generally strengthened in the latest reporting period, with hiring activity steady to stronger across most of the country, and several Districts reporting shortages of skilled workers.""}"
2014-06-18,FOMC_statement,https://www.federalreserve.gov/newsevents/pressreleases/monetary20140618a.htm,2014-04-30,0,1,0,1,0,1,0,0,False,"{""growth_delta"": ""growth in economic activity has rebounded in recent months"", ""labor_delta"": ""Labor market indicators generally showed further improvement"", ""balance_sheet_signal"": ""Beginning in July, the Committee will add to its holdings of agency mortgage-backed securities at a pace of $15 billion per month rather than $20 billion per month, and will add to its holdings of longer-term Treasury securities at a pace of $20 billion per month rather than $25 billion per month""}"
2014-07-16,Beige_Book,https://www.federalreserve.gov/monetarypolicy/beigebook/beigebook201407.htm,2014-06-04,0,0,0,1,0,0,0,0,False,"{""labor_delta"": ""Labor market conditions improved, as all twelve Districts reported slight to moderate employment growth.""}"
2014-07-30,FOMC_statement,https://www.federalreserve.gov/newsevents/pressreleases/monetary20140730a.htm,2014-06-18,0,0,1,0,0,1,0,0,False,"{""inflation_delta"": ""Inflation has moved somewhat closer to the Committee's longer-run objective."", ""balance_sheet_signal"": ""Beginning in August, the Committee will add to its holdings of agency mortgage-backed securities at a pace of $10 billion per month rather than $15 billion per month, and will add to its holdings of longer-term Treasury securities at a pace of $15 billion per month rather than $20 billion per month.""}"
2014-09-03,Beige_Book,https://www.federalreserve.gov/monetarypolicy/beigebook/beigebook201409.htm,2014-07-16,0,0,0,0,0,0,1,0,False,"{""uncertainty_language"": ""none of the Districts pointed to a distinct shift in the overall pace of growth""}"
2014-09-17,FOMC_statement,https://www.federalreserve.gov/newsevents/pressreleases/monetary20140917c.htm,2014-09-17,1,0,0,0,1,1,1,0,False,"{""stance_delta"": ""The Committee will determine the timing and pace of policy normalization--meaning steps to raise the federal funds rate and other short-term interest rates to more normal levels and to reduce the Federal Reserve's securities holdings--so as to promote its statutory mandate of maximum employment and price stability."", ""forward_guidance_delta"": ""When economic conditions and the economic outlook warrant a less accommodative monetary policy, the Committee will raise its target range for the federal funds rate."", ""balance_sheet_signal"": ""The Committee intends to reduce the Federal Reserve's securities holdings in a gradual and predictable manner primarily by ceasing to reinvest repayments of principal on securities held in the SOMA."", ""uncertainty_language"": ""The discussions were part of prudent planning and do not imply that normalization will necessarily begin soon.""}"
2014-09-17,FOMC_statement,https://www.federalreserve.gov/newsevents/pressreleases/monetary20140917a.htm,2014-07-30,0,0,-1,0,-1,1,0,0,False,"{""inflation_delta"": ""Inflation has been running below the Committee's longer-run objective."", ""forward_guidance_delta"": ""The Committee continues to anticipate, based on its assessment of these factors, that it likely will be appropriate to maintain the current target range for the federal funds rate for a considerable time after the asset purchase program ends, especially if projected inflation continues to run below the Committee's 2 percent longer-run goal, and provided that longer-term inflation expectations remain well anchored."", ""balance_sheet_signal"": ""the Committee will end its current program of asset purchases at its next meeting.""}"
2014-10-15,Beige_Book,https://www.federalreserve.gov/monetarypolicy/beigebook/beigebook201410.htm,2014-09-03,0,0,0,0,0,0,0,0,False,{}
2014-10-29,FOMC_statement,https://www.federalreserve.gov/newsevents/pressreleases/monetary20141029a.htm,2014-09-17,0,0,1,1,0,0,0,0,True,"{""inflation_delta"": ""the Committee judges that the likelihood of inflation running persistently below 2 percent has diminished somewhat since early this year."", ""labor_delta"": ""Labor market conditions improved somewhat further, with solid job gains and a lower unemployment rate.""}"
2014-12-03,Beige_Book,https://www.federalreserve.gov/monetarypolicy/beigebook/beigebook201412.htm,2014-10-15,0,1,-1,1,0,0,0,0,False,"{""growth_delta"": ""Reports from the twelve Federal Reserve Districts suggest that national economic activity continued to expand in October and November."", ""inflation_delta"": ""Overall price and wage inflation remained subdued."", ""labor_delta"": ""Employment gains were widespread across Districts in October and November.""}"
2014-12-17,FOMC_statement,https://www.federalreserve.gov/newsevents/pressreleases/monetary20141217a.htm,2014-10-29,0,0,1,0,0,0,0,0,False,"{""inflation_delta"": ""The Committee expects inflation to rise gradually toward 2 percent as the labor market improves further and the transitory effects of lower energy prices and other factors dissipate.""}"
2015-01-14,Beige_Book,https://www.federalreserve.gov/monetarypolicy/beigebook/beigebook201501.htm,2014-12-03,0,0,0,0,0,0,1,0,False,"{""uncertainty_language"": ""several contacts expressed concern about the effect of lower oil prices on the District economy""}"
2015-01-28,FOMC_statement,https://www.federalreserve.gov/newsevents/pressreleases/monetary20150128a.htm,2014-12-17,0,1,-1,0,0,0,0,0,False,"{""growth_delta"": ""economic activity has been expanding at a solid pace"", ""inflation_delta"": ""Inflation has declined further below the Committee’s longer-run objective, largely reflecting declines in energy prices""}"
2015-03-04,Beige_Book,https://www.federalreserve.gov/monetarypolicy/beigebook/beigebook20150304.htm,2015-01-14,0,1,-1,0,0,0,0,0,False,"{""growth_delta"": ""Reports from the twelve Federal Reserve Districts indicate that economic activity continued to expand across most regions and sectors from early January through mid-February. Six Districts noted that the local economy expanded at a moderate pace since the prior reporting period."", ""inflation_delta"": ""Most District contacts cited only flat to slightly increasing prices.""}"
2015-03-18,FOMC_statement,https://www.federalreserve.gov/newsevents/pressreleases/monetary20150318a.htm,2015-01-28,0,-1,0,0,1,0,0,0,False,"{""growth_delta"": ""economic growth has moderated somewhat"", ""forward_guidance_delta"": ""Consistent with its previous statement, the Committee judges that an increase in the target range for the federal funds rate remains unlikely at the April FOMC meeting. The Committee anticipates that it will be appropriate to raise the target range for the federal funds rate when it has seen further improvement in the labor market and is reasonably confident that inflation will move back to its 2 percent objective over the medium term.""}"
2015-04-15,Beige_Book,https://www.federalreserve.gov/monetarypolicy/beigebook/beigebook201504.htm,2015-03-04,0,0,0,0,0,0,1,0,False,"{""uncertainty_language"": ""Some firms in Cleveland and Philadelphia noted heightened uncertainty due to anticipated weak demand from customers serving the energy sector.""}"
2015-04-29,FOMC_statement,https://www.federalreserve.gov/newsevents/pressreleases/monetary20150429a.htm,2015-03-18,0,-1,0,-1,0,0,0,0,False,"{""growth_delta"": ""economic growth slowed during the winter months, in part reflecting transitory factors"", ""labor_delta"": ""The pace of job gains moderated, and the unemployment rate remained steady. A range of labor market indicators suggests that underutilization of labor resources was little changed.""}"
2015-06-03,Beige_Book,https://www.federalreserve.gov/monetarypolicy/beigebook/beigebook201506.htm,2015-04-15,0,0,0,0,0,0,0,0,False,{}
2015-06-17,FOMC_statement,https://www.federalreserve.gov/newsevents/pressreleases/monetary20150617a.htm,2015-04-29,0,1,0,1,0,0,0,0,False,"{""growth_delta"": ""economic activity has been expanding moderately after having changed little during the first quarter"", ""labor_delta"": ""the pace of job gains picked up while the unemployment rate remained steady. On balance, a range of labor market indicators suggests that underutilization of labor resources diminished somewhat""}"
2015-07-15,Beige_Book,https://www.federalreserve.gov/monetarypolicy/beigebook/beigebook201507.htm,2015-06-03,0,1,0,1,0,0,0,0,False,"{""growth_delta"": ""All twelve Federal Reserve Districts indicated that economic activity expanded from mid-May through June."", ""labor_delta"": ""Labor market tightness was reported in Boston, Atlanta, Minneapolis, and Dallas.""}"
2015-07-29,FOMC_statement,https://www.federalreserve.gov/newsevents/pressreleases/monetary20150729a.htm,2015-06-17,0,0,0,0,1,0,0,0,False,"{""forward_guidance_delta"": ""The Committee anticipates that it will be appropriate to raise the target range for the federal funds rate when it has seen some further improvement in the labor market and is reasonably confident that inflation will move back to its 2 percent objective over the medium term.""}"
2015-09-02,Beige_Book,https://www.federalreserve.gov/monetarypolicy/beigebook/beigebook201509.htm,2015-07-15,0,0,0,0,0,0,1,0,False,"{""uncertainty_language"": ""the Kansas City report cited more mixed expectations""}"
2015-09-17,FOMC_statement,https://www.federalreserve.gov/newsevents/pressreleases/monetary20150917a.htm,2015-07-29,0,0,0,0,0,0,1,0,False,"{""uncertainty_language"": ""Recent global economic and financial developments may restrain economic activity somewhat and are likely to put further downward pressure on inflation in the near term.""}"
2015-10-14,Beige_Book,https://www.federalreserve.gov/monetarypolicy/beigebook/beigebook201510.htm,2015-09-02,0,-1,0,1,0,0,1,0,False,"{""growth_delta"": ""Reports from the twelve Federal Reserve Districts point to continued modest expansion in economic activity during the reporting period from mid-August through early October."", ""labor_delta"": ""Labor markets tightened in most Districts, with some reports of labor shortages--particularly for skilled workers."", ""uncertainty_language"": ""The pace of growth was characterized as modest in the New York, Philadelphia, Cleveland, Atlanta, Chicago, and St. Louis Districts, while the Minneapolis, Dallas, and San Francisco Districts described growth as moderate. Boston and Richmond reported that activity increased. Kansas City, on the other hand, noted a slight decline in economic activity.""}"
2015-10-28,FOMC_statement,https://www.federalreserve.gov/newsevents/pressreleases/monetary20151028a.htm,2015-09-17,0,0,0,-1,0,0,0,0,False,"{""labor_delta"": ""The pace of job gains slowed and the unemployment rate held steady.""}"
2015-12-02,Beige_Book,https://www.federalreserve.gov/monetarypolicy/beigebook/beigebook201512.htm,2015-10-14,0,0,0,0,0,0,1,0,False,"{""uncertainty_language"": ""Manufacturers in most Districts looked for slightly improved business conditions in the next six months.""}"
2015-12-16,FOMC_statement,https://www.federalreserve.gov/newsevents/pressreleases/monetary20151216a.htm,2015-10-28,2,0,0,1,1,0,0,0,False,"{""stance_delta"": ""The Committee decided to raise the target range for the federal funds rate to 1/4 to 1/2 percent."", ""labor_delta"": ""A range of recent labor market indicators, including ongoing job gains and declining unemployment, shows further improvement and confirms that underutilization of labor resources has diminished appreciably since early this year."", ""forward_guidance_delta"": ""The Committee expects that economic conditions will evolve in a manner that will warrant only gradual increases in the federal funds rate; the federal funds rate is likely to remain, for some time, below levels that are expected to prevail in the longer run.""}"
2016-01-13,Beige_Book,https://www.federalreserve.gov/monetarypolicy/beigebook/beigebook201601.htm,2015-12-02,0,0,0,0,0,0,1,0,False,"{""uncertainty_language"": ""Contacts' outlooks for future growth remained mostly positive in Boston, Philadelphia, Atlanta, Chicago, Kansas City, and Dallas.""}"
2016-01-27,FOMC_statement,https://www.federalreserve.gov/newsevents/pressreleases/monetary20160127a.htm,2015-12-16,-1,-1,-1,1,-1,0,1,1,False,"{""stance_delta"": ""Given the economic outlook, the Committee decided to maintain the target range for the federal funds rate at 1/4 to 1/2 percent."", ""growth_delta"": ""economic growth slowed late last year"", ""inflation_delta"": ""Inflation is expected to remain low in the near term, in part because of the further declines in energy prices"", ""labor_delta"": ""labor market conditions improved further"", ""forward_guidance_delta"": ""The Committee expects that economic conditions will evolve in a manner that will warrant only gradual increases in the federal funds rate; the federal funds rate is likely to remain, for some time, below levels that are expected to prevail in the longer run. However, the actual path of the federal funds rate will depend on the economic outlook as informed by incoming data."", ""uncertainty_language"": ""The Committee is closely monitoring global economic and financial developments and is assessing their implications for the labor market and inflation, and for the balance of risks to the outlook."", ""financial_stability_concern"": ""The Committee is closely monitoring global economic and financial developments and is assessing their implications for the labor market and inflation, and for the balance of risks to the outlook.""}"
2016-03-02,Beige_Book,https://www.federalreserve.gov/monetarypolicy/beigebook/beigebook201603.htm,2016-01-13,0,0,0,0,0,0,1,0,False,"{""uncertainty_language"": ""contacts in Boston, Cleveland and Chicago noted that consumers seemed reluctant to spend, citing reluctance to add debt, financial market volatility, or economic uncertainty as significant factors limiting spending.""}"
2016-03-16,FOMC_statement,https://www.federalreserve.gov/newsevents/pressreleases/monetary20160316a.htm,2016-01-27,0,0,1,0,0,0,1,0,False,"{""inflation_delta"": ""Inflation picked up in recent months; however, it continued to run below the Committee's 2 percent longer-run objective"", ""uncertainty_language"": ""However, global economic and financial developments continue to pose risks.""}"
2016-04-13,Beige_Book,https://www.federalreserve.gov/monetarypolicy/beigebook/beigebook201604.htm,2016-03-02,0,1,-1,1,0,0,0,0,False,"{""growth_delta"": ""Reports from the twelve Federal Reserve Districts suggest that national economic activity continued to expand in late February and March, though the pace of growth varied across Districts. Most Districts said that economic growth was in the modest to moderate range and that contacts expected growth would remain in that range going forward."", ""inflation_delta"": ""Overall, prices increased modestly across the majority of Districts, and input cost pressures continued to ease."", ""labor_delta"": ""Labor market conditions continued to strengthen in late February and March. Most Districts again reported job gains, with only Cleveland indicating a decline in overall employment.""}"
2016-04-27,FOMC_statement,https://www.federalreserve.gov/newsevents/pressreleases/monetary20160427a.htm,2016-03-16,0,-1,0,0,0,0,0,0,False,"{""growth_delta"": ""growth in economic activity appears to have slowed""}"
2016-06-01,Beige_Book,https://www.federalreserve.gov/monetarypolicy/beigebook/beigebook201606.htm,2016-04-13,0,-1,1,0,0,0,1,0,False,"{""growth_delta"": ""Chicago noted that the pace of growth slowed, as did Kansas City. Dallas reported that economic activity grew marginally, while New York characterized activity as generally flat since the last report."", ""inflation_delta"": ""price pressure grew slightly in most Districts."", ""uncertainty_language"": ""contacts had generally optimistic outlooks, with firms expecting growth either to continue at its current pace or to increase.""}"
2016-06-15,FOMC_statement,https://www.federalreserve.gov/newsevents/pressreleases/monetary20160615a.htm,2016-04-27,0,1,0,-1,0,0,0,0,False,"{""growth_delta"": ""growth in economic activity appears to have picked up"", ""labor_delta"": ""the pace of improvement in the labor market has slowed while growth in economic activity appears to have picked up. Although the unemployment rate has declined, job gains have diminished.""}"
2016-07-13,Beige_Book,https://www.federalreserve.gov/monetarypolicy/beigebook/beigebook201607.htm,2016-06-01,0,0,0,0,0,0,1,0,False,"{""uncertainty_language"": ""the outlook remained positive but deteriorated""}"
2016-09-07,Beige_Book,https://www.federalreserve.gov/monetarypolicy/beigebook/beigebook201609.htm,2016-07-13,0,0,0,1,0,0,1,0,False,"{""labor_delta"": ""Labor market conditions remained tight in most Districts, with moderate payroll growth noted in general. Upward wage pressures increased further and were moderate on balance, with more rapid gains reported for workers with selected specialized skill sets."", ""uncertainty_language"": ""Contacts in the Atlanta District also observed fewer international arrivals relative to the previous reporting period and were monitoring the potential impact of the Zika virus on international travel.""}"
2016-09-21,FOMC_statement,https://www.federalreserve.gov/newsevents/pressreleases/monetary20160921a.htm,2016-07-27,1,1,0,1,1,0,0,0,False,"{""stance_delta"": ""The Committee judges that the case for an increase in the federal funds rate has strengthened but decided, for the time being, to wait for further evidence of continued progress toward its objectives."", ""growth_delta"": ""growth of economic activity has picked up from the modest pace seen in the first half of this year"", ""labor_delta"": ""the labor market has continued to strengthen"", ""forward_guidance_delta"": ""The Committee judges that the case for an increase in the federal funds rate has strengthened but decided, for the time being, to wait for further evidence of continued progress toward its objectives.""}"
2016-10-19,Beige_Book,https://www.federalreserve.gov/monetarypolicy/beigebook/beigebook201610.htm,2016-09-07,0,1,0,0,0,0,0,0,False,"{""growth_delta"": ""Compared with the previous report, the pace of growth improved in the St. Louis, Kansas City, and Dallas Districts.""}"
2016-11-02,FOMC_statement,https://www.federalreserve.gov/newsevents/pressreleases/monetary20161102a.htm,2016-09-21,0,0,1,0,0,0,0,0,False,"{""inflation_delta"": ""Inflation has increased somewhat since earlier this year but is still below the Committee's 2 percent longer-run objective""}"
2016-11-30,Beige_Book,https://www.federalreserve.gov/monetarypolicy/beigebook/beigebook201611.htm,2016-10-19,0,1,0,1,0,0,0,0,False,"{""growth_delta"": ""the economy continued to expand across most regions from early October through mid-November."", ""labor_delta"": ""A tightening in labor market conditions was reported by seven Districts, with modest employment growth on balance.""}"
2016-12-14,FOMC_statement,https://www.federalreserve.gov/newsevents/pressreleases/monetary20161214a.htm,2016-11-02,1,0,0,1,0,0,0,0,False,"{""stance_delta"": ""the Committee decided to raise the target range for the federal funds rate to 1/2 to 3/4 percent"", ""labor_delta"": ""the unemployment rate has declined""}"
2017-01-18,Beige_Book,https://www.federalreserve.gov/monetarypolicy/beigebook201701.htm,2016-11-30,0,1,1,1,0,0,0,0,False,"{""growth_delta"": ""the economy continued to expand at a modest pace across most regions from late November through the end of the year"", ""inflation_delta"": ""Pricing pressures intensified somewhat since the last report"", ""labor_delta"": ""All Districts reported varying degrees of growth in employment and a majority described their labor markets as tight""}"
2017-02-01,FOMC_statement,https://www.federalreserve.gov/newsevents/pressreleases/monetary20170201a.htm,2016-12-14,0,0,0,0,0,0,0,0,False,{}
2017-03-01,Beige_Book,https://www.federalreserve.gov/monetarypolicy/beigebook201703.htm,2017-01-18,0,1,0,1,0,0,1,0,False,"{""growth_delta"": ""the economy expanded at a modest to moderate pace"", ""labor_delta"": ""Labor markets remained tight in early 2017, with some Districts noting widening labor shortages."", ""uncertainty_language"": ""Some respondents expressed concern about policy changes in the new administration and associated uncertainty.""}"
2017-03-15,FOMC_statement,https://www.federalreserve.gov/newsevents/pressreleases/monetary20170315a.htm,2017-02-01,1,0,1,0,0,0,0,0,False,"{""stance_delta"": ""the Committee decided to raise the target range for the federal funds rate to 3/4 to 1 percent"", ""inflation_delta"": ""Inflation has increased in recent quarters, moving close to the Committee's 2 percent longer-run objective""}"
2017-04-19,Beige_Book,https://www.federalreserve.gov/monetarypolicy/beigebook201704.htm,2017-03-01,0,1,0,1,0,0,0,0,False,"{""growth_delta"": ""Economic activity increased in each of the twelve Federal Reserve Districts between mid-February and the end of March, with the pace of expansion equally split between modest and moderate."", ""labor_delta"": ""Employment expanded across the nation and increases ranged from modest to moderate during this period.""}"
2017-05-03,FOMC_statement,https://www.federalreserve.gov/newsevents/pressreleases/monetary20170503a.htm,2017-03-15,0,-1,0,1,0,0,0,0,False,"{""growth_delta"": ""growth in economic activity slowed"", ""labor_delta"": ""the unemployment rate declined""}"
2017-05-31,Beige_Book,https://www.federalreserve.gov/monetarypolicy/beigebook201705.htm,2017-04-19,0,-1,0,0,0,0,1,0,False,"{""growth_delta"": ""Boston and Chicago signaled that growth in their Districts had slowed somewhat to a modest pace since the prior Beige Book period, while New York indicated that activity had flattened out."", ""uncertainty_language"": ""optimism waned somewhat in a few Districts.""}"
2017-06-14,FOMC_statement,https://www.federalreserve.gov/newsevents/pressreleases/monetary20170614a.htm,2017-05-03,1,1,0,0,0,1,0,0,False,"{""stance_delta"": ""the Committee decided to raise the target range for the federal funds rate to 1 to 1-1/4 percent"", ""growth_delta"": ""economic activity has been rising moderately so far this year"", ""balance_sheet_signal"": ""The Committee currently expects to begin implementing a balance sheet normalization program this year, provided that the economy evolves broadly as anticipated""}"
2017-07-12,Beige_Book,https://www.federalreserve.gov/monetarypolicy/beigebook201707.htm,2017-05-31,0,1,0,1,0,0,0,0,False,"{""growth_delta"": ""Economic activity expanded across all twelve Federal Reserve Districts in June, with the pace of growth ranging from slight to moderate."", ""labor_delta"": ""Labor markets tightened further for both low- and high-skilled positions, particularly in the construction and IT sectors.""}"
2017-07-26,FOMC_statement,https://www.federalreserve.gov/newsevents/pressreleases/monetary20170726a.htm,2017-06-14,-1,0,0,1,0,1,0,0,False,"{""stance_delta"": ""the Committee decided to maintain the target range for the federal funds rate at 1 to 1-1/4 percent"", ""labor_delta"": ""Job gains have been solid, on average, since the beginning of the year, and the unemployment rate has declined"", ""balance_sheet_signal"": ""The Committee expects to begin implementing its balance sheet normalization program relatively soon, provided that the economy evolves broadly as anticipated""}"
2017-09-06,Beige_Book,https://www.federalreserve.gov/monetarypolicy/beigebook201709.htm,2017-07-12,0,0,0,-1,0,0,1,0,False,"{""labor_delta"": ""Employment growth slowed some on balance, ranging from a slight to a modest rate in most Districts."", ""uncertainty_language"": ""it was too soon to gauge the full extent of the impact""}"
2017-09-20,FOMC_statement,https://www.federalreserve.gov/newsevents/pressreleases/monetary20170920a.htm,2017-07-26,0,0,0,0,0,1,1,0,False,"{""balance_sheet_signal"": ""In October, the Committee will initiate the balance sheet normalization program described in the June 2017 Addendum to the Committee's Policy Normalization Principles and Plans."", ""uncertainty_language"": ""Hurricanes Harvey, Irma, and Maria have devastated many communities, inflicting severe hardship. Storm-related disruptions and rebuilding will affect economic activity in the near term, but past experience suggests that the storms are unlikely to materially alter the course of the national economy over the medium term.""}"
2017-10-18,Beige_Book,https://www.federalreserve.gov/monetarypolicy/beigebook201710.htm,2017-09-06,0,0,0,0,0,0,1,0,False,"{""uncertainty_language"": ""It was too soon to gauge the full extent of the impact.""}"
2017-11-01,FOMC_statement,https://www.federalreserve.gov/newsevents/pressreleases/monetary20171101a.htm,2017-09-20,0,1,0,1,0,0,0,0,False,"{""growth_delta"": ""economic activity has been rising at a solid rate despite hurricane-related disruptions"", ""labor_delta"": ""Although the hurricanes caused a drop in payroll employment in September, the unemployment rate declined further""}"
2017-11-29,Beige_Book,https://www.federalreserve.gov/monetarypolicy/beigebook201711.htm,2017-10-18,0,1,1,1,0,0,0,0,False,"{""growth_delta"": ""There was a slight improvement in the outlook among contacts in reporting Districts."", ""inflation_delta"": ""Price pressures have strengthened since the last report."", ""labor_delta"": ""Employment growth has increased since the previous report, with most Districts characterizing growth as modest to moderate.""}"
2017-12-13,FOMC_statement,https://www.federalreserve.gov/newsevents/pressreleases/monetary20171213a.htm,2017-11-01,1,0,0,0,0,0,0,0,False,"{""stance_delta"": ""the Committee decided to raise the target range for the federal funds rate to 1-1/4 to 1â1/2 percent""}"
2018-01-17,Beige_Book,https://www.federalreserve.gov/monetarypolicy/beigebook201801.htm,2017-11-29,0,1,0,0,0,0,0,0,False,"{""growth_delta"": ""Reports from the 12 Federal Reserve Districts indicated that the economy continued to expand from late November through the end of the year, with 11 Districts reporting modest to moderate gains and Dallas recording a robust increase.""}"
2018-01-31,FOMC_statement,https://www.federalreserve.gov/newsevents/pressreleases/monetary20180131a.htm,2017-12-13,0,0,1,0,0,0,0,0,False,"{""inflation_delta"": ""Inflation on a 12‑month basis is expected to move up this year and to stabilize around the Committee's 2 percent objective over the medium term.""}"
2018-03-07,Beige_Book,https://www.federalreserve.gov/monetarypolicy/beigebook201803.htm,2018-01-17,0,1,1,1,0,0,0,0,False,"{""growth_delta"": ""Economic activity expanded at a modest to moderate pace across the 12 Federal Reserve Districts in January and February."", ""inflation_delta"": ""Prices increased in all Districts, and most reports noted moderate inflation."", ""labor_delta"": ""On balance, employment grew at a moderate pace since the previous report.""}"
2018-03-21,FOMC_statement,https://www.federalreserve.gov/newsevents/pressreleases/monetary20180321a.htm,2018-01-31,1,0,0,0,0,0,0,0,False,"{""stance_delta"": ""The Committee decided to raise the target range for the federal funds rate to 1-1/2 to 1-3/4 percent.""}"
2018-04-18,Beige_Book,https://www.federalreserve.gov/monetarypolicy/beigebook201804.htm,2018-03-07,0,0,1,0,0,0,1,0,False,"{""inflation_delta"": ""Prices increased across all Districts, generally at a moderate pace. There were widespread reports that steel prices rose, sometimes dramatically, due to the new tariff."", ""uncertainty_language"": ""Outlooks remained positive, but contacts in various sectors including manufacturing, agriculture, and transportation expressed concern about the newly imposed and/or proposed tariffs.""}"
2018-05-30,Beige_Book,https://www.federalreserve.gov/monetarypolicy/beigebook201805.htm,2018-04-18,0,1,1,0,0,0,1,0,False,"{""growth_delta"": ""Economic activity expanded moderately in late April and early May with few shifts in the pattern of growth. The Dallas District was an exception, where overall economic activity sped up to a solid pace."", ""inflation_delta"": ""There were several reports of rising materials costs, notably for steel, aluminum, oil, oil derivatives, lumber, and cement. A few Districts noted that these reports of rising materials costs were becoming more common across contacts."", ""uncertainty_language"": ""Contacts noted some concern about the uncertainty of international trade policy.""}"
2018-06-13,FOMC_statement,https://www.federalreserve.gov/newsevents/pressreleases/monetary20180613a.htm,2018-05-02,1,1,0,1,0,0,0,0,False,"{""stance_delta"": ""the Committee decided to raise the target range for the federal funds rate to 1-3/4 to 2 percent"", ""growth_delta"": ""economic activity has been rising at a solid rate"", ""labor_delta"": ""the unemployment rate has declined""}"
2018-07-18,Beige_Book,https://www.federalreserve.gov/monetarypolicy/beigebook201807.htm,2018-05-30,0,1,1,0,0,0,1,0,False,"{""growth_delta"": ""Economic activity continued to expand across the United States, with 10 of the 12 Federal Reserve Districts reporting moderate or modest growth."", ""inflation_delta"": ""Prices increased in all Districts at a pace that was modest to moderate on average; reports showed upticks in inflation in several Districts."", ""uncertainty_language"": ""Manufacturers in all Districts expressed concern about tariffs and in many Districts reported higher prices and supply disruptions that they attributed to the new trade policies.""}"
2018-08-01,FOMC_statement,https://www.federalreserve.gov/newsevents/pressreleases/monetary20180801a.htm,2018-06-13,0,1,0,0,0,0,0,0,False,"{""growth_delta"": ""economic activity has been rising at a strong rate""}"
2018-09-12,Beige_Book,https://www.federalreserve.gov/monetarypolicy/beigebook201809.htm,2018-07-18,0,0,-1,0,0,0,1,0,False,"{""inflation_delta"": ""Prices of final goods and services continued to rise at a modest to moderate pace in most Districts, though there were some signs of a deceleration."", ""uncertainty_language"": ""Businesses generally remained optimistic about the near-term outlook, though most Districts noted concern and uncertainty about trade tensions--particularly though not only among manufacturers.""}"
2018-09-26,FOMC_statement,https://www.federalreserve.gov/newsevents/pressreleases/monetary20180926a.htm,2018-08-01,1,0,0,0,0,0,0,0,False,"{""stance_delta"": ""the Committee decided to raise the target range for the federal funds rate to 2 to 2-1/4 percent.""}"
2018-10-24,Beige_Book,https://www.federalreserve.gov/monetarypolicy/beigebook201810.htm,2018-09-12,0,0,1,0,0,0,0,0,False,"{""inflation_delta"": ""Both input prices and selling prices have accelerated slightly.""}"
2018-11-08,FOMC_statement,https://www.federalreserve.gov/newsevents/pressreleases/monetary20181108a.htm,2018-09-26,0,0,0,1,0,0,0,0,False,"{""labor_delta"": ""the unemployment rate has declined""}"
2018-12-05,Beige_Book,https://www.federalreserve.gov/monetarypolicy/beigebook201812.htm,2018-10-24,0,-1,0,1,0,0,2,0,False,"{""growth_delta"": ""Dallas and Philadelphia noted slower growth compared with the prior Beige Book period."", ""labor_delta"": ""Labor markets tightened further across a broad range of occupations."", ""uncertainty_language"": ""optimism has waned in some as contacts cited increased uncertainty from impacts of tariffs, rising interest rates, and labor market constraints.""}"
2018-12-19,FOMC_statement,https://www.federalreserve.gov/newsevents/pressreleases/monetary20181219a.htm,2018-11-08,1,0,0,0,1,0,1,0,False,"{""stance_delta"": ""the Committee decided to raise the target range for the federal funds rate to 2-1/4 to 2â1/2 percent."", ""forward_guidance_delta"": ""The Committee judges that some further gradual increases in the target range for the federal funds rate will be consistent with sustained expansion..."", ""uncertainty_language"": ""but will continue to monitor global economic and financial developments and assess their implications for the economic outlook.""}"
2019-01-16,Beige_Book,https://www.federalreserve.gov/monetarypolicy/beigebook201901.htm,2018-12-05,0,-1,0,0,0,0,1,0,False,"{""growth_delta"": ""Economic activity increased in most of the U.S., with eight of twelve Federal Reserve Districts reporting modest to moderate growth."", ""uncertainty_language"": ""outlooks generally remained positive, but many Districts reported that contacts had become less optimistic in response to increased financial market volatility, rising short-term interest rates, falling energy prices, and elevated trade and political uncertainty.""}"
2019-01-30,FOMC_statement,https://www.federalreserve.gov/newsevents/pressreleases/monetary20190130a.htm,2018-12-19,-2,-1,-1,0,-2,0,1,0,False,"{""stance_delta"": ""the Committee decided to maintain the target range for the federal funds rate at 2-1/4 to 2-1/2 percent"", ""growth_delta"": ""economic activity has been rising at a solid rate"", ""inflation_delta"": ""muted inflation pressures"", ""forward_guidance_delta"": ""the Committee will be patient as it determines what future adjustments to the target range for the federal funds rate may be appropriate"", ""uncertainty_language"": ""In light of global economic and financial developments and muted inflation pressures""}"
2019-03-06,Beige_Book,https://www.federalreserve.gov/monetarypolicy/beigebook201903.htm,2019-01-16,0,0,0,0,0,0,1,0,False,"{""uncertainty_language"": ""ongoing trade policy uncertainty""}"
2019-03-20,FOMC_statement,https://www.federalreserve.gov/newsevents/pressreleases/monetary20190320a.htm,2019-01-30,0,-1,-1,0,0,0,0,0,False,"{""growth_delta"": ""growth of economic activity has slowed from its solid rate in the fourth quarter"", ""inflation_delta"": ""overall inflation has declined, largely as a result of lower energy prices""}"
2019-04-17,Beige_Book,https://www.federalreserve.gov/monetarypolicy/beigebook201904.htm,2019-03-06,0,1,0,0,0,0,0,0,False,"{""growth_delta"": ""Economic activity expanded at a slight-to-moderate pace in March and early April. While most Districts reported that growth continued at a similar pace as the previous report, a few Districts reported some strengthening.""}"
2019-05-01,FOMC_statement,https://www.federalreserve.gov/newsevents/pressreleases/monetary20190501a.htm,2019-03-20,0,1,-1,0,0,0,0,0,False,"{""growth_delta"": ""economic activity rose at a solid rate"", ""inflation_delta"": ""overall inflation and inflation for items other than food and energy have declined and are running below 2 percent""}"
2019-06-05,Beige_Book,https://www.federalreserve.gov/monetarypolicy/beigebook201906.htm,2019-04-17,0,1,-1,0,0,0,1,0,False,"{""growth_delta"": ""Economic activity expanded at a modest pace overall from April through mid-May, a slight improvement over the previous period."", ""inflation_delta"": ""Price inflation decelerated."", ""uncertainty_language"": ""a shift in the balance of requests from direct hires toward longer contracts for temps indicated an increase in uncertainty among their clients.""}"
2019-06-19,FOMC_statement,https://www.federalreserve.gov/newsevents/pressreleases/monetary20190619a.htm,2019-05-01,-1,-1,-1,0,-1,0,1,0,False,"{""stance_delta"": ""Voting against the action was James Bullard, who preferred at this meeting to lower the target range for the federal funds rate by 25 basis points."", ""growth_delta"": ""economic activity is rising at a moderate rate"", ""inflation_delta"": ""Market-based measures of inflation compensation have declined"", ""forward_guidance_delta"": ""the Committee will closely monitor the implications of incoming information for the economic outlook and will act as appropriate to sustain the expansion"", ""uncertainty_language"": ""uncertainties about this outlook have increased""}"
2019-07-17,Beige_Book,https://www.federalreserve.gov/monetarypolicy/beigebook201907.htm,2019-06-05,0,-1,-1,-1,0,0,1,0,False,"{""growth_delta"": ""Economic activity continued to expand at a modest pace overall from mid-May through early July, with little change from the prior reporting period."", ""inflation_delta"": ""The reports indicated that the rate of price inflation was stable to down slightly from the prior reporting period."", ""labor_delta"": ""On balance, employment grew at a modest pace, slightly slower than the previous reporting period."", ""uncertainty_language"": ""despite widespread concerns about the possible negative impact of trade-related uncertainty.""}"
2019-07-31,FOMC_statement,https://www.federalreserve.gov/newsevents/pressreleases/monetary20190731a.htm,2019-06-19,-1,0,0,0,0,1,0,0,False,"{""stance_delta"": ""the Committee decided to lower the target range for the federal funds rate to 2 to 2-1/4 percent"", ""balance_sheet_signal"": ""The Committee will conclude the reduction of its aggregate securities holdings in the System Open Market Account in August, two months earlier than previously indicated.""}"
2019-09-04,Beige_Book,https://www.federalreserve.gov/monetarypolicy/beigebook201909.htm,2019-07-17,0,-1,1,0,0,0,1,0,False,"{""growth_delta"": ""Overall manufacturing activity was down slightly from the previous report."", ""inflation_delta"": ""On net, Districts indicated modest price increases since the last report."", ""uncertainty_language"": ""although some expressed more caution given uncertainty.""}"
2019-09-18,FOMC_statement,https://www.federalreserve.gov/newsevents/pressreleases/monetary20190918a.htm,2019-07-31,-1,-1,0,0,0,2,0,0,False,"{""stance_delta"": ""the Committee decided to lower the target range for the federal funds rate to 1-3/4 to 2 percent"", ""growth_delta"": ""business fixed investment and exports have weakened"", ""balance_sheet_signal"": ""The Committee will conclude the reduction of its aggregate securities holdings in the System Open Market Account in August, two months earlier than previously indicated.""}"
2019-10-16,Beige_Book,https://www.federalreserve.gov/monetarypolicy/beigebook201910.htm,2019-09-04,0,-1,0,0,0,0,1,0,False,"{""growth_delta"": ""Regional economic growth slowed to a subdued pace."", ""uncertainty_language"": ""many lowered their outlooks for growth in the coming 6 to 12 months.""}"
2019-10-30,FOMC_statement,https://www.federalreserve.gov/newsevents/pressreleases/monetary20191030a.htm,2019-09-18,-1,0,0,0,0,0,0,0,False,"{""stance_delta"": ""the Committee decided to lower the target range for the federal funds rate to 1-1/2 to 1-3/4 percent""}"
2020-01-15,Beige_Book,https://www.federalreserve.gov/monetarypolicy/beigebook202001.htm,2019-11-27,0,0,0,0,0,0,1,0,False,"{""uncertainty_language"": ""In many Districts, tariffs and trade uncertainty continued to weigh on some businesses.""}"
2020-01-29,FOMC_statement,https://www.federalreserve.gov/newsevents/pressreleases/monetary20200129a.htm,2019-12-11,0,-1,0,0,0,0,0,0,False,"{""growth_delta"": ""Although household spending has been rising at a moderate pace, business fixed investment and exports remain weak.""}"
2020-03-03,FOMC_statement,https://www.federalreserve.gov/newsevents/pressreleases/monetary20200303a.htm,2020-01-29,-2,-1,0,0,-1,0,2,0,False,"{""stance_delta"": ""the Federal Open Market Committee decided today to lower the target range for the federal funds rate by 1/2 percentage point, to 1 to 1â1/4 percent"", ""growth_delta"": ""the coronavirus poses evolving risks to economic activity"", ""forward_guidance_delta"": ""The Committee is closely monitoring developments and their implications for the economic outlook and will use its tools and act as appropriate to support the economy"", ""uncertainty_language"": ""evolving risks""}"
2020-03-04,Beige_Book,https://www.federalreserve.gov/monetarypolicy/beigebook202003.htm,2020-01-15,0,-1,-1,0,0,0,2,0,False,"{""growth_delta"": ""Economic activity expanded at a modest to moderate rate over the past several weeks, according to the majority of Federal Reserve Districts. The St. Louis and Kansas City Districts, however, reported no change during this period."", ""inflation_delta"": ""Price growth for inputs and selling prices, on the other hand, slowed to a modest rate."", ""uncertainty_language"": ""the coronavirus and the upcoming presidential election cited as potential risks""}"
2020-03-15,FOMC_statement,https://www.federalreserve.gov/newsevents/pressreleases/monetary20200315a.htm,2020-03-03,-1,-1,-1,-1,0,2,1,2,True,"{""stance_delta"": ""lower the target range for the federal funds rate to 0 to 1/4 percent"", ""growth_delta"": ""The effects of the coronavirus will weigh on economic activity in the near term and pose risks to the economic outlook"", ""inflation_delta"": ""On a 12‑month basis, overall inflation and inflation for items other than food and energy are running below 2 percent. Market-based measures of inflation compensation have declined"", ""labor_delta"": ""The labor market remained strong through February... More recently, the energy sector has come under stress"", ""balance_sheet_signal"": ""over coming months the Committee will increase its holdings of Treasury securities by at least $500 billion and its holdings of agency mortgage-backed securities by at least $200 billion"", ""uncertainty_language"": ""The Committee will continue to monitor the implications of incoming information for the economic outlook, including information related to public health, as well as global developments and muted inflation pressures"", ""financial_stability_concern"": ""The Federal Reserve is prepared to use its full range of tools to support the flow of credit to households and businesses and thereby promote its maximum employment and price stability goals. To support the smooth functioning of markets for Treasury securities and agency mortgage-backed securities that are central to the flow of credit to households and businesses...""}"
2020-03-23,FOMC_statement,https://www.federalreserve.gov/newsevents/pressreleases/monetary20200323a.htm,2020-03-15,0,-2,0,-2,0,2,0,2,False,"{""growth_delta"": ""The Federal Reserve is committed to use its full range of tools to support the U.S. economy in this challenging time"", ""labor_delta"": ""The Federal Reserve is committed to use its full range of tools to support the U.S. economy in this challenging time and thereby promote its maximum employment and price stability goals."", ""balance_sheet_signal"": ""The Committee will continue to purchase Treasury securities and agency mortgage-backed securities in the amounts needed to support smooth market functioning and effective transmission of monetary policy to broader financial conditions."", ""financial_stability_concern"": ""The Federal Open Market Committee is taking further actions to support the flow of credit to households and businesses by addressing strains in the markets for Treasury securities and agency mortgage-backed securities.""}"
2020-04-15,Beige_Book,https://www.federalreserve.gov/monetarypolicy/beigebook202004.htm,2020-03-04,0,-2,-2,-2,0,0,2,0,False,"{""growth_delta"": ""Economic activity contracted sharply and abruptly across all regions in the United States as a result of the COVID-19 pandemic."", ""inflation_delta"": ""The general direction of price inflation was down for both selling prices and non-labor input prices, as Districts reported either slowing price growth, flat prices, or modest to moderate declines in prices on balance."", ""labor_delta"": ""Employment declined in all Districts, steeply in many cases, as the COVID-19 pandemic affected firms in many sectors."", ""uncertainty_language"": ""All Districts reported highly uncertain outlooks among business contacts, with most expecting conditions to worsen in the next several months.""}"
2020-04-29,FOMC_statement,https://www.federalreserve.gov/newsevents/pressreleases/monetary20200429a.htm,2020-03-23,0,-1,-1,-1,0,0,2,0,False,"{""growth_delta"": ""The virus and the measures taken to protect public health are inducing sharp declines in economic activity"", ""inflation_delta"": ""Weaker demand and significantly lower oil prices are holding down consumer price inflation"", ""labor_delta"": ""a surge in job losses"", ""uncertainty_language"": ""poses considerable risks to the economic outlook over the medium term""}"
2020-05-27,Beige_Book,https://www.federalreserve.gov/monetarypolicy/beigebook202005.htm,2020-04-15,0,0,0,0,0,0,0,0,False,{}
2020-06-10,FOMC_statement,https://www.federalreserve.gov/newsevents/pressreleases/monetary20200610a.htm,2020-04-29,0,0,0,0,0,1,0,0,False,"{""balance_sheet_signal"": ""over coming months the Federal Reserve will increase its holdings of Treasury securities and agency residential and commercial mortgage-backed securities at least at the current pace""}"
2020-07-15,Beige_Book,https://www.federalreserve.gov/monetarypolicy/beigebook202007.htm,2020-05-27,0,1,0,1,0,0,0,0,False,"{""growth_delta"": ""Economic activity increased in almost all Districts, but remained well below where it was prior to the COVID-19 pandemic."", ""labor_delta"": ""Employment increased on net in almost all Districts as many businesses reopened or ramped up activity.""}"
2020-07-29,FOMC_statement,https://www.federalreserve.gov/newsevents/pressreleases/monetary20200729a.htm,2020-06-10,0,1,0,1,0,0,0,0,False,"{""growth_delta"": ""Following sharp declines, economic activity and employment have picked up somewhat in recent months but remain well below their levels at the beginning of the year."", ""labor_delta"": ""Following sharp declines, economic activity and employment have picked up somewhat in recent months but remain well below their levels at the beginning of the year.""}"
2020-09-02,Beige_Book,https://www.federalreserve.gov/monetarypolicy/beigebook202009.htm,2020-07-15,0,0,1,0,0,0,0,0,False,"{""inflation_delta"": ""Price pressures increased since the last report but remained modest.""}"
2020-09-16,FOMC_statement,https://www.federalreserve.gov/newsevents/pressreleases/monetary20200916a.htm,2020-07-29,0,0,1,0,1,0,0,0,False,"{""inflation_delta"": ""With inflation running persistently below this longer-run goal, the Committee will aim to achieve inflation moderately above 2 percent for some time so that inflation averages 2 percent over time and longer-term inflation expectations remain well anchored at 2 percent."", ""forward_guidance_delta"": ""The Committee expects to maintain an accommodative stance of monetary policy until these outcomes are achieved. The Committee decided to keep the target range for the federal funds rate at 0 to 1/4 percent and expects it will be appropriate to maintain this target range until labor market conditions have reached levels consistent with the Committee's assessments of maximum employment and inflation has risen to 2 percent and is on track to moderately exceed 2 percent for some time.""}"
2020-10-21,Beige_Book,https://www.federalreserve.gov/monetarypolicy/beigebook202010.htm,2020-09-02,0,1,1,0,0,0,1,1,False,"{""growth_delta"": ""Economic activity continued to increase across all Districts, with the pace of growth characterized as slight to modest in most Districts."", ""inflation_delta"": ""Prices rose modestly across Districts since the previous report... Overall, consumer prices across Districts rose modestly, with the notable exceptions of food, automobiles, and appliances, which increased significantly."", ""uncertainty_language"": ""Districts characterized the outlooks of contacts as generally optimistic or positive, but with a considerable degree of uncertainty."", ""financial_stability_concern"": ""Banking contacts in many Districts expressed concern that delinquency rates may rise in coming months, citing various reasons; however, delinquency rates have remained stable.""}"
2020-11-05,FOMC_statement,https://www.federalreserve.gov/newsevents/pressreleases/monetary20201105a.htm,2020-09-16,0,0,0,0,0,0,0,0,False,{}
2020-12-02,Beige_Book,https://www.federalreserve.gov/monetarypolicy/beigebook202012.htm,2020-10-21,0,-1,0,-1,0,0,1,0,False,"{""growth_delta"": ""activity began to slow in early November as COVID-19 cases surged"", ""labor_delta"": ""firms feared that employment levels would fall over the winter before recovering further"", ""uncertainty_language"": ""Uncertainty about the course of the pandemic, vaccines, and possible relief measures added caution to positive outlooks""}"
2020-12-16,FOMC_statement,https://www.federalreserve.gov/newsevents/pressreleases/monetary20201216a.htm,2020-11-05,0,0,0,0,0,1,0,0,False,"{""balance_sheet_signal"": ""the Federal Reserve will continue to increase its holdings of Treasury securities by at least $80 billion per month and of agency mortgage-backed securities by at least $40 billion per month until substantial further progress has been made toward the Committee's maximum employment and price stability goals""}"
2021-01-13,Beige_Book,https://www.federalreserve.gov/monetarypolicy/beigebook202101.htm,2020-12-02,0,-1,1,-1,0,0,0,0,False,"{""growth_delta"": ""two Districts reported a decline"", ""inflation_delta"": ""Almost all Districts saw modest price increases since the last report, with growth in input prices continuing to outpace that of finished goods and services."", ""labor_delta"": ""a growing number of Districts reported a drop in employment levels relative to the previous reporting period""}"
2021-01-27,FOMC_statement,https://www.federalreserve.gov/newsevents/pressreleases/monetary20210127a.htm,2020-12-16,0,-1,0,-1,0,0,0,0,False,"{""growth_delta"": ""The pace of the recovery in economic activity and employment has moderated in recent months"", ""labor_delta"": ""The pace of the recovery in economic activity and employment has moderated in recent months""}"
2021-03-03,Beige_Book,https://www.federalreserve.gov/monetarypolicy/beigebook202103.htm,2021-01-13,0,1,1,1,0,0,0,0,False,"{""growth_delta"": ""Economic activity expanded modestly from January to mid-February for most Federal Reserve Districts."", ""inflation_delta"": ""nonlabor input costs rose moderately over the reporting period, with steel and lumber prices increasing notably."", ""labor_delta"": ""Most Districts reported that employment levels rose over the reporting period, albeit slowly.""}"
2021-03-17,FOMC_statement,https://www.federalreserve.gov/newsevents/pressreleases/monetary20210317a.htm,2021-01-27,0,1,0,1,0,0,0,0,False,"{""growth_delta"": ""indicators of economic activity and employment have turned up recently"", ""labor_delta"": ""indicators of economic activity and employment have turned up recently""}"
2021-04-14,Beige_Book,https://www.federalreserve.gov/monetarypolicy/beigebook202104.htm,2021-03-03,0,1,1,1,0,0,0,0,False,"{""growth_delta"": ""National economic activity accelerated to a moderate pace from late February to early April."", ""inflation_delta"": ""Prices accelerated slightly since the last report, with many Districts reporting moderate price increases and some saying prices rose more robustly."", ""labor_delta"": ""Employment growth picked up over the reporting period, with most Districts noting modest to moderate increases in headcounts.""}"
2021-06-02,Beige_Book,https://www.federalreserve.gov/monetarypolicy/beigebook202106.htm,2021-04-14,0,1,1,0,0,0,0,0,False,"{""growth_delta"": ""The national economy expanded at a moderate pace from early April to late May, a somewhat faster rate than the prior reporting period."", ""inflation_delta"": ""On balance, overall price pressures increased further since the last report.""}"
2021-07-14,Beige_Book,https://www.federalreserve.gov/monetarypolicy/beigebook202107.htm,2021-06-02,0,1,1,1,0,0,1,0,False,"{""growth_delta"": ""The U.S. economy strengthened further from late May to early July, displaying moderate to robust growth."", ""inflation_delta"": ""Prices increased at an above-average pace, as seven Districts reported strong price growth and the rest saw moderate gains."", ""labor_delta"": ""Three-quarters of Districts reported either slight or modest job gains and the remainder reported moderate or strong increases in employment."", ""uncertainty_language"": ""many contacts expressed uncertainty or pessimism over the easing of supply constraints.""}"
2021-07-28,FOMC_statement,https://www.federalreserve.gov/newsevents/pressreleases/monetary20210728a.htm,2021-06-16,0,0,0,0,0,0,0,0,False,{}
2021-09-08,Beige_Book,https://www.federalreserve.gov/monetarypolicy/beigebook202109.htm,2021-07-14,0,-1,0,0,0,0,1,0,False,"{""growth_delta"": ""Economic growth downshifted slightly to a moderate pace in early July through August."", ""uncertainty_language"": ""though there continued to be widespread concern about ongoing supply disruptions and resource shortages.""}"
2021-09-22,FOMC_statement,https://www.federalreserve.gov/newsevents/pressreleases/monetary20210922a.htm,2021-07-28,0,0,1,0,0,1,0,0,False,"{""inflation_delta"": ""Inflation is elevated, largely reflecting transitory factors"", ""balance_sheet_signal"": ""a moderation in the pace of asset purchases may soon be warranted""}"
2021-10-20,Beige_Book,https://www.federalreserve.gov/monetarypolicy/beigebook202110.htm,2021-09-08,0,-1,1,0,0,0,1,0,False,"{""growth_delta"": ""the pace of growth slowed this period, constrained by supply chain disruptions, labor shortages, and uncertainty around the Delta variant of COVID-19"", ""inflation_delta"": ""Most Districts reported significantly elevated prices, fueled by rising demand for goods and raw materials"", ""uncertainty_language"": ""some Districts noted increased uncertainty and more cautious optimism than in previous months""}"
2021-11-03,FOMC_statement,https://www.federalreserve.gov/newsevents/pressreleases/monetary20211103a.htm,2021-09-22,1,0,0,0,0,1,0,0,False,"{""stance_delta"": ""The Committee expects to maintain an accommodative stance of monetary policy until these outcomes are achieved."", ""balance_sheet_signal"": ""the Committee decided to begin reducing the monthly pace of its net asset purchases by $10 billion for Treasury securities and $5 billion for agency mortgage-backed securities.""}"
2021-12-01,Beige_Book,https://www.federalreserve.gov/monetarypolicy/beigebook202112.htm,2021-10-20,0,0,-1,0,0,0,0,0,False,"{""inflation_delta"": ""But wider availability of some inputs, notably semiconductors and certain steel products, led to easing of some price pressures.""}"
2021-12-15,FOMC_statement,https://www.federalreserve.gov/newsevents/pressreleases/monetary20211215a.htm,2021-11-03,1,0,1,1,1,1,1,0,False,"{""stance_delta"": ""In light of inflation developments and the further improvement in the labor market, the Committee decided to reduce the monthly pace of its net asset purchases by $20 billion for Treasury securities and $10 billion for agency mortgage-backed securities."", ""inflation_delta"": ""With inflation having exceeded 2 percent for some time,"", ""labor_delta"": ""Job gains have been solid in recent months, and the unemployment rate has declined substantially."", ""forward_guidance_delta"": ""the Committee expects it will be appropriate to maintain this target range until labor market conditions have reached levels consistent with the Committee's assessments of maximum employment."", ""balance_sheet_signal"": ""reduce the monthly pace of its net asset purchases by $20 billion for Treasury securities and $10 billion for agency mortgage-backed securities."", ""uncertainty_language"": ""Risks to the economic outlook remain, including from new variants of the virus.""}"
2022-01-12,Beige_Book,https://www.federalreserve.gov/monetarypolicy/beigebook202201.htm,2021-12-01,0,-1,-1,0,0,0,1,0,False,"{""growth_delta"": ""Economic activity across the United States expanded at a modest pace in the final weeks of 2021."", ""inflation_delta"": ""some also noted that price increases had decelerated a bit from the robust pace experienced in recent months."", ""uncertainty_language"": ""expectations for growth over the next several months cooled somewhat during the last few weeks.""}"
2022-01-26,FOMC_statement,https://www.federalreserve.gov/newsevents/pressreleases/monetary20220126a.htm,2021-12-15,1,0,1,0,2,1,0,0,False,"{""stance_delta"": ""With inflation well above 2 percent and a strong labor market, the Committee expects it will soon be appropriate to raise the target range for the federal funds rate."", ""inflation_delta"": ""With inflation well above 2 percent and a strong labor market..."", ""forward_guidance_delta"": ""the Committee expects it will soon be appropriate to raise the target range for the federal funds rate."", ""balance_sheet_signal"": ""The Committee decided to continue to reduce the monthly pace of its net asset purchases, bringing them to an end in early March.""}"
2022-03-02,Beige_Book,https://www.federalreserve.gov/monetarypolicy/beigebook202203.htm,2022-01-12,0,0,1,0,0,0,1,0,False,"{""inflation_delta"": ""Prices charged to customers increased at a robust pace across the nation. A few Districts reported an acceleration in prices."", ""uncertainty_language"": ""the overall economic outlook over the next six months remained stable and generally optimistic, although reports highlighted an elevated degree of uncertainty.""}"
2022-03-16,FOMC_statement,https://www.federalreserve.gov/newsevents/pressreleases/monetary20220316a.htm,2022-01-26,2,0,1,1,2,2,1,0,False,"{""stance_delta"": ""the Committee decided to raise the target range for the federal funds rate to 1/4 to 1/2 percent"", ""inflation_delta"": ""Inflation remains elevated, reflecting supply and demand imbalances related to the pandemic, higher energy prices, and broader price pressures."", ""labor_delta"": ""Job gains have been strong in recent months, and the unemployment rate has declined substantially."", ""forward_guidance_delta"": ""anticipates that ongoing increases in the target range will be appropriate"", ""balance_sheet_signal"": ""the Committee expects to begin reducing its holdings of Treasury securities and agency debt and agency mortgage-backed securities at a coming meeting."", ""uncertainty_language"": ""The implications for the U.S. economy are highly uncertain""}"
2022-04-20,Beige_Book,https://www.federalreserve.gov/monetarypolicy/beigebook202204.htm,2022-03-02,0,1,1,0,0,0,1,0,False,"{""growth_delta"": ""Economic activity expanded at a moderate pace since mid-February."", ""inflation_delta"": ""Inflationary pressures remained strong since the last report, with firms continuing to pass swiftly rising input costs through to customers."", ""uncertainty_language"": ""Outlooks for future growth were clouded by the uncertainty created by recent geopolitical developments and rising prices.""}"
2022-05-04,FOMC_statement,https://www.federalreserve.gov/newsevents/pressreleases/monetary20220504a.htm,2022-03-16,1,-1,0,0,1,1,0,0,False,"{""stance_delta"": ""the Committee decided to raise the target range for the federal funds rate to 3/4 to 1 percent"", ""growth_delta"": ""Although overall economic activity edged down in the first quarter"", ""forward_guidance_delta"": ""anticipates that ongoing increases in the target range will be appropriate"", ""balance_sheet_signal"": ""the Committee decided to begin reducing its holdings of Treasury securities and agency debt and agency mortgage-backed securities on June 1, as described in the Plans for Reducing the Size of the Federal Reserve's Balance Sheet""}"
2022-06-01,Beige_Book,https://www.federalreserve.gov/monetarypolicy/beigebook202206.htm,2022-04-20,0,-1,-1,-1,0,0,2,0,False,"{""growth_delta"": ""Four Districts explicitly noted that the pace of growth had slowed since the prior period."", ""inflation_delta"": ""three Districts observed that price increases for their own goods or services had moderated somewhat"", ""labor_delta"": ""One District explicitly reported that the pace of job growth had slowed, but some firms in most of the coastal Districts noted hiring freezes or other signs that market tightness had begun to ease."", ""uncertainty_language"": ""Eight Districts reported that expectations of future growth among their contacts had diminished; contacts in three Districts specifically expressed concerns about a recession.""}"
2022-07-13,Beige_Book,https://www.federalreserve.gov/monetarypolicy/beigebook202207.htm,2022-06-01,0,-1,-1,-1,0,0,1,0,False,"{""growth_delta"": ""Economic activity expanded at a modest pace, on balance, since mid-May; however, several Districts reported growing signs of a slowdown in demand"", ""inflation_delta"": ""three quarters noted moderation in prices for construction inputs such as lumber and steel... price inflation for these categories had slowed compared with recent months but remained historically elevated"", ""labor_delta"": ""nearly all Districts noted modest improvements in labor availability amid weaker demand for workers, particularly among manufacturing and construction contacts"", ""uncertainty_language"": ""contacts in five Districts noted concerns over an increased risk of a recession""}"
2022-07-27,FOMC_statement,https://www.federalreserve.gov/newsevents/pressreleases/monetary20220727a.htm,2022-06-15,1,-1,0,0,0,0,0,0,False,"{""stance_delta"": ""raise the target range for the federal funds rate to 2-1/4 to 2-1/2 percent"", ""growth_delta"": ""Recent indicators of spending and production have softened.""}"
2022-09-07,Beige_Book,https://www.federalreserve.gov/monetarypolicy/beigebook202209.htm,2022-07-13,0,-1,-1,0,0,0,0,0,False,"{""growth_delta"": ""Economic activity was unchanged, on balance, since early July, with five Districts reporting slight to modest growth in activity and five others reporting slight to modest softening."", ""inflation_delta"": ""Price levels remained highly elevated, but nine Districts reported some degree of moderation in their rate of increase.""}"
2022-09-21,FOMC_statement,https://www.federalreserve.gov/newsevents/pressreleases/monetary20220921a.htm,2022-07-27,1,1,0,0,0,0,0,0,False,"{""stance_delta"": ""raise the target range for the federal funds rate to 3 to 3-1/4 percent"", ""growth_delta"": ""Recent indicators point to modest growth in spending and production.""}"
2022-10-19,Beige_Book,https://www.federalreserve.gov/monetarypolicy/beigebook202210.htm,2022-09-07,0,-1,-1,-1,0,0,1,0,False,"{""growth_delta"": ""Outlooks grew more pessimistic amidst growing concerns about weakening demand."", ""inflation_delta"": ""Price growth remained elevated, though some easing was noted across several Districts."", ""labor_delta"": ""Several Districts reported a cooling in labor demand, with some noting that businesses were hesitant to add to payrolls amid increased concerns of an economic downturn."", ""uncertainty_language"": ""Outlooks grew more pessimistic amidst growing concerns about weakening demand.""}"
2022-11-02,FOMC_statement,https://www.federalreserve.gov/newsevents/pressreleases/monetary20221102a.htm,2022-09-21,1,0,0,0,1,0,1,0,False,"{""stance_delta"": ""a stance of monetary policy that is sufficiently restrictive to return inflation to 2 percent over time"", ""forward_guidance_delta"": ""The Committee anticipates that ongoing increases in the target range will be appropriate in order to attain a stance of monetary policy that is sufficiently restrictive to return inflation to 2 percent over time"", ""uncertainty_language"": ""In determining the pace of future increases in the target range, the Committee will take into account the cumulative tightening of monetary policy, the lags with which monetary policy affects economic activity and inflation, and economic and financial developments""}"
2022-11-30,Beige_Book,https://www.federalreserve.gov/monetarypolicy/beigebook202211.htm,2022-10-19,0,-1,-1,-1,0,0,1,1,False,"{""growth_delta"": ""Economic activity was about flat or up slightly since the previous report, down from the modest average pace of growth in the prior Beige Book period."", ""inflation_delta"": ""the pace of price increases slowed on balance, reflecting a combination of improvements in supply chains and weakening demand."", ""labor_delta"": ""Employment grew modestly in most districts, but two Districts reported flat headcounts and labor demand weakened overall."", ""uncertainty_language"": ""many contacts expressed greater uncertainty or increased pessimism concerning the outlook."", ""financial_stability_concern"": ""Regional banks reported weakening loan demand, tightening credit, and rising delinquencies.""}"
2022-12-14,FOMC_statement,https://www.federalreserve.gov/newsevents/pressreleases/monetary20221214a.htm,2022-11-02,0,0,0,0,0,0,0,0,False,{}
2023-01-18,Beige_Book,https://www.federalreserve.gov/monetarypolicy/beigebook202301.htm,2022-11-30,0,0,-1,0,0,0,0,0,False,"{""inflation_delta"": ""Selling prices increased at a modest or moderate pace in most Districts, though many said that the pace of increases had slowed from that of recent reporting periods.""}"
2023-02-01,FOMC_statement,https://www.federalreserve.gov/newsevents/pressreleases/monetary20230201a.htm,2022-12-14,0,0,-1,0,0,0,1,0,False,"{""inflation_delta"": ""Inflation has eased somewhat but remains elevated."", ""uncertainty_language"": ""Russia's war against Ukraine is causing tremendous human and economic hardship and is contributing to elevated global uncertainty.""}"
2023-03-08,Beige_Book,https://www.federalreserve.gov/monetarypolicy/beigebook202303.htm,2023-01-18,0,1,0,0,0,0,1,0,False,"{""growth_delta"": ""Overall economic activity increased slightly in early 2023."", ""uncertainty_language"": ""Amid heightened uncertainty, contacts did not expect economic conditions to improve much in the months ahead.""}"
2023-03-22,FOMC_statement,https://www.federalreserve.gov/newsevents/pressreleases/monetary20230322a.htm,2023-02-01,0,-1,0,0,-1,0,1,1,False,"{""growth_delta"": ""Recent developments are likely to result in tighter credit conditions for households and businesses and to weigh on economic activity, hiring, and inflation."", ""forward_guidance_delta"": ""The Committee anticipates that some additional policy firming may be appropriate"", ""uncertainty_language"": ""The extent of these effects is uncertain."", ""financial_stability_concern"": ""The U.S. banking system is sound and resilient.""}"
2023-04-19,Beige_Book,https://www.federalreserve.gov/monetarypolicy/beigebook202304.htm,2023-03-08,0,-1,-1,-1,0,0,2,2,False,"{""growth_delta"": ""Overall economic activity was little changed in recent weeks. Nine Districts reported either no change or only a slight change in activity this period while three indicated modest growth."", ""inflation_delta"": ""Overall price levels rose moderately during this reporting period, though the rate of price increases appeared to be slowing."", ""labor_delta"": ""Employment growth moderated somewhat this period as several Districts reported a slower pace of growth than in recent Beige Book reports."", ""uncertainty_language"": ""Several Districts noted that banks tightened lending standards amid increased uncertainty and concerns about liquidity."", ""financial_stability_concern"": ""Conditions in the broad finance sector deteriorated sharply coinciding with recent stress in the banking sector.""}"
2023-05-03,FOMC_statement,https://www.federalreserve.gov/newsevents/pressreleases/monetary20230503a.htm,2023-03-22,1,0,0,0,0,0,1,0,False,"{""stance_delta"": ""The Committee decided to raise the target range for the federal funds rate to 5 to 5-1/4 percent."", ""uncertainty_language"": ""The extent of these effects remains uncertain.""}"
2023-05-31,Beige_Book,https://www.federalreserve.gov/monetarypolicy/beigebook20230531.htm,2023-04-19,0,1,-1,0,0,0,1,1,False,"{""growth_delta"": ""Expectations for future growth deteriorated a little, though contacts still largely expected a further expansion in activity."", ""inflation_delta"": ""Prices rose moderately over the reporting period, though the rate of increase slowed in many Districts."", ""uncertainty_language"": ""contacts still largely expected a further expansion in activity."", ""financial_stability_concern"": ""Contacts worried about the debt ceiling and bank failures but maintained positive expectations for growth over the next six months.""}"
2023-06-14,FOMC_statement,https://www.federalreserve.gov/newsevents/pressreleases/monetary20230614a.htm,2023-05-03,0,0,0,0,0,0,0,0,True,{}
2023-07-12,Beige_Book,https://www.federalreserve.gov/monetarypolicy/beigebook202307.htm,2023-05-31,0,1,-1,0,0,0,0,0,False,"{""growth_delta"": ""Overall economic activity increased slightly since late May."", ""inflation_delta"": ""Inflationary pressures eased noticeably.""}"
2023-07-26,FOMC_statement,https://www.federalreserve.gov/newsevents/pressreleases/monetary20230726a.htm,2023-06-14,1,1,0,0,0,0,0,0,False,"{""stance_delta"": ""the Committee decided to raise the target range for the federal funds rate to 5-1/4 to 5-1/2 percent"", ""growth_delta"": ""economic activity has been expanding at a moderate pace""}"
2023-09-06,Beige_Book,https://www.federalreserve.gov/monetarypolicy/beigebook202309.htm,2023-07-12,0,0,0,-1,0,0,1,1,False,"{""labor_delta"": ""Job growth was subdued across the nation."", ""uncertainty_language"": ""some Districts highlighted reports suggesting consumers may have exhausted their savings and are relying more on borrowing to support spending."", ""financial_stability_concern"": ""some Districts reported higher delinquencies on consumer credit lines.""}"
2023-09-20,FOMC_statement,https://www.federalreserve.gov/newsevents/pressreleases/monetary20230920a.htm,2023-07-26,0,1,0,-1,0,0,0,0,False,"{""growth_delta"": ""economic activity has been expanding at a solid pace"", ""labor_delta"": ""Job gains have slowed in recent months but remain strong""}"
2023-10-18,Beige_Book,https://www.federalreserve.gov/monetarypolicy/beigebook202310.htm,2023-09-06,0,-1,-1,0,0,0,1,0,True,"{""growth_delta"": ""The near-term outlook for the economy was generally described as stable or having slightly weaker growth."", ""inflation_delta"": ""Inflationary pressures moderated slightly."", ""uncertainty_language"": ""Expectations of firms for which the holiday shopping season is an important driver of sales were mixed.""}"
2023-11-01,FOMC_statement,https://www.federalreserve.gov/newsevents/pressreleases/monetary20231101a.htm,2023-09-20,0,1,0,0,0,0,0,0,False,"{""growth_delta"": ""economic activity expanded at a strong pace in the third quarter""}"
2023-11-29,Beige_Book,https://www.federalreserve.gov/monetarypolicy/beigebook202311.htm,2023-10-18,0,-1,-1,-1,0,0,1,1,False,"{""growth_delta"": ""On balance, economic activity slowed since the previous report, with four Districts reporting modest growth, two indicating conditions were flat to slightly down, and six noting slight declines in activity."", ""inflation_delta"": ""Price increases largely moderated across Districts, though prices remained elevated."", ""labor_delta"": ""Demand for labor continued to ease, as most Districts reported flat to modest increases in overall employment."", ""uncertainty_language"": ""The economic outlook for the next six to twelve months diminished over the reporting period."", ""financial_stability_concern"": ""Contacts noted an increase in loan defaults for office properties and expected further distress moving forward.""}"
2023-12-13,FOMC_statement,https://www.federalreserve.gov/newsevents/pressreleases/monetary20231213a.htm,2023-11-01,0,-1,-1,0,0,0,0,0,False,"{""growth_delta"": ""Recent indicators suggest that growth of economic activity has slowed from its strong pace in the third quarter."", ""inflation_delta"": ""Inflation has eased over the past year but remains elevated.""}"
2024-01-17,Beige_Book,https://www.federalreserve.gov/monetarypolicy/beigebook202401-summary.htm,2023-11-29,0,1,-1,-1,0,0,1,0,False,"{""growth_delta"": ""A majority of the twelve Federal Reserve Districts reported little or no change in economic activity since the prior Beige Book period. Of the four Districts that differed, three reported modest growth and one reported a moderate decline."", ""inflation_delta"": ""Five Districts also noted that overall price increases had subsided to some degree from the prior period, while three others indicated no significant shift in price pressures."", ""labor_delta"": ""nearly all Districts cited one or more signs of a cooling labor market, such as larger applicant pools, lower turnover rates, more selective hiring by firms, and easing wage pressures."", ""uncertainty_language"": ""concerns about the office market, weakening overall demand, and the 2024 political cycle were often cited as sources of economic uncertainty.""}"
2024-01-31,FOMC_statement,https://www.federalreserve.gov/newsevents/pressreleases/monetary20240131a.htm,2023-12-13,0,1,0,0,1,0,0,0,False,"{""growth_delta"": ""economic activity has been expanding at a solid pace"", ""forward_guidance_delta"": ""The Committee does not expect it will be appropriate to reduce the target range until it has gained greater confidence that inflation is moving sustainably toward 2 percent""}"
2024-03-06,Beige_Book,https://www.federalreserve.gov/monetarypolicy/beigebook202402-summary.htm,2024-01-17,0,1,0,1,0,0,0,0,False,"{""growth_delta"": ""Economic activity increased slightly, on balance, since early January, with eight Districts reporting slight to modest growth in activity, three others reporting no change, and one District noting a slight softening."", ""labor_delta"": ""Employment rose at a slight to modest pace in most Districts. Overall, labor market tightness eased further, with nearly all Districts highlighting some improvement in labor availability and employee retention.""}"
2024-03-20,FOMC_statement,https://www.federalreserve.gov/newsevents/pressreleases/monetary20240320a.htm,2024-01-31,0,0,0,1,0,0,0,0,False,"{""labor_delta"": ""Job gains have remained strong, and the unemployment rate has remained low.""}"
2024-04-17,Beige_Book,https://www.federalreserve.gov/monetarypolicy/beigebook202404-summary.htm,2024-03-06,0,1,0,0,0,0,0,0,False,"{""growth_delta"": ""Overall economic activity expanded slightly, on balance, since late February. Ten out of twelve Districts experienced either slight or modest economic growth—up from eight in the previous report""}"
2024-05-01,FOMC_statement,https://www.federalreserve.gov/newsevents/pressreleases/monetary20240501a.htm,2024-03-20,0,0,1,0,0,1,0,0,False,"{""inflation_delta"": ""In recent months, there has been a lack of further progress toward the Committee's 2 percent inflation objective."", ""balance_sheet_signal"": ""Beginning in June, the Committee will slow the pace of decline of its securities holdings by reducing the monthly redemption cap on Treasury securities from $60 billion to $25 billion.""}"
2024-05-29,Beige_Book,https://www.federalreserve.gov/monetarypolicy/beigebook202405-summary.htm,2024-04-17,0,-1,0,-1,0,0,2,0,False,"{""growth_delta"": ""Overall outlooks grew somewhat more pessimistic amid reports of rising uncertainty and greater downside risks."", ""labor_delta"": ""Hiring plans were mixed—a couple of Districts expect a continuation of modest job gains, while others noted a pullback in hiring expectations amid weaker business demand and reluctance due to the uncertain economic environment."", ""uncertainty_language"": ""Overall outlooks grew somewhat more pessimistic amid reports of rising uncertainty and greater downside risks.""}"
2024-06-12,FOMC_statement,https://www.federalreserve.gov/newsevents/pressreleases/monetary20240612a.htm,2024-05-01,0,0,1,0,0,-1,0,0,False,"{""inflation_delta"": ""In recent months, there has been modest further progress toward the Committee's 2 percent inflation objective."", ""balance_sheet_signal"": ""The Committee will continue reducing its holdings of Treasury securities and agency debt and agency mortgage-backed securities.""}"
2024-07-17,Beige_Book,https://www.federalreserve.gov/monetarypolicy/beigebook202407-summary.htm,2024-05-29,0,-1,0,-1,0,0,1,0,False,"{""growth_delta"": ""five noted flat or declining activity—three more than in the prior reporting period"", ""labor_delta"": ""Several Districts reported declines in employment in the manufacturing sector due to slowdowns in new orders"", ""uncertainty_language"": ""Expectations for the future of the economy were for slower growth over the next six months due to uncertainty around the upcoming election, domestic policy, geopolitical conflict, and inflation""}"
2024-07-31,FOMC_statement,https://www.federalreserve.gov/newsevents/pressreleases/monetary20240731a.htm,2024-06-12,0,0,0,-1,0,0,0,0,False,"{""labor_delta"": ""Job gains have moderated, and the unemployment rate has moved up but remains low.""}"
2024-09-04,Beige_Book,https://www.federalreserve.gov/monetarypolicy/beigebook202408-summary.htm,2024-07-17,0,-2,-1,-1,0,0,1,0,False,"{""growth_delta"": ""Economic activity grew slightly in three Districts, while the number of Districts that reported flat or declining activity rose from five in the prior period to nine in the current period."", ""inflation_delta"": ""On balance, prices increased modestly in the most recent reporting period. However, three Districts reported only slight increases in selling prices."", ""labor_delta"": ""Employers were more selective with their hires and less likely to expand their workforces, citing concerns about demand and an uncertain economic outlook. Accordingly, candidates faced increasing difficulties and longer times to secure a job."", ""uncertainty_language"": ""contacts generally expected price and cost pressures to stabilize or ease further in the coming months.""}"
2024-09-18,FOMC_statement,https://www.federalreserve.gov/newsevents/pressreleases/monetary20240918a.htm,2024-07-31,-1,0,1,0,-1,0,0,0,False,"{""stance_delta"": ""the Committee decided to lower the target range for the federal funds rate by 1/2 percentage point to 4-3/4 to 5 percent"", ""inflation_delta"": ""The Committee has gained greater confidence that inflation is moving sustainably toward 2 percent"", ""forward_guidance_delta"": ""In considering additional adjustments to the target range for the federal funds rate, the Committee will carefully assess incoming data, the evolving outlook, and the balance of risks""}"
2024-10-23,Beige_Book,https://www.federalreserve.gov/monetarypolicy/beigebook202410-summary.htm,2024-09-04,0,1,-1,1,0,0,1,0,False,"{""growth_delta"": ""On balance, economic activity was little changed in nearly all Districts since early September, though two Districts reported modest growth."", ""inflation_delta"": ""Inflation continued to moderate with selling prices reportedly increasing at a slight or modest pace in most Districts."", ""labor_delta"": ""On balance, employment increased slightly during this reporting period, with more than half of the Districts reporting slight or modest growth and the remaining Districts reporting little or no change."", ""uncertainty_language"": ""Despite elevated uncertainty, contacts were somewhat more optimistic about the longer-term outlook.""}"
2024-11-07,FOMC_statement,https://www.federalreserve.gov/newsevents/pressreleases/monetary20241107a.htm,2024-09-18,-1,0,0,0,0,0,0,0,False,"{""stance_delta"": ""lower the target range for the federal funds rate by 1/4 percentage point to 4-1/2 to 4-3/4 percent""}"
2024-12-04,Beige_Book,https://www.federalreserve.gov/monetarypolicy/beigebook202411-summary.htm,2024-10-23,0,1,0,-1,0,0,1,0,False,"{""growth_delta"": ""Economic activity rose slightly in most Districts. Three regions exhibited modest or moderate growth that offset flat or slightly declining activity in two others."", ""labor_delta"": ""Employment levels were flat or up only slightly across Districts. Hiring activity was subdued as worker turnover remained low and few firms reported increasing their headcount."", ""uncertainty_language"": ""but many were cautious in their optimism about any pickup in hiring activity.""}"
2024-12-18,FOMC_statement,https://www.federalreserve.gov/newsevents/pressreleases/monetary20241218a.htm,2024-11-07,0,0,0,0,0,0,0,0,False,{}
2025-01-15,Beige_Book,https://www.federalreserve.gov/monetarypolicy/beigebook202501-summary.htm,2024-12-04,0,1,0,1,0,0,1,1,False,"{""growth_delta"": ""Economic activity increased slightly to moderately across the twelve Federal Reserve Districts in late November and December."", ""labor_delta"": ""Employment ticked up on balance, with six Districts reporting a slight increase and six reporting no change."", ""uncertainty_language"": ""contacts in several Districts expressed concerns that changes in immigration and tariff policy could negatively affect the economy."", ""financial_stability_concern"": ""lenders and community organizations voiced concerns about delinquencies among small businesses and lower-income households.""}"
2025-01-29,FOMC_statement,https://www.federalreserve.gov/newsevents/pressreleases/monetary20250129a.htm,2024-12-18,1,0,0,1,0,0,0,0,False,"{""stance_delta"": ""the Committee decided to maintain the target range for the federal funds rate at 4-1/4 to 4-1/2 percent"", ""labor_delta"": ""The unemployment rate has stabilized at a low level in recent months, and labor market conditions remain solid""}"
2025-03-05,Beige_Book,https://www.federalreserve.gov/monetarypolicy/beigebook202502-summary.htm,2025-01-15,0,-1,1,-1,0,0,2,0,False,"{""growth_delta"": ""Overall economic activity rose slightly since mid-January. Six Districts reported no change, four reported modest or moderate growth, and two noted slight contractions."", ""inflation_delta"": ""Prices increased moderately in most Districts, but several Districts reported an uptick in the pace of increase relative to the previous reporting period."", ""labor_delta"": ""Employment nudged slightly higher on balance, with four Districts reporting a slight increase, seven reporting no change, and one reporting a slight decline."", ""uncertainty_language"": ""Contacts in multiple Districts said rising uncertainty over immigration and other matters was influencing current and future labor demand.""}"
2025-03-19,FOMC_statement,https://www.federalreserve.gov/newsevents/pressreleases/monetary20250319a.htm,2025-01-29,0,0,0,0,0,-1,1,0,False,"{""balance_sheet_signal"": ""Beginning in April, the Committee will slow the pace of decline of its securities holdings by reducing the monthly redemption cap on Treasury securities from $25 billion to $5 billion."", ""uncertainty_language"": ""Uncertainty around the economic outlook has increased.""}"
2025-04-23,Beige_Book,https://www.federalreserve.gov/monetarypolicy/beigebook202504-summary.htm,2025-03-05,0,-1,1,-1,0,0,2,0,False,"{""growth_delta"": ""Economic activity was little changed since the previous report... four Districts reported slight to modest declines."", ""inflation_delta"": ""Price increases picked up to the higher end of the moderate range."", ""labor_delta"": ""This is a slight deterioration from the previous report with a few more Districts reporting declines."", ""uncertainty_language"": ""outlook in several Districts worsened considerably as economic uncertainty, particularly surrounding tariffs, rose""}"
2025-05-07,FOMC_statement,https://www.federalreserve.gov/newsevents/pressreleases/monetary20250507a.htm,2025-03-19,0,0,0,0,0,-1,1,0,False,"{""balance_sheet_signal"": ""The Committee will continue reducing its holdings of Treasury securities and agency debt and agency mortgage-backed securities."", ""uncertainty_language"": ""Uncertainty about the economic outlook has increased further.""}"
2025-06-04,Beige_Book,https://www.federalreserve.gov/monetarypolicy/beigebook202505-summary.htm,2025-04-23,0,-1,1,-1,0,0,1,0,False,"{""growth_delta"": ""Reports across the twelve Federal Reserve Districts indicate that economic activity has declined slightly since the previous report."", ""inflation_delta"": ""Prices have increased at a moderate pace since the previous report. There were widespread reports of contacts expecting costs and prices to rise at a faster rate going forward."", ""labor_delta"": ""All Districts described lower labor demand, citing declining hours worked and overtime, hiring pauses, and staff reduction plans."", ""uncertainty_language"": ""All Districts reported elevated levels of economic and policy uncertainty, which have led to hesitancy and a cautious approach to business and household decisions.""}"
2025-07-16,Beige_Book,https://www.federalreserve.gov/monetarypolicy/beigebook202507-summary.htm,2025-06-04,0,1,0,1,0,0,0,0,False,"{""growth_delta"": ""Economic activity increased slightly from late May through early July."", ""labor_delta"": ""Employment increased very slightly overall, with one District noting modest increases, six reporting slight increases, three no change, and two noting slight declines.""}"
2025-07-30,FOMC_statement,https://www.federalreserve.gov/newsevents/pressreleases/monetary20250730a.htm,2025-06-18,0,-1,0,0,0,0,1,0,False,"{""growth_delta"": ""recent indicators suggest that growth of economic activity moderated in the first half of the year"", ""uncertainty_language"": ""Uncertainty about the economic outlook remains elevated""}"
2025-09-03,Beige_Book,https://www.federalreserve.gov/monetarypolicy/beigebook202508-summary.htm,2025-07-16,0,-1,1,-1,0,0,1,0,False,"{""growth_delta"": ""Most of the twelve Federal Reserve Districts reported little or no change in economic activity since the prior Beige Book period—the four Districts that differed reported modest growth."", ""inflation_delta"": ""The other two Districts described strong input price growth that outpaced moderate or modest selling price growth."", ""labor_delta"": ""Eleven Districts described little or no net change in overall employment levels, while one District described a modest decline."", ""uncertainty_language"": ""Contacts frequently cited economic uncertainty and tariffs as negative factors.""}"
2025-09-17,FOMC_statement,https://www.federalreserve.gov/newsevents/pressreleases/monetary20250917a.htm,2025-07-30,-1,0,1,-1,0,0,0,0,False,"{""stance_delta"": ""the Committee decided to lower the target range for the federal funds rate by 1/4 percentage point to 4 to 4â1/4 percent"", ""inflation_delta"": ""Inflation has moved up and remains somewhat elevated"", ""labor_delta"": ""Job gains have slowed, and the unemployment rate has edged up but remains low""}"
2025-10-15,Beige_Book,https://www.federalreserve.gov/monetarypolicy/beigebook202510-summary.htm,2025-09-03,0,-1,1,0,0,0,1,0,False,"{""growth_delta"": ""Economic activity changed little on balance since the previous report, with three Districts reporting slight to modest growth in activity, five reporting no change, and four noting a slight softening."", ""inflation_delta"": ""Prices rose further during the reporting period."", ""uncertainty_language"": ""many others continued to expect elevated uncertainty to weigh down activity. One District report highlighted the downside risk to growth from a prolonged government shutdown.""}"
2025-10-29,FOMC_statement,https://www.federalreserve.gov/newsevents/pressreleases/monetary20251029a.htm,2025-09-17,0,1,0,0,0,2,0,0,False,"{""growth_delta"": ""economic activity has been expanding at a moderate pace"", ""balance_sheet_signal"": ""The Committee decided to conclude the reduction of its aggregate securities holdings on December 1.""}"
2025-11-26,Beige_Book,https://www.federalreserve.gov/monetarypolicy/beigebook202511-summary.htm,2025-10-15,0,-1,-1,-1,0,0,1,0,False,"{""growth_delta"": ""Economic activity was little changed since the previous report, according to most of the twelve Federal Reserve Districts, though two Districts noted a modest decline and one reported modest growth."", ""inflation_delta"": ""Prices rose moderately during the reporting period."", ""labor_delta"": ""Employment declined slightly over the current period with around half of Districts noting weaker labor demand."", ""uncertainty_language"": ""Some contacts noted an increased risk of slower activity in coming months, while some optimism was noted among manufacturers.""}"
2025-12-10,FOMC_statement,https://www.federalreserve.gov/newsevents/pressreleases/monetary20251210a.htm,2025-10-29,0,0,0,0,0,1,0,0,False,"{""balance_sheet_signal"": ""The Committee judges that reserve balances have declined to ample levels and will initiate purchases of shorter-term Treasury securities as needed to maintain an ample supply of reserves on an ongoing basis.""}"
2026-01-14,Beige_Book,https://www.federalreserve.gov/monetarypolicy/beigebook202601-summary.htm,2025-11-26,0,1,1,1,0,0,0,0,False,"{""growth_delta"": ""Overall economic activity increased at a slight to modest pace in eight of the twelve Federal Reserve Districts, with three Districts reporting no change and one reporting a modest decline. This marks an improvement over the last three report cycles where a majority of Districts reported little change."", ""inflation_delta"": ""Prices grew at a moderate rate across a large majority of Districts, with only two Districts reporting slight price growth."", ""labor_delta"": ""Employment was mostly unchanged in the most recent period, with eight of the twelve Districts reporting no changes in hiring.""}"
2026-01-28,FOMC_statement,https://www.federalreserve.gov/newsevents/pressreleases/monetary20260128a.htm,2025-12-10,1,1,0,1,0,-1,0,0,False,"{""stance_delta"": ""the Committee decided to maintain the target range for the federal funds rate at 3‑1/2 to 3‑3/4 percent"", ""growth_delta"": ""economic activity has been expanding at a solid pace"", ""labor_delta"": ""the unemployment rate has shown some signs of stabilization"", ""balance_sheet_signal"": ""The Committee judges that reserve balances have declined to ample levels and will initiate purchases of shorter-term Treasury securities as needed to maintain an ample supply of reserves on an ongoing basis.""}"
2026-03-04,Beige_Book,https://www.federalreserve.gov/monetarypolicy/beigebook202602-summary.htm,2026-01-14,0,-1,0,-1,0,0,1,0,False,"{""growth_delta"": ""Overall economic activity increased at a slight to moderate pace in seven of the twelve Federal Reserve Districts, while the number of Districts reporting flat or declining activity increased from four in the prior period to five in the current period."", ""labor_delta"": ""Employment levels were generally stable in recent weeks as seven of the twelve Districts reported no change in hiring. Contacts in several Districts cited rising nonlabor input costs, softer demand, or uncertainty about overall economic conditions as reasons for flat or lower employment levels."", ""uncertainty_language"": ""many noted that sales were dampened by economic uncertainty, increased price sensitivity, and lower-income consumers pulling back on spending.""}"
2026-03-18,FOMC_statement,https://www.federalreserve.gov/newsevents/pressreleases/monetary20260318a.htm,2026-01-28,0,0,0,0,0,0,1,0,False,"{""uncertainty_language"": ""The implications of developments in the Middle East for the U.S. economy are uncertain.""}"
2026-04-15,Beige_Book,https://www.federalreserve.gov/monetarypolicy/beigebook202604-summary.htm,2026-03-04,0,0,1,0,0,0,2,0,False,"{""inflation_delta"": ""Energy and fuel costs rose sharply in all Districts, attributed to the Middle East conflict, leading to higher freight and shipping costs and higher prices for plastics, fertilizers, and other petroleum-based products."", ""uncertainty_language"": ""The conflict in the Middle East was cited as a major source of uncertainty that complicated decision-making around hiring, pricing, and capital investment, with many firms adopting a wait-and-see posture.""}"
2026-04-29,FOMC_statement,https://www.federalreserve.gov/newsevents/pressreleases/monetary20260429a.htm,2026-03-18,0,0,1,0,0,0,1,0,False,"{""inflation_delta"": ""Inflation is elevated, in part reflecting the recent increase in global energy prices."", ""uncertainty_language"": ""Developments in the Middle East are contributing to a high level of uncertainty about the economic outlook.""}"
2026-06-03,Beige_Book,https://www.federalreserve.gov/monetarypolicy/beigebook202605-summary.htm,2026-04-15,0,1,1,0,0,0,1,1,False,"{""growth_delta"": ""Economic activity increased at a slight to moderate pace for ten of the twelve Federal Reserve Districts"", ""inflation_delta"": ""Prices increased at a moderate to strong pace overall, with most Districts reporting higher inflation than the previous report"", ""uncertainty_language"": ""business outlooks for the next six months were reported to have little change in anticipated growth, as elevated uncertainty and signs of weakening consumer spending weighed on sentiment"", ""financial_stability_concern"": ""residential mortgages, consumer, and agricultural loan delinquencies were noted as rising in several of the Districts""}"
2026-06-17,FOMC_statement,https://www.federalreserve.gov/newsevents/pressreleases/monetary20260617a.htm,2026-04-29,0,1,0,1,0,0,0,0,False,"{""growth_delta"": ""Economic activity is expanding at a solid pace despite elevated uncertainty that owes, in part, to the conflict in the Middle East. Productivity growth and capital investment are strong."", ""labor_delta"": ""Job gains have kept pace with the workforce, and the unemployment rate has changed little.""}"
2026-07-15,Beige_Book,https://www.federalreserve.gov/monetarypolicy/beigebook202607-summary.htm,2026-06-03,0,1,-1,1,0,0,0,0,False,"{""growth_delta"": ""Economic activity increased at a slight to moderate pace in eleven of twelve Federal Reserve Districts"", ""inflation_delta"": ""price growth was the same or slower in all Districts"", ""labor_delta"": ""Employment rose on balance, with five Districts showing modest, moderate, or solid gains in employment, and with seven Districts experiencing little to no change. In the previous report, only one District had modest, moderate, or solid employment gains.""}"
